// File: 'icomoon.ttf' (182068 bytes)
// Exported using binary_to_compressed_c.cpp
static const unsigned int cs2_icons_compressed_size = 111105;
static const unsigned int cs2_icons_compressed_data[111108/4] =
{
    0x0000bc57, 0x00000000, 0x34c70200, 0x00000400, 0x00010033, 0x000b0000, 0x00030080, 0x2f534f30, 0x09120f32, 0x2011823d, 0x2c0382bc, 0x616d6360, 
    0xd3561770, 0x01000016, 0x240f821c, 0x73616754, 0x20078270, 0x830f8210, 0x67082807, 0x3d66796c, 0x8253ecad, 0x0078300f, 0x68f4be02, 0x31646165, 
    0x009f93e8, 0x826cc002, 0x68362127, 0x11231082, 0x82030e75, 0x82a4200f, 0x6824260f, 0xb478746d, 0x320982d0, 0x00c8c002, 0x6c500200, 0x0061636f, 
    0x00343ca7, 0x8218c302, 0x6d542b0f, 0x00707861, 0x00de14ac, 0x3f83c502, 0x616e2028, 0x4a99656d, 0x0f82fb09, 0x63828c20, 0x6f708624, 0xa7827473, 
    0xc7212a82, 0x28458214, 0x06030020, 0x00900184, 0x22108205, 0x82cc0299, 0x028f2111, 0x01250784, 0x013300eb, 0x8b0f8209, 0x82012002, 0x2f0f8bb6, 
    0x00400000, 0x038fe900, 0x00c0ffc0, 0x00c00340, 0x00210d82, 0x20208a01, 0x200b8420, 0x83058203, 0x821c2003, 0x2007851b, 0x24258403, 0x0004001c, 
    0x241b8238, 0x0008000a, 0x28018202, 0xe9200001, 0xfffdff8f, 0x201382ff, 0x200b8200, 0x250b8400, 0x17e3ff01, 0x31850004, 0x04821884, 0x01000122, 
    0x0f2a2582, 0x00000100, 0x0000c0ff, 0x3d82c003, 0x39370022, 0x00200e82, 0x022013a8, 0x0b213b83, 0x223b820b, 0x82f800de, 0x17152336, 0x0283011e, 
    0x0706142d, 0x2223010e, 0x07232726, 0x82072127, 0x82212005, 0x2612860f, 0x012f012e, 0x86161423, 0x83222029, 0x23198229, 0x27012e07, 0x26200285, 
    0x27221184, 0x1582010e, 0x21881283, 0x57841182, 0x26060722, 0x34241783, 0x013e3736, 0x33200285, 0x2e206982, 0x65852f83, 0x05210586, 0x231f8503, 
    0x14173236, 0x3f212b83, 0x219c8401, 0x38863233, 0x17013f23, 0x21448721, 0x1b840533, 0x33209483, 0x3b200987, 0x63855d86, 0x33013d24, 0x8b840701, 
    0xbc841520, 0x84013b21, 0x34352147, 0x47088c83, 0x032dcf0a, 0x03020204, 0x04030301, 0x0603070a, 0x27140e04, 0x1310bffe, 0x97fe03e6, 0x0810072b, 
    0x06030b08, 0x0404050c, 0x0ea41002, 0x1a260b0e, 0x01314b1a, 0x1408090b, 0x101b0a0c, 0x1c214424, 0x321e1e39, 0x05060313, 0x34084482, 0x0f1c0e24, 
    0x11101c0c, 0x0b011020, 0x0c160b0a, 0x0b0b170c, 0x0b0b0410, 0x0e0d180a, 0x0e0b0c19, 0x07090903, 0x120a0a11, 0x020b0908, 0x07090a02, 0x0c01090f, 
    0x0846820b, 0x1424105f, 0x30142914, 0xe5fe3b6b, 0x0d160a18, 0x0e0f1a0b, 0x1a1a111e, 0xae203a1b, 0x0f081108, 0x0f040a19, 0x0d1a0c0b, 0x6d12220f, 
    0x04980209, 0x04070203, 0x010a0e05, 0x080e07ff, 0x06060c05, 0x08d6050b, 0x0f060810, 0x050b0707, 0x0a070ebc, 0x04080403, 0x02020503, 0xa0f93102, 
    0x07110a40, 0x82008206, 0x09402477, 0x8205060e, 0x0e062d00, 0x04813203, 0x03050a05, 0x06030407, 0x3508f582, 0x0f240202, 0x17140e14, 0x03030904, 
    0x01010202, 0x1e0b0203, 0x3e1c203f, 0x23452322, 0x1f0f0d0e, 0x182c1310, 0x1d233a18, 0x672b2c49, 0x0301023c, 0x06020501, 0xef820a08, 0x02024508, 
    0x09090d0e, 0x0f0e1809, 0x23111321, 0x04050112, 0x01010504, 0x1c070706, 0x11130216, 0x12122010, 0x0e0f0f20, 0x05080707, 0x03040102, 0x06060903, 
    0x0e08070d, 0x16281107, 0x0752015d, 0x0704030b, 0x01040302, 0x05347082, 0x05030b02, 0x04060503, 0x05060303, 0x5d070a03, 0x0103020a, 0x28080282, 
    0x02050201, 0x04010305, 0x01030302, 0x0809130b, 0x0707080e, 0x0b160d04, 0x09091108, 0x0908020c, 0xf5fe0801, 0x07060501, 0x821a8210, 0x080282e4, 
    0x09080e2b, 0x06060710, 0x07000000, 0xc0ff0000, 0xc003eb03, 0x08000300, 0x1d001000, 0x27002200, 0x00002b00, 0x05152101, 0x23153325, 0x2b048235, 
    0x15213533, 0x39272133, 0x15232701, 0x37081282, 0x05113315, 0x25030511, 0x21152117, 0x35210535, 0xfc9f0321, 0xfc8e0372, 0x0162627f, 0xfe4dfd2f, 
    0x9e024373, 0x66692501, 0x37fc4b23, 0xfc026b03, 0x2c015497, 0x2d01d4fe, 0x21080382, 0x409e022c, 0x3030fc64, 0x6464350a, 0xfb313001, 0x9ea201a7, 
    0x010533fe, 0x31e85a78, 0x00328131, 0x8f830d00, 0x82e80421, 0x8204208f, 0x0014378d, 0x001c0018, 0x00310024, 0x003b0036, 0x0044003f, 0x00540050, 
    0x84821300, 0x33133525, 0x85352335, 0x27272503, 0x25233517, 0x0120b082, 0xaf871882, 0xae822520, 0xaa820720, 0x1121b282, 0x83af8d31, 0x2e3f9026, 
    0x02585898, 0x0e0c0c59, 0x6a0e590e, 0x8510046a, 0x636321d1, 0x2620d188, 0x4c27d082, 0x6b0336fc, 0x8796fc01, 0xd54e08d0, 0x84fd2b01, 0x53025252, 
    0x0c0c0b0b, 0x64640d53, 0x2e2ee502, 0x2e5f92fd, 0x09d02f1c, 0x20490d2e, 0x08016844, 0x69383e33, 0x01330169, 0xb0f9fe33, 0xfea6b701, 0x8a01051c, 
    0x3434f35f, 0xb9013487, 0xebfd2727, 0x28182851, 0x0a2609b2, 0x0082003e, 0xff830b20, 0x82180621, 0x009d3fff, 0x00c700af, 0x010301d8, 0x0164015e, 
    0x019b0177, 0x00b801b4, 0x012e0100, 0x31012e27, 0x05842630, 0x0e070622, 0x05860b82, 0x07201191, 0x07211983, 0x05894406, 0x0630313b, 0x17161415, 
    0x3e373616, 0x30153101, 0x16060706, 0x31361415, 0x15143037, 0x84228414, 0x34352719, 0x36303136, 0x56833a33, 0x2b823782, 0x27255683, 0x34353630, 
    0x200c8226, 0x83098231, 0x30372106, 0x0d854684, 0x26363724, 0x0f832627, 0x06252723, 0x83408226, 0x16302120, 0x72823d82, 0xa0833720, 0x3184ac85, 
    0x01221787, 0xbb832606, 0x33224782, 0x27821632, 0x0e130723, 0x83918201, 0x23318309, 0x26222322, 0x7b828782, 0x52825985, 0x3a843720, 0x07213482, 
    0x84fd8605, 0x2223211d, 0x3d84fe86, 0x4d841620, 0x2220d182, 0xde82eb82, 0x06141723, 0x07ee4415, 0x15215b82, 0x06964506, 0x9083a284, 0x16363722, 
    0x8205fe44, 0x28c7826d, 0x31363201, 0x14372606, 0x222c8206, 0x84012a23, 0x31162114, 0x37219a82, 0x0668411e, 0x84060721, 0x363423ec, 0x89413e35, 
    0x33322105, 0x17213382, 0x209d8207, 0x83b98317, 0x16172254, 0x23b68236, 0x17323031, 0x14313582, 0x37270706, 0x18061733, 0x12111e01, 0x14142e12, 
    0x08118239, 0x0b15085d, 0x1427180a, 0x18235f18, 0x0b1b2818, 0x0b0c0d0a, 0x28121305, 0x01010f10, 0x0603032a, 0x06070217, 0x02060506, 0x07010216, 
    0x010c0b0e, 0xc5c53b01, 0x0e10105a, 0x0b0a0d04, 0x02010103, 0x0d0c0c0f, 0x05010102, 0x02010309, 0x02010a05, 0x0b0b0103, 0x13080203, 0x0b080801, 
    0x82040404, 0x0931081a, 0xfd011309, 0x080e26c0, 0x191a0808, 0x120b0a0b, 0x11291262, 0x0a180a09, 0x1d110808, 0x463f2425, 0x01042d01, 0x0219090a, 
    0x190b0a16, 0x0a490411, 0x083f8202, 0x08080f3c, 0x0b0a1801, 0x06050424, 0x01101032, 0x0b2e0203, 0x1f16330a, 0x01220c0c, 0xfc090d01, 0x03030686, 
    0x2b030316, 0x485d3131, 0x0e342073, 0x11111223, 0x11191a20, 0x0108020a, 0x00820105, 0x01044308, 0x010a1308, 0x0a03080e, 0x13360d0b, 0x1b601625, 
    0x030c3f1b, 0x1009050b, 0x04010202, 0xfe040d0d, 0x172a1035, 0x1e08a32b, 0x2a120b0b, 0x071c0908, 0x03140101, 0x0e0e4004, 0x1c111211, 0x0301090e, 
    0xbb820104, 0x46032e08, 0x02631818, 0x72030129, 0x0f022427, 0x08020103, 0x08040511, 0x2a151121, 0x01012332, 0xcc02113d, 0x1a1b5742, 0x04040a08, 
    0x07070607, 0x24f48209, 0x03020114, 0x370d8233, 0x0808110c, 0x050b0209, 0x28441819, 0x8a462227, 0x0b210d0e, 0x05560505, 0xf708b882, 0x0f3e0102, 
    0x045d0809, 0x32070d04, 0x08070505, 0x05052808, 0x15020304, 0x06190a0b, 0x0f0a0919, 0x05100707, 0x03180206, 0x0d2b0d0e, 0x1704210d, 0x05030a09, 
    0x15151630, 0x05051609, 0x10050609, 0x2e2f0605, 0x0e435f2d, 0x0d0e1a06, 0x1408082f, 0x2c13121c, 0x150e3910, 0x1e12132f, 0x1708080b, 0x01131311, 
    0x0f7cfd3a, 0x03020303, 0x2b01014d, 0x2176010e, 0x1811122a, 0x22050613, 0x12111f02, 0x54161534, 0x17753938, 0x07092416, 0x28711010, 0x78226728, 
    0x1713133d, 0x255b2626, 0x37233026, 0x05060672, 0x04020711, 0x0903030c, 0x02060d20, 0x03030304, 0x03060b05, 0x4e290304, 0x28160a04, 0x0a06050f, 
    0x1008070b, 0x0b0b0d15, 0x04030c4b, 0x0d160d06, 0x01011f15, 0xfafe1d02, 0x490c0d01, 0x2b010b0c, 0x0e010808, 0x157d0d07, 0x0b0b121d, 0x100a0b1a, 
    0x20490a0e, 0x29088e82, 0x05040a07, 0x0c160b08, 0x0f771407, 0x020f260d, 0x2a03020a, 0x01070101, 0x2d090d02, 0x1312a20d, 0x05000000, 0xc0ff0000, 
    0x77444003, 0x4402200a, 0x6d43356b, 0x556b4405, 0x3e373428, 0x26363701, 0x08832627, 0x25656b44, 0x1d024003, 0xb5431112, 0x06072605, 0x0b0b1508, 
    0x09b54317, 0x0c0b2908, 0x12060a0d, 0x0f102713, 0x02032a02, 0x06031807, 0x06050607, 0x01011601, 0x0c0a0f06, 0xc53b0102, 0x10105bc4, 0x0b0c040e, 
    0x2107b443, 0xb443010c, 0x06012605, 0x0303010b, 0x31248201, 0x08130803, 0x04040b09, 0x0a010105, 0xfd011309, 0xb24325bf, 0x0b0a3b05, 0x1362120b, 
    0x090a1128, 0x08080a19, 0x24241e11, 0x2c014640, 0x09090104, 0x85820219, 0x12192508, 0x02094904, 0x0f080303, 0x17010808, 0x04240b0a, 0x10320506, 
    0x03020110, 0x320b0a2e, 0x0c0c1f17, 0x0c020122, 0x21242843, 0x28432827, 0x09082111, 0x211f2843, 0x28430219, 0x07174769, 0x42c10521, 0xc830069f, 
    0x0401d900, 0x66016001, 0x9d017901, 0xbb01b601, 0x2615ab42, 0x010e0722, 0x47223031, 0xab427417, 0x47072037, 0x01203b18, 0x22591847, 0x47160131, 
    0x27225719, 0x6443c105, 0x1631080c, 0x27170b0a, 0x22601814, 0x1a281918, 0x0d0c0b0b, 0x1312050b, 0x01100f28, 0x03022b01, 0x07021706, 0x05050607, 
    0x02011602, 0x0c0b0e07, 0xc43b0201, 0x246543c5, 0x430c0821, 0x0f200b65, 0x22051847, 0x43110a0b, 0x13220f65, 0x66433f01, 0x0a0b2116, 0x2e156643, 
    0x05defc0a, 0x03160304, 0x31312c02, 0x4774475d, 0x142c2019, 0x1c601624, 0x030b3f1b, 0x0f0a050b, 0x260e1947, 0x120b0c1d, 0x4708092a, 0x3f210619, 
    0x1a19470f, 0x47021021, 0x2a081019, 0x43d1024f, 0x071b1b56, 0x0704040a, 0x0a070606, 0x02140908, 0x06043302, 0x08110b07, 0x0b020a08, 0x44191805, 
    0x46232727, 0x470e0d8a, 0x08220c18, 0x18475e08, 0x09062106, 0x43151847, 0x0e2205ef, 0x18470321, 0x09162a07, 0x09060515, 0x06100505, 0x05184705, 
    0x0d1a053f, 0x08082f0d, 0x13131b14, 0x0f39102b, 0x13132f15, 0x08080c1d, 0x12131116, 0xfd0e3b01, 0x0519478a, 0x47020221, 0x11250519, 0x05141712, 
    0x07194706, 0x38385532, 0x23171775, 0x1010070a, 0x67282872, 0x3ed9fe22, 0x210d1a47, 0x1a471006, 0x03012109, 0x053e0082, 0x0503050c, 0x044d2a02, 
    0x0f28150b, 0x0b090606, 0x15100807, 0x4b0c0b0c, 0x0604040b, 0x1a47170c, 0xfe1c2505, 0x0c0101fb, 0x2c0b1b47, 0x121d147c, 0x0a1b0b0b, 0x090e100a, 
    0x0c1b474a, 0x0f76152f, 0x020f260d, 0x29030109, 0x02070102, 0x061b4701, 0x1b470120, 0x0d7b4406, 0x016f0410, 0xc0b84306, 0x39c62e43, 0x00060000, 
    0x02c0ff00, 0x00c0036e, 0x0061005b, 0x00980074, 0x00b600b1, 0x10462500, 0x6e0221b5, 0x20874f45, 0x8a8744f7, 0x0000023e, 0x6d09c0ff, 0x3000c003, 
    0x00009201, 0x07010e01, 0x1415010e, 0x06161716, 0x2f220623, 0x2b210f82, 0x0a4b5401, 0x011e1725, 0x4e321617, 0x372c05dc, 0x23272636, 0x33321625, 
    0x33373632, 0x15221882, 0x3b820614, 0x2e012b2d, 0x26222701, 0x0f062223, 0x82272301, 0x010e2101, 0x26244182, 0x0705012f, 0x07210c82, 0x27228223, 
    0x1e011f07, 0x010e1501, 0x07233382, 0x8315011c, 0x06f95452, 0x26012f23, 0x545c8536, 0x0e8407d6, 0xdf545182, 0x549d8405, 0x232208ae, 0x26822622, 
    0x8508cf54, 0x34352308, 0x2c8a2726, 0x6a820f20, 0x6183b484, 0x06223983, 0x4e823726, 0x6d820284, 0x010f2223, 0x85448306, 0x830f2053, 0x84c68792, 
    0x2086855c, 0x82958735, 0x25332262, 0x25688535, 0x23351733, 0x83820616, 0x23012f3b, 0x012e2307, 0x37363435, 0x013f1733, 0x3233013e, 0x35371516, 
    0x17163237, 0x322a8215, 0x3317013b, 0x33153335, 0x23150715, 0x33172335, 0x8515011e, 0x8b148310, 0x15172303, 0x2f862117, 0x16363723, 0x820a8417, 
    0x043a0843, 0x020302a2, 0x01010404, 0x03030301, 0x010f090c, 0x031d0203, 0x04020104, 0x191d0402, 0x04050206, 0x290c0609, 0x0c22161d, 0x03333a09, 
    0x04660b08, 0x05080167, 0x3b050804, 0x00820206, 0x04032d08, 0x05013502, 0x03060204, 0x07040704, 0x05350521, 0x05050119, 0x02050231, 0x13a5fe04, 
    0x05090608, 0x08010a47, 0x09130907, 0x02020409, 0x022d6482, 0x08020d0d, 0x0c160b0b, 0x1e101b0a, 0x08688201, 0x0507092a, 0x05010203, 0x01050303, 
    0x050b0902, 0x2d15050b, 0x06342e18, 0x071c2e11, 0x190d2026, 0x1a22090c, 0x22273b14, 0x0806082a, 0x5d084084, 0x0c020606, 0x040c0909, 0x090a0c02, 
    0x070f0f09, 0x251a1b21, 0x0214120b, 0x020c1105, 0x18101203, 0x0209132c, 0x262c060a, 0x08062c26, 0x0e060206, 0x0c1a0f08, 0x05050f0b, 0x3605120d, 
    0x04040701, 0x2b0f0105, 0x0424211d, 0x07060e09, 0x0c040505, 0x0d078c08, 0x040c0806, 0x0d0e1305, 0xd282010f, 0x06085e08, 0x0f0d1306, 0xf2020816, 
    0x040f0a13, 0x2d0b1007, 0x0a090112, 0x03020705, 0x050e062a, 0x0b050506, 0x02022907, 0x07080708, 0x0c06170c, 0x39315f07, 0x11112508, 0x0c18180d, 
    0x090f0a3c, 0x12280509, 0x11291228, 0x102a112a, 0x01165521, 0x04030674, 0x160a2d02, 0x1018060b, 0x03040202, 0x2a0e821e, 0x0301f801, 0x070c0502, 
    0x83090c03, 0x012a080d, 0x01010807, 0x05010402, 0x130c3235, 0x02090609, 0x0b030101, 0x535a0709, 0xc0121706, 0x0b040301, 0x07080d07, 0x0506060e, 
    0x1a820101, 0x04224482, 0xa7830404, 0x0707153a, 0x03080649, 0x08010308, 0x0a1d1406, 0x19151c06, 0x2813061f, 0x05080415, 0x0528e682, 0x16301b08, 
    0x0e151d09, 0x0f232682, 0x820b0808, 0x03062547, 0x03010206, 0x042d4582, 0x0828330b, 0x1913313a, 0x01060506, 0x36118202, 0x03040401, 0x2619090d, 
    0x1014060b, 0x03031310, 0x1a0b080b, 0x82151110, 0x033c0819, 0x01020201, 0x0b070506, 0x57212c04, 0x196f5635, 0x0206100b, 0x0f0e0d10, 0x17160202, 
    0x27131e0a, 0x582f2e56, 0x0405422b, 0x0504022b, 0x05010405, 0x24171319, 0x080f1c0d, 0x0c08020a, 0x3a828682, 0x0c144508, 0x413d4e0f, 0x150f0f4f, 
    0x070b0507, 0x09091006, 0x0e08100a, 0x03030908, 0x073e0203, 0x08030307, 0x121b0706, 0x05021412, 0x04030901, 0x14010707, 0x0e020104, 0x0d06070d, 
    0x01760407, 0x010e0705, 0x04160305, 0x23080088, 0x040c1c2a, 0x060a0303, 0x04010201, 0x01010203, 0x00000300, 0xb20dc0ff, 0x4501c003, 0x72015301, 
    0x1e010000, 0x25066843, 0x1521010f, 0x3b441533, 0x06222806, 0x0614011d, 0x89012a23, 0x010e2802, 0x1f163215, 0x43230701, 0x372b0587, 0x013b3634, 
    0x32171632, 0x44273736, 0x07230a94, 0x8a350515, 0x822b830e, 0x2047820e, 0x0cdd581c, 0x058c4385, 0x830e2321, 0x23058221, 0x27262223, 0x48847885, 
    0x07201785, 0x35241582, 0x3c35012e, 0x3e200284, 0x34270584, 0x013e3736, 0x583f3317, 0x372105c7, 0x23c98421, 0x013e2117, 0x3d221682, 0x07823301, 
    0x02829c82, 0x33210882, 0x05465435, 0x64820720, 0x2f262223, 0x254a8601, 0x013f3634, 0x22843733, 0xcb823320, 0x33013a22, 0x3f820284, 0x21823320, 
    0x37013d25, 0x82061417, 0x15232132, 0x57844c83, 0x16363724, 0x8b82021f, 0x2e15272e, 0x22262701, 0x15211507, 0x0517011e, 0x15235d82, 0x823b1614, 
    0x34352389, 0x11820526, 0x9b831620, 0x37224782, 0xe5832636, 0x080a0545, 0xa90d1722, 0x02010301, 0x04080702, 0x0e60e1fa, 0x02010605, 0x03030101, 
    0x05030602, 0x4a18181d, 0x5e913233, 0x32080d82, 0x06090103, 0x08010731, 0x05010607, 0x10030807, 0x15080413, 0x1001ef0b, 0x101d0c0e, 0x0d0e1e0f, 
    0xe5fe010e, 0x02020e0b, 0x1208080a, 0x101c0d0b, 0x83152410, 0x05230855, 0x04010103, 0x05080203, 0x08050904, 0x2b14151d, 0x132a1717, 0x04041813, 
    0x12090d12, 0x020c090a, 0x840605a2, 0x06073821, 0x0c111504, 0x100d0c19, 0x070c0603, 0x090b1308, 0x0f0c0c13, 0x84020902, 0x0c0d3a8c, 0x202c370b, 
    0x03010402, 0x03050202, 0x0a052601, 0x05110b05, 0x05014e01, 0x3a5d8203, 0x11111807, 0x06030314, 0x04030103, 0x10032667, 0x111e0c0c, 0x12122310, 
    0x84020d1e, 0x1a063500, 0x11111d0e, 0x18101222, 0x0d180b09, 0x0f0f1e0e, 0x110b0d1a, 0x67207782, 0x4d082082, 0xb3040401, 0x14131e0b, 0x26141428, 
    0x04151011, 0x70070205, 0x11040879, 0x111e0d0d, 0x0301f607, 0x4553f602, 0x0e0f0f0e, 0x0e0e0e45, 0x1b095efe, 0x15240f13, 0x040c170b, 0x02020107, 
    0x14160404, 0x0a102919, 0x0905040f, 0x07020a05, 0x84825602, 0x08053108, 0x0b110604, 0x0d541706, 0x030b0f04, 0x02010205, 0x02080704, 0x02020406, 
    0x03061209, 0x180e0f13, 0x04080709, 0x03050505, 0x08030405, 0x04080405, 0x56242482, 0x0303591e, 0x08220d82, 0xd082020a, 0x0e012c08, 0x0801010c, 
    0x190c0b14, 0x0b180c0c, 0x05030c0a, 0x06010203, 0x04070304, 0x03030805, 0x11071012, 0x01090809, 0x05062722, 0x82040505, 0x030228b1, 0x01050303, 
    0x82010302, 0x080b2fee, 0x11111806, 0x371c1f2f, 0x0c291c1b, 0x21820b05, 0x82030221, 0x04012517, 0x05060103, 0x05283982, 0x10090b0f, 0x04030706, 
    0x01216982, 0x21348202, 0xc982031f, 0x04010224, 0xa5820201, 0x091b1124, 0x2782110a, 0x02201882, 0x0221ba82, 0x27008201, 0x02030115, 0x01220614, 
    0x03260f82, 0x02050206, 0x1d820501, 0xd7820120, 0x078d0324, 0x41820508, 0x02012f08, 0x0603051d, 0x0d0dcc04, 0x0f10100f, 0x12780d0d, 0x05050213, 
    0x0e14050a, 0x0d0a1308, 0x100b0713, 0x06020503, 0x04040906, 0x2210090c, 0x00820013, 0x00033408, 0x03c0ff00, 0x00c00356, 0x0043002a, 0x0100005a, 
    0x0e070635, 0x27060701, 0x16060706, 0x3e171617, 0x36263701, 0x33013e37, 0x1e17013e, 0x011f1501, 0x8317011e, 0x2627230f, 0x1f823727, 0x07212582, 
    0x82128915, 0x012a2939, 0x22300131, 0x17160723, 0x16241682, 0x27263317, 0x36373f82, 0x07062637, 0x5755f602, 0x5b5bb257, 0x0102045d, 0x08050403, 
    0x821d391b, 0x08fe82d5, 0x61933136, 0x5e040504, 0x151a4f35, 0x07040c0c, 0x12181108, 0x0c040808, 0x120a160c, 0x0e0f1a09, 0x15090805, 0x010a140a, 
    0x01abfd02, 0x0f140e01, 0x06061510, 0x0305d702, 0x03284582, 0x49904807, 0x12019203, 0x0237f282, 0x2e2e0302, 0x2e2e5c2d, 0x030c082e, 0x03010503, 
    0x04030703, 0x82020201, 0x144608fb, 0x37383609, 0x3b3a3a71, 0x3b3c3d06, 0x37393a75, 0x04060302, 0x7c3a3b38, 0x03444040, 0x67fe0305, 0x3a3a3832, 
    0x403e3d78, 0x864d4e57, 0x072f3939, 0x00000b04, 0x00000200, 0x820bc0ff, 0x1b00c003, 0x0000c500, 0x81482701, 0x14172105, 0xfa43da84, 0x05255d05, 
    0x82052721, 0x290285f8, 0x35230705, 0x27012e23, 0x5944012e, 0x8d152005, 0x2634210c, 0x07201988, 0x0c8c198b, 0x86233121, 0x26273a0e, 0x3c013f34, 
    0x36343701, 0x3f013e37, 0x37011f01, 0x33011e17, 0x013f3632, 0x86088533, 0x8b148d16, 0x3735241d, 0x44333533, 0x0d3a07a6, 0x09010e01, 0x033c04d2, 
    0x04040204, 0x02050401, 0x02430205, 0x03030103, 0x06820506, 0x7d012008, 0x2d2f5224, 0x30184d7b, 0x012dfb18, 0x03018a2b, 0x05080402, 0x02040805, 
    0x02016402, 0x82090402, 0x0203300b, 0x02026302, 0x04050702, 0x02010408, 0x82016201, 0x0407243d, 0x82020705, 0x8267203f, 0x07033110, 0x03070404, 
    0x29370201, 0x020603f2, 0x01010707, 0x6d821482, 0x0a050832, 0x07342fdf, 0x03040702, 0x60080508, 0x06090307, 0x1d824183, 0x4a825c20, 0x04230282, 
    0x83056206, 0x0409233c, 0x0e846306, 0x82030921, 0x2d8a2539, 0x03060472, 0x043e8582, 0x0853021d, 0x02d1011a, 0x03050201, 0x06050a05, 0x0402060a, 
    0x02040101, 0x06060d06, 0x8682040b, 0x2c1b3a27, 0x06171011, 0x22368203, 0x82019f83, 0x8202208f, 0x0103250a, 0x03010301, 0x06820082, 0x1b82098b, 
    0x82030321, 0x351384b2, 0x02010202, 0x060a0411, 0x0504100c, 0x014d282c, 0x09050304, 0x76820303, 0x01110122, 0x04224f82, 0x0b820604, 0x47820320, 
    0x06249082, 0x03040304, 0x04210f84, 0x21ea8206, 0x69820404, 0xe2f0022d, 0x03010101, 0x5c040305, 0x8200180a, 0x08240800, 0xc0ff0000, 0xc003320b, 
    0x10110411, 0x23111d11, 0x1f131a13, 0xdb14b814, 0x32010000, 0x013e3336, 0x33013a35, 0x30260282, 0x14011f16, 0x09823132, 0x33011e3c, 0x16331632, 
    0x16141514, 0x31143017, 0x011d011c, 0x1c15011c, 0x14321701, 0x08831e31, 0x158b1520, 0x1e820c85, 0x15250883, 0x14333014, 0x200c8416, 0x29388206, 
    0x23220615, 0x3015011c, 0x12823106, 0x02820f82, 0x28842582, 0x89011c21, 0x245d840c, 0x32141715, 0x865e8a33, 0x06142144, 0x678c7d86, 0x15bc9388, 
    0x1f27eb84, 0x31013a01, 0x8f011e35, 0x82e3847e, 0x877e8484, 0xbf6e880c, 0x06142394, 0xf6850715, 0x23063022, 0x14220882, 0xc9483122, 0x2a07290a, 
    0x06222301, 0x17321623, 0x16259883, 0x16143332, 0x22248217, 0x41311630, 0x9541065c, 0x2092850a, 0x27508307, 0x33163015, 0x33163207, 0x3120cc84, 
    0x14245e86, 0x17163231, 0x1c221482, 0xc58e3301, 0x15140622, 0x23207c84, 0x3882178e, 0x59411182, 0xfe15200e, 0x31062915, 0x010f0614, 0x2331012a, 
    0x49055442, 0x22300cf5, 0x26222726, 0x3d263431, 0x35013c01, 0x3527012e, 0x30220682, 0x05823134, 0x3d013c24, 0x2b832201, 0x0e232224, 0xe8880701, 
    0x49413220, 0x011d2106, 0x14271582, 0x22011d06, 0x49072306, 0x4b8606ce, 0x3d224382, 0x3b841401, 0x27012a22, 0x30225482, 0x67823126, 0x23263022, 
    0x35205684, 0x08835f87, 0x1e880c8c, 0x96831588, 0x3e822720, 0x83263421, 0x82a28405, 0x3423221b, 0x20ab8226, 0x23178235, 0x27353426, 0x6482a883, 
    0x23286784, 0x22150614, 0x1c231530, 0x8e42b18a, 0x0ec64122, 0x15140623, 0x21488207, 0xc1430630, 0x221f8b07, 0x8215010e, 0x8207201b, 0x06d841fd, 
    0x10841c20, 0x23063023, 0x82268207, 0x220f823a, 0x82230622, 0x3426821f, 0x2a15012a, 0x22262301, 0x31012a23, 0x22272622, 0x012e3134, 0x840e8235, 
    0x302723c0, 0xff953134, 0x37363224, 0x84413630, 0x21208205, 0x3f833035, 0x012e2322, 0x23234582, 0x84312230, 0x8207205a, 0x8408829d, 0x82152005, 
    0x21728208, 0x20833014, 0x23010e23, 0x826d8207, 0x012a2112, 0x30830882, 0x23262228, 0x2a352630, 0x8b822701, 0x86822720, 0x82059541, 0x227d8515, 
    0x82012e27, 0x2623228a, 0x06544134, 0x70822720, 0x3a833120, 0x5a824382, 0x5d82ee83, 0x24061443, 0x06143106, 0x82698207, 0x0b16420e, 0x17888782, 
    0x30250882, 0x011c3114, 0x27238207, 0x14230630, 0x22141506, 0x82095343, 0x2217841d, 0x82140631, 0x88232017, 0x8c508856, 0x82478717, 0x22479780, 
    0x8515010e, 0x9656858f, 0x87688347, 0x011d21b0, 0x2d844b82, 0x0b821583, 0x1d21ae84, 0x431f8201, 0x1e8505ab, 0x1d21f484, 0x85508801, 0x44898fd1, 
    0x062b0584, 0x31062215, 0x33163207, 0x44313214, 0x1e220872, 0x3c821701, 0xc3833220, 0x32161523, 0x08564433, 0x5e89088a, 0x2221a086, 0x06604114, 
    0x30228c82, 0x93832b22, 0x15223027, 0x0631012a, 0x07674322, 0x27260c82, 0x2227012a, 0x06832326, 0x22210d83, 0x21098226, 0xd741012f, 0x2e312507, 
    0x26302701, 0x26230583, 0x84223534, 0x843c2008, 0x2634212f, 0x23200e82, 0x4f430582, 0x82058205, 0x27352417, 0x43233422, 0xfc430563, 0x8235200a, 
    0x013c2311, 0xb243013d, 0x22158311, 0x82353634, 0x0bc84302, 0x3e282b86, 0x36303501, 0x35343631, 0x15830885, 0x08860c88, 0x3c313422, 0x34242484, 
    0x013c3736, 0x8706e742, 0x3235222d, 0x201d8236, 0x825b8237, 0x82058208, 0x83088532, 0x8271852a, 0x2608872a, 0x013c3537, 0x82343235, 0x82352034, 
    0x84088412, 0x8232205b, 0x8837200e, 0x821a84cb, 0x013d2117, 0x32203a85, 0x9f928084, 0x3e22ea88, 0x41823701, 0x7c853520, 0x8e851582, 0x4e85e186, 
    0x60871b82, 0x0d415787, 0x013e230b, 0x1f82013f, 0xe8823e20, 0x88333421, 0x28088257, 0x012a3527, 0x3527013d, 0x24018223, 0x27352230, 0x22048335, 
    0x82312634, 0x2014820e, 0x3c098227, 0x22342327, 0x2b012e31, 0x26302701, 0x23012a31, 0x2223013c, 0x26012b26, 0x23272322, 0x221a8227, 0x842a2723, 
    0x3122211c, 0x23210983, 0x83078530, 0x8322202e, 0x2226212e, 0x19840a82, 0x1c833b82, 0x30232d83, 0x83233106, 0x06222207, 0x24078207, 0x31012a15, 
    0x85268214, 0x2519830d, 0x06222307, 0x0f83012b, 0x15302226, 0x31221423, 0x30220a83, 0x16881522, 0x07012a25, 0x54220623, 0x4c830568, 0x15063023, 
    0x83078223, 0x011c2135, 0x40895282, 0x14212983, 0x881c8222, 0x20668520, 0x888b8315, 0x235a843a, 0x06142331, 0x1520b282, 0x97833c83, 0x79870720, 
    0x15012a22, 0x64826d83, 0x0620c383, 0x9c858d82, 0xa8875b83, 0x07212383, 0x8d868222, 0x83888d14, 0x8545822c, 0x841420a0, 0x82ac8a6f, 0x828784a1, 
    0x1514245c, 0x8231012a, 0x82b4841a, 0x858e85e6, 0x8415206b, 0x21ba8332, 0x1f841422, 0x85054941, 0x82302092, 0x201a8341, 0x41088607, 0x0f220965, 
    0x14872301, 0x30225084, 0xfe872306, 0x0a41b283, 0x0846410f, 0x41072321, 0x2b21059b, 0x0e594101, 0x8d856185, 0x85057447, 0x85a58582, 0x012a230b, 
    0x8289010f, 0x8f050c41, 0x8214200f, 0x20b58388, 0x41328322, 0xd58b0958, 0x41012a21, 0x0f2107fa, 0x05944101, 0x22301523, 0x83c18a31, 0x410e20bd, 
    0x0f210bf8, 0x061e4201, 0x32894689, 0xa7858785, 0x86230721, 0x05164246, 0x31200e83, 0xd6861282, 0x2a311424, 0xa0883101, 0x22233123, 0x821c8506, 
    0x073041ef, 0xac420a82, 0x416e870a, 0x2a250e2b, 0x14230701, 0x08c84130, 0x22203b84, 0xc8824a85, 0xda422320, 0x012b210d, 0xb88a2e83, 0x42072321, 
    0xbb830965, 0xff8c4783, 0x23012a24, 0x5d841430, 0x4c413020, 0x452f8a05, 0x2e3a0578, 0x30352301, 0x26223134, 0x23263427, 0x35312634, 0x33323437, 
    0x3a373630, 0x62493301, 0x52312008, 0x464506ed, 0x860f8d0f, 0x1528482e, 0xc7451596, 0x08cd490c, 0x1346159b, 0x05a94405, 0x3023058b, 0x83222322, 
    0x2e3522c0, 0x19ae4801, 0xc7958596, 0x31013c22, 0x694a0284, 0x229b8b0d, 0x45313432, 0x3a2105a9, 0x46248401, 0x3225074f, 0x36323336, 0x22058237, 
    0x82353634, 0x013e2c05, 0x31363033, 0x3533013a, 0x82311632, 0x24098202, 0x3217011e, 0x21128314, 0x9a4d3717, 0x2a138405, 0x15013a33, 0x35333236, 
    0x8237013a, 0x82372037, 0x32342406, 0x46013e33, 0xfe4f0565, 0x32302306, 0x5c82013d, 0x35202f82, 0x16270382, 0x14163332, 0x4b011e15, 0x072705e5, 
    0x1507010e, 0x82331632, 0x35372263, 0x82768237, 0x82898241, 0x82538356, 0x82372006, 0x82808532, 0x220b8219, 0x83311630, 0x85322005, 0x06735417, 
    0x36211182, 0x82368232, 0x82372014, 0x846986bd, 0x835382eb, 0x05805412, 0x35323022, 0xd9820882, 0x2a820e85, 0x21058146, 0x1783013a, 0x3420f786, 
    0x0c414882, 0x82c88506, 0x34362178, 0x86051541, 0x05434ad7, 0x35013e22, 0x34264a8b, 0x3c373536, 0x2a853701, 0x31323422, 0x3222cc82, 0x15823136, 
    0x41013e21, 0x08830658, 0x69823020, 0x1a8b6c86, 0x1d822982, 0x3522c482, 0x05823733, 0x33323024, 0xdc833235, 0xa7470782, 0x36342109, 0xe4855d86, 
    0x82353121, 0x4131202a, 0x3c220659, 0xbf823501, 0x92842182, 0x35013f25, 0x8233013a, 0x05d4410a, 0x82323021, 0x470e8387, 0x3720083b, 0x7f821882, 
    0x34202f83, 0x2206bf47, 0x85173533, 0x1e352334, 0xe2411701, 0x08864f05, 0x2205ac4d, 0x82151614, 0x1630221a, 0x058b4f31, 0x32220e85, 0x08843316, 
    0x16011f24, 0x1e823332, 0x15011e22, 0x24842182, 0x011c1724, 0x2d833215, 0x0e841720, 0x55831520, 0x8d423520, 0x207e8205, 0x0b734235, 0x37013a25, 
    0x42373630, 0x18820629, 0x0f833e20, 0x83333121, 0x209482af, 0x82aa8237, 0x219e8421, 0x6e821732, 0x5b824f82, 0x24066f4f, 0x14311430, 0x20158316, 
    0x82088432, 0x82172018, 0x14302487, 0x84141633, 0x34302172, 0x82074e42, 0x250282b7, 0x1c333014, 0x99823101, 0x4d509683, 0x16142205, 0x84c78531, 
    0x412e840e, 0x8b82067e, 0x83363021, 0x086a49aa, 0x31363422, 0x49056c41, 0x0e490714, 0x24178209, 0x22313422, 0x16b44326, 0x821b2444, 0x0527421b, 
    0x2f051541, 0x26302717, 0x33013a31, 0x23063031, 0x07010e03, 0x372f0a82, 0x27312622, 0x17372515, 0x01262215, 0x82310630, 0x011e2115, 0x500e0f4f, 
    0x0e200d00, 0x06291e82, 0x15140631, 0x07011c07, 0x0c304115, 0x200be850, 0x054d4115, 0x3114302a, 0x1c331614, 0x011e1701, 0x15240582, 0x011d1416, 
    0x2205ae43, 0x43151432, 0xfc8208f1, 0x43013a21, 0x05830566, 0xb5820b82, 0x35363028, 0x30373632, 0xe08e3132, 0x860e0641, 0x8315821e, 0x8f2b9102, 
    0x013c2215, 0x0fc84431, 0x2a013d25, 0x82152301, 0x054b4cd7, 0x8208ec4b, 0x20b382c2, 0x22158817, 0x8217011e, 0x057642ce, 0x14161725, 0x82163215, 
    0x881520db, 0x05b14215, 0x25053952, 0x33163233, 0x11831630, 0x34822782, 0x07244382, 0x23151406, 0x30210787, 0x05fa4906, 0x26342330, 0x22262335, 
    0x27012e23, 0x23353426, 0x09832622, 0x23200584, 0x4c079646, 0x214c0618, 0x34222505, 0x31262235, 0xe8853482, 0x6f452e20, 0x31262105, 0x1583e582, 
    0x4a05254c, 0x352208be, 0x15823422, 0x21502720, 0x25ea820c, 0x0e232206, 0x05850701, 0x17250882, 0x31271533, 0x05f24325, 0x3e433720, 0x08cc4408, 
    0x32250882, 0x013e3136, 0x82088235, 0x50222002, 0x14380561, 0x38150706, 0x22012b01, 0x15010f06, 0x011d012a, 0x011d0630, 0x15313214, 0x152cd982, 
    0x15311422, 0x1533011c, 0x16141533, 0x172b0583, 0x16143315, 0x15013a31, 0x82313230, 0x31062c13, 0x30310614, 0x14163332, 0x82151715, 0x011c2248, 
    0x06f94e07, 0x1c310623, 0x24198301, 0x3a353630, 0x858b8601, 0x827c8508, 0x84179a05, 0x051e46a9, 0x82099d45, 0x973b85d0, 0x84208838, 0x8574953e, 
    0x051b4123, 0x17888f8b, 0x47889e8b, 0x5a0b4241, 0x448408fb, 0xe0853320, 0x46323021, 0x3a210615, 0x06094601, 0x33214788, 0x201c8237, 0x202c8237, 
    0x08bc5b25, 0x82082e43, 0x82172008, 0x012e2203, 0x05ef4127, 0x07390a24, 0xf055080f, 0x060a2305, 0x09840202, 0x06830120, 0x02920982, 0x264c2524, 
    0x24840301, 0x1d880320, 0x20223485, 0x37832142, 0x1a824284, 0x0a820787, 0x53941684, 0x00820220, 0x02244684, 0x0f1e0f01, 0x02232282, 0x82010203, 
    0x262c8402, 0xd86c6d6c, 0x8e6c6c6d, 0x01022284, 0x87af8208, 0x847a8223, 0x88b08987, 0x86022009, 0x85108276, 0x84488e02, 0x0402231e, 0x6c840406, 
    0xa28c7883, 0x02203383, 0x0123ea84, 0x82030202, 0x820c821a, 0x020222ad, 0x23478504, 0x04020102, 0x02220382, 0x80860503, 0x05221c84, 0x2a820509, 
    0x47240123, 0x8a3a8523, 0x82eb8473, 0x91062031, 0x4111888d, 0x128e1277, 0x60413c91, 0x8a068806, 0x410a8830, 0x0226058c, 0x0a060202, 0xa0820106, 
    0x08120a22, 0x04220c82, 0xf683040a, 0x0c82c782, 0x0420af83, 0xed83c384, 0x52840884, 0x0982b684, 0x06894b86, 0x5683988e, 0x178aed84, 0x04417686, 
    0x41339009, 0x0f8a0f93, 0x97410220, 0x8d058305, 0x4223877b, 0xa088063b, 0x14862584, 0x03212383, 0x24008201, 0x02040704, 0x8243820c, 0x05022117, 
    0x0b857e8b, 0x04200584, 0x55842783, 0x0321b084, 0x09da4202, 0x0121d588, 0x84418203, 0x851c8b17, 0x8c248234, 0x85298231, 0x20158294, 0x08074202, 
    0xfc8e0320, 0x09410e8e, 0x0c97421a, 0xa186d984, 0x07840220, 0x70834884, 0x0f828486, 0xc3890220, 0x0322dc83, 0xe3840201, 0x8608935c, 0x820420f0, 
    0x41012010, 0x83850a31, 0x47834a87, 0x38840220, 0xd1840320, 0x41010421, 0x73840918, 0xdb850120, 0x01200b86, 0x1c432583, 0x85cc8806, 0x8fea910f, 
    0x08d34127, 0x41010121, 0x954108cf, 0x8a1c8508, 0x08ab41c8, 0x1e42a285, 0x08104315, 0x8c420886, 0x82498309, 0x083c4133, 0x05020322, 0x4109d543, 
    0xec41050f, 0x41338506, 0x7244109a, 0x0607410e, 0x00820120, 0x87064143, 0x8d39903e, 0x0a054110, 0x86056e44, 0x419c871e, 0x0a840a15, 0xe9870320, 
    0x41085542, 0xa742072c, 0x86af8206, 0x43012022, 0x3682053e, 0xa0450882, 0x03013105, 0x1a0d0101, 0x3001020c, 0x03013161, 0x050a0502, 0x01252482, 
    0x1a341b01, 0x20008201, 0x84f88303, 0x2141843f, 0x89410103, 0x84032006, 0x08c1415a, 0x57880420, 0x54825a85, 0x02040225, 0x82030803, 0x0604264b, 
    0x04010104, 0x2b0a8307, 0x02172d17, 0x02030403, 0x18311802, 0x08222882, 0x1f820811, 0x0f201022, 0x22058b41, 0x85091309, 0x82838308, 0x83028618, 
    0x89858413, 0x85778372, 0x22308581, 0x84060b06, 0x0b1243b4, 0x450bfe41, 0xb841071e, 0x87108208, 0x0af1432b, 0x8608d643, 0x8503205f, 0x02022823, 
    0x82414141, 0x44414142, 0x914109ef, 0x83228209, 0x430120db, 0x4e881230, 0x0e87a485, 0xbd877084, 0x02010223, 0x45668704, 0x9a881010, 0xc088cb88, 
    0x0c180b22, 0x20059e41, 0x833d8201, 0x0b994115, 0x8c820120, 0x92881782, 0x8906eb41, 0x0201245f, 0x840f1e0e, 0x4404208f, 0x10410989, 0x0102280c, 
    0x7d3f3e3f, 0x903e3f3f, 0x824588f3, 0x02042155, 0x22200082, 0x52202286, 0x02210b82, 0x21aa8404, 0x7e82eafc, 0x48fe0222, 0x2222d193, 0x69832143, 
    0x060d0727, 0x03020301, 0x46bb8205, 0x088208bc, 0x48410320, 0x02032505, 0x24492402, 0x460d1643, 0x6e8414ca, 0x02200482, 0xc1844a83, 0x8206b446, 
    0x0970419d, 0x42110a44, 0x558208b9, 0x67840320, 0xaf430320, 0x01552409, 0x8351fd01, 0x231987ca, 0x03030603, 0xd682eb84, 0x89840882, 0x0325b882, 
    0x5a5a5a01, 0x420382b4, 0xb3880a0e, 0x01211f82, 0x88408502, 0x456283a4, 0x76410534, 0x01032107, 0x6a856782, 0x85063e41, 0x22178432, 0x86030503, 
    0x9c7c821a, 0x42298202, 0x4d85050e, 0xb282058b, 0x82040221, 0x22718c89, 0x8e050905, 0x05b44529, 0x02202c84, 0x0e881a8e, 0x02060424, 0x1d920503, 
    0x4605905f, 0x09820926, 0x02020327, 0x02010206, 0x82038202, 0x82062031, 0x82032037, 0x82022025, 0x031b2719, 0x10010204, 0x0f820603, 0x59820220, 
    0x01020124, 0x6c490a04, 0x05474205, 0x0321ff84, 0x133a427e, 0x480ef844, 0x6f4111d2, 0x0a784306, 0x4207e843, 0xa844080e, 0x0b98480b, 0x82b54c92, 
    0x8211b442, 0x100a44e2, 0x42105643, 0x98a318a2, 0x440cd446, 0x99420cc5, 0x4802200e, 0x7b430fc4, 0x0afd4308, 0x08488a8d, 0x20168708, 0x481fda02, 
    0x464109ab, 0x1c02410b, 0x8e086c49, 0x41a5a631, 0x568e203a, 0x778d2fa0, 0x4c8a3d9d, 0x8f0f6641, 0x0f754167, 0x420c5142, 0x844210a9, 0x080d4612, 
    0x4908e941, 0xb6910c7f, 0x88cd1140, 0x22d6b5ec, 0x43020101, 0xe749082a, 0xbe51990f, 0x41589974, 0x224310f0, 0x88478e1c, 0x4d34ab0e, 0x604e10eb, 
    0x8e92850f, 0x2535a06a, 0x0201010a, 0xcb490401, 0x0cba420b, 0x4208a54f, 0x228c0cab, 0xce910cdc, 0xbe0e8346, 0x44d6cf7d, 0x83200725, 0xf94ba689, 
    0x08ee4609, 0xa00f4b44, 0x20c6410f, 0x20058b4d, 0x09b44b02, 0x4414b841, 0x0fa10fe3, 0xca4778a8, 0x41fd8417, 0x0c8c0c65, 0x430cb442, 0x10851054, 
    0x420e1d41, 0x484235f7, 0x8f159415, 0x08bc4c14, 0xc5489f8a, 0x44cf880a, 0xdf9b06a0, 0x8f14f043, 0x11d2426f, 0x410fc644, 0x1a930a6c, 0x37436594, 
    0x084f4511, 0x8309d74d, 0x85168909, 0x23a148e4, 0x821b2642, 0x1001211b, 0xfe210482, 0x202586f2, 0x220782fd, 0x8d61fe01, 0x20b399f6, 0x090f4109, 
    0x20087b52, 0x05564a02, 0x8e126a41, 0x113349e6, 0x52423984, 0x0f07430e, 0x314a0120, 0x477f8a0b, 0xbc8e09b9, 0x2d484fa0, 0x0cf14216, 0x464a538e, 
    0x8fa48f0f, 0x254b890f, 0x02410101, 0x12446502, 0x0cbe530a, 0x280c204d, 0x01150101, 0x01130162, 0x206d822c, 0x05634704, 0xb0501f83, 0x118d420a, 
    0x6b419888, 0x8fb0900e, 0x43e0843a, 0xc0880939, 0xcd413886, 0x11d9420e, 0x6551f18f, 0x85898a09, 0x440a2036, 0xdd460b77, 0x004a0805, 0x000a0000, 
    0x05c0ff00, 0x00c003a9, 0x00370020, 0x00710054, 0x00ab008e, 0x01e500c8, 0x001f0102, 0x010e2500, 0x012e0523, 0x35012e27, 0x25350511, 0x37363437, 
    0x2133013e, 0x1e171632, 0x0e130701, 0x21010701, 0x011d0622, 0x13821614, 0x2f211a83, 0x05806e01, 0x010e0322, 0x25821583, 0x25733b20, 0x863d2005, 
    0x22072418, 0x821f0706, 0x2019902f, 0x06ce6e07, 0x07822520, 0x58821520, 0x8605056f, 0x2735233d, 0x83822636, 0x88172321, 0x17372256, 0x876f8332, 
    0x83272018, 0x012e2231, 0x05a7782b, 0x23887a86, 0x27263423, 0x855e8627, 0x067b7356, 0x85352721, 0x88052056, 0x87332056, 0x84c68456, 0x8f23204e, 
    0x08938656, 0x2e372745, 0x95052701, 0xfc0b1509, 0x08150c64, 0x9efe0908, 0x09016101, 0x0c150808, 0x160c9a03, 0x01090a09, 0x090a0102, 0x7afef2fd, 
    0x0a0a090a, 0x06048501, 0x01040503, 0x02040302, 0x03ae0406, 0x03030202, 0x82320306, 0x83032003, 0x05062200, 0x20188233, 0x27328269, 0x31030705, 
    0x04030502, 0x04212182, 0x2e208208, 0x03030205, 0x0531f6fe, 0x02030305, 0x82010203, 0x82322030, 0x0303261e, 0x03010101, 0x82418204, 0x8302201e, 
    0x820b8214, 0x01012b0a, 0x04090502, 0x02050230, 0x3d83054b, 0x82020421, 0x02022714, 0x042f0406, 0x1f840408, 0x04327c23, 0x82088206, 0x0502235e, 
    0x19823204, 0x82020221, 0x03032549, 0x0d010205, 0x08822c83, 0x07023423, 0x82158204, 0x03062297, 0x218f822f, 0x9e830323, 0x01030522, 0x02203782, 
    0x03217282, 0x34888207, 0x03020301, 0x0808ba01, 0x07080102, 0x0109130b, 0x01400289, 0x2008822e, 0x2f008207, 0xfe0b1309, 0x09140b0d, 0x0a090f02, 
    0x030809e9, 0x04285d82, 0x020704ea, 0xd0fe0202, 0x2e22bc82, 0x0a820604, 0x05260282, 0x05032e05, 0x09820303, 0x880a0221, 0x04062114, 0xdf821484, 
    0x06040226, 0x02010e01, 0x2f209182, 0x2f82318c, 0x05040426, 0x05052e01, 0x01200982, 0x2305fc76, 0x0405012e, 0x03260d83, 0x02036d02, 0xdb820302, 
    0xa6832e20, 0x21058751, 0x52830307, 0x4a822d82, 0x83033021, 0x020122fe, 0x841e8201, 0x05022168, 0x15822c84, 0x03231382, 0x86030602, 0x89978389, 
    0x830d8247, 0x05280819, 0x03000002, 0xc0ff0000, 0xc003c803, 0x21001000, 0x00003200, 0x17071701, 0x37173707, 0x27372717, 0x07270737, 0x25011b27, 
    0x17201182, 0x07270982, 0x03252737, 0x8c031317, 0x082e821e, 0x27a8016e, 0x5f326479, 0x1855440b, 0x724a5c6c, 0xde67420a, 0xa7000118, 0xbf35f4d1, 
    0x71d6189b, 0x5a1301e3, 0x118695e9, 0x1c180321, 0x191f2508, 0x23170327, 0x0222290d, 0x520a8761, 0x59692f5f, 0x33225c44, 0x747f206c, 0xfe2f015f, 
    0x72f447e2, 0xcb9bd14d, 0xb9d76cef, 0xd7300118, 0x03fe0701, 0x1f241020, 0x110c2018, 0x282b0b25, 0x1c042e21, 0x21056b72, 0xb382ce03, 0x70004822, 
    0x1c22b182, 0x6f601501, 0x06142205, 0x25088807, 0x2223010e, 0x058b2726, 0x2205d27a, 0x8837013e, 0x26342208, 0x05044435, 0x17163229, 0x0115011e, 
    0x18371707, 0x240b1c50, 0x3e273717, 0x06b47201, 0x17233723, 0x074a7c0e, 0x67022208, 0x3b265931, 0x0b04043a, 0x10110915, 0x28111110, 0x0f221418, 
    0x4c528c3a, 0x25103785, 0x11281815, 0x2a018210, 0x070a1208, 0x233a3a06, 0x82012b4f, 0x1828210d, 0x2e081682, 0x6cfe1011, 0x05403243, 0x7531050b, 
    0x31754545, 0x44081009, 0x0b0b4b31, 0x61293130, 0x06630538, 0x30285e36, 0x030e0f31, 0x03060318, 0x8227340d, 0x2a152551, 0x090d0414, 0x3d846082, 
    0x3a0c0b27, 0x0e333239, 0x2e4f870d, 0x19040c08, 0x8c521b33, 0x0e31233a, 0x84050904, 0x348e8423, 0x5521ebfd, 0x060c062d, 0x30313130, 0x2e0a1309, 
    0x3d1c2356, 0x27708221, 0x4a063029, 0x282f074b, 0x25237e82, 0x82002045, 0x05ff4100, 0xc0038339, 0x11000c00, 0x00001700, 0x33021f01, 0x1f23043f, 
    0x17070301, 0x82052737, 0x17072b03, 0x0506d401, 0x04043905, 0xa4820105, 0x7e012c08, 0x1de432c6, 0x314d7c01, 0x029a1dfb, 0x3e344dcb, 0x0c4b3440, 
    0xfe0b4b4a, 0x9e556279, 0x56348f32, 0x00673277, 0xff000004, 0x824303c0, 0x00142957, 0x00510029, 0x0100006c, 0x20099c41, 0x08574117, 0x23059978, 
    0x17161415, 0x24099641, 0x23071727, 0x086d4127, 0x85173721, 0x32332837, 0x013e3736, 0x89372737, 0x8413203c, 0x05367d24, 0x258d2720, 0x2a027a08, 
    0x1e452805, 0x07082423, 0x2f0a0b46, 0x365d282f, 0x275a3456, 0x0e0e2f2f, 0x230a0a4a, 0x24411b24, 0x39044d06, 0x14301c05, 0x08071c1c, 0x012c1d33, 
    0x431c0202, 0x1c442728, 0x2f030703, 0x0506321d, 0x36171c1c, 0x0a04a21f, 0x32562305, 0x03235632, 0x05440305, 0x722f050a, 0x2f714342, 0x42071009, 
    0x054bcb02, 0x55241d23, 0x142c1732, 0x203a1b21, 0x282f7242, 0x2e07062d, 0x08228226, 0x1e432420, 0x1b311725, 0x1c245532, 0x7f4d0621, 0x1a053e40, 
    0x27441c15, 0x19112614, 0x03011e32, 0x00821c01, 0x04070328, 0x0f18321f, 0x73821120, 0x041b1733, 0x0b05aefe, 0x23232405, 0x03060224, 0x050b0630, 
    0x0800822f, 0x09120942, 0x0000002c, 0xff000017, 0x038003c0, 0x00ab00c0, 0x00cc00c1, 0x01ee00df, 0x012f0112, 0x01550140, 0x01760165, 0x017e017a, 
    0x01860182, 0x018f018b, 0x01970193, 0x019f019b, 0x00a801a4, 0x023f0100, 0x24059d5e, 0x1e171636, 0x84028301, 0x3233210e, 0x32260e84, 0x32163316, 
    0x12823717, 0x36303123, 0x22068235, 0x82173236, 0x32312719, 0x011e3114, 0x3082011f, 0x33843a20, 0x85110721, 0x2015823b, 0x08167f15, 0x011c072b, 
    0x2b061615, 0x27262201, 0x05684307, 0x26060723, 0x280d8227, 0x013f3626, 0x27012e35, 0x0739432e, 0x8f752620, 0x23352605, 0x012e2335, 0x20668237, 
    0x221e8233, 0x7e363437, 0x172c0659, 0x17313214, 0x07013733, 0x31373632, 0x36251d82, 0x30312726, 0x20418526, 0x05ae4727, 0x15213483, 0x0a347f01, 
    0x90821520, 0x07240e82, 0x17363215, 0x59826a84, 0x82172721, 0x76312072, 0x06240549, 0x010f1714, 0xca82e583, 0x2734302a, 0x36263531, 0x013f013b, 
    0x17285d82, 0x36303735, 0x33011e37, 0xff824182, 0x012a1725, 0x83010e07, 0x012e24b9, 0x8237012b, 0x2230243d, 0x82013e35, 0x283d8202, 0x1705011f, 
    0x1d062223, 0x050c7f01, 0x14849c82, 0x48151721, 0x3d2c0521, 0x23263401, 0x13062221, 0x11150622, 0x35211285, 0x26128311, 0x35331517, 0x82231533, 
    0x35332203, 0x20078607, 0x20108323, 0x08189707, 0x023f0125, 0x0d030504, 0x0f1c0807, 0x0212260f, 0x2e100306, 0x04040213, 0x0b0b0c06, 0x110c0911, 
    0x01050407, 0x84020401, 0x0c022e03, 0x040f0605, 0x01030f06, 0x0e020b03, 0x08188202, 0x14010233, 0x05080211, 0x0a080309, 0x01010103, 0x05070602, 
    0x01091f05, 0x0f970716, 0xbf0c0211, 0x02010604, 0x7503040a, 0x051b0827, 0x08020204, 0x05050903, 0x2a3d8207, 0x0d010107, 0x01030306, 0x83074013, 
    0x03092a45, 0x01030127, 0x07010808, 0x2f008210, 0x1f110103, 0x060f0202, 0x05020603, 0x02050512, 0x11377b82, 0x03060105, 0x03017ffd, 0x020c0603, 
    0x02051002, 0x030e0533, 0x82010f03, 0x01022e3c, 0x040d2510, 0x102f0208, 0x09030e20, 0x33348204, 0x040b120a, 0x0b421f9f, 0x280c0a26, 0x02010506, 
    0x08094701, 0x01249b82, 0x036a040b, 0x01348482, 0x0102050d, 0x0a070e08, 0x05030c16, 0x0c061f02, 0x02170705, 0x03270082, 0x4827090a, 0x820a2010, 
    0x0a022d2a, 0x05100507, 0x057dfe0c, 0x130c0322, 0x03347582, 0x0e0b0c0f, 0x09640702, 0x06700107, 0xfe060a0a, 0x1d090790, 0x01330883, 0x09090703, 
    0x1efdfe07, 0x522e4e2d, 0x4d2d9f2d, 0x827f2e2e, 0x2d0c8a06, 0x0e086503, 0x04150812, 0x01010c05, 0xe682060a, 0x0510062c, 0x09040905, 0x0a070406, 
    0x6c820811, 0x03082108, 0x0101030a, 0x01010e03, 0x01030e01, 0x25051402, 0x01010302, 0xcb040c01, 0x0a04cffe, 0x08190b04, 0x4d08c282, 0x09120603, 
    0x04051708, 0x7c2b0319, 0x160e1413, 0x02071107, 0x04040e03, 0x0504040c, 0x730c2605, 0x060b056a, 0x02020905, 0x17090507, 0x06110808, 0x12020402, 
    0x380eb852, 0x0c2f1110, 0x0e1c0703, 0x01050f0a, 0x030c0704, 0xfd112501, 0x6e8370be, 0x120f0d2c, 0x05010207, 0x03010416, 0x2e821d02, 0x060f062e, 
    0x41041109, 0x0c088302, 0x02020101, 0x23089482, 0x04040804, 0x130a040b, 0x01072d04, 0x01050201, 0x05030201, 0x06240f03, 0x130b0419, 0x010f1112, 
    0x0311090b, 0x012d1482, 0x0c110809, 0x2c040704, 0x06061805, 0x2c108201, 0x01200102, 0x03080d02, 0x0d060403, 0x3bcb8334, 0x06050204, 0x270d0308, 
    0x180a070d, 0x060c1805, 0x080e050e, 0x586d0f03, 0x07090907, 0xfe250483, 0xfe0709c7, 0x250d83da, 0x09072601, 0x00842a25, 0x06854820, 0x06854620, 
    0x84294921, 0x00002100, 0x3306db45, 0x00c003ff, 0x004a0036, 0x00940082, 0x012e0100, 0x35012e27, 0x262e0582, 0x012e3736, 0x0626012f, 0x17011e17, 
    0x15440614, 0x05287b07, 0x14171622, 0x16201683, 0x20068d44, 0x055f4333, 0x3b161425, 0x82013e01, 0x21428236, 0x4a853127, 0x010e0724, 0x53830e23, 
    0x2205ff7d, 0x470e010f, 0x8c4407e4, 0x05a17e05, 0x84363721, 0x3e35251e, 0x03312701, 0x080abd4b, 0x36013d47, 0x01312326, 0x02060596, 0x05050201, 
    0x48610101, 0x73213813, 0x02035a40, 0x04040103, 0x01050c04, 0x2a111120, 0x030c0910, 0x10070402, 0x1a1a2c0f, 0x02030115, 0xc0081a10, 0x0e0bd816, 
    0x01dc0b0e, 0x0e040c10, 0x2e2d8209, 0x0c035302, 0x112a1009, 0x06012110, 0x8204040b, 0x3443824b, 0x3c74405a, 0x06040153, 0x0c050201, 0x06100b0f, 
    0x1a082301, 0x2b2c8210, 0x2d1a1a15, 0x04060f0f, 0xdafed402, 0x48084683, 0x0e0b2501, 0x010a0f01, 0x13281400, 0x21060c06, 0x744c688a, 0x011d160e, 
    0x405a0204, 0x060c5f36, 0x0503010b, 0x12102405, 0x15060902, 0x09140a0a, 0x44191801, 0x02172324, 0x28110204, 0x0a0f3d16, 0x100e0b4a, 0x1f0e0b1c, 
    0x3c118210, 0x150a2101, 0x12020906, 0x05052410, 0x060b0103, 0x40365f0c, 0x0203025a, 0x9d483c56, 0x395c8227, 0x11174125, 0x28161225, 0x01040211, 
    0x44242318, 0x09011819, 0x72fe0a14, 0x45820b0e, 0x0a220482, 0x0082000f, 0x00013d08, 0x03c0ff00, 0x00c003f4, 0x1300003d, 0x37011f37, 0x3337031f, 
    0x33173337, 0x17033f17, 0x0317013f, 0x010f2707, 0x0f273727, 0x37171503, 0x0f012f07, 0x07012f01, 0x35333727, 0x020f032f, 0x78080a83, 0x22166e0c, 
    0x27030e42, 0x064e0643, 0x074c0371, 0x0f04253f, 0x671d2346, 0x051e1658, 0x5e026016, 0x29044801, 0x20072ead, 0x0bc70961, 0x030a1c5f, 0x4d0222d1, 
    0x5c015f04, 0x1a180315, 0x2f116d03, 0x8a3f03ed, 0x175f1632, 0x2f125f17, 0xe4013e8e, 0x82fd1439, 0x3031090d, 0x3a1b4e07, 0x13031e06, 0x4f7f0909, 
    0x0f020b01, 0x2a565401, 0x071b0316, 0x0a4c1b39, 0x0b02362b, 0x06f74900, 0xbb820520, 0x6000543c, 0x33010000, 0x011c1530, 0x1e151415, 0x36303101, 
    0x3c353435, 0x31343501, 0x11821634, 0x14231684, 0x88323316, 0x17332c16, 0x0e071630, 0x30153101, 0x823e3736, 0x27262127, 0x6505ea75, 0x062205aa, 
    0x44821716, 0x37022f23, 0x08318337, 0x22232637, 0x16141506, 0x012e8c01, 0x182a2928, 0x2a180f0f, 0x0c0c0212, 0x0d0d5316, 0x05041504, 0x822c2b34, 
    0x073a2424, 0x03051005, 0x57070814, 0x14053001, 0x2f2f2192, 0x08038221, 0x638c0244, 0x696af363, 0x09071b0c, 0x3b3b0b17, 0x0f353684, 0x38081001, 
    0x37378138, 0x12120e07, 0x6969070e, 0x446665f6, 0x0c080703, 0x0606324a, 0x5d08071d, 0x2d370f0f, 0x19490f15, 0x03032610, 0x09184529, 0x49848842, 
    0x00204d82, 0x022c0082, 0xc0ff0000, 0xc003f605, 0x6c010401, 0x152cf382, 0x35251517, 0x15011f37, 0x33171533, 0x1723b482, 0x82151614, 0x432120ed, 
    0x15220551, 0xe4820614, 0x07050726, 0x010e1523, 0x0f230982, 0x6b072301, 0x1f83058b, 0x13230724, 0xfb471707, 0x861e8505, 0x15232821, 0x27033523, 
    0x8233010f, 0x15072156, 0x02821482, 0x012e2722, 0x2f230282, 0x84030f01, 0x48638348, 0x40820614, 0x31161424, 0x1784010f, 0x2f020f2c, 0x27262202, 
    0x27352622, 0x30822634, 0x34263527, 0x37363435, 0x08146713, 0x15833620, 0x35204c87, 0x8505c249, 0x8235201c, 0x22648637, 0x84230622, 0x26272309, 
    0x87483734, 0x011e2808, 0x37171517, 0x85353634, 0x013e232e, 0x01823533, 0x8505144f, 0x675c18a3, 0x18298207, 0x6d082a42, 0x342105a9, 0x828e8526, 
    0x22072278, 0x20e68406, 0x85058217, 0x141521f5, 0x82077f44, 0x18152038, 0x260a1647, 0x26343527, 0x82012e35, 0x012f3302, 0x030d0c01, 0x0f1a0766, 
    0x03110b06, 0x01010202, 0x04831101, 0x0b830320, 0xfe020228, 0x011904ea, 0x02820103, 0x06b90232, 0x08120b11, 0x03070e08, 0x68050104, 0x02030aae, 
    0x05200182, 0x022f2b82, 0x04050803, 0x11060508, 0xba5d2903, 0x8201110c, 0x0520081e, 0x0e190a2f, 0x10122d1c, 0x0a051120, 0x150d0605, 0x1f182c05, 
    0x01020108, 0x03170303, 0x04020104, 0x0d2e6882, 0x08081109, 0xd6190e17, 0x03120207, 0x3e630105, 0x6e022608, 0x09040904, 0x3010850b, 0x04070102, 
    0x05050904, 0x03110a0e, 0x11090408, 0x05fa4707, 0x82010121, 0x02032c43, 0x02060406, 0x09060305, 0x82050503, 0x09022c59, 0x050a0407, 0x03050801, 
    0x82070206, 0x0306343e, 0x04070b03, 0x17270307, 0x0b053a01, 0x08160d06, 0x83020b09, 0x2a388266, 0x16080d12, 0x0b1b100e, 0x82122c1a, 0x059c6721, 
    0x07060829, 0x0a06040b, 0x83090405, 0x06042157, 0x03226483, 0xab830501, 0x02050524, 0x9682090b, 0x080c0627, 0x0408160e, 0x221a8207, 0x83020201, 
    0x03062d1c, 0x0e010697, 0x01050703, 0x090d0509, 0x16825e83, 0x1d821e82, 0x0f060323, 0x82e38208, 0x0b0123a3, 0xe1850430, 0x05010e2e, 0x04080403, 
    0x06020303, 0x0205a5fd, 0x04252882, 0x02010f02, 0x82818201, 0x012b0813, 0x020d0e07, 0x1c200794, 0x014f0105, 0x07041005, 0x02060704, 0x01060702, 
    0x0b040203, 0x3a6a0807, 0x0603144e, 0x05080402, 0x820d1508, 0x8216823a, 0x070c2b38, 0x0503030a, 0x08020403, 0x78850419, 0x25825f82, 0x09090d2b, 
    0x26010810, 0x0e060d05, 0x39d68211, 0x060b0504, 0x07070f06, 0x0c04060d, 0x02150e07, 0x080d0502, 0x030b130a, 0x86820306, 0x29533d82, 0x02032905, 
    0x05040703, 0x0907070d, 0x063e9b82, 0x03070306, 0x030f080d, 0x0b060406, 0x04080405, 0x15090301, 0x0303eafe, 0x0a0b1005, 0x13820d18, 0x3e820520, 
    0x07100a24, 0xc2830604, 0x0d130622, 0x03209a82, 0x10257d82, 0x05130e0d, 0x24808204, 0x0303020b, 0x24598201, 0x01070305, 0x8223820c, 0x092508a7, 
    0x0f090811, 0x070c0306, 0x03050904, 0x01060104, 0x0c0f0403, 0x040d1506, 0x0207050a, 0x07060307, 0x03040101, 0x070f4405, 0x0356062d, 0x01ff00c0, 
    0x0100001b, 0x4b012a23, 0x3421062b, 0x2d411826, 0x010e2209, 0x20028207, 0x2b068423, 0x013c2315, 0x35263435, 0x25353426, 0x062b1082, 0x06141514, 
    0x26222307, 0x4225012f, 0x0f2605fb, 0x14232702, 0xd0431d06, 0x20068506, 0x07544d15, 0x4405594f, 0x38820668, 0x44010e21, 0x1d22083a, 0xfa711701, 
    0x011e2205, 0x4c028433, 0x4b88061c, 0x4306a543, 0x1621056e, 0x20248232, 0x05cb4337, 0x44273321, 0xa46c081f, 0x44418208, 0x3320081d, 0x8505964f, 
    0x2131222d, 0x09034432, 0x091c4b18, 0x82372721, 0x0c2253bd, 0x3c0e9d53, 0x01064a06, 0x02050401, 0x02030705, 0x04060102, 0x05050703, 0x0905050a, 
    0x01060505, 0x27118247, 0x01130201, 0x029bfe01, 0x01290a83, 0x01030211, 0x01c2fe04, 0x2d068205, 0x3c14f502, 0x02013223, 0x04020305, 0x18822802, 
    0x2e03023c, 0x02020501, 0x071a0203, 0x0502040a, 0x01030302, 0x04040401, 0x0b2a1f05, 0x3f820e0d, 0x0b010430, 0x0d170c0b, 0x0a0b180c, 0x1c16010c, 
    0x78820705, 0x1d120128, 0x06110c0b, 0x7c820a08, 0x03040424, 0x37820608, 0x22401f2a, 0x211d3d21, 0x16042041, 0x25089883, 0x08050407, 0x01040403, 
    0x0d070809, 0x15230f04, 0x12112514, 0x0d0d0d1d, 0x0a0b0201, 0x0b0b1308, 0x0a080a15, 0x5f827002, 0x0102032d, 0x08040405, 0x02040204, 0x82010403, 
    0x83052002, 0x37fc2404, 0x82050b07, 0x05042686, 0x066a070b, 0x27d6820c, 0x0c050506, 0x01580306, 0x23058743, 0x05070802, 0x0125b582, 0x06030305, 
    0x25b28303, 0x04040203, 0x464c0101, 0x82042005, 0x096366f5, 0xee832083, 0x23020a26, 0x14030905, 0x0123f282, 0x82240101, 0x05042211, 0x260c8201, 
    0x19070102, 0x8206130f, 0x09062e0c, 0x04070303, 0x0708110a, 0x0f070108, 0x82028208, 0x8255835e, 0x0120082f, 0x0e0e1104, 0x09050d1c, 0x02050204, 
    0x1d452606, 0x1517341e, 0x1c111026, 0x0619110b, 0x01020705, 0x04372783, 0x04080302, 0x1214033c, 0x16162812, 0x19131329, 0x08130a07, 0x82010908, 
    0x8320821f, 0x210f28a6, 0x1d141335, 0x820f0a0b, 0x36ab83a2, 0x090d0403, 0x07101a09, 0x0d06090e, 0x060f0707, 0x0101202d, 0x8304f1fe, 0x066324f5, 
    0x8204060b, 0x25068200, 0x050b0763, 0xdf480404, 0xcf022f07, 0x4800c003, 0x27010000, 0x23150715, 0x03883315, 0x1415172e, 0x22212306, 0x37013d26, 
    0x23353335, 0x27240388, 0x3b363435, 0x2e211382, 0x05794201, 0x17013b27, 0x26060711, 0x06bb4e27, 0xae021125, 0x84102740, 0x0b272800, 0x0be1fe0c, 
    0x8412250b, 0x25200800, 0x30170b0b, 0x07071313, 0xb20c1004, 0x0c084c96, 0x07030404, 0x160d1307, 0x4c25b902, 0x514d4c23, 0x4a290182, 0x0b0c3643, 
    0x43360c0b, 0x3e0e844a, 0x0b68234c, 0x02412a0b, 0x0e0a1013, 0xf0020303, 0x042504fe, 0x0d070702, 0x080c0607, 0x82c5010b, 0x010027c2, 0xc0ff0000, 
    0xc382f400, 0x0000113f, 0x17371513, 0x27071707, 0x07352315, 0x37273727, 0x3aa13517, 0x193d3d19, 0x183d313a, 0x2b02823d, 0x2142bb02, 0x29222229, 
    0x22444220, 0x23210783, 0x213f8544, 0x3f820501, 0x00001224, 0x34821737, 0x35072725, 0x82271523, 0x17240846, 0x35331537, 0x30142ec3, 0x262e132f, 
    0x2f2f1330, 0xe5263112, 0x1c1b211a, 0x38361a21, 0x1b1c211c, 0x35361b21, 0x03218388, 0x214385a1, 0x408d3701, 0x22085282, 0x112c7403, 0x132d252d, 
    0x2e122c2c, 0x2d122d25, 0x1f1abf01, 0x1a343319, 0x1f191a1f, 0x1831331a, 0x4c00191f, 0x04210527, 0x2743827c, 0x010001e9, 0x00300118, 0x4806274c, 
    0xae44050f, 0x066b4408, 0x88050248, 0x23260805, 0x17152327, 0x3a331614, 0x32373301, 0x06161716, 0x0e15010f, 0x22060701, 0x35262227, 0x34272634, 
    0x22012f26, 0x03821d06, 0x011f1522, 0x8205144c, 0x056c4405, 0x1f011e23, 0x47128502, 0x25830aeb, 0x36323723, 0x07724437, 0x3c013d23, 0x3d4b1801, 
    0x297a820c, 0x33011e17, 0x36373630, 0x65832334, 0x4c342221, 0x3e210694, 0x54358201, 0x2182051b, 0x32331723, 0x44028236, 0x7849058b, 0x48058305, 
    0x3d270a83, 0x06220501, 0x49062223, 0x33200536, 0x35271d82, 0x3433013e, 0x82272326, 0x821720d0, 0x363221d1, 0x82055754, 0x15062166, 0x17222782, 
    0x1082013c, 0x8e822320, 0x010e0723, 0x08248323, 0x3716143b, 0x04333236, 0x0304027c, 0x17173b24, 0x25131329, 0x1d311314, 0x1e1e5133, 0x0a010626, 
    0x0a140909, 0x0909130a, 0x0802030c, 0x070c0606, 0x070a1108, 0x048b13b9, 0x03060304, 0x31038207, 0x17030102, 0x03030401, 0x03030609, 0x03020101, 
    0x088207d8, 0x0ccb0635, 0x0f080a16, 0x030a0808, 0x07030304, 0x060a0404, 0x57010d19, 0x02300532, 0x0c030302, 0x4f1e1d2a, 0x130d0633, 0x020b0805, 
    0x05211082, 0x821b8202, 0x4229355f, 0x09221818, 0x03020503, 0x03120508, 0x02030104, 0x03250606, 0x4b831b82, 0x04020b27, 0x05030208, 0x086a8204, 
    0x050b0631, 0x07070e07, 0x0c0c170c, 0x26110d18, 0x1b301614, 0x21213f1d, 0x0c07284a, 0x050b0506, 0x04040905, 0x02010206, 0x04028efd, 0x01030202, 
    0x82310304, 0x0303279c, 0x032b0403, 0x5e823303, 0x00830220, 0x33030523, 0x23778201, 0x2a04051a, 0x2205b544, 0x822d0303, 0x040523c1, 0x36822a02, 
    0x0f281a24, 0xc082160e, 0x38832982, 0x05220682, 0x02820303, 0x0101042e, 0x11080709, 0x0e180a0a, 0x03b70f81, 0x02259c82, 0x1f040702, 0x2b498206, 
    0x09090203, 0x02030403, 0x03530205, 0x03247f82, 0x0805a608, 0x04240882, 0x01010503, 0x0a3ab682, 0x060c0605, 0x0f040f29, 0x0a140a0a, 0x100f1d0e, 
    0x5c321423, 0x20492a2a, 0x58840a03, 0x0203073b, 0x09040406, 0x08030705, 0x05080404, 0x2525401b, 0x27162d53, 0x11221111, 0x22a8830e, 0x821f0707, 
    0x09022d85, 0x110c0c15, 0x03060304, 0x01050905, 0x70827e82, 0x82030621, 0x05032208, 0x30838304, 0x270d0d0f, 0x0106041b, 0x02010201, 0x07030304, 
    0x251a8204, 0x04010923, 0x1e820104, 0x030c0223, 0x25198201, 0x05250606, 0x0f820606, 0x57820420, 0x0201092b, 0x03520303, 0x02030205, 0x245f8218, 
    0x07060101, 0x0824821a, 0x0000013b, 0x00000600, 0xd803c0ff, 0x2700c003, 0x43003400, 0x5f005200, 0x0000bc00, 0x0f062201, 0x1f160601, 0x010e0701, 
    0x3616011f, 0x1e17013f, 0x36013f01, 0x37012f26, 0x012f013e, 0x2a1e8226, 0x23012e27, 0x2a113305, 0x82262301, 0x2627250a, 0x16332327, 0x17212582, 
    0x05475316, 0x65822720, 0x07010e24, 0xa0470706, 0x11372206, 0x05614f23, 0x013a3725, 0x82223733, 0x231b8258, 0x14060706, 0x37853082, 0x32013b26, 
    0x26363736, 0x3e211983, 0x82088601, 0x3311295d, 0x34353632, 0x11230726, 0x29853882, 0x32161722, 0x2e216f82, 0x20048201, 0x2499831e, 0x35320607, 
    0x82848536, 0xbc023194, 0x1d040c06, 0x560c020a, 0x0a020c56, 0x0b1f0a1d, 0x1f200882, 0x11890882, 0x37081a82, 0xfe081006, 0x0201b61e, 0x20202801, 
    0x020d0d2e, 0x0b026da7, 0x1d1c270b, 0x21645025, 0x01041a17, 0x1e1d2811, 0x020b0b29, 0x171b036d, 0x4c3e7826, 0x0d0d02b6, 0x2820202e, 0x12293182, 
    0x61343531, 0x1c1c292a, 0x3a00820e, 0x28271c1c, 0x3835365e, 0x264c2907, 0x0f110e11, 0x32281008, 0x072c060d, 0x82313c16, 0x7c2e082a, 0x080c0c08, 
    0x0202027c, 0x291d1e25, 0x01030c0c, 0x09030234, 0x17171f09, 0x26383320, 0x02023233, 0x07070134, 0x1e16171e, 0x01638f3b, 0xb68205b0, 0x9b821f20, 
    0xad8d0b20, 0x073abf8b, 0xadfe1206, 0x54262622, 0x31342f2e, 0x25532e2d, 0x4c282226, 0x2b4c2839, 0x15848c01, 0x322d4308, 0x28522d01, 0x0d174f41, 
    0x3034a4fe, 0x27275830, 0x0e0f2b22, 0x30272736, 0x6c353630, 0x30313536, 0x0f362726, 0x070f0d0f, 0x0306072b, 0x36542905, 0x3d121011, 0x55012a68, 
    0x19080815, 0x215e0101, 0x5b822525, 0x1313323a, 0x4f2b2b2f, 0x12222425, 0x912e2731, 0x2b13134e, 0x234e2929, 0x423d1e24, 0x21051346, 0x17475602, 
    0x012b211a, 0x23321747, 0x0c1e303d, 0x1e270084, 0x09d90909, 0x840d1c08, 0x1c2f0800, 0x25110908, 0x05060f0f, 0x86090d03, 0x09063a72, 0x06020303, 
    0x11090f05, 0x391c1a02, 0x3e3a3a1b, 0x383b3d3a, 0x09082a32, 0x322a0809, 0x823d3b38, 0x1b3a3410, 0x2009084e, 0x0c0e0231, 0x01030a08, 0x7ffeb602, 
    0x4902031c, 0x062305b0, 0x5a580108, 0x022105a7, 0x27bf82f9, 0x00250012, 0x13000038, 0x460ad046, 0x052006e2, 0x2110a546, 0xfc460137, 0xbb172510, 
    0x441b4437, 0x2c080282, 0x431b4137, 0x02411b43, 0x2931133c, 0x31311432, 0x31293313, 0xfd313315, 0x313215a9, 0x32283114, 0x14323215, 0x03312833, 
    0x2e284e5e, 0x3e028227, 0x2e254c4e, 0x262e2728, 0x1c23a64c, 0x231d3b3a, 0x1d231c1e, 0x231c3839, 0x91fe1e1c, 0x851d1d23, 0x83078214, 0x85002014, 
    0xab0421af, 0x9f38af82, 0xb600b200, 0x33010000, 0x15331707, 0x17331723, 0x23071523, 0x33011f07, 0x25080e83, 0x1707031f, 0x07061f07, 0x23072723, 
    0x3f350735, 0x17353302, 0x2303012f, 0x021f2307, 0x23010f15, 0x1f331715, 0x1c821501, 0x35231522, 0x372e2083, 0x23353733, 0x3735012f, 0x03233533, 
    0xa977010f, 0x15232d05, 0x35232723, 0x35333537, 0x27013f33, 0x2483f182, 0x04823520, 0x27202482, 0x35241c82, 0x010e1523, 0x272c3482, 0x37272317, 
    0x35333717, 0x1517013f, 0x212b2a82, 0x17353717, 0x07010e27, 0x5b17011e, 0x3c8305ef, 0x0507bc08, 0x03321623, 0x04021119, 0x1103686c, 0x7e400b01, 
    0x1507012f, 0x02064a07, 0x053f111e, 0x0805060d, 0x15020920, 0x06330118, 0x1b25580a, 0x0c1c1d01, 0x1570181c, 0x07024801, 0x0d100506, 0x280f1603, 
    0x44060b26, 0x1638290f, 0x050e0e04, 0x6c580607, 0x390d1a17, 0x0c5b231c, 0x09141c39, 0x0e060d1e, 0x21103e06, 0x0e0b6308, 0x550d151f, 0x1f3d1d10, 
    0x110b4b11, 0x28080f34, 0x3115082f, 0x010b0d60, 0xa9062986, 0x010b090b, 0x070a0b01, 0x2e510c21, 0x4c23aab4, 0x73fd1d07, 0x03321a65, 0x15152a45, 
    0x2e0b2308, 0x050e271d, 0x014e1b69, 0x0b1d0e96, 0x014c2a0c, 0x07090617, 0x820d0c04, 0x066b0805, 0x46011704, 0x0f070122, 0x690c0108, 0x172f2076, 
    0x09090b09, 0x040a0805, 0x1815090c, 0x677a1f30, 0xf9fe130c, 0x06174522, 0x0809070a, 0x18060909, 0x2009384b, 0x1a4c9a0a, 0x0c320c69, 0x1c43280b, 
    0x0a900494, 0x9f360929, 0x100c0909, 0x1213080c, 0x071f1304, 0x16471c16, 0x3b232239, 0x38284c1a, 0x0c080708, 0x23350b06, 0x480084a9, 0x083506e3, 
    0x01c00382, 0x0270013c, 0x00db02a7, 0x011e0100, 0x15011c15, 0x3f05830e, 0x15062223, 0x1c070630, 0x06140701, 0x1d140615, 0x06142301, 0x07012a07, 
    0x06230622, 0x012a2322, 0x27220282, 0x58182622, 0x07200c92, 0x15223884, 0x0882011e, 0x6c4d0720, 0x820c8208, 0x26272228, 0x82088222, 0x010f2702, 
    0x15231430, 0x26821614, 0xf4511720, 0x0e232705, 0x27233101, 0x2582012a, 0x25054f49, 0x37363435, 0x1c4e3436, 0x22352806, 0x013c3526, 0x82263431, 
    0x013d210f, 0x3e231982, 0x51333101, 0x37220859, 0x1453013e, 0x2e272108, 0x05824283, 0x33202686, 0x23058b7f, 0x013f013e, 0x3d20258a, 0x19820c82, 
    0x8205fc48, 0x49028208, 0x4782055a, 0x35013b22, 0x2d057352, 0x15011e15, 0x3317011c, 0x3a373632, 0x02823301, 0x3b011e23, 0x20138201, 0x05644b21, 
    0x35223382, 0x30823630, 0x011e1724, 0x18821f33, 0x1614172a, 0x22060517, 0x31062223, 0x3d4ecd82, 0x82152009, 0x201f844e, 0x89a6831e, 0x012a21a9, 
    0x22054141, 0x82011e25, 0x82152042, 0x06142159, 0x74823583, 0x06140723, 0x230c8215, 0x011d0614, 0x0a824a82, 0x22010f26, 0x06220706, 0x22223083, 
    0x06612326, 0x82648508, 0x05145205, 0x260c7241, 0x010e010f, 0x41012e27, 0x58820a73, 0x72412785, 0x06222506, 0x2634012b, 0x2505434a, 0x2622013d, 
    0x5a833027, 0x34222722, 0x22056541, 0x823c3526, 0x8534203d, 0x013d22ed, 0x4eeb8332, 0x025d09c0, 0x29628208, 0x012f2622, 0x013d012e, 0xf0523634, 
    0x3e332205, 0x05604a01, 0x20067441, 0x20658437, 0x0581413d, 0x2005c253, 0x27498633, 0x013b3632, 0x16323335, 0x25060141, 0x3a33013a, 0x6a823701, 
    0x8205a97f, 0x3216250e, 0x17011e33, 0x84077341, 0x2b2b8284, 0x2a05021f, 0x06222301, 0x31012a23, 0x410b0441, 0x6e410667, 0x7b082316, 0xf6630304, 
    0x024c2309, 0x02820101, 0x05060839, 0x210b0c11, 0x0a150b14, 0x20081209, 0x09040905, 0x110a0811, 0x82070606, 0x01043e2a, 0x02040203, 0x06080902, 
    0x16090910, 0x0e16080d, 0x0d19270e, 0x0c070613, 0x01060404, 0x32218431, 0x06030606, 0xab040303, 0x01040101, 0x02010202, 0x83070304, 0x1812243a, 
    0x83080706, 0x01012260, 0x2b1e8203, 0x07080101, 0x08091007, 0x09070811, 0x052c7582, 0x090e0306, 0x07071009, 0x0404030b, 0x09241f82, 0x02030205, 
    0x0a246c83, 0x08050507, 0x02201082, 0x062a0083, 0x05090303, 0x05050803, 0x86820207, 0x02050323, 0x82118204, 0x03042529, 0x110f0704, 0x012c2583, 
    0x180a3b01, 0x0c22160e, 0x0605130d, 0x05222583, 0x9582d801, 0x89820320, 0x05010330, 0x0a07080e, 0x04040402, 0x01020105, 0x9684a0fd, 0x0b040424, 
    0x97820607, 0x6f830220, 0x0309092a, 0x0e0f1506, 0x2d2a121f, 0x05326e82, 0x0c100404, 0x0c0c180b, 0x110a0a15, 0x0605f2fd, 0x3c820101, 0x82053041, 
    0x490121d8, 0x35824582, 0x06050731, 0x210b0b11, 0x09150a15, 0x2308120a, 0x82040804, 0x100a2106, 0x29053041, 0x01030101, 0x02040302, 0xed840902, 
    0x0d08102e, 0x0e0e1608, 0x130c1a28, 0x040a0707, 0x3220c182, 0x022d6882, 0x06030707, 0x01030203, 0x05090aac, 0x21558205, 0x6b821610, 0x41080621, 
    0x01210590, 0x21008203, 0x17830701, 0x41110721, 0x022c0730, 0x0d040505, 0x08110909, 0x01040a06, 0x03245f82, 0x04090402, 0x8f824182, 0x060b0325, 
    0x83080504, 0x2da48333, 0x04030501, 0x08030508, 0x01080506, 0x65820411, 0x0103062a, 0x08010406, 0x0403110e, 0x0b319a83, 0x0a120909, 0x160e190a, 
    0x120c0c22, 0x01070605, 0x24358201, 0xda010204, 0x827d8303, 0x0d042c51, 0x020a0908, 0xfbfd0203, 0x830a160b, 0x214a8270, 0x9c82060b, 0x14820220, 
    0x012b0383, 0x05050506, 0x200e0f14, 0x822e2a10, 0x05042c34, 0x0c0b1004, 0xf3020c18, 0x83080e06, 0x316d8287, 0x09010201, 0x080f0708, 0x08071009, 
    0x0108020a, 0x45410404, 0x02013705, 0x0f070607, 0x050c0807, 0x06060d06, 0x09070207, 0x02050302, 0x7f820104, 0x82030421, 0x3a3782ac, 0x01010505, 
    0x03030502, 0x02a90307, 0x070a0405, 0x140d1507, 0x0308180f, 0x82010103, 0x01022602, 0x030e1204, 0x29868404, 0x04020203, 0x02030503, 0xb5830301, 
    0x0d05073a, 0x0d0c190c, 0x1301020e, 0x15241111, 0x11112514, 0x08050314, 0x09110704, 0x02206582, 0x01286182, 0x03060903, 0x03030905, 0x022e2f83, 
    0x0604080a, 0x0d09090e, 0x090a0104, 0x7c820d08, 0x4f820720, 0x02206284, 0x02208082, 0x21058a41, 0x70511702, 0x213e8205, 0xc3840602, 0x02209a82, 
    0x01251c86, 0x03040304, 0x23968201, 0x05070203, 0xc420f882, 0x063b3782, 0x060a0403, 0x09040a07, 0x0201030b, 0x0402060a, 0x01040308, 0x10150602, 
    0x83050903, 0x050e25f8, 0x050501e4, 0x0c828482, 0x03070522, 0x052de582, 0x08070801, 0x10090810, 0x02090806, 0x6c5a8408, 0x58820993, 0x080e082e, 
    0x07040c08, 0x0705070c, 0x030a0702, 0xbe824e82, 0xdd520220, 0x83042005, 0x05052129, 0x05208282, 0x04224a82, 0x2f4107a8, 0x0b042605, 0x06171006, 
    0x82af8204, 0x05073303, 0x10060a06, 0x02010203, 0x01030205, 0x0a020201, 0x09830804, 0x04022008, 0x0c180c02, 0x03020e0c, 0x05010d0e, 0x14251102, 
    0x11122515, 0x08070213, 0x09100802, 0x82020907, 0x258d822d, 0x01040904, 0x3c570906, 0x83012005, 0x080a3100, 0x090e0506, 0x02040d09, 0x0c09070a, 
    0x07050504, 0x21051543, 0x08820101, 0x01226582, 0x2d821801, 0x06020225, 0x8201050b, 0x2e328219, 0x02040502, 0x02030402, 0x05030302, 0x82010103, 
    0xdf052902, 0x04020301, 0x050a0404, 0x0922b082, 0x6b84020c, 0x01050624, 0xde820704, 0x14070227, 0x0609040e, 0x21f78206, 0x4359060e, 0xa5092e08, 
    0x8701c003, 0x00009e01, 0x07061601, 0x05426715, 0x06220726, 0x27262223, 0x73460284, 0x06072209, 0x25158322, 0x15010e23, 0x1755010e, 0x05234506, 
    0x22212322, 0x14223b82, 0x02820706, 0x23010e23, 0x4502832e, 0xaf6205fe, 0x011d2105, 0x2408b546, 0x1f161415, 0x05c64601, 0x17011d22, 0x65832a82, 
    0x54592e20, 0x463e2005, 0x372206c7, 0x06503436, 0x23568206, 0x010f010e, 0x15225382, 0x6d55011c, 0x20058305, 0x49401815, 0x010e2208, 0x06235927, 
    0x35263423, 0x8466840e, 0x14152183, 0x0620c182, 0x1e867583, 0x86012e21, 0x2124841e, 0x7284022f, 0x36343523, 0x20748237, 0x21058430, 0xd4553335, 
    0x84322006, 0x05bb550e, 0x463a3321, 0xa0460671, 0x0b845509, 0x33363727, 0x16171632, 0x05366117, 0x08174618, 0x11833620, 0x5905ec48, 0x1520055e, 
    0x1e204682, 0x16244982, 0x011c1733, 0x15200283, 0x21051c48, 0x7e82013f, 0x37013a2e, 0x16173236, 0x15173332, 0x2517011e, 0x820aaf5d, 0x07546974, 
    0xa5092808, 0x04050402, 0x0c0b0c01, 0x1a0e0e1a, 0x04110d0c, 0x01010301, 0x0904d002, 0x03090606, 0x09080a02, 0x0601020b, 0x83010504, 0x01022e00, 
    0x04030602, 0x0d060507, 0x0503fe07, 0x3a14820a, 0x13070507, 0x0c150a0d, 0x0c0b180d, 0x0b080815, 0x070b0403, 0x01050808, 0x82050607, 0x0701231d, 
    0x21820207, 0x05062908, 0x0a0e040e, 0x0d0c170b, 0x0b090b16, 0x09020501, 0x1b220806, 0x01010201, 0x12060a0a, 0x13200e0d, 0x020f3829, 0x0106130d, 
    0x21058042, 0x3f820103, 0x0c130729, 0x12121f0d, 0x8204182a, 0x8203207c, 0x2c192612, 0x04191414, 0x29008201, 0x0d020606, 0x06100c0b, 0xac820303, 
    0x46820420, 0x11063808, 0x111e0d0c, 0x14122511, 0x05041427, 0x0406140f, 0x090a0b05, 0x0607050e, 0xf0060c07, 0x07090c04, 0x1004030c, 0x0b180c0e, 
    0x203d1d05, 0x1a19391f, 0x1713122b, 0x82030203, 0x02022541, 0x03020103, 0x26080a82, 0x05070902, 0x220c0e12, 0x3c3c2e15, 0x68595995, 0x2425623d, 
    0x19131337, 0x01070606, 0x05060601, 0x0c0c0509, 0x82020301, 0x03012100, 0x23087a83, 0x02070302, 0xb5010123, 0x04040702, 0x030b0207, 0x180b0c0f, 
    0x0d1a0d0e, 0x09030e0c, 0xfd010402, 0x15cefc92, 0x03300082, 0x050f0b32, 0x06070706, 0x020b0f05, 0x0d150a49, 0x8206df7c, 0x21ca82bb, 0x52820104, 
    0xe4850a83, 0x02050637, 0x06060a03, 0x0a06060c, 0x04040505, 0x12082203, 0x09100908, 0x24268204, 0x03010301, 0x2b2d8403, 0x14060507, 0x02021b0e, 
    0x0b060708, 0x20087a82, 0x02040203, 0x0809010a, 0x0c0f1708, 0x03040108, 0x08040305, 0x070b0405, 0x20432303, 0x03183920, 0x21238306, 0xb2820b06, 
    0x0e070735, 0x09012e3d, 0x14070209, 0x111f0e0e, 0x12122211, 0x82070f22, 0x060a3368, 0x04060b05, 0x5f350102, 0x1e43242a, 0x0404221f, 0xd3820308, 
    0x9a827082, 0x820c0d21, 0x03052177, 0x0126f382, 0x05040205, 0x5d820503, 0x05093808, 0x05020603, 0x02040302, 0x21214f2e, 0x372a1638, 0x03110d0e, 
    0x130a0a0a, 0x07060608, 0x0c090a11, 0x08080702, 0x03030b13, 0x02030202, 0x08080b03, 0x0f070710, 0x82080708, 0x210f82ab, 0x07820104, 0x0104012c, 
    0x05050503, 0x01020207, 0x03820101, 0x0d080730, 0x170b202e, 0x0f1b0d0c, 0x05030604, 0x1682050b, 0x03820720, 0x01030123, 0x831e8203, 0x05684505, 
    0x82060521, 0x16c73d50, 0x16152916, 0x0f050706, 0x100a290a, 0x00060606, 0x00000100, 0x4d02c0ff, 0x7600c003, 0x1e2a0c82, 0x011e1701, 0x27263637, 
    0x49543626, 0x062d4408, 0x17160622, 0x0e213982, 0x06455101, 0x3f363223, 0x0a375d01, 0x33010f25, 0x8215011c, 0x05ae591d, 0x22054465, 0x4b273436, 
    0x1524057c, 0x3e351614, 0x2e225784, 0x1b822701, 0x5d893420, 0x01342083, 0x050602fa, 0x03020605, 0x03080705, 0x0d0e010a, 0x0103100d, 0x052f0082, 
    0x02070603, 0x02040503, 0x0f130407, 0x48101a08, 0x2331050c, 0x05040302, 0x0e08070d, 0x01080707, 0x120a0124, 0x822a8208, 0x8205201a, 0x0207272a, 
    0x080d0404, 0xf382040b, 0x02080835, 0x0b080801, 0x0304020d, 0x01060601, 0x1905090b, 0x820a0815, 0x01280823, 0x0902cd02, 0x02030507, 0x0b0c0d03, 
    0x12060f1a, 0x0b190c0c, 0x09060c06, 0x0a07060e, 0x060a0403, 0x060a1006, 0x0b091116, 0x4a08ea82, 0x30010107, 0x06050703, 0x0805060b, 0x02010302, 
    0x02040131, 0x0209160c, 0x0b120601, 0x090a1a10, 0x1609040d, 0x0d04050e, 0x0e0f0309, 0x0904060a, 0x13050b13, 0x03110d0c, 0x14131906, 0x160c051a, 
    0x060a050a, 0x0b070b02, 0x5700020c, 0x1a2408f7, 0x3800c003, 0x82076b41, 0x010f22fe, 0x0683450e, 0x010e0726, 0x010e0307, 0x5e08ef55, 0x3e320aa2, 
    0x013c3701, 0x36372335, 0xdf011716, 0x07080e07, 0xc182040d, 0x01232f08, 0x26210203, 0x03060206, 0xcd090d03, 0x12111505, 0x1b101122, 0x0206090a, 
    0x1b2309ce, 0x080c1107, 0x2f03030a, 0x0124012b, 0x75020708, 0xc8820802, 0x06053208, 0x01300307, 0x083f3601, 0x1d1d2103, 0xdffe0d2a, 0x05040104, 
    0x1b0c0c10, 0x06140f0f, 0x190d2201, 0x0508030d, 0x06030704, 0x04023438, 0x01023101, 0x05234203, 0x031d0332, 0x000f01c0, 0x23220500, 0x2223012a, 
    0x27362623, 0x4d05f75e, 0x1b5708bf, 0x08af4d0d, 0x4c343721, 0x17230953, 0x82333616, 0x2acd8226, 0x3217013e, 0x16141730, 0x42140607, 0x05890560, 
    0x17011e22, 0x06240282, 0x011c0716, 0x17201485, 0x14852f82, 0x2105b645, 0x556e3236, 0x88268205, 0x56152035, 0x362508d9, 0x26363734, 0x85238237, 
    0x20388211, 0x06fe4c34, 0x77840720, 0x463a3721, 0x272006d9, 0x20055867, 0x06b95b26, 0x16362726, 0x31321433, 0x15206887, 0x5c05dc4e, 0xa791084b, 
    0x16281a82, 0xdf021514, 0x67333434, 0xdb7c0382, 0x02033605, 0x03030402, 0x0d050708, 0x23442207, 0x010a130a, 0x06050104, 0x231c8201, 0x03020504, 
    0x28081d82, 0x2e170a0c, 0x0b160a16, 0x090a1208, 0x21120912, 0x09120a0f, 0x01020101, 0x03020202, 0x08110402, 0x070a1308, 0x11080710, 0x08138208, 
    0x03060323, 0x01010102, 0x02050d06, 0x28140105, 0x050b0614, 0x05102616, 0x1b0e050a, 0x0810080d, 0x0f070103, 0x06084406, 0x2c820683, 0x050c0525, 
    0x84010603, 0x11072d0c, 0x060d0708, 0x0a08130b, 0x01010b15, 0x98820a82, 0x25053644, 0x0f020503, 0x92820f1d, 0x03050225, 0x820e1d0e, 0x0103252e, 
    0x01040301, 0x0e288682, 0x160c0817, 0x0108030c, 0x01227884, 0xd34a0102, 0x201d8208, 0x23a18201, 0x03050401, 0x06350182, 0x130a0a01, 0x070e0809, 
    0x02070e07, 0x170b0206, 0x0b180c0b, 0x24f38209, 0x13092045, 0x2b5a8209, 0x08070804, 0x1e0f0910, 0x21422110, 0x0a26aa82, 0x130b050f, 0x4d83050a, 
    0x0403032f, 0x05080e07, 0x04010701, 0x170b0408, 0x3499820a, 0x08060c0b, 0x0c06080f, 0x080d0707, 0x0d030803, 0x04020d1a, 0x2f828202, 0x030b130a, 
    0x21110607, 0x03060310, 0x05111a09, 0x05301484, 0x0c190c02, 0x07030704, 0x1009070f, 0x05090509, 0x0f222882, 0x6d82101f, 0x10211036, 0x03091108, 
    0x05010101, 0x030d180b, 0x02030305, 0x060b0601, 0x0422c382, 0x08830409, 0x02210383, 0x2ae68203, 0x04070401, 0x0d0a160a, 0x82010c18, 0x0b0d3600, 
    0x050e1d0f, 0x1f0f060b, 0x0f1d0f0f, 0x0e0c160b, 0x150b0f1c, 0x2b34820b, 0x080a150a, 0x190d0912, 0x050d070d, 0x083fad82, 0x4b260a10, 0x00050026, 
    0x03c0ff00, 0x01c0032f, 0x02e401ad, 0x02610218, 0x05000083, 0x4227013c, 0xfe420ae9, 0x36372205, 0x85088634, 0x2636211a, 0x2608f361, 0x35223027, 
    0x45072622, 0x14220553, 0x60181706, 0x08870870, 0x22052151, 0x49012e27, 0x072205c8, 0x3d492230, 0x3c372505, 0x22063501, 0x25052444, 0x27263435, 
    0x8051012a, 0x06142206, 0x433b8207, 0xbd490585, 0x82088508, 0x26362686, 0x23302635, 0x25238426, 0x2217011e, 0x0b852706, 0x15236e84, 0x85151606, 
    0x6206203e, 0xb05a0a77, 0x05884308, 0x1506142a, 0x2a170616, 0x013c2301, 0xf743d483, 0x26342111, 0x9e82a183, 0x35363022, 0x3520ef84, 0x3c210b82, 
    0x05a15c01, 0x8508c851, 0x09c249b9, 0x37013e23, 0x20748436, 0xe36a1816, 0x37322808, 0x3033013a, 0x84323116, 0x011e2217, 0x46c58433, 0x0582054b, 
    0xbc513b82, 0x89118805, 0x011c2708, 0x15011c17, 0xce821406, 0x440b9752, 0x1d820927, 0x0123c282, 0x82150616, 0x1430232a, 0x7a181431, 0x57820948, 
    0x013e3523, 0x05b34135, 0x27363423, 0x85c68334, 0x413f86ae, 0x152005a5, 0x41051444, 0x3720072a, 0x32229d82, 0x25603536, 0x0ae94608, 0x27243682, 
    0x17011e05, 0x26254983, 0x37263637, 0x06d6653c, 0x23205582, 0x8208f645, 0x872382ad, 0x843320fe, 0x161521f5, 0x200c1745, 0x42208215, 0x2e20093a, 
    0x0c636718, 0x2509366d, 0x0601df02, 0x01820305, 0x02010422, 0x2007c043, 0x82008401, 0x05c04310, 0x03080129, 0x080c160c, 0x82020e17, 0x0304240f, 
    0x43030101, 0x0e8305fe, 0x02022808, 0x04040401, 0x130a0508, 0x040a050b, 0x0108150b, 0x03020202, 0x020a1309, 0x0d1d1001, 0x08010404, 0x2b150710, 
    0x82030415, 0x08022428, 0x83020811, 0x0202243b, 0x83060303, 0x28108208, 0x0a071007, 0x11080813, 0x05f14904, 0x09335382, 0x210f0a12, 0x09120912, 
    0x0b08120a, 0x2e160a16, 0x830c0a17, 0x05022231, 0x34798204, 0x02040601, 0x130a0104, 0x22442409, 0x07050d07, 0x04030308, 0x05a04302, 0x0c01032c, 
    0x01010b17, 0x03010303, 0x13820507, 0x1b2d4282, 0x170c1c34, 0x0901020c, 0x04010311, 0x20388202, 0x2a038203, 0x03040101, 0x050d0f03, 0x83020101, 
    0x04023226, 0x0b050a0d, 0x0a140907, 0x070a150a, 0x0804050f, 0x221f8204, 0x820a0c05, 0x09052c9a, 0x060c0604, 0x060e0a01, 0x8207120b, 0x0f082459, 
    0x820f0708, 0x090528ed, 0x0a040811, 0x82190c08, 0x01033581, 0x130b0202, 0x02040208, 0x0a050c06, 0x150b060d, 0x010a070b, 0x83054a49, 0x22d28206, 
    0x82020104, 0x0c092152, 0x0925ab82, 0x01d6fe04, 0x22328202, 0x82070e06, 0x824618a0, 0x2e28820b, 0x15080401, 0x04060309, 0x05070e07, 0x8292050b, 
    0x822982c6, 0x01012b2d, 0x11070405, 0x03050209, 0xf1821008, 0xea4f1482, 0x01012705, 0x08030201, 0x5e820b14, 0x09100827, 0x2e17f4fe, 0x21118217, 
    0x04820301, 0x080f0623, 0x27448203, 0x06040b17, 0x050a0503, 0x14822782, 0x130a0127, 0x0509040a, 0x2bbd820a, 0x01010105, 0x07010403, 0x0e1e0f05, 
    0x02216183, 0x23058231, 0x0c040403, 0x04236382, 0x820d1a0d, 0x0e08221b, 0x3d938205, 0x02020503, 0x3d1e0301, 0x4b260a1e, 0x07110926, 0x06030805, 
    0x190d070d, 0x0911090d, 0x4e82150a, 0xf1820420, 0x0e1d0e2e, 0x0f0b170b, 0x1e0f0f1d, 0x050a070f, 0x0b210882, 0x3260820d, 0x0c190c01, 0x040a160a, 
    0x0d060407, 0x060b0606, 0x82040904, 0x05023c8e, 0x03070301, 0x09090401, 0x04010201, 0x0a060307, 0x09090104, 0x02050802, 0x82070405, 0x01052116, 
    0x0c292582, 0x0e060106, 0x03030107, 0x21af8205, 0x91830a13, 0x07040825, 0x4507070d, 0x0b2006f8, 0x0b248482, 0x08040b16, 0x013bc382, 0x070e0805, 
    0x01030304, 0x05040101, 0x050b130a, 0x10080a0f, 0x21422108, 0x82101e10, 0x82072008, 0x01032d23, 0x20091309, 0x0d072245, 0x0c180b09, 0x022bab82, 
    0x0e070206, 0x080e0707, 0x820a1309, 0x140a28bd, 0x0206030a, 0x820e1c0e, 0x22298250, 0x8218361a, 0x02012423, 0x820d1108, 0x010124bc, 0x82091209, 
    0x3d1e2c27, 0x0103011f, 0x01070d08, 0x820a0201, 0x05152493, 0x82040702, 0x28488208, 0x070d1e10, 0x0506050e, 0x26858502, 0x04040703, 0x820b0805, 
    0x820220df, 0x070a2603, 0x020e190b, 0x20018203, 0x2a1f8201, 0x10070407, 0x02060609, 0x82010304, 0x0102232c, 0x27841207, 0x05020330, 0x1c0d0710, 
    0x0c14090d, 0x14040803, 0x38821429, 0x070e072b, 0x100d1b0e, 0x170c1020, 0x2408820c, 0x0f112011, 0x2b1d821d, 0x264a2605, 0x06043203, 0x3b783b04, 
    0x01235182, 0x82020604, 0x07032e3d, 0x0c190c03, 0x06091109, 0x1d0e060c, 0x82c5820f, 0x0b062641, 0x08110a06, 0x20b08203, 0x26038302, 0x12231133, 
    0x82070f07, 0x24f082ce, 0x05030807, 0x339f8306, 0x03030504, 0x03060302, 0x0e0d190d, 0x0a050e1c, 0x050b0505, 0x2605426e, 0xa7010402, 0x82030b05, 
    0x4020253b, 0x12251220, 0x03292182, 0x130b0205, 0x01030409, 0x82be8204, 0x020131a0, 0x0b170b02, 0x09040101, 0x09040204, 0x05080305, 0x0d288282, 
    0x0e080c1a, 0x0c180c05, 0x07261d82, 0x07c00710, 0x7382060c, 0x060b072f, 0x03010204, 0x03010305, 0x0d160a02, 0x27148205, 0x0a050a13, 0x0d190e04, 
    0x2608eb4a, 0x00c003c0, 0x69000093, 0x0146056a, 0x32342206, 0x08036133, 0x37321625, 0x4515011c, 0x3a200548, 0x2006e645, 0x050d4635, 0x870b6b65, 
    0x2e072211, 0x05c35001, 0x22262724, 0x3b4a0607, 0x097b470c, 0x2507954c, 0x23062635, 0x45472622, 0x21388308, 0xb8463626, 0x26362706, 0x0203f837, 
    0xbf820102, 0x11080223, 0x34088308, 0x15040301, 0x1007152b, 0x04040108, 0x01101d0d, 0x130a0101, 0x25238209, 0x15080102, 0xd882040b, 0x050a142d, 
    0x04040408, 0x02040301, 0x83070d06, 0x0a15241f, 0x820b1308, 0x1009250b, 0x01010307, 0x06234c82, 0x430b0603, 0x0c82059c, 0x013e1083, 0x070f0602, 
    0x10080301, 0x0e1b0d08, 0x10040b05, 0x0b051626, 0x14281406, 0x05020602, 0x3483060d, 0x0a080231, 0x09050a13, 0x01030305, 0x01060e07, 0x82060c06, 
    0x09053363, 0x04070104, 0x08050205, 0x01090902, 0x03060a04, 0x52820407, 0x16820920, 0x6b820320, 0x03020527, 0x04010406, 0x294b8202, 0x03030201, 
    0x180d0305, 0x4c82050b, 0x11090338, 0x10211008, 0x10081009, 0x03020f1f, 0x05090501, 0x07091009, 0x3e82070f, 0x0d180c23, 0x32378202, 0x05040201, 
    0x03091a11, 0x21100306, 0x03070611, 0x820a130b, 0x04022228, 0x08b34102, 0xc003ed26, 0x00001200, 0x3c058059, 0x33163637, 0x0e230616, 0x22060701, 
    0x02a50223, 0x0e1d0e03, 0x01030403, 0x1d0f0103, 0x2308820f, 0x0d065802, 0x25058150, 0x0b060203, 0x2b4c0106, 0x1c022105, 0x36204382, 0x3e204382, 
    0x2d052948, 0x011e1716, 0x15061617, 0x16150614, 0x4c831506, 0x14071423, 0x06d74806, 0x9d4b0620, 0x30353806, 0x34263134, 0x27363435, 0x0b05b501, 
    0x070e0705, 0x0a030604, 0x18040814, 0x210a7852, 0x64820102, 0x09120925, 0x41060e07, 0x282005bd, 0x01200682, 0x03230383, 0x450a1108, 0x092b057f, 
    0x1d0f0913, 0x060c060e, 0x82091109, 0x070324f4, 0x82020503, 0x01042a9c, 0x3b010203, 0x06043b78, 0x098b4d04, 0xa7829c20, 0x00003325, 0x48361601, 
    0x1e200683, 0x840a5947, 0x87fa84a1, 0x49ce82a1, 0x022808e2, 0x08100947, 0x0b020403, 0x0121a185, 0x21648201, 0x8a820402, 0x08030322, 0x05211882, 
    0x231e8202, 0x02010404, 0x01289d84, 0x02070502, 0x020401f5, 0xa882cb82, 0x052fde82, 0x1c0e050a, 0x0d190d0e, 0x03030603, 0x84050302, 0x05062729, 
    0x0a070803, 0xe1830a14, 0x12070f24, 0x9a821123, 0xff000025, 0x829901c0, 0x824820a7, 0x4a2e200c, 0x36210d63, 0x059d4834, 0x4a062854, 0x3c210515, 
    0x08755901, 0x16323722, 0x2c051c48, 0x07011c15, 0x06071614, 0x06141516, 0x21448215, 0x97823b01, 0x0f010129, 0x06050f1e, 0x82040302, 0x04012b95, 
    0x0b110804, 0x0a040805, 0xb4840a13, 0x82010221, 0x06032ba2, 0x0c160c03, 0x08030705, 0x1582060f, 0x03820320, 0x2e170128, 0x074e0217, 0xea820710, 
    0x0c180c34, 0x0c080e05, 0x11090d1a, 0x03080509, 0x02040905, 0x4d820904, 0x0b170b22, 0x072f1d82, 0x0303070e, 0x03010401, 0x0b130904, 0x82030502, 
    0x25122bec, 0x20402012, 0x03020101, 0xdb87050b, 0xdb820a20, 0x0c822120, 0x4308bb4a, 0x3a4205a5, 0x011e210b, 0x1528c682, 0x3d1e0a01, 0x0201031e, 
    0x01224a82, 0x78820201, 0x03040126, 0x040d1a0d, 0x0c247882, 0x02030404, 0x0e3d5582, 0x040e190d, 0x130a050a, 0x050c0609, 0x020a160d, 0x05030103, 
    0x04020103, 0x09070b06, 0x20148212, 0x086b5507, 0x82d40421, 0x00dc2277, 0x367982ec, 0x1615011e, 0x011c1514, 0x15010e07, 0x0614010f, 0x2707011d, 
    0x5c23012a, 0x212009c7, 0x8206fe49, 0x222b82a2, 0x4b15011c, 0x0e82052b, 0x27010e2b, 0x2e232622, 0x06262701, 0x24308507, 0x010e010f, 0x8244821d, 
    0x067f6e32, 0x89413c86, 0x220d8606, 0x6d062223, 0x232405f5, 0x23272622, 0x2d0cc654, 0x35013e35, 0x2231013c, 0x26223534, 0x1c5d2335, 0x08385505, 
    0x012e2722, 0x155d2c82, 0x4235200c, 0x212e06bb, 0x011f1632, 0x013e3721, 0x32333537, 0x18773336, 0x82012005, 0x2d8e8268, 0x32013b16, 0x34013d36, 
    0x02ce0426, 0x00820103, 0x0108033d, 0x07010a04, 0x13180505, 0x04030501, 0xfe020104, 0x0b050ee1, 0x060e0707, 0x84020806, 0x0a0d3a00, 0x0d0e1709, 
    0x1e10101d, 0x09150b0e, 0x02071009, 0x06061b15, 0x05060109, 0x081f8205, 0x02030735, 0x03030502, 0x06040407, 0x01040202, 0x02040205, 0x01020102, 
    0x0a050606, 0x13010404, 0x14261312, 0x0c07453d, 0x05010e19, 0x080e0506, 0x09091109, 0x8202060f, 0x2e248279, 0x04010505, 0x05080401, 0x0b111a09, 
    0x8205030e, 0x0853827c, 0x05050931, 0x0e08080d, 0x25120505, 0x03151213, 0x03016702, 0x44010501, 0x06090304, 0x03030103, 0x08050702, 0xeafd060e, 
    0x090908e2, 0x0808e208, 0x824e0308, 0x10073756, 0x0f1e0f09, 0x0505140f, 0x06080206, 0x01030a06, 0x070f0801, 0x74820706, 0x84060221, 0x0104309d, 
    0x060c1206, 0x1409090e, 0x07170f0b, 0x18030907, 0x20084c42, 0x39548202, 0x05030406, 0x0a0b1318, 0x0f090711, 0x12050807, 0x0f1c0c0e, 0x09071911, 
    0xd082030d, 0x42820320, 0x09060423, 0x350b8203, 0x02010101, 0x191a0304, 0x1e331515, 0x1e1e3a1e, 0x2c1b1a38, 0x1b820612, 0x82040221, 0x020222f5, 
    0x82da8404, 0x0b0e2207, 0x2bec8206, 0x0b090810, 0x13170202, 0x12142a15, 0x0a317482, 0x05021503, 0x0c080803, 0x05020103, 0x0b0e0304, 0x274f8205, 
    0xeafe1416, 0x09500a09, 0x50230082, 0x8200090a, 0x04290800, 0xc0ff0000, 0xc0038603, 0x15000a00, 0x4b003100, 0x26250000, 0x27010f06, 0x1737013e, 
    0x2e270527, 0x37010f01, 0x0717011e, 0x05a17403, 0x37323322, 0x36221982, 0x19823435, 0x23262732, 0x010e0722, 0x33050607, 0x010f1632, 0x2f061617, 
    0x68080c82, 0x27013f26, 0x013b3626, 0x1f323637, 0x0ae90201, 0x762a0510, 0x65337c46, 0x2a7afe9b, 0x9a091102, 0x437c3265, 0x1e1fe376, 0x50464769, 
    0x69464750, 0x1f1e1e1f, 0x50474669, 0x69474650, 0xb6011f1e, 0x0606097b, 0x0f042768, 0x06656506, 0x65270310, 0x7c080707, 0x02120227, 0x0a026b28, 
    0x06cd9a09, 0x2ab12a35, 0x0a099aab, 0x24078202, 0x02cd0635, 0x8444917d, 0x0f1e345c, 0x08794904, 0x49490609, 0x79080906, 0x790f0449, 0x46790808, 
    0x0321052b, 0x08ef82b4, 0x00001447, 0x07371701, 0x25170725, 0x27032717, 0x37053707, 0x17272127, 0x50da0137, 0x2d0178d5, 0xd3fefefe, 0x603fda7d, 
    0xe7fe6bd6, 0x0a01fafa, 0x034fe86e, 0xf89ffeb3, 0x0da9ab1f, 0xd8febbea, 0x0ff69ff0, 0x72cbbb8c, 0x065344fe, 0x64df0221, 0x23201a43, 0x20335b6b, 
    0x085b6bbf, 0xfe0b0c25, 0x6b0c0be1, 0x0c37075b, 0x1330170b, 0x04070814, 0x96b10c10, 0x040c094b, 0x06070404, 0x6b170c14, 0x4b210a5b, 0x055b6b42, 
    0x4d4b4223, 0x22018251, 0x6b67244c, 0x0e24135b, 0x070d0606, 0x26065b6b, 0xff000002, 0x841404c0, 0x825420c3, 0x072721d2, 0x17200183, 0x03840582, 
    0x06020f2d, 0x2e012f22, 0x17033f01, 0x87372737, 0x37272803, 0x021f3236, 0x60012e37, 0x1f2405ac, 0x27010701, 0x32080c85, 0x011f1632, 0x35230501, 
    0x15231523, 0x35331533, 0x10b10233, 0x092c2b2c, 0x092f092d, 0x0a2f0a2e, 0x102b0a2d, 0x070d0720, 0x070106a7, 0x0b2b3c20, 0x822e0a2d, 0x08178303, 
    0x3c012c2f, 0x0d060d07, 0x010a2635, 0x060c060a, 0x67070b04, 0x41d8fe35, 0x02010607, 0x1307080a, 0x0801130c, 0x5a876301, 0x875a8888, 0x2c3b6501, 
    0x83538502, 0x092d2557, 0x071f3d2c, 0x0d245282, 0x2b112007, 0x4e836282, 0x2b375284, 0x0d06063c, 0x160c2604, 0x0304060a, 0x67070801, 0x16d8fee3, 
    0x82060902, 0x03042a54, 0xa8080107, 0x8d5a8e8e, 0x0547758d, 0x03610237, 0x0df30cc0, 0x01000012, 0x27352230, 0x34233430, 0x22353126, 0x25028234, 
    0x26342731, 0x1183013d, 0x62233021, 0x302d0534, 0x22263134, 0x27263431, 0x27343035, 0x26288235, 0x22352634, 0x82273526, 0x8511831d, 0x013c213c, 
    0x13843b82, 0x07844d82, 0x14822882, 0x51822583, 0x26236382, 0x82223423, 0x23272351, 0x36822630, 0x3d823520, 0x26302722, 0x59822c82, 0x35233124, 
    0x14823432, 0x15823120, 0x3b826584, 0x1f823482, 0x23323082, 0x2e312622, 0x012a2701, 0x3d343023, 0x37013c01, 0x2a833630, 0x31343222, 0x91835e82, 
    0x0a832982, 0x54824a83, 0x3d013c23, 0x262b8201, 0x23062215, 0x82143015, 0x15312302, 0x0682011c, 0x1c011d2a, 0x011c3101, 0x1430011d, 0x09840682, 
    0x0c822682, 0x2206152a, 0x07010e23, 0x15072230, 0x02821082, 0x86140721, 0x30152a10, 0x06140706, 0x15010e31, 0x84438207, 0x14302e32, 0x2223011d, 
    0x0e072306, 0x30010f01, 0x21138206, 0x64832231, 0x17246786, 0x15163015, 0x3005eb54, 0x32171430, 0x32161716, 0x33163233, 0x013b3230, 0x82b8823a, 
    0x3336210c, 0x8f894a83, 0x11920987, 0xa983ac8d, 0xda851189, 0x0983d383, 0xe489d982, 0x5d86f593, 0x51836491, 0x41061741, 0x3a21091e, 0x05214101, 
    0x16321525, 0x87013a15, 0x0d4a41b0, 0x011c3322, 0x3120108d, 0x840d6541, 0x246f894d, 0x012a011d, 0x055f4123, 0xfb643120, 0x14072c05, 0x012a2306, 
    0x23062207, 0x8223010e, 0x06222205, 0x82068307, 0x84158226, 0x012b2118, 0x1f872982, 0x31202885, 0x30201e82, 0x21059d41, 0x1d820706, 0x3106142b, 
    0x22150630, 0x06301506, 0x20508231, 0x230c8407, 0x23221431, 0x14205c82, 0x15211583, 0x825d8207, 0x06222109, 0x1c211586, 0x82248301, 0x1431242b, 
    0x82010f06, 0x82428236, 0x225e83b9, 0x8223011c, 0x82b38202, 0x05ec411a, 0x06203482, 0x06211385, 0x82278215, 0x076d4103, 0x8205f441, 0x3014219c, 
    0x07202082, 0x82056842, 0x140621f3, 0x82096a41, 0x83312009, 0x0b1841dc, 0x23201382, 0x2c414682, 0x4186850e, 0xe44106b8, 0x06254205, 0x2b821382, 
    0xe4413120, 0x411a870c, 0x1d8208f5, 0x22422184, 0x08514205, 0x16247783, 0x1416011d, 0x1623cc85, 0x82141531, 0x41aa820e, 0x1d2708e9, 0x17011e01, 
    0x8a331430, 0x82218213, 0x3217241e, 0x83321514, 0x82312037, 0x8215201e, 0x21138221, 0xb5841630, 0x14151623, 0x24088232, 0x1d141631, 0x82158201, 
    0x011e2725, 0x1d163015, 0x1f861401, 0x28823120, 0x31011e24, 0x37821614, 0x09821584, 0x16321725, 0x841c1731, 0x8259826b, 0x011c2c1d, 0x14301715, 
    0x33301415, 0x8233011c, 0x16322139, 0x08829c82, 0x32301529, 0x15163015, 0x84313216, 0x82332042, 0x213a820b, 0x08851614, 0x5a841720, 0x33200b82, 
    0x15207384, 0x30212382, 0x27358416, 0x16323116, 0x31163233, 0x32241782, 0x32141716, 0x33211482, 0x836f821e, 0x82312038, 0x011c211a, 0x02828282, 
    0x02821482, 0x013a1724, 0x2d823317, 0x32231882, 0x85013b16, 0x831a8a34, 0x1630251f, 0x011e1733, 0x93822984, 0x82051f59, 0x5f36825a, 0x3120052d, 
    0x24061b67, 0x3e373230, 0x25128501, 0x37363033, 0x0b823632, 0x82333721, 0x24028206, 0x36333230, 0x220b8232, 0x82013a31, 0x2005822d, 0x22118237, 
    0x82353630, 0x2434830e, 0x3a373634, 0x83028501, 0x36302127, 0x27822a82, 0x42854386, 0x3f363426, 0x31343201, 0x3e210c82, 0x82188201, 0x3e352340, 
    0x0b843101, 0x37251482, 0x34313630, 0x830e8236, 0x3630287a, 0x3f013e33, 0x83343001, 0x36342252, 0x201c8233, 0x203a8237, 0x253d8236, 0x36323534, 
    0x13823537, 0x31323622, 0x30213b82, 0x200b8234, 0x253b8231, 0x3a353436, 0x38823501, 0x37200f82, 0x2e829882, 0x15843184, 0x85333421, 0x2324825d, 
    0x31013c37, 0x30230683, 0x82013f34, 0x3634250a, 0x34303735, 0x31211182, 0x24588237, 0x33013c35, 0x8245823c, 0x8357842f, 0x3235221b, 0x23688234, 
    0x35323035, 0x37206b85, 0x4d820682, 0x32223b82, 0x0b843534, 0x37353329, 0x3037013c, 0x82353334, 0x213e8314, 0x11833136, 0x1c823520, 0xd2823720, 
    0x1a851184, 0x013c3123, 0x8375833d, 0x82342012, 0x840f82a5, 0x34302112, 0x32830985, 0x3d204384, 0x3283fb82, 0x1c836084, 0x1b82108e, 0x27231a86, 
    0x82263435, 0x2056890a, 0x20118535, 0x82068326, 0x30352455, 0x83013d26, 0x35262822, 0x23263427, 0x8427013c, 0x20658211, 0x20188234, 0x22788422, 
    0x82312634, 0x841e83ab, 0x82262057, 0x07bf4636, 0x22342322, 0x34214484, 0x212a8235, 0x3d832e35, 0x82273421, 0x30272125, 0x31217583, 0x05fb4627, 
    0xd4822f20, 0x76475a83, 0x012e2205, 0x221e8223, 0x82012a27, 0x2215832f, 0x82232630, 0x012e2618, 0x23262231, 0x82978234, 0x2289821f, 0x83262227, 
    0x2622221f, 0x210f8231, 0x0e822622, 0x0b821c82, 0x2a012b23, 0x223e8301, 0x82232226, 0x012a212f, 0x23218182, 0x833b832a, 0x211a8221, 0x4e823023, 
    0x4b832620, 0x21841b82, 0x21823482, 0x30222723, 0x82338235, 0x4717822a, 0x874705d0, 0x0c1e4106, 0xaa823d20, 0x97411090, 0x064a410c, 0x41013d21, 
    0x35380595, 0x30353632, 0x32363532, 0x31143233, 0x32311614, 0x14301716, 0x17143033, 0x31260b84, 0x3215011c, 0x0c823116, 0x32173324, 0x22821516, 
    0x14200d82, 0x16202282, 0x21065c44, 0x2b82011e, 0x1c011f27, 0x14163301, 0x2f218215, 0x1c331630, 0x1c173101, 0x16011f01, 0x011e3114, 0x17290282, 
    0x31143015, 0x1f161415, 0x203b8201, 0x2111831c, 0x2682011d, 0x83301421, 0x82322029, 0x15142335, 0x2083011e, 0x16301527, 0x31321617, 0x823f821c, 
    0x25348209, 0x1c333214, 0xdb461701, 0x16302205, 0x83028231, 0x1514218e, 0x33202182, 0x14218483, 0x82248217, 0x16142115, 0x15219982, 0x85638217, 
    0x254882af, 0x33161431, 0x68831614, 0xc8823120, 0x15011e22, 0x2183d484, 0x4b852c82, 0xc1453b82, 0x23098406, 0x16321531, 0x2e83cb82, 0x3021cd82, 
    0x82448314, 0x83388268, 0x1c172135, 0xd0454283, 0x17162105, 0xc6474c82, 0x45312009, 0x6847063e, 0x011d2105, 0x07843485, 0x47095046, 0x93820ed0, 
    0x4706e345, 0xa88205c0, 0x82311421, 0x46078352, 0x0a820a50, 0x013a1526, 0x17143017, 0xae831b84, 0x83054b46, 0x9e12825d, 0x010e2c02, 0x23012a23, 
    0x2215010e, 0x49010f06, 0x87840518, 0x31141622, 0x2c053045, 0x3633013a, 0x36343332, 0x36303337, 0x06444435, 0x35013e22, 0x2106ba43, 0xb0433634, 
    0x1fc3430c, 0xb2433120, 0x85352006, 0x32342137, 0x4a065943, 0x9442050c, 0x23109010, 0x35263431, 0x440a1a4a, 0x46820828, 0xb7425a83, 0x8235200a, 
    0x2403821b, 0x3430013d, 0x0a2a4431, 0x84013c21, 0x8611893f, 0x093c4423, 0x78840984, 0x4a342621, 0x4b8b0689, 0x1806be44, 0x82090769, 0x20028b51, 
    0x226f8237, 0x82333034, 0x4b302012, 0x3d290704, 0x35342201, 0x34232234, 0x20be8226, 0x205a8423, 0x82c78227, 0x2622261f, 0x013c2723, 0x22538323, 
    0x82312630, 0x3426256f, 0x27012a35, 0xa5446f82, 0x82312006, 0x822e20c5, 0x23e884b2, 0x35223035, 0x2e232685, 0x82013d01, 0x201d8238, 0x0525452f, 
    0x2e352322, 0x3682d884, 0x23823120, 0x31200282, 0xea841f82, 0x2005bd44, 0x05ab4422, 0x27263422, 0x35201b82, 0x31201384, 0x83823282, 0x2205bf44, 
    0x84012f34, 0x229d829e, 0x82262235, 0x27232758, 0x35273430, 0x95823422, 0x26204682, 0x3c212584, 0x836e8201, 0x236386c4, 0x30342723, 0x94867182, 
    0x09832282, 0x13825c82, 0x35203d82, 0x35205082, 0x7d45d082, 0x44272008, 0x2a2205b6, 0x86823101, 0x30215d82, 0x20288234, 0x05094123, 0x31263022, 
    0x3c202f83, 0x8784c582, 0xe2821982, 0x8506754c, 0x241b8290, 0x013d2230, 0x233e832e, 0x2622013d, 0x2b052541, 0x30150135, 0x011c2314, 0x15061431, 
    0x34222183, 0x5b42013d, 0x42372005, 0x012205cc, 0x531801dd, 0x50180a84, 0x02200d7e, 0x07990e87, 0x08282288, 0x0201070f, 0x2a552901, 0x04232b87, 
    0x18010408, 0x510d7d51, 0x4e8a0832, 0x54010321, 0x1b820526, 0x82030121, 0x0b05220a, 0x26058206, 0x03040201, 0x82060301, 0x0101251c, 0x050b0601, 
    0x43844889, 0x02060222, 0x03832482, 0x09e65318, 0x2b821882, 0x09824383, 0x2c847786, 0x18822982, 0x3e52118c, 0x86058905, 0x8c63188f, 0x18fd9c0e, 
    0x8910e553, 0x86e6903c, 0x8a4f8e2b, 0x090f419c, 0xc0820220, 0x03020122, 0x2005f457, 0x820c8401, 0x02012227, 0x05ac5904, 0x0a821a82, 0x21821182, 
    0x01020325, 0x83030202, 0x84f08476, 0x02012126, 0x02258686, 0x0d1a0d01, 0x204d8201, 0x83048204, 0x01032302, 0x03820502, 0x5d850a82, 0x3b413c82, 
    0x04022105, 0x0c830a84, 0x06825482, 0x8505da6b, 0x20058263, 0x87858201, 0x096c6b54, 0x0c841582, 0x7d85c487, 0x03205d82, 0x11fd5d18, 0x8c193c42, 
    0x10514119, 0x55184987, 0x2f8c0992, 0x91410caa, 0x4203200d, 0x17830834, 0xc0590220, 0x84138205, 0x236c8a17, 0x04020103, 0x26074f41, 0x01030101, 
    0x41030804, 0x04220585, 0x35820102, 0x16227f87, 0x8aaa162c, 0x53182a9b, 0x279b0be9, 0x37411b8d, 0x21e68409, 0xab830403, 0x89088641, 0x0edd422b, 
    0xe9411888, 0x42f78805, 0x6b8d0ea5, 0x44900da7, 0x8350fe21, 0x8202203a, 0x0bf64205, 0x43151843, 0x68181097, 0x1142109e, 0x9051880d, 0x0bd94475, 
    0x0e881c8e, 0x13145818, 0xf8978191, 0x4391c199, 0x208a818e, 0x0d9d6518, 0x1b88278d, 0x0a20509f, 0x0320a384, 0xeb410584, 0x94e08f0b, 0x85738db2, 
    0x8df39044, 0x13954124, 0x01203290, 0xc69a8987, 0x99a23488, 0xfd44608e, 0x0d8e4407, 0x0c8abe8c, 0x8e05f944, 0x13fd4642, 0xae452293, 0x8c289314, 
    0x17744313, 0x5818248c, 0x85471086, 0x41288a0a, 0x678e337e, 0x558e0e92, 0x3c457a91, 0x41418b0d, 0x47990caf, 0x4f8b198e, 0x41077245, 0x518c0701, 
    0xac41ac92, 0x82578e0c, 0x214e891b, 0x5a8f0101, 0x1f8e4d9f, 0xf8465c8d, 0x0fae410c, 0x0a016a18, 0x3c8d4486, 0xa9455988, 0x416f8e0c, 0x33420a77, 
    0x944c8d0e, 0x0752410d, 0xbc411c91, 0x437f8e19, 0x45441f9f, 0x1127420f, 0x0e8d508e, 0x4809d841, 0x0120066d, 0x8a059448, 0x09b04125, 0x9e0dde45, 
    0xae5f180d, 0x25ae8915, 0x01010301, 0x44890401, 0x03020429, 0x03080501, 0x82040805, 0x08042702, 0x05090404, 0x02820804, 0x0b840420, 0x01211483, 
    0x0d474103, 0xfd41c98d, 0x8d248d08, 0x053a6f0d, 0x41067a49, 0xb08934cf, 0x4315c241, 0x0c8c0c29, 0x9691ae8c, 0x01289483, 0x05010103, 0x02060202, 
    0x1e62ff8e, 0x120e4c05, 0x8846538c, 0x86859917, 0x99c98831, 0x43af8d29, 0x459f1459, 0x900cc942, 0x8d108db8, 0x211b866e, 0x248bb3fe, 0x3008228b, 
    0x00020000, 0x0bc0ff00, 0x02c0039d, 0x00ad0279, 0x21270100, 0x012f012a, 0x22060723, 0x3c37012b, 0x012e3501, 0x022f3523, 0x0e070622, 0x14010f01, 
    0x05427b06, 0x765f1720, 0x83232006, 0x211b8214, 0xb65f0622, 0x0706280a, 0x35013e21, 0x6233013e, 0x33200512, 0x03820c82, 0xb36a3320, 0x0aac7408, 
    0x2005a561, 0x204d8227, 0x05736e23, 0x82010e21, 0x20158267, 0x08707523, 0x26012b23, 0x20138222, 0x82038215, 0x8226826d, 0x20088269, 0x20758307, 
    0x21388226, 0x367d012f, 0x85a78205, 0x012a2302, 0x216f012b, 0x0e152508, 0x011e1501, 0x1d22b485, 0xae551701, 0x599a8205, 0x898205da, 0x82321621, 
    0x3e37329b, 0x1f153701, 0x1f161401, 0x37231501, 0x22012f35, 0x20838226, 0x0ca66027, 0xef607985, 0x010e2409, 0x65220623, 0x02590944, 0x05084106, 
    0xa182c584, 0x83056751, 0x06222133, 0x07228982, 0x8d831c15, 0x14331725, 0x821e1716, 0x61138494, 0x08830834, 0xdc751620, 0x088d7d05, 0xb76c0889, 
    0x3632210b, 0x3120b082, 0x8505e96b, 0x21a98c90, 0x51610715, 0x7c332005, 0x3f2310b3, 0x82011e01, 0x821f201b, 0x82f58606, 0x33352456, 0x6c373307, 
    0x15230836, 0x82151416, 0x663a2024, 0x8d6c0673, 0x072b7009, 0x012e2726, 0x17153327, 0x8705976b, 0x254d8361, 0x14231521, 0xe1853316, 0x3b011e25, 
    0x82333501, 0x20838224, 0x2709823f, 0x36343537, 0x1733013f, 0x1982cf85, 0x85163221, 0x825f821c, 0x8235203b, 0x0e052253, 0x22b78701, 0x8233011e, 
    0x0526427f, 0x34206182, 0x3d27ee83, 0x23263401, 0x82070622, 0x82068625, 0x0b2a080c, 0xaafe0598, 0x03020301, 0x0501021a, 0x02030304, 0x0a0a0205, 
    0x04070318, 0x04040905, 0x01020101, 0x02f40303, 0x03020406, 0x03822d03, 0x09040922, 0x072f3f82, 0x07080a03, 0x0e08070e, 0x02070606, 0x820362fd, 
    0x07023d24, 0x131b0706, 0x2c080906, 0x05050a04, 0x1808080d, 0x11221110, 0x0e0f2011, 0x0a060211, 0x01225883, 0x36820305, 0x16060435, 0x12230f10, 
    0x11112112, 0x240e091b, 0x0c201416, 0x83070509, 0x07032d75, 0x170c0506, 0x0508080c, 0x02030502, 0x0e250582, 0x101d0e0c, 0x3c418210, 0x09040413, 
    0x080e0505, 0x0d12061e, 0x10111c0d, 0x23131223, 0x0a191010, 0x3b020e0b, 0x22a28208, 0x82020102, 0x83012002, 0x83462003, 0x020422aa, 0x3ccf8202, 
    0x200e0f10, 0x10221112, 0x09051510, 0x170d0e17, 0x030a060b, 0x070b0a01, 0x08021311, 0x23628207, 0x03011914, 0x3f822882, 0x1a09013c, 0x091a1012, 
    0x06050f0a, 0x1505080d, 0x07150f0f, 0x06050702, 0x0502040a, 0xf9820302, 0x03062208, 0x1c240706, 0x201f3c1d, 0x201b1b3a, 0x020a0806, 0x06020603, 
    0x150b0910, 0x09120a0c, 0x06010a08, 0x824a8205, 0x06184e02, 0x58855682, 0x07092408, 0x09070c05, 0x14090912, 0x060f090a, 0x13111302, 0x3a1c1a2b, 
    0x1b3c201f, 0x1515321d, 0x0a060319, 0x82070405, 0xbb200862, 0x05050b05, 0x09020303, 0x060b0607, 0x040a0505, 0x04050804, 0x04040208, 0x25110a04, 
    0x05181413, 0x0221ae82, 0x2b0d8207, 0x090f0607, 0x03030704, 0x02060205, 0x09350f82, 0x1d081105, 0x0b1f1315, 0x06050d07, 0x0a1a0409, 0x04140c0a, 
    0x21508206, 0x01820102, 0x0301023b, 0x10050507, 0x131e0b0b, 0x11122312, 0x03020313, 0x01020201, 0x04020204, 0x356c8202, 0x0301069f, 0x060a0502, 
    0x07060801, 0x150a0b12, 0x08140c0b, 0x22839101, 0x0303042f, 0x5d091113, 0x070a031f, 0x0b030603, 0x38ef8215, 0x170c1804, 0x03010101, 0x070ba804, 
    0x180c0d14, 0x09160d0c, 0x08040e0a, 0x2f508207, 0x0302a3f8, 0x08040f01, 0x01050303, 0x06060d07, 0x2308b882, 0x0907070b, 0x01040503, 0x05050304, 
    0x06020203, 0x04090505, 0x0c100420, 0x0205110c, 0x25020304, 0x03030105, 0x02271c83, 0x37200303, 0x8203061b, 0x030627fa, 0x05050501, 0x4182060b, 
    0x06090222, 0xc2824a82, 0x5d820a20, 0x2f470120, 0x07042206, 0x282d8204, 0x0e040306, 0x050e080b, 0x20008302, 0x291a8403, 0x0c0d1104, 0x120e0f1b, 
    0x15820403, 0xf782a383, 0x21051951, 0x13830304, 0x57820120, 0x04070223, 0x0cbe4506, 0x10842083, 0x02030222, 0x2f051041, 0x0e050407, 0x07100809, 
    0x06080f09, 0x040a0106, 0x8208ca48, 0x02042409, 0x82131705, 0x14072527, 0x05140505, 0x10827582, 0x06030e23, 0x83458202, 0x03022aa1, 0x05070204, 
    0x07090d04, 0x27c9820b, 0x04040501, 0x08030508, 0xa5832783, 0xd2830920, 0x0220c585, 0x04225482, 0x1b821002, 0x06090428, 0x0f0f1304, 0xec41101f, 
    0x2ed18205, 0x04060b06, 0x09050509, 0x060f0904, 0x82040a08, 0x832d8257, 0x07023005, 0x090f0707, 0x0c0a160a, 0x120a0b17, 0x18090708, 0x2d08f571, 
    0x14080609, 0x0610090c, 0x06050c07, 0x25820b04, 0x0f080823, 0x261f8206, 0x1a0e0605, 0x820c0d0c, 0x0709303c, 0x0d0c1207, 0x0f071522, 0x020a0708, 
    0x83040106, 0x040b3baa, 0x05060103, 0x0c0c1005, 0x1406101b, 0x1b4c2f14, 0x0d0e271a, 0x03030210, 0x41520101, 0x03052505, 0x02030704, 0x052f0582, 
    0x0f120501, 0x16162610, 0x2d1a182f, 0x82050a15, 0x6a0320fa, 0x0983058d, 0x02050123, 0x06b76e01, 0x050f0123, 0x29008201, 0x05122905, 0x06010502, 
    0xf9820606, 0x1f840320, 0x012d1582, 0x0c0e0202, 0xdb09140b, 0x0f020403, 0x207d8202, 0x20118201, 0x250c8201, 0x100d0407, 0x21840401, 0x50820420, 
    0x82030221, 0x8200204f, 0x00033500, 0x0bc0ff00, 0x01c00327, 0x01bf01a5, 0x010000d9, 0x011d1632, 0x5f063d46, 0x1424050d, 0x010e0706, 0x26063a46, 
    0x2e272622, 0x46012f01, 0x222205ba, 0x02820706, 0x15201e84, 0x26051e5f, 0x15140615, 0x4615010e, 0x695f055d, 0x213b8206, 0x0e47010e, 0x012b2105, 
    0x35243d82, 0x3c35012e, 0x210c387c, 0x1f831c23, 0x0b2a5518, 0x46171521, 0x326709b9, 0x8227200b, 0x20728349, 0x775b8322, 0x5e820561, 0x1d212b85, 
    0x27898201, 0x22150622, 0x35012f26, 0x200b7f46, 0x67b38334, 0xc047057e, 0x05914505, 0x83050c48, 0x4606203b, 0xe685098f, 0x26343522, 0x26212f89, 
    0x06715d36, 0xe2452120, 0x08207205, 0x4605b046, 0x02680fb6, 0x013b2505, 0x3614011f, 0x4707a746, 0x322705c1, 0x011e3316, 0x82342133, 0x8233209f, 
    0x143329ec, 0x3c213332, 0x013c2701, 0x35246b82, 0x1533013f, 0x23053c60, 0x17011e07, 0x72462782, 0x32362108, 0xf15d6282, 0x82372005, 0x363226d6, 
    0x17163633, 0x059f4805, 0xf2821520, 0x2b010e22, 0x85050048, 0xa0441879, 0x41172008, 0x3b080b03, 0x17161421, 0x06061b0b, 0x1c1f037e, 0x21223d1b, 
    0x291f2143, 0x0d04050b, 0x0d040b17, 0x040c0708, 0x03040603, 0x03160508, 0x1609090a, 0x111e0c0d, 0x0110200f, 0x08020201, 0x01040602, 0x093a0882, 
    0x1c1d3618, 0x2b1a1a37, 0x03161112, 0x05060803, 0x0f08070d, 0x040b0708, 0x1e830604, 0x0a0d0330, 0x0b0b150a, 0x0c0a0a15, 0x02020103, 0x0d82090a, 
    0x09150c26, 0x09050909, 0x09291a82, 0x2b100f19, 0x150a081c, 0x2821830c, 0x0a070711, 0x0a100504, 0x2e298202, 0x070a0301, 0x11112e1e, 0x03010516, 
    0x82131502, 0x0103335a, 0x0a010201, 0x07073943, 0x0d06080f, 0x04090607, 0x51820403, 0x04241582, 0x03040302, 0x21080c82, 0x0f0d1004, 0x2a131321, 
    0x13291617, 0x1e1d1764, 0x2f2a2a47, 0x070c040a, 0x03030a09, 0x09050105, 0x43820404, 0x0202032c, 0x05020204, 0x09030702, 0x95820f06, 0x2802022b, 
    0x03050703, 0x03030205, 0x221a8201, 0x8209080d, 0x040722f2, 0x271f8204, 0x0a07060f, 0x01050503, 0x062a7782, 0x080d0505, 0x0f1a030a, 0x0c690f0f, 
    0x27122505, 0x04171514, 0x03284a82, 0x2f010406, 0x35030202, 0x01222582, 0x4382dc02, 0x05321123, 0x08338304, 0x12050120, 0x11200e0e, 0x11111806, 
    0x2a151526, 0x12281815, 0x0c0d2013, 0x0c02030f, 0x08100609, 0x6a82130a, 0xd3f80327, 0x050b0557, 0x82008204, 0x05572206, 0x250a8509, 0x016ffc09, 
    0xf9820204, 0x06010338, 0x150b090f, 0x162e170b, 0xfe122817, 0x020303f4, 0x4f0505bf, 0x00820102, 0x050d072f, 0x07060c0c, 0x01030b07, 0x02030101, 
    0x05105607, 0x02020132, 0x06050306, 0x02010402, 0x08020406, 0x070c0504, 0x23828c84, 0x03322684, 0x070d070e, 0x05050b06, 0x02020308, 0x03030102, 
    0x38820402, 0x07042b08, 0x01060304, 0x2426441f, 0x35202045, 0x01151515, 0x06010408, 0x070c0405, 0x0d0f1507, 0x4320202d, 0x1f412323, 0x030a291f, 
    0x35820407, 0x07050623, 0x82448201, 0x2a0b290a, 0x281a1b44, 0x0302130c, 0x1e38ff82, 0x1003041e, 0x22121222, 0x0c1c100f, 0x03020d0b, 0x05020304, 
    0x04050102, 0x03220582, 0x47460305, 0x08058205, 0x0b0a0426, 0x2a20202a, 0x040a060a, 0x02030c0a, 0x09070803, 0x1303050f, 0x14230f0f, 0x14152814, 
    0x1a0d0d21, 0x0207060e, 0x04823583, 0xa3820320, 0x02010224, 0x42820202, 0x06080330, 0x06070903, 0x0b0b0c11, 0x0202040f, 0xa5821904, 0x080a0125, 
    0x48091007, 0x01200545, 0x09255282, 0x01040309, 0x277a8201, 0x09040508, 0x57051f06, 0x9c82f782, 0x080e0524, 0x05410808, 0x01012105, 0x03208482, 
    0x022a0382, 0x0404a005, 0x08070d06, 0x0084050d, 0x07080d3f, 0x0404060d, 0x0c190c03, 0x0b0d1c0e, 0x0d050914, 0x0a120808, 0x10112211, 0x160a0d1e, 
    0x05634c0d, 0x0390052d, 0x00c300c0, 0x010000e0, 0x4423010e, 0x444b0577, 0x44062006, 0x1d24089c, 0x17161401, 0x1e250282, 0x07151701, 0x4b278415, 
    0x41180963, 0x8d4c0a4f, 0x26068206, 0x36342127, 0x18013e37, 0x2107cb83, 0xb543012e, 0x15352105, 0x840bad43, 0x4a35200b, 0x27850bc2, 0x35013c24, 
    0x04823527, 0x23221982, 0x09823422, 0x84013f21, 0x8450832a, 0x013f2a56, 0x011e011f, 0x15141615, 0x22138221, 0x821e3733, 0x1733250f, 0x05070614, 
    0x1805f344, 0x37155b6a, 0x06027205, 0x141e0905, 0x18192d15, 0x27171830, 0x0a1c110f, 0x0506100b, 0x08055342, 0x0102025a, 0x05120204, 0x41261317, 
    0x122a191a, 0x08091910, 0x0a06030b, 0x070c0605, 0x0a0b1409, 0x200f0d19, 0x08090212, 0xfe030705, 0x020101da, 0x05031503, 0x09170f03, 0x04040405, 
    0x08010303, 0x0b110708, 0x0d0c170b, 0x140d0c1a, 0x03060707, 0x0b100603, 0x090b140a, 0x0303030c, 0x5d822e82, 0x00820120, 0x05050624, 0xb141181c, 
    0x04013c05, 0x01020426, 0x023d0401, 0x19010201, 0x07020201, 0x0f0f092f, 0x02bbfafd, 0x83030304, 0x02042553, 0x020503bb, 0x02240a83, 0x67020305, 
    0x03213582, 0x383a8401, 0x04020202, 0x03070301, 0x0b050903, 0x07090e06, 0x1209080f, 0x04150408, 0x44648303, 0x06820611, 0x090d4908, 0x15151e0a, 
    0x5924243a, 0x14100236, 0x02020404, 0x07030603, 0x0201040a, 0x13070d0d, 0x0a180d0b, 0x03010d0b, 0x0a0b0b01, 0x2310101a, 0x12241213, 0x14142c19, 
    0x130a0f23, 0x07130d0a, 0x02050c06, 0x10070708, 0x03060408, 0x46257f83, 0x06060f08, 0x20ab8308, 0x21348202, 0x85710304, 0x268a8205, 0x04020502, 
    0x82010902, 0x02042511, 0x08010106, 0x072e1d82, 0x0a362d8f, 0x0403031a, 0x073f0609, 0x0084030a, 0x3f070a28, 0x03040906, 0xdb4e0003, 0x8b033a06, 
    0x2b00c003, 0x00003800, 0x27073701, 0x07172707, 0x2f370717, 0x35333501, 0x18068223, 0x22113a56, 0x82372717, 0x33278501, 0x0f011f15, 0x02351701, 
    0x61a015ee, 0x996dc024, 0x029e418e, 0x5408c782, 0x070a1104, 0x0c1f0e07, 0x0205050d, 0x5b70080a, 0x978d2148, 0x2c319da0, 0x0c071f02, 0x03080208, 
    0x88dc024f, 0x1a93874d, 0xb1463da2, 0x130e0c44, 0x3d193030, 0x281a0707, 0x070a0b02, 0x01020208, 0x2aecfe96, 0x6c7712b3, 0x341d8f17, 0x31082814, 
    0x19141004, 0x08a36b31, 0xa36bd020, 0xe74f181a, 0x29bc2334, 0x00840a19, 0x07071927, 0x170707b6, 0x2000840c, 0x08c28417, 0x05040c21, 0x70070b02, 
    0x0805305f, 0x05020302, 0x0f080c04, 0x2f175002, 0x32303016, 0x2e303231, 0x8207222a, 0x2a222200, 0x220e842e, 0x84401630, 0x0a0c2cc6, 0x01020906, 
    0xc3fe9602, 0x52020317, 0x07220675, 0xe7431b01, 0x72012005, 0x3e08053b, 0x01000041, 0x2f352735, 0x23352301, 0x26340715, 0x07263023, 0x23070622, 
    0x30153315, 0x011c1506, 0x31010e15, 0x33163011, 0x11313632, 0x010e1317, 0x31013a33, 0x03271137, 0x22070630, 0x85353126, 0x01590819, 0x38060e99, 
    0x050e0d06, 0x0d0d6003, 0x19030101, 0x341f2706, 0x243c3c47, 0x03040401, 0x03090c02, 0x302f3f3f, 0x2f313f40, 0x09a5013f, 0x8b070e13, 0x0414030c, 
    0x0e010101, 0x0629100b, 0x02040205, 0x20fe0e05, 0xd4012022, 0x07a0fe35, 0x6f01080c, 0x0ec1fe01, 0x0e230f01, 0x05636d0e, 0x41290421, 0x04244e6b, 
    0x0a182915, 0x18270084, 0x07b40707, 0x840b1707, 0x17200800, 0x1f0e0707, 0x04050c0d, 0x6f080a03, 0x0705305e, 0x04020203, 0x0f080c04, 0x2f17b301, 
    0x32302f15, 0x2e210182, 0x056b4129, 0x842e2921, 0x152f210e, 0x42056b41, 0x95240632, 0x0317c6fe, 0x09273382, 0x05080304, 0x86180107, 0x82af20bf, 
    0x001223bf, 0x58180100, 0x25080d64, 0x17371533, 0x2928ae04, 0x2a222811, 0x11282810, 0x10282229, 0x17183402, 0x2f2e171d, 0x18171d18, 0x2f30181d, 
    0x36821d17, 0xff000025, 0x826d02c0, 0x826e2043, 0x013c2f0c, 0x2e273031, 0x23262701, 0x27312226, 0x0b823630, 0x27312208, 0x35363037, 0x35312634, 
    0x23150723, 0x07263007, 0x3017010e, 0x16141522, 0x17153331, 0x06221533, 0x0e716f15, 0x3523262d, 0x17163337, 0x1617011e, 0x84151615, 0x06142206, 
    0x21278223, 0x35821606, 0x2105db49, 0x54820335, 0x6a026508, 0x0e200e0d, 0x0402010e, 0x04040142, 0x04010507, 0x9a031b05, 0x06070c0a, 0x080b0107, 
    0x3a09052a, 0x4d1a1a89, 0x25262c2d, 0x1a4f2d2d, 0x032a8e1b, 0x13131050, 0x010b0a20, 0x01010201, 0x04020204, 0x05060101, 0x03030905, 0x01020503, 
    0x1d040461, 0x1e1d461d, 0x08069101, 0x03010109, 0x08020306, 0x09190207, 0x39082c82, 0x0f0e070b, 0x3c098802, 0x2f467e4a, 0x0b0c362e, 0x2e380c0c, 
    0x4481442e, 0x1d10033e, 0x16163a1d, 0x2d2e0101, 0x012d2d6c, 0x02030101, 0x02020502, 0x04040203, 0x26010505, 0x63410307, 0x88032205, 0x03441803, 
    0x36162808, 0x27263635, 0x8235012e, 0x770287d8, 0x0e8206a5, 0x07061425, 0x8207010e, 0x013e231d, 0x6e7e013f, 0x83222005, 0x07172512, 0x17161433, 
    0x2a211a82, 0x0c7b4b01, 0xbe773720, 0x84272007, 0xde421854, 0x204b8209, 0x06787516, 0xfe023337, 0x07080a02, 0x0c0c0107, 0x16040d0d, 0x091b1112, 
    0x04030705, 0x20ae8205, 0x20168201, 0x21b48307, 0x0d820d0e, 0x03820220, 0x07060729, 0x10090a10, 0x82070807, 0x8202200c, 0x01012900, 0x12070102, 
    0x04100d0a, 0x2c081082, 0x0e0c0d01, 0x03081108, 0x0406070b, 0x05040102, 0x100e1102, 0x11060414, 0x020a0b0b, 0x070d1508, 0x0e08141b, 0x030b0806, 
    0x03012f03, 0x2e208203, 0x05050803, 0x06041117, 0x080a0302, 0x82050a04, 0x0c0a231c, 0x0e820502, 0x070c0e27, 0x170d161d, 0x274c820b, 0x3c010202, 
    0x01020502, 0x02370182, 0x3b030402, 0x0f020301, 0x09030c1c, 0x0a140a07, 0x09050f0a, 0x83040912, 0x0a0c2a69, 0x0b040509, 0x0a050a15, 0x314f8206, 
    0x10111202, 0x0b0a0719, 0x07060202, 0x07050203, 0x00820008, 0x0000012f, 0xa603c0ff, 0x3800c003, 0x3e010000, 0x06915201, 0x5a740720, 0x16142605, 
    0x15011e17, 0x05f74c03, 0x27262228, 0x1327012e, 0x9d523634, 0x82352005, 0x012e3108, 0x26372335, 0x1a033736, 0x0a091007, 0x07060710, 0xc382f082, 
    0x0f0e052d, 0x01020f0d, 0x25111011, 0x82251415, 0x01012406, 0x82040e0e, 0x82052085, 0x820220c8, 0x08072323, 0xc482d802, 0x0533bf82, 0x02013c02, 
    0x0a493f02, 0x1a1a1d04, 0x9ffe1029, 0x82060d06, 0x82072047, 0x62013406, 0x061a2910, 0x0b090a11, 0x42490704, 0x3b010302, 0x4d020403, 0x062107eb, 
    0x24b382bf, 0x0033002a, 0x41b78241, 0x1e2105f5, 0x82ad8301, 0x181720ac, 0x21092c46, 0xb4833717, 0x42342621, 0x032e0719, 0x25170527, 0x013f013e, 
    0x06052705, 0xcb841716, 0x0d823620, 0x28c48708, 0x3a214168, 0x2144231a, 0x3b024444, 0x0b3a3c39, 0x1e180d16, 0x06050906, 0x171ea31c, 0x05060c23, 
    0x1516010d, 0x95273b15, 0x39e8fd3c, 0x5e250701, 0xc3fd5938, 0x036bfd3b, 0x4a551f1c, 0x3636814b, 0x4e03952c, 0x060e2314, 0x2c150209, 0x0d3b2e17, 
    0x9e1c2f13, 0x070b0418, 0x19101e0d, 0x3c4b1a34, 0x1a2d1345, 0x28152611, 0x2c2b471c, 0x81fe1541, 0x72afc69b, 0x1f132511, 0x3cf4b1e9, 0x1c1e2661, 
    0x1716321b, 0xde823f13, 0x00070027, 0x05c0ff00, 0x39df8280, 0x00150007, 0x002b0022, 0x0056003a, 0x17000072, 0x1737022f, 0x27372707, 0x1e4d013f, 
    0x05172405, 0x82010727, 0x1737210f, 0x19821782, 0x41250721, 0x0f820509, 0x07270722, 0x08821082, 0x1f372726, 0x27220102, 0x26291882, 0x3e373435, 
    0x33363701, 0x05284432, 0x0e071426, 0x27060701, 0x4413b573, 0x4b08075f, 0x9a061419, 0xe421a25c, 0x01041c5a, 0x0e14073e, 0xfe172a11, 0x011e1fbe, 
    0x435a41c6, 0x415e425e, 0x395e3a5e, 0x0692015a, 0x220f1117, 0xa9786112, 0x166e0d0c, 0x121a771b, 0x3c0a0b6c, 0xc4fd0729, 0x4e35343c, 0x16171716, 
    0x3c34354e, 0x2c2b0b8b, 0x103a2627, 0x3a101111, 0x8a2c2726, 0x2e3d080b, 0x6b29231f, 0x69126484, 0xd81d1385, 0x1a142b17, 0x08db1029, 0x60500111, 
    0x6140613d, 0x553f603f, 0xd03d543f, 0x161a391e, 0xb3420d23, 0x4a130888, 0x12b11321, 0x0713491c, 0xfd423d18, 0x856691d9, 0x904c2072, 0x08738667, 
    0x00000024, 0xff000008, 0x03f605b7, 0x004d00c0, 0x007d0065, 0x01e600b6, 0x011f0118, 0x01000025, 0x3e37012e, 0x22423701, 0x26272905, 0x012e2706, 
    0x26302731, 0x31280982, 0x0e070630, 0x30020f01, 0x07210582, 0x05c67806, 0x021f3126, 0x30171507, 0x84058345, 0x203b8333, 0x23418226, 0x27263435, 
    0x24054243, 0x23260607, 0x83408222, 0x8233201e, 0x0616232a, 0x0e820613, 0x31206584, 0x15210f83, 0x834d8214, 0x87132054, 0x1714235a, 0x0282011e, 
    0x1f073124, 0x96820f01, 0x82063021, 0x1617250c, 0x033f3136, 0x83062946, 0x31362190, 0x34240583, 0x37052331, 0x07209f85, 0x2b823e85, 0x54825682, 
    0x1a823e83, 0x34363724, 0x7c832627, 0x97832720, 0x31363723, 0x209a8203, 0x20d78226, 0x83048427, 0x862320df, 0x1415263a, 0x17160615, 0x84418416, 
    0x05f44372, 0x2527c308, 0x30173626, 0x26372706, 0x26061716, 0x1405fb04, 0x06070505, 0x0d080903, 0x0f070303, 0x0b0a0a0a, 0x265e1219, 0x0a21932c, 
    0x1f30020b, 0x070f0607, 0x04030107, 0x0d120818, 0x0941120b, 0x36364d09, 0x1220208c, 0x03240203, 0x01021102, 0x83050826, 0x05065e1c, 0x09070a09, 
    0x19220403, 0x1c1b1819, 0x13402258, 0x10461410, 0x0b04070b, 0x0c0d1d0b, 0x0202030c, 0x02020102, 0x19e6111d, 0x20214219, 0x15151e10, 0x01020328, 
    0x0a11012c, 0x1610031f, 0x11720203, 0x0a330111, 0x06040235, 0x07032006, 0x052b0505, 0xfc100505, 0x253215f6, 0x06160925, 0x03030d06, 0x041e0b05, 
    0x4e250a11, 0x040c1c1d, 0x4d820f10, 0x0207133f, 0x050a0304, 0x0101c104, 0x07020203, 0x150b0606, 0x03035647, 0x1a0f3309, 0x1a1a3e1a, 0x08718201, 
    0x341404c2, 0x213c1615, 0x681f1821, 0x0204171f, 0x6e096ffe, 0xda562b1c, 0x400b7715, 0x0258012d, 0x01080725, 0x2f2e060d, 0x14343572, 0x03040926, 
    0x05930312, 0x3a2b0202, 0x24051311, 0x5e262529, 0x1c0d2c2c, 0x1d040433, 0x074c122c, 0x0390193b, 0x01022f02, 0x55252513, 0x0d28090a, 0x0a090d0e, 
    0x1f090948, 0x2be00101, 0x0e060809, 0x061f0303, 0x1b2a1a1a, 0x0b0d091b, 0x4cfe340a, 0x24462a05, 0x16452828, 0x02050917, 0x1f41191a, 0x631a0d1f, 
    0x056e0105, 0x17161a05, 0x176a4824, 0x0c0d6918, 0x0a122e13, 0x15261340, 0x0c060641, 0x600c1010, 0x2227ac03, 0x1e0a0d0e, 0x230d0c7c, 0x2c04048d, 
    0x0274479e, 0x5b085682, 0x1f431a1b, 0x2a150a20, 0x0f0c0b61, 0x220ca063, 0x290e2f36, 0x11181113, 0x05171518, 0x193e1b1c, 0x03c9fe19, 0x29160406, 
    0x24255529, 0x1d2f180e, 0x28141001, 0x1b301110, 0x2814151a, 0x25265528, 0x0c334a0f, 0x0a0b1a0b, 0x18480302, 0x94104f2b, 0x39202c1c, 0x0f301f11, 
    0x0023261e, 0x3405774a, 0xc0030503, 0x130df30c, 0x22010000, 0x34273726, 0x26343526, 0x05785227, 0x2627352d, 0x30353134, 0x26302726, 0x82013c31, 
    0x69272013, 0x3c210589, 0x20208301, 0x202f823d, 0x22208231, 0x6a2f012e, 0x2783063a, 0x82055453, 0x75272005, 0x33840705, 0x31203f82, 0x5f823d83, 
    0x82012f21, 0x26342560, 0x2b343023, 0x23200982, 0x8205126a, 0x82098317, 0x3523237d, 0x2d82013e, 0x30013d24, 0x3b6e2326, 0x241c8206, 0x23222635, 
    0x83888334, 0x06b36d63, 0x35363425, 0x82373634, 0x3032223f, 0x21458435, 0x62823527, 0x31200282, 0x76827b83, 0xbd823020, 0x24057f73, 0x14301507, 
    0x059f6c31, 0x31230682, 0x6c011c15, 0x09870602, 0x1e832682, 0x4f062221, 0x23200561, 0x3005b373, 0x010e0723, 0x31062223, 0x14150622, 0x06301506, 
    0x201f8207, 0x2c3c8907, 0x2a231531, 0x30010f01, 0x06072306, 0x82618214, 0x221c8734, 0x82171614, 0x06e2710a, 0x33163024, 0x0283011e, 0x17013a26, 
    0x013b013a, 0x22052271, 0x8233013e, 0x011d2133, 0x8f847783, 0x8208956c, 0x730b82ab, 0x238a0617, 0x2386ba82, 0x8b05256d, 0x011d21c5, 0x87088c73, 
    0x86548b38, 0x14247537, 0x410c0c75, 0x51830917, 0x13753120, 0x011e2108, 0x87061375, 0x21a18568, 0xe982011d, 0x0d84878d, 0x4d84b586, 0x7a73ce82, 
    0x21c28208, 0x13751531, 0x06232308, 0x0c822322, 0x06220726, 0x15062223, 0x0e210582, 0x75058301, 0x09820913, 0x21061375, 0x2282010e, 0x01512320, 
    0x06302108, 0x82081375, 0x82072014, 0x82118217, 0x010e212d, 0x7506e774, 0x14230f13, 0x84010f06, 0x202e8260, 0x822b8223, 0x06142628, 0x0f143007, 
    0x22068201, 0x83150614, 0x82068242, 0x250983bc, 0x1407011c, 0xcc412306, 0x82248205, 0x150621e5, 0x22212783, 0x209f8231, 0x826d8231, 0x821782df, 
    0x20108205, 0x20d48214, 0x22b98215, 0x75232214, 0x01410555, 0x41d18205, 0x78830cc8, 0x820c0741, 0x4136832c, 0x22230d3d, 0x85301514, 0x05cf4179, 
    0x890a6d42, 0x14302328, 0x6641011d, 0x0ada420b, 0x4105cc41, 0xf6420bc5, 0x011e2506, 0x16301531, 0x9c42b184, 0x82172005, 0x09514224, 0x32011d24, 
    0x13701716, 0x83598205, 0x011e2160, 0x17226484, 0xc56f1632, 0x17152105, 0xaa5cce82, 0x30322105, 0x7405925d, 0x152005c8, 0x31202985, 0x322a5d82, 
    0x16321514, 0x1416011d, 0x09833015, 0x32143326, 0x31161433, 0x1c200e82, 0x81824c82, 0x1f011e2a, 0x15161401, 0x17011c17, 0x85051171, 0x2059854f, 
    0x24978231, 0x1e331632, 0x251e8301, 0x3015011e, 0x39821532, 0x741c1375, 0x4b8205da, 0x15238382, 0x82331630, 0x2451825b, 0x32331632, 0x82118316, 
    0x820b82d2, 0x20538256, 0x06257530, 0x31232382, 0x8233011e, 0x826b8402, 0x82172029, 0x820f8203, 0x3317214b, 0x3b212584, 0x822f8201, 0x16322302, 
    0x1582013b, 0x1f201482, 0x0e831183, 0x13855784, 0x36831520, 0x33013a27, 0x013b3632, 0x2606833e, 0x37363033, 0x82373632, 0x013a2112, 0x33200882, 
    0x1b841484, 0x35013a22, 0x0f821582, 0x25701882, 0x22278505, 0x7537013c, 0x50570513, 0x21158506, 0x53823632, 0x2205cc74, 0x82323637, 0x84352055, 
    0x2252834f, 0x83363437, 0x056c530c, 0x31363222, 0x68840885, 0xcd743382, 0x82332005, 0x24178223, 0x013f3634, 0x82908334, 0x013f210f, 0x36215382, 
    0x232e8234, 0x35363035, 0x9b186582, 0x37220884, 0x3582013c, 0x30323522, 0x18821182, 0x013c3323, 0x201b8433, 0x220c8234, 0x82343231, 0x3035220b, 
    0x21578532, 0x0e843631, 0x47823182, 0x30373122, 0x3c825f82, 0x11822382, 0x1b823520, 0x82353721, 0x3630215b, 0x35204282, 0x30204582, 0x33226d83, 
    0x22823735, 0x62853e20, 0x85313621, 0x7a12836b, 0x362106cb, 0x22128235, 0x83373430, 0x20a68226, 0x0645733d, 0x3884b682, 0x37201c82, 0x0682cc82, 
    0x74363221, 0x312008dc, 0x3c710982, 0x181b8605, 0x70094ca4, 0xd173084a, 0x013d2108, 0x02841382, 0x068d0986, 0x27207e83, 0x87054d6f, 0x832c827b, 
    0x07044711, 0x2e210e82, 0x291b8301, 0x31263027, 0x35263427, 0xfb462630, 0x20188605, 0x06194734, 0xef822320, 0x5e841e82, 0x82012e21, 0x830983a2, 
    0x3c232229, 0x221b8301, 0x8431013c, 0x31262147, 0x34215987, 0x06214726, 0x37823520, 0x5e822320, 0x29053d47, 0x35263031, 0x012f2622, 0x0682012e, 
    0x012e2322, 0x8205fb46, 0x8202823c, 0x22272411, 0x82352326, 0x82228615, 0x012a2209, 0x052d7527, 0x0e820582, 0x2b012e24, 0x2d4c3001, 0x23222a05, 
    0x30272622, 0x26302322, 0x82058423, 0x8211833e, 0x20028503, 0x05137527, 0x2e221b82, 0x46822301, 0x83342221, 0x82148221, 0x08544102, 0xce82fb83, 
    0x72091972, 0x31200a39, 0x72125941, 0x66720625, 0x2e398406, 0x3035013e, 0x013e3532, 0x31011e33, 0x4417011c, 0x14260567, 0x14161716, 0xf9603215, 
    0x17152506, 0x011f011e, 0x16240d82, 0x16323114, 0x089d9c18, 0x011c3325, 0x82321415, 0x011f2405, 0x82331614, 0x011e221b, 0x240f8417, 0x16141731, 
    0x43408315, 0x152405a8, 0x011d011c, 0x17234185, 0x44311430, 0x312005ea, 0x2008ab44, 0x2045821e, 0x20208316, 0x82358215, 0x2222821c, 0x85011c17, 
    0x84332029, 0x30172812, 0x16303332, 0x82013a15, 0x44152017, 0x332205bd, 0x1b821430, 0x15207b82, 0x32261882, 0x16143116, 0x3f821731, 0x10832083, 
    0x1f633020, 0x23128206, 0x33163031, 0x6e821d82, 0x82143021, 0x8231202c, 0x210b82a7, 0x5c453214, 0x07c44509, 0x82011e21, 0x20dd8255, 0x205b8215, 
    0x4794831c, 0x31260626, 0x011f1614, 0x3087011c, 0x17161422, 0xf9459e82, 0x011d2109, 0x6f82b182, 0x12461720, 0x05354808, 0x480c5847, 0x14200ed0, 
    0x8582f082, 0x15481520, 0x0a6b480b, 0x5b755284, 0x32312105, 0x14836e87, 0x5d482383, 0x2013750a, 0x012a072a, 0x15010e23, 0x010f010e, 0x84056349, 
    0x16322287, 0x82eb8231, 0x05f64458, 0x37363031, 0x31343233, 0x31363433, 0x36333634, 0x78373534, 0x3e2205ea, 0x9f433501, 0x09e6430e, 0x420d9577, 
    0x58790f69, 0x05414408, 0x32793120, 0x069b4205, 0x09830c82, 0x85068543, 0x751a8421, 0x32830b13, 0xed422887, 0x86312005, 0x8306857c, 0x79038530, 
    0x5a4a0870, 0x0d544406, 0x9d445884, 0x2035850c, 0x74db842e, 0x3d20057b, 0x85095b75, 0x05a5741c, 0x850b0d75, 0x8237200b, 0x3634236b, 0x2c7a3033, 
    0x83342005, 0x013d27a3, 0x3435012e, 0x05832330, 0x10852620, 0x26302723, 0x21288235, 0x1375012e, 0x34222208, 0x281f8231, 0x22353426, 0x34352726, 
    0x22758226, 0x5d2e3527, 0x2f2006d2, 0x82065545, 0x83222034, 0x21298220, 0x21823523, 0x2f212782, 0x26768201, 0x013d2634, 0x85312622, 0x206d8554, 
    0x821f8426, 0x34312323, 0xbf4b3126, 0x27352107, 0x8c825c86, 0x6c823682, 0x2005e14b, 0x21398235, 0x74822723, 0x27343027, 0x22313430, 0x4c588434, 
    0x6b820544, 0x31201e83, 0x8305f979, 0x22288355, 0x82013c35, 0x82352006, 0x225c8603, 0x82313426, 0x20d3823a, 0x06137523, 0x8b865f84, 0x85013d21, 
    0x2622285b, 0x35262223, 0x8223012a, 0x2630213d, 0x23202f82, 0x8205ab4c, 0x2630229f, 0x82748231, 0x83a38318, 0x013c22b3, 0x8262843d, 0x06d14c47, 
    0x30210982, 0x82e88322, 0x35312635, 0x30352622, 0x29958326, 0x011c1501, 0x15143023, 0x8a820622, 0x524c1083, 0x42372006, 0x022106f8, 0x097f6961, 
    0x5b0d3168, 0x871805e7, 0x0f690c56, 0x0ddb680d, 0x02010223, 0x06816e02, 0x09280a82, 0x02010a12, 0x35693401, 0x56850582, 0x050a0524, 0xc0700301, 
    0x7402200f, 0x485c06c5, 0x826e8208, 0x20408224, 0x82098204, 0x0203262d, 0x0e060202, 0x28268207, 0x03050301, 0x07040101, 0x22518504, 0x88070d07, 
    0x2277834e, 0x4f060403, 0x24820587, 0x83010221, 0x20058211, 0x20a28402, 0x82328202, 0x02032115, 0x4e823082, 0x6a092f6d, 0xe95309fd, 0x6f728205, 
    0xda8418ea, 0x93134469, 0x11484113, 0x96181193, 0x546d11c2, 0x84bc8209, 0x0995738a, 0x09761b85, 0x41088508, 0x022009a3, 0x0321f283, 0x06504103, 
    0x08820220, 0x21058d41, 0xf6850402, 0x82040321, 0x05054109, 0x05201184, 0xf6831e83, 0x82050441, 0x833c828b, 0x200f232a, 0x5c820111, 0x41050221, 
    0x0582052a, 0x04060322, 0x02821182, 0x82064841, 0x22388339, 0x86050202, 0x202f84c1, 0x838b8402, 0x01032256, 0x211f8201, 0x80850103, 0x84040121, 
    0x829f82aa, 0x84022007, 0x410120a6, 0xa7410668, 0x853f8207, 0x088a7512, 0x3f86fe84, 0x94146041, 0x0c644114, 0x86092041, 0x0ac14116, 0x6e0ee46e, 
    0x7b6f0fe6, 0x18548c0c, 0x830e2495, 0x093142e7, 0x0e83df84, 0x21410320, 0x232c8205, 0x02030205, 0x02236c83, 0x83010104, 0x05295209, 0x02020424, 
    0x4a890305, 0x05222382, 0xfb840509, 0x03040224, 0x0a830201, 0x1c227586, 0x7f8e1b37, 0x09410e90, 0x430d8d0d, 0x02210bda, 0x09db7601, 0x420db943, 
    0x5c900975, 0xba861094, 0x23088677, 0x01020503, 0x5e82f282, 0x8c0cd675, 0x8c7b858a, 0x725b8412, 0x01210ab3, 0x8ca18601, 0x430c8c25, 0x3f410b03, 
    0x8f1f8f06, 0x0546690f, 0xfd21c789, 0x210b85e5, 0xdb91eb02, 0x890a6c43, 0x43d68646, 0x3d850f88, 0x67441583, 0x08474108, 0x088c3c88, 0x12884185, 
    0xff422d82, 0x83878e05, 0x085a416f, 0x83051141, 0x0d284112, 0x6e0cb241, 0xe341093b, 0x841f8308, 0x11576e48, 0x7806ca43, 0x304108bc, 0x873b8210, 
    0x88f489aa, 0x11074125, 0x9405af45, 0x430320a3, 0x012008d6, 0x29439a82, 0x0101220b, 0x20c3850d, 0x84068504, 0x08094144, 0x410a0341, 0x01200e1d, 
    0x86086246, 0x83388618, 0x43052031, 0x288315c7, 0x336f7d89, 0x0bae420b, 0x4306e641, 0x44440efa, 0x0c27410a, 0x840d1e42, 0x0afb703b, 0xc0411d8a, 
    0x8cfe8806, 0x20db8966, 0x06b94103, 0x860b1142, 0x05434145, 0x16462a86, 0x83012009, 0x1114421e, 0x03845f83, 0x8c895b88, 0xf3708b85, 0x08de420e, 
    0x840f6841, 0x413c820f, 0xdb430702, 0x857d8e0c, 0x0efd7123, 0x840c607d, 0x0c424121, 0x1b8ea08e, 0x8a08b47b, 0x0e9b41f8, 0x408eb08e, 0x0e8b1d8e, 
    0x3e97a794, 0x9508b041, 0x464b8420, 0x7242106a, 0x421c8406, 0x4c8a0b94, 0xe9418492, 0x0aa04205, 0x32860a83, 0x07427d8e, 0x057d4405, 0x2084e994, 
    0x398e3b84, 0x41430120, 0x99368c07, 0x42268269, 0x3390099c, 0x5f8adc82, 0x35420a87, 0x112c4408, 0xb6854183, 0x4208dc72, 0xb2440f08, 0x145d410f, 
    0x0c87898c, 0x2743a889, 0x1266460a, 0x2e45d387, 0x1025410a, 0xde843684, 0xd042cd88, 0x412d8509, 0xde8512c2, 0x90090f49, 0x463384a6, 0x22840c16, 
    0x880b9f44, 0x49268856, 0x9f4a0a2f, 0x0ca84417, 0x410cb243, 0xdf4513f0, 0x20e68c09, 0x1caf4101, 0x5d46ee8d, 0x01012208, 0x20448204, 0x82c18406, 
    0x02052914, 0x0a060104, 0x050b0505, 0x08830583, 0x0a050622, 0x05250282, 0x06050a05, 0x2117830b, 0x92440401, 0x093c4812, 0x410faa45, 0x4c451142, 
    0x1a704605, 0x02203286, 0x42099e4a, 0x7a880804, 0x4a0c4945, 0x6a890669, 0xde860220, 0x470de745, 0x938f0819, 0x82130648, 0x413d8323, 0x02220552, 
    0x0f820401, 0x0201052a, 0x04030703, 0x0b05060a, 0x22091441, 0x82040904, 0x8fd3866c, 0x07804258, 0x41054444, 0x2b8c0d81, 0x4b050647, 0x188c0536, 
    0x80820120, 0x42104143, 0x519408d2, 0x8a081d42, 0x42ca8548, 0x6b441520, 0x11444308, 0x4e10d244, 0x71440841, 0x8467821c, 0x2159826a, 0x328262fe, 
    0x19470782, 0x2997850b, 0x06000000, 0xc0ff0000, 0xcd187202, 0xd4180ffb, 0x15222a0c, 0x5a750614, 0x1e172505, 0x06303101, 0x1808b363, 0x221725db, 
    0x18320131, 0x24280cd4, 0x27363437, 0x2155822e, 0x33823336, 0xdb181720, 0x16201426, 0x14297683, 0x37270706, 0x02271733, 0xfbcd1872, 0x0e332d0c, 
    0x11111224, 0x11191921, 0x05090109, 0x0422f383, 0xda180801, 0x14220964, 0xd3181624, 0x0920074a, 0x0f64da18, 0x3e4ad318, 0x3da10122, 0x0d83d218, 
    0x07110525, 0x180c0402, 0x22189ed9, 0x180b0907, 0x253a9ed9, 0x0c160a01, 0xd9181407, 0x08210b9f, 0xa0d91801, 0x5d012008, 0x042a05c3, 0x00c00302, 
    0x00ce0085, 0x206c0100, 0x05095b05, 0x17140624, 0x02841614, 0x82070621, 0x010e2617, 0x27260623, 0x06d6770e, 0x011e1729, 0x0f061407, 0x60220601, 
    0x2623053c, 0x76342627, 0x3e2109b6, 0x08566501, 0x35210885, 0x06216c3c, 0x33302385, 0x013f3216, 0x3637013e, 0x21011f16, 0x25353315, 0x15254e82, 
    0x1617011e, 0x28698214, 0x012e0515, 0x06271523, 0x05fb6016, 0x2005d463, 0x0ac56523, 0x84273521, 0x1c1522a0, 0x055d4201, 0x36205383, 0x8209da76, 
    0x2e74850e, 0x03fb0327, 0x7e0a0508, 0x04080474, 0x4d020a08, 0x073a0547, 0x0c1a0e07, 0x26182d15, 0x28282e54, 0x0f090303, 0x01040406, 0x07090101, 
    0x7182080f, 0x384f2708, 0x07074938, 0x0c0b0f03, 0x100b0a15, 0x01060806, 0x0c101102, 0x0a060b18, 0x03060204, 0x03020102, 0x0606120b, 0x0f82050a, 
    0x0a042d08, 0x06030c06, 0x10120302, 0x93540105, 0x050b5201, 0x01020205, 0x03030201, 0x05039dfe, 0x03046d02, 0x050c0805, 0x06070c05, 0x04050105, 
    0x61828882, 0x04100d3c, 0x0a160203, 0x06060811, 0x100b0c01, 0x1c110f1f, 0x0d12040a, 0x0805120d, 0x2583020b, 0x2b838982, 0x4c020723, 0x357a8204, 
    0x03020201, 0x14050608, 0x0f16070f, 0x05080f08, 0x04030104, 0x05820302, 0x726b032c, 0x292f0806, 0x02020a06, 0x75820305, 0x78820520, 0x05043108, 
    0x0f0b0c0f, 0x11272901, 0x32202030, 0x162a1313, 0x07092016, 0x09060910, 0x06060103, 0x03040702, 0x10050a0d, 0x0414100a, 0x080a1e14, 0x0505040d, 
    0x21086c82, 0x03020806, 0x0b0d0502, 0x0306010b, 0x2d180408, 0x052d2a15, 0x1e010b09, 0x01020101, 0x0b08140c, 0x87820511, 0x0203012d, 0x08010303, 
    0x08120b08, 0x820d1508, 0x12072108, 0x0b245882, 0x07040c07, 0x8305fc51, 0x2b30822d, 0x14030405, 0x08161010, 0x00020805, 0x22080082, 0xff000006, 
    0x03cb01c0, 0x03ff02c0, 0x03850339, 0x038d0388, 0x01000094, 0x32141517, 0x15331533, 0x82311632, 0x15332205, 0x22078230, 0x82171517, 0x8217200b, 
    0x831d2013, 0x3316211f, 0x15831984, 0x32210387, 0x87228216, 0x8433200c, 0x24388342, 0x011d1632, 0x83198833, 0x83238336, 0x14302115, 0x1b851783, 
    0x66870583, 0x33226883, 0x18851630, 0x84013a21, 0x858c833b, 0x821c2081, 0x201a834d, 0x5d07821e, 0x1d200831, 0x5f062e5d, 0xdd560ef7, 0xf72d841e, 
    0x011d2f23, 0x1523012a, 0x07150622, 0x15071523, 0x0d821523, 0x32373525, 0x83333530, 0x11395601, 0x20ac1140, 0x24db833d, 0x35273527, 0x85038223, 
    0x27098207, 0x23263023, 0x23303435, 0x30251582, 0x26303526, 0x21088231, 0x13823427, 0x22212783, 0x212e8430, 0x1583012e, 0x31342225, 0x83262235, 
    0x35272a10, 0x2335012a, 0x06220711, 0x05076007, 0x08c68b18, 0x2c054144, 0x26112735, 0x013c3736, 0x33013e37, 0x20038235, 0x0512663e, 0x3c333223, 
    0x200e8201, 0x313b823f, 0x2a272622, 0x33352301, 0x33013a35, 0x34373426, 0x23823736, 0x15173322, 0x352a0582, 0x30353430, 0x36303332, 0x1c821533, 
    0x86171521, 0x050b6605, 0x22092676, 0x8227012e, 0x442f8263, 0x162705f0, 0x36160706, 0x18363237, 0x830ba16e, 0x010e2720, 0x34301307, 0xc376013d, 
    0x011c2205, 0x067e5931, 0x0d850683, 0x15260989, 0x3233011e, 0x9f583736, 0x828b830b, 0x2006843d, 0x28bd8231, 0x07350727, 0x33363423, 0x24bd8207, 
    0x01163237, 0x0e034f56, 0x2009d74f, 0x850a8703, 0x314b1821, 0x08eb5009, 0x2005094a, 0x097d4806, 0x04201082, 0x03250d88, 0x0b050102, 0x18128205, 
    0x200826b1, 0x44398502, 0x01200635, 0x8408c354, 0x82042032, 0x06370805, 0x01010302, 0x130f2212, 0x1e101123, 0x0b1a0e0f, 0x070d2618, 0x0505040a, 
    0x06020305, 0x02050201, 0x06060904, 0x0d060b11, 0x02070507, 0x04010202, 0x05080401, 0x85050a05, 0x030330a1, 0xaf050802, 0x070b0507, 0x01010103, 
    0x82030803, 0x02500820, 0x1d12c202, 0x060f0f0a, 0x151d0806, 0x150c170b, 0x10010217, 0x02060412, 0x0d1a1108, 0x01030612, 0x0a140a05, 0x130f0101, 
    0x0e0a0504, 0x100e1709, 0x08080616, 0x152a1510, 0x18543cd5, 0x40405718, 0x521b1959, 0x1d086338, 0x42010102, 0x01030402, 0xa4200382, 0x5b82a582, 
    0x82030521, 0x05cd7b3d, 0x0523c088, 0x82010201, 0x8206861d, 0x83082016, 0x84138320, 0x0101212b, 0x82050e41, 0x050321cc, 0x03200a83, 0x03201183, 
    0x22055a41, 0x83010503, 0x82568308, 0x06022242, 0x82058313, 0x05ed4912, 0x06200584, 0x1320aa82, 0x05222783, 0x88820802, 0x44830720, 0x02824782, 
    0x84020421, 0x030421ec, 0x02211682, 0x27058403, 0x05020304, 0x01040202, 0x03222f82, 0x02830204, 0x05830320, 0x05211483, 0x20058502, 0x823c8701, 
    0x8238831d, 0x87488232, 0x843b8c1d, 0x863b8b47, 0x886b842f, 0x84208947, 0x82808471, 0x8383878c, 0x010121db, 0x1820f884, 0x02200582, 0xe4836182, 
    0x08827088, 0x52848282, 0x55835e82, 0xc4848e8c, 0x23821182, 0x09418e84, 0x067a7d05, 0xd98a1786, 0xfd868284, 0xe583fa84, 0x20051241, 0x85268306, 
    0x8303205f, 0xa903204d, 0x84e2866b, 0x0b0943a7, 0x0120d584, 0x8405f34c, 0x83032005, 0x56022005, 0xbd41052c, 0x01022305, 0x148224fd, 0x040d0a25, 
    0x82010806, 0x03022712, 0x070d0503, 0x29850503, 0x0c06de23, 0x05c84207, 0x8205b64d, 0x0b07393a, 0x02030303, 0x01014206, 0x07020115, 0x06070205, 
    0x03010605, 0x070f0906, 0x01222282, 0x7f821101, 0x04023d08, 0x2710d1fe, 0x21412117, 0x1b152d19, 0x07060b25, 0x1f2c0e01, 0x04132b17, 0x30170104, 
    0x101d0d19, 0x04030b09, 0x01010c09, 0x1d192209, 0x22141c39, 0x192d120e, 0x10142f1c, 0x47fe1223, 0x0a23f782, 0x830a0808, 0x02162247, 0x06704201, 
    0x02250685, 0x0b0a0b0b, 0x054f5510, 0x01200582, 0x03207182, 0x26820483, 0x01340122, 0x0623be83, 0x6e000101, 0xc62d0547, 0xb400c003, 0x1e010000, 
    0x010e0701, 0x0b0a7607, 0x27263624, 0xfb49012e, 0x82372005, 0x08db491a, 0x08c37318, 0x404a1184, 0x250b890b, 0x1e273436, 0x65181701, 0x41830b0a, 
    0x1e151425, 0x4a141501, 0x22200799, 0x1806c16a, 0x4a08f4d2, 0xb74a053b, 0x088b4a05, 0x95845f8f, 0x17385c85, 0x01069501, 0x04080505, 0x13060a04, 
    0x1b122235, 0x02211f09, 0x04040202, 0x3a080482, 0x0e061215, 0x03040106, 0x07080403, 0x0603040a, 0x0d0c0302, 0x1314210d, 0x0a030216, 0x0d190c0c, 
    0x03031210, 0x1d0b0d11, 0x09100613, 0x100a0f05, 0x09070818, 0x0c010101, 0x82070613, 0x080b3e34, 0x0e0d1508, 0x0a090413, 0x01020101, 0x2d181112, 
    0x2a431a16, 0x211f4c2e, 0x0f0a0d2c, 0x23138204, 0x090a160d, 0x0b203082, 0x01215b82, 0x283b8201, 0x180c0b13, 0x06221c0b, 0x087c8206, 0x0c0b0e69, 
    0x1c0a0a15, 0x08191110, 0x08030f0c, 0x11071811, 0x1c33160a, 0x0206221d, 0x16331d88, 0x07091f17, 0x2718080f, 0x030b080f, 0x0f121e0c, 0x1c0f101f, 
    0x0a1a100c, 0x01020704, 0x1e0c0c0d, 0x071a1111, 0x16161e08, 0x291e1e34, 0x0b150a0a, 0x0707110c, 0x1b060501, 0x0f241414, 0x040b170c, 0x06020408, 
    0x0c140704, 0x8219250d, 0x1c073c47, 0x0f241514, 0x0b0b1a0f, 0x160f0f1a, 0x09130c06, 0x1b131a07, 0x47310924, 0x82291e17, 0x0d0d33f3, 0x171c290e, 
    0x140a2138, 0x13100309, 0x10102312, 0xe5821d2e, 0x030c0824, 0xb9820303, 0x10062408, 0x442e2f3e, 0x152a1616, 0x09091d15, 0x120b0b14, 0x0d160a07, 
    0x0c28471f, 0x14030c18, 0x1d2e1111, 0x10000500, 0x9d020fe6, 0x00000128, 0x9209c0ff, 0x0882c003, 0x21010029, 0x17011e17, 0x8207010e, 0x2e212702, 
    0x06222301, 0x06c72307, 0x0f2c5382, 0x27071501, 0x3637013e, 0x06262726, 0x2206784a, 0x490f0626, 0x2e2a06e1, 0x22232701, 0x36343526, 0x4845013b, 
    0x82332007, 0x2602828d, 0x3e373616, 0x82161701, 0x1633219b, 0x2306d144, 0x010f011f, 0x32220f83, 0x24823736, 0x06c73320, 0x01530636, 0x8d69c65f, 
    0x5f862824, 0xfe3e6627, 0x04050299, 0x02010604, 0x05290683, 0x0b040a02, 0x040b0708, 0x2314860a, 0x04040601, 0x03291482, 0x0b08080b, 0x06030904, 
    0x200d8203, 0x82148201, 0x030a2609, 0x0b09070b, 0x08298d03, 0x0c07545a, 0x040d0905, 0x073b3512, 0x1b030209, 0x1e55371d, 0x7f7a860d, 0x0d080b8a, 
    0x261f0805, 0x0a2a2007, 0x02010908, 0x07060607, 0x0b0c0102, 0x0708140c, 0x140a0d14, 0x0f110108, 0x48474903, 0x3b4a2c74, 0x1b1b573a, 0x0e33250c, 
    0x3708160f, 0x12031802, 0x05030c09, 0x024f0a0f, 0xa5837b82, 0x0303062c, 0x040a0305, 0x0b06070c, 0x14820b04, 0x02060323, 0x82118201, 0x210f8297, 
    0xba820707, 0x29850d83, 0x0b20d682, 0xcf84ba82, 0x022f3e8a, 0x2e101331, 0x0d31231f, 0x0a020606, 0xa70a0b0b, 0x04042203, 0x32668201, 0x10970e02, 
    0x1c0e190b, 0x0107102c, 0x01020409, 0x82090a02, 0x1c063404, 0x131c1b1b, 0x0b0c1c2e, 0x2a1e0c0b, 0x04110d0b, 0x82010203, 0x090a3e30, 0x07080701, 
    0x02040205, 0x01010303, 0x10101807, 0x200c2738, 0x04083149, 0x0b070603, 0x4701a80a, 0x0c28058b, 0x00c00388, 0x010000ef, 0x0bc87518, 0x07db6c18, 
    0x012e2727, 0x0f222627, 0x08184702, 0x18012f21, 0x21093b42, 0xc44c2307, 0x094e7705, 0x2f012e22, 0x0b4aa018, 0x200c234d, 0x050a7326, 0x4f886585, 
    0x27013f23, 0x05364d35, 0x2506a042, 0x1e171636, 0x4e731501, 0x17322207, 0x200f8332, 0x05d84233, 0x0e841b88, 0x33013f22, 0x09297518, 0x1f270526, 
    0x33172701, 0x08820283, 0x17210285, 0x21148237, 0x58833632, 0x82082052, 0x33800808, 0x0733011e, 0x2311690c, 0x02050212, 0x3f347542, 0x8142417f, 
    0x1b34183f, 0x2406251f, 0x90323055, 0x640ba75d, 0x06030401, 0x1409090f, 0x1706110b, 0x0506130d, 0x0603060c, 0x01013602, 0x05040702, 0x040b060a, 
    0x120a0608, 0x08110908, 0x0b15080d, 0x04122b18, 0x2e182327, 0x2f491a16, 0x2b295028, 0x2e1d113d, 0x15271112, 0x2407120b, 0x05080507, 0x190b1106, 
    0x0a060905, 0x0305050e, 0x161c0501, 0x0c3f4484, 0x0b100506, 0x02040c08, 0x38652d03, 0x53303138, 0x301b2222, 0x5f565d8d, 0x0c1d100a, 0x820c1308, 
    0x03033c1a, 0x0d070b05, 0x0a060612, 0x012e0504, 0x0c040405, 0x03080407, 0x40111001, 0x8247152d, 0x2a620802, 0x122b4616, 0x42132e43, 0x323d1831, 
    0x19234310, 0x592f1d35, 0x190c142a, 0x27512b0e, 0x06466c27, 0x321c060b, 0xc5011f17, 0x020c1a0e, 0x382b0103, 0x0212110d, 0x060d0a02, 0x0907070c, 
    0x020b0801, 0x17050203, 0x04060202, 0x04050b06, 0x53030207, 0x0a180d16, 0x0a141e0a, 0x0d060711, 0x0b1b1008, 0xfe82160b, 0x080e2108, 0x0706160f, 
    0x04130a11, 0x01070409, 0x11130107, 0x0505100b, 0x0d030502, 0x040e0a09, 0x01010706, 0x023f5b82, 0x12221d02, 0x0b040314, 0x07020206, 0x0b150905, 
    0x2d18230b, 0x080a2d12, 0x1d140a13, 0x820d0a08, 0x055243ca, 0x06030325, 0x82020303, 0x07012431, 0x82060707, 0x252e82d4, 0x02020102, 0x3b820204, 
    0x0a160c3e, 0x170d170a, 0x0a190e18, 0x060b150b, 0x1b040309, 0x1f1f021b, 0x1d1b211f, 0x02202003, 0x1f250282, 0x1d19041f, 0x27b78201, 0x080f0609, 
    0x22190810, 0x05218382, 0x21818201, 0x00820018, 0x00000a3c, 0xee09c0ff, 0x8e01c003, 0xbe01a601, 0xda01c201, 0x0a02f201, 0x3c022302, 0x6f185402, 
    0x544209d5, 0x1e172b06, 0x32161701, 0x33163237, 0x7c423616, 0x36332105, 0x0c447818, 0x3e421483, 0x8a322005, 0x422c8517, 0x1b820950, 0x3f431285, 
    0x4522200b, 0x2e2407a6, 0x0f012f01, 0x23066c7a, 0x0e072226, 0xc6450c82, 0x06152208, 0x09c04214, 0x27262226, 0x012f2622, 0x15245782, 0x1407011c, 
    0x4306ae4a, 0x35200541, 0x3e238585, 0x552e3501, 0xe454062e, 0x4a232005, 0x262005cc, 0x7c182c89, 0x5e850e92, 0x82086c43, 0x06775008, 0x107c4118, 
    0x24060041, 0x3633013e, 0x88db8632, 0x321622f4, 0x089b5533, 0x85012b21, 0x05dd4673, 0x738ee684, 0x83060721, 0x892320c9, 0x0dee5574, 0x2009594b, 
    0x4b608405, 0xc9850599, 0x36343522, 0x17201e82, 0x7c073956, 0x3421068d, 0x274b8226, 0x05062223, 0x05051725, 0x8a180c87, 0x24850855, 0x33973720, 
    0x27211796, 0x20698332, 0x214d9135, 0x1e561437, 0x971e8c09, 0x022b0895, 0x153b2613, 0x2b2b3b11, 0x27121641, 0x07110b15, 0x061d3619, 0x08070b11, 
    0x0e110201, 0x0b0d190d, 0x0d050410, 0x050d0808, 0x82020402, 0x03720802, 0x0e070e11, 0x090f0706, 0x01030604, 0x1f0e0c0c, 0x050b060f, 0x322c592d, 
    0x311e3b6d, 0x13070813, 0x1e3c1e0d, 0x09162610, 0x42180b13, 0x0f241528, 0x10070c05, 0x290d0b1b, 0x1328151d, 0x10030403, 0x371d2434, 0x7282111a, 
    0x023c03dd, 0x08010305, 0x04080405, 0x05030602, 0x08070101, 0x06050803, 0x05010106, 0x090d0404, 0x05060f08, 0x02010409, 0x77820101, 0x83060121, 
    0x07032426, 0x82060405, 0x04012a10, 0x02060304, 0x06010202, 0x08918206, 0x01030225, 0x0a080a02, 0x33050611, 0x0737302d, 0x52525d0c, 0x380f1163, 
    0x17361e29, 0x2323320f, 0x0c09082b, 0x4d060404, 0x012d05c8, 0x0a050507, 0x10140505, 0x04050a06, 0x08558205, 0x1319052f, 0x061e2c0f, 0x0d0a0e14, 
    0x0e190b03, 0x1f203616, 0x25133756, 0x04120f11, 0x211b240a, 0x30160829, 0x0229271b, 0x0a0a0c02, 0x0d070712, 0x23a78205, 0x01040208, 0x24080082, 
    0x0c180d02, 0x27262d07, 0x1e0d0b33, 0x20321112, 0x2a2d4b1e, 0x47192149, 0x1d35182d, 0x07131e0b, 0x06030d14, 0x26a38203, 0x0a0e0402, 0x51030f0b, 
    0x063905be, 0x03080605, 0x0c181c04, 0x430f0c17, 0x19412935, 0x012b390d, 0x03080531, 0x82d28203, 0x200988fd, 0x2010894d, 0x841c8204, 0xb904281a, 
    0x01122efe, 0x82acfbcd, 0x04072110, 0x19862a82, 0x82070421, 0x03292108, 0x04250082, 0x07050408, 0x25168403, 0x08040507, 0x0a8422fd, 0x2b840920, 
    0x61820420, 0x04050824, 0x2e84e009, 0x04284286, 0x02030302, 0x41050804, 0x3b823482, 0x04208788, 0x0321a582, 0x21518255, 0x3d850303, 0x04328385, 
    0x05710209, 0x03020308, 0x04010101, 0x01040204, 0x09820f0e, 0x02030131, 0x06080305, 0x02010504, 0x06080203, 0x82030602, 0x03052202, 0x24178203, 
    0x08030808, 0x37468204, 0x02010305, 0x02090801, 0x05090702, 0x0305050a, 0x1912080c, 0x02060308, 0x21083d82, 0x07020706, 0x09100703, 0x0e0d1f13, 
    0x0f0a0e1b, 0x04010105, 0x05020203, 0x0d100304, 0x02040d1b, 0x55820206, 0x03372782, 0x04060402, 0x03010205, 0x01050303, 0x05030502, 0x09060409, 
    0x62040404, 0x092c058d, 0x05050804, 0x0f08070d, 0x050b0609, 0x01203383, 0x022d1782, 0x10040506, 0x07130c0b, 0x050a1107, 0x39eb8207, 0x06060101, 
    0x01010706, 0x09050505, 0x0c0e0303, 0x05071109, 0x150f1013, 0xf9820505, 0x82030621, 0x670120d2, 0x05820567, 0x08121524, 0x2c82070d, 0x83070221, 
    0x170a3289, 0x0708020e, 0x05010704, 0x1108060b, 0x0811080a, 0x83858202, 0x20ae82bf, 0x30858202, 0x07050506, 0x01040103, 0x0a040a01, 0x03080406, 
    0x20428202, 0x42038201, 0x0a3005bf, 0x080f0809, 0x0b121907, 0x12050d17, 0x090d050c, 0x0805895c, 0x0d0b0d20, 0x08060310, 0x02050403, 0x07060701, 
    0x1303040a, 0x060d070f, 0x0e111b09, 0x0b030715, 0xec820207, 0x2082d782, 0x83057f41, 0x0d0323a6, 0xaf840703, 0x03040423, 0x211c8203, 0x07820307, 
    0x090b5826, 0x08042a0c, 0x02822e82, 0x82040821, 0x23148209, 0x0b080304, 0x16892182, 0x03223e84, 0x3c420460, 0x83032010, 0x04082443, 0x83020805, 
    0x08022236, 0x23338305, 0x08043604, 0x1b820e82, 0x07201982, 0x07240985, 0x07045a05, 0x178d1d82, 0x3005eb4e, 0xc003620b, 0x30001700, 0x64004900, 
    0x00009801, 0x059a5513, 0x44013e21, 0x1e230c86, 0x501e2701, 0x334506cd, 0x3233240b, 0x45051716, 0xf1440593, 0x87252011, 0x25272343, 0x3845010e, 
    0x23168209, 0x06012537, 0x985b1082, 0x203e8705, 0x08154507, 0x89061421, 0x2156820b, 0x8845012e, 0x20318205, 0x210b8815, 0x0b891406, 0x66842388, 
    0x07253b85, 0x14070622, 0x82238506, 0x1c072238, 0x460b8301, 0x172107b2, 0x46488407, 0x15240542, 0x07012e23, 0x03886282, 0x23201b8a, 0x8507914a, 
    0x2205822a, 0x18022f23, 0x18089485, 0x210bdf76, 0xc647013e, 0x021f2d08, 0x3217011e, 0x1f013f36, 0x33011e01, 0x33210883, 0x23088217, 0x023f013e, 
    0x37200782, 0x35213582, 0x25088537, 0x17372735, 0x11823216, 0x83180883, 0x252008b2, 0x17281c82, 0x36373616, 0x16012f26, 0x17290b84, 0x0910078c, 
    0x06070f0a, 0x23028207, 0x10090a0f, 0x012c0682, 0x03024b06, 0x06020203, 0x02070304, 0x03280782, 0x04030702, 0x52040206, 0x06242a90, 0x04040606, 
    0x03272183, 0xe8fd0407, 0x82050c07, 0x062d0810, 0x02070c05, 0x03070418, 0xf2fed102, 0xba5a5b58, 0x01626060, 0x08040204, 0x03080404, 0x02020402, 
    0x03060302, 0x01020403, 0x02010201, 0x25098505, 0x05030401, 0x6382040a, 0x4e821582, 0x03211f82, 0x20008301, 0x205c8203, 0x26088404, 0x05080501, 
    0x83030705, 0x03012733, 0x03030205, 0x0b820101, 0x02230982, 0x82010103, 0x0509243d, 0x82010504, 0x06093700, 0x180e060c, 0x040e0a09, 0x03290302, 
    0x01100b0e, 0x020e0e0f, 0x07830d0f, 0x1f0d4d08, 0x193f2512, 0x2125401b, 0x18080325, 0x04262210, 0x273e783c, 0x514c5379, 0x080f0605, 0x0406190f, 
    0x07080508, 0x0b171701, 0x04040b15, 0x39323705, 0x88404680, 0x183b2448, 0x0e1c3e22, 0x033b0615, 0x05040703, 0x14020207, 0x05060204, 0x1421ad83, 
    0x2cd68205, 0x02020603, 0x07040713, 0x01040304, 0x2141820f, 0x07820203, 0x08050922, 0x0227c882, 0x0b050522, 0x82100706, 0x0204370d, 0x361e3468, 
    0x0b372d16, 0x1c0d0904, 0x974c4c4b, 0x014c4c4c, 0x00820659, 0x0a100727, 0x07061009, 0x27028206, 0x100a0910, 0x0406037b, 0x03205c82, 0x02200082, 
    0x03200983, 0x0222ed82, 0x00820709, 0x09100624, 0x28851109, 0x82091121, 0x030b2432, 0x82040307, 0x01032a67, 0x05060111, 0x08080e06, 0x2e06820d, 
    0x03030114, 0x21f4fe5f, 0x02121515, 0x82010f03, 0x0204238e, 0x01820102, 0x18820220, 0x04210988, 0x22138403, 0x82040103, 0x82022009, 0x4aae8216, 
    0x098a06c8, 0x03020123, 0x84d68201, 0x0103232b, 0x0d820401, 0x01203683, 0x36820082, 0x0805a441, 0x0202013d, 0x05020407, 0x0d060501, 0x05090d07, 
    0x080f1403, 0x0711070f, 0x0712060b, 0x0710060a, 0x06100409, 0x050c0609, 0x01020a0b, 0x0d0d0d0f, 0x0b050501, 0x0b10010b, 0x16190306, 0x82011615, 
    0x6a263800, 0x160a1308, 0x1a121026, 0x01050409, 0x06050502, 0x160d0c12, 0x41090708, 0x042105d0, 0x25e48206, 0x04010405, 0x68820705, 0x03030426, 
    0x03030808, 0x082fb682, 0x01030503, 0x05060101, 0x02040608, 0x82020101, 0x83092008, 0x0506299c, 0x070b110a, 0x0704040b, 0x0e2b1582, 0x091a101d, 
    0x06150312, 0x821c0f16, 0x0a0e2559, 0x00000d09, 0x33059f44, 0xc003e40a, 0x5e022000, 0x92027802, 0x0000aa02, 0x31323001, 0x250b4549, 0x21312230, 
    0x5e440622, 0x05212b09, 0x15232721, 0x35272307, 0x16831427, 0x1806ae44, 0x200a2244, 0x8b0b8b35, 0x8c0b9623, 0x20239647, 0x8b17de35, 0xaf8f8c83, 
    0x012f24d7, 0x18013f35, 0x200a20b3, 0x200b8a17, 0x980bd215, 0x013e265f, 0x33013e37, 0x07764f32, 0x83af0b88, 0x3baf478b, 0x17272f8b, 0x21172137, 
    0x8501010d, 0xef511891, 0x4c332011, 0x2b210503, 0x0a6c4201, 0x32013b23, 0x20c58236, 0x16d54b17, 0x01ce0726, 0x03020704, 0x02270082, 0xfd010407, 
    0x4705044c, 0x063205e9, 0x01b40203, 0x1233fb5f, 0x0a1a0441, 0x03020305, 0x27830407, 0x85010221, 0x0306220a, 0x210a8603, 0x11820703, 0x03030323, 
    0x881f8206, 0x441e8209, 0x05200573, 0x02202884, 0x70841e8e, 0x1e825284, 0x07223483, 0x468f0403, 0x70830220, 0x27841b83, 0x44821d82, 0x06208483, 
    0x6e84ac84, 0x27820984, 0xc0858282, 0x01204585, 0x0a826e89, 0xad864786, 0x3782c38f, 0x83040721, 0x825d843f, 0x2307823f, 0x0865580a, 0x93860682, 
    0xf3824d8a, 0xbc82948c, 0x0520948e, 0x85076d45, 0x82da8854, 0x08024139, 0x15839389, 0x56415085, 0x82488611, 0x099e419a, 0x56410420, 0x0203220c, 
    0x22db8603, 0x41020103, 0x8d830524, 0x82085641, 0x41da8d1f, 0x7a820f9d, 0x072c5083, 0x5987015a, 0x9c021c02, 0x39fb49fe, 0x03236286, 0x82010406, 
    0x8203207a, 0x21068257, 0xa9822901, 0xc7040622, 0x82069f50, 0x84c72006, 0x8926209e, 0x21a4882d, 0x2541ea01, 0x8207200f, 0x31bd2695, 0x1a10053f, 
    0x852f8a0a, 0x406782ca, 0x1b24d113, 0x0e3f4a41, 0x0220d683, 0x51058842, 0xea8605d5, 0x26cd1340, 0x3c2a2d08, 0x822601d3, 0x040721e7, 0x0782f182, 
    0xe7830220, 0x03030725, 0x83041302, 0x42032005, 0x1985068e, 0x0e820e20, 0x88072744, 0x67002018, 0x0a38053f, 0x00c00373, 0x00910085, 0x27260100, 
    0x06072426, 0x23063031, 0x07312622, 0x06230689, 0x85233126, 0x8206830d, 0x2a1b870d, 0x0f273537, 0x05273506, 0x87231507, 0x83272002, 0x37173208, 
    0x37363025, 0x32333632, 0x16303116, 0x31061617, 0x260f8217, 0x3031013e, 0x821e1736, 0x3e372505, 0x37363701, 0x17230b83, 0x84363316, 0x3031280d, 
    0x22052726, 0x83343526, 0x15230834, 0x1e090614, 0xfe9fa08c, 0x055959f2, 0x0e060607, 0x05060606, 0x0607060f, 0x08031004, 0x04110308, 0x82040707, 
    0x0507310e, 0x081e1696, 0x361d1919, 0xfd060b07, 0x0d0a135c, 0x4d080082, 0x0c0e0a0c, 0x02a2240f, 0x03023c0a, 0x07040306, 0x0e060835, 0x08090e1d, 
    0x3d384506, 0x5c181814, 0x57574343, 0x4f894343, 0x5a6e6e4e, 0x2423825a, 0x72f7ce87, 0x0c11110c, 0x0211110b, 0x090a1a35, 0x0c030303, 0x0b0c010c, 
    0x0c010b01, 0x04820b0c, 0x0d0c0138, 0x16084803, 0x0b164004, 0x07070b03, 0x10131008, 0x0e0c0e0c, 0x18820e0b, 0x5a123208, 0x01023a19, 0x2515090c, 
    0x1911381c, 0x311a1111, 0x0a5e1513, 0x0c0b1a0a, 0x04040302, 0x0105050b, 0x183b1818, 0xc3263d18, 0x120c0d12, 0x120d0c12, 0x2c008200, 0xff000002, 
    0x030d0bc0, 0x00f600c0, 0x0de556fd, 0x012a2322, 0x2408564c, 0x23012e27, 0x0802572f, 0x4c0e9368, 0x7c4c08f6, 0x07055309, 0x06220724, 0x5b5e2223, 
    0x2e232209, 0x08585e01, 0x08822c88, 0x2f53678b, 0xe849180e, 0x09195308, 0x180a9d53, 0x26084eb8, 0x17011e17, 0x83053337, 0x16142906, 0x37013c37, 
    0x23151727, 0x16210d83, 0x21388236, 0x0a83013f, 0xa64c2282, 0x32372105, 0x37201483, 0x05206989, 0x6808af82, 0x0a171622, 0x1c3f232b, 0x2817432b, 
    0x382b2249, 0x0106050e, 0x1918341c, 0x3d373c55, 0x01030208, 0x0a040a96, 0x212b0b07, 0x04032926, 0x04030205, 0x090a0301, 0x0807110b, 0x140b0a11, 
    0x0c170d09, 0x0507160f, 0x0404050b, 0x05070202, 0x15070b04, 0x34231229, 0x071d1511, 0x030f190a, 0x0e09171a, 0x02060604, 0x0a070b02, 0x35028311, 
    0x0906100b, 0x0902050d, 0x04070408, 0x06060c05, 0x0d08030b, 0x14820a06, 0x050e2d08, 0x0d0d170a, 0x20011b27, 0x0a180f1f, 0x07041611, 0x0101040b, 
    0x05070301, 0x0f091109, 0x3f1a1826, 0x18382024, 0x23345723, 0x7872183c, 0x032e1582, 0x01020301, 0x2f172f30, 0x01410917, 0xb482094f, 0x70212e83, 
    0x088c8321, 0x3c420528, 0x2d1c3b1d, 0x09140a60, 0x3f204c2b, 0x1d513434, 0x450e121e, 0x0f423237, 0x0c170a03, 0x230e281a, 0x5cfc0e31, 0x32820201, 
    0x99010125, 0x82061812, 0x070522a6, 0x26108201, 0x0e020202, 0x820e0b0c, 0x0e023a7b, 0x06030602, 0x0b0e0a10, 0x05080403, 0x08060a04, 0x1f17141c, 
    0x070f0909, 0x28d08206, 0x080a0e04, 0x09080a11, 0x34338202, 0x03080401, 0x01020506, 0x05010305, 0x01030206, 0x04040401, 0x2c4c8206, 0x050c0604, 
    0x020b1208, 0x0d0c1416, 0x26178202, 0x0e090302, 0x820c0b06, 0x012a0862, 0x08090901, 0x25011f27, 0x0a1c1225, 0x18181312, 0x18151b07, 0x2b1c0f28, 
    0x18351e11, 0x15183119, 0x180d081f, 0x030b070b, 0x5f820d0d, 0x02276384, 0x051a0601, 0x6e040703, 0x1027058e, 0x080f1201, 0x82020109, 0x02042d55, 
    0x06031f06, 0x04110d02, 0x07060609, 0x0421d282, 0x2b8d8202, 0x0c180b08, 0x1508221a, 0x011d081b, 0x67440082, 0xe2092e05, 0x0400c003, 0x00000401, 
    0x33350701, 0x05f64f07, 0x56080d42, 0x0f82068f, 0x23220990, 0x13860622, 0x2a89098c, 0x232b1684, 0x22060727, 0x27220623, 0x562f2622, 0xdd5907db, 
    0x0ab14f05, 0x788a5b89, 0x43012a21, 0x2f210521, 0x23298403, 0x37013c35, 0x0cba5c18, 0x2208f942, 0x8233013a, 0x2205820b, 0x82333632, 0x4f028205, 
    0x37210595, 0x24018b17, 0x33351735, 0x06f94237, 0x33011e24, 0xf8423632, 0x08468806, 0x07010e5c, 0x4e4f0504, 0x367b0501, 0x3f1e144a, 0x27532d22, 
    0x123a6126, 0x011d1224, 0x0b060405, 0x070d0506, 0x0306020d, 0x06050c07, 0x020c070c, 0x0b070305, 0x070b0504, 0x0406020b, 0x03050d07, 0x020a060a, 
    0x0c060405, 0x070c0505, 0x03020302, 0x08040803, 0x0b04050e, 0x095d0b06, 0x0f820133, 0x0505092e, 0x04040309, 0x2210090d, 0x152a1611, 0x21084782, 
    0x11070d09, 0x142a160b, 0x0a132814, 0x0d0d060f, 0x4d291421, 0x07181123, 0x0f0e1c0e, 0x140b1625, 0x6f823608, 0x79820620, 0x050b2508, 0x021f060a, 
    0x03040104, 0x080d0601, 0x13112011, 0x190a0d20, 0x22502e0e, 0x1d1e3b1c, 0x01013552, 0x21442301, 0x50085182, 0x271a4126, 0x02010e34, 0x0e201301, 
    0x08030c07, 0x04090707, 0x05080308, 0x020b0408, 0x120c0b0a, 0x0e180b10, 0x31315b2b, 0x200e2658, 0x17200a13, 0x31315422, 0x71292657, 0x1c412549, 
    0x011b3217, 0x091301e9, 0x0c362b6b, 0x16102312, 0x160b0b21, 0x3c80820a, 0x02040305, 0x01010404, 0x020a0506, 0x02040103, 0x04050101, 0x02030108, 
    0x05040203, 0x23948308, 0x08030502, 0xdb820d82, 0x02010422, 0x04200082, 0x05242e82, 0x33250904, 0x02309682, 0x140a0201, 0x0318140b, 0x030a0703, 
    0x01070407, 0x082f8a82, 0x0e030305, 0x050b050b, 0x050a0602, 0x8202070b, 0x0902294b, 0x11170706, 0x12070f09, 0x04253383, 0x101d0403, 0x3a6b8201, 
    0x07030408, 0x14080503, 0x0f26170c, 0x06081911, 0x1911050c, 0x03090609, 0x82010603, 0x010132e3, 0x06030606, 0x07070903, 0x07020406, 0x09060705, 
    0x22e78204, 0x820d0804, 0x09032358, 0xb483040d, 0x072dad82, 0x060b0504, 0x0a141a06, 0x28120812, 0x08e74514, 0x03e7082a, 0x012400c0, 0x13000003, 
    0x5308cd52, 0x1722070f, 0x1f4c011e, 0x3e372805, 0x26343701, 0x53012e27, 0x9e42060e, 0x23072508, 0x07012f35, 0x450bfb45, 0x2a220cc2, 0xfb580701, 
    0x22262108, 0x590cc545, 0x06210807, 0x233e8b22, 0x35343635, 0x0d5a9318, 0x16303325, 0x83013a17, 0x17352281, 0x06ae5f3f, 0x0e833620, 0x36373625, 
    0x42011f32, 0x0d850ddd, 0x2305f742, 0x011f011e, 0x16200982, 0x35212c83, 0x82bd8436, 0x6a8f85c0, 0x2b46074d, 0xfb541806, 0x50820808, 0x06070c06, 
    0x0602040b, 0x02010302, 0x05050102, 0x05040805, 0x0704040a, 0x01030304, 0x06010201, 0x0c970803, 0x542b1523, 0x2c5c2f28, 0x28325a28, 0x0dbb658d, 
    0x0110090f, 0x15080305, 0x0e1f110d, 0x1112220f, 0x190c0d1f, 0x040f0b0d, 0x03020401, 0x0d050206, 0x02060408, 0x03020403, 0x2f192325, 0x1b624715, 
    0x1c172f19, 0x20030420, 0x05241e1d, 0x09050f0a, 0x0d07070f, 0x01070506, 0x03010504, 0x28820102, 0x14184c08, 0x04041815, 0x04020205, 0x05070703, 
    0x04020308, 0x300f1101, 0x3e122410, 0x27234483, 0x30315727, 0x275d3535, 0x0f151410, 0x13121512, 0x13151114, 0x1711130e, 0x140f1812, 0x18371e33, 
    0x1e3b5419, 0x03071937, 0x120c0407, 0x83060707, 0x0b0e29c7, 0x040b180c, 0x04040b0e, 0x8205036f, 0x0506395a, 0x26232806, 0x3715173c, 0x0c1e1122, 
    0x04045901, 0x08020303, 0x05090405, 0x0721ec83, 0x82ef8203, 0x04052602, 0x05060804, 0x2e058208, 0x1f0f9703, 0x11332411, 0x090b1e14, 0x8203040e, 
    0x01112d91, 0x160b040c, 0x0821190c, 0x05050f0b, 0x07265982, 0x0b0f0505, 0x62820a09, 0x06060122, 0x0328cc83, 0x02010202, 0x03090502, 0x2405a04d, 
    0x100e0d0f, 0x39178202, 0x06020202, 0x03060304, 0x06050905, 0x0a08080e, 0x080a0302, 0x27262f09, 0x1c82042a, 0x01203d83, 0x0628f883, 0x0804080b, 
    0x08150d04, 0x05226c82, 0x17820201, 0x0b0f2408, 0x0b0e0c0c, 0x090c0b10, 0x090e090c, 0x0a0e090f, 0x0509090f, 0x1905060b, 0x09120a13, 0x01030102, 
    0x82050201, 0x0a04220f, 0x056e6006, 0x02249482, 0x02040202, 0x3f83ad82, 0x0a0b012c, 0x0707130b, 0x0d070f14, 0x00820005, 0x00000131, 0x910ac0ff, 
    0x7300c003, 0x15010000, 0x42253533, 0x3e26053e, 0x011e1701, 0xa2481617, 0x052b4506, 0x1e823720, 0x03821720, 0x1617162a, 0x37363736, 0x07010e05, 
    0x07a8bf18, 0x012e2722, 0x09ae9318, 0x15822320, 0x11832620, 0x35272625, 0x84261523, 0x84072024, 0x07062349, 0x39822606, 0x42055a4a, 0x043c05bf, 
    0x4101092a, 0x0c240922, 0x28180c23, 0x0105060e, 0x08040501, 0x0102030b, 0x04070202, 0x073dc882, 0x3f430764, 0x3a3a7940, 0x16dc0138, 0x7033334a, 
    0x2b673d3c, 0x4b4b772b, 0x01013984, 0x08228203, 0x0505096e, 0x380d1004, 0x3c773a3a, 0x7a093e3d, 0x3a9f6465, 0x2a2a253b, 0x2b2c562b, 0x21092b2c, 
    0x411b1b14, 0x2d2e2728, 0x72b74445, 0x65028972, 0x13090707, 0x14071608, 0x02101407, 0x03040401, 0x0b040306, 0x050b0506, 0x03030805, 0x131a0103, 
    0x0616130c, 0x07040202, 0x12bf0b06, 0x1e1a1b2b, 0x0c090303, 0x13131f0c, 0x04020113, 0x02080502, 0x1f2b9982, 0x090d102e, 0x04040e09, 0x82070601, 
    0x090c3ba6, 0x120d0c09, 0x1b1a2c11, 0x4e49041f, 0x311a1a1c, 0x15141716, 0x0b1b1111, 0x5747070a, 0x36082a05, 0x3000c003, 0x00003001, 0x08f24313, 
    0x07010e24, 0x83461406, 0x16172208, 0x08c74936, 0x2a05b857, 0x27012e27, 0x05070626, 0x8217011e, 0x22028809, 0x8223012a, 0x010e2239, 0x099c410f, 
    0x44051a47, 0x32820640, 0x3c851c83, 0x0c822986, 0x1524768a, 0x2723010e, 0x4408d868, 0x4285058f, 0x47032f21, 0x3f220700, 0x0a852702, 0x33013a23, 
    0x23998332, 0x35342635, 0x2005e251, 0xb5961816, 0x5fbd8209, 0x35210503, 0x61238326, 0x26820573, 0x33220e85, 0xe853013a, 0x21d88805, 0x6047023f, 
    0x37172108, 0x1e823c88, 0xb2183f20, 0x8444081a, 0x08088208, 0x1107df6d, 0x09120909, 0x02040b07, 0x03030205, 0x04060601, 0x1e0e0e12, 0x0f1f0f0f, 
    0x0b0a180e, 0x04040410, 0x1808090a, 0x0f190b0f, 0x070e1405, 0x020e0c3b, 0x371b290e, 0x613b4178, 0x101f0e26, 0x32151c07, 0x1f103465, 0x0102160e, 
    0x10040202, 0x03100d0c, 0x01020603, 0x11040403, 0x182b130c, 0x08193921, 0x0708060e, 0x2f180c14, 0x82211318, 0x06032d0a, 0x160b1408, 0x140b0b21, 
    0x0306030a, 0x08053050, 0x02020225, 0x100a0a0d, 0x0f170906, 0x12142815, 0x13092031, 0x04450f0a, 0x0c060b05, 0x0a040310, 0x0c170b07, 0x43030401, 
    0x062508de, 0x06020105, 0x05fa4304, 0x02273a82, 0x0b040304, 0x82050206, 0x260a8274, 0x05050501, 0x82010409, 0x030229ca, 0x02010102, 0x03050b05, 
    0x9c822082, 0x6108a182, 0x07080101, 0x02030703, 0x1c3b1f34, 0x19304c1b, 0x1021132b, 0x0913090f, 0x2015331f, 0x0f0b1436, 0x020c4404, 0x1b462a9c, 
    0x21244320, 0x2b151334, 0x122a1916, 0x01184930, 0x05060771, 0x1007090f, 0x0f160608, 0x0609160d, 0x160b0d13, 0x030e0a0a, 0x06050303, 0x160b0a0f, 
    0x111c0c0b, 0x0e0f2011, 0xe9550b1a, 0x1e583805, 0x32171431, 0x1950371b, 0x02061d16, 0x0e020103, 0x0509050e, 0x82040709, 0x334a820c, 0x05050105, 
    0x0d080a01, 0x1a170e1c, 0x1a150403, 0x12091208, 0x04311a82, 0x1c090a07, 0x060c0613, 0x0101010a, 0x15070606, 0x20d7820f, 0x08328205, 0x1203032f, 
    0x0a08130a, 0x1611111b, 0x06100905, 0x1101090a, 0x060b0610, 0x070b100b, 0x23150b11, 0x17240e0e, 0x060d0d26, 0x0e0d060e, 0x03020101, 0x21968206, 
    0x29570401, 0x07092305, 0x0b850806, 0x08271882, 0x03080406, 0x82020103, 0x2c02825e, 0x07040405, 0x02040602, 0x03050201, 0x35068201, 0x03010404, 
    0x111c0802, 0x180b0c1d, 0x040a070d, 0x0101040f, 0x24820202, 0x0e162d08, 0x09060d07, 0x060c0c0f, 0x1a09080e, 0x0e1d0f0f, 0x1712200e, 0x77391429, 
    0x0300003d, 0xc0ff0000, 0xc0037c0b, 0xf500dd00, 0x00000d01, 0x44063947, 0x1e2405db, 0x013f0701, 0x2106d366, 0x0a85013e, 0x21058543, 0xf347011f, 
    0x26158b07, 0x04161716, 0x5a171617, 0xdf4406f8, 0x15072105, 0x0c2e9918, 0x15010e25, 0x47272307, 0x26200566, 0x200ad376, 0x0aad762e, 0x200e7561, 
    0x0c846114, 0x430bca43, 0x33200836, 0x43087243, 0x3221083e, 0x221d8236, 0x67363233, 0x322007b0, 0x37210e82, 0x5b4b8401, 0x1e220fde, 0x985b0101, 
    0x0de35b08, 0x107f043f, 0x140b0a1a, 0x0a150b09, 0x01030c09, 0x61160101, 0x060a0404, 0x02030b07, 0x03170102, 0x2e0a8202, 0x0302050a, 0x03021801, 
    0x0b060709, 0x82030304, 0x0a032115, 0x15820a83, 0xb2c85608, 0x853701b1, 0x6f706f85, 0x6d6cdb6f, 0x3a39336b, 0x4c46467f, 0x080a0241, 0x181d2c0f, 
    0x06040c24, 0x11020102, 0x04010c3a, 0x1e290a05, 0x0416331e, 0x0906080e, 0x09100703, 0x02070f08, 0x06040306, 0x0c130801, 0x2f283a13, 0x37221c4c, 
    0x041d1915, 0x02010503, 0x08028201, 0x0506024e, 0x07010c0a, 0x2608060e, 0x0e2d201e, 0x1c162b15, 0x31040319, 0x09342a2f, 0x08070b04, 0x0f04060e, 
    0x061d160c, 0x34356430, 0x35323d70, 0x05070202, 0x05050803, 0x0c08090e, 0x070e0705, 0x19141f0b, 0x35fc0d26, 0x0c050504, 0x050c0707, 0x09850084, 
    0xcd040425, 0x82060505, 0x840d200b, 0x0d052114, 0x062a1f82, 0xae020505, 0x06050903, 0x7d820308, 0x04820120, 0x0f010225, 0x82070e02, 0x07043400, 
    0x08110103, 0x08080109, 0x01040804, 0x01080810, 0x82030807, 0x09122209, 0x0813850a, 0x23231135, 0x5847466a, 0x06121221, 0x321c0c0d, 0x0b2f2525, 
    0x275e030a, 0x150b150b, 0x15020313, 0x070d0614, 0x5a030504, 0x0c170a0b, 0x07081f18, 0x1004140d, 0x8208080a, 0x023b0866, 0x05010406, 0x01060503, 
    0x01010708, 0x13070606, 0x0c1a0f0b, 0x0809160d, 0x0c04070f, 0x02090807, 0x06020603, 0x03030106, 0x100f0f01, 0x28120b1b, 0x09261e16, 0x1a1e2509, 
    0x8301041e, 0x05042400, 0x82020a07, 0x120b2618, 0x02070708, 0x29b98605, 0x02010504, 0x02040202, 0xf683d9fe, 0x00410420, 0x22098408, 0x89070c01, 
    0x200987f5, 0x059f4600, 0x03de0a2c, 0x011b00c0, 0x01000036, 0x7a4a012e, 0x46332006, 0x2846059b, 0x010f2405, 0x4e012e23, 0x05200c0e, 0x3c07d342, 
    0x020f012f, 0x2223010e, 0x07042f26, 0x010f022f, 0x2307012f, 0x010f2327, 0x2f072327, 0x27078201, 0x0e07010e, 0x26222701, 0x2e200283, 0x38821d83, 
    0x2f263026, 0x27263402, 0x8407e374, 0x3e372707, 0x013a3301, 0x07833331, 0x17163633, 0x021f1632, 0x3317023f, 0x011f3337, 0x3f17013f, 0x830e8201, 
    0x58112006, 0x1f2a0875, 0x021f3301, 0x36373632, 0x57832734, 0x1e021f25, 0x91163301, 0x8426200e, 0x8645821d, 0x210f951e, 0x264b1f37, 0x85362006, 
    0x8a4d881f, 0x086b890e, 0x17053763, 0x07067a08, 0x06030506, 0x02024803, 0x05050103, 0x04010605, 0x04420302, 0x10610206, 0x462a1624, 0x3063331d, 
    0xfc0d1c0e, 0x01020127, 0x03040703, 0xbb0c070a, 0x08040701, 0x04080304, 0x02090207, 0x0d058306, 0x0e076a05, 0x09086e07, 0x0a096608, 0x0e0a6d07, 
    0x210f1807, 0x0f342512, 0x07071a12, 0x25368209, 0x022c0202, 0x00820102, 0x03820620, 0x04010222, 0x21080583, 0x01010103, 0x0c070b30, 0x2f350605, 
    0x1f162f18, 0x6b0a1004, 0x640a0909, 0x6e080a08, 0x67080e07, 0x59820e05, 0x05090226, 0x05040603, 0x93820582, 0x13129f28, 0x02070407, 0xa0820506, 
    0x125f042c, 0x02030203, 0x03040906, 0x09820104, 0x02123d39, 0x06010402, 0x01030308, 0x02020103, 0x02113b02, 0x05010401, 0x8203050a, 0x22d88206, 
    0x8303103d, 0x040a211f, 0x1f828d82, 0x0e340329, 0x02050203, 0x83030b07, 0x213f821f, 0x24821336, 0x82050221, 0x8201204e, 0x0302220d, 0x241f823c, 
    0x07050103, 0x05c47102, 0x2302412d, 0x057c01ba, 0x0d07070c, 0x85050306, 0x080d27c4, 0x02060d09, 0x68820103, 0x170a1029, 0x0a23190c, 0x83071812, 
    0x8203820d, 0x21198423, 0x40820496, 0x9b030236, 0x030c1b02, 0x040e010c, 0x0e0d010c, 0x0d0c020c, 0x0b060e04, 0x08619618, 0x90830120, 0xd4820420, 
    0x3001022e, 0x070b0513, 0x0808150d, 0x340e0910, 0x03222082, 0x1c820204, 0x0b826f82, 0x040c012e, 0x0c030e01, 0x0e010d0c, 0x0d010d01, 0x0d824b82, 
    0x01011b23, 0x82638408, 0x12fc2220, 0x232c8228, 0x03090e04, 0x0422a382, 0x00820224, 0x0405012b, 0x0603070c, 0x23060402, 0x23458202, 0x0b040504, 
    0x02220c82, 0x56822203, 0x26820120, 0x04290d84, 0x02020320, 0x03070503, 0x23ce820a, 0x21020302, 0x02321c83, 0x0b030502, 0x02050307, 0x03210204, 
    0x04020201, 0x1e840505, 0x1c010222, 0x04224883, 0x1a820904, 0x62217482, 0x0863542b, 0xc0030729, 0xcb00c600, 0x4b010000, 0x0e2a0629, 0x011e1701, 
    0x37013e17, 0x164a1636, 0x089b6008, 0x08466d18, 0x210a3a4a, 0x2f823732, 0x54011e21, 0x3b820c08, 0x24860f82, 0x35831620, 0x784b3620, 0x21598207, 
    0xbb61012e, 0x06954305, 0x012e2727, 0x1607012f, 0x0c546714, 0x621c0721, 0x0f8e0d30, 0x32072724, 0x71463114, 0x012a2f05, 0x010e2723, 0x0e070627, 
    0x27262301, 0xc0823705, 0xcf025e08, 0xa1525153, 0x454e4f4f, 0x1b09370d, 0x33582412, 0x0c2d5e31, 0x25100a17, 0x172c1515, 0x18172e18, 0x0905142a, 
    0x02070404, 0x1c1d2f12, 0x381f203b, 0x0d281b1a, 0x04040803, 0x1406050a, 0x050c060d, 0x06040a06, 0x0a07090e, 0x060b0603, 0x330a1107, 0x0a2f5223, 
    0x502f3942, 0x2f2f3321, 0x08b78256, 0x2425222a, 0x2c2a2a4e, 0x2f1e4b2c, 0x40454474, 0x38387840, 0x5b640a33, 0x1f1d5639, 0x15462948, 0x03020201, 
    0x05040305, 0x12020202, 0x06230382, 0x82060303, 0x89102006, 0x01390815, 0x03040112, 0x01050804, 0x1a0e0101, 0x40441b34, 0x3c3c7c41, 0x0e64fd39, 
    0x0218071f, 0x05040881, 0x2b1e1e22, 0x3a37551e, 0x2e25023d, 0x130a0909, 0x0e0a0307, 0x08070816, 0x08038201, 0x03101731, 0x19030404, 0x05090a23, 
    0x11150505, 0x061a2a11, 0x01030208, 0x040b3025, 0x0c030202, 0x17250e09, 0x0a071a14, 0x0403020d, 0x01020506, 0x82030102, 0x01280800, 0x04030302, 
    0x09090504, 0x1813131c, 0x0e162d18, 0x0c0e0f1c, 0x0606110c, 0x02030403, 0x10040406, 0x0105180d, 0x05030103, 0x03204282, 0x50823282, 0x05220582, 
    0x0f820302, 0x02040122, 0x0d864684, 0xd0840683, 0x2c821d20, 0x080e3508, 0x06010809, 0x230e46ff, 0x10000015, 0xc0ff0000, 0xc003440a, 0xca00a700, 
    0x0d01ed00, 0xd501b501, 0x1b02f801, 0xe402c102, 0x26030603, 0xec03cc03, 0x32040f04, 0x220dd356, 0x6a0e010f, 0x0f20063d, 0x4c08a969, 0x07200b51, 
    0x4e059442, 0xad50070f, 0x493d200b, 0x64180855, 0x152008f8, 0x15252787, 0x1e151614, 0x05854201, 0x20089e42, 0x2530823f, 0x33013e33, 0x18851614, 
    0x013a1726, 0x15163233, 0x4c09d042, 0x15200a04, 0x6a469682, 0x49232005, 0x1f210738, 0x491f8501, 0x362105ab, 0x228b8326, 0x82062203, 0x010f21a1, 
    0x1c855288, 0x944e3e20, 0x37232209, 0x0a86642e, 0x33202784, 0x2209824c, 0x82273436, 0x06de5194, 0x250bad49, 0x012f012e, 0x40182634, 0x6a820c1b, 
    0x71182220, 0x07210a09, 0x82818406, 0x26342134, 0x4f08b551, 0xee51080b, 0x098f7b09, 0x20078f51, 0x829e8237, 0x4d262036, 0xff8e06f9, 0x2f413320, 
    0x3e352205, 0xbc6c1801, 0x3e372609, 0x16013701, 0x23548514, 0x2f262227, 0x8505ab41, 0x32332276, 0x20428316, 0x21068507, 0x8441011e, 0x08ac4108, 
    0x52853520, 0x76133321, 0x1c850aed, 0x88012f21, 0x473e8585, 0x154205eb, 0x42ec8859, 0xfc411015, 0x013a2108, 0xec41d182, 0x98671807, 0x0550500c, 
    0x07010e23, 0x006e1825, 0x07194f0d, 0x220b0542, 0x42263417, 0x2e221c39, 0x18421301, 0x4267840b, 0x36201118, 0x3620a683, 0x23111f42, 0x012e012f, 
    0x200b1c42, 0x181c4227, 0x42085749, 0x1c420a93, 0x5a88824b, 0x7243086e, 0x20c58d05, 0x20d98403, 0x07e47817, 0x2212f641, 0x4c0e2715, 0x2a4209a6, 
    0x42372006, 0x1421084c, 0x08ad8306, 0x43720452, 0x6f353e80, 0x0535303a, 0x0a060d06, 0x04020c0b, 0x03060403, 0x02040109, 0x02030302, 0x12030102, 
    0x1121110f, 0x0f102312, 0x02040213, 0x0e110201, 0x06080603, 0x1c120d12, 0x161f0a0b, 0x070d180a, 0x0201040a, 0x05050601, 0x1d15171c, 0x11180608, 
    0x05391982, 0x04020105, 0x07040b07, 0x07030207, 0x0d190b05, 0x0b08130b, 0x1d140e19, 0x085b8209, 0x03010a2d, 0x02030101, 0x08060708, 0x06080201, 
    0x05030503, 0x5f4a8905, 0x19200716, 0x24102717, 0x160b1d42, 0x08150e0a, 0x381b0c0d, 0x8257fc1c, 0x0501295b, 0x0e140404, 0x03081109, 0x063a7f82, 
    0x100c050a, 0x0b0f0404, 0x01010b0a, 0x05040403, 0x09056a02, 0x02090705, 0x6b820101, 0x04062008, 0x0c06070b, 0x20260606, 0x22012020, 0x07282023, 
    0x70050904, 0x08070d04, 0x1104050e, 0x820b0c0c, 0x030527d2, 0x02050139, 0xb4830706, 0x0303033c, 0x1b381ca3, 0x15080d0c, 0x0b160a0e, 0x1024421d, 
    0x20191727, 0x4a5f1607, 0x98820589, 0x0226eb82, 0x07060801, 0xb3830208, 0x030a0136, 0x1d090406, 0x0b190e14, 0x0d0b1308, 0x07050b19, 0x07070203, 
    0x043e7382, 0x05050102, 0x11121c0b, 0x1d080618, 0x051c1715, 0x02010605, 0x070a0401, 0x160a180d, 0x19820a1f, 0x06120d22, 0x0e21eb82, 0x2dc28211, 
    0x0f130204, 0x11122310, 0x120f1121, 0x67410103, 0x01042205, 0x355b8209, 0x0c020403, 0x0d060a0b, 0x30350506, 0x3e356f3a, 0x5dfc4380, 0x4b830303, 
    0x02060727, 0x03390204, 0x342d8205, 0x110c0c0b, 0x080e0504, 0x70040d07, 0x07040905, 0x22232028, 0x21ef8201, 0xf9820626, 0x040b0723, 0x2c948206, 
    0x09020202, 0x05090507, 0x0405026a, 0x2aba8204, 0x0f0b0a0b, 0x0c100404, 0x82060a05, 0x08032980, 0x140e0911, 0x01050404, 0x0737a482, 0x05352f2c, 
    0x09060d07, 0x04020c0c, 0x02070403, 0x02040109, 0x82010402, 0x032508f1, 0x22100f12, 0x0f221311, 0x03031211, 0x10030102, 0x0905040d, 0x120c1306, 
    0x200a0a1c, 0x0c170c15, 0x02030a08, 0x08628202, 0x171c0635, 0x06071e15, 0x1d111218, 0x0205040b, 0x0b070403, 0x01070803, 0x05080102, 0x0a0e190b, 
    0x190c0812, 0x091d140e, 0x09040703, 0x01010202, 0x07010203, 0x83080607, 0x0603221e, 0x08868203, 0x5f49892a, 0x19200816, 0x320f2717, 0x150d2658, 
    0x310e0d07, 0x2d5c2f30, 0x6e352c2d, 0x06e7fd3a, 0x1f202027, 0x28212223, 0x04080507, 0xf650c182, 0x08032505, 0x070c0405, 0x4a28f282, 0x13050405, 
    0x0811090f, 0x0222e782, 0x1e420b05, 0x0a0a2205, 0x22b0820b, 0x82060404, 0x04082d6e, 0x0d08080c, 0x0c110505, 0x02010b0c, 0x03249d82, 0x03050239, 
    0x0805bf6c, 0x01040422, 0x356e3ac5, 0x5c2d2d2c, 0x0e31302f, 0x0d15070d, 0x0f325826, 0x20191727, 0x495f1608, 0x04050189, 0x0529a282, 0x08020108, 
    0x01070706, 0x30638302, 0x07040902, 0x141d0903, 0x080c190e, 0x190e0a12, 0x391e830b, 0x03080701, 0x0304070b, 0x0b040502, 0x1812111d, 0x151e0706, 
    0x04061c17, 0x71820205, 0x080a2208, 0x150c170c, 0x1c0a0a20, 0x06130c12, 0x0d040509, 0x02010310, 0x11120303, 0x1113220f, 0x120f1022, 0x05245703, 
    0x01040224, 0x45820209, 0x0c02042c, 0x0d06090c, 0x2f350507, 0xbe863bfe, 0x930d1021, 0x4e0a20be, 0x0420057c, 0x0b2b4f82, 0x040f0a0a, 0x060b1004, 
    0x8201050b, 0x110830fc, 0x05130f09, 0x064a0504, 0x0c07060c, 0x82080504, 0x01013abb, 0x0a060709, 0x05080405, 0x22212807, 0x20201f23, 0x82010627, 
    0x090a291f, 0x2029820e, 0x29368201, 0x02050201, 0x09070b04, 0xbb82020a, 0x12035208, 0x0416110e, 0x130f1a0b, 0x06020216, 0x0e160808, 0x130c1d11, 
    0x17071a2d, 0x0c150a10, 0x06050d11, 0x2e152a2e, 0x29360d1a, 0x38122614, 0x17143420, 0x30292c43, 0x0d080606, 0x08121f0d, 0x0d040109, 0x09180e09, 
    0x100b1c10, 0x100a0717, 0x05100b06, 0x34ae8204, 0x1f0c090a, 0x131b0714, 0x01060530, 0x0a0b0101, 0x02020e0c, 0x2cff8203, 0x060a0408, 0x05050602, 
    0x1a0a0309, 0x34fc8210, 0x09040d08, 0x1c10010b, 0x04028e0d, 0x02010203, 0x0c060908, 0x08208205, 0x12090722, 0x01141209, 0x07090801, 0x1402030a, 
    0x03171312, 0x05055601, 0x3b202606, 0x1a0d1a0c, 0x09060924, 0x02316582, 0x201f2201, 0x24040424, 0x03221f1f, 0x059d0203, 0x08e1820a, 0x1717172a, 
    0x0501031b, 0x1d040302, 0x05020202, 0x171d0507, 0xfe051a14, 0x101c0d9b, 0x04090b01, 0x0d07080d, 0x0a1a1006, 0x05050903, 0x0a228a82, 0x98840804, 
    0x0c0e0224, 0xaa820b0a, 0x05066608, 0x071b1330, 0x090c1f14, 0x0201010a, 0x0b100504, 0x070a1006, 0x1c0b1017, 0x0e180910, 0x01040d09, 0x1f120809, 
    0x06080d0d, 0x2c293006, 0x34141743, 0x26123820, 0x0d362914, 0x2a152e1a, 0x0d05062e, 0x0a150c11, 0x1a071710, 0x1d0c132d, 0x08160e11, 0x02020608, 
    0x1a0f1316, 0x1116040b, 0x0503120e, 0x0a020604, 0x051f5509, 0x01216182, 0x2bb28201, 0x290a090e, 0x0565011f, 0x1d17141a, 0xb682b082, 0x03041d27, 
    0x03010502, 0x82cc821b, 0x050a281f, 0x0303029d, 0x831f1f22, 0x1f2024eb, 0x82020122, 0x09220801, 0x1a230a06, 0x3b0c1a0d, 0x05062620, 0x03aafe05, 
    0x14121317, 0x070a0302, 0x01010809, 0x12091214, 0x6a820809, 0x060c0524, 0x2e820809, 0x02040323, 0x050c4420, 0x2149fd41, 0xfd410a07, 0x270e2238, 
    0x05fa4119, 0x16171b2a, 0x070c0d23, 0x1c050e09, 0x280dcc41, 0x06050401, 0x0d3b2026, 0x09ed4119, 0x20423320, 0x0402231d, 0x0142ed01, 0x052d2a1b, 
    0x0c07090e, 0x1716230d, 0x0508421b, 0x0e271922, 0x21380542, 0x0542070a, 0xd301214f, 0x1623bc9b, 0x41020403, 0x072311e1, 0x41020605, 0x332807e1, 
    0x02010102, 0x24090609, 0x21081442, 0x35420104, 0x07003a0d, 0xc0ff0000, 0xc003400b, 0x2f001700, 0x60004800, 0xd2007800, 0x0000f100, 0x0d645413, 
    0x7c543520, 0x17667007, 0xb5541720, 0x17152116, 0xb3753987, 0x4a17960f, 0x3722050c, 0x0282011e, 0x55363321, 0x062b07ac, 0x27060704, 0x26070622, 
    0x482e0706, 0x764906de, 0x5a232005, 0x1a820bba, 0x4c182620, 0x17230c5d, 0x4817011e, 0x162305fb, 0x6a373736, 0x7f4f0a32, 0x3e372208, 0x21db8601, 
    0x008207a3, 0x0a110624, 0x0782100a, 0x102f0282, 0x05110a0a, 0x080e0688, 0x06060e08, 0x85060505, 0x29078209, 0x0504046d, 0x0a06060a, 0x00820405, 
    0x65230987, 0x72040304, 0x10820d6c, 0x02035822, 0x080f1367, 0xfc030228, 0x295429e3, 0x1f0c2215, 0x20072343, 0xc6c5e019, 0x8e8f5301, 0x8f8e7474, 
    0xc5c6adfe, 0x072019e0, 0x0c1f4323, 0x24821522, 0x39173508, 0x2b441922, 0x2b064945, 0x4d25204a, 0x22492828, 0x14143722, 0x01010216, 0x14141602, 
    0x49222237, 0x254d2828, 0x062b4a20, 0x442b4549, 0x17392219, 0x16351fc7, 0x35220084, 0xc682091f, 0x0d070d24, 0x0f850b18, 0xde012028, 0x0a091107, 
    0xe5860611, 0x83110921, 0x820b2008, 0x8e0520ce, 0x8e1420e2, 0x22ed84d9, 0x82080504, 0x87e386cf, 0x07042109, 0x86099e6a, 0x058e3809, 0x1b0e1c20, 
    0x061b210c, 0x0806090a, 0x25242d09, 0x25253333, 0x8308082d, 0x211b280f, 0x1b0e1b0c, 0x82030521, 0x04063ec0, 0x04050807, 0x06060101, 0x0d0c1207, 
    0x1f0f101b, 0x02030110, 0x0f0f1f10, 0x120c0d1c, 0x05c87607, 0x05070823, 0x21ed8205, 0xc3820903, 0x84203521, 0x02012bdb, 0x05030401, 0x35160b11, 
    0xeb83201f, 0x29087f51, 0x00c003a1, 0x004f0017, 0x89420100, 0x1e253316, 0x37363701, 0x16172436, 0x27263617, 0x33171636, 0x5e423217, 0x0723210b, 
    0x063b0182, 0x26061716, 0x06070627, 0x27262720, 0x26070626, 0xd5063736, 0x0a030404, 0x85090605, 0x094508f6, 0x030a0506, 0x78f90404, 0x8a417a3a, 
    0x1001898a, 0x0f858787, 0x33261001, 0xe20e4d0c, 0x5901c7c7, 0x42769191, 0xd2fe6c6c, 0x09ecc1c1, 0x0d520ea2, 0x38261408, 0x86858412, 0x8b8beffe, 
    0x38793f8d, 0x012c012c, 0x834d8ea9, 0xa4260861, 0x06030e12, 0x02020303, 0x25100402, 0x32270a16, 0x18060611, 0x10191313, 0x040f0c0b, 0x0c070904, 
    0x21151823, 0x20820536, 0x02050327, 0x84431413, 0x07f75d40, 0x82a60721, 0x50eb20fb, 0xcf4e0d09, 0x012e2409, 0x7d012e27, 0xd26038c3, 0x0622260b, 
    0x0f062207, 0x13c37d02, 0x63363421, 0x362909c8, 0x011e1716, 0x37013e15, 0x067c433e, 0x7a069663, 0x1784055a, 0xbf7d1a82, 0x7d17200c, 0x162127bf, 
    0x085b8232, 0x07071772, 0x0b160a93, 0x28010301, 0x4e262048, 0x264e2928, 0x13111f10, 0x34160416, 0x39581e1e, 0x013d0766, 0x09040202, 0x070c0605, 
    0x080e040a, 0x0803040b, 0x02030203, 0x01010121, 0x07030204, 0x06020703, 0x050b0603, 0x08050a06, 0x0e070d05, 0x18020c1a, 0x0e1c0f15, 0x181d2d0f, 
    0x251b1931, 0x0b1c120a, 0x070d170b, 0x0516040b, 0x04020602, 0x030f070b, 0x28083082, 0x02030309, 0x0d110301, 0x03040101, 0x03040703, 0x0805060a, 
    0x1c020102, 0x6644223e, 0x39561e20, 0x0a063b34, 0x0c040811, 0x22168207, 0x82010102, 0x0b082822, 0x03060403, 0x82011c03, 0x05072a7d, 0xa6020402, 
    0x0d1b270a, 0x3f02822c, 0x1b2b0d19, 0x0b1c290c, 0x250e1e28, 0x16280a1f, 0x1d11210f, 0x080b1a37, 0x321a090f, 0x2b431718, 0x113ca482, 0x01130e1f, 
    0x071009bd, 0x1a010201, 0x0c0a0822, 0x08060101, 0x05040803, 0x06050105, 0x02235f82, 0x82010e03, 0x07042ed4, 0x01040303, 0x080d3302, 0x1207060f, 
    0x05e6490c, 0x07100a24, 0xfb820d07, 0x0a04092a, 0x0a04040d, 0x05030b07, 0x34082482, 0x0a0b0104, 0x04030a07, 0x06070302, 0x04020906, 0x02010104, 
    0x15120102, 0x02020c0b, 0x01020407, 0x0c060205, 0x0e160707, 0x061b0b1c, 0x0c060b06, 0x08060512, 0x82008202, 0x030221be, 0x0225f582, 0x04010304, 
    0x20368205, 0x20078203, 0x21968203, 0x37820102, 0x060d0728, 0x0e080f06, 0x7f82090f, 0x04060d31, 0x11030205, 0x13130111, 0x11101413, 0x82131302, 
    0x12012609, 0x110f0212, 0x2aac8201, 0x05090405, 0x150f050a, 0x82090506, 0x0101324f, 0x01000e01, 0xc0ff0000, 0xc003db09, 0x0000b300, 0x08494f01, 
    0x22212325, 0x51342326, 0x2e210791, 0x08fb4f01, 0x48180720, 0x1e200811, 0xff4e2d83, 0x5b3d2005, 0x23200b1a, 0x20051563, 0xf1471822, 0x05605112, 
    0x4605aa50, 0x1e240616, 0x013e3301, 0x46088b58, 0x4e820515, 0x20052850, 0x08386116, 0x17269882, 0x011f011e, 0x4d462115, 0x210d8206, 0x37823217, 
    0xdb093733, 0x18382036, 0x39416c2c, 0x27fe4d88, 0x03010504, 0x08048203, 0x0b0f063c, 0x11111c0a, 0x1f140e1f, 0x0108060b, 0x05090603, 0x06040208, 
    0x04020402, 0x0d0a0e04, 0x0e0e0b18, 0x06020101, 0x43470304, 0x484a9b51, 0x502a549b, 0x09150c26, 0x03060b05, 0x2c820609, 0x05214282, 0x058a7a0a, 
    0x02050a25, 0x83050404, 0x06033215, 0x1509050b, 0x2a50260c, 0x4a489b54, 0x4743519b, 0x29528203, 0x0e0e0101, 0x0a0d180b, 0x5c82040e, 0x02215282, 
    0x082c8208, 0x08020343, 0x28010c07, 0x3f324a18, 0x3a422261, 0x2828623a, 0x3579441f, 0x25431e02, 0x281c1035, 0x010c0b0d, 0x0a080901, 0x120a030d, 
    0x01080807, 0x1e0a0807, 0x08110a13, 0x01041410, 0x03010102, 0x050d0902, 0x080a8206, 0x0b0a0a38, 0x064f121c, 0x04040309, 0x0a0a0a0b, 0x07040807, 
    0x060c0b04, 0x06050b12, 0x39070506, 0x070c0433, 0x08081107, 0x0b070810, 0x06353004, 0x06010607, 0x06110a06, 0x27820c0c, 0x0a080822, 0x94823e82, 
    0x4f060924, 0x3e821d11, 0x04010228, 0x090d0406, 0xf9820402, 0x14040130, 0x0917100f, 0x03041c0c, 0x05040805, 0x14820404, 0x06080336, 0x00020000, 
    0x0bc0ff00, 0x02c003e9, 0x003d0225, 0x25370100, 0x5a0bbf5a, 0xa462057c, 0x022f2105, 0x16201983, 0x4106437f, 0x2e2106f5, 0x841c8201, 0x05365319, 
    0x85051f42, 0x90168a05, 0x1417222d, 0x0e2c7f16, 0x07232d84, 0x4507010e, 0x41850a00, 0x82061421, 0x23898816, 0x1723012f, 0x6505ca53, 0x166c0dfc, 
    0x0b5b6308, 0x83062e69, 0x212d821b, 0x98822622, 0xdc423520, 0x2622210b, 0x0f2b368b, 0x15072701, 0x010f2707, 0x82232723, 0x830b8307, 0x210b8b03, 
    0xa182010f, 0x82010e21, 0x177a6ccf, 0x18095243, 0x8408b7b7, 0x55178832, 0x1f2008d8, 0x180d7958, 0x21112340, 0x8b411636, 0x052c6205, 0x53064643, 
    0x1d860ad1, 0x37363223, 0x0a0d4632, 0x38874782, 0x3a222083, 0x2f413301, 0x20868406, 0x07664a23, 0x33221b82, 0x2d551632, 0x245b8506, 0x013e023f, 
    0x203e8233, 0x05734305, 0xb8496985, 0x0537210b, 0x4910d149, 0x200805cb, 0xfee7020b, 0x030204b7, 0x03010101, 0x04080402, 0x03050702, 0x03030206, 
    0x05030401, 0x0302050e, 0x28178302, 0x04040703, 0x08050308, 0x200f8202, 0x2a148202, 0x02020310, 0x04060301, 0x82050509, 0x03052131, 0x01242e82, 
    0x0c060403, 0x01211a82, 0x823f8204, 0x0404220b, 0x25128206, 0x03040202, 0x5e870f06, 0x0c110624, 0x59820604, 0x5c820220, 0x060b0622, 0x01255a82, 
    0x08040405, 0x3a5b8205, 0x02030501, 0x0d060306, 0x06010103, 0x070a0306, 0x03040704, 0x05020205, 0x860b0503, 0x050a2726, 0x03050905, 0xaa820104, 
    0x0609023e, 0x03040a06, 0x19121214, 0x29451b06, 0x241f3214, 0x4513183c, 0x09045931, 0x040c0905, 0x03325482, 0x0b050608, 0x05080806, 0x09040306, 
    0x04080304, 0x74830806, 0x02050425, 0x82020402, 0x2a1f8258, 0x0708020c, 0x07010901, 0x82090802, 0x013b0802, 0x08010a09, 0x0b09010c, 0x030c0902, 
    0x0e050107, 0x12221108, 0x100e2618, 0x22151121, 0x1528140d, 0x090e2416, 0x29131922, 0x1b2c1116, 0x09092118, 0x1a0d111a, 0x030c0a0d, 0x82020605, 
    0x2a028275, 0x05020b07, 0x0b080a0e, 0x82060302, 0x012b08a2, 0x0f0e0a0b, 0x2e360701, 0x140a2315, 0x04100b09, 0x0909150a, 0x0d060c15, 0x0a110707, 
    0x07050a04, 0x1209060d, 0x0d170a09, 0x820f1c0e, 0x07410808, 0x08050309, 0x0a0c0304, 0x0d09170d, 0x1d0c111d, 0x09160d0f, 0x02030603, 0x0a050406, 
    0x03070506, 0x02030502, 0x02030102, 0x08060a03, 0x200e0f16, 0x0f211212, 0x06091208, 0x0805070f, 0x02040103, 0x21008201, 0xf384090a, 0x06060123, 
    0x2b128203, 0x11170503, 0x10071008, 0x01030b08, 0xfe823a82, 0x0f080b24, 0x0c820101, 0x02020628, 0x0409047a, 0x9782180f, 0xab820520, 0x2b152231, 
    0x2c714516, 0x2244702d, 0x01fa193a, 0x84040a06, 0x05b74b00, 0x82030321, 0x7b012b81, 0x02042af2, 0x07040304, 0x5c820402, 0x70820320, 0x2505cb67, 
    0x06040702, 0xf1820604, 0x04200482, 0x0320f782, 0x07212e82, 0x05347f04, 0x18840420, 0x040e0a22, 0x21055b42, 0x10830502, 0x0507012c, 0x05080209, 
    0x0a070207, 0xcf820303, 0x02030222, 0x04244382, 0x010b050a, 0x2a073742, 0x01060205, 0x04060105, 0x82060702, 0x0108241a, 0x820b060b, 0x05e65439, 
    0x07080224, 0x41820804, 0x0c060725, 0x42080606, 0x09290619, 0x06090305, 0x09040709, 0x82578205, 0x0a0d21df, 0x03211a82, 0x29318305, 0x090a0102, 
    0x0c030c0a, 0x0082010d, 0x03060226, 0x11090d04, 0x0620b183, 0x70820e82, 0x01040322, 0x01232583, 0x82040301, 0x2213832f, 0x82020303, 0x33eb8213, 
    0x02080106, 0x080a0209, 0x0109020b, 0x0108010c, 0x09050109, 0x08200682, 0x07221682, 0xa2820701, 0x7f822d82, 0x85020421, 0x04023038, 0x080b0203, 
    0x07090e06, 0x0e0a0c13, 0x87070303, 0x06022a50, 0x0a0d0405, 0x0604100c, 0x38898310, 0x06060b06, 0x1004040c, 0x0114110d, 0x044c560a, 0x0b1a0f0d, 
    0x0b041310, 0x20bb8310, 0x21508202, 0xfa820405, 0x050c0623, 0x82f48507, 0x0306228f, 0x3c928204, 0x08080101, 0x0905100a, 0x09020208, 0x0b130708, 
    0x03060b05, 0x100a070a, 0x01050406, 0x08378403, 0x11180823, 0x0b0a1e12, 0x0701010c, 0x070c0406, 0x060a0f05, 0x0b140509, 0x1406050f, 0x070e070d, 
    0x0d090a09, 0x20f08204, 0x262c8202, 0x01020102, 0x82010303, 0x020528b3, 0x4625330d, 0x82030204, 0x01042a16, 0x070c0301, 0x06091208, 0x300d8208, 
    0x08060b03, 0x120a131a, 0x0404ab08, 0x06050b04, 0x2686820a, 0x0a030404, 0x820b0506, 0x084b4c10, 0xc0037e28, 0xf6001a00, 0x65780000, 0x05614412, 
    0x03012b33, 0x15173236, 0x15171606, 0x3a373616, 0x011e3301, 0x05b65a1f, 0x2205a044, 0x5a37013d, 0x0e960529, 0x2906794c, 0x31223025, 0x0e070622, 
    0x3c871d01, 0x25313023, 0x22ea8206, 0x4f230607, 0x1e840872, 0x0e9a2720, 0x21821520, 0x012a0729, 0x07012e23, 0x82010e15, 0x27222595, 0x27263635, 
    0x21056045, 0x5058012e, 0x09cb4608, 0x8205265a, 0x651e20c1, 0x2458093a, 0x013e2806, 0x95053527, 0x84040a05, 0x050a2400, 0x8409068e, 0x09043f09, 
    0x0cfa8e06, 0x050b0e1b, 0x092b230f, 0x061b371c, 0x03041218, 0x04070302, 0x03030704, 0x03821a03, 0x17200a86, 0x022d0a86, 0xacb80303, 0x954101ac, 
    0x22fb8a95, 0x2d518901, 0x8ade0401, 0xbffe9595, 0x03b8acac, 0x348e0203, 0x4f084a8b, 0x12040302, 0x371b0618, 0x232b091c, 0x0e0b050f, 0x0e0a0c1b, 
    0x28431c17, 0x3239874f, 0x4b393c6d, 0x3e531611, 0x100b281d, 0x160e0413, 0x01090807, 0x0a0a0a01, 0x14040b15, 0x1c280c0f, 0x1116533e, 0x6d3c394b, 
    0x4f873932, 0x171c4427, 0xd3010a0e, 0x0a21c782, 0x20878906, 0x30e38306, 0x11114d01, 0x2047262a, 0x23220221, 0x0d010708, 0x82cc8303, 0x03072684, 
    0x040b010b, 0x82098206, 0x04062402, 0x890c010c, 0x0b0e270c, 0x22212d0b, 0x4f84092d, 0x27055a44, 0x21222d09, 0x0e0b0b2d, 0x8c09124f, 0x894b8231, 
    0x0d360858, 0x23080701, 0x20210222, 0x112a2647, 0x5b302e11, 0x0509042b, 0x07010808, 0x0a060707, 0x0206050b, 0x1f060202, 0x1f381819, 0x191a381f, 
    0x0201041e, 0x0b050601, 0x1e82060a, 0x0808012a, 0x2b040905, 0x002e305b, 0x2707ab42, 0xc0039309, 0x35021800, 0x2819b151, 0x011e2507, 0x2e250517, 
    0x05395101, 0x20056148, 0x0b164215, 0x180a8951, 0x8b17f141, 0x2423c717, 0x07062615, 0x06874823, 0xeb4b2220, 0x06316b09, 0x23010e24, 0x034c012e, 
    0x24b28605, 0x0623012a, 0x23118b22, 0x0622011d, 0x3023218c, 0x18221516, 0x230db442, 0x0e311614, 0x3120f883, 0x20071070, 0x07e94915, 0x118a0720, 
    0x16321725, 0x83142233, 0x08055e29, 0x82012e21, 0x37352587, 0x33372707, 0x1808c36f, 0x230b1c48, 0x3e313430, 0x4306fb5e, 0x362107e2, 0x3e481832, 
    0x3430240c, 0x5f363235, 0x2189051d, 0x1f8f0f8d, 0x20082b49, 0x216a8b31, 0x358f3216, 0x3422678c, 0x37823530, 0x17163022, 0x0b314418, 0x0e8b1182, 
    0x23263422, 0x30691182, 0x05172107, 0x17202c83, 0x3f220484, 0xb9520403, 0x08220811, 0x194429ce, 0x50fef6fe, 0x030a0e04, 0x04020103, 0x02040302, 
    0x04010101, 0x060a0403, 0x02040a05, 0x0e820104, 0x82030421, 0x20158218, 0x21208801, 0x20850302, 0x0302052a, 0x01020201, 0x05020303, 0x8b058b46, 
    0x06092241, 0x87419906, 0x83418662, 0x23418278, 0x68060f09, 0x02264e82, 0x070b1206, 0x7244040a, 0x0c052e05, 0x18281006, 0x26374a14, 0x6349446a, 
    0x2725821a, 0x03020203, 0x03020102, 0x06203b82, 0x01217d82, 0x820b8204, 0x09052107, 0x1983bb82, 0x01220683, 0x16820904, 0x8206a347, 0x030821d0, 
    0x0e823889, 0xb8820320, 0x01201c85, 0x01203982, 0x052e0082, 0x1109080b, 0x080f0709, 0x11121806, 0x20820416, 0x2f2f1223, 0x2834820b, 0x18030507, 
    0x02020214, 0x82e48205, 0x82578275, 0x0304210c, 0x02227d82, 0x72820302, 0x85020221, 0x0501230c, 0x1985050a, 0x02020426, 0x04080403, 0x02243387, 
    0x05080501, 0x05226682, 0x13830303, 0x2b532a28, 0x124f9141, 0x78821a2b, 0xca825383, 0x850b0621, 0x211f842c, 0x46890c05, 0x09060223, 0x82738205, 
    0x020421e8, 0x62822782, 0x82010421, 0x824d8309, 0x06013d3d, 0x0905070d, 0x050f0a05, 0x01010303, 0x4a495639, 0x2631327a, 0x01529e4a, 0x050903e5, 
    0x03208182, 0x09300083, 0x03090504, 0x04030304, 0x060d0631, 0x050a04cc, 0xd6824d82, 0x091b7218, 0x062909e8, 0x070b0e08, 0x1312060c, 0x32cc8201, 
    0x0b070408, 0x050c0703, 0x02020f0c, 0x03020402, 0x50010201, 0x068405a7, 0xe083cf82, 0x9b830320, 0x0b490220, 0x82032005, 0x1801200b, 0x2008b9a6, 
    0x180d8304, 0x4908096c, 0x12820509, 0xd8480320, 0x23618207, 0x0a080101, 0x04385782, 0x07080b03, 0x1c16151d, 0x04080408, 0x3e370105, 0x06020503, 
    0x04020308, 0x01220282, 0x21820203, 0x35840520, 0x82055441, 0x01012216, 0x20908201, 0x20008302, 0x20198404, 0x210b8404, 0x5f820502, 0x0b8a188b, 
    0x01294482, 0x03010504, 0x03050302, 0x82958301, 0x87032006, 0x84438c36, 0x0201210c, 0x6b827884, 0x04243882, 0x01010508, 0x05203482, 0x61823c82, 
    0x030d0b23, 0x240e8203, 0x12091315, 0x21088209, 0x1a830401, 0x000e1222, 0x05260082, 0xc0ff0000, 0xc3573d09, 0x00d7220a, 0xf5471800, 0x063c4508, 
    0x18075044, 0x6c0b5841, 0x27230b63, 0x18171632, 0x21145a48, 0x43182227, 0x32210ad5, 0x082f5736, 0x204e0520, 0x30118211, 0x2f013e17, 0x1e011f01, 
    0x17013f01, 0x17351737, 0x2d558335, 0x26171617, 0x27012e27, 0x010f2726, 0x1c6d010e, 0x84072008, 0x6d072059, 0x0e200e49, 0x8b060552, 0x5f85189c, 
    0x01372309, 0x00821333, 0x1b2e1427, 0x14132e1c, 0x25028213, 0x2e1b1c2e, 0xdf4b9805, 0x08df4709, 0x0b075323, 0x21008405, 0x0989070b, 0x0f086324, 
    0x00820605, 0x080f0524, 0x07820e09, 0x39080282, 0x16bdfc0e, 0x32111c33, 0x11322022, 0x2b16321c, 0x1b0b204c, 0x081c1411, 0x02040651, 0x041a561d, 
    0x3b050508, 0x8c3c3805, 0x2f9c6d6d, 0x72700f2e, 0x7675e772, 0x2f3a0a77, 0x74822f5e, 0x080d072b, 0x2d213512, 0x311d3a67, 0x2e458214, 0x08245e3a, 
    0x0502040c, 0x04070304, 0x820b1006, 0x411b3808, 0x1b422626, 0x08081b1b, 0x340f1809, 0x2a25477b, 0x32315b2a, 0x82138436, 0x822f20b7, 0x200282c9, 
    0x26cb862f, 0x04043e02, 0x89060a04, 0x310984ca, 0x05040521, 0x0c06070c, 0x04040505, 0x060c0505, 0x10820c07, 0xb7822020, 0x08080f23, 0x86c1850f, 
    0x063e2309, 0xf4440308, 0x08032205, 0x08c38206, 0x0a0f0547, 0x3a04110b, 0x24080a03, 0x0305260c, 0x26372801, 0x23392538, 0xa9454536, 0x64736363, 
    0x1b674c4c, 0x070c041b, 0x120c3232, 0x06100a05, 0x2001100f, 0x101f1020, 0x06030102, 0x12061b21, 0x1318060c, 0x0f0a1b11, 0x82c6841a, 0x411b32c2, 
    0x13241027, 0x38112514, 0x1214255d, 0x0f0e2112, 0x05bf530c, 0x03ee0b2a, 0x001101c0, 0x17210100, 0x2006ee41, 0x08db6306, 0x600f5718, 0x23206a83, 
    0x095c6618, 0x010f2223, 0xbd97180e, 0x17571807, 0x05a0500f, 0x86050678, 0x056950a9, 0x57183720, 0x2d085617, 0x01e20737, 0x3742f6b6, 0x21225836, 
    0x22211916, 0x3b323254, 0xfe4d7f31, 0x05070240, 0x03020605, 0x05050602, 0x050c0207, 0x0e090a0e, 0x14830c05, 0x02020722, 0x0d221b85, 0x14840f03, 
    0x04070322, 0x01202282, 0x042a1482, 0x040c0308, 0x0e0b0a0d, 0x37850c04, 0x31082984, 0x09690207, 0x110c050f, 0x4a411605, 0x04020b09, 0x6a442521, 
    0x19180826, 0x4c3b3b54, 0x573d3d4f, 0x0a071918, 0x270a0610, 0x34280830, 0x010c090d, 0x00820803, 0x01032e08, 0x19100d0f, 0x1019080a, 0x020b180d, 
    0x5b041314, 0x37915958, 0x6b494a5c, 0x2d0f2322, 0x1b12133f, 0x1f04440a, 0x100b1704, 0x0d120604, 0x83838562, 0x07032a6e, 0x0e060c03, 0x060d0809, 
    0x05b84b0e, 0x1b830120, 0x0e020625, 0x82080e05, 0x820d20c2, 0x8205201f, 0x243085c2, 0x090e040d, 0x2004820a, 0x83e58203, 0x040739ec, 0x02030704, 
    0x0c0a1859, 0x11111d0c, 0x13121613, 0x080c0c1e, 0x0d020807, 0x053400aa, 0x07040205, 0xbd110302, 0x121f0d15, 0x09153623, 0x02020b02, 0x8205f445, 
    0x3866825f, 0x23232208, 0x223a1822, 0x0e0e0e0f, 0x110e3426, 0x03040415, 0x05050101, 0x236b8201, 0x0306090a, 0x0f820e82, 0x1e09012f, 0x32451414, 
    0x3e5a290f, 0x0804040a, 0x2181aa08, 0x0082000d, 0x00000330, 0xd309c0ff, 0x2d00c003, 0x67013900, 0x82560000, 0x012b2605, 0x0e151426, 0x05a55601, 
    0x20058259, 0x05a2532f, 0x21050d4e, 0x4145013b, 0x31138305, 0x011f1606, 0x07233733, 0x2f262217, 0x010e2301, 0x0884012b, 0x2006bc6b, 0x230c8321, 
    0x17152307, 0x0e244d82, 0x011e1701, 0x21087868, 0x9669011f, 0x26222405, 0x66342627, 0x372209cb, 0x43833527, 0x23010e22, 0xff7a3983, 0x218c860a, 
    0x6a4b0614, 0x07715306, 0x18550e82, 0x3e372205, 0x057d6f01, 0x06222725, 0x82260623, 0x34352914, 0x36263526, 0x35272337, 0x25069f4b, 0x0723020f, 
    0xa4823523, 0xd6823482, 0x0f012f22, 0x2b85c182, 0x2305c354, 0x36341135, 0x09f2ff18, 0x35331723, 0x24028237, 0x013b013e, 0x68638537, 0x1d240bdb, 
    0x33353301, 0x28084957, 0x34333736, 0x013e3536, 0x065a5733, 0x013e3724, 0x3983013f, 0x82331521, 0x463b200a, 0x1d2005af, 0x0805d45b, 0x04012b2d, 
    0x040405e3, 0x013c060b, 0x01010301, 0x02030404, 0x0b0e0401, 0x02010403, 0x06040803, 0x06050607, 0x0c4c080d, 0x0303050f, 0x8203bb03, 0x01013721, 
    0x2f033808, 0x0302830e, 0x04260301, 0x02130408, 0x4e030204, 0x42820505, 0x04a7fd2a, 0x0e050306, 0x05010a08, 0x02244683, 0x02010102, 0x22081082, 
    0x02060c11, 0x635d0302, 0x01060405, 0x07050202, 0x05050d08, 0x10010105, 0x8e020806, 0x02030704, 0x82040305, 0x82052003, 0x03062209, 0x3f188204, 
    0x03040302, 0x08080901, 0x0d01020a, 0x050b0b0c, 0x04010404, 0x13303806, 0x070b0a1d, 0x494f0603, 0x0c24a382, 0x050a0608, 0x07223b82, 0x00820107, 
    0xc010063c, 0x080b0303, 0x0a060f09, 0x4a141e16, 0x0535302b, 0x03020805, 0xc7010105, 0x2a790304, 0x030b2e05, 0x03030607, 0x12060506, 0x026d020b, 
    0x3d348204, 0x1f10b301, 0x0c110506, 0x04021a4b, 0x07080308, 0x0d050505, 0x060d0906, 0x2e0f0505, 0x5b825f01, 0x082b2583, 0x02012508, 0x2c020404, 
    0x82040604, 0x0d1a2abb, 0x06060512, 0x261f0a0f, 0x24b18205, 0x03080595, 0x259d8205, 0x99050804, 0xd586a401, 0x07010131, 0x090e0507, 0x02010908, 
    0x0b040f0b, 0x82010f08, 0x070d28f6, 0x08071108, 0x82080807, 0x4c01353b, 0x02010807, 0x4a110508, 0x0202911a, 0x040b0b04, 0x04140503, 0x0426a582, 
    0x170c0506, 0x58820d8f, 0x1533f682, 0x160c0419, 0x0e15080a, 0x04293910, 0x1e020403, 0x8203011f, 0x020235bf, 0x361d1517, 0x17321c1a, 0x080e0521, 
    0x04070708, 0x01010604, 0x89829382, 0x0302062a, 0x07060508, 0x03050102, 0x01265e82, 0x16141718, 0xd7820103, 0x09040a32, 0x08030702, 0x070e0607, 
    0x077f880a, 0x0d0d0d13, 0x0127fe83, 0x08070903, 0x820c060e, 0x072908d1, 0x060f080e, 0x08070c06, 0x24122329, 0x03040328, 0x05040101, 0x080f800c, 
    0x02010208, 0x05040401, 0x0a030105, 0x077d0107, 0x355f820e, 0x05030505, 0x1c060702, 0x26030306, 0x0304010c, 0x07090f05, 0x8282050b, 0x0c050533, 
    0x1a144b07, 0x06030403, 0x07040402, 0x03010302, 0x2cb98203, 0x13240103, 0x03060417, 0x03069f03, 0x272e8202, 0x060d080c, 0x0303040a, 0x08052761, 
    0x030f0c29, 0x011101c0, 0x0123011f, 0x01570140, 0x00950162, 0x07150100, 0x013f2725, 0x010f3527, 0x07151727, 0x35231527, 0x57273533, 0x2e390797, 
    0x37012f01, 0x14072327, 0x23072306, 0x012f0507, 0x17072707, 0x07010e07, 0x43108222, 0x0f2507a3, 0x011f1501, 0x0a875707, 0x35230723, 0x06e4602e, 
    0x23233183, 0x49012a07, 0x0f2105c5, 0x263c8401, 0x020f010e, 0x4917010e, 0x072505d2, 0x013e1327, 0x05836c35, 0x2f203584, 0x2f229282, 0x55822302, 
    0x23170722, 0x07218e82, 0x07d97335, 0x33130124, 0x67831632, 0x1632052f, 0x15011e33, 0x35332705, 0x35371737, 0x088c7e33, 0x33013a23, 0x06254705, 
    0x6b821e20, 0x17013f25, 0x833c3735, 0x3e31255d, 0x17053701, 0x3682a782, 0x33241982, 0x013e023f, 0x2b824282, 0x011c1525, 0x83331723, 0x21352945, 
    0x15332517, 0x37272307, 0x2506ee6b, 0x23373307, 0xbc822125, 0xb383f082, 0x47251721, 0x3521056e, 0x058e7334, 0x23270522, 0x82061462, 0x823320ca, 
    0x058b6161, 0x33152724, 0x23822634, 0x0520fb82, 0x7544d182, 0x20ed8406, 0x05c35017, 0x36262723, 0x0556453f, 0x3320ac86, 0x09056918, 0x030f0c34, 
    0x0b01cafd, 0x0f4cb501, 0x1c071a82, 0x03500515, 0x00820102, 0x03260582, 0x02010502, 0x06820210, 0xfe080828, 0x170b0939, 0x174c1603, 0x043b0807, 
    0x02010201, 0x03010104, 0x01080301, 0x04060110, 0x05090e04, 0xba050308, 0x060a0405, 0x04030f0a, 0x0d030105, 0x01267412, 0x07040203, 0x02040103, 
    0x04030d1b, 0x04020509, 0x82350302, 0x02042143, 0x053e3982, 0x02019dae, 0x02010103, 0x07030304, 0x04070403, 0x1f010b28, 0x761d7d01, 0x22480166, 
    0xdd4b9374, 0x218b8205, 0x82828302, 0x01010123, 0x82118251, 0x01112e06, 0x21010b20, 0x04530220, 0x03020502, 0x28518206, 0x0d9b0102, 0x03030b07, 
    0x258d8206, 0x01080201, 0x5482091a, 0x01020325, 0x460c05c9, 0x102a05eb, 0x03084b01, 0x0d0a0308, 0x4f820105, 0x4b118330, 0x052902b5, 0x060b23fc, 
    0x1d2c0654, 0x13820201, 0x4f4c0328, 0x92fd5304, 0xa182a6fe, 0x0207052a, 0x05030503, 0x89010814, 0x02240682, 0x07070708, 0x042d6982, 0x5c0501fb, 
    0x02010205, 0x5d010203, 0x82328201, 0x75692836, 0x05020201, 0x826e046b, 0x832f201f, 0x01062233, 0x82328204, 0x05083109, 0x01010808, 0x06050303, 
    0x0a0b050a, 0x07080101, 0x6f22df82, 0xef820503, 0x0a03052b, 0x759c0208, 0x02160106, 0x2b108208, 0x16050104, 0x25090108, 0x13070205, 0x5382e085, 
    0x1b081126, 0x10040302, 0x09264c82, 0x0314011f, 0xa4850401, 0x9d830220, 0x0902693d, 0x2a162606, 0x1d301313, 0x060b190f, 0x210f0534, 0x11372512, 
    0x20142512, 0x82040303, 0x020323f0, 0x32821034, 0x0401022a, 0x02680402, 0x04020305, 0x0b233e82, 0x82100128, 0x0b062597, 0x050b0705, 0x3305045f, 
    0x44010501, 0x03160b01, 0x1a40010b, 0x433b4919, 0x02030418, 0x01217582, 0x22068248, 0x82040609, 0x02012a3f, 0x0801080c, 0x84030f01, 0x05345605, 
    0x03022d27, 0x0a040406, 0x25498207, 0x05240150, 0x00830109, 0x04820220, 0x0a082608, 0x0201010c, 0x0f030102, 0x076a300c, 0x06020203, 0x03040206, 
    0x068c0201, 0x05210501, 0x05071e2d, 0x060c0345, 0x2b5f8208, 0x02700c4a, 0x06010203, 0x07300604, 0x022c3982, 0x0b100502, 0x02060e0a, 0xe9030103, 
    0x04214082, 0x85098202, 0x82088255, 0x0d922302, 0xc5410501, 0x01ec2b05, 0x05020102, 0x070f0804, 0x81820d07, 0x02040233, 0x10070506, 0x080d0509, 
    0x0303010b, 0x080f1508, 0x2c55820f, 0x07030e01, 0x0a130905, 0x00030a07, 0x05874400, 0x03c30923, 0x2cc682c0, 0x011b0117, 0x014e0138, 0x008c0159, 
    0x13814400, 0x010e2323, 0x07814423, 0x0f010e23, 0x0c814401, 0x34211083, 0x07574422, 0x21328144, 0xb2441406, 0x27072506, 0x37013e13, 0x26278144, 
    0x1e17011e, 0x86051501, 0x0c814406, 0x46823320, 0x22138144, 0x82353430, 0x36322219, 0x0f814433, 0x3105fd43, 0x07011c15, 0x37173317, 0x2e253735, 
    0x26342701, 0x0e82022f, 0x23353722, 0x4e127e44, 0x2f210abf, 0x097e4401, 0x49163021, 0x34250798, 0x33152726, 0x2545843c, 0x2e050701, 0x66442b01, 
    0x06152205, 0x446b8316, 0x3422067d, 0x18583f36, 0x117d4405, 0x70c30928, 0x1a830f4b, 0x77441d06, 0x01012811, 0x09050202, 0x4438fe07, 0x01270778, 
    0x02040102, 0x44020204, 0x022d0577, 0x01100107, 0x0d050406, 0x0408040a, 0x05774404, 0x04040e2e, 0x0e020105, 0x01277411, 0x07040203, 0x02272982, 
    0x04040e1b, 0x44030508, 0x03200577, 0x01233c82, 0x829dae05, 0x05845049, 0x04060428, 0x27040704, 0x7744020b, 0x23472306, 0x77829374, 0x01020327, 
    0x03010103, 0x22058383, 0x82510102, 0x0201212b, 0x20236d82, 0x4420020b, 0x03220577, 0x8a820602, 0x9c010123, 0x0577440c, 0x01020228, 0x1a020802, 
    0x38450108, 0x05c92305, 0x3182030c, 0x33820120, 0x03084b27, 0x0d090408, 0x27438305, 0x704a1283, 0x040196fe, 0x2d089c82, 0x062d1c01, 0x4d0b0654, 
    0xfd52034f, 0x01a6fe91, 0x06050205, 0x03060203, 0x01081405, 0x0502058a, 0x06070703, 0x02050307, 0x0501fb04, 0xb682045c, 0x82067544, 0x446b2009, 
    0x6f200674, 0x74441e82, 0x23e7830b, 0x02010808, 0x27137344, 0x070b0304, 0x05012902, 0x16280183, 0x250a0107, 0x12070205, 0x2405f651, 0x07110301, 
    0x210a821b, 0x4f821004, 0x011f0923, 0x07804314, 0x22084982, 0x05020302, 0x06080369, 0x13291627, 0x0f1d3014, 0x33070a19, 0x12210e05, 0x12123725, 
    0x02201325, 0x82010402, 0x34022b03, 0x04010210, 0x03030202, 0x43826704, 0x0126bc82, 0x290b0102, 0xcf831001, 0x07060b23, 0x2099820b, 0x302a8303, 
    0x02440205, 0x0b02170b, 0x191a4101, 0x19423b49, 0x82328204, 0x82492017, 0x08032444, 0x41010307, 0x0b2a053c, 0x01090109, 0x0584020f, 0x96820403, 
    0x02032c2f, 0x0b040406, 0x02060306, 0x05240251, 0x058b4108, 0x0a070223, 0x3009820c, 0x0f020103, 0x066a300c, 0x01010303, 0x05010607, 0x25788202, 
    0x0502078b, 0xb9824701, 0x0708012e, 0x0545020c, 0x0d491d08, 0x0203016f, 0x06238c82, 0x82020731, 0x10052d18, 0x050f090b, 0x03010302, 0x020101e8, 
    0x4505e744, 0x042405d7, 0x04020e93, 0x01231782, 0x82ec0101, 0x04062b4a, 0x07060f08, 0x0503070e, 0x85820401, 0x08100824, 0xcd820d06, 0x16070333, 
    0x070f080e, 0x0f020504, 0x08050802, 0x0a060b13, 0x085f5804, 0x03120c2b, 0x023402c0, 0x0100004b, 0x07bf5f33, 0x17163224, 0x53723616, 0x22158208, 
    0x82011e33, 0x013b2302, 0x13481632, 0x481f2005, 0xf818061b, 0x7a4c08b5, 0x0e152705, 0x06222301, 0x33602123, 0x43372010, 0x37260597, 0x34353430, 
    0x02823736, 0x07153324, 0x4c831415, 0x013a3323, 0x22028237, 0x82333236, 0x013a2102, 0x17200e82, 0x2e820582, 0x16230583, 0x82011e15, 0x83232059, 
    0x27262256, 0x295c822e, 0x14212726, 0x33152306, 0x65521517, 0x22718208, 0x83012a07, 0x82848523, 0x20088209, 0x07c97c23, 0x011e2328, 0x15011c15, 
    0x9c820614, 0x22061f5b, 0x82232226, 0x012a2130, 0xaa843683, 0x14011d28, 0x012e0706, 0x3482012b, 0x35012e23, 0x05a64803, 0x0e24c982, 0x06220701, 
    0x0282a882, 0x8305a74d, 0x831e204d, 0x5b6b854d, 0xcf490870, 0x0b834d06, 0x16205982, 0x8806a979, 0x21c38226, 0x23492327, 0x20058505, 0x06157d35, 
    0x2f012e22, 0x6406024a, 0x00740589, 0x05232105, 0x11209085, 0x6a083758, 0x118208eb, 0x33200287, 0x17200887, 0x5809a267, 0x1f210709, 0x84318201, 
    0x05944d34, 0x17013a22, 0x58056441, 0x9941073c, 0x7a058605, 0x2e210571, 0x08fc6201, 0x2e232723, 0xea611801, 0x23352607, 0x2a230622, 0x23c28301, 
    0x35373626, 0x23050842, 0x010e0117, 0x080a7818, 0x280a6345, 0x0e1de106, 0x03030601, 0x20e21805, 0x07023707, 0x04080405, 0x03030805, 0x04010104, 
    0x02040202, 0x0304010a, 0x02830704, 0x0104062a, 0x03020103, 0x01020101, 0x05250382, 0x05040509, 0x240a8202, 0x36010203, 0x2f078201, 0x180c0104, 
    0x0d1a0d0d, 0x0a09160c, 0x0705020c, 0x17212482, 0x08188201, 0x05012526, 0x13150204, 0x1c1c3014, 0x3c20213d, 0x0913091d, 0x07070f08, 0x0d06050b, 
    0x060e0706, 0x0405110d, 0x01050604, 0x0e322583, 0x0f1d0d0d, 0x0d0e1b0e, 0x7bfe020f, 0x12350707, 0x62820218, 0x83010221, 0x34088266, 0x09040407, 
    0x2213b305, 0x01101010, 0x05050802, 0x150a0a10, 0x869b830c, 0x04022324, 0x2182050a, 0x1214032b, 0x1a1a2d13, 0x27151d37, 0x29848212, 0x03030707, 
    0xfc040804, 0x07820b09, 0x0821a782, 0x05415607, 0x57840320, 0xe3830220, 0x01301582, 0x0c040203, 0x0b13070a, 0x090a140a, 0x06070611, 0x05217982, 
    0x20948206, 0x06095405, 0x0204012c, 0x01030301, 0x18070506, 0x26830a12, 0x150a0830, 0x0704080b, 0x120a0911, 0x050e0908, 0x1e820606, 0x0f06082c, 
    0xe6030603, 0x21411fc5, 0x30822925, 0x02012e08, 0x04070709, 0x02050103, 0x0d0867fe, 0x03050506, 0x1f0d0709, 0x65720c11, 0x0c0d170a, 0x230c0d1a, 
    0x11241317, 0x111c4125, 0x52261e2f, 0x33a6822c, 0x0f112010, 0x06030919, 0x04050202, 0x05070a04, 0x13090a11, 0x09316182, 0x01040221, 0x01010302, 
    0x0563bc01, 0x130a090f, 0x2e75820a, 0x02020907, 0x1f0d0d0e, 0x13251212, 0x82102514, 0x22378231, 0x46030503, 0x0525053b, 0x0e050207, 0x26998207, 
    0x0a0e0405, 0x82090716, 0x19043bbb, 0x02040a06, 0x07050306, 0x0c0a0201, 0x05130f02, 0xfe030704, 0x1f280a81, 0x9c820403, 0x1f080c2f, 0x05040a04, 
    0x03030405, 0x04030549, 0x13741801, 0x44f78208, 0x022206be, 0xd6820101, 0x0301032b, 0x04040905, 0x09060509, 0x08b38205, 0x04090423, 0x0504130f, 
    0x02010307, 0x02040201, 0x02010504, 0x07030305, 0x02040302, 0x0a010202, 0x0508030a, 0x2655822f, 0x0d060609, 0x82098006, 0x82458213, 0x830120c9, 
    0x1c152409, 0x89050406, 0x1410230f, 0x7d180137, 0x06230a86, 0x82010301, 0x070b2571, 0x0e0f0807, 0x092a2e83, 0x0b05050f, 0x040c0806, 0x34830604, 
    0x04820420, 0x04060329, 0xda102a1b, 0x8301100e, 0x0902277e, 0x03760108, 0x84820304, 0x04203882, 0x08230082, 0x41050204, 0x052a05e4, 0x09030407, 
    0x08110905, 0x1f850a07, 0x03216a83, 0x051f4601, 0x0c0e022d, 0x0e0f1a0c, 0x0c0b0c1a, 0x83070102, 0x05022a5f, 0x060a0403, 0x06020505, 0x35398303, 
    0x0c070508, 0x1e0f101c, 0x0a180e0e, 0x04020b0a, 0x0c08070c, 0xa0820803, 0x0607112d, 0x050a1107, 0x160d0a10, 0x820c0909, 0x08133492, 0x0c140808, 
    0x07045101, 0x07010602, 0x100b1005, 0x83100f0f, 0x06012aa9, 0x0b110703, 0x100e1506, 0x83748211, 0x01012a96, 0x0710080a, 0x05040a07, 0x2ff68407, 
    0x04020304, 0x04040c02, 0x08040405, 0x10101005, 0x04829c84, 0x02030226, 0x05030402, 0x042aca82, 0x06080e05, 0x03010107, 0x2b830302, 0x01030222, 
    0x2205304f, 0x82050601, 0x0e062627, 0x131a0708, 0x24798204, 0xfe030604, 0x26118214, 0x08050905, 0x8205040c, 0x0c043e00, 0x050a0508, 0x00030000, 
    0x05c0ff00, 0x01c0038f, 0x0149012d, 0x01000062, 0x0e230715, 0x27028301, 0x011c2315, 0x17161415, 0x222f0282, 0x010e0706, 0x17011e07, 0x2315011e, 
    0x66272622, 0x27270dad, 0x2227012e, 0x84113526, 0x15232315, 0x0f843523, 0x2b251282, 0x013e2701, 0x8b6a1837, 0xf3b4180b, 0x010f2408, 0x83263427, 
    0x012e2202, 0x6753822b, 0x23220ad3, 0x6283012a, 0xd1442a20, 0x3c352209, 0x06824601, 0x3f220882, 0xe1493501, 0x05cc4405, 0x0b604d18, 0x15013b24, 
    0xc8661632, 0x82478209, 0x22262302, 0x4f822723, 0x3a153522, 0x2006f86c, 0x074f4517, 0x013a3322, 0x5c850283, 0x35013e23, 0x05c14633, 0x0b471582, 
    0x85332008, 0x013c221c, 0x08b04537, 0xa0613720, 0x011d2507, 0x01173317, 0x21089d6a, 0x12192726, 0x01200f6b, 0x0e207d82, 0x2705c846, 0x16141716, 
    0x37013e17, 0x2e290282, 0x8f052301, 0x03014912, 0x22028202, 0x820102c2, 0x02032600, 0x01020502, 0x3e028202, 0x05161227, 0x03040602, 0x0e06060a, 
    0x0b120908, 0x16162610, 0x05040d23, 0x03010603, 0x82ae0407, 0x8401202b, 0x15643431, 0x07081109, 0x080c050c, 0x0c08060e, 0x11150404, 0x820e1e0f, 
    0x04022441, 0x84160901, 0x01012621, 0x0b01088d, 0x25268209, 0x04040905, 0x6c820105, 0x04070428, 0x01050904, 0x11820306, 0x02032308, 0x02010605, 
    0x0d4c230c, 0x1d0f101d, 0x0a170e0e, 0x01030c09, 0x1a0c0c0d, 0x0c190e0e, 0x05020e0c, 0x4f830302, 0x06080b26, 0x140a090f, 0x072f4783, 0x038c0108, 
    0x0d050101, 0x0a130a09, 0x8208130a, 0x1f022b30, 0x28451d1c, 0x2f2f5a2a, 0x75822959, 0x0403022d, 0x0f07090d, 0x060d0708, 0x83020807, 0x020522c7, 
    0x37b08297, 0x070b0403, 0x06080f06, 0x0907070c, 0x01090803, 0x520f0302, 0x71b5fd0a, 0x24098a42, 0x050d0771, 0x25008206, 0x3cfd0d05, 0x79820906, 
    0x012daf82, 0x05060903, 0x08050208, 0x2efe0205, 0x245e8213, 0x06034d01, 0x21028303, 0x87820407, 0x0a240382, 0x04080509, 0x0b282982, 0x09110809, 
    0x06081009, 0x01215a82, 0x23f58201, 0xf4fe0303, 0x01230882, 0x43e1e702, 0x1c300533, 0x1d224c2a, 0x0f311835, 0x0e0c0b1a, 0x03030201, 0x0321dd83, 
    0x20698201, 0x27588303, 0x016e0301, 0x01010305, 0x01201583, 0x03200082, 0x6982b183, 0x0105052f, 0x010d180c, 0x1b0e0f11, 0x042ee00c, 0x201f8404, 
    0x22318402, 0x82040201, 0x82022002, 0x03032603, 0x04040803, 0x22b48407, 0x8202010b, 0x0101215e, 0x06272383, 0x05090405, 0x82060c06, 0x02022a2e, 
    0x07060802, 0x0303050b, 0x82c28502, 0x0503246d, 0x83040302, 0x0408316b, 0x64010605, 0xdcfe100e, 0x0b050405, 0x0c071208, 0x02820782, 0x12070c24, 
    0x07820b08, 0x027f0135, 0x0a060407, 0x0b140905, 0x140f1a0c, 0x18111225, 0x5c020207, 0x08350863, 0x0ac0035e, 0x0bfd0a74, 0x0b650b56, 0x1300006c, 
    0x35333230, 0x2b048233, 0x013a3332, 0x3e333233, 0x36303301, 0x302c0a83, 0x013a3132, 0x17011e17, 0x20323332, 0x1d821882, 0x83013a21, 0x16322e12, 
    0x15161433, 0x1e311432, 0x32301501, 0x23178215, 0x1c311430, 0x058d0b82, 0x128b1520, 0x86171521, 0x1d062223, 0x24178701, 0x012a011d, 0x820c8223, 
    0x013a2540, 0x3632011f, 0x0c848583, 0x82351721, 0x16142279, 0x25668231, 0x15331630, 0x4b851430, 0x67880582, 0x2c854684, 0x3116302e, 0x1e331632, 
    0x16141501, 0x17011c33, 0x318f6882, 0x31011c24, 0x3184011c, 0x0c824a84, 0x2b8f4a89, 0xc5830620, 0x0e15172a, 0x14300701, 0x0614011d, 0x31270682, 
    0x23010e07, 0x84072230, 0x883120ae, 0x011d2530, 0x22301523, 0x2c824983, 0x012a2325, 0x86262207, 0x22062425, 0x83062231, 0x0630232e, 0xc4831707, 
    0x14311424, 0x7b822306, 0x44825c82, 0x9e4a0b83, 0x15232106, 0x51820f82, 0xd218d785, 0xb2840ca1, 0x82220621, 0x15062563, 0x30150614, 0x23254083, 
    0x2215011c, 0x82198206, 0x82072005, 0x0630220b, 0x829b8215, 0x855f821b, 0x82072012, 0x1423254c, 0x14221522, 0x15838282, 0x31063022, 0x4082bd82, 
    0x82010e21, 0x010f2108, 0x22213e82, 0x202b8214, 0x221f8323, 0x82140623, 0x839c845b, 0x82072026, 0x841520b5, 0x4a1420b7, 0x23260508, 0x26232226, 
    0x19453534, 0x26302605, 0x22302723, 0x26128231, 0x3027012e, 0x4b012b34, 0x3c2505ac, 0x26222701, 0x20238227, 0x20738207, 0x826b8223, 0x8343822d, 
    0x4b5d8262, 0xb9820760, 0x07200282, 0x0e215683, 0x21678301, 0x0f820614, 0x14061522, 0xfe4b9482, 0x30312305, 0xa6820706, 0x15143022, 0x1421af85, 
    0x20978206, 0x41fa8507, 0x0b82058e, 0x2482fa82, 0x2d83b086, 0x1c150623, 0x82ec8201, 0x82312020, 0x2206226d, 0x82148223, 0x301422c5, 0x82838223, 
    0x010f2102, 0xd8849188, 0xb982c385, 0x23263025, 0x82232230, 0x822a20c9, 0x272621cc, 0x3425b482, 0x30222726, 0x27ee8235, 0x34272630, 0x013c3126, 
    0x31200b82, 0x30281482, 0x30353134, 0x013c3534, 0x05822d82, 0x3c211883, 0x23058201, 0x012e013d, 0x09821882, 0x19820583, 0x3b820c89, 0x23343022, 
    0x22200583, 0x2a251483, 0x22140701, 0x829c8231, 0x22302165, 0x1521c382, 0x06c44130, 0x17822320, 0x07150722, 0x21052841, 0xbd831430, 0x31143027, 
    0x3007010e, 0x820b8206, 0x84358305, 0x201484d2, 0x05e74114, 0x2324e485, 0x0e23011c, 0x0620fc82, 0x14240586, 0x06220706, 0x1c212f83, 0x078a4101, 
    0x15062222, 0x16823c82, 0x4f822320, 0x23262225, 0x82311422, 0x2285826a, 0x41230622, 0xf14605d4, 0x84e58305, 0x82eb83f1, 0x14302212, 0x252a8215, 
    0x2a15011c, 0x4d821501, 0x3182ae83, 0x21074343, 0x63430722, 0x011d2905, 0x011d0614, 0x011d1406, 0xd1827782, 0x35845a82, 0x82011d21, 0x0622211f, 
    0x4586bd82, 0x1523bb82, 0x83072230, 0x2019842d, 0x825f8215, 0x2259832f, 0x83311406, 0x31142129, 0x15230f84, 0x84153022, 0x202182a0, 0x05fa4131, 
    0x82060442, 0x8313821f, 0x82e6824f, 0x0630212b, 0x15200b82, 0xdf827782, 0x82223021, 0x82468234, 0x82268220, 0x82152030, 0x8407206a, 0x311422b4, 
    0x23fd8215, 0x07311531, 0x3021cc82, 0x221e8322, 0x82010f15, 0x010e213f, 0x6b849183, 0x3a150724, 0x02823301, 0x2782ee84, 0xde823120, 0xf6820720, 
    0x85011d21, 0x82b28211, 0x88118515, 0x073021f8, 0x9685d084, 0x94433120, 0x20268406, 0x41d18222, 0x222e0512, 0x22302306, 0x23063023, 0x0631012a, 
    0xdb820722, 0x84010e21, 0x31062130, 0x15225e82, 0xa682012a, 0x41073b41, 0x7283055b, 0xb7822184, 0x15201185, 0x23208c82, 0xe8828c84, 0x08769f18, 
    0x0e828682, 0x4105c441, 0x23200741, 0x15204d82, 0xde828184, 0x15142222, 0x38837582, 0x82153121, 0x011e262c, 0x1615011f, 0x200a8214, 0x23378215, 
    0x15312230, 0x2325a582, 0x22232206, 0x82c78206, 0x26072529, 0x012e2322, 0xab82ae83, 0x23262222, 0x2e220282, 0x05823501, 0x35263428, 0x34272630, 
    0x0b822726, 0x82263021, 0x42148223, 0xf04205f1, 0x013d2705, 0x3037013e, 0x1d463136, 0x011e2808, 0x17011c33, 0x43343035, 0x262d051e, 0x23013c23, 
    0x35343635, 0x013c3337, 0x2c168231, 0x31323431, 0x30373634, 0x32303334, 0x223b8431, 0x82343033, 0x30312a08, 0x3c013f36, 0x36323501, 0x21288231, 
    0x15823634, 0x99183720, 0x3621089c, 0x85238231, 0x223e8213, 0x823d013c, 0x20338229, 0x21158333, 0x35823330, 0x82363021, 0x013d2954, 0x35313632, 
    0x36353634, 0x35206284, 0x3c211d82, 0x83238201, 0x013e230f, 0x0c823735, 0x35248089, 0x37353630, 0x30209782, 0x0c826f83, 0x33212782, 0x210f8235, 
    0x4f823236, 0x15823720, 0x31207184, 0x3b85c783, 0x3320a385, 0x3d215f82, 0x20638201, 0x261f8237, 0x3233013e, 0x84343534, 0x05194431, 0x38823320, 
    0x3e202184, 0x0b82a382, 0x51823720, 0x3f201f84, 0xd083d983, 0x30353129, 0x013d3734, 0x83373537, 0x34302156, 0x3528748a, 0x37313432, 0x34353632, 
    0x3c21d287, 0x82d58201, 0x35312582, 0x37323633, 0x35211e82, 0x20798337, 0x22e58234, 0x18313430, 0x830c8ccf, 0x9a9a18a7, 0x013d2109, 0x35230b85, 
    0x82333632, 0x32342362, 0xff823c31, 0x36207084, 0xc3835285, 0x33208e83, 0x92415582, 0x82768206, 0x2431825d, 0x3533013c, 0x41868230, 0x3c200545, 
    0x4385ab82, 0x37363422, 0x37209a84, 0x3220d882, 0x4141aa82, 0x23262d07, 0x2a313426, 0x012e2301, 0x35302223, 0x46055144, 0x22230535, 0x84222326, 
    0x0847461a, 0x2c831188, 0x2c863420, 0x08842220, 0x34231a88, 0x82272326, 0x880f8245, 0x820f8357, 0x26342143, 0x30203183, 0x26235582, 0x46223031, 
    0x1182099d, 0x21883186, 0x2e253186, 0x22303501, 0x884a8231, 0x3427220f, 0x06ba4626, 0x3521b082, 0x07d74223, 0x4f822720, 0x96820b82, 0x59894282, 
    0x22050b43, 0x82272634, 0x012e22c7, 0x05114327, 0x50822784, 0x2d853520, 0x30221485, 0x20853126, 0x7b820888, 0x23342222, 0x3c20c982, 0x34208482, 
    0x27202c82, 0x83821a87, 0x26223528, 0x2634012f, 0x3d83013d, 0x3426ca82, 0x31343035, 0x16823426, 0x2e832320, 0x82352621, 0x34302273, 0x84318223, 
    0x0573433d, 0x3d210585, 0x82129001, 0x013d2118, 0x34244082, 0x34323536, 0x97055f43, 0x0729432b, 0x36343323, 0x05fc4237, 0x82363221, 0x3235210b, 
    0x32201882, 0x30200883, 0x1a820882, 0x40843420, 0x30202d85, 0x05840c85, 0x82363221, 0x42372018, 0xf146057f, 0x8d85850e, 0x013c223e, 0x202b8237, 
    0x06eb4336, 0x03583120, 0x22012305, 0x1f4a2306, 0x011c230c, 0x454a011d, 0x011e2308, 0xfc493015, 0x31142205, 0x2a0c8215, 0x17331632, 0x32151733, 
    0x82173114, 0x05dc520e, 0x32303324, 0x8a823731, 0x33250282, 0x3a353630, 0x220c8201, 0x84013e33, 0x373624c5, 0x44343235, 0x9182055b, 0x33201282, 
    0x35228485, 0x0c833436, 0x013a3723, 0x055d4133, 0x0735272c, 0x3031013c, 0x010e1506, 0x81820e23, 0x0715232a, 0x30152315, 0x23153106, 0x07821482, 
    0x82221421, 0x1507240d, 0x82221431, 0x3106219e, 0x2505ac4a, 0x3035013c, 0xca413134, 0x013c2205, 0x210e8523, 0x0b412634, 0x013d2105, 0x12825182, 
    0x06842520, 0x012a3124, 0xdb833331, 0x0c82b483, 0x01024331, 0x3c010102, 0x3c783b3c, 0x0f083c3c, 0x82010108, 0x0102230f, 0x00820103, 0x8e8e8e24, 
    0x04831c01, 0x02212182, 0x83048202, 0x2317821b, 0x01030603, 0x39840a82, 0x32822884, 0x04080423, 0x21008201, 0x26830103, 0x4f9f4f22, 0x1f844182, 
    0x8805bd4c, 0x01022405, 0x85264d26, 0x8268844a, 0x4422220a, 0x8c748422, 0x266e8629, 0x0a020201, 0x84020b16, 0x931f8c6f, 0x226f8d0c, 0x82040202, 
    0x010225c6, 0x01040704, 0x0c228c82, 0xd4850c19, 0x05020123, 0x57758203, 0xd78409be, 0x02234f82, 0x82214322, 0x231882bd, 0x01020308, 0x27828084, 
    0x1d82cf84, 0x84082954, 0x8533820b, 0x09144136, 0x378c918b, 0x03201882, 0x02220384, 0xf3830304, 0x7f820320, 0x0c825e83, 0x38856e84, 0x265cad83, 
    0x24088408, 0x5e2f0101, 0x83ba8330, 0x84118525, 0x8425883f, 0x410d887b, 0x6151069b, 0x080d4108, 0x15858c83, 0x0e82b588, 0x52280223, 0x87588228, 
    0x413d8ecd, 0x1389135e, 0xce4f7889, 0x41fd8c08, 0x24420833, 0x834e8f07, 0x41968240, 0x1d860665, 0x84084a41, 0x054d50b0, 0xbc88fe84, 0x02020123, 
    0x056f4205, 0x59820120, 0x3c226582, 0x81853c77, 0x35843282, 0x8d0b6c53, 0x843186a5, 0x888e8991, 0x8412894d, 0x2c0e4128, 0x8c0fb641, 0x900c954b, 
    0x8826959b, 0x06a65686, 0x02050329, 0x01010301, 0x82030805, 0x030123fc, 0x0d830407, 0x85060321, 0x0205220d, 0x83568202, 0x21068222, 0x1b840804, 
    0x03060426, 0x02020102, 0x2105a85b, 0x4f840401, 0x02040222, 0x40411282, 0x82058405, 0x8221822e, 0x844d8405, 0x83218289, 0x42138323, 0x03200547, 
    0x84058941, 0x84048210, 0x05234307, 0x49424287, 0x412a8409, 0x6b8408cd, 0x850a0842, 0x8423834f, 0x424c8509, 0x981805fd, 0x2c411669, 0x89138813, 
    0x0a444467, 0x5e030225, 0x411d3a1c, 0x02200853, 0x0226ae84, 0x0b170b01, 0xd7880302, 0x75410a82, 0x22528d0c, 0x429a0101, 0x0a850a77, 0x0f070123, 
    0x22258406, 0x822dfd02, 0x01972111, 0x02220c82, 0x78883d03, 0x9f186684, 0x012009b5, 0x03841f83, 0x75410484, 0x0aec4205, 0x410a4144, 0x76890b3c, 
    0x430e5842, 0xb78c09c8, 0x410c7a43, 0x1244132b, 0x93598d08, 0x203e884e, 0x421d8f03, 0x2043090a, 0x89398815, 0x0d3044f4, 0x8c0f5e41, 0x8e0c8ca9, 
    0xa2ec98af, 0x43579418, 0x22960ddc, 0x8f05e046, 0x05054162, 0x0c904086, 0x420a1941, 0x24900896, 0x45082442, 0xc6420cc7, 0x8d758c0c, 0x086b422f, 
    0x41103142, 0x42900d80, 0x420d8c41, 0x1b890d09, 0x8b0d1a41, 0x0102230d, 0x40470202, 0x0a1b4207, 0x98187586, 0xc0410dcd, 0x0a704608, 0x88050221, 
    0x0d714165, 0x1797b797, 0x0d689e18, 0x2e82c888, 0x4113b242, 0xd0430c64, 0x0a8d4311, 0x5e470a82, 0x08df4406, 0x421c4d46, 0xb59315a5, 0x410c1c41, 
    0x319310e8, 0x410d5647, 0x4944212f, 0x2324420e, 0x84083f42, 0x11d1413b, 0x410f7b44, 0x414708bd, 0x45dc8c0e, 0x83420d71, 0x8d0c8f0c, 0x8b1d8fd4, 
    0x1031410f, 0x41137e43, 0x318c0ce7, 0x678c0c8c, 0x430d5943, 0x4e950ca8, 0x3d8b309a, 0x4510fb43, 0x20460812, 0x211d9614, 0x848cbefe, 0x03202592, 
    0x4707a344, 0xf6410637, 0x488b9107, 0x162007e6, 0x0ff49918, 0x38420f8e, 0x200d8c0d, 0x82808498, 0x61212012, 0x033e08c3, 0x00c003e7, 0x00380010, 
    0x26370100, 0x27012e27, 0x17300726, 0x1617011e, 0x05371317, 0x0a821406, 0x01013f2b, 0x3e37011e, 0x26062701, 0x6e038c37, 0x2e080518, 0x0b023107, 
    0x5a5a5b9b, 0x485151ad, 0x36501616, 0xf8e24037, 0x0606eefe, 0x4c061106, 0x43150401, 0x090c141a, 0x0c102324, 0x0c112725, 0x82102626, 0x05112303, 
    0x1e82074b, 0x01072a08, 0x638c8540, 0x191a7b63, 0x5b151506, 0xff694948, 0x05ea9900, 0x03070711, 0xcefe4105, 0x12150519, 0x2d081732, 0x2d0b0e22, 
    0x26038724, 0x12054006, 0x18020707, 0x210767f1, 0xbb82b702, 0xb9827620, 0xa282af82, 0x27263625, 0x18373626, 0x210d0455, 0x01190607, 0x3a230de3, 
    0x82013f01, 0x84e78227, 0x010f2202, 0x21e38233, 0x4c18010e, 0xe7820838, 0xda5bd683, 0x1c152105, 0x3720f783, 0x35222f87, 0x5d88013e, 0x3a082083, 
    0x07025502, 0x03080506, 0x09080603, 0x10020c02, 0x03130f10, 0x02010102, 0x08070405, 0x05040201, 0x05070305, 0x1e0a1216, 0x050a0513, 0x2a010303, 
    0x06050301, 0x1109090e, 0x820a0808, 0x0101290c, 0x0109150c, 0x0a060102, 0x5c082882, 0x03080604, 0x090f0505, 0x0202050d, 0x020b0801, 0x0d0a0901, 
    0x0304030f, 0x02060701, 0x1e060b0c, 0x020c0a18, 0x03020603, 0x090a023e, 0x03020306, 0x1f0e0d10, 0x0e150711, 0x070e1c0f, 0x100b070e, 0x020c0907, 
    0x07070c05, 0x1a070c13, 0x010d0b14, 0x01091108, 0x06090339, 0x06070d07, 0x087b8209, 0x0139033b, 0x190f0304, 0x0101010b, 0x130d1508, 0x0f0a0c1f, 
    0x101b0a05, 0x0a100505, 0x0c101303, 0x170b0407, 0x0e16070c, 0x07041310, 0x1e18171d, 0x0c190f06, 0x03070d05, 0x0f0d090b, 0x05c77302, 0x037b0225, 
    0x413800c0, 0xfe82076b, 0x06010f23, 0x052f6322, 0x010e0724, 0x44180307, 0x37200ae1, 0x2205f267, 0x83013e37, 0x34263102, 0x36372337, 0x35021716, 
    0x090a1008, 0x0305060e, 0x0323fc82, 0x822e2603, 0x05033433, 0x06f20b0e, 0x28151419, 0x0b201314, 0xf303080b, 0x8220290b, 0x0d0925d6, 0x33370403, 
    0x2a25ac82, 0x02080a01, 0x08c888d7, 0x41013927, 0x2604094a, 0x0f322223, 0x0405abfe, 0x0e0e1405, 0x18111220, 0x0f560107, 0x0a030f1e, 0x04080506, 
    0x033d4306, 0x29fb8204, 0x02000301, 0xc0ff0000, 0xb7824909, 0x2101fb22, 0x6163b982, 0x15212405, 0x82352107, 0x011f24b8, 0x18071733, 0x420c9059, 
    0x2f290804, 0x07230701, 0x0f233723, 0x23d98201, 0x27012e23, 0x88081d71, 0x82152008, 0x5e4f854c, 0x665e0b83, 0xa45d1805, 0x0cbc7c0d, 0x2223352b, 
    0x07022f26, 0x27230717, 0x20558937, 0x18568815, 0x25086858, 0x37362635, 0x49833634, 0x3d363423, 0x240c8201, 0x3633013e, 0x18ae8316, 0x240a0645, 
    0x013b013a, 0x210f8617, 0xcf823a17, 0xd1823720, 0x82172121, 0x373524de, 0x82151733, 0x15232202, 0x20338221, 0x05cd6815, 0x83140721, 0x011f2240, 
    0x82d18227, 0x23352102, 0x15227682, 0x54841406, 0x013e4308, 0x4909013f, 0x04010303, 0x083bfd02, 0x031a7bfd, 0x09120301, 0x03041003, 0x220d0408, 
    0x24391415, 0x610f2012, 0x2412200e, 0x2716163b, 0x23091910, 0x2608080b, 0x08022e09, 0x10099007, 0x04030506, 0xbd470101, 0x03042a05, 0x02020604, 
    0x06020103, 0x18088204, 0x2408ee63, 0x9c020503, 0x2b1a8201, 0x15090910, 0x0208060c, 0x04020502, 0x03243382, 0x070c0305, 0x03313086, 0x040b0664, 
    0x1103070f, 0x1a092907, 0x09060b01, 0x25188203, 0x070f0101, 0x2682020a, 0x03040128, 0x08060b04, 0x6a83030a, 0x05040124, 0x6f840505, 0x06279f82, 
    0x140a151a, 0x6c01240a, 0x748208ce, 0x2e095f22, 0x08208184, 0x033b8482, 0x0c370b05, 0x0bee010c, 0x05085302, 0x090c1316, 0x05c90208, 0x9cf90203, 
    0x8206690a, 0x822d8233, 0x205a82ad, 0x29098202, 0x06060b1a, 0x0e050101, 0x7b828408, 0x021c2f08, 0x0e1a0bb6, 0x15050d07, 0x0a021d0b, 0x07093809, 
    0x0b13090e, 0x28284a22, 0x2d1a355e, 0x2b124b13, 0x2c62351b, 0x3c27532c, 0x09353703, 0x3982055c, 0x04040428, 0x02040603, 0xbd820609, 0x05070239, 
    0x06050a05, 0x0907050b, 0x060a0303, 0x04060b07, 0x0906080b, 0x82090404, 0x55023cfb, 0x130a1006, 0x22111528, 0x030b0711, 0x0c040905, 0x130b0814, 
    0x040a0707, 0x62010301, 0x0a3e05b3, 0x09024b0a, 0x34110e39, 0x0c05050c, 0x070e0707, 0x59020504, 0x02032e2c, 0x02010304, 0x68820402, 0x06020231, 
    0x1c1e0105, 0x090d291b, 0x0a462b34, 0x8203040e, 0x02042a19, 0x07150205, 0x110e070d, 0x210e8203, 0x89822504, 0x0102033b, 0x15181b14, 0x3f0d0114, 
    0x0d203307, 0x0e170f2c, 0x09e60b19, 0x050b050b, 0x2e598204, 0x050d030a, 0x08081109, 0x1c0f0911, 0x82020f0e, 0x0521086c, 0x05010207, 0x00004e04, 
    0xff000004, 0x032006c0, 0x0e9d00c0, 0x0fef0e99, 0x01000053, 0x2a35013c, 0x063c5801, 0x011d1623, 0x06ea6b17, 0x31163031, 0x33321615, 0x14151614, 
    0x14301716, 0x82141633, 0x30152118, 0x82065d53, 0x16322416, 0x83331533, 0x011c2613, 0x30151715, 0x29278332, 0x3233013a, 0x32303536, 0x0982013d, 
    0x3e285882, 0x36323701, 0x3d363433, 0x34236583, 0x563c3736, 0x362205ef, 0x19823534, 0x35210f82, 0x272d8234, 0x36323136, 0x33323637, 0x29052a58, 
    0x31343035, 0x31363035, 0x0f832634, 0x68822520, 0x33321422, 0x15304d82, 0x07151733, 0x012a1523, 0x010e010f, 0x07012a07, 0x32259082, 0x011c3116, 
    0x06185d33, 0x02828682, 0x31142222, 0x12881e82, 0x07011d24, 0x11820622, 0x26222326, 0x31342227, 0x28054d55, 0x27013c27, 0x27312630, 0x2506842e, 
    0x3035012e, 0x6e822322, 0x34220e85, 0x11832326, 0x2e312625, 0x82012f01, 0x2a232115, 0x2a280782, 0x06142301, 0x15010e15, 0x23082444, 0x23150622, 
    0x8f820d82, 0x2005725b, 0x277b8223, 0x30310614, 0x06223114, 0x2105045a, 0x415e011c, 0x011d2105, 0x06839984, 0x9d820a86, 0x0c38b318, 0x37821f82, 
    0x15202f82, 0xc0852988, 0x0b824085, 0x31200282, 0x2d85d38a, 0xac5e1c20, 0x06145505, 0x5a853188, 0x8205825a, 0x20438540, 0x0537551d, 0x3a858087, 
    0x62849f8c, 0x9e867f84, 0x2a82108c, 0x1b8a8084, 0x6589af83, 0xc1559d99, 0x85dd8909, 0x5aee8a7f, 0x148309d8, 0x0a895686, 0xc4835d85, 0x14280983, 
    0x15071506, 0x010f0622, 0x270b9c5c, 0x2a272622, 0x012e2701, 0x2005fa57, 0x250e8231, 0x22352230, 0x23822326, 0x22220683, 0x2e832f26, 0x8805995e, 
    0x012e262b, 0x26222327, 0x23358231, 0x34272634, 0x82090542, 0x82272044, 0x013c233b, 0x62573427, 0x013c2607, 0x23263035, 0x200f8235, 0x820a8427, 
    0x5d31200d, 0xdc5d0ad1, 0x097a570c, 0x30013d24, 0xe8183134, 0x77590fb7, 0x241c8407, 0x36353634, 0x07c25a34, 0x0d822985, 0x3e221084, 0x1d843501, 
    0x40564e84, 0x841a8505, 0x3430216c, 0x55567389, 0x080d5b0a, 0xa1857783, 0x0a848284, 0x915e3c20, 0x853a8505, 0xbb5f196c, 0x85088208, 0xd1b8180b, 
    0x1810900a, 0x8911a9b4, 0x868e876f, 0x837585a9, 0x012e2b64, 0x23012a23, 0x17310614, 0xfb421416, 0x200d820d, 0x21118431, 0x0a840614, 0x24050943, 
    0x2207010e, 0x5e2f8206, 0x0e8206c0, 0x8206095f, 0x05065e1e, 0x600dbf42, 0x1c8205a9, 0x07061424, 0x5f191430, 0x0e2309a7, 0x82010f01, 0x22142212, 
    0x20518423, 0x052e4207, 0x5f05226c, 0x978405f7, 0x1e823020, 0x23010f24, 0x0f431430, 0x42312019, 0x1d20098a, 0x83059962, 0x05fd57ae, 0x580d1243, 
    0xaf4308a2, 0x844c821a, 0x16142445, 0x44161415, 0x0f430a1e, 0x08134105, 0x15011e26, 0x17161417, 0x88051341, 0x31162465, 0x43143017, 0x1b85070f, 
    0x14227383, 0x0c823316, 0x1c875182, 0x1c836487, 0x010e0723, 0x059c4431, 0x07202382, 0x0e22e882, 0xa8880701, 0x55822889, 0x013a1524, 0x4a843033, 
    0x82056241, 0x0d07441c, 0x4105c241, 0xb74405b4, 0x20328409, 0x18588233, 0x8408819e, 0x821e2055, 0x3114214c, 0x1520698b, 0x2785d082, 0x3022768d, 
    0xfd863116, 0x20088263, 0x413d8231, 0xd385061e, 0x32228884, 0x50441716, 0x23598408, 0x33143017, 0x16247589, 0x15171514, 0x16202e83, 0x15213e82, 
    0x85a18217, 0x16322202, 0x05bc6d33, 0x1e217684, 0x820c8301, 0x52b91813, 0x05e34607, 0x82333121, 0x2189825d, 0x08641614, 0x0e8b440a, 0x1e21f385, 
    0x28668201, 0x2215011c, 0x06142306, 0x05574215, 0x07062223, 0x840f8423, 0x05df5c06, 0x27012e23, 0x05fd4235, 0x8205d361, 0x23352805, 0x30272622, 
    0x823c2326, 0x2622221a, 0x26068227, 0x3c313430, 0x82313501, 0x052c432b, 0xe4432720, 0x230d8306, 0x013d2634, 0x34211c82, 0x202f8322, 0x202e8334, 
    0x232e8235, 0x26342735, 0x220a7743, 0x86232622, 0x34222532, 0x23263431, 0x085eb818, 0x23263023, 0x09eb4327, 0xb6183386, 0xff4308e9, 0x058c4405, 
    0x82012e21, 0x5e8c8283, 0x1c850812, 0x5982bc82, 0x09449083, 0x22352305, 0x85883530, 0x02849782, 0x3120cd82, 0x21823a82, 0xd8853120, 0x2005c847, 
    0x47a98231, 0x342005cc, 0x1a820a83, 0x830d0845, 0x2055856a, 0x0524453d, 0x18090445, 0x8d0890bd, 0x0afc4412, 0xf95d2320, 0x82cb8205, 0x2e272509, 
    0x26223501, 0x21063641, 0xb245013d, 0x875c8507, 0x21aa828c, 0x81862630, 0x840c845b, 0x86118587, 0x0504416e, 0x88343021, 0x0a114540, 0x91458385, 
    0x45098409, 0x30230f8a, 0x45323536, 0x7583057e, 0x6e8a3420, 0x8405fa69, 0x06614172, 0x60363221, 0x362505c0, 0x013e3134, 0x21148337, 0x25823632, 
    0xcc827b85, 0x34353623, 0x21408336, 0xa045013a, 0x32352308, 0x62823136, 0x31215b84, 0x8b338235, 0x463420e3, 0x6f490b95, 0x84372006, 0x076641cb, 
    0x8a05de48, 0x271082f1, 0x26352634, 0x1c072322, 0x2805c863, 0x3007010e, 0x2a073106, 0x053b7101, 0x45302321, 0x14240541, 0x15062231, 0x30221485, 
    0x09472326, 0x28068205, 0x22273527, 0x012a2726, 0x088f472b, 0x30220984, 0x2b843122, 0x31212182, 0x07794122, 0x29820982, 0x82085547, 0x821983ab, 
    0x833520d9, 0x4814202b, 0x0e2606af, 0x1c011d01, 0xad710701, 0x23068405, 0x30150630, 0x48053163, 0x30250944, 0x06301514, 0x820f8223, 0x44072003, 
    0x27840722, 0x3f821c20, 0x07062222, 0x1528c684, 0x14151406, 0x06142306, 0x11820883, 0x0b822f82, 0x0e210582, 0x06d04901, 0x31201184, 0x4305dc49, 
    0x696505de, 0x20368205, 0x20f08215, 0x05506607, 0x1c411520, 0x66142006, 0x6646063c, 0x21148305, 0x2f85012a, 0x2c822320, 0x83063021, 0x841420f4, 
    0x05164405, 0xe5671d82, 0x602e2005, 0x262105fa, 0x05086023, 0x27012e22, 0x210a8241, 0x5842013c, 0x0a744709, 0x4705af61, 0xa1430cf4, 0x09d54708, 
    0xe0474785, 0x0ab74b78, 0x42059242, 0x744206d9, 0x013d210b, 0xef8c0d82, 0x840b0343, 0x441097fd, 0x11491803, 0x0b834308, 0x86057160, 0x33312211, 
    0x2b8b8327, 0x32353634, 0x36303736, 0x36343733, 0x352d0282, 0x32313432, 0x3e373536, 0x36323301, 0x36198231, 0x3a35013a, 0x32363301, 0x1e333533, 
    0x14321701, 0x33161431, 0x82311430, 0x26302913, 0x3d263431, 0x27012e01, 0x82081a44, 0x82352035, 0x013e2350, 0x56823035, 0x0b823020, 0x32303722, 
    0x33215f82, 0x05e54c30, 0x03837083, 0x3e262082, 0x36303701, 0x4782013f, 0x32210282, 0x825c8216, 0x30172302, 0x5f823316, 0x15201182, 0x7d827182, 
    0x32213d86, 0x82188233, 0x013c21a3, 0x3f214c82, 0x213b8201, 0x09823432, 0xbb433320, 0x20098205, 0x064a6435, 0x34333627, 0x013e3330, 0x82af8431, 
    0x075665ba, 0x25057c6b, 0x3c013b32, 0x5d823301, 0x32303523, 0x23cd8231, 0x1617013a, 0x15240883, 0x011f011e, 0x14220f82, 0x1e471716, 0x4d172007, 
    0x8f8206d2, 0x47313221, 0x312205f8, 0x08831632, 0x82363421, 0x214483cd, 0x95821632, 0x08821183, 0x4a821720, 0x41823320, 0x17204982, 0x32214583, 
    0x0b864c31, 0x5f833120, 0x47161421, 0x142106c4, 0x82348606, 0x163021e9, 0x31211b82, 0x05e04714, 0x23143026, 0x0731011c, 0x82092948, 0x16142349, 
    0x3988011f, 0x82330721, 0x83142062, 0x053323b1, 0x5b662634, 0x013c2706, 0x35012e35, 0x8243011c, 0x011d2105, 0x8207e948, 0x83332055, 0x25d18371, 
    0x32153114, 0xc6841716, 0x2e312628, 0x26223101, 0x08843035, 0x2105f845, 0xd04b2622, 0x25352105, 0x2108b548, 0x2a4d011c, 0x0db34805, 0x55821585, 
    0x34011d23, 0x08794336, 0x69089247, 0x0e8905e3, 0x35013c22, 0x8f49a682, 0x82312005, 0x83312035, 0x8203253f, 0x011b361c, 0x56079b59, 0x0c860ce0, 
    0x02020228, 0x12090101, 0x3a59010a, 0x157c5708, 0x0103022e, 0x0a040101, 0x08077e05, 0x05090475, 0x820f0b5a, 0x0103211c, 0x35594b84, 0x2049820a, 
    0x0be25c02, 0x82010121, 0x82038223, 0x20168328, 0x200f8403, 0x82358203, 0x583b8925, 0x0b840baf, 0x8405ca5e, 0x8231820a, 0x86458207, 0x58068305, 
    0x0c85089e, 0xc6934b87, 0x260cc958, 0x01366b35, 0x84020101, 0x90a585d8, 0x824b83d4, 0x07022121, 0x22062357, 0x820a150a, 0x19012312, 0xe5851931, 
    0x5e6f0220, 0x083a4105, 0x5a096041, 0x5a8c0f6e, 0x9d939a82, 0x4d860120, 0x02254584, 0x0b180c01, 0x059f5f01, 0x02244c83, 0x0e1c0e01, 0x25058f74, 
    0x05020202, 0xbb85060b, 0x39410b82, 0x08135809, 0x5b13cf5b, 0x06200e61, 0x62099841, 0x988e0c38, 0x5f820e82, 0x08964d18, 0x02203486, 0x95820783, 
    0x17231a83, 0x5801182f, 0x7258050c, 0x41878a08, 0x27820521, 0x26020124, 0x4a84254c, 0x8a12155c, 0x08044130, 0x01205e82, 0x84052b42, 0x8463856d, 
    0x0ec64240, 0x65844f88, 0x26054463, 0x02040102, 0x70030603, 0xcb5f05c4, 0x824c870c, 0x200a825e, 0x209f8603, 0x20078201, 0x22278502, 0x90122612, 
    0x05624160, 0x8e830220, 0x0322f982, 0x07410406, 0x200f8405, 0x05555303, 0x1d429f99, 0x82458208, 0x23288875, 0xf3797a79, 0xbe840382, 0x03207b84, 
    0xab624982, 0x05534109, 0x10820120, 0x22062e43, 0x41050a05, 0x14840610, 0x41057143, 0x02200588, 0xcf828984, 0x5b604c85, 0x832b8210, 0x218082dc, 
    0xdc8d6afd, 0x050b0422, 0x9d423682, 0x2dfd210b, 0x77200d82, 0x478a5d84, 0x5f10515e, 0x44640b02, 0x9a5f8d0c, 0x0653620d, 0x0b32b718, 0x66847d20, 
    0x094a0722, 0x64094a42, 0x6d881106, 0x0f59be18, 0xbf420f84, 0x09474409, 0x4206bd43, 0x7f4308c5, 0x6427890d, 0xb5940806, 0x200e1943, 0x64b88301, 
    0xa5420a22, 0x2041850d, 0x0c756603, 0x200bfd42, 0x430c8b01, 0x83920bf7, 0x41059742, 0x0582058c, 0x4f42cd88, 0x44fe820e, 0x788d080a, 0x5e0cab5b, 
    0xe9950dd5, 0x4f434785, 0x87012006, 0x44ec8a4c, 0x04451269, 0x112d410e, 0xec451187, 0x06022108, 0x2008b141, 0x0aed4203, 0x136bb718, 0x8e0cb845, 
    0x866991b3, 0x85bf84a8, 0xb6b91859, 0x8482850e, 0x41b68405, 0x2785082e, 0x41095367, 0x6490082c, 0x2b5d848e, 0x08b0410c, 0x0ff3bd18, 0x6441458c, 
    0x43012005, 0xb64205cc, 0x18ee870d, 0x410eceb9, 0x879313c7, 0x890e7c46, 0x0a5a418e, 0x82885a84, 0x87080541, 0x2b40423a, 0x860f8046, 0x083e4243, 
    0x420c0265, 0x128412df, 0x7d8a8184, 0x4543d78b, 0x06cb440c, 0x8a089044, 0x443e83c3, 0x83471a2f, 0x4194880c, 0xb7610cb9, 0x0c5c4309, 0xe8896c86, 
    0x410fd841, 0x84471385, 0x18c0180c, 0x42e7840d, 0x146508fc, 0x0f836313, 0x9c0c3942, 0x0cfc416d, 0x41010221, 0xba6b08fc, 0x089a6b05, 0xe8414387, 
    0x13184110, 0x8d0c2341, 0x890d898a, 0x052e41d4, 0x84086443, 0x09a6413d, 0xf2440e84, 0x0a344427, 0x768ff58c, 0x450aaf46, 0x09410828, 0x0db2650c, 
    0xf289c38d, 0x35411785, 0x45068206, 0x894308e4, 0x0b91420e, 0x410c3f46, 0x2988103d, 0x830f8244, 0x4102200f, 0x0a8b0515, 0xa290f088, 0x640c4f42, 
    0x26900804, 0xab428e90, 0x842a9008, 0x105c4351, 0x43090b4b, 0x398208c1, 0x82010321, 0x6c032017, 0x0121079a, 0x07834b01, 0xc1471582, 0x41248206, 
    0x77820cf2, 0x17660120, 0x0e1e4609, 0x460ccc41, 0xa48a0b4d, 0x440e2342, 0x83410f39, 0x82e4880c, 0x84748272, 0x451386b9, 0x784961dc, 0x09d04806, 
    0x0483f784, 0x410d8242, 0x78410d80, 0x83e88218, 0x0eb64502, 0x44098a46, 0x16850c86, 0x630ce743, 0x8f420bea, 0x8c07200f, 0x41908d10, 0x92690d93, 
    0x88d3860f, 0x08ca4a6f, 0x8f0faa44, 0x8d488846, 0x84168d7a, 0x21d8820d, 0x01830103, 0x490b5a49, 0x23820e57, 0x27901d85, 0x788da820, 0x254c0d8e, 
    0x4389850c, 0x90200c9a, 0x410e5e42, 0x48890964, 0xbb4b0320, 0x055a4208, 0x480aee42, 0x6784084b, 0x01231e87, 0x5e000301, 0x093006eb, 0x09c0032f, 
    0x095a0947, 0x0077096f, 0x013e0100, 0x2a069272, 0x1632013d, 0x15011c33, 0x8317013a, 0x20098403, 0x22058215, 0x82171632, 0x011e2218, 0x062e5117, 
    0x84301521, 0x33322626, 0x3233013a, 0x05d37c33, 0x2706e950, 0x15311432, 0x15161433, 0x1e333282, 0x37013b01, 0x1f333533, 0x021f3301, 0x2723030f, 
    0x5d172315, 0x172007fe, 0x82051450, 0x011d3005, 0x2e230630, 0x06222701, 0x07062223, 0x832b012a, 0x011c210f, 0x2109af5a, 0x0b850614, 0x5d09fc7c, 
    0x0c890c21, 0x09842089, 0xcb506a84, 0x82258307, 0x09dc50bf, 0x88059b50, 0x1432211e, 0x8205c051, 0x08f05a8d, 0xd7183020, 0xf1850afd, 0x495a1720, 
    0x16142508, 0x33011c33, 0xf0825583, 0x31011e23, 0x263f8316, 0x1614011d, 0x59161431, 0x3021065f, 0x20228214, 0x82588415, 0x2421833d, 0x1c151632, 
    0x590b8201, 0x8c850657, 0x615b0f82, 0x214c8405, 0x30851716, 0x14202783, 0x71821a83, 0x33011e22, 0x14210e86, 0x850b8531, 0x86332039, 0x143021d0, 
    0xbe837482, 0xc07d1c20, 0x8a328205, 0x82312084, 0x5317203b, 0x368505c0, 0x555ae283, 0x09e05b0a, 0x1d21ef8b, 0x08785f01, 0x21821520, 0x31061425, 
    0x82143215, 0x15062adf, 0x22230614, 0x06223114, 0x05b04115, 0x27064760, 0x010e2306, 0x07012a07, 0x22055679, 0x8223010e, 0x8211820b, 0x2205880e, 
    0x66310630, 0x22210583, 0x48481826, 0x050b7607, 0x34263525, 0x5e343035, 0x3124056e, 0x013d013c, 0x2a05ba63, 0x3c27013c, 0x30273501, 0x60013d34, 
    0x09870686, 0x74302321, 0x31210630, 0x05e35934, 0x3c233d82, 0x53353101, 0x26200519, 0x27204a83, 0x2105225a, 0x42823531, 0x5e050c76, 0x35200b44, 
    0x26207882, 0x0a764d82, 0x84088208, 0x837b830b, 0x583d8346, 0xc35d0ae9, 0x0aaf550c, 0x2005ef57, 0x10a5562e, 0x5e08cf7c, 0x60840bf2, 0x2b53b182, 
    0x013d2105, 0x85051e59, 0x591b8479, 0xba840d3e, 0x31231784, 0x8231012e, 0x200b85f1, 0x5ee7823c, 0x34830ba2, 0x30562a87, 0x013d2408, 0x5b232634, 
    0x8a82051d, 0x2723d483, 0x82232226, 0x2621843a, 0x23303435, 0x7e2f012e, 0x895b0682, 0x7c272005, 0x222109d2, 0x061c7d06, 0x07010e2b, 0x1c310614, 
    0x010e1501, 0x07006631, 0x2309c565, 0x0622010f, 0x07251f82, 0x14150630, 0x05995e06, 0x2c670e82, 0x62232005, 0x14210510, 0x213a8206, 0x0682010f, 
    0x82054567, 0x82338208, 0x010e215f, 0x31202782, 0x21058b58, 0x815e012a, 0x05284206, 0x21051c59, 0x547e012e, 0x22c78206, 0x7827013c, 0x0b82051b, 
    0x84051942, 0x82152057, 0x14302178, 0x31209882, 0x4a82a482, 0x83011c21, 0x011c2184, 0x2082b083, 0x4205dc5d, 0x278206e7, 0x23061422, 0x62551282, 
    0x58258206, 0x1a6308ff, 0x82e58205, 0x84528202, 0x593683d4, 0x4089056d, 0x07201e82, 0xa5823482, 0x820c4b5e, 0x824a845a, 0x0d125efb, 0x0e236382, 
    0x18141501, 0x5d0cb341, 0x6b850526, 0x43058c43, 0x3c820888, 0x8407cc5e, 0x05994425, 0x3a846a8f, 0x34823120, 0x36441e83, 0x0ea94305, 0x4505b643, 
    0xe3430e0a, 0x41388207, 0xe07c06c0, 0x0e5a6307, 0x23055a7d, 0x013c3523, 0x590c9f42, 0x2a21055d, 0x41358201, 0x636206ac, 0x08f67908, 0x20059442, 
    0x580f8435, 0x10560717, 0x089e5908, 0x35013c24, 0x0d852630, 0x5c0aff42, 0xdc590bea, 0x09ed5905, 0x44833120, 0x43343621, 0x0c840575, 0x430a5079, 
    0x9356095f, 0x0d8b6108, 0x70583520, 0x076e6206, 0x23089559, 0x37013e33, 0x20059d7b, 0x0ad05631, 0x7a835f83, 0x36263586, 0x3f013e31, 0xb3823c01, 
    0x83333621, 0x8209842c, 0x85352013, 0x34372632, 0x36303736, 0x200c8533, 0x8425833e, 0x013e247c, 0x65343037, 0x302007e1, 0x2107287a, 0x6e59013c, 
    0x34312105, 0x33225583, 0x7e843632, 0x82013c21, 0x4347824e, 0x4f8205c6, 0x6c823c84, 0x3d218983, 0x592b8201, 0x2f410862, 0x05994405, 0x517b3520, 
    0x012e2705, 0x012e2731, 0xf2443527, 0x012e2605, 0x2634012f, 0x44108231, 0x30220591, 0x20822326, 0x7b430720, 0x06302105, 0x5706b941, 0x2e2305f2, 
    0x5f302301, 0x0982052c, 0x35342625, 0x5a232622, 0x4d410b9f, 0x05874108, 0x41053541, 0x595d0959, 0x0895440a, 0x35420882, 0x45328905, 0x3d200872, 
    0x8406035d, 0x2227219a, 0x07c27818, 0x30368a82, 0x21353134, 0x15010f15, 0x03071733, 0x020f1507, 0x35373311, 0x0f821f33, 0x21021f2b, 0x3233013a, 
    0x32303736, 0x5a088231, 0xe6440aef, 0x820a840a, 0x14514270, 0x880e4f45, 0x0a594536, 0x8b054d45, 0x253484ed, 0x3e313630, 0x75823501, 0x105b3420, 
    0x83098205, 0x5feb840d, 0xdb8306bf, 0xbf829c83, 0x37013e23, 0x45d98201, 0x1e220522, 0x02821701, 0x37200e82, 0x2320ec84, 0x0e22ec82, 0x48181501, 
    0x012f0791, 0x35012e15, 0x04011c33, 0x01020103, 0x82040804, 0x0a597902, 0x3005be4c, 0x03050301, 0x7d7c0202, 0x7c7df97c, 0x0204017d, 0x22168202, 
    0x82010102, 0x06072e07, 0x2a050c07, 0x09270808, 0x02063a08, 0x3017820f, 0x77060605, 0x1b1b0135, 0x0b191a01, 0x04020b15, 0x061e7701, 0x8d09264a, 
    0x0ae74a09, 0x8d0d7754, 0x850d8826, 0x8202202f, 0x83032084, 0x02032180, 0x22061157, 0x58040103, 0x03240586, 0x04080501, 0x0c227482, 0x547b0c16, 
    0x0d072305, 0x87830207, 0x20062a6b, 0x4d918204, 0x4e4e086d, 0x15f54b13, 0x8b091d55, 0x6b0220a6, 0x01250680, 0x02040201, 0x20568303, 0x82888204, 
    0x053c5702, 0xa2830120, 0x8908bf51, 0x20bd8238, 0x410d8202, 0x8f820546, 0x8209d379, 0x0203212c, 0x02204b82, 0x1e830082, 0x03020425, 0x82020205, 
    0x01022512, 0x04030103, 0x03249b84, 0x060b0601, 0x0e27d182, 0x04010f1c, 0x82070303, 0x055f4b23, 0xa9883085, 0x4e0fd051, 0xf78b1e63, 0x3b010327, 
    0x0d073a75, 0x05414107, 0x3b837f82, 0xe4820320, 0x9a4dac84, 0x0dc1410d, 0x4c0db641, 0x58410c26, 0x8d128e12, 0x0615410e, 0x26dd0124, 0x4441264d, 
    0x01032108, 0x4d05e559, 0x04230a2d, 0x83020509, 0x4e3d869b, 0x01220718, 0x118293fd, 0x18020238, 0x2b0c0201, 0x04030503, 0x01044603, 0x06690203, 
    0x2210060b, 0xf1570211, 0x063d4205, 0x03010126, 0x2b572c01, 0x16820d82, 0x113b022a, 0x05030212, 0x050d0902, 0x1326f682, 0x06041829, 0x20829404, 
    0x1b2f1435, 0x010a140b, 0x17101001, 0x0e091229, 0x0101bafd, 0x537d0302, 0x7d850770, 0x41087d56, 0x7b5109f9, 0x0c375006, 0x0d820220, 0x17171825, 
    0x82010318, 0x01052872, 0x05040381, 0x57760101, 0x088708b1, 0x01011a24, 0xc4842f2f, 0x4106cb41, 0x1285064f, 0x89098641, 0x43578209, 0x0589059d, 
    0x3b830120, 0xcd182185, 0x298e0ee4, 0x5008034e, 0x02200559, 0x06199a82, 0x08890855, 0x02223482, 0x2a550302, 0x8901200a, 0x5c698994, 0x398409ec, 
    0x01210482, 0x429b8603, 0xfa4f0521, 0x843e8809, 0x1003418e, 0x67418c87, 0x51c19a05, 0xb983090f, 0x01202e82, 0x0320c18f, 0x18828283, 0x49821784, 
    0x42095941, 0xc3420d78, 0x08d24f0d, 0x410a5b41, 0x1e840a53, 0x4f82698f, 0x4105c143, 0x7a85082a, 0x1c846784, 0x01200f85, 0x9605e643, 0x0cea5762, 
    0x0941d489, 0x083b410a, 0x8e0a2541, 0x0be44135, 0x200c367f, 0x0cb74103, 0x2009e041, 0x85b38301, 0x862187a8, 0x0a9b4111, 0x6541be86, 0x20628505, 
    0x05ed4403, 0x04010223, 0x08507801, 0x880f5f45, 0x07cf4241, 0x7f104158, 0x548508fe, 0x550eac51, 0x788508a5, 0x6b82aa82, 0x410af841, 0x895d085f, 
    0x0cf27808, 0x02225c82, 0xf9410301, 0x8c858409, 0x03032193, 0x86063e41, 0x55858849, 0x79550f20, 0x0acd410d, 0xb442b184, 0x0de64212, 0x935c0120, 
    0x10014108, 0x840e6642, 0x09ab41ad, 0xc9425985, 0x118f4105, 0x66435582, 0x0bf74107, 0x47095f42, 0x1f4408db, 0x891f830c, 0x052b4462, 0x1909c044, 
    0x41086f03, 0xa5a30b0c, 0xb05d8d82, 0x0b57420b, 0x8f096641, 0x09324688, 0x410fdf44, 0x79451d64, 0x0e004506, 0x200bdf5a, 0x094b5d01, 0x8a08b879, 
    0x09004108, 0xb5840120, 0xc8420482, 0x83be8d0c, 0x08f1429c, 0x06863a86, 0x83030121, 0x0c3f4118, 0x5808c642, 0x1f8209d5, 0x830a0345, 0x0f214569, 
    0x4108ba42, 0xfc430b12, 0x12e74722, 0x4482e682, 0x01031827, 0xfe020210, 0x266882f8, 0xbb010429, 0x85020101, 0x0fe856a9, 0x410c9241, 0x1c410506, 
    0x46098209, 0xe38b088c, 0x41095b45, 0x54451589, 0x0af34409, 0x35830220, 0x1127fe2a, 0x04021627, 0x0b130902, 0x1226ba82, 0x06020213, 0x24824004, 
    0x04141330, 0x070e0603, 0x02132b19, 0x13081213, 0x77854dfe, 0x00820020, 0x000c2608, 0x0ac0ff00, 0x11c0032f, 0x1193118c, 0x11a911a6, 0x11c011b3, 
    0x11cd11ca, 0x11da11d3, 0x009912e4, 0x011e0100, 0x059b5215, 0x2805a864, 0x14151632, 0x32161716, 0x099e5333, 0x011c3127, 0x32140731, 0x82068233, 
    0x06142a02, 0x23011c23, 0x2b012a07, 0x05145401, 0x0622312d, 0x23301415, 0x3031010e, 0x82152322, 0x30142403, 0x860e012b, 0x820e8222, 0x23062602, 
    0x22072206, 0x07977323, 0x2206bb4e, 0x82310614, 0x7215204c, 0x1d280c28, 0x31013a01, 0x33171632, 0x06826f82, 0x15011e22, 0x14837682, 0x99828f84, 
    0x4f171521, 0x747208df, 0x6f30200c, 0x0a84098a, 0x860a934f, 0x83218f6e, 0x08c54f3e, 0x07011d23, 0x05d05015, 0x2b262223, 0x21168201, 0x2f88011d, 
    0x830cc96d, 0x0ae24f17, 0x17734489, 0x1406280c, 0x17331531, 0x82171630, 0x14172b7b, 0x14153316, 0x14013b30, 0xeb833116, 0x15061423, 0x41f38c07, 
    0x7b840d69, 0x500a0c50, 0x6083086e, 0x1c824084, 0x3186148c, 0xb8888088, 0x410c2041, 0x3c8a1d05, 0x7b54e198, 0x1103410c, 0x8a0d3141, 0x0c21511f, 
    0xfa41c58b, 0x27c6840d, 0x30311406, 0x16141716, 0x6e052b6b, 0x0622068a, 0xf4411514, 0x87fe8605, 0x08454143, 0x850d4141, 0x0a227416, 0x162b0a82, 
    0x14301733, 0x15142217, 0x6b230630, 0x2e2405f5, 0x26222301, 0x27055a53, 0x37363231, 0x013b3632, 0x6e08544e, 0xb7530f36, 0x05dc4f08, 0x214f2782, 
    0x3023230a, 0x8b4f3134, 0x051f7905, 0x26343528, 0x30273527, 0x4f822f26, 0x604f0b84, 0x013d2308, 0x9e513430, 0x10826d06, 0x834f3520, 0x8c1e8405, 
    0x8818846e, 0x08355471, 0x51343021, 0x218908a3, 0x12829e88, 0x12bee718, 0x910c8254, 0x20f5871f, 0x0c074131, 0xb64f2791, 0x4f068606, 0x3f8509df, 
    0x09934d18, 0x0a5ee818, 0x870a2e41, 0x84c0821f, 0x013d2502, 0x30333634, 0x26052e77, 0x3035013e, 0x51013f36, 0x2e410a39, 0x412b8608, 0xa48d0808, 
    0x31203186, 0x8208dd52, 0x6f152008, 0xc08806e7, 0x34255d82, 0x012e3330, 0x05025023, 0x33204182, 0x3b56e988, 0x82318705, 0x013a2116, 0x27282983, 
    0x27232622, 0x3c27012e, 0x23849383, 0x3d822220, 0x27353124, 0x62780622, 0x011c2505, 0x15061407, 0x22059477, 0x83010e07, 0x05ba4214, 0x17833120, 
    0x23061426, 0x23153022, 0x07231782, 0x82312230, 0x8235204b, 0x82302097, 0x3023222f, 0x09b75522, 0x82010e21, 0x210e821d, 0x1d82012b, 0x18013c21, 
    0x8208d34d, 0x21788230, 0xf384013d, 0xeb82ef89, 0x2b824683, 0x90542120, 0x0bf34409, 0xa26b1d20, 0x011e2606, 0x17011c17, 0x0fa67633, 0x14011d24, 
    0x02861716, 0x14333227, 0x32013b16, 0x22068216, 0x43321631, 0xa554065e, 0x05bf6e09, 0xa7433120, 0x0ab05406, 0x430d8143, 0x8a430b96, 0x6b0a870a, 
    0x2473091d, 0x13ac4409, 0x840cb744, 0x08d8582a, 0x440a5b44, 0x90440ad4, 0x0889750c, 0x4113b745, 0x31200b1e, 0xe28a2982, 0x55098444, 0x4986079e, 
    0xa588d582, 0x86011c21, 0x08c255e3, 0xbe464184, 0x0ab14505, 0x32571520, 0x2a232707, 0x22302301, 0xe741012b, 0x26222b05, 0x27012a27, 0x2e27013c, 
    0x19822701, 0x0f823120, 0x44262221, 0x14441109, 0x14264408, 0x53085f55, 0x51440a33, 0x08604308, 0x75433120, 0x055d7106, 0x42106058, 0x54420646, 
    0x0cf86b07, 0x05444385, 0x91b78a20, 0x13ba43c2, 0x8c0aff44, 0x8a3d8d0a, 0x444486b7, 0x302105cd, 0x06a27326, 0x8a080654, 0x260a871e, 0x3731013e, 
    0x83012e33, 0x373527bb, 0x3035013e, 0xd86e3336, 0x3c332105, 0x36221982, 0xdb473132, 0x51591805, 0x011d3108, 0x06151430, 0x14301514, 0x1f163017, 
    0x17011e01, 0x15210282, 0x058c7530, 0x15010e27, 0x30152307, 0x20028206, 0x065d7723, 0x07062222, 0x2107a043, 0x00762307, 0x011d2105, 0x17822782, 
    0x2a824882, 0x011c0722, 0x2005d557, 0x24128215, 0x31061415, 0x09367b14, 0x0b820720, 0x06233383, 0x83073114, 0x0acb4674, 0x82221421, 0x8331204d, 
    0x15072196, 0x25834e82, 0x82011c21, 0x840d833e, 0x010e2219, 0x431d8207, 0x6c420a60, 0x066b4407, 0x81821f89, 0xe8827b82, 0x85072321, 0x22232398, 
    0xa3822f26, 0x8c822320, 0x83012a21, 0x26222a17, 0x012a3527, 0x2b223027, 0x220a8201, 0x852f012a, 0x2e272206, 0x22178301, 0x82013c23, 0x013d2309, 
    0x9c5b013c, 0x240a8406, 0x3235013e, 0x09254230, 0x35363227, 0x3a353432, 0x07e37901, 0x37363425, 0x83343035, 0x3c372613, 0x3a013d01, 0x830e8401, 
    0x35302111, 0x13863a82, 0x42363421, 0x372005a7, 0x2006c445, 0x20318232, 0x83348236, 0x3c352261, 0x21298201, 0x59833531, 0x3e206884, 0x30234782, 
    0x82013d34, 0x34302224, 0x21568435, 0x39873632, 0x82343621, 0x824c872c, 0x3027227b, 0x22b78234, 0x82263435, 0x20028205, 0x22ca8235, 0x8235012a, 
    0x83352015, 0x211682fc, 0xef822630, 0x0d842320, 0x23262222, 0x2e210d82, 0x240c8201, 0x012a3523, 0x852b8223, 0x3422210c, 0x35233782, 0x82232234, 
    0x34272306, 0x09823526, 0x26342722, 0x25077a45, 0x22313426, 0xa5823526, 0x2305975b, 0x31013c31, 0x82067e45, 0x012a2143, 0x27271c82, 0x26353426, 
    0x83222322, 0x21288232, 0x0a5b013d, 0x20258305, 0x22748227, 0x83303427, 0x7b19846b, 0x0d86083d, 0x22822383, 0x5b012e21, 0x2b20057e, 0x15253a83, 
    0x010f010e, 0x0506460e, 0x73310621, 0x128505e2, 0x22142323, 0x23288231, 0x22140723, 0x31230682, 0x48301407, 0x248206cb, 0x22062322, 0x70823d83, 
    0x27205382, 0xcb82de85, 0x22215982, 0x063f7034, 0x35012a22, 0x35231184, 0x44353422, 0x3521087e, 0x05405830, 0x26302727, 0x3d343027, 0x48cb8201, 
    0x46820589, 0x23202e82, 0x22057544, 0x8322013d, 0x0508421e, 0x92763d20, 0x35232105, 0x29771b83, 0x20198506, 0x213d8235, 0x45472634, 0x837b8207, 
    0x22342316, 0x63833431, 0x20088747, 0x82228527, 0x013d211b, 0x31200b86, 0x5d068847, 0x2f8206fc, 0x43098141, 0xc88208ee, 0x0af3f018, 0x35012e22, 
    0x4909c772, 0x64740b3d, 0x0d5f4408, 0x32013d32, 0x3c013f36, 0x30373501, 0x36323534, 0x33323035, 0x30240882, 0x013a3536, 0x322c0883, 0x36303736, 
    0x013e013b, 0x33363233, 0x17201c83, 0x07831882, 0xef723720, 0x821e2005, 0x33162625, 0x21333634, 0xa4601832, 0x222b8207, 0x85333236, 0x3035221e, 
    0x20608236, 0x24878234, 0x31323635, 0x05b24733, 0x013e3523, 0x83038237, 0x013e2322, 0x71823731, 0x05822c82, 0x15323023, 0x06304137, 0x92821082, 
    0x20056073, 0x23f68231, 0x23222635, 0x820e1341, 0x013e231f, 0x5f823435, 0x3a237082, 0x83013b01, 0x30342152, 0x09886118, 0xbd82b082, 0x3c252083, 
    0x013e3101, 0x21a48231, 0xe25a013c, 0x06005906, 0x1c2cbd85, 0x011e1701, 0x15163217, 0x32151630, 0xbc860582, 0x20050c48, 0x05f66033, 0x15011c26, 
    0x17161433, 0x3a25e482, 0x013a1501, 0x74408231, 0x0582054c, 0x82333521, 0x3335253e, 0x15011e35, 0x10820282, 0x82161421, 0x011d2108, 0x08e06818, 
    0x47141621, 0x17220b9d, 0x13451630, 0x16322406, 0x4717011d, 0x1d2105cc, 0x26b88301, 0x32343735, 0x5b323033, 0xcf82054c, 0x74333721, 0x372105ca, 
    0x050b4a30, 0x1e265b82, 0x1c011f01, 0xf3821501, 0x0f82dc82, 0x33207582, 0x3e20b482, 0x3b21fe83, 0x829f8201, 0x3632228b, 0x53691833, 0x83e28208, 
    0x23ba830b, 0x3632011f, 0x21050541, 0x6482013b, 0x30273983, 0x011c3316, 0x82011c17, 0x3630227e, 0x245e8437, 0x32361533, 0x247b8333, 0x3237013e, 
    0x05034c34, 0x013e3323, 0x05d64131, 0x83343221, 0x013a211a, 0x34226a82, 0x13853731, 0xa9820d83, 0x2b823220, 0x78833520, 0x3106c341, 0x34232622, 
    0x27353126, 0x3427012e, 0x34233526, 0xc7792322, 0x82232005, 0x012a2310, 0x1f82012b, 0x82012a21, 0x2019830c, 0x832b8334, 0x2622280b, 0x27012a27, 
    0x73353426, 0x272105db, 0x2a3f8323, 0x31262231, 0x35343027, 0x4a353422, 0x3d230572, 0x82013a01, 0x35372665, 0x013d3430, 0x83b98237, 0x363421ce, 
    0x17228f83, 0x0282011e, 0x013a0724, 0xfa823331, 0x82321621, 0x17312190, 0x1623d882, 0x85173132, 0x16322521, 0x1632011f, 0x1723f482, 0x82331632, 
    0x200b8420, 0x820b8215, 0x1614232f, 0xfd823417, 0xd8823320, 0x48823520, 0x5e079162, 0x69490cc1, 0x0c854910, 0x4e0b6649, 0x1e470c3d, 0x06444905, 
    0x0d831520, 0x2e055178, 0x2a23010e, 0x07012b01, 0x30310614, 0x7f012b06, 0x15210542, 0x05627807, 0x2405ce46, 0x31011c31, 0x05335c15, 0x3127f582, 
    0x35343235, 0x7635013e, 0x32250557, 0x34363336, 0x20ee8231, 0x09dc4c37, 0x240c6478, 0x22342731, 0x22118323, 0x82313632, 0x013e2529, 0x35363231, 
    0xe2823582, 0x82013c21, 0x82312008, 0x20028211, 0x05105c37, 0x33373122, 0x76053743, 0x1483056f, 0x1f011e23, 0x82328201, 0x8335206e, 0x080f430a, 
    0x8408757d, 0x011d2508, 0x15323033, 0x22053041, 0x7e163033, 0x332005a6, 0x6405a57d, 0x6c4f0877, 0x08984a0b, 0x2c068a65, 0x1e17011c, 0x1c153301, 
    0x32011d01, 0x85ec8233, 0x83162004, 0x23052714, 0x1c353634, 0x5b410301, 0x16142206, 0x2de18715, 0x07231507, 0x0e35013e, 0x3e152301, 0x5e822701, 
    0x19851720, 0x07233528, 0x2a15012a, 0xb5822301, 0x35230131, 0x30233525, 0x30173114, 0x22153332, 0x82151726, 0x012a2640, 0x25363431, 0x22318223, 
    0x84311614, 0x84172005, 0x05356505, 0x424b1720, 0x16142306, 0x6d763017, 0x011e2205, 0x5590181f, 0x013e2a07, 0x3436013f, 0x36323735, 0x83068237, 
    0x3632210d, 0x22058f41, 0x18013e31, 0x82095b84, 0x32332296, 0x200f8236, 0x2a1e8231, 0x34313236, 0x013e3336, 0x833e3731, 0x06da4346, 0x82054a43, 
    0x82372016, 0x233b82df, 0x3a373630, 0x5a831e83, 0x83363221, 0x32302105, 0x3b213085, 0x84448201, 0x0a332412, 0x5a020118, 0xaa53067d, 0x057e5806, 
    0x63560320, 0x83022009, 0x14022318, 0x08831328, 0x04830220, 0x4f4e4f26, 0x4e4f4e9d, 0x20082d56, 0x08ba6c01, 0x220b946d, 0x84050201, 0x04012131, 
    0x1d193482, 0x5e830872, 0x03210f82, 0xe4641806, 0x0301240a, 0x54091209, 0x0b590a80, 0x01012109, 0x840ac970, 0x08ba5393, 0xc7590320, 0x111f5905, 
    0xc385ce82, 0x2406f86a, 0x03030102, 0x84118406, 0x5c032004, 0xac5d05d1, 0x82022005, 0x232f8206, 0x01030703, 0x07216a82, 0x83218204, 0x585b84b3, 
    0x05820542, 0x01030326, 0xc1fe0102, 0x82092b5a, 0x095d5a31, 0xbb87b783, 0x43020226, 0x01034285, 0x8305a654, 0x20488506, 0x5cc58b05, 0x058305bd, 
    0x01248e84, 0x0e1b0d02, 0xed18c491, 0x042208bb, 0x1d830407, 0x05215283, 0x719f8309, 0x2c590fcf, 0x6a448f08, 0x3d8406ea, 0x1e849382, 0x1c0f0227, 
    0x0204010f, 0x05924102, 0x03205482, 0x70092d41, 0x501810de, 0x1e420dbd, 0x0ad6550c, 0xf841c585, 0x8301200d, 0x83012063, 0x5817855b, 0xa68f0b82, 
    0x03210f8b, 0x08a35701, 0x2a532822, 0x84094041, 0x24122363, 0xb7820311, 0x2305cf56, 0x01060204, 0x02241582, 0x0501d102, 0x01201182, 0x02206c85, 
    0x436c1582, 0x20138308, 0x09e95c01, 0x0d010122, 0x41088d5d, 0x551806fc, 0x875f0c0b, 0x0cb44110, 0x3d85b592, 0x820d4778, 0x07a542f2, 0x7e82c983, 
    0x04260682, 0x032d0103, 0x7d820103, 0x08848085, 0x592c0323, 0xf74f182e, 0x82c18408, 0x212482af, 0x57820306, 0x74910f86, 0x410d6c41, 0x19820bb1, 
    0x05010224, 0xec5c0409, 0x233d8309, 0x05030103, 0x8b860382, 0x85020121, 0x0d0326e4, 0x0c050c19, 0x05df4107, 0x1c820320, 0x6b8b2282, 0x2a864b83, 
    0x381c0523, 0x05b06f1d, 0xef840320, 0x05829c85, 0x20820420, 0x0429c882, 0x03030202, 0x03030402, 0x23308405, 0x49020502, 0x31820f82, 0x03060422, 
    0x23055744, 0x01182f18, 0x85058a42, 0x82012056, 0x8501200d, 0x2010831a, 0x240b8403, 0x1d0f0101, 0x8282860f, 0x0a06221b, 0x828f8805, 0x225f820e, 
    0x82030102, 0x840b82a7, 0x0b5b78b4, 0x19827620, 0xe0840120, 0x59820320, 0x43050321, 0x637a08b6, 0x08207405, 0x820af96d, 0x600d8419, 0x032608ea, 
    0x03050103, 0x5e430309, 0x43648205, 0x032005cf, 0x5d841f83, 0x07821d82, 0x85029c21, 0x426d8520, 0xc18309f1, 0x8809bd44, 0x2320827f, 0x0c180c03, 
    0x0424fc86, 0x38703602, 0x57823386, 0xc5882f83, 0x4308ec5e, 0x05220e56, 0xee840609, 0x71830320, 0x6a840984, 0x02202582, 0xc9798e82, 0x58593710, 
    0x5959b159, 0x02060358, 0x01020502, 0x32fd0204, 0x01340101, 0x0c820141, 0xe428c584, 0x01510202, 0x03040201, 0x01262182, 0xb4fb0173, 0x79836202, 
    0x8201a621, 0x9cfd221d, 0x087141fb, 0x82010321, 0x02042600, 0x17010302, 0x41498227, 0x03200574, 0x03219b85, 0x45328203, 0xc76f05d6, 0x8503200a, 
    0x831783a1, 0x0520414c, 0x1809325b, 0x42097f55, 0xfe820bbf, 0x820df35c, 0x43d72010, 0x032005f3, 0x880ac16e, 0x8b4f8232, 0x5c01207b, 0x01200c1a, 
    0xb2434a84, 0x201c8209, 0x24768809, 0x01010103, 0x86de8804, 0x054f412a, 0x20086046, 0x05e54203, 0x787a1584, 0x0d85430d, 0x0420f584, 0x84109b73, 
    0x086c4437, 0x860d9462, 0x086b7559, 0x200c135b, 0x0b936f03, 0x410e0347, 0x034108f6, 0x842b8606, 0x08dd4531, 0x19863384, 0x1d822088, 0xf9420620, 
    0x20d98908, 0x41138201, 0xbd410608, 0x86f88a08, 0x881a883e, 0x0c1b4108, 0x43051643, 0x23410d04, 0x8fe6920a, 0x08c45d47, 0x0320af8b, 0x8a0b4643, 
    0x0d7e4118, 0x08265e18, 0x4508ed5f, 0x02200e12, 0x0839b018, 0x8c08c541, 0x0e3542aa, 0x5d18fd91, 0xc1420a07, 0x82012013, 0x545b1800, 0x0932410a, 
    0x87065346, 0x84c188ae, 0x630220a8, 0xb74108db, 0x06864208, 0x8e0a6b74, 0x081e5fc9, 0x41161841, 0xe6420768, 0x06a9410c, 0x6b897d85, 0x248f0420, 
    0x0121e584, 0x12234205, 0x600af949, 0x03420ce1, 0x0826430c, 0x4e41b38e, 0x209b8207, 0x06484903, 0x03832183, 0xcf890620, 0x5e0ba643, 0x8b430a9e, 
    0x896a8508, 0x096a45bd, 0x25831382, 0x0221758e, 0x05c04603, 0x420c4b43, 0xf8431137, 0x0bda480a, 0x8e083142, 0x06a54231, 0xcc411583, 0x0a6b430c, 
    0xd3830520, 0x410bac44, 0x3a410866, 0x455a8205, 0xb48809bb, 0x17827084, 0x210fde43, 0x5b180101, 0x7a83075c, 0x4305a249, 0x7c440dd8, 0x097f4211, 
    0x881ad743, 0x088843d8, 0x8805ad47, 0x07ce4417, 0x0220a283, 0x85065742, 0x08b148da, 0x4809607e, 0xe1890cf7, 0xce920720, 0x850ea741, 0x0102216f, 
    0x200aa249, 0x0d774501, 0x6787198b, 0x1b840787, 0x42056543, 0xb9680810, 0x0dbd7508, 0x4b41ac83, 0x11454206, 0x2043728a, 0x14274117, 0x420a8a41, 
    0x878607de, 0xe7880520, 0x420bfc44, 0xac450a8d, 0x0e67420d, 0x86085c42, 0x440120b1, 0x1b410881, 0x2213870a, 0x48030102, 0x7247059f, 0x0aa14405, 
    0x03208489, 0x55888583, 0x1a410120, 0x0e776708, 0x4709d141, 0x0d4e0a6d, 0x85a18505, 0x0cba7fb5, 0x1b825588, 0x87460520, 0x43188a0b, 0x3c8c0bdd, 
    0x43081e47, 0x37860a52, 0x1c440420, 0x0f3b4709, 0x44085b41, 0xf7790698, 0x84288a08, 0x7e411813, 0x0eb74409, 0x420c9365, 0x4e820861, 0x840edf45, 
    0x0e5e4d40, 0x69060942, 0xc7870c50, 0x430e9e7f, 0x41410cdf, 0x0c3a4408, 0x03010122, 0x45066a63, 0x3a4208f6, 0x02032413, 0x86a20205, 0x03022518, 
    0x03040203, 0x4208034e, 0x5e180fe7, 0x5f4312bd, 0x4203200a, 0xce4f08c8, 0x82789108, 0x0536691a, 0x420a9244, 0x1c4508a2, 0x08c4420a, 0x410d6a49, 
    0x10410a8f, 0x88a58708, 0x211083fc, 0x41890402, 0x411af543, 0x9a440e94, 0x09f16509, 0x4108b463, 0x2585083c, 0x8807e841, 0x18088267, 0x4e093145, 
    0x67430fa2, 0x0e904309, 0x8c8a0e8a, 0x8b0cf541, 0x192e8a17, 0x2010aa9b, 0x060c4301, 0x314eef8b, 0x0c06480d, 0x6e4b1a89, 0x01032105, 0xf8180082, 
    0x364c0835, 0x05914505, 0x8808e242, 0x0ad246eb, 0x880c1641, 0x86032053, 0x0894416a, 0x29010123, 0x0d4f4501, 0x820e3843, 0x22028247, 0x43040201, 
    0x1983166a, 0xe1820220, 0x4d020321, 0xf96d053a, 0x2a012108, 0x430b7842, 0x0e880e27, 0x47088a42, 0x7f451062, 0x4b1b821b, 0x66460f7e, 0x210d820d, 
    0x967a0302, 0x05022109, 0x430d807e, 0x094e0f41, 0x83fc9008, 0x09c04429, 0x420b8e46, 0x838e1230, 0x520a3141, 0x13870837, 0x2b900620, 0xf8030122, 
    0x31202585, 0xa4412387, 0x02222107, 0x2008fa43, 0x08c3434b, 0x3801012e, 0xe1fe0101, 0x02026b02, 0x1e01015b, 0x02213a84, 0x054541ba, 0x84053a41, 
    0x4f048205, 0x01210535, 0x06e34f02, 0x04010226, 0x021c4202, 0x44059442, 0xd3920e99, 0x4505e843, 0x2291099a, 0x4d0d796a, 0x30080804, 0x00000900, 
    0x870cc0ff, 0xc80ac003, 0x250bcf0a, 0x420b2c0b, 0x5d0b4c0b, 0x790b620b, 0x1c010000, 0x011c1701, 0x15143015, 0x011d011c, 0x3233013a, 0x39028216, 
    0x3035013b, 0x011e3132, 0x15163017, 0x16151432, 0x14011d14, 0x06143106, 0xf45d3a15, 0x08225607, 0x33143225, 0x67151614, 0x25840518, 0x8705bf5b, 
    0x08b16053, 0x012a3126, 0x16141523, 0x332a5182, 0x0731011c, 0x0e232622, 0x13821501, 0x23240c82, 0x35343035, 0x22833682, 0x262a3782, 0x06222322, 
    0x15140615, 0x4e7b0622, 0x219d8505, 0x9a823115, 0xb0847688, 0x8808f276, 0x82088f65, 0x63298460, 0x1e830627, 0x62063021, 0x2a2106a8, 0x21618301, 
    0x98620607, 0x82152007, 0x14302282, 0x22058231, 0x82070622, 0x85088202, 0x208e828a, 0x83248423, 0x83928298, 0x82288722, 0x067d5e42, 0x4084c882, 
    0x8f5e4683, 0x010e2205, 0x25e68223, 0x2e272622, 0x17782301, 0x013c2205, 0x05565c35, 0xf3820e82, 0x11851782, 0x35263423, 0xd3b81834, 0x05a2730a, 
    0x7f82b882, 0x32851782, 0x23221425, 0x82231430, 0x2206836c, 0x82310630, 0x012b2ea2, 0x07312206, 0x010f1523, 0x31062231, 0x27c98223, 0x30233014, 
    0x30221506, 0xdf820283, 0x82063021, 0x201b840e, 0x83098314, 0x82f38439, 0x1507234b, 0x30821507, 0x82150721, 0x073121dd, 0x0482b482, 0x02824d82, 
    0x012a1524, 0x60821523, 0x31221424, 0x15821422, 0x2f820e82, 0x22301522, 0x82050979, 0x8323202f, 0x413c8222, 0x2727073a, 0x3027012a, 0x82013d22, 
    0x30322bae, 0x1432011d, 0x1c151733, 0x3d821501, 0x23342222, 0x20051b5e, 0x21f88227, 0x05843531, 0x35222a82, 0x0c832630, 0x30200e82, 0x34221382, 
    0x10832330, 0x14832720, 0x18842220, 0x82223021, 0x35232116, 0x2105485d, 0x20833527, 0x5a352721, 0x35210573, 0x055d5a23, 0x84062221, 0x010e2185, 
    0x4106ce7b, 0xb68205cd, 0x0e211882, 0x82f38201, 0x22d582a7, 0x7b061423, 0xec8305ec, 0x2326d582, 0x22151430, 0xe1820f06, 0x07010e22, 0xa9820285, 
    0x1d011c23, 0x05b74201, 0x18062221, 0x4107a34e, 0x1c2205cc, 0x2f823101, 0x5c421385, 0x0ee3420f, 0x82142221, 0x010f216f, 0x0622ef83, 0x63821431, 
    0x07012a28, 0x23222623, 0xfb82012e, 0x17833d20, 0xd7424986, 0x2175860b, 0xa9422326, 0x16302105, 0x22057543, 0x8217011d, 0x8251825d, 0x22062502, 
    0x31223023, 0x2a24e882, 0x012e3101, 0x2720fe82, 0x5d051277, 0x5e8208f6, 0x26343523, 0x05504227, 0x30226d82, 0x21823526, 0x22251182, 0x34263534, 
    0x820c8231, 0x056c7731, 0x9d842720, 0x23204382, 0x72182484, 0x35200c3c, 0x8205f342, 0x41948277, 0xa9820557, 0x82080e43, 0x42208217, 0x178511e5, 
    0x43062221, 0x15200515, 0x7b084641, 0x2743058a, 0x1e254305, 0x3f866384, 0x28416384, 0x21519b05, 0x4c411430, 0x8b072008, 0x85a58b93, 0x06222117, 
    0x59832991, 0xbb437484, 0x012a2209, 0x293b8223, 0x011d1430, 0x010f0614, 0x34823022, 0x2005b864, 0x05d1412b, 0x2606c742, 0x35272622, 0x42272630, 
    0x15210516, 0x054f7c07, 0x081f5418, 0x31012a2d, 0x3027012e, 0x26223526, 0x83262223, 0x2606240b, 0x42263427, 0x35230502, 0x8227013c, 0x34302102, 
    0xd1611182, 0x05a57705, 0x18013c21, 0x20096977, 0x223a8234, 0x622e3534, 0x1f870611, 0x74823982, 0x26343122, 0x30215a83, 0x640e8234, 0x387807f4, 
    0x23438409, 0x34303526, 0x34202684, 0x0a790882, 0x062a420a, 0x3d843a82, 0x43831c85, 0x23209082, 0x1f987382, 0x104a5c18, 0x09197b18, 0x85012e21, 
    0x05776569, 0x790b4465, 0x8f820b68, 0x8405e960, 0x8422202c, 0x181f90ba, 0x22083954, 0x82312622, 0x3d581891, 0x0b3d6209, 0x25051c65, 0x3c23012e, 
    0xc5842701, 0x1805bd79, 0x85085457, 0x2a272608, 0x26343501, 0x68e18523, 0x0f820949, 0x25052860, 0x35013a37, 0x92863337, 0x37013c29, 0x3e373230, 
    0x823e3301, 0x82362008, 0x5b312008, 0x1182058b, 0x14833a20, 0x3a211783, 0x060f6101, 0x33163222, 0x3a2b0282, 0x011e3101, 0x31011e17, 0x82171632, 
    0x05065c23, 0x15823320, 0x31230c82, 0x82333216, 0x05935e19, 0x08830982, 0x37363422, 0x42821d82, 0x08825a82, 0x82353321, 0x32302127, 0x34220c83, 
    0x0c823132, 0x32013b29, 0x013a3136, 0x6130013b, 0x32210597, 0x201d8533, 0x82158330, 0x8333201f, 0x3b36222f, 0x82618201, 0x0598606b, 0x7d823e20, 
    0x1b853020, 0x82353121, 0x22158273, 0x82333032, 0x3230221e, 0x20ad833b, 0x089f603b, 0x32343322, 0x8506ae61, 0x083b603c, 0x33323023, 0x20428332, 
    0x208e8431, 0x206d8433, 0x911d8433, 0x21dd862f, 0x9a833630, 0x3420e985, 0x2f8c9d83, 0x84082641, 0x20ce8308, 0x841f8231, 0x2236828e, 0x86323633, 
    0x36322369, 0x67821537, 0x82171521, 0x013a2c01, 0x33163217, 0x15333214, 0x82171632, 0x21dd870c, 0x44843733, 0x37820582, 0x35200283, 0x30223582, 
    0x9f853532, 0x31323022, 0x3320af82, 0x33221382, 0x55833432, 0x83363421, 0x201d82fb, 0x87038237, 0x32302331, 0x2f84013d, 0x32363124, 0xbb823733, 
    0x31223d85, 0x39833632, 0x39863120, 0x3e313224, 0x6d853101, 0x34333524, 0xa6823332, 0x6b823720, 0x39823520, 0x55843020, 0x30253983, 0x3e333136, 
    0x20738201, 0x21638431, 0xd0823230, 0x84373121, 0x013a2197, 0x21826584, 0x33323628, 0x37323035, 0x8388013a, 0x8c353121, 0x200d8249, 0x201b8233, 
    0x20498531, 0x82e18237, 0x2044822f, 0x86398331, 0x36322147, 0x30225584, 0xed883736, 0x31363222, 0x3983bd86, 0x3020bd84, 0x34217384, 0x82398432, 
    0x82352073, 0x833720ad, 0x821d8245, 0x4235203a, 0x35200540, 0x3122c084, 0xc7833433, 0x3283b987, 0xa7863720, 0x33823320, 0x1b83a383, 0x30373322, 
    0x07646782, 0x21598206, 0x15833634, 0x82013d21, 0x845d82eb, 0x16352121, 0x0382e182, 0x15205d82, 0x03847082, 0x31143222, 0x1c220783, 0x11823101, 
    0x84263021, 0x07152127, 0x83068163, 0x203c8219, 0x21079b33, 0xfa411416, 0x14332405, 0x82153116, 0x16322459, 0x82371517, 0x33322d3f, 0x32332032, 
    0x31262233, 0x013d013c, 0x1e227582, 0x16821701, 0x5b183020, 0x456709d1, 0x30372705, 0x32013d34, 0x1e823316, 0x2a23052a, 0x013a2301, 0x23221417, 
    0x3a234c83, 0x82153101, 0x30142637, 0x011c1533, 0x205b8233, 0x231b8215, 0x16303315, 0x3123aa82, 0x84303215, 0x1632220e, 0x823c8231, 0x06784158, 
    0x8205f443, 0x8232200c, 0x343221ff, 0x3527cf84, 0x15232622, 0x82062237, 0x0533255b, 0x07310630, 0x153bed82, 0x3437013e, 0x1c013d36, 0x06220701, 
    0x34353731, 0x011c3736, 0x37062215, 0x82373034, 0x30072111, 0x352c2d84, 0x33073234, 0x13342215, 0x30171614, 0x2505d860, 0x30353432, 0xa8823136, 
    0x31011e28, 0x0d01380c, 0xfe4b0e1a, 0x02012205, 0x0ac75601, 0x00840120, 0x04080422, 0x4b2b0784, 0x02014b95, 0x01030704, 0x8209130a, 0x2c16862d, 
    0x03020102, 0x02060301, 0x05030603, 0x4d28850a, 0x0f8209cb, 0x06010324, 0x1983060b, 0x0f01022a, 0x01020e1e, 0x0c170c01, 0x34822082, 0x28282923, 
    0x82038251, 0x1a0d333b, 0x0d1b0e0d, 0x160b0201, 0x0a02010a, 0x170b0b14, 0x0a830a0c, 0x30821482, 0x11231222, 0x0a283082, 0x01010912, 0x03070202, 
    0x7d826882, 0x02210584, 0x821e8201, 0x05cc4d04, 0x3d793d25, 0x82132613, 0x040621c0, 0x84099656, 0x059f5c8b, 0x840ee955, 0x01012119, 0xe44d4883, 
    0x087c7d0a, 0x04205b86, 0x02203586, 0x84051f5f, 0x0d0722d0, 0x57028207, 0x02200525, 0x82063741, 0x0a042126, 0x8205665c, 0x8201206d, 0x0701211c, 
    0xd44d1a82, 0x840b840b, 0x140b2e8a, 0x050b050a, 0x02010202, 0x0d060203, 0x202c8307, 0x520d8302, 0x0324056b, 0x02030101, 0x82050b7e, 0x39511847, 
    0x4f32850c, 0x0c82069f, 0x4e820320, 0xdd8a0120, 0x46820320, 0x01231384, 0x83040804, 0x824b847e, 0x130922ac, 0x4d268209, 0x01200998, 0x7c82b782, 
    0x17fa4918, 0x03211a88, 0x82898201, 0x05154254, 0x53820320, 0x02030424, 0x32190204, 0x022007c6, 0x24050550, 0x03030602, 0x23ca8206, 0x04070303, 
    0x07835985, 0x03241282, 0x06040305, 0xad411282, 0x852c8405, 0x200a8528, 0x08485004, 0x02020222, 0x05822e85, 0x05080422, 0x55821e85, 0x58830520, 
    0x60421082, 0x88058505, 0x0206271c, 0x03050904, 0x45820307, 0x3b827884, 0x03040222, 0xec84d384, 0xeb790a86, 0x0cd84e05, 0x2205055e, 0x84020305, 
    0x82e48215, 0x010121df, 0xcd41ea82, 0x0d8a4f05, 0x4e172441, 0x2e8e08f8, 0x4a430220, 0x03022208, 0x18538302, 0x830c9877, 0x097b5435, 0x04060422, 
    0x09221083, 0x16430911, 0x21cd8205, 0x12830805, 0x060c0522, 0x0f221882, 0x66420f1e, 0x01032305, 0x4c820604, 0x82020321, 0x856e83a4, 0x820420f5, 
    0x0302220a, 0x43068406, 0x07270d7a, 0x03070403, 0x84010101, 0x0d072305, 0x29820106, 0x09040122, 0x02202487, 0x37423f82, 0x053c4205, 0x02840582, 
    0xc4430482, 0x2043820e, 0x060c5103, 0x01030222, 0x5906a457, 0xdd840c9e, 0x05830120, 0x90055553, 0x85052025, 0x087c4276, 0xc9630220, 0x05032108, 
    0x2008747c, 0x82158402, 0x820420e2, 0xbe7b189b, 0x09cc4109, 0xa0840120, 0x8f826c84, 0x04821784, 0x77853f84, 0x84091f5a, 0x05d57d0f, 0x9c840a84, 
    0x0120e28a, 0x14846b83, 0x4f840985, 0x4c841f82, 0x420a7b7b, 0xeb410a44, 0x57032008, 0x33820616, 0x3384d084, 0x6a789584, 0x0a31420a, 0xd6432483, 
    0x20401805, 0x0a6c5c08, 0x4208e35f, 0x791809aa, 0xf378083b, 0x085b5909, 0x05832e85, 0x06032008, 0x0a130903, 0x02040904, 0x04020502, 0x34010306, 
    0x03023469, 0x07030202, 0x23120204, 0x43080411, 0x02210614, 0x2c128204, 0x0a140b03, 0x03030703, 0x0e070305, 0x822c8307, 0x1509225a, 0x0651410a, 
    0x96010226, 0x2b019695, 0x01200483, 0x1b821f82, 0x22053b44, 0x82132613, 0x2bf82121, 0x33208785, 0x820de651, 0x07014183, 0x03230a82, 0x820c0601, 
    0x65ba8386, 0x032d0954, 0x172d1701, 0x070e066e, 0xfb060e07, 0x824a821c, 0x20448230, 0x21038207, 0x1c660b01, 0x02022607, 0x01010902, 0x205c8545, 
    0x214a8204, 0x9742da02, 0x430a200a, 0x3f850c7a, 0x830f2965, 0x855c880f, 0x0914422f, 0x42083c45, 0xab430832, 0x0659410d, 0x45057c42, 0x03200520, 
    0x82067345, 0x84d9843a, 0x08ed5204, 0x01201582, 0x41095342, 0x0d840d13, 0x8b840320, 0x88051042, 0x657d841e, 0x86890c92, 0x96098366, 0x8a6e8525, 
    0x8556879c, 0x087f4612, 0x7b88d98d, 0x44065942, 0xcc8505e0, 0x4b419d82, 0x20288509, 0x09136509, 0x210a4045, 0x80180602, 0xd8820a05, 0x4108d847, 
    0x004107c7, 0x7c129112, 0x5e180d6b, 0x7f180d5e, 0xa941086f, 0x095e4105, 0x43188c41, 0x1c4305d7, 0x65968909, 0x40850d9a, 0x63104857, 0xbf450af0, 
    0x0866430f, 0xcc58c28f, 0x081c5808, 0x48051c42, 0xd8410636, 0x0879421d, 0x8308617d, 0xd94018b1, 0x42888d0c, 0x825a1606, 0x44208309, 0x4d420d12, 
    0x57658413, 0xff4208fe, 0x852f840d, 0x440a8512, 0x928d10a1, 0x850c8643, 0xba80180c, 0x0c7b420d, 0xf68e5884, 0x5d182085, 0x085b08ac, 0xb4511808, 
    0x08094508, 0x88054645, 0x2d5818df, 0x0ae95909, 0x01203e85, 0xed494e87, 0x08f3410e, 0x08674618, 0x88083a46, 0x08ea4511, 0x2a8c5586, 0x00820220, 
    0x1d450120, 0x18088708, 0x4a0e8777, 0x0358094d, 0x86032008, 0x89068509, 0x0b1344c2, 0x430e2941, 0x188c09cb, 0xfe691682, 0x0f984213, 0x2005dc4a, 
    0x0c845a05, 0xdd432394, 0x431e9609, 0x4d960a95, 0x13429f8f, 0x0dd45914, 0x1021328c, 0x871c820c, 0x20858e03, 0x42298202, 0x01210e1b, 0x059d6203, 
    0x2008fd44, 0x23008201, 0x24e00202, 0x15210682, 0x11e05c05, 0x2c256b87, 0x011b0a01, 0x422c8508, 0x1085085c, 0x08860e82, 0x66246f82, 0xd0fe0101, 
    0x3b86ea86, 0x00050035, 0x08c0ff00, 0x00c00381, 0x00460025, 0x016e0058, 0x1800004c, 0x210989a7, 0xf86f1533, 0x16172705, 0x013e3736, 0x02832e27, 
    0x26012f2f, 0x06262322, 0x013e0507, 0x2f263435, 0x054c7401, 0xe3791520, 0x96d31805, 0x3601220b, 0x051a7426, 0x15012f2d, 0x35343621, 0x2637013e, 
    0x83230722, 0x14152652, 0x17010f06, 0x303f8233, 0x05263427, 0x012b010e, 0x07010e27, 0x3015010e, 0x82708216, 0x82028208, 0x23058223, 0x2622012b, 
    0x35217782, 0x207d863c, 0x85798227, 0x0843562a, 0x1a840e20, 0x88342221, 0x2e2321a1, 0x1805fc57, 0x230d6bda, 0x022f2622, 0x20050958, 0x21578227, 
    0x57842123, 0x34013d22, 0x3e255e84, 0x32213301, 0x23418236, 0x34372133, 0x35200783, 0x0b850584, 0x08f7be18, 0x14161724, 0xa7832a07, 0x21011d2d, 
    0x3d363237, 0x3f352301, 0x82163202, 0x011d2116, 0x3324b782, 0x1e373216, 0x1d220883, 0x0e823301, 0xa1821520, 0xce058008, 0x04050f0a, 0x34010104, 
    0x01060509, 0x0d080c03, 0x0a100f1c, 0x0f160606, 0x09060904, 0x0d060b04, 0x9efe0916, 0x06060b0a, 0x1a11b20b, 0x01030509, 0x0e0d0c02, 0x1c050e1c, 
    0x0b1f1317, 0x0206140d, 0x06060283, 0x0f17624b, 0x01462433, 0x02020175, 0x0407022e, 0x05060a08, 0x05060403, 0x04010110, 0x09035a01, 0x0107b307, 
    0x03040203, 0x07080809, 0x04050101, 0x03020403, 0x4b050701, 0x82020503, 0x04012708, 0x13130102, 0x31821411, 0x05032208, 0x03030104, 0x15141b07, 
    0x38212d41, 0x03100d15, 0x0e100101, 0x01030101, 0x04040703, 0x13091116, 0x06f54d0a, 0x0e0f2008, 0x38122311, 0x4f25265e, 0x5001452b, 0x0e070b5a, 
    0x060a0d08, 0x05fe050b, 0x03050a06, 0x82010203, 0x0406318a, 0x12039202, 0x06140f0f, 0x0a01d501, 0x090b0a0b, 0x04209a82, 0x03281882, 0x060e0901, 
    0x02030a06, 0x28089662, 0x062f7201, 0x0e070807, 0x086a821e, 0x03060120, 0x12020204, 0x0229270f, 0x07b30405, 0x04010505, 0x04660103, 0x11060509, 
    0x0c1b100b, 0xb382031a, 0x07052a08, 0x0b070402, 0x11131f0c, 0x0a020719, 0x01010f09, 0x0a660403, 0x170b0b16, 0x1910120c, 0x080b0408, 0x160a0e03, 
    0x0b0c0a20, 0x2a1e8201, 0x08060f09, 0x7001060d, 0x82060702, 0x2704215f, 0xcd827682, 0x1801012d, 0x05070202, 0x06040904, 0x82036f40, 0xe1032419, 
    0x5d080505, 0x0a2c0510, 0x06110a09, 0x22222a07, 0x05040527, 0x042ccc82, 0x080e0505, 0x0c0a160b, 0x0302020e, 0x7d82b682, 0x0805022d, 0x20230304, 
    0x16143724, 0x8207081e, 0x03052cf2, 0x3c360506, 0x02070405, 0x83010303, 0x06033090, 0x0a0d0302, 0x220b190e, 0x07020323, 0x8222202b, 0x09123148, 
    0x07090808, 0x21da0810, 0x2221294b, 0x030c0d01, 0x38290082, 0x17161902, 0x0804051b, 0x29da8205, 0x0b060c06, 0x0d0c020e, 0xc5820707, 0x0f14042e, 
    0x03050101, 0x05041c1d, 0x09072015, 0x2b085982, 0x39030603, 0x010a0914, 0x022c2b01, 0x8c070c06, 0x0d120608, 0x00061610, 0x00030000, 0x04c0ff00, 
    0x06c003b0, 0x08580832, 0x01000060, 0x2208835b, 0x7d013a31, 0x26590579, 0x0d507212, 0x767c208e, 0x731c820d, 0x745b0886, 0x82072006, 0x06152e13, 
    0x010e2322, 0x2a15010f, 0x06140701, 0x05d65a15, 0x73011d21, 0x5e9c054b, 0x9d846d86, 0x0cb24218, 0x1d011c23, 0x07d37e01, 0x15201886, 0x50857186, 
    0x31062224, 0x72180614, 0x18820d53, 0x0b855318, 0x92827888, 0x87912d82, 0x07062222, 0x0bd15218, 0x11822082, 0xc082268b, 0x23010e22, 0x21054b7b, 
    0x3d591422, 0x82268406, 0x2217867b, 0x82150630, 0x8235855f, 0x8241824d, 0x82598729, 0x011d239f, 0x5418010e, 0x4283082e, 0x8a59f286, 0x235b8605, 
    0x06221506, 0x84087841, 0x70761831, 0x5c312008, 0x0f8205f9, 0x08ea5818, 0x55890882, 0x830eaf41, 0x2bd48d27, 0x3a33011d, 0x17011d01, 0x31163015, 
    0x72530382, 0x15172205, 0x2111823a, 0x0d831517, 0x15013b2a, 0x011d1632, 0x15313230, 0x2705b576, 0x3b301415, 0x33013a01, 0x4c541d82, 0x821c2006, 
    0x012a220c, 0x24028223, 0x31012a35, 0x59078207, 0x35200855, 0x82067b59, 0x2e232318, 0x5c592301, 0x83232005, 0x012b2115, 0x3c210f82, 0x22118501, 
    0x46012a27, 0x2724051d, 0x22272630, 0x2d820283, 0x34822720, 0x345c1583, 0xc2561805, 0x23088208, 0x013d3430, 0x35236582, 0x82313430, 0x8d232023, 
    0x3a51181a, 0x376a1808, 0x3430210c, 0x88099a58, 0x1814842f, 0x25097657, 0x3236013d, 0x6f183c33, 0x28880aeb, 0x31363423, 0x21178d3e, 0x29823632, 
    0x3122618e, 0x2682013c, 0x3885178e, 0x82859485, 0x32363522, 0x2308f958, 0x37013e35, 0x70186588, 0x1484087c, 0x3a201783, 0x11821d87, 0x85363421, 
    0x013d233e, 0x7889013e, 0x34258788, 0x013c3736, 0x82248235, 0x013c222a, 0x82178237, 0x215a850b, 0x9386013e, 0x8e183220, 0x34200834, 0x31237882, 
    0x85333634, 0x8352837f, 0x754c8422, 0x6186052f, 0x32215582, 0x210b8334, 0xa478013e, 0x24b08905, 0x36313430, 0x41358332, 0x88880545, 0x55187382, 
    0x3520083b, 0x83847182, 0x22013d22, 0x8205ba7b, 0x2622221a, 0x05165f27, 0x23263025, 0x4227012e, 0x08820503, 0x5e473520, 0x012e2205, 0x88248223, 
    0x211e8818, 0x347d2226, 0x8b498206, 0x216f8523, 0x0642012a, 0x3e541805, 0x0578410f, 0x0a5a4018, 0x7d013e21, 0x4218059f, 0x44850da3, 0x42052841, 
    0x70180815, 0x47850b18, 0xba5acf82, 0x3e352605, 0x36343501, 0x20368537, 0x08a64135, 0x5f840f82, 0x4c852483, 0x3d013c23, 0x051a4101, 0x85363221, 
    0x82312043, 0x82372044, 0x862882e1, 0x2229843e, 0x82363231, 0x065e4115, 0x78013a21, 0x3320051b, 0x03833e83, 0x17013a22, 0xce8c2c84, 0x17245982, 
    0x3233013a, 0x820cbb45, 0x1e152110, 0x1807da45, 0x820c6f6d, 0x09eb4219, 0x4306df41, 0x32201001, 0x35245185, 0x013b3216, 0x40823082, 0x82163221, 
    0x054a455f, 0x5e011521, 0x18820855, 0x1c210b82, 0x20188201, 0x08366231, 0x5e081d5f, 0x07230788, 0x84151430, 0x88232083, 0x06142323, 0x15821715, 
    0x31143026, 0x1633011e, 0x1e211e84, 0x055d6201, 0x16321522, 0x7b181a82, 0x43180837, 0xee440992, 0x79128308, 0xb45c0572, 0x013a2205, 0x054d7d17, 
    0x07ff6f18, 0x0e234218, 0xeb820e8c, 0x23012a22, 0x30391283, 0x23353126, 0x013d2630, 0x35232630, 0x35232230, 0x2f263423, 0x23222601, 0x5f1f822e, 
    0x312005ce, 0x1d207385, 0x84065b60, 0x7a868cb1, 0x1c210639, 0x05784501, 0x0582b585, 0x32011d30, 0x16303116, 0x31163015, 0x1c333214, 0xe9853301, 
    0x23065e45, 0x17151614, 0x22055641, 0x821f013a, 0x15172729, 0x1e313230, 0x4b591701, 0x15172705, 0x3231013a, 0x06823116, 0x16321723, 0x05a05933, 
    0x2010f846, 0x0547452a, 0x27012e23, 0x05c97f35, 0x26343524, 0xc9822223, 0x04832720, 0x83262221, 0x013c2506, 0x31223431, 0x2205507f, 0x84343027, 
    0x823420d8, 0x012e24f0, 0x8235012f, 0x83352022, 0x8234203d, 0x343022f9, 0x053a4331, 0xea7e2e82, 0x013d2305, 0x03833430, 0x82423120, 0x06ef4205, 
    0x9108a444, 0x213f8208, 0x85611c15, 0x05044705, 0x6482d783, 0xa204232c, 0x29040604, 0x28512928, 0x8c4f2929, 0x08ca5408, 0x0201012c, 0x31020203, 
    0x32633132, 0xab6b3231, 0x6b148208, 0x78510b50, 0x05084a05, 0x47520120, 0x4c022005, 0x0220057c, 0x5605e74c, 0x50180ca4, 0x2a550e81, 0x01013408, 
    0x03090501, 0x01020303, 0x07050102, 0x02050303, 0x82091008, 0x0301227d, 0x295a8204, 0x04060202, 0x03030703, 0x05820306, 0x02262283, 0x08091108, 
    0x3582070e, 0x04080422, 0x0a860587, 0x02040723, 0x82808406, 0x02042539, 0x01122612, 0x6884c482, 0x02209783, 0x08556d18, 0x2008404f, 0x18f08401, 
    0x82095b67, 0x56c88b4f, 0xe984084d, 0x6808ca4f, 0x032008b7, 0x083d8e18, 0xf38caf82, 0x2105026b, 0x1a690304, 0x08042108, 0x01202c82, 0x05258f82, 
    0x06030509, 0x22788204, 0x18030704, 0x85086f65, 0x06386b9e, 0x5787a782, 0x022c4685, 0x39091309, 0x39723939, 0x0a04393a, 0x2a2dda82, 0x2b2b2a54, 
    0x2a2a562a, 0x080f082b, 0x8250820a, 0x90fd2138, 0x85066359, 0x057f41db, 0x8312974e, 0x85422a12, 0x060a0642, 0x04060202, 0x57541802, 0x20368208, 
    0x23948201, 0x23482401, 0x38899582, 0x840cf44e, 0x201b8421, 0x054b4103, 0x01010424, 0x93820204, 0x0a160a22, 0x03223583, 0x01820102, 0x465a0982, 
    0x0b0e5408, 0x84096250, 0x08ef5042, 0x060b0625, 0x82040703, 0xb3fe2139, 0x0225c382, 0x71030205, 0x08656703, 0x07040126, 0x03070304, 0x0821058c, 
    0x91118303, 0x03072305, 0x7c820503, 0x0a204982, 0xf4180382, 0x8642094d, 0xe252180e, 0x222f820c, 0x82040602, 0x06032202, 0x42028903, 0x11840570, 
    0x83101850, 0xc12d19d2, 0x181f880a, 0x870a7263, 0x098d511e, 0xdd75fb88, 0x0c7f5408, 0x7a413b8a, 0x52012009, 0xa58309f3, 0xe24fcf84, 0x05b34208, 
    0xaf583782, 0x42022009, 0x438208cc, 0x53180420, 0x02200956, 0x8208055a, 0x6c888420, 0x6187085b, 0x71182282, 0x468308b9, 0x5208c973, 0x09420ad9, 
    0x54c28508, 0x14870533, 0x07010424, 0x9c860401, 0x42060121, 0x1d410927, 0x01012208, 0x230b850a, 0x01050104, 0xd5509085, 0x41f28808, 0xad8a0d5a, 
    0x03020222, 0x42080c41, 0x81580862, 0x01012108, 0x3084bc85, 0x1908be54, 0x8508c354, 0x086e6b67, 0x35852087, 0x86098641, 0x84448560, 0x0a345350, 
    0x798c0a84, 0x870a7a41, 0xf0711888, 0x0dd25608, 0x52090343, 0x1942094f, 0x5d608622, 0xe4560949, 0x07b44308, 0xe6530320, 0x54c58408, 0x06410cfb, 
    0x83012008, 0x063f42f8, 0x082f6618, 0x2208c36d, 0x71040102, 0x24840875, 0x84088956, 0x0cc84164, 0x42080042, 0xa7430a98, 0x051d5e09, 0x9a117d41, 
    0x183c8211, 0x820ca169, 0x41032095, 0xdb420c63, 0x5d778b0e, 0x57180dfe, 0xa3860882, 0xba8cf382, 0x84099041, 0x05fa41f0, 0x8e0b157e, 0x0dd141d2, 
    0x7e420220, 0x091d4209, 0x74050446, 0x02230e75, 0x7bd8fe01, 0x6d180870, 0xbb410bfa, 0x08c64208, 0x0ca69818, 0x08735618, 0x84088a6d, 0x06d74211, 
    0x85056441, 0x46032039, 0xc98608ac, 0x06201c82, 0x03268588, 0x05020305, 0xdb450302, 0x03042105, 0x11840e82, 0x06020327, 0x02040303, 0x431a8204, 
    0x665f0890, 0x176a1808, 0x18042008, 0x850d4e68, 0x01032181, 0x01207082, 0x8c857b83, 0x81702382, 0x44128209, 0x0e840eae, 0xf7580320, 0x0a5b4306, 
    0x275e0a84, 0xce591809, 0x0c8f750b, 0x5a0db146, 0x052008ef, 0x47603084, 0x85c18805, 0x0103219a, 0x82053647, 0xe5851905, 0x28458d08, 0x0101c3fd, 
    0x00000102, 0x07635102, 0x00850023, 0x29d618ce, 0x059c6908, 0x55010e21, 0x1421060c, 0x05f35406, 0x25190720, 0x0e2012bf, 0x086ae818, 0x0d61d918, 
    0x20061d4f, 0x06696c22, 0x25193520, 0x062c26bf, 0x31010e07, 0x23012e05, 0x16062715, 0x1e227e86, 0x81820701, 0x18012a21, 0x2108baaf, 0xa0842735, 
    0x011c1524, 0xa3831e15, 0x013e3724, 0xc6183637, 0x0e8209e7, 0x84342721, 0xa7042e77, 0x0b060903, 0x09048892, 0x030b0905, 0x05a74102, 0x02035d08, 
    0x1e110808, 0x1c34190d, 0x2e36612c, 0x0b03042f, 0x04050711, 0x0a020101, 0x07091108, 0x415c1a1a, 0x09095441, 0x0e0c1103, 0x130c0c19, 0x01070907, 
    0x0f121402, 0x0c070d1b, 0x04060304, 0x03030202, 0x0707150d, 0x0b06060c, 0x060b0506, 0x0307030f, 0x05131503, 0x01ab8a01, 0x06050d89, 0x08051942, 
    0xfe04033e, 0x03050465, 0x0703047f, 0x06050f08, 0x0607080e, 0x03050601, 0x12070709, 0x05130f09, 0x0c1a0203, 0x07080814, 0x130d0e02, 0x1f141223, 
    0x0f15050c, 0x0906150f, 0x0502030c, 0x02010305, 0x59082a82, 0x6a02070a, 0x01010606, 0x02030102, 0x06070a03, 0x1a081216, 0x09120911, 0x05040605, 
    0x01040302, 0x7c040301, 0x37090884, 0x030b082e, 0x03030602, 0x02060102, 0x05010201, 0x0e0d1205, 0x2e2f0111, 0x25243814, 0x3016163b, 0x0b25191a, 
    0x070b1208, 0x0707040b, 0x03050803, 0x21820d0e, 0x0417122f, 0x090c2318, 0x0507050e, 0x07010101, 0x3d3e8209, 0x0d0d1005, 0x08040701, 0x19341c05, 
    0x0b053530, 0x0201240d, 0x170d0103, 0x06130e09, 0x6e820705, 0x03040335, 0x0d090a01, 0x18090915, 0x0a09020f, 0x070b1508, 0x82080d13, 0x02062242, 
    0x06174503, 0x0201012d, 0x17040406, 0x091a1213, 0x53020906, 0x032205bf, 0xba1903c8, 0x0322abe7, 0xbb190000, 0xb340b09b, 0x074508b3, 0xc0ff0000, 
    0xc0039d03, 0x29001a00, 0x55004600, 0x88006c00, 0x00008d00, 0x013e2701, 0x23263435, 0x14150622, 0x36323316, 0x1e071733, 0x2e371701, 0x13072701, 
    0x05170727, 0x33010f37, 0x33172537, 0x14250703, 0x28178316, 0x3e373435, 0x33363701, 0x2c0d8432, 0x0e072223, 0x15060701, 0x07061421, 0x20498417, 
    0x253f8227, 0x011e3715, 0x19841415, 0x36170722, 0x63822f84, 0x05072722, 0x57853b94, 0x01030509, 0x01270117, 0x030320bd, 0x100a0b0f, 0x03020a10, 
    0x0d7f1501, 0x02d91929, 0xcb880204, 0xfe971894, 0x2b2718ef, 0x36011220, 0x195d2029, 0x212669fe, 0x141d1a27, 0x2f2f4514, 0x21512d35, 0x38652927, 
    0x54393841, 0x37021819, 0x3a09252c, 0x2c080944, 0x0d420403, 0x2308080e, 0x0b291c1d, 0x30262633, 0x15170c0c, 0x1c60fd2c, 0x3f405f1b, 0x2d733f49, 
    0x4b873528, 0x6f4b4b55, 0x34292120, 0x0a212a2b, 0xfd37c802, 0x46023738, 0x05080329, 0x0b0f0f0b, 0x2e010f0b, 0x0b251847, 0x040804d9, 0x6398fe4c, 
    0x82806418, 0x915de027, 0x190802ed, 0x2866385e, 0x2d512127, 0x462e2f35, 0x1a1e1414, 0x19262128, 0x39395418, 0x23603740, 0x4d822b40, 0x2c18341b, 
    0x840f1d0f, 0x2723441f, 0x234f2929, 0x1f451d24, 0x345f2a29, 0x5d313333, 0x48862c2a, 0x1b5f403f, 0x28262c1c, 0x2021342d, 0x544b4b6f, 0x2b3b8948, 
    0xc5fe7b33, 0x27468385, 0x89062f06, 0x4801c003, 0x0000b301, 0x23150701, 0x03822335, 0x23072728, 0x0e070622, 0x435b0f01, 0x010e2706, 0x15011c15, 
    0xc86e2226, 0xdc901806, 0x21089208, 0x5e702206, 0x2e272705, 0x07012f01, 0x3955012e, 0x5a088206, 0x072107f2, 0x06024614, 0x5a140721, 0x062507da, 
    0x16011f16, 0x0a8f1914, 0x061e4614, 0x37362623, 0xb1d6183e, 0x34362219, 0x0b894627, 0x0852af18, 0x7e843f20, 0x23348484, 0x27232226, 0x36333632, 
    0x011e1732, 0x33321417, 0x3233011e, 0x17245484, 0x26222737, 0x6083a682, 0x372c2085, 0x17330717, 0x17373533, 0x33353315, 0xce46039f, 0x86298206, 
    0x17072409, 0x5b170515, 0x222005d6, 0x0621e084, 0x08f24614, 0x07d1be18, 0x2f012e25, 0x56013f01, 0x2f20076d, 0x46064772, 0xae5c08fa, 0x82f78f0b, 
    0x058e71eb, 0x5b08b282, 0x0617012b, 0x13511289, 0xbb167d7b, 0x0a060a05, 0x09010611, 0x0605020a, 0x150a0101, 0x130a010b, 0x040c0808, 0x03050d0a, 
    0x02020206, 0x01040301, 0x05020402, 0x1d0c050a, 0x01030211, 0x10112312, 0x06030d1d, 0x070e0604, 0x06030603, 0x04070408, 0x04040a05, 0x0f090408, 
    0x06140e06, 0x07320582, 0x06060107, 0x01030402, 0x03030101, 0x08040601, 0x5c820109, 0x0102072d, 0x07020203, 0x030e0a06, 0x82020604, 0x22073616, 
    0x14311c1c, 0x1c13301d, 0x0302031f, 0x01020105, 0x03030504, 0x2e028207, 0x040a0704, 0x0b09160d, 0x1f191721, 0x84070607, 0x18042247, 0x20718213, 
    0x3d1f820a, 0x06060f08, 0x090f080e, 0x06070c06, 0x03020b13, 0x060d0802, 0x080d0701, 0x05071610, 0x5982090f, 0x04020a29, 0x0803080c, 0x820d2203, 
    0x85748370, 0x2cbc828b, 0x33011103, 0x1d144e10, 0x1f1a1f1a, 0x3304821b, 0x1e1d1b1d, 0x1a1d1a1b, 0x080e151d, 0x1a09060e, 0x0653aa11, 0x0224f585, 
    0x0946fc29, 0x0122df82, 0x7e820405, 0x0307053b, 0x09020101, 0x090f0607, 0x04030805, 0x0d080c05, 0x09060a16, 0x01070504, 0x21df8203, 0xfe82050d, 
    0x03050628, 0x08080305, 0xc0830401, 0x070d052b, 0x0d0e1609, 0x1009111e, 0x29ed8206, 0x04040704, 0x0f0c060a, 0x4d830402, 0x080a0135, 0x070a1006, 
    0x02190f16, 0x4f2ae302, 0x010d0b0a, 0x82010109, 0x07023548, 0x0e070109, 0x11190808, 0x01070f08, 0x06020201, 0x06080203, 0x2e82b782, 0x030e0c2b, 
    0x0c06100a, 0x01010612, 0x22838201, 0x82010202, 0x8203201a, 0x820920ad, 0x08284e10, 0x66820220, 0x0b224182, 0xff650814, 0x828d8205, 0x100726fc, 
    0x09150c09, 0x222d820d, 0x41020402, 0x053405cc, 0x0b07080d, 0x050a0504, 0x06020305, 0x0d150704, 0x02080e05, 0x0b3fb982, 0x060e0705, 0x120e1407, 
    0x36250a1b, 0x24361212, 0x080a3025, 0x0f060810, 0x020c0b08, 0x82060c07, 0x02012134, 0x0221ab82, 0x282e8206, 0x15030305, 0x04040f0a, 0x207f8305, 
    0x2caf8208, 0x01070801, 0x0b0a0505, 0x01050905, 0x25b7821e, 0x04050b04, 0x1d820205, 0x0e030f2a, 0x0112150a, 0x100f0f0f, 0x05850082, 0x0f101026, 
    0x03040d0d, 0x0d254482, 0x01011a0a, 0x2a7d8203, 0x4e210803, 0x0c0707f6, 0x82080304, 0x0b052f53, 0x070e0804, 0x06060d07, 0x0503050c, 0xc9820901, 
    0x090e062d, 0x180b1207, 0x01011205, 0x82010202, 0x030434b8, 0x150b0407, 0x0103010b, 0x0b09120b, 0x09050510, 0x82040403, 0x0203221c, 0x20218304, 
    0x25ef8201, 0x0e090407, 0x48820706, 0x0b122f08, 0x070f0802, 0x03060b05, 0x04000904, 0xc0ff0000, 0xc003930a, 0x92092308, 0xa8099b09, 0x32010000, 
    0x33013a33, 0x16323332, 0x1f011e17, 0xd45f3301, 0x011c2905, 0x15143017, 0x35333230, 0x1e221c82, 0x1d821701, 0x20232282, 0x82331633, 0x1630220c, 
    0x28258417, 0x15011c31, 0x30310614, 0x0bb15a16, 0x20085455, 0x5b408215, 0x25560da1, 0x821a8809, 0x06222408, 0x85010e23, 0x14072702, 0x012e1506, 
    0x9c75012f, 0x83808206, 0x15501802, 0x16142208, 0x23888231, 0x013c3533, 0x57189583, 0x17760810, 0x21738a0e, 0x2482011d, 0x31209c82, 0x45830382, 
    0x138d0385, 0x2223a683, 0x83152326, 0x24cb8273, 0x06142306, 0x79218207, 0x1c21057f, 0x230e8301, 0x3015010e, 0x14231a82, 0x83062215, 0x06302102, 
    0x2405e876, 0x1d061431, 0x5dbd8201, 0x1d20052b, 0x6784b583, 0xc0782220, 0x20e38405, 0x73578231, 0x3d24053e, 0x31013c01, 0x2e220282, 0x545b2301, 
    0x88272005, 0x5d208306, 0x22250609, 0x26222726, 0x45058235, 0x71180587, 0x9d820898, 0xc183ef84, 0xb4826482, 0x6f416f87, 0x216a8408, 0x67832622, 
    0x34303529, 0x35013c35, 0x822b012a, 0x8407209f, 0x219383d9, 0x0b83010e, 0x31220623, 0x25d6860e, 0x23221423, 0x7b413014, 0x82ca8305, 0x2156834b, 
    0xe682012b, 0x03833a83, 0x39823120, 0x03820720, 0x0b850f8b, 0x15063025, 0x87012a23, 0x82072003, 0x2307210b, 0x30211383, 0x220b8722, 0x83012a31, 
    0x8415200a, 0x820b8342, 0x221c8220, 0x82152230, 0x82072028, 0x2231227d, 0x205f8206, 0x26038a14, 0x06220706, 0x8230012b, 0x21988216, 0x50840622, 
    0x82061421, 0x23152248, 0x20478207, 0x84398314, 0x14302256, 0x20688323, 0x86228214, 0x30222152, 0x4b852083, 0x22203282, 0x07205686, 0x67839383, 
    0x57885082, 0x30834684, 0x0783c083, 0x82221521, 0x830c835a, 0x2032829c, 0x825f8407, 0x20178374, 0x854b8507, 0x0630215e, 0x9782ce82, 0xc684a583, 
    0x4587d882, 0x02410a82, 0x05064108, 0x84231521, 0x4107201e, 0x2a230c45, 0x5d272301, 0x07840579, 0x27270b83, 0x35232230, 0x8431012a, 0x201f8b0b, 
    0x20198323, 0x82058427, 0x842f831f, 0x23352223, 0x212f8327, 0x01893523, 0x0d822482, 0x11842720, 0x83352721, 0x20058207, 0x22088223, 0x82343527, 
    0x210c825c, 0x0e853430, 0x08821788, 0x2a211f82, 0x222d8401, 0x82313422, 0x31262266, 0x27838335, 0x0e312206, 0x010e0701, 0x342deb84, 0x35013c35, 
    0x23353430, 0x22060715, 0x2d178223, 0x14230614, 0x22072322, 0x010e1506, 0xe1820715, 0x07061425, 0x85231430, 0x15232309, 0x36820622, 0x17433120, 
    0x202e8405, 0x822b8330, 0x83312050, 0x83152021, 0x06302156, 0x1c233d83, 0x82303101, 0x065c4f4a, 0x30010f27, 0x012a1514, 0x833e8231, 0x8352824f, 
    0x82072024, 0x011c2521, 0x31061407, 0x71829384, 0x8f5f0720, 0x822a8205, 0x8307201b, 0x838f836d, 0x06312544, 0x06301514, 0x14825382, 0x05833182, 
    0x82062221, 0x85312008, 0x846e82b0, 0x82152029, 0x83bb825e, 0x222f8302, 0x78063023, 0x268205b3, 0x011c0723, 0x83268223, 0x827182bb, 0x217a82dd, 
    0x67821430, 0xdf821520, 0xd543b482, 0x218a8206, 0x6d821406, 0x84823120, 0x02837182, 0x82011c21, 0x1431229a, 0x823e8322, 0xe2e61965, 0x07ad430a, 
    0x1d323b84, 0x23262201, 0x3527012e, 0x2e312622, 0x26342301, 0x06822731, 0x012a3529, 0x2f263027, 0x82012a01, 0x82098217, 0x44232005, 0xfa77082c, 
    0x21338205, 0x27832630, 0x82263421, 0x013d211d, 0x435a0f82, 0x82278205, 0x204b8508, 0x05b37834, 0x27352625, 0x85352622, 0x8231205b, 0x826b821f, 
    0x853c200c, 0x2734235c, 0x7e833430, 0x3d240682, 0x31263001, 0x22820282, 0x7318028b, 0x0886080b, 0x5f08bf77, 0x30240903, 0x013a3534, 0x5a0db85d, 
    0x11851165, 0x23263022, 0x086f5e18, 0x49855988, 0x0f823120, 0x5682538c, 0x8f882b86, 0x33013a2a, 0x30151430, 0x16321716, 0x1e270883, 0x32163301, 
    0x83161433, 0x24088202, 0x1e31011c, 0x201a8601, 0x19238732, 0x2a08f64a, 0x3331013e, 0x3e333236, 0x76343301, 0xb05d0555, 0x36322205, 0x20088233, 
    0x211c883c, 0x26893436, 0x1a823520, 0x35201d85, 0x92822685, 0xcd824285, 0x31200887, 0x55824f82, 0x35232182, 0x8231013e, 0x30332406, 0x82013f36, 
    0x822c822f, 0x886f8205, 0x82372052, 0x3234230c, 0x06823533, 0x5c891c82, 0x30290983, 0x36343736, 0x31363237, 0x05955f35, 0x3520ab88, 0x1a820983, 
    0x37823182, 0x6f82b485, 0xaf600283, 0x013e2205, 0x854d8637, 0x8a748409, 0x84258212, 0x883720ab, 0x200982e4, 0x82a58235, 0x36352276, 0x21e48334, 
    0x4182013b, 0x2a82dc85, 0x31323426, 0x35313236, 0x31206182, 0x82053b4c, 0x2c9b8474, 0x31363037, 0x15071503, 0x15310630, 0x20058423, 0x260d8207, 
    0x30221523, 0x8207011d, 0x82232011, 0x2a0b8303, 0x011d012a, 0x15171523, 0x4423012a, 0x81440685, 0x27352106, 0xcd410182, 0x06124208, 0x5c613420, 
    0x08014208, 0x23823120, 0x07233525, 0x83231430, 0x20038960, 0x87548217, 0x17332503, 0x33173315, 0x05860383, 0x33013a26, 0x31323015, 0xde621183, 
    0x15332105, 0x2006e462, 0x2a0f8217, 0x33323017, 0x31013a15, 0x62173317, 0x352006f6, 0x20062d77, 0x06da4835, 0x33200f88, 0x37201183, 0x19851583, 
    0x82373121, 0x82352037, 0x82078403, 0x37332504, 0x33343033, 0x36212185, 0x82248331, 0x34312814, 0x32343336, 0x82333731, 0x34352401, 0x82353332, 
    0x83342046, 0x86372005, 0x30342409, 0x86373533, 0x31262518, 0x34352735, 0x77450584, 0x26058205, 0x23352723, 0x82223027, 0x05927e03, 0x14310632, 
    0x32072330, 0x012a3736, 0x25061423, 0x3531013c, 0x30326a82, 0x14221506, 0x37379302, 0x37376d37, 0x01030236, 0x53180202, 0x0125083f, 0x01020502, 
    0x2a128203, 0xc2c2c201, 0xc2c38401, 0x550402c2, 0x5f5a0820, 0x0103320c, 0x0e1b0d01, 0x08040101, 0x0c190c04, 0x030b180b, 0x0dad5607, 0x21086556, 
    0x5f820101, 0x022e0d82, 0x53050704, 0x54a75454, 0x1a0d5453, 0x5782010d, 0x82030421, 0x8201207d, 0x02042b04, 0x29020503, 0x2a54292a, 0x70822a2a, 
    0x5b5c3082, 0x27132d07, 0x050b0514, 0x010d190c, 0x3e7e3f01, 0x86083858, 0x6d5a8252, 0x0f840f39, 0x6b820120, 0xcb840420, 0x02020125, 0x82030403, 
    0x188e850f, 0x830b3949, 0x07445629, 0x6b14c857, 0xae180c99, 0x86851bdd, 0x86108259, 0x5617846c, 0x3a560c96, 0x088e5a0b, 0x01040122, 0x4e180283, 
    0x175d0b48, 0x0a6e580c, 0x0223e384, 0x57040301, 0x012a053e, 0x03010103, 0x09010205, 0x2b5e0a12, 0x82032008, 0x5b1e831a, 0x1b5f0a06, 0x185a8c0c, 
    0x820ab64a, 0x01042117, 0x03200482, 0x8406cc41, 0x830b836a, 0x01053113, 0x01090101, 0x01030201, 0x05090407, 0x09060101, 0x82088e5b, 0x03012113, 
    0x82062042, 0x56531833, 0x087b7209, 0xaf5d0320, 0x55288308, 0x094106d6, 0x01032309, 0x60420402, 0x0db86f08, 0x410cba5b, 0x766d0bc1, 0x177e410c, 
    0x6f0c665e, 0x012008b4, 0x0d223b82, 0x8a820d1a, 0x664f8982, 0x84c08406, 0x08fe570b, 0x830c0242, 0x0c6b5e0c, 0x86420220, 0x0deb4207, 0x5c823484, 
    0x0fd04918, 0x03242582, 0x01030202, 0x042a0282, 0x04030306, 0x0a120902, 0x70840502, 0x02040623, 0x60088204, 0x05820581, 0x83030221, 0x0201230d, 
    0x62820105, 0x82010221, 0x01012211, 0x213c8201, 0x27830205, 0x11820420, 0x0b830283, 0x86825482, 0x8205c143, 0x82d08417, 0x051a4133, 0x47180320, 
    0x9c41093d, 0x43578405, 0xae18080a, 0x2a820b5e, 0x081e5118, 0x0e822082, 0x50866585, 0x01200f83, 0x23827382, 0x05030225, 0x82030103, 0x85038271, 
    0x225b8260, 0x84010402, 0x05d7419a, 0x0401012a, 0x01010408, 0x060b0501, 0x0623c082, 0x421b0102, 0xb141067c, 0x0a052209, 0x09a87605, 0x04010223, 
    0x09d84105, 0x01210d82, 0x44481804, 0x8202200c, 0x8502201c, 0x124919c1, 0x2682820a, 0x04090501, 0x83030603, 0x5c06201e, 0x1b830ca9, 0x3c5a9182, 
    0x20d28208, 0x433a8302, 0xfd42056e, 0x978f1808, 0x200f840f, 0x20b08202, 0x2a2c8401, 0x32190102, 0x1601011a, 0x83020401, 0xe8fd227e, 0x21008201, 
    0xa742d002, 0x422f8509, 0x0c830c87, 0x840d3a72, 0x0aa7411e, 0x4884f789, 0x1c824382, 0x71181486, 0x7a420942, 0x11dc420c, 0x82088a5a, 0x082d743b, 
    0x82057f5e, 0x7202820e, 0x2085086d, 0x06241485, 0x05010101, 0x5a0aee43, 0x4a180dc4, 0x788212f9, 0x7308565c, 0x988c13ec, 0x460a4d41, 0x1c410953, 
    0x0d83450a, 0x8e447b8b, 0x2088880e, 0x05244202, 0x910f8f43, 0x11dd70b6, 0x410d3544, 0x098709b2, 0x98051041, 0x0aef4559, 0x5f074c41, 0x0420059f, 
    0x20053e41, 0x08ee4402, 0x8d18e084, 0x2c820877, 0x0f82e683, 0x42830420, 0x1d820a20, 0x60010521, 0x92430bad, 0x18a19009, 0x840b0187, 0x8904201c, 
    0x051842e8, 0x460e1543, 0x022010b6, 0x4109d677, 0xfe8a0c99, 0x8f0a6a41, 0x884e8d22, 0x05067a1d, 0xcc438b8a, 0x414e8a0b, 0x098209b5, 0xc65a2e83, 
    0x0c7d4108, 0xe645d389, 0x095b6009, 0x410c3863, 0x50620c9d, 0x083c7810, 0xae422689, 0x05045508, 0x04220582, 0x02830307, 0x04040623, 0x23088406, 
    0x07030407, 0x5a8c0b83, 0x0d417484, 0x087c7b0f, 0x5118ee82, 0x0946127e, 0x8ab78c0e, 0x0c53413a, 0x410e2c41, 0x03200a09, 0x8f0a0b41, 0x0e30419a, 
    0x8b180ec2, 0xc8890c2f, 0x88cefe21, 0x4502200b, 0x022b054d, 0x01030704, 0x0b050105, 0x61011501, 0x06230936, 0x45010601, 0xa062055c, 0x66388408, 
    0xa28208bc, 0x23843482, 0x06221382, 0x30820802, 0x40840420, 0x03200e82, 0x1806e648, 0x1808854d, 0x41087452, 0x0220062b, 0x03211083, 0x440d8403, 
    0x02200952, 0xd5468782, 0x82058205, 0x08ac6351, 0x07202284, 0x01211482, 0x22338202, 0x82015c01, 0x83122000, 0x0122080e, 0x08000001, 0xc0ff0000, 
    0xc0031c0c, 0x340e2b0e, 0x840e370e, 0xd70fd10f, 0x48104110, 0x1c010000, 0xa2181d01, 0xc418094e, 0x30260f7c, 0x2a153114, 0x02822301, 0x35200683, 
    0x4f073253, 0x1083077d, 0x8d074b6b, 0x1c152223, 0x4e388b01, 0x28820bc7, 0x35302228, 0x30312622, 0x24842b22, 0x5f822220, 0x2322272a, 0x23063015, 
    0x33013a15, 0x07273783, 0x23221423, 0x83013a35, 0xa4798760, 0xa4aa8b07, 0x98b68a30, 0x1507232f, 0x8f821507, 0x15063022, 0x22225e83, 0xa9822306, 
    0x22060725, 0x82230723, 0x012a240b, 0x8215010f, 0x30072307, 0xb6833106, 0x0715312c, 0x011c1523, 0x14301531, 0x6470011d, 0x59a21807, 0x05d75509, 
    0x1715312e, 0x33163233, 0x17151630, 0x011d3032, 0x31205082, 0x15235b84, 0x82232230, 0x0fae7002, 0xc70df355, 0x08a4721d, 0x3a20a582, 0x7118b082, 
    0x3f4e0888, 0x013d2305, 0x006b013c, 0x05185308, 0x500eed6f, 0x17ac179d, 0x2b2a7584, 0x07012a01, 0x23310630, 0x02820622, 0x06150724, 0x17822322, 
    0x82071521, 0x07232b01, 0x22142315, 0x30221531, 0x0b82011d, 0x15220684, 0x1b4f1523, 0x15333005, 0x16321517, 0x15331531, 0x011d3230, 0x82312206, 
    0x05574f35, 0x2c831c20, 0x83152321, 0x05524f39, 0x14220583, 0x3a822322, 0x41143021, 0x1523056f, 0x82230614, 0x2023840b, 0x82698223, 0x83152032, 
    0x1407230f, 0x14833106, 0x0c840720, 0x94823082, 0x14071523, 0x05aa4f30, 0x7c85a582, 0x1d227983, 0x19823301, 0x82230621, 0x42ab8224, 0x2622064b, 
    0x88522322, 0x26302105, 0x23210882, 0x210f8235, 0x4b18012e, 0x2321087c, 0x771e8334, 0x2a22065c, 0x1d822701, 0xa8180282, 0x31230822, 0x82232622, 
    0x0586520f, 0x34221e82, 0x1e853122, 0x27300582, 0x3a353335, 0x30333501, 0x37353334, 0x33363235, 0x30220f82, 0x05823132, 0x33323628, 0x30323335, 
    0x1285013d, 0x3e2e0783, 0x33353101, 0x37333034, 0x36303735, 0x1c853531, 0x32353726, 0x36323134, 0x19844287, 0x37204b83, 0x29834382, 0x28840682, 
    0x3a230f86, 0x85333101, 0x2124822b, 0x794f3533, 0x84312006, 0x34332176, 0x32247982, 0x37013d34, 0x3a213882, 0x826a8301, 0x82372017, 0x31342186, 
    0xb24f7282, 0x30322105, 0x05831385, 0x3720b983, 0x30218786, 0x82c08236, 0x8237202b, 0x353722ca, 0x20c38436, 0x84128233, 0x35333e54, 0x26303527, 
    0x34303523, 0x34273523, 0x27353126, 0x23352723, 0x27312630, 0x23012e35, 0x26088227, 0x34232226, 0x82012b30, 0x2a312125, 0x23200583, 0x35211082, 
    0x828b8222, 0x2a27291b, 0x30232701, 0x22343122, 0x23211b82, 0x73098215, 0x07220691, 0x09820622, 0x07012b35, 0x2a151422, 0x30231501, 0x15012b14, 
    0x31061407, 0x41230630, 0x2a2305de, 0x82073101, 0x1422220a, 0x20228231, 0x272e8223, 0x31063015, 0x010e1523, 0x23234f82, 0x82153022, 0x3015221b, 
    0x20538214, 0x22208206, 0x82142331, 0x22302137, 0x2d821582, 0x14150722, 0x2e839082, 0xc0545082, 0x21398205, 0x35841507, 0x2005e751, 0x21678223, 
    0x73820630, 0x4a832183, 0x16140724, 0x0c82011d, 0x31161424, 0x3e6f1430, 0xc8a71805, 0x840c890c, 0x05514526, 0x31143025, 0x82070614, 0x84028251, 
    0x223123d0, 0xf6822326, 0x8209bc43, 0x23352309, 0xb1433430, 0x013c2605, 0x2226013d, 0x0ac94323, 0x4e441e82, 0x82312022, 0x352321c3, 0x15205a82, 
    0x5d85ad84, 0x15323024, 0x0a822317, 0x22300723, 0x18118531, 0x6f0fab86, 0x05850525, 0x59054544, 0x76180637, 0x088208fa, 0x33013a25, 0x18363035, 
    0x700ce672, 0x3e440ca0, 0x242c972c, 0x22273523, 0x1c501834, 0x013c210d, 0x07734e18, 0x1d829485, 0x82013d21, 0x18428214, 0x220d27a2, 0x83263023, 
    0x055c759d, 0x2306e552, 0x23223015, 0x4506f152, 0x8f450fcc, 0x8b3d821b, 0x850e82a1, 0x85b69302, 0x0509446f, 0xa1713d20, 0x41269305, 0x30261e2b, 
    0x34013d26, 0x85533132, 0x35372606, 0x32373632, 0x850d8330, 0x36322778, 0x3235013b, 0xd8723316, 0x82152006, 0x33172815, 0x33143017, 0x42142215, 
    0x222705e0, 0x22140715, 0x54221431, 0x23240533, 0x07150715, 0x20820484, 0x42153121, 0x232205f3, 0x20820630, 0x30073123, 0x05b45422, 0x25830583, 
    0x15302227, 0x23063007, 0x841e8215, 0x22178233, 0x59153114, 0x568205d8, 0x52821520, 0x14302323, 0x831b8623, 0x22072358, 0x0f833114, 0x1d142223, 
    0x83f98201, 0x82558379, 0x010e2180, 0x8206f945, 0x0622232d, 0x5c452331, 0x82068306, 0x18302038, 0x4308d3a9, 0x1c220b25, 0xe5843101, 0x30013b2c, 
    0x32353136, 0x30333134, 0x06833336, 0x33363426, 0x35323035, 0x33251582, 0x33313234, 0x82178237, 0x3d36261f, 0x33343001, 0x240c8335, 0x36323537, 
    0x291b8231, 0x013a3533, 0x3234013d, 0x23863533, 0x84313421, 0x37332239, 0x22388235, 0x83373335, 0x821a8305, 0x85322062, 0x255b8412, 0x36303136, 
    0x7c823731, 0x82373521, 0x05e54465, 0x5c833720, 0x4b827582, 0x013a3526, 0x35333735, 0x1f838b83, 0x33212c83, 0x22a28234, 0x83303433, 0x34322102, 
    0x68453182, 0x25468205, 0x013d3432, 0x90863032, 0x50823120, 0x48823320, 0x2584a884, 0x3a236483, 0x84013b01, 0x83ef87e9, 0x33352110, 0x37242b82, 
    0x36343533, 0xfa428282, 0x013e2310, 0xfa823037, 0x36218983, 0x20368332, 0x05c24335, 0x31012a22, 0x2d061d42, 0x37313234, 0x013d3630, 0x33363233, 
    0x0d823337, 0x62843320, 0x30331527, 0x33153316, 0x43058317, 0x3123050c, 0x48011c15, 0xb94407db, 0x06844105, 0x94831d20, 0x8226b342, 0x14303b7d, 
    0x06230723, 0x14012b22, 0x06302330, 0x1523011d, 0x06311422, 0x22072322, 0x1e821530, 0x03820720, 0x23222624, 0x21822615, 0xa6070076, 0x8226825c, 
    0x321724aa, 0x82151716, 0x25bc8207, 0x17333216, 0xc7823233, 0x3132302b, 0x32313214, 0x32301516, 0x43df8315, 0x3120109d, 0x23203083, 0x41052245, 
    0x3321056a, 0x27078335, 0x013d2230, 0x35373537, 0xd9444982, 0x4414830b, 0x52490922, 0x240f8705, 0x15331533, 0x44018217, 0x23200804, 0x21066941, 
    0x744b1c15, 0x013a2505, 0x3630013b, 0x37227182, 0x94823635, 0x1e823620, 0x332c0c82, 0x32333630, 0x3a013b36, 0x37333701, 0x34213b82, 0x82068432, 
    0x3632260e, 0x30343331, 0x22138233, 0x42343335, 0x1582056f, 0x32363326, 0x3236013b, 0x37203682, 0x02833782, 0x5b833583, 0x18843420, 0x36323124, 
    0x1d823537, 0x5883c784, 0x76843e20, 0x32214683, 0x833c8236, 0x826d835d, 0x84df8227, 0x85152025, 0x4422837f, 0x48461bdd, 0x5d3e8922, 0x2b21059d, 
    0x05d54101, 0x35342229, 0x2a232622, 0x752a3101, 0x262305bf, 0x82272322, 0x48038310, 0x2e2405ef, 0x22302301, 0x18820e86, 0x06822d83, 0x26210282, 
    0x22338222, 0x83262223, 0x2611851b, 0x2e312622, 0x82012b01, 0x5d35200c, 0x428206f2, 0x42820d82, 0x3b442085, 0x77ae8506, 0xba93056c, 0x14850720, 
    0x2306bd61, 0x35343035, 0x0a7d7d18, 0x09e9b018, 0x013c3125, 0x42352735, 0x1520061b, 0x30360782, 0x15333116, 0x17323017, 0x32173315, 0x33153116, 
    0x3a311630, 0x10591701, 0x013b2206, 0x21248217, 0x22831531, 0x7c1d1621, 0x07830630, 0x33143022, 0x32221482, 0x20841d14, 0x36343327, 0x17163231, 
    0x244f8233, 0x33321615, 0x22b38315, 0x83313214, 0x220c840e, 0x93311430, 0x1e7918b3, 0x091b6208, 0x82086e42, 0x853020a7, 0x011c2141, 0x3b214882, 
    0x24b38701, 0x32171517, 0x7b118214, 0xe58305e5, 0x2007b242, 0x8abe8232, 0x205d85d9, 0x20068631, 0x83198325, 0x33252397, 0xce410715, 0x15232105, 
    0x073e7d18, 0x14219c82, 0x7d288316, 0x2a8205e8, 0x5018c582, 0x6c430eee, 0x67262008, 0xe48405ca, 0x23222623, 0x05644b03, 0x84301421, 0x20e9884c, 
    0x4ed31830, 0x08464209, 0x25050441, 0x32143331, 0xc6851533, 0x31143227, 0x3b163017, 0x27d38201, 0x16143316, 0x33163231, 0x08895318, 0x33363229, 
    0x3533013e, 0x5a313236, 0x0c830541, 0x94853320, 0x82343021, 0x0aff47f7, 0x48055647, 0x312005ba, 0x2909b548, 0x012a3527, 0x31263035, 0x05832723, 
    0x23273525, 0x8231012a, 0x012b3303, 0x15063015, 0x30220723, 0x31062215, 0x31063023, 0x054e1422, 0x47232007, 0x1182064a, 0x82072321, 0x5b152019, 
    0x07280978, 0x23010e15, 0x15143215, 0x4c056c7e, 0x142205b6, 0xc3823132, 0x21062e4f, 0x69822230, 0x82352321, 0x35272704, 0x22303523, 0xf35b013d, 
    0x200b8205, 0x0b914d34, 0x08ad5618, 0x3720c584, 0x8206284f, 0x25232796, 0x22153335, 0x2c420530, 0x20178e17, 0x228b8330, 0x48343033, 0x3a2205f0, 
    0x75833301, 0x06413620, 0x1eaf1805, 0x0f734809, 0x82086d4a, 0x3705234d, 0xbc823230, 0x011c0c36, 0x391c0204, 0x0308031c, 0x01285028, 0x02010203, 
    0x05080401, 0x03210882, 0x82058309, 0x230b820e, 0x01468d47, 0x04270083, 0x36020503, 0x826b3635, 0x0a5c7403, 0x032b0a82, 0x06030408, 0x050b0603, 
    0x82030503, 0x0604250b, 0x05090402, 0x08210583, 0x21058203, 0x17830805, 0x79710520, 0x23188205, 0x04030502, 0x07203082, 0x05230582, 0x83040603, 
    0x2030820b, 0x84208208, 0x03052117, 0x07212383, 0x82488204, 0x0b04284e, 0x09130905, 0x84030703, 0x82012081, 0x06d65b44, 0x10820220, 0x51040221, 
    0x012005b7, 0x0320a782, 0x62520f85, 0x04022208, 0x05b95a03, 0x34683323, 0x832c8201, 0x84052002, 0x82032045, 0x0a745545, 0x26020224, 0xbe82264c, 
    0x0d156a18, 0x1808ef52, 0x53087171, 0x9e180d01, 0xd9520e61, 0x5a042013, 0x01210a63, 0x82758202, 0x850582ad, 0x0204218b, 0x05850785, 0x0ae26118, 
    0x86030121, 0x820320cd, 0x832482b5, 0x83098202, 0x0c895be8, 0x8612a853, 0x766a831f, 0xcf740d2a, 0x555c8308, 0xe6561088, 0x082e5708, 0x08228e18, 
    0x02226485, 0xad860301, 0x1d25e68a, 0x01011c38, 0x84108305, 0x030227c2, 0x12080f08, 0x10821225, 0x59080521, 0xdb560811, 0x094d4119, 0x890b7e78, 
    0x56aa180b, 0x2a0e850e, 0x6a350101, 0x13261235, 0x68102210, 0x032a08f7, 0x11221102, 0x08020603, 0x24840911, 0x04080322, 0x03229487, 0x18820103, 
    0x1083bc82, 0x82010321, 0x0e062508, 0x060c0706, 0x0b272782, 0x02010b16, 0x82132513, 0x03022a0a, 0x1a351b02, 0x03172d17, 0x827e8605, 0x01032106, 
    0x3d821682, 0x964c0335, 0x0105024b, 0x010a160b, 0x06060d06, 0x0907050a, 0x83020812, 0x08b84128, 0x82020121, 0x02032220, 0x546d8201, 0x4b860bfe, 
    0x20093a5c, 0x085e5901, 0x02020225, 0x5c040201, 0xf3410cd4, 0x2c138506, 0x3f1f0102, 0x17040120, 0x1e0e162c, 0x0d80560e, 0x410bd15e, 0xcc590a8c, 
    0x127b4113, 0x18099779, 0x820eb461, 0x050225a5, 0x0301050b, 0x9d84d982, 0x07232982, 0x590a060d, 0x2f84086f, 0x1b0e0228, 0x0b150a0e, 0x0d830402, 
    0x10020424, 0x58421022, 0x05012209, 0x2cd18708, 0x27130101, 0x1c010113, 0x0c061c37, 0x08ee5e06, 0x03248e8b, 0x34673401, 0x03294682, 0x01040704, 
    0x02336935, 0x05f27803, 0x84057841, 0x08042229, 0x26678405, 0x01132613, 0x820f1f10, 0x08042113, 0x03267783, 0x0c010304, 0x2f830c18, 0x01030323, 
    0x05624305, 0x0b160a2c, 0x12251201, 0x11030603, 0x30411121, 0x82022009, 0xda63187c, 0x2257840a, 0x82030101, 0x86d78512, 0x43128209, 0x1585057f, 
    0x32840120, 0x02201483, 0x22067b43, 0x84040202, 0x054a5bc6, 0x1883ac82, 0x02010323, 0xb9521803, 0x05074108, 0x03050327, 0x012e5b2d, 0x21168201, 
    0x8c820306, 0x2e5c2e26, 0x05090401, 0x75842782, 0x1b823082, 0x2005407d, 0x185a8203, 0x85084070, 0x201885a7, 0x83158202, 0x840320a2, 0x83048346, 
    0x1815823e, 0x86088a6c, 0x09837739, 0x022f3882, 0x01162c16, 0x01010103, 0x763b3b3b, 0x833a3b3b, 0x2915246a, 0x85040314, 0x0a6a42e2, 0x070f0722, 
    0x8308ec58, 0x22038208, 0x83193018, 0x34012381, 0x477c356a, 0x07736005, 0x49924927, 0x03070402, 0x207d8201, 0x19c68205, 0x8408a059, 0x01013d8a, 
    0x04264d26, 0x3f200306, 0x0ccefb1f, 0x180d0d18, 0x0193fd0c, 0x080d077e, 0x030f1e0f, 0x35225a84, 0x6e82366b, 0x54820320, 0x09100726, 0xd40c180b, 
    0x440b0342, 0x19220ebf, 0x4b441932, 0x0ca14408, 0x23068b44, 0x0c190b02, 0x2d84328c, 0x4305ca5d, 0x14831414, 0xda7b0420, 0x02013608, 0x05020205, 
    0xfe010103, 0xfd010199, 0x112211ab, 0x01010402, 0x279e8201, 0x09030302, 0x67010a13, 0xf9209b84, 0xa843eb83, 0x09015909, 0x03213b82, 0x79978501, 
    0x02220517, 0x40820401, 0x45057f46, 0x0a6d09ca, 0x010d2305, 0x9e840b13, 0x09090a23, 0x22008608, 0x84080a0a, 0x07072100, 0x05850683, 0x6d820320, 
    0x0220d38d, 0x8206c846, 0x11012206, 0x21bd8302, 0x05840502, 0x11830120, 0x04838184, 0x17010125, 0x82030101, 0x02022182, 0x03210582, 0x82cb8202, 
    0x20058308, 0x83148304, 0x8205201a, 0x871d833d, 0x82012017, 0x840320b6, 0x04012132, 0x04213584, 0x20118202, 0x82058702, 0x03012114, 0x35844782, 
    0x2c820420, 0x65825c85, 0x82040121, 0x22118218, 0x62070201, 0x0e211048, 0x20529901, 0x8e5b8201, 0x218b8652, 0xbb840303, 0x11830583, 0x88840320, 
    0x77180520, 0x0120091b, 0x06207282, 0x0222eb84, 0x16830301, 0x82059743, 0x220882de, 0x5f0e0101, 0x9e410819, 0x08d44405, 0x01050322, 0x45063c43, 
    0x0a620819, 0x83118208, 0x860420bd, 0x430f2019, 0x6e460503, 0x0cbf4709, 0x23099b46, 0x0e020101, 0x89825584, 0x20067063, 0x09ef5a02, 0x82010221, 
    0x4702201b, 0x03230575, 0x83020103, 0x09b54798, 0x03010124, 0xb4820204, 0x17820320, 0x8646d182, 0x840f8208, 0x42658242, 0x0c6305b8, 0x0a4f4605, 
    0x03269c84, 0x01020104, 0x6283050a, 0x83479c86, 0x20a1890a, 0x0d894905, 0xd68d2a84, 0x915f7e83, 0x3c521809, 0x62fd8c14, 0x1f600c75, 0x0ee95b0d, 
    0x9c820320, 0x20060e41, 0x45288601, 0xba820515, 0x04210882, 0x20f38303, 0x05494204, 0xa9420220, 0x01012805, 0x0801010d, 0x650c0101, 0x0c5b080f, 
    0x0510410c, 0x1c65b183, 0x8202200c, 0x820a2017, 0x05ad4231, 0x4205ef42, 0x022118e9, 0x20778201, 0x82758903, 0x1de94278, 0x8e063743, 0x092841ea, 
    0x5e052b42, 0x02220c22, 0x0f820601, 0x020b0826, 0x0108020a, 0x4284e582, 0x86020121, 0x85032093, 0x8517836f, 0x010322ab, 0x431a8203, 0x2385055f, 
    0x18085361, 0x42085a57, 0x0225050e, 0x0901010e, 0x05a34601, 0xe0444583, 0x20118b06, 0x82a88202, 0x056c421a, 0x63620584, 0x010a2208, 0x0a7a4905, 
    0x0f203b82, 0x20085748, 0x24358203, 0x01010305, 0x5eb41804, 0x06224a08, 0x2108424b, 0x8f440104, 0x089a4208, 0x02030122, 0x200a8042, 0x21008201, 
    0x43830103, 0xf4420320, 0x08fc4105, 0x5e093342, 0xb2420dd9, 0x08d84408, 0x4b0a585f, 0x1a430800, 0x05804106, 0x6205bc42, 0x042114dd, 0x07664201, 
    0x26109363, 0x01060101, 0x8a170e01, 0x01032287, 0x62a4860a, 0xc2840c8e, 0x21078844, 0xa3420201, 0x08b2440c, 0x5c490882, 0x8201200f, 0x010722ca, 
    0x45788203, 0x09820571, 0x02020322, 0x01200b83, 0x02200584, 0x69421b82, 0x20cd8205, 0x661d8402, 0x4c860953, 0x01221f82, 0x02820204, 0xbf410c20, 
    0x040b2405, 0x820f0101, 0x880520e9, 0x22088429, 0x4111060a, 0x1521050a, 0x20388408, 0x052b4a02, 0x82070b21, 0x09714882, 0x410e8b43, 0x69470e81, 
    0x01042209, 0x093e4c07, 0x43020421, 0xa682080d, 0x934c0320, 0x82032006, 0x03012292, 0x45948203, 0xb5420e8f, 0x83b38505, 0x12524a05, 0x880d2643, 
    0x20aa8385, 0x226c8403, 0x82020104, 0x070e4467, 0xd94a608b, 0x0604420d, 0x13204f84, 0x09840583, 0x0c200482, 0x05202782, 0x01200382, 0x03824e82, 
    0x03010123, 0x208b8201, 0x056a470d, 0x01070b25, 0x43020c04, 0x0585052f, 0x24847984, 0x98410320, 0x01022105, 0x0120d882, 0x3e834d84, 0x06010226, 
    0x02090201, 0x14824c83, 0x69850320, 0x07070723, 0x08d16406, 0x0707802a, 0x08470197, 0x04020101, 0x44051142, 0xbb8506c7, 0x16824d82, 0x830d6244, 
    0x0a082679, 0x04a0fe01, 0x20a88409, 0x05bd4401, 0xe1478a82, 0x88678208, 0x43be82d4, 0x01200a06, 0x02210084, 0x85558201, 0x08e4423c, 0x1806a143, 
    0x840c4a5d, 0x420a201c, 0xf44106c5, 0x0978600f, 0x83837a82, 0x04281082, 0x07010101, 0x01030701, 0x06200082, 0x03230382, 0x82030102, 0x82022044, 
    0x20fc84aa, 0x611e8201, 0x5185093b, 0x09010228, 0x03e70201, 0xa982ac02, 0x24420220, 0x09c64505, 0x41051341, 0x178507db, 0x22065e41, 0x41011701, 
    0x05210524, 0x43088201, 0x1484095d, 0x02201282, 0x56239682, 0x75000101, 0x0b3d057f, 0x0bc00321, 0x0b7d0b7a, 0x00660cf5, 0x34330100, 0x30353336, 
    0x33353332, 0x35373537, 0x05e1563c, 0x54051356, 0x4b571ace, 0x05ff5405, 0x36151724, 0x4f181732, 0x3d21112a, 0x751e8401, 0x1d21052b, 0x05065701, 
    0x14301525, 0x823a1531, 0x83332019, 0xcda31804, 0x21788209, 0x1282013d, 0x16141523, 0x251f8333, 0x07062215, 0x05822315, 0x56011d21, 0x175205ed, 
    0x15232305, 0x895e010f, 0x08fc6d06, 0x011d1424, 0x0d831523, 0x82143021, 0x200d8430, 0x853a8223, 0x83198236, 0x2103820c, 0x3c832214, 0x31063024, 
    0x82822215, 0x82053d61, 0x20028270, 0x06c45415, 0x845a9784, 0x2943570e, 0x84053241, 0x013b2151, 0x17204a83, 0x3b210482, 0x56cf8301, 0x332208c1, 
    0x53413315, 0x821a831a, 0x3216253f, 0x013a013b, 0x200f385b, 0x4113821d, 0x22820519, 0xd9591520, 0x54098705, 0x06820684, 0x30244283, 0x1c011d14, 
    0x081be718, 0x27867b83, 0x22099c62, 0x622b013c, 0x4b84082e, 0x18012a21, 0x750bf36c, 0x152005d3, 0x21055b54, 0x49771430, 0x821d820e, 0x011d2111, 
    0x82057154, 0x23352254, 0x264f822e, 0x36303527, 0x54343037, 0x3a54091a, 0x0812530a, 0x2e823120, 0x24056e72, 0x0630012b, 0x0b961823, 0x8c6e820c, 
    0x8423200f, 0x052e6099, 0x18062221, 0x760dac87, 0x23210629, 0x821e8307, 0x26272353, 0x02822223, 0x35263284, 0x34223523, 0x06822731, 0x84223421, 
    0x05225999, 0x30073129, 0x22300706, 0x62301423, 0x1c22058b, 0x0e822301, 0x22153123, 0x09916206, 0x23062224, 0x1e820614, 0x82221421, 0x06302804, 
    0x2a230731, 0x41071501, 0xf8840fb2, 0x21058f41, 0x8182012a, 0x33153328, 0x30151715, 0x07833116, 0x8305ef41, 0x06347010, 0x33211083, 0x83058315, 
    0x21188310, 0x31853014, 0x1c240585, 0x16303301, 0x0e851683, 0x14204882, 0x4e820983, 0x14151723, 0x26398332, 0x32151731, 0x87011d14, 0x856a8519, 
    0x23528356, 0x011d3230, 0x33211f83, 0x29818214, 0x011f1632, 0x2a152315, 0xd5822301, 0x0e012b23, 0x06167701, 0x82010f21, 0x06222112, 0x1522f182, 
    0x98770723, 0x82258305, 0x6220840c, 0x0a82054a, 0x09823120, 0x5b622482, 0x21de8306, 0x46830622, 0x22012b23, 0x201b8206, 0x82188807, 0x3015232b, 
    0x4c833106, 0x71841383, 0x78836d84, 0x2d826d83, 0x06218784, 0x821f8222, 0x24178372, 0x22302307, 0x2d888231, 0x26342335, 0x26303523, 0x22352735, 
    0x43763126, 0x2235250b, 0x23013d30, 0x1e831782, 0x1d843120, 0x3d342225, 0x83352701, 0x82272035, 0x30342117, 0x8306df71, 0x054e7641, 0x61763283, 
    0x012a2105, 0x7c762a83, 0x84588208, 0x31222132, 0x3c200982, 0x30215684, 0x215e8326, 0x10822622, 0x0a822220, 0x30202a87, 0x57838e82, 0x83352321, 
    0x21248348, 0x72833422, 0x2e056743, 0x15232230, 0x14071507, 0x06142322, 0x82221531, 0x220e83f5, 0x44142215, 0x07200579, 0x30220986, 0x25822314, 
    0xe8821520, 0x84311421, 0x82232020, 0x0614220b, 0x06d65623, 0x07212e84, 0x26108515, 0x06301507, 0x8307011d, 0x012a2157, 0x31825384, 0x23230d82, 
    0x82012a15, 0x213f834e, 0x0f82011c, 0x31202682, 0x2a210384, 0x05ef7201, 0x22823e82, 0x2622a782, 0x9d822723, 0xd5822e20, 0xa9832320, 0x31263027, 
    0x23312226, 0x08105a35, 0x2006de59, 0x24188223, 0x2331012e, 0x82e18222, 0x832f8269, 0x82272036, 0x2f352316, 0x0e822301, 0x0582f082, 0x20822720, 
    0x23273523, 0x23178235, 0x2630012f, 0x31215182, 0x84f68227, 0x05636344, 0x13833120, 0x013c2322, 0x24622882, 0x83272006, 0x2630213e, 0x23203282, 
    0x34202783, 0x23207e83, 0x2605a941, 0x35333523, 0x8233013c, 0x013a2d05, 0x36323335, 0x35373531, 0x33343037, 0x5c580682, 0x20098305, 0x211e8237, 
    0x15843337, 0x3d34322b, 0x33363401, 0x32353230, 0x26238236, 0x31323437, 0x83363035, 0x3632282a, 0x34323537, 0x82373331, 0x8203831e, 0x37312116, 
    0x31835082, 0x61823e20, 0x33323422, 0x36824783, 0x33205282, 0x2f833383, 0x84373521, 0x36302633, 0x3a37013d, 0x05ea6301, 0x1c823720, 0x32204b84, 
    0x86841583, 0x32201f84, 0x49830e82, 0xa5823020, 0x41352321, 0x27260550, 0x34272335, 0x06823126, 0x2b262223, 0x20098201, 0x22068230, 0x82232226, 
    0x22262309, 0xee82012b, 0x82223121, 0x211084f8, 0xa55b2335, 0x05b76405, 0x0c823520, 0x610f0158, 0x15850534, 0x18056b5e, 0x210b96c0, 0x3282013d, 
    0x03821520, 0x5a16b55a, 0x312108ca, 0x8b258317, 0x23352303, 0xa9182215, 0x1522073e, 0xa7421507, 0x06222105, 0x8e5b9083, 0x260f820b, 0x0f061415, 
    0x83142201, 0x010e213c, 0x15280582, 0x3023010e, 0x06223106, 0x07211185, 0x054a7d2a, 0x11831420, 0x14234082, 0x83303106, 0x8433822c, 0x82338424, 
    0x07152830, 0x06232206, 0x82073114, 0x22302138, 0x65797c82, 0x82072006, 0x1523220a, 0x05766307, 0x0c3fcd18, 0x097c3120, 0x07312105, 0x1c227082, 
    0x91441d01, 0x05b36006, 0x23221422, 0x7b838783, 0x61312221, 0x1c21062d, 0x82ef8201, 0x010f25b0, 0x07230630, 0x06249d83, 0x23011d14, 0x23849383, 
    0x20055679, 0x83878231, 0x22878231, 0x84071507, 0x3015224d, 0x22848206, 0x83063031, 0x82378363, 0x2035828c, 0x233b831c, 0x23143015, 0x23200e82, 
    0x14227083, 0x06821506, 0x2a218a83, 0x05625a01, 0x23301424, 0xc1830614, 0x3f827982, 0xaa821520, 0x19831520, 0x82831d20, 0x1d852883, 0x85150721, 
    0x41232034, 0x222605e8, 0x013c3126, 0xac182e31, 0xf6830936, 0xfd851a82, 0x27013d27, 0x3d343035, 0x210d8301, 0x24823c27, 0x34230b86, 0x7d302326, 
    0x2a220523, 0x9a182301, 0x3d23092a, 0x82263401, 0x07426826, 0x30222722, 0x31203a83, 0xbe764282, 0x824d8607, 0x82248773, 0x23262107, 0x8406695d, 
    0x013c2213, 0x057f7d31, 0x88853b85, 0x40822320, 0x8207b15a, 0x30342187, 0x20601082, 0x21298709, 0x138d2335, 0x2e013d23, 0xf6ce1801, 0x851b8b09, 
    0x229984b3, 0x82313422, 0x11ec42b3, 0x18918c86, 0x8b851183, 0x32231b8c, 0x18373536, 0x890c129c, 0x363422bf, 0x20f88733, 0x24228335, 0x013d3630, 
    0x05996032, 0x49171521, 0x302007b7, 0x33303f82, 0x013d3432, 0x33373533, 0x013f3337, 0x3f013a35, 0x34220c82, 0x11823132, 0x35303227, 0x30353632, 
    0x05124432, 0x3136342d, 0x36303735, 0x35373331, 0x83333733, 0x32362a5e, 0x33013e33, 0x37333630, 0x2333823a, 0x35373630, 0x2d06df5d, 0x31223435, 
    0x2a352735, 0x30152301, 0x7f461522, 0x47058205, 0x3521055d, 0x4a1c8230, 0x5a182c1c, 0x32200c71, 0x35248582, 0x05333501, 0x07205083, 0x06216082, 
    0xa5e61831, 0x070b4808, 0x35208682, 0xab83fd82, 0x37353324, 0xaf823034, 0x34303725, 0x7a323733, 0x1e8305fa, 0x1c823220, 0x27248494, 0x34312630, 
    0x3705d677, 0x35223035, 0x31012e23, 0x27262235, 0x27312622, 0x26342723, 0x34220731, 0x3d21d882, 0x08e06601, 0x5c085467, 0x17230bf2, 0x48151630, 
    0x93820595, 0x16153324, 0x0d823132, 0x5e151721, 0x588206d9, 0x23013d23, 0x22698235, 0x83273523, 0x066e475d, 0x7c821284, 0xc8471482, 0x3d222806, 
    0x01500301, 0x83020101, 0x07042803, 0x050a0503, 0x82040704, 0x27028205, 0x02050301, 0x080d0703, 0x24260a82, 0x1802254a, 0x09821830, 0x03010124, 
    0x3f500407, 0x06c34d08, 0x0c3c5318, 0x0ba95018, 0x0c381f83, 0x361a0d18, 0x162d161a, 0xd26a6969, 0x03696969, 0x05020306, 0x02040203, 0x04200883, 
    0x8205964d, 0x8208830d, 0x82148216, 0x25908276, 0x0f010402, 0x69820f1d, 0x080f062f, 0x070e0702, 0x46112110, 0x4723458a, 0x827c8523, 0x222a8224, 
    0x83264b26, 0x3d022393, 0x3f823d7c, 0x03050325, 0x82010101, 0x04032310, 0x4b82050a, 0x04030122, 0x27828c83, 0x01231682, 0x4f050905, 0x0820052c, 
    0x012e0782, 0x02050c07, 0x944a4a4a, 0x054b4a4a, 0x0041060c, 0x6a352205, 0x18b08235, 0x4e08f1a7, 0x02200503, 0x4e081272, 0x1385095b, 0x58820120, 
    0x4f0b0521, 0x77700825, 0x22098209, 0x6e030201, 0x8f1808c4, 0x098b0915, 0x3b410320, 0x01022508, 0x05020204, 0x820c6076, 0x4f02200c, 0x55840590, 
    0x55504d82, 0x556b180d, 0x0825710a, 0x26849e84, 0x2008ff55, 0x22708201, 0x82020102, 0x8b042002, 0x030121d8, 0x18050558, 0x2008ab53, 0x25218205, 
    0x06020201, 0xcf50070c, 0x84032008, 0x710582ab, 0x54710a0b, 0x08e7410d, 0x500d4e55, 0x362208c3, 0xd641366c, 0x83538605, 0x20338574, 0x20918202, 
    0x85038205, 0x8453182a, 0x090f500a, 0x220acd76, 0x18050b05, 0x500c1c80, 0x548805bd, 0xa884f685, 0xc3820320, 0xdf82ee85, 0x8508ef5d, 0x020521eb, 
    0x03200783, 0x415e7582, 0x0cbc5708, 0x5409cb58, 0xbb5c087f, 0x20b58408, 0x06835a04, 0xbb851583, 0x5008ff54, 0x01200f74, 0x01214282, 0x06945404, 
    0x42080f41, 0x3c860d1f, 0x2b840620, 0x50850120, 0x02020224, 0x04820403, 0x82061343, 0x820c821a, 0x06033205, 0x02040103, 0x02050803, 0x02020305, 
    0x30170203, 0x06e74218, 0x06241683, 0x05090403, 0x01263282, 0x08040603, 0x66840a12, 0x54010121, 0x58850688, 0x41086777, 0x8354051d, 0x82778408, 
    0x18012013, 0x230ffb7e, 0x0a140a04, 0x03201c83, 0x0c824787, 0x82099c54, 0x729b8409, 0x2a820cdb, 0x0320ea89, 0x0c861a8c, 0x9208f141, 0x2681821c, 
    0x0f080205, 0x41060307, 0xaa7c085b, 0x8273830d, 0x84a88474, 0x0201250b, 0x020b160b, 0x8407c343, 0x82c9881a, 0xd9701820, 0x08a7590a, 0x24827784, 
    0x02275982, 0x050a0501, 0x82346934, 0x030521d7, 0x02230b83, 0x820e1d0e, 0x287e8207, 0x01f20102, 0x2d17e3fe, 0x85538317, 0x291522f4, 0x20088214, 
    0x21538203, 0x79780403, 0x83012008, 0x43b7821f, 0x02220c15, 0x65829701, 0x43050221, 0x032105dd, 0x82248203, 0x5b6b8230, 0x9b410aca, 0x82012008, 
    0x827c201a, 0x02032718, 0x01120205, 0x0f820602, 0x5f520120, 0x02022309, 0x9e820402, 0x14830583, 0x060a0222, 0x8b180f82, 0x7d560cb5, 0x21278205, 
    0x45840701, 0x0e211c82, 0x06f34303, 0x10240784, 0x1a050101, 0x0520a282, 0x0222f985, 0xfd850301, 0x83010321, 0x04012167, 0x01219f83, 0x215d8202, 
    0x11820401, 0x04200d84, 0x0422e482, 0x15820603, 0x03820320, 0x0d040225, 0x8208070d, 0x20a18212, 0x251a8202, 0x03020204, 0x70190302, 0x14840b05, 
    0x05840120, 0x04212086, 0x84588203, 0x234082ba, 0x1001010a, 0x02281782, 0x0c010301, 0x03040201, 0x05201783, 0x02200585, 0x05212f86, 0x057c5602, 
    0x03202d82, 0x8305c141, 0x82012010, 0x06032a32, 0x01020814, 0x190a0514, 0x20188302, 0x0a74420f, 0x14040127, 0x0d010102, 0x431f820f, 0x24830886, 
    0x27410387, 0x05f5430c, 0x2c83de84, 0x01170123, 0x05a04201, 0x5a073044, 0x66820869, 0x08220b82, 0x55440701, 0x82022009, 0x010123fd, 0x06840104, 
    0x01050123, 0x20478803, 0x418f8203, 0x01250582, 0x03020401, 0x200b8207, 0x781c8206, 0x20860a4c, 0x820af943, 0x06aa4260, 0x8205aa7f, 0x8303209a, 
    0x29048259, 0x0d280114, 0x010a020d, 0x6a18100a, 0x082007fd, 0x01225682, 0x0e820702, 0x04210383, 0x243c8201, 0x0106010a, 0x23348205, 0x06020306, 
    0x76831782, 0x91543a82, 0x05e24407, 0xb1411782, 0x20e48505, 0x45378206, 0x01210a41, 0x18c08814, 0x430981c9, 0xcb4409b9, 0x10d54508, 0x010a0122, 
    0x0120fe82, 0x06258082, 0x04090a06, 0x05984403, 0x01030722, 0x01240183, 0x0b080202, 0x06230982, 0x82090301, 0x05012206, 0x20278205, 0x82038202, 
    0x200f829d, 0x21038205, 0x3e820603, 0x83030321, 0x06012104, 0x042c4b82, 0x01010301, 0x01010b04, 0x0b010108, 0x082ae582, 0x010d0205, 0x040a0d02, 
    0x17820701, 0x3c831684, 0x0520fd84, 0x03205f82, 0x33471582, 0x01012308, 0x3f820305, 0x03030222, 0x41068557, 0x29820b8c, 0x9d820120, 0xa3850220, 
    0x06020125, 0x82030101, 0x83a88439, 0x020a2397, 0xd35b1302, 0x0cc2430c, 0x570d2b5c, 0x2b8410e0, 0x84020121, 0x0417245f, 0x85040101, 0x0572445d, 
    0x63820220, 0xe6850220, 0x180fbe44, 0x7a162c89, 0xa241087a, 0x01032105, 0x84086b5f, 0x63032030, 0x03220544, 0x55820101, 0x01070124, 0x7182070d, 
    0x02010223, 0x0d564605, 0x0620a585, 0x0221ac8d, 0x0aea4601, 0x0b850220, 0x03223688, 0x697c0202, 0x84012009, 0x1bc3181d, 0x1402240a, 0x84081d04, 
    0x0d02234d, 0xca460208, 0x8f1c8513, 0x89428270, 0x78548318, 0x44820805, 0x1c231984, 0x85080201, 0x09814198, 0x830da25d, 0x1e7018f7, 0xdece180a, 
    0x46138408, 0x2f601258, 0x4170850d, 0xe084057c, 0x41096c46, 0x042108d8, 0x1d401801, 0x09a14308, 0x00830120, 0x07841982, 0x43852083, 0xe8894f86, 
    0x02202283, 0x87052f45, 0x03012179, 0x04202b85, 0x84082547, 0x84022008, 0x8402205c, 0x850b82c0, 0x84148507, 0x0602214e, 0x1b870685, 0x8309b649, 
    0x848a8509, 0x83268434, 0x85012092, 0x0a917b77, 0x8407c358, 0x208f8307, 0x08e74103, 0x6708ea41, 0x8782055e, 0x96610220, 0x0a014808, 0x1a84e082, 
    0x1249e884, 0x4a3e820a, 0xab860b02, 0x595d0520, 0x239f8408, 0x16010203, 0x01212884, 0x4a788402, 0xcc8609f3, 0x51850720, 0xbd820120, 0x01010d25, 
    0x820d0304, 0x0f162e21, 0x09010601, 0x010a030d, 0x01020303, 0x08245e03, 0x03204382, 0x8306a95e, 0x200e8614, 0x052b5b02, 0xa4820320, 0x14822982, 
    0xc6820120, 0x01010630, 0x1b0250fe, 0x01040302, 0x06040206, 0x1d821601, 0x08120622, 0x6f824d82, 0x88094e60, 0x082346ef, 0x84095e43, 0x820120ef, 
    0x84c1862e, 0x01032138, 0x4705cb41, 0x128405b7, 0x28820120, 0x2008ea4a, 0x828c8203, 0x83032033, 0x05042258, 0x850d8201, 0x82032023, 0x03012236, 
    0x08008200, 0x00000528, 0x3702c0ff, 0x1000c003, 0x18001400, 0x20001c00, 0x21010000, 0x11150622, 0x21331614, 0x11353632, 0x07232634, 0x018c3521, 
    0xfef70132, 0x26261a8c, 0x1b74011a, 0x1e1b2525, 0x2201defe, 0x0325038b, 0xfc1b2591, 0x261a83de, 0x251b2203, 0x830612df, 0x00112201, 0x216b8302, 
    0x6b82ce01, 0x00332b08, 0x01000041, 0x2f352735, 0x15233502, 0x23012e07, 0x22072630, 0x15230706, 0x06301533, 0x15011c07, 0x1131010e, 0x32331630, 
    0xa8193136, 0x06260f9a, 0x30353126, 0x19823716, 0xc9016608, 0x09560916, 0x07011614, 0x14159505, 0x27050101, 0x313b0109, 0x5e5c6e51, 0x07060238, 
    0x0e120404, 0x4a616105, 0x4c61634a, 0x86026249, 0x0b161e0e, 0x051201da, 0x0102051e, 0x19111701, 0x03090841, 0x17060406, 0x32360ffd, 0xfd54e002, 
    0x0c130bd7, 0xfe024102, 0x0101170b, 0x01163619, 0x00010015, 0x03c0ff00, 0x29af8272, 0x13000081, 0x3e37013e, 0x54183501, 0x32201191, 0x0da35418, 
    0x18363221, 0x2009f653, 0x745b181e, 0x06162107, 0x12335518, 0x08037018, 0x27260625, 0x8227012e, 0x820885fe, 0x2002820b, 0x20148334, 0x850b8535, 
    0x0d3c0805, 0x03080801, 0x0a0a0202, 0x08050704, 0x12090911, 0x1723100a, 0x020b170b, 0x1c080107, 0x08100910, 0x080f1e0c, 0x28140811, 0x1e432114, 
    0x11162e18, 0x190c0b1c, 0x050a0608, 0x02010904, 0x3b08f382, 0x09030405, 0x040c0706, 0x0a0e1008, 0x1d0f0d18, 0x14230907, 0x11152a15, 0x190d1021, 
    0x1326120d, 0x11050a05, 0x1c0d1022, 0x0c190c0e, 0x09010f0d, 0x0604020d, 0x120e0c16, 0x01050308, 0x01373e82, 0x11251591, 0x18070f06, 0x1308162f, 
    0x0c180d08, 0x100b180c, 0x8203051b, 0x1102295b, 0x0a040711, 0x04090b06, 0x03366782, 0x110d0202, 0x0e13210d, 0x2e171424, 0x15281319, 0x17152814, 
    0x5482172f, 0x08110a29, 0x120c150b, 0x820a0e24, 0x0d2a08c7, 0x08181610, 0x03041008, 0x03030306, 0x02020705, 0x05040103, 0x070a0506, 0x09080e06, 
    0x180e111a, 0x03050108, 0x100f1f13, 0xec821428, 0x0610083d, 0x00050000, 0x08c0ff00, 0x00c00391, 0x007c0059, 0x00c500aa, 0x010000de, 0x1937013e, 
    0x2308f322, 0x011f0727, 0x2a056941, 0x012e0727, 0x07273727, 0x83012e23, 0x83262009, 0x07062215, 0x21068606, 0x1d822722, 0x3f362624, 0x3b823601, 
    0x45193720, 0x3f200a6d, 0x17204e83, 0x072e5282, 0x07031317, 0x1e171606, 0x32173301, 0x02823736, 0x35013e23, 0x82358237, 0x2627224f, 0x23478222, 
    0x15010e15, 0x2f215a82, 0x05bb4101, 0x01211382, 0x217c830e, 0x35831417, 0x55180720, 0x372007fe, 0x3536a085, 0x2735013c, 0x23012e33, 0x2623010e, 
    0x1e011522, 0x15010701, 0x6f84013e, 0x0f824082, 0x34216386, 0x849b8326, 0x82152049, 0x07730849, 0x0408042b, 0x2d1f3b1b, 0x1e132652, 0x3056ae0b, 
    0x2a0705bd, 0x22573723, 0x1e381a13, 0x01062105, 0x31060905, 0x39192c5e, 0x7878b039, 0x6a6a8a98, 0x0b2a2a94, 0x1e16240d, 0x03111330, 0x4e4e3315, 
    0x5251a04f, 0x7c7da052, 0x103434b0, 0x6938561e, 0x020e1507, 0x1b030704, 0x09fc1a22, 0x02020101, 0x03440406, 0x03030204, 0x10020301, 0x02030301, 
    0x83490405, 0x03022a0f, 0x0a026102, 0x1a0a0209, 0x292d8210, 0xfb020705, 0x010603a1, 0x02820203, 0x081b2222, 0x04302e82, 0x03060304, 0x0c075904, 
    0x310a0b04, 0x060c0502, 0x0328a782, 0x18bffb04, 0x3d040314, 0x043d4183, 0x07010104, 0x0bebfa06, 0x1a100f1c, 0x0b0a0b0b, 0x111c0b0c, 0x0b0a1a10, 
    0x030c0c0a, 0x826a8283, 0x044e0820, 0x341c3238, 0x5b65231a, 0x2b172223, 0x051b1e14, 0x08120b51, 0x0533022d, 0x120e0103, 0x090a0303, 0x2c20202a, 
    0x2e202028, 0x07060e0e, 0x26310b07, 0x211b4126, 0x27141413, 0x29151415, 0x10312121, 0x4a0b0810, 0x1007763e, 0x03020308, 0xc482fb02, 0xb8d6fe30, 
    0x01060804, 0x01010702, 0x04020203, 0xbd82b903, 0x01030426, 0x02010105, 0x03240f82, 0x170da102, 0x0c22d482, 0x9d820203, 0x01f1fe2f, 0x06030305, 
    0x02050304, 0x042c461a, 0x312f8205, 0x01010301, 0x08024801, 0x0f190b05, 0x15010201, 0x0f820606, 0xfbfe012b, 0x01263e19, 0x03010240, 0x3de98203, 
    0x060c0707, 0x090b69fe, 0x0b0b0a01, 0x190e121d, 0x020c0b0b, 0x0b0a0d03, 0x1c12101a, 0x0082000a, 0x00082d08, 0x03c0ff00, 0x00c0030e, 0x0011000c, 
    0x0031001f, 0x00740042, 0x00860079, 0x36340100, 0x15073537, 0x012e3533, 0x23173135, 0x37272107, 0x07c01e19, 0x16322908, 0x27061415, 0x26272622, 
    0x36013f36, 0x06161716, 0x0622010f, 0x26221723, 0x012e2723, 0x1f013e37, 0x07011e01, 0x2327010e, 0x11820b82, 0x012a2324, 0x0f823007, 0x31060739, 
    0x1415010e, 0x17301716, 0x1617011e, 0x33321631, 0x36373632, 0x82012f26, 0x34353007, 0x01312326, 0x21112111, 0x35262213, 0x84333634, 0x01233465, 
    0x560a0cce, 0x4e0c0a56, 0x720155c7, 0x062be456, 0x83060808, 0x462b0804, 0x02020704, 0x06230603, 0x0403020b, 0x03012405, 0x03022402, 0x03062302, 
    0x050b0302, 0x03040524, 0x6a4b0702, 0x03040660, 0x82040801, 0x1818251c, 0x0319183b, 0x19200082, 0x30080882, 0x01030218, 0x03010804, 0x6a600604, 
    0x06090906, 0x720164fe, 0x29b98efe, 0x29293b3b, 0x03293a3a, 0x05110b40, 0x26631d18, 0x720b1105, 0x08645555, 0x2b748306, 0x04600806, 0x030b0504, 
    0x05040212, 0x01230683, 0x821201d2, 0x0405226a, 0x23068302, 0x2d8e0404, 0x042d0d82, 0x0c0b0104, 0x020b0c1b, 0x06040406, 0x200a8402, 0x20358401, 
    0x2944832d, 0x72fd00ff, 0x56fe8e02, 0x6a85293a, 0x00002b08, 0xff000009, 0x03720cc0, 0x0dfd0cc0, 0x0d6e0d0b, 0x0dd40dc5, 0x0e690edc, 0x00730e70, 
    0x34360100, 0x35343235, 0x3031013e, 0xee5e3332, 0x28098209, 0x3231011e, 0x16011f16, 0x07ae5e14, 0x06150626, 0x14223114, 0x5f097377, 0x1f82060d, 
    0xe4181520, 0x6b590987, 0x30332f05, 0x14161532, 0x07011c31, 0x07150630, 0x7118011c, 0x06190813, 0x0c8a0c56, 0x06221524, 0x7582011d, 0x3316322e, 
    0x32333430, 0x32363336, 0x37013e33, 0x05840882, 0x013e3722, 0x34220e86, 0x11843136, 0x3a220583, 0x20873501, 0x37237082, 0x82013c33, 0x743f2015, 
    0x6e560760, 0x36302207, 0x20588231, 0x84038217, 0x011f28e2, 0x3017011e, 0x87173316, 0x300723d9, 0x7e820714, 0x06143122, 0xb2820982, 0x097de084, 
    0x86088208, 0x338f180b, 0x70ca180d, 0x861e8509, 0x88e8850f, 0x944e8205, 0x213d8a49, 0x21821430, 0x33321527, 0x32332032, 0x2da48233, 0x1e171632, 
    0x32153301, 0x011e1516, 0x7484011f, 0x14254583, 0x06301506, 0x8ba38207, 0x82ad8490, 0x05996022, 0x23227582, 0xca821406, 0x010e0723, 0x05936007, 
    0x27012e25, 0x82262322, 0x1c232202, 0x055e6001, 0x15210585, 0x88358417, 0x0ad8604b, 0x82099441, 0x820c844f, 0x09e3413a, 0x23052e60, 0x2307012a, 
    0x5785b885, 0x08b35718, 0x840a2d75, 0x0614223b, 0x23b98231, 0x30070622, 0x16220882, 0xec833215, 0x099be618, 0x93085241, 0x011d2808, 0x14331632, 
    0x82011f16, 0x1e33231c, 0xb1853301, 0x6d42da82, 0x05b0410f, 0x33152327, 0x013b1630, 0x20338230, 0x85368232, 0x1431236a, 0x2e821716, 0x96841720, 
    0x1416332e, 0x15303215, 0x3015011e, 0x16141516, 0x31201b82, 0x14211782, 0x20598416, 0x82148216, 0x30152311, 0x26823114, 0x76823020, 0x12841420, 
    0x2d831c20, 0x31202782, 0x1c223685, 0x62821f01, 0x17202882, 0x2f824385, 0x14161522, 0x0f821c82, 0x011c3122, 0x14200884, 0x32211e83, 0x268e8216, 
    0x17011c33, 0x41171632, 0x0e820e7b, 0x15062226, 0x3a150630, 0x1722d483, 0xe2841430, 0x18820f82, 0x41140621, 0x232205e6, 0x9342011c, 0x42222007, 
    0x15260596, 0x15311422, 0x15820614, 0x22062322, 0x0906b418, 0x23262227, 0x26312634, 0x05266434, 0x5d06d359, 0x115d0505, 0x18312005, 0x5a08eb53, 
    0x8b18073e, 0x486208f5, 0x8231200a, 0x34372232, 0x2e388636, 0x37353436, 0x3037013a, 0x36323336, 0x8627013b, 0x3422245b, 0x83342635, 0x26222854, 
    0x27263431, 0x82352630, 0x82222079, 0x7a342008, 0x2720068b, 0x2e220f82, 0x56852701, 0x34240c83, 0x34223526, 0x41822b83, 0x013c2322, 0x27201283, 
    0x3f83aa85, 0x34273423, 0x26a38622, 0x37313634, 0x5d070622, 0x26220573, 0xdf823122, 0x012e0722, 0x3582d982, 0x3c212283, 0x84998501, 0x0b0b63df, 
    0x31013c22, 0x5a82ac82, 0x3e201482, 0x3421b182, 0x25058237, 0x32373632, 0x165e3336, 0x2740820c, 0x2a35013e, 0x26222301, 0x9b850282, 0xb6862320, 
    0x3d013c23, 0x22538501, 0x8233013e, 0x867382d3, 0x210f82f1, 0x1645013c, 0x05705c0a, 0x210a5041, 0x4388013c, 0x092a8d18, 0xb98e1288, 0x14250e83, 
    0x012e2306, 0x20da8227, 0x85078235, 0x202e82df, 0x228a8735, 0x41313430, 0x3d2108bb, 0x06f45c01, 0x2a232222, 0x5d06c643, 0x072005a3, 0x07169318, 
    0x06221522, 0x23251182, 0x0e31010e, 0x23088501, 0x15063007, 0x20070244, 0x21148215, 0x05830622, 0x31061422, 0x8205064a, 0x1c232230, 0x82248201, 
    0x8215200e, 0x882a828a, 0x84398224, 0x21308257, 0x4f84011d, 0x2d845583, 0x33831282, 0x31140626, 0x1523012a, 0x23218e83, 0x23be8222, 0x30221527, 
    0x8205a861, 0x30152b4a, 0x30152306, 0x30011d22, 0x0b823106, 0x22143124, 0x2b821531, 0x22200c83, 0x73611784, 0x15232705, 0x0723011c, 0x86820715, 
    0x07075a19, 0x26222325, 0x82063023, 0x010f2491, 0x822f2206, 0x054642f4, 0x3437352f, 0x013e3736, 0x34323537, 0x30323531, 0x2909823d, 0x35313234, 
    0x35373533, 0x14833230, 0x2105e960, 0x1083013a, 0x37313627, 0x34333735, 0x21138532, 0x13823032, 0x82363221, 0x853f2027, 0x3733211d, 0x13823082, 
    0x87303421, 0x84302009, 0x244d8231, 0x30333634, 0x85368334, 0x36322162, 0x4b822182, 0x83323521, 0x066e7920, 0x83273521, 0x05514501, 0x31263023, 
    0x05966035, 0x35233522, 0x1520c582, 0x82055d65, 0x011d21d6, 0xf3821782, 0x3007232e, 0x0e233106, 0x07153101, 0x15233014, 0x3129db82, 0x0f010e15, 
    0x22301501, 0x07474531, 0x16362983, 0x0e010f14, 0x22062301, 0x35012e27, 0x27262207, 0x2207010e, 0x25822306, 0x82011c21, 0x05072130, 0x22221982, 
    0x76852326, 0x190b5d18, 0x7f825285, 0x312b0282, 0x17163215, 0x011d011e, 0x82070614, 0x737d185a, 0x06142107, 0x07204582, 0x7a424882, 0x013c2205, 
    0x70421827, 0x83222008, 0x221a8928, 0x82352634, 0x2634241a, 0x5e263027, 0x43180581, 0x24430c4b, 0x05de4305, 0x02434188, 0x10084310, 0x885e3685, 
    0x0e1b4305, 0x4305fe43, 0x088b0850, 0x858b1a8b, 0x4409157a, 0x36820812, 0x90013d21, 0x43128c87, 0xc18d128a, 0x91182d84, 0x3d8a0ad5, 0x3e2cbfaa, 
    0x36323501, 0x33323635, 0x17163235, 0x51490682, 0x84172008, 0x23168319, 0x17011e33, 0x4c06d160, 0x302205dc, 0xbc852f26, 0x2308bb62, 0x37363431, 
    0xd1844682, 0xbc858783, 0x013e312d, 0x35363437, 0x33013e33, 0x82333634, 0x485c831f, 0x53830532, 0x31011e26, 0x32151614, 0x8205b846, 0x011c2763, 
    0x06140715, 0xb0681c07, 0x098d480a, 0x490d9146, 0x23220ac8, 0x33832215, 0x06141523, 0x05694723, 0x1517312a, 0x3517013a, 0x3531013a, 0x57827f82, 
    0x81827582, 0x37013a22, 0x05821282, 0x0a019018, 0x30323323, 0x211d8235, 0x05833230, 0x33303423, 0x91911830, 0x3a312d0a, 0x35333501, 0x34313230, 
    0x32363132, 0x3321bd83, 0x20288237, 0x820b8233, 0x37332226, 0x21358433, 0x0f863531, 0x82363221, 0x82342011, 0x82198226, 0x33372512, 0x33363237, 
    0x5e824282, 0x37217082, 0x210c8430, 0x62833632, 0x99825382, 0x22823f86, 0x59822982, 0x8b823720, 0x83823320, 0x32210282, 0x228f8236, 0x82353337, 
    0x82312018, 0x83688257, 0x82352036, 0x830d8247, 0x232a82b3, 0x013b3632, 0x32269982, 0x35373534, 0xd9823733, 0x33323427, 0x3033013c, 0x82748334, 
    0x82128367, 0x82068375, 0x3634230d, 0x7b833435, 0x31216782, 0x21218235, 0x01823533, 0x3720b984, 0x84820d83, 0x8205ae4a, 0x05c94a47, 0x37013c2b, 
    0x2a35013c, 0x30352301, 0x43068322, 0x352005d3, 0x20053a66, 0x42068327, 0x066208bd, 0x850f8206, 0x0fd74709, 0x0f524318, 0x250ad447, 0x35312634, 
    0x61433630, 0x013d2105, 0x8582a482, 0x33013a22, 0x8205836c, 0x0ccd4618, 0x46182683, 0x0c930c81, 0x35342624, 0x42183022, 0x3d210868, 0x82958401, 
    0x30372781, 0x3e013d36, 0x07823501, 0x32303324, 0x65823533, 0x3b163230, 0x16323501, 0x17011e31, 0x30331630, 0xb1443116, 0xa3431807, 0x0779420e, 
    0x10ef4d18, 0x84089e4a, 0xa4518230, 0x08de62a1, 0x4109f948, 0xe2430a21, 0x09dc4307, 0x27823120, 0x3634352b, 0x37363235, 0x01333430, 0x26218507, 
    0x3015011e, 0x4a253114, 0xc24a0585, 0x1632220c, 0x22d18233, 0x8233011c, 0x3236221b, 0x84368233, 0x333623ec, 0xfc82013e, 0x013e3528, 0x3632013f, 
    0x0f833433, 0x37250582, 0x34313634, 0x24058236, 0x37343035, 0x23668235, 0x07232206, 0x2a08c24b, 0x07311406, 0x2235012e, 0x18342726, 0x430913b7, 
    0x834808f4, 0x013c2407, 0x4b012a31, 0x0f240522, 0x23062201, 0x085a9718, 0x08218018, 0x013a1526, 0x17161417, 0x34629784, 0x3a272105, 0x4205a548, 
    0x15210557, 0x83078217, 0x300526a6, 0x14302306, 0x23388223, 0x011c011d, 0x4c0ae34b, 0x1d250637, 0x1d143001, 0x823b8201, 0x1632214a, 0x33295382, 
    0x36303337, 0x32343331, 0x82d18233, 0x05244309, 0x34013b27, 0x30013b36, 0x221d8232, 0x8335013a, 0x211e8216, 0x10823331, 0x3a22fa82, 0x3c433701, 
    0x244a8209, 0x3e353430, 0x21028201, 0xb2493c33, 0x013d2106, 0x15238d82, 0x82070614, 0x3027288c, 0x17352532, 0x8601b004, 0x0f022300, 0x0a820f1f, 
    0x03060222, 0x820ec957, 0x7b3d2214, 0x2605823e, 0x02050301, 0x70020301, 0x012005f9, 0x01240b84, 0x02020204, 0x20085361, 0x82248202, 0x5640820f, 
    0x012008ab, 0x02304c83, 0x040c1b0d, 0x05030509, 0x08050103, 0x1e0f0104, 0x03206883, 0xba582c84, 0x95952a09, 0x95290194, 0x542a9594, 0x5c61832a, 
    0x21860848, 0x52786584, 0x60032707, 0x60c0605f, 0x3a595f60, 0x596b840d, 0x03200d0b, 0xc557888a, 0x85228d08, 0x965e820d, 0x82418d1f, 0x82012024, 
    0x246a83f1, 0x010f1d0e, 0x76de8403, 0x5993086f, 0x4c82138c, 0x02203682, 0x04203682, 0x48820382, 0x84030221, 0x08be584d, 0x09050124, 0x04820104, 
    0x58820620, 0x85085a58, 0x21358482, 0xdc7f0302, 0x8b052005, 0x010125b6, 0xbb5d5e5d, 0x7c600382, 0x0e584105, 0x8b0b2f5f, 0x11965c1a, 0x3385cc89, 
    0x2c0bb37f, 0x190d0101, 0x3332340d, 0x33333366, 0x05bb5802, 0x0c85d98c, 0x0f010227, 0x02010108, 0x05dc7202, 0x03010124, 0xb6823702, 0xc9825120, 
    0x14820220, 0xca834f82, 0x375a0d82, 0x0f694206, 0x910ba277, 0x0103215d, 0x5d835082, 0x0b170b26, 0x03040201, 0x01225d82, 0xea180501, 0xbd5a0880, 
    0x020e2e0d, 0x05020203, 0x27020201, 0x03020402, 0x054b4105, 0xfe020323, 0x820e82d5, 0x20118276, 0x05367703, 0x00820220, 0x83020321, 0x8438204f, 
    0x83328250, 0x84042002, 0x361b22ac, 0x822f831b, 0x200f833e, 0x08104101, 0x82068d77, 0x01022490, 0x821b381c, 0x84978218, 0x1c0e2291, 0x090f740e, 
    0x830dd45b, 0x0202280d, 0x5c2d2d2e, 0x852d2e2d, 0x86208c86, 0x0f01255d, 0x01010e1e, 0x04299d83, 0x03060202, 0x03040804, 0x070d4306, 0x59050c61, 
    0x9b420870, 0x4121850a, 0x85641940, 0x776f8905, 0xab5a0b04, 0x7c022008, 0xf15c09d3, 0x11874108, 0x85101143, 0x0d2d4210, 0x03213686, 0x20ca8201, 
    0x23578405, 0x0d1b0f03, 0x2622f583, 0x3083264c, 0x050a0525, 0x820a1309, 0x08b4421e, 0x1a780120, 0x24168309, 0x2c160102, 0x09735c16, 0x22110123, 
    0x0bef4311, 0x32653422, 0x04210e84, 0x21368245, 0xf985ecfa, 0x05030123, 0x050a5603, 0x02040122, 0x1a820282, 0x4308f242, 0x12210868, 0x21488223, 
    0x8f180223, 0x28840c7c, 0xc5860483, 0x08050124, 0x4c83c105, 0x03260f82, 0x03040201, 0x9e820123, 0xfe010223, 0x25b18605, 0x09040103, 0x82750305, 
    0xcc401808, 0x082e4108, 0xd7435184, 0x240e8709, 0x01152b16, 0x25168277, 0x012f0202, 0xdc443a03, 0x07334208, 0x1a433e88, 0x0de7410c, 0x4110a844, 
    0x42180f90, 0x17450edf, 0x0a8a6612, 0x410b5341, 0x5f8a0500, 0x20082560, 0x87268705, 0xed771822, 0x0ca6680a, 0x03203184, 0x7b185f88, 0x27830b73, 
    0x4484d685, 0xa7180e86, 0x4c870e8f, 0x02205f84, 0x78432886, 0x0817410a, 0xfa8e2885, 0x6a8b4c87, 0x32840420, 0x05820320, 0x2208ae41, 0x820a0102, 
    0x0201220e, 0x249e8804, 0x01010103, 0x0d507717, 0x01207b87, 0x880b9369, 0x2308846f, 0x02040302, 0x02844482, 0x0b870120, 0xfd440320, 0x05022105, 
    0x8606a563, 0x5d60823f, 0x46851244, 0x5d5d7888, 0x0c1b440b, 0x440e5642, 0xb84209eb, 0x893a8508, 0x0bf54118, 0x3e42248c, 0x0e42410f, 0x69099242, 
    0x158b0b63, 0x45428b88, 0x10a4420d, 0x178a8186, 0xe142e78c, 0x42ad8a0c, 0xb68909bd, 0xdc41c08c, 0x47f38509, 0xcc410790, 0x05fa6406, 0x02209b85, 
    0x0eb50819, 0xb3428b88, 0x824e840a, 0x061d427f, 0xdb5f0220, 0x42ac8407, 0xb2850d8e, 0x8508b842, 0x43058478, 0x3c840f03, 0x3585ee8c, 0x91608f8b, 
    0x41062008, 0xb1840a0a, 0x196a2588, 0x647d180d, 0x8201200d, 0x05514278, 0x440a0a43, 0x8d4508c2, 0x49c28d09, 0x08820857, 0x01030123, 0x22538404, 
    0x61040101, 0x05200609, 0x8608a043, 0x01022649, 0x04024c22, 0x27968502, 0x01080102, 0x03012001, 0x03261b82, 0x03150204, 0x00820103, 0x11011922, 
    0x03203c85, 0x29820f84, 0x20087e61, 0x09d64105, 0x090aaf18, 0x09cd4618, 0x04208b88, 0x220ce043, 0x85050208, 0x0e02228f, 0x21008201, 0x66490b06, 
    0x08be4108, 0x82050948, 0x84b91817, 0x04032309, 0x1f841303, 0x03020422, 0x2308d643, 0x7d010302, 0xbf868383, 0x4384668c, 0x83083647, 0x2038829f, 
    0x18d7820c, 0x430d7cb5, 0x8f4214a1, 0x09314508, 0x890c7941, 0x467d8480, 0x53430983, 0x08d94108, 0x2d861182, 0x8b08247c, 0x094443a6, 0x880e0b42, 
    0x05834a82, 0x42091b42, 0x99420e68, 0x20a48c19, 0x087c4702, 0x7c14b245, 0xb7450a6e, 0x11384b0d, 0x47081241, 0x3d8209bb, 0x8d0cfc45, 0x744618fc, 
    0x0b5c440c, 0x420b894c, 0x5e86083f, 0x85093646, 0x42058c4c, 0x78410858, 0x91568b08, 0x0fba440b, 0x1c450f89, 0x18418e15, 0x4112f27e, 0x92490904, 
    0x0ef04409, 0x890ef247, 0x0dda4bd0, 0x0d010122, 0x02201082, 0x08404118, 0x460d4e45, 0xdd452f30, 0x0bd4470d, 0x8d0d3f46, 0x0cee420d, 0x41114e48, 
    0xf9640d24, 0x6af68e0f, 0x4482052f, 0x8843fe21, 0x11022149, 0x08422484, 0x08f54209, 0x200c5a4a, 0xf5b41801, 0x0a554308, 0x0221348e, 0x173d4321, 
    0x4e092670, 0xbb450952, 0x4c7f1806, 0x2572830c, 0x0e010136, 0x85854101, 0x410aca41, 0x3a490ef7, 0x441a920b, 0x1b86085b, 0x0101c825, 0x63010121, 
    0x583606bb, 0x2600c003, 0x23010000, 0x010e0706, 0x020f0607, 0x012f012e, 0xfd61012e, 0x82372005, 0x255b0808, 0x17070616, 0x1e173307, 0x03071701, 
    0x21202348, 0x23244520, 0x07248025, 0x071d171d, 0x05050f17, 0x02010201, 0x010b180d, 0x0a0702db, 0x52190d0c, 0x102a390f, 0x191a2802, 0x1818301a, 
    0x490e3f17, 0x2b14044f, 0x140a1744, 0x0a13090a, 0xad142713, 0x11214525, 0x2c1f4115, 0x6400240d, 0x052105ef, 0x228382e8, 0x82350013, 0x62362085, 
    0x8c87056c, 0x74820120, 0x37232524, 0x37620b07, 0x2e072305, 0x09830f01, 0x27260637, 0x17271301, 0x36371607, 0x37363724, 0x2f289801, 0x3d3d6c2e, 
    0x089c8845, 0x01020230, 0x418e5004, 0x0437257b, 0x642f373b, 0x1f4a2a35, 0x4c8d4120, 0xfe08120a, 0xe0e9aed3, 0xb8b8bdbb, 0xadae6501, 0x080e01a9, 
    0x31461617, 0xad873e30, 0x0c062808, 0x87d74c05, 0xc7fe2001, 0x111a3319, 0x050a0a1a, 0x2d1e4304, 0x1010010f, 0x73feb001, 0x252c8e35, 0x4d4e0201, 
    0x8200734d, 0x00012600, 0x04c0ff00, 0x063f41b6, 0x1e2eb986, 0x011e3701, 0x07061407, 0x0e310138, 0x02820701, 0x2e22b389, 0xaa882701, 0x538a3836, 
    0x02022c2f, 0x262d0802, 0x263b6a2f, 0x4128274d, 0x0b094182, 0x05201082, 0x0a3b9488, 0x3a1f0109, 0x0408041b, 0x15112614, 0x06080a1e, 0x2a1c4b03, 
    0x0d0a020d, 0x821d4025, 0x830a207f, 0x8e05217f, 0x27087f82, 0x00390029, 0x00510041, 0x00870082, 0x0091008c, 0x009e0096, 0x010e2500, 0x26222123, 
    0x37013e35, 0x36373635, 0x27262734, 0x3e268082, 0x32213301, 0x97821716, 0x0607062c, 0x17161714, 0x0317011e, 0x29822634, 0xce660620, 0x11172108, 
    0x03231b85, 0x84061411, 0x34112242, 0x20358336, 0x26408205, 0x0f012a23, 0x5a231501, 0x3c82053a, 0x32021f24, 0x07821516, 0x36323324, 0x6a82033f, 
    0x08a82f19, 0x27072325, 0x82371707, 0x82068202, 0x25372702, 0x07273717, 0x89851101, 0x8c052108, 0xfb222705, 0x03282737, 0x0b180204, 0x180b0c0c, 
    0x03030302, 0xc9042427, 0x02062721, 0x0d1a0204, 0x1a200082, 0x5f250882, 0x17fc3231, 0x2f008232, 0x3132e903, 0x0b0a1661, 0x1f710a0b, 0x1e17fc1e, 
    0x03260082, 0xfe1f1ee9, 0x2582ae7b, 0xb2254582, 0x0503dd03, 0x29008301, 0x02ac0303, 0x03e00101, 0x02820306, 0x03e22708, 0x010303ab, 0x05010201, 
    0x0202dc03, 0x8d8b2b01, 0xba658b8d, 0x988db689, 0xc0c0c2be, 0xbd89d5fd, 0xc7feb690, 0x00820912, 0x1c0e2b08, 0x0a26261c, 0x61010a13, 0x5cbb5f5f, 
    0x110a5a5d, 0x1c212108, 0x070d061c, 0xc7626260, 0x07676566, 0xcb020810, 0x32333332, 0x0583dcfd, 0xc2025a2c, 0xb0575755, 0x23025a5a, 0x8e82dcfd, 
    0x24021e22, 0x7f310582, 0x01010156, 0x02690158, 0x06030404, 0x03050304, 0x218c8283, 0x008202ac, 0x8302ae22, 0x27080e82, 0x04030604, 0x01690204, 
    0x45441501, 0x6d695352, 0x8754576a, 0x93937070, 0x556c6a84, 0xfd120157, 0x53535471, 0x005051a4, 0x05370082, 0xc0ff0000, 0xc003e401, 0x7a002b00, 
    0x89008500, 0x00008c00, 0x76233513, 0x07200525, 0x21250684, 0x27353335, 0x20048233, 0x05d77d33, 0x82231521, 0x23272301, 0x0e830715, 0x1f230123, 
    0x200f8301, 0x832a8433, 0x84232009, 0x842b8225, 0x850d8527, 0x20438917, 0x84168537, 0x84272010, 0x82212059, 0x3307223f, 0x824b8215, 0x357f8249, 
    0x37011523, 0x010f2735, 0x016a9717, 0x01081503, 0x028b0103, 0xe7821507, 0x02640530, 0x0dbd0c02, 0x4d010401, 0x0101061d, 0x13861101, 0x01040228, 
    0x0103cd01, 0x2f820402, 0x02031325, 0x82021506, 0x07173f18, 0x8c010201, 0xfe1d0701, 0x3601015b, 0x25010333, 0x3eb73737, 0x0164033e, 0x02010565, 
    0x3f821a0c, 0x01092024, 0x2a826205, 0x09170338, 0x03160701, 0xdb0a0bfe, 0x04020201, 0x03030162, 0x02060a02, 0x7a820103, 0x66031130, 0x02010204, 
    0x01010adb, 0x08010349, 0x5482038a, 0x014f0a30, 0x41013d41, 0xb0fe0102, 0x05380536, 0xeb443933, 0x02430805, 0x00c00359, 0x01000016, 0x2f07061f, 
    0x042f3701, 0x15333523, 0x0702011f, 0x0c080714, 0x2411080a, 0x0e040614, 0x07120808, 0x1a203851, 0x96437702, 0x1a032539, 0x123f0b35, 0x97382907, 
    0x1741122d, 0x82001701, 0x00012600, 0x01c0ff00, 0x2e4b8284, 0x13000004, 0x35231533, 0x02fbfb89, 0x824141b3, 0x8302201b, 0x2905211b, 0x23086784, 
    0x010000da, 0x1d062223, 0x3b161401, 0x37363201, 0x013d013e, 0x2e272634, 0x1e252301, 0x06141701, 0x010e010f, 0x23210383, 0x20248407, 0x20198206, 
    0x2312822b, 0x2f262223, 0x2b230682, 0x18062201, 0x820b077e, 0x0e272230, 0x86238201, 0x0e656902, 0x58833620, 0x62821a82, 0x6c826983, 0x16363729, 
    0x17163217, 0x8231011e, 0x011e2208, 0x200b8433, 0x82188215, 0x1716238c, 0x0982012e, 0x13823720, 0x34200683, 0x93693283, 0x86a88406, 0x3216240b, 
    0x82013a33, 0x1c15210b, 0x1807a569, 0x08071b7e, 0x02011f51, 0x090a6056, 0x0e330a09, 0x09080a17, 0x07030203, 0x04c90204, 0x01010105, 0x1315021a, 
    0x010e0d5e, 0x0a0a0a9a, 0x050c0709, 0x05110dd4, 0x01020503, 0x870a150a, 0x09020d0c, 0x030a0807, 0x02021713, 0x10100404, 0x100d1308, 0x43342a3b, 
    0x8214100e, 0x05072a22, 0x12111217, 0x02070402, 0x08488205, 0x020c0c29, 0x06071112, 0x0e030606, 0x030e0a0a, 0x041e2103, 0x03020206, 0x061c2105, 
    0x1c192a30, 0x0a030404, 0xfd040a05, 0x82081107, 0x0b012674, 0x070c040b, 0x0809820e, 0x0f04042a, 0x15040715, 0x05151111, 0x06060902, 0x3908050a, 
    0x0b110630, 0x09090c02, 0x0403030b, 0x1b1e0301, 0x03040704, 0x04020105, 0x28080582, 0x48021b03, 0x0a37090a, 0x0808080a, 0x050f0911, 0x06050409, 
    0x010201d4, 0xbc070701, 0x1a06120b, 0x05030304, 0x0d0e3c05, 0x08798201, 0x05060437, 0x1110100c, 0x0f110210, 0x4c0b1a0f, 0x37131865, 0x07050c24, 
    0x02030305, 0x110c090d, 0x0d130605, 0x191c280d, 0x48444660, 0x08100906, 0x0a0b180e, 0x10020d18, 0x087d820f, 0x170f8b21, 0x090e0408, 0x01030b08, 
    0x02040605, 0x06020203, 0x04010206, 0x05080404, 0x04020204, 0x82070304, 0x02033277, 0x05010e03, 0x01060505, 0x02040106, 0x06070608, 0x21288201, 
    0xba820101, 0x820a0321, 0x2236822e, 0x82010303, 0x82012018, 0x05db5634, 0x82000921, 0x032a0800, 0xc0ff0000, 0xc0038306, 0x3f0b9709, 0x0000430b, 
    0x31363401, 0x37333632, 0x3733013e, 0x34313234, 0x35013b36, 0x013f3632, 0x06823630, 0x37391982, 0x3a313630, 0x013c3301, 0x3a353335, 0x1e151701, 
    0x32153101, 0x32011f16, 0x22078316, 0x82163231, 0x8233200d, 0x16302a0c, 0x3b321415, 0x16321701, 0x831c8333, 0x0a365807, 0x31220a86, 0x4b823332, 
    0x59613220, 0x19352006, 0x21085e07, 0x79833033, 0x33236a83, 0x83373634, 0x8232206c, 0x210a8287, 0x82823432, 0x3c013d22, 0x7d829c82, 0x17153330, 
    0x14331430, 0x14153332, 0x17331516, 0x0e821614, 0x3a821520, 0x33163025, 0x8217011c, 0x011c2159, 0x15216886, 0x63128332, 0x3120051f, 0x1e26b383, 
    0x16303301, 0x0682013b, 0x30229588, 0x38841514, 0xb8823120, 0x1d593f82, 0x14302209, 0x83398331, 0x82538210, 0x82598526, 0x07401808, 0x180b840b, 
    0x66080140, 0x0e9b05e3, 0x1d285f85, 0x31012a01, 0x15232226, 0x1c200682, 0x8405595d, 0x283f8609, 0x15010e15, 0x30070630, 0x20498206, 0x056c6131, 
    0x20060c61, 0x82db8223, 0x15232517, 0x30221507, 0x94593d82, 0x83072005, 0x26352609, 0x23262223, 0x82538326, 0x0c175b25, 0x2365d48c, 0x83c9b108, 
    0x012a2247, 0x82918223, 0x2326217e, 0x0d83b282, 0x0e220382, 0x4d832301, 0x30312229, 0x23153114, 0x82311422, 0x07312481, 0x82062223, 0x20cb820d, 
    0x25738207, 0x23152230, 0xf8830614, 0x1c820720, 0x07094018, 0x23220624, 0x0f831507, 0xc482eb82, 0x0f211682, 0x21db8201, 0x695a011c, 0x086d5a07, 
    0x15835982, 0x5f180682, 0x2585089f, 0x013a152c, 0x17161433, 0x30311614, 0x12863316, 0x84143021, 0x151724ff, 0x82312214, 0x22ad824e, 0x831c3106, 
    0x821420b8, 0x8231203c, 0x30232668, 0x06301506, 0x207e8223, 0x20c68215, 0x240a8207, 0x14312230, 0x054e4106, 0x82063021, 0x214084b0, 0x8e82011c, 
    0x83089466, 0xb85c18c5, 0x103f410a, 0x4105bd41, 0x0c880c6c, 0x09853120, 0x4b5bce8a, 0x088a4208, 0x0786df87, 0x0bf01019, 0xd5868d84, 0x410b1c41, 
    0xd484050e, 0x4c849d85, 0x23012a23, 0x058d6435, 0x013c3122, 0x8406b865, 0x05e65c06, 0x092b5c18, 0x43013d21, 0xf55c057c, 0x056c5b07, 0x22841382, 
    0x35850787, 0x3d212b83, 0x8b0b8501, 0x065f5e53, 0x180e6560, 0x650bc879, 0xe7430541, 0x8c2a8409, 0xd1f0180e, 0x22232212, 0x26cb8230, 0x07010e15, 
    0x64311422, 0x31200539, 0x82053964, 0x2622252c, 0x35263423, 0x8e830582, 0x5185ed82, 0x0e8abd88, 0x093d7a18, 0x0e891d84, 0x0541728a, 0x05324107, 
    0x08186c18, 0x3205d65c, 0x011d011c, 0x15232226, 0x15140607, 0x07150622, 0x8223011c, 0x82152093, 0x290a820d, 0x22061531, 0x15011c23, 0xa1860614, 
    0x83061421, 0x0562430e, 0x23062222, 0x2c05b668, 0x010f010e, 0x1c311430, 0x06143101, 0x820b821d, 0x012a221e, 0x222a8207, 0x42143015, 0x0e2206ec, 
    0x0b833101, 0x6f835982, 0x82056d61, 0x1507236e, 0x13430630, 0x22168305, 0x82070622, 0x22798246, 0x8215010e, 0x82308243, 0x85188346, 0x22058250, 
    0x4223010e, 0x07210624, 0x82b7820e, 0x2106847e, 0x1b823316, 0x83321621, 0x1c172305, 0x38821701, 0x17163224, 0xe0893230, 0x31011c22, 0x5d826682, 
    0x8206c242, 0x31d28287, 0x012b012e, 0x2a353430, 0x2e352701, 0x22342701, 0x5e822e23, 0x2f2a0f83, 0x23012a01, 0x22352622, 0x15852326, 0x31012e26, 
    0x013d013c, 0x26200f83, 0x2305d967, 0x27262227, 0x5f06f741, 0x2384085b, 0x42078641, 0x08420814, 0x270e8305, 0x3237013e, 0x34303736, 0x35222782, 
    0x02823634, 0x08d59918, 0x11821d83, 0x41363221, 0x558309bf, 0x31323022, 0x3d251982, 0x31323601, 0x2381833e, 0x32363533, 0x2505305e, 0x36303531, 
    0xbc823533, 0x83363221, 0x82748210, 0x823e8802, 0x82342068, 0x214d8468, 0x2082013a, 0x013c3123, 0x225f8231, 0x82333234, 0x36302205, 0x89208233, 
    0x32352172, 0x33234383, 0x47353436, 0x3320051a, 0x35202c82, 0xaf842186, 0x13822e82, 0x6483af83, 0x3e313423, 0x830b8201, 0x827f8521, 0x222d8252, 
    0x8335013c, 0x013e2124, 0xd75e9982, 0x013d2105, 0x37875884, 0x31206483, 0x2785a584, 0x0b843720, 0x83303721, 0x820b834f, 0x820b8243, 0x834c847b, 
    0x3431233c, 0x6a833f36, 0x31207082, 0x31205282, 0x0f823082, 0x32203685, 0x84050168, 0x013d2461, 0x4327012e, 0x3520052d, 0x0c821d82, 0x65223021, 
    0x35220596, 0xdb412630, 0x27262405, 0x18232622, 0x220bcfd6, 0x4323012a, 0x14820567, 0x26302328, 0x23012e31, 0x0b82012e, 0x35223182, 0x0e833430, 
    0x23210982, 0x823e8222, 0x2a272226, 0x214f8301, 0xcb412622, 0x057d4406, 0x44057a44, 0x79820832, 0x41089344, 0x9e4312fc, 0x430e8e0e, 0x504205ad, 
    0x8b83820a, 0x30e11850, 0x66332008, 0x81440819, 0x84312005, 0x33322173, 0x3e332f82, 0x34363301, 0x35013e35, 0x33363233, 0x35373634, 0x82353630, 
    0x82168209, 0x013e2313, 0x12823037, 0x82323721, 0x06407204, 0x30221882, 0x18823334, 0x38822b82, 0x82013a21, 0x82352044, 0x20038230, 0x06574137, 
    0x31363224, 0x72833533, 0x18013d21, 0x840acd9b, 0x30332273, 0x20078236, 0x29068335, 0x3c333634, 0x16323501, 0x78481517, 0x16142607, 0x1f011c33, 
    0x05134601, 0x33321522, 0x0e493c82, 0x21c98707, 0x1582013d, 0x2e033724, 0xe7842301, 0x41343521, 0xcc41065c, 0x26302105, 0x2e221683, 0x16822701, 
    0x27012a26, 0x1723012a, 0x25050844, 0x17153331, 0x5d823014, 0x32173137, 0x14333116, 0x14013b16, 0x16323116, 0x16321533, 0x14303315, 0x21c68231, 
    0x0a823017, 0x3a268b83, 0x15171501, 0x20821733, 0x32141524, 0x9d82013b, 0xa7832882, 0x1e331722, 0x2305346e, 0x15010e07, 0x2508a047, 0x23151422, 
    0x6b822307, 0x82054e68, 0x2c0b829a, 0x27312630, 0x2b012a35, 0x23222601, 0x230b8234, 0x22313422, 0x2223aa82, 0x82352723, 0x822720a4, 0x26302124, 
    0x34201184, 0x3c821186, 0x88223421, 0x22342611, 0x35342223, 0x29118227, 0x30232634, 0x35233526, 0x33823527, 0xe383ee84, 0x3c352328, 0x3c273501, 
    0xea833d01, 0x82013d21, 0x8273820c, 0x15072595, 0x07310614, 0x08fca118, 0x82061421, 0x2c0b1913, 0x010e2109, 0x31200e82, 0x30211482, 0x06f56c06, 
    0x1c210882, 0xb20e1901, 0x220b8209, 0x82150630, 0x82088226, 0x05be63f0, 0x25056841, 0x34333632, 0x49443136, 0x013d2305, 0x84443632, 0x36342509, 
    0x27263437, 0x7c42ae82, 0x012e2205, 0x05806335, 0x05250e82, 0x03333523, 0x6f411812, 0x5560180e, 0x04032508, 0x08040203, 0x5a05cc5b, 0x52540edb, 
    0x01032305, 0x00820102, 0x4b4b4b23, 0x5d038297, 0x985308ed, 0x150a220a, 0x822a850a, 0x09b3541c, 0x56040221, 0x0120053b, 0x03200082, 0x1c820a82, 
    0x0b020424, 0x17830c16, 0x1a0d0325, 0x8503010d, 0x5902202e, 0x288508af, 0x050b0536, 0x65323233, 0x06323332, 0x0301060c, 0x080f0801, 0x02060d06, 
    0x658a2689, 0x5918b687, 0x31820a6d, 0x02030224, 0x77180406, 0x988d0cfd, 0x41540120, 0x39012305, 0x6e5d3870, 0x1109280a, 0x03060309, 0x83050301, 
    0x52292513, 0x1830172a, 0x8209e656, 0x0f8954bf, 0xf5842682, 0x635fda85, 0x0c1b620d, 0x27606d84, 0x3831850b, 0x01080e08, 0x0d0a1309, 0x01010e1b, 
    0x050e1e0e, 0x0b020309, 0x03010c18, 0x82808302, 0x0201248c, 0x86040804, 0x09f2579f, 0x5c07a155, 0x5584056d, 0xe1891284, 0x6013e75b, 0x4c840c0e, 
    0x03010222, 0x7e583782, 0x08d95708, 0xde8a088b, 0xc25b3385, 0x02012108, 0x8605b441, 0x1101257f, 0x04021023, 0x08b87618, 0x2b821584, 0x83010221, 
    0x210d8365, 0x0b820303, 0x455acc85, 0x84058405, 0x82b88495, 0x20218275, 0x05184101, 0x02030122, 0x05201483, 0x01220d82, 0x05840401, 0x01020324, 
    0x51840504, 0x07010126, 0x0503080e, 0x48279a84, 0x478f4747, 0x82014748, 0x82542000, 0x85298203, 0x05022695, 0x2613050a, 0x10b34113, 0x64097156, 
    0xd441086e, 0x41518409, 0x042109b7, 0x0c0e5d06, 0x9564a584, 0x13044308, 0x8e08565e, 0x08aa6065, 0x4108f35f, 0x032009d3, 0x2208bc5e, 0x84336634, 
    0x01012262, 0x84008202, 0x25098233, 0x01010dfe, 0xa3898003, 0x8c05f441, 0x0ca8580f, 0x84010221, 0x01032451, 0x82050102, 0x43072003, 0x042005b9, 
    0x79581584, 0x6143910d, 0x648908b7, 0x0a820220, 0x84040121, 0x055b412a, 0x5e83c285, 0x03205a83, 0x0aa22a1a, 0x28832488, 0xa642c982, 0x894f840a, 
    0x0b9541f3, 0x80410b8c, 0x23f88208, 0x04010101, 0x0a634618, 0x28820120, 0x84062242, 0x8401204d, 0x841485ac, 0x0ac05879, 0x95630f8a, 0x188a9c10, 
    0x8409885e, 0x650220e6, 0x5e18055c, 0x64180b81, 0xea7d13e9, 0x06254105, 0x22056341, 0x83060101, 0x02092535, 0x08010209, 0x03871282, 0xb4831d84, 
    0x09820420, 0x04020222, 0x0b20d583, 0x0a200482, 0x088b7e18, 0x4108e05d, 0xe641109e, 0xe09b180c, 0x1859410c, 0x01214c84, 0x06124301, 0x0220a182, 
    0x05233782, 0x82070202, 0x82072006, 0x41df8306, 0x89450610, 0x08e05f05, 0x822f0121, 0x84112017, 0x8905201b, 0x82042089, 0x8306200a, 0x060221d3, 
    0x02210982, 0x20048209, 0x221e8305, 0x85010214, 0x85062011, 0x2132862b, 0x99830105, 0x82020621, 0x8402201c, 0x05865d50, 0x16820320, 0x93820220, 
    0x10851782, 0x8b830220, 0x07231482, 0x83040301, 0x42378392, 0xeda50c17, 0x420fdc5b, 0x8f420b80, 0x092a4107, 0x6aa0d589, 0x1808f05f, 0x8508074c, 
    0x4105205a, 0x04220549, 0x16440101, 0x08a16306, 0x02020123, 0x44609306, 0x02200818, 0x0868d518, 0x0a840320, 0x03020122, 0x46835c82, 0x09878018, 
    0x5f822388, 0x02201c82, 0x8907c343, 0x08c25bc3, 0xe5840886, 0x04208c84, 0x6e458a84, 0x43012005, 0x0120054d, 0x06234f84, 0x82070103, 0x02042209, 
    0x0db66602, 0x880c5744, 0x20af8561, 0x08134504, 0x840efd5d, 0x11584727, 0x842a7f43, 0x830320ac, 0x418f82a0, 0x834205fb, 0x11ab4309, 0xb8426b87, 
    0x0852600a, 0x4b840220, 0x08c94218, 0x2a41f584, 0x1001450f, 0xdb43208b, 0x0c5d6209, 0x0220338f, 0x20078d42, 0x21628203, 0x41820301, 0x05020222, 
    0xc3836d85, 0x2608be45, 0x01070102, 0x42050102, 0xba181071, 0x0620096d, 0x8208a445, 0x46012034, 0x33830a90, 0x84090847, 0x20758597, 0x05b84303, 
    0x5b491185, 0xd8a01809, 0x23cd420b, 0x0320e989, 0x07829e86, 0x20058e44, 0x0e795d04, 0x46478a84, 0x2b9a180c, 0x67b58709, 0xbe861359, 0x58844d89, 
    0x73844885, 0x830a1741, 0x01032115, 0x03204d83, 0x410ccd49, 0x01200641, 0xfe210783, 0x0c044466, 0x09684418, 0x200d2745, 0x84af8502, 0x9e081967, 
    0x0cda5f0b, 0x410c9241, 0x0243090b, 0x1252450b, 0x73461287, 0x8c7d880c, 0x05034246, 0x49052c43, 0x0e85088b, 0x01201a83, 0xa8829982, 0x6f470220, 
    0xcfba1809, 0xb66b180e, 0x4370820d, 0x51470521, 0x0124231c, 0xab590000, 0x03063205, 0x007800c0, 0x0100009f, 0x23343031, 0x22312230, 0x058d7726, 
    0x2615273a, 0x16363736, 0x30313717, 0x2e013922, 0x010e0701, 0x17011e17, 0x2a23012a, 0x09a07119, 0x27311482, 0x07062231, 0x15010e31, 0x17161431, 
    0x33011e31, 0xed421816, 0x3231250a, 0x32163336, 0x29058a73, 0x01383117, 0x31143231, 0x5e5f3733, 0x214c8205, 0x5f823233, 0x1430132e, 0x011e3133, 
    0x013e3137, 0x27013e37, 0x82821c82, 0x06823120, 0x16206e83, 0x0805965f, 0x07272620, 0x01012103, 0x29050b05, 0x03021d46, 0x241c0901, 0x065b862b, 
    0x2c8b5f01, 0x010b212c, 0x13820103, 0x060b062e, 0x1a213716, 0x4534314b, 0x0f312212, 0x08072f41, 0x1001033b, 0x46122334, 0x1a4b3034, 0x06163620, 
    0x0604050a, 0x24310d04, 0x01050904, 0x08040601, 0x0d2d2004, 0x0125411c, 0x06040a04, 0x5c3e01f2, 0x071d161c, 0x06060206, 0x02015c63, 0x081e8201, 
    0x544d2235, 0x05010407, 0x1b111706, 0x02063c57, 0x050201a6, 0x0a050105, 0x2e220105, 0x12060e0b, 0x0e05140f, 0x032a370e, 0x01010308, 0x13050708, 
    0x04120d0d, 0x4c020707, 0x03200599, 0x022a0782, 0x12040806, 0x06120d0e, 0x14820806, 0x1e3b1c23, 0x264e8204, 0x0307030f, 0x8219351b, 0x0123087f, 
    0xf3fe0f01, 0x060c1001, 0x0e101404, 0x3c231a28, 0x02010119, 0x33171901, 0x0d23161e, 0x04040f0c, 0x180e0f0b, 0x3a081bb1, 0x00c00394, 0x003f001b, 
    0x010000a5, 0x3727012e, 0x23353717, 0x17072735, 0x830f3115, 0x3107230f, 0xa660011e, 0x27062105, 0x262c1e82, 0x3f331327, 0x33323001, 0x01390138, 
    0x30211985, 0x068a4116, 0x0e270728, 0x010e0701, 0xeb76010f, 0x820c8405, 0x011f220f, 0x06bc4134, 0xc5411720, 0x14172305, 0x1c821516, 0x37013e22, 
    0x06842c83, 0x05820720, 0x38850288, 0x15860e82, 0x5b343621, 0x6f82069e, 0x06168c08, 0x072e0407, 0x4214070f, 0x418a1c2d, 0x18210614, 0x34161a31, 
    0x26142d60, 0x2db51512, 0x234c2a29, 0x01b72023, 0x01012b06, 0x1a2d6134, 0x0102162e, 0x04040704, 0x84470409, 0x08060a03, 0x051a0e16, 0x0f08050b, 
    0x070e0709, 0x08080f07, 0x02180602, 0x090c0303, 0x0c0a1409, 0x160e0c16, 0x01010207, 0x160d090a, 0x080b0209, 0x0b1c1013, 0x07131806, 0x1008060c, 
    0x040b0708, 0x01040a04, 0x140a0303, 0x07130e09, 0x03060336, 0x82010403, 0x05390800, 0x060b0404, 0x02010302, 0x77020301, 0x2a040a05, 0x17125b24, 
    0x01311c61, 0x0c09550f, 0x0f053604, 0x0508040a, 0x0356fecf, 0x14190506, 0xbc011c14, 0x0f06690f, 0x060b0509, 0x82328201, 0x6ba7269a, 0x0d09150b, 
    0x3549820d, 0x02040201, 0x07060803, 0x21111218, 0x12080b0f, 0x07140d09, 0x57820606, 0x17060537, 0x07030d10, 0x0d1d1103, 0x100a0e02, 0x01190b1a, 
    0x2d170b0c, 0x822c8214, 0x170a36b7, 0x0d1a0d0c, 0x09010402, 0x2d12010a, 0x1107231a, 0x0911090a, 0x26dc8208, 0x12090710, 0x830d0609, 0x97031005, 
    0x05359903, 0xc0ff0000, 0xc003640a, 0x55025102, 0x87026f02, 0x0000c102, 0x05747601, 0x17011e23, 0x05624515, 0x36323327, 0x33013a33, 0x2118861f, 
    0x54191416, 0xd07d086e, 0x23072605, 0x14272622, 0x34158306, 0x1407012a, 0x15073106, 0x012a2307, 0x27260623, 0x010f0622, 0x05514523, 0x15011c22, 
    0xdd5c5882, 0x84148508, 0x212d8205, 0x4383010e, 0x012e3525, 0x82012e27, 0x013d2205, 0x1ee81827, 0x013e2208, 0x225e8235, 0x582f012e, 0x232005be, 
    0x82056f61, 0x26222212, 0x21648235, 0x65823007, 0x82272621, 0x82028209, 0x010e2846, 0x3634012b, 0x82013c37, 0x84352002, 0x462b205e, 0xcc820629, 
    0xdd888e83, 0x1e25dc85, 0x06221501, 0x21b78207, 0xa8832206, 0x23062222, 0x05820e82, 0x8805a57d, 0x235c820b, 0x31343027, 0x0f46a084, 0x82352005, 
    0x822b822e, 0x050e4102, 0x8455058b, 0x22278505, 0x41010e27, 0x15240547, 0x26340733, 0x1d232e8e, 0x82061601, 0x85298638, 0x07af465d, 0x013e3723, 
    0x67ec8437, 0xc34806bc, 0x26232305, 0x95820722, 0xb2480520, 0x07da4806, 0xf8183d20, 0x4241094c, 0x85352005, 0x36322446, 0x82013a37, 0x21332102, 
    0x02874d82, 0x88013f21, 0x181f820c, 0x230aca4b, 0x17011e17, 0x32242e82, 0x013a3136, 0x33240b83, 0x35331517, 0xa0180182, 0x15201d17, 0x34215b86, 
    0x05137836, 0x5d823720, 0x623e3321, 0x4682069e, 0x21051528, 0x1e012115, 0x32633b01, 0x84352005, 0x472b20d4, 0x152505a7, 0x14251614, 0x07c17e06, 
    0x85012e21, 0x282982b6, 0x2e251516, 0x26222701, 0x05af4127, 0x14210582, 0x05474116, 0x08f1a018, 0x3e206783, 0x26203182, 0x41056049, 0x32080844, 
    0x03c30923, 0x03060304, 0x03030602, 0x02010103, 0x07040902, 0x02040202, 0x0203024c, 0x02010302, 0x05070102, 0x08090f06, 0x0607040c, 0x08030704, 
    0x82050804, 0x08092113, 0x02372282, 0x07040703, 0x150f0d15, 0x02050305, 0x0c060304, 0x01070606, 0x82010201, 0x02032303, 0x3b820403, 0x05060432, 
    0x120d0d13, 0x04050206, 0x01020303, 0x01050406, 0x03215682, 0x21008202, 0x41820304, 0x08820720, 0x04240782, 0x03020605, 0x3a831a82, 0x76851520, 
    0x01010324, 0x43820204, 0x542a7282, 0x06010101, 0x110d0d12, 0x13823804, 0x01223582, 0x19820304, 0x04030f2e, 0x04050904, 0x0d06060a, 0x03070307, 
    0x02217484, 0x20478205, 0x21258202, 0x73820b05, 0x0a220b86, 0x9f820b15, 0x7a821a82, 0x060b063d, 0x080e0707, 0x05070d07, 0x04040409, 0x060f0825, 
    0x07040b05, 0x09060308, 0x82060303, 0x03033939, 0x10040305, 0x0f1e0f0d, 0x0f102112, 0x13080514, 0x04100b0a, 0x04030e0e, 0x04239c82, 0x8202020f, 
    0x06032479, 0x820c0503, 0x04032840, 0x03010205, 0x820b0f06, 0x1a0b3b30, 0x0b190d0f, 0x02010d0c, 0x08080202, 0x0e0e1406, 0x05051726, 0x3a141703, 
    0xa1831008, 0x090f0622, 0x0c338782, 0x0e0b0914, 0x023cfd04, 0x08060702, 0x11080910, 0x820e0a09, 0x34538286, 0x01020102, 0x0e010909, 0x101c0c0d, 
    0x11122310, 0xf2010c1e, 0x08338205, 0x0a091222, 0x09070913, 0x08051d02, 0x02070403, 0x07171a04, 0x05040108, 0x0e110301, 0x070c180c, 0x140e0e14, 
    0x74821582, 0x03022408, 0x02070501, 0x47050920, 0x19231a27, 0x1f231e25, 0x17251f24, 0x26251629, 0x1107f601, 0x030f0b0a, 0x82010101, 0x0a033e68, 
    0x0d060b06, 0x050a0506, 0x02030a08, 0xfd47fd02, 0xfe2702d9, 0x080d0548, 0x070e067f, 0x34008205, 0x7f060e07, 0x07050d08, 0x3bfd0707, 0x0c050404, 
    0x0a063c08, 0x32178204, 0x060a0405, 0xfe10113c, 0x0a160c36, 0x0106100b, 0x82020201, 0x04013403, 0x170c0b0e, 0x0f16090b, 0x0e0e1b0d, 0x130c0e1b, 
    0x82050507, 0x083108d3, 0x0e130603, 0x08121f0c, 0x180b0c15, 0x024f030d, 0x14080306, 0x0d190d0c, 0x0305022c, 0x01040805, 0x07040501, 0x060a0503, 
    0x06040b06, 0x04020307, 0x834f8302, 0x0b062504, 0x03080605, 0x17255a83, 0x05050116, 0x82b48202, 0x08360850, 0x090a0204, 0x0b0b1307, 0x2211111c, 
    0x0e1f0f10, 0x0e0a180e, 0x0c070915, 0x03080405, 0x05020207, 0x06030206, 0x070b0204, 0x05030c0a, 0x1c462b04, 0x10102a1b, 0xe4840818, 0x02050223, 
    0x24ac8209, 0x03020503, 0x4fb38203, 0x02230866, 0x82040702, 0x82032034, 0x080b3e17, 0x0f050707, 0x0b15090a, 0x010f1b0c, 0x10020801, 0x16250e0e, 
    0x1d1b3217, 0x1e0e1c39, 0x4e41820f, 0x0d860d3a, 0x21011d2c, 0x391f1e3e, 0x0f281a19, 0x1383100f, 0x07216082, 0x27de8204, 0x03030603, 0x03030105, 
    0x1283d482, 0x0426d182, 0x06071a13, 0x6c820309, 0x28830f20, 0x080a0230, 0x0b0a1308, 0x0c080915, 0x06031e03, 0x2a820405, 0x0705083d, 0x0e07090f, 
    0x040c0907, 0x03050703, 0x250d0d11, 0x29411819, 0x10101606, 0x82160616, 0x020121c1, 0xc2820183, 0xfb020223, 0x2e0a8201, 0x02040201, 0x60040905, 
    0x12122411, 0x8241091b, 0x0e06253a, 0x08110906, 0x1d835382, 0x04272282, 0x02040402, 0x82020603, 0x02142328, 0x15820305, 0x52060421, 0x11230534, 
    0x82190e0e, 0x52022067, 0x03260528, 0x3a100103, 0x008e1123, 0x0f062331, 0x060f0a09, 0x02040906, 0x0c060306, 0x82070505, 0x08083448, 0x0609130a, 
    0x0f2e030a, 0x04054dfe, 0x0a050504, 0x82100a06, 0x200a8208, 0x200a8210, 0x20e482c2, 0x24008205, 0x08060903, 0x2316820d, 0x033a1111, 0x2f08b183, 
    0x0f0f190a, 0x20101120, 0x04130e0f, 0x04040803, 0x05050104, 0x06050a04, 0x0a06060d, 0x070c0604, 0x0d0d1607, 0x02030916, 0x03050804, 0x05040305, 
    0x2b059f4e, 0xc0039f08, 0xda009000, 0x14010000, 0x27070f68, 0x21072721, 0x35232707, 0x15250182, 0x010f1517, 0x0dc44c21, 0x46072321, 0x2e20051a, 
    0x25064c47, 0x0703012f, 0x28462517, 0x013e240b, 0x45263637, 0x35240801, 0x013f3626, 0x08e9a518, 0x16363334, 0x3f173717, 0x021f3501, 0x35331521, 
    0x17333521, 0xd9453715, 0x17372506, 0x21371721, 0x20061c68, 0x09c34605, 0x83160621, 0x45768513, 0x37200567, 0x8508b147, 0x011e241b, 0x68321617, 
    0x91450582, 0x463f2005, 0x2e260682, 0x08012f01, 0xf182029f, 0x02027e08, 0x0544fe02, 0x09abfe09, 0x1e30910c, 0xfe030707, 0x020301bc, 0x03020603, 
    0x07041a1c, 0x090b0303, 0x060b0495, 0x0807120c, 0x0b02030b, 0x070d0608, 0x0f02490a, 0x0101cefe, 0x090a0d05, 0x0a01101a, 0x01050409, 0x05050402, 
    0x120f0e12, 0x01060505, 0x34030101, 0x05020503, 0x0a010105, 0x03080408, 0x1e132b07, 0x01095b17, 0x2b01ae37, 0x0a0a0848, 0x0a942b1d, 0x0a55010d, 
    0x07b6010a, 0x2a248203, 0x40fa0101, 0x05110da2, 0x83010907, 0x02022933, 0x0a010301, 0x06020603, 0x26081b82, 0x0804090b, 0x070b0504, 0x0806120d, 
    0x0203020a, 0x070d0404, 0x070a1308, 0x100c0e15, 0x1e230503, 0x03031f1d, 0x82160a0f, 0x08220832, 0xee020a05, 0x070b1c11, 0x0604080f, 0x06020403, 
    0x32151a04, 0x31051905, 0x07030201, 0x3e460805, 0x98820807, 0x04020623, 0x21648403, 0x65820201, 0xfe03013e, 0x031722cb, 0x2b15230e, 0x49272751, 
    0x12150223, 0x08040d09, 0x0904050e, 0x01070505, 0x05234382, 0x82150c10, 0x090424d1, 0x82070706, 0x1b2534d8, 0x0d18395d, 0x04060701, 0x011a0a27, 
    0x2914170c, 0x82010606, 0x090f341c, 0xbd0f1b0a, 0x06120c01, 0x08020b0a, 0x0f050a11, 0x82070409, 0x070c2a76, 0x0e09150d, 0x0a050d1a, 0x22868203, 
    0x82060a04, 0x140a28bb, 0x060e080a, 0x73020806, 0x202208f9, 0xb0823c1e, 0x05823082, 0x7f420120, 0xc6042b05, 0x6c00c003, 0x0000b600, 0x6c422301, 
    0x05754232, 0x42306c42, 0x1520095b, 0x213e5b42, 0x4a42c604, 0x026c0805, 0x05040103, 0x191d0302, 0x02040704, 0x04940a0b, 0x120c060b, 0x030b0708, 
    0x07080a03, 0x490a060d, 0xcdfe1003, 0x0e040102, 0x101a0a09, 0x05040a0a, 0x06040201, 0x0e0f1204, 0x05060413, 0x03010101, 0x02050335, 0x01010405, 
    0x07050809, 0x122b0704, 0x085c171e, 0x01ae3701, 0x0a08482c, 0x48fe1d0a, 0x05110ca3, 0x05010808, 0x02010106, 0x37426c82, 0x080c2f19, 0x070b1208, 
    0x0f0c0f14, 0x1e230504, 0x3742201c, 0x42c2200b, 0x06210828, 0x11284207, 0x82020221, 0xccfe215b, 0x82152842, 0x0a2842b2, 0x42030221, 0xd8201628, 
    0x36451b42, 0xff000005, 0x03330cc0, 0x017d01c0, 0x01a00194, 0x00c101bb, 0x531c0100, 0x06290718, 0x33152322, 0x32151632, 0x98311a36, 0x05a8440c, 
    0x4b012b21, 0x0885087f, 0x2726222c, 0x2a27012e, 0x2e012b01, 0x88602301, 0x012a2505, 0x07062207, 0x4405e84b, 0x2d8208cd, 0x17860e20, 0x07201a82, 
    0x8706524b, 0x0f584b2a, 0x17161425, 0x4b1f011e, 0x152005ce, 0x0b1e6119, 0x2208f844, 0x8235012f, 0x4a3d206e, 0x3e2209df, 0x081a3701, 0x26280802, 
    0x26220722, 0x36342335, 0x2005fe63, 0x0a634535, 0x090a3e19, 0x8808e544, 0x2723221d, 0x97aa1803, 0x4a252009, 0x1e280683, 0x36323301, 0x3335013f, 
    0x04846082, 0x33343029, 0x1e33013a, 0x82331701, 0x17333a21, 0x17163233, 0x32151632, 0x3a011d16, 0x011e1701, 0x21351731, 0x33153335, 0x4bc38415, 
    0x3523068d, 0x18363437, 0x4c09a9c6, 0x3a82088f, 0x3b32162c, 0x07151701, 0x0e212723, 0xf0821d01, 0xb34b5b83, 0x2e332f05, 0x33152501, 0x30312622, 
    0x22342322, 0x4c4b1323, 0x4b6a820e, 0x75080766, 0x23353303, 0x330c0622, 0x03030101, 0x0e0e1203, 0x02040e1c, 0x080e0502, 0x0506110b, 0x02030308, 
    0x0e130402, 0x1304f3fc, 0x20311110, 0x1e2f100d, 0x2324411d, 0x44252548, 0x15341f1f, 0x06021815, 0x0d06060d, 0x0d042807, 0x0b140a09, 0x0808120a, 
    0x0904030a, 0x06140d06, 0x06050802, 0x1308090f, 0x030c0b0a, 0x0f0f1405, 0x09030513, 0x090e0605, 0x12091107, 0x56820605, 0x11050228, 0x0c170b0b, 
    0x2182170d, 0x02023708, 0x0a050306, 0x080f0706, 0x02080e08, 0x01020102, 0x04050106, 0x02040303, 0x0b060608, 0x080f0606, 0x0e0d160a, 0x140c0d1a, 
    0x010b0a09, 0x04030103, 0x08090901, 0x70830912, 0x0101092e, 0x07040401, 0x100a0a11, 0x040b0b05, 0x2e080d82, 0x12140201, 0x14142712, 0x12121025, 
    0x04050201, 0x04060902, 0x06040307, 0x03050303, 0x02010302, 0x13050708, 0x19270e0e, 0xab071705, 0x84020705, 0x020225e4, 0x02050231, 0x01207082, 
    0x04277e82, 0x0c040701, 0x83020512, 0x1108224b, 0x2b8e8208, 0x05090407, 0x0e09230b, 0x03060505, 0x02214182, 0x08478201, 0x39178822, 0x04020202, 
    0x029f0501, 0x04040508, 0x03020304, 0x0c030406, 0x09110809, 0x07081009, 0x04020308, 0x013b4b82, 0x12060103, 0xfd0522b2, 0x0606079c, 0x53222229, 
    0x37683230, 0x0f2e6738, 0x5af80602, 0x2a2007fd, 0x0c253d82, 0x0d075008, 0x26478205, 0x070d0505, 0x820c0850, 0x037d3112, 0x02010101, 0x070d07aa, 
    0x04040d09, 0x0b010105, 0xec82aa82, 0x0c02052d, 0x0a120a0a, 0x0605110d, 0x82060506, 0x03012123, 0x23061058, 0x09090605, 0x77822382, 0x82020421, 
    0x04062cb5, 0x0f060a09, 0x020a0908, 0x83010303, 0x3b148200, 0x0b010304, 0x0e180a0a, 0x0f111e0f, 0x100b0d1d, 0x03070404, 0x02050305, 0x07040702, 
    0x0283ae82, 0x02040526, 0x07040205, 0x57830582, 0x08050833, 0x0e0e1102, 0x21111221, 0x03130e10, 0x06070c04, 0x211e820a, 0x00830201, 0xe4820520, 
    0x03010127, 0x03040401, 0x826d8209, 0x820120be, 0x070b3903, 0x07070b05, 0x0c08070f, 0x02070505, 0x0a030606, 0x09100706, 0x199e0107, 0x01203582, 
    0x05319d82, 0x04073402, 0x03040308, 0x02010102, 0x1a120f07, 0x2b9f8706, 0x0504040a, 0x04040201, 0x010b090a, 0x22250082, 0x05081616, 0x21e5820b, 
    0xdb820702, 0x040d0434, 0x0606070b, 0x0a040504, 0x060b0605, 0x03030b08, 0x42820103, 0x40100827, 0x04090608, 0x21308206, 0x00820103, 0x98060522, 
    0xfe241582, 0x050f0acf, 0x0f280084, 0x050b060a, 0x05060605, 0x01244a82, 0x0001012f, 0x08066b54, 0x038f0357, 0x000500c0, 0x01000018, 0x11250511, 
    0x07271725, 0x37110733, 0x17271711, 0x35372737, 0x17273507, 0x6dfe8f03, 0x94016afe, 0x8cdfdb93, 0x45df49d9, 0xe291dcdb, 0x0245dd4c, 0xe82afeab, 
    0xe9d501e8, 0x808182d1, 0xff7a00ff, 0x807e8100, 0xff7f0283, 0x7e80fc79, 0x052b7200, 0x002b0582, 0xb18c5650, 0xf53c0f5f, 0x83040b00, 0xe200240e, 
    0x8395278c, 0x23078508, 0xb20db7ff, 0x00278182, 0x02000800, 0x83000100, 0x2d058200, 0xc0ffc003, 0xb00d0000, 0xfeff0000, 0x1786b20d, 0x03851b83, 
    0x85049421, 0x28058407, 0x00000002, 0x0000100b, 0x2d078204, 0x0000fb04, 0x00001806, 0x00004003, 0x0389cd05, 0x857b0921, 0x8403214d, 0x80202b82, 
    0x1f830382, 0x3382e820, 0x03822920, 0x038a0620, 0x038a4383, 0x00fc0528, 0x00580600, 0x8d820300, 0x0420038b, 0x03214382, 0x571782e1, 0x0022059e, 
    0xc082ed04, 0x00008828, 0x0000bb09, 0x03855b02, 0x82670321, 0x21039a1f, 0x7782e004, 0x5b863f83, 0x822a0421, 0x826e2037, 0x82a8209b, 0x82482003, 
    0x829c20bb, 0x91af201f, 0xfd032103, 0x03865782, 0x43820620, 0x8b820520, 0x0824f384, 0x78020000, 0x05232f82, 0x82010000, 0x82042017, 0x820320db, 
    0x9b0925e7, 0x900c0000, 0xfb209b82, 0x99205782, 0x14200382, 0x82200382, 0x20200382, 0xe5201382, 0x83820382, 0x00a40b24, 0x2b820800, 0x1f820b20, 
    0x13820a20, 0x00970b25, 0x82500a00, 0x200f8223, 0x2183820b, 0x2b85a607, 0x43870b20, 0x53203f83, 0xf2201f82, 0xd3201782, 0x10205f82, 0xfa200782, 
    0x13240782, 0x94050000, 0x70234b82, 0x82040000, 0x82022057, 0x290383db, 0x00007709, 0x00002406, 0x57823409, 0x27822f20, 0x23828820, 0x23828c20, 
    0x0382b820, 0x0382bc20, 0x0420ab82, 0x37820387, 0xaf820620, 0x82980a21, 0x20938327, 0x21d78235, 0xd384007b, 0x827f0321, 0x82bb2037, 0x2023822f, 
    0x21eb820c, 0x57820f06, 0x05200386, 0x0221a782, 0x862b8269, 0x30052103, 0x63821b82, 0x82590521, 0x20038a93, 0x219b820a, 0x4382a808, 0x3c20af83, 
    0x4e824b85, 0x14200287, 0x28200882, 0x19820382, 0x001c0325, 0x82ac0300, 0x21038221, 0xed822409, 0x0000c433, 0x00004010, 0x0000e412, 0x0000c814, 
    0x00002c19, 0x2017821d, 0x2013821e, 0x208d8220, 0x241f824c, 0x0000f84f, 0x202f8250, 0x28078251, 0x00005052, 0x00009c53, 0x28278258, 0x0000e859, 
    0x0000a45a, 0x20d5825b, 0x207d825f, 0x203f8262, 0x259d8263, 0x0000cc63, 0x03821064, 0x00005423, 0x28378267, 0x0000e069, 0x0000a06a, 0x283b826b, 
    0x0000386d, 0x0000dc74, 0x241b8279, 0x0000c07a, 0x2463827b, 0x0000887e, 0x24278285, 0x00006087, 0x304f8287, 0x00004c88, 0x0000f488, 0x0000d089, 
    0x0000488a, 0x203f828c, 0x200b828d, 0x2097828e, 0x2473828e, 0x0000ec8f, 0x20cb82aa, 0x206b82b1, 0x245782b6, 0x000018b9, 0x207b82b9, 0x244782ba, 
    0x000034bb, 0x203b82bb, 0x246782bc, 0x000058bd, 0x20bf82be, 0x206382bf, 0x200b82c0, 0x240b82c1, 0x000000c5, 0x204f82e0, 0x280b82e2, 0x000020e5, 
    0x00000ced, 0x243382ef, 0x0000d4f1, 0x3cc782f4, 0x000068f7, 0x010020fe, 0x0100c002, 0x0100040a, 0x01007c0b, 0x01006c0e, 0x01006411, 0x28038214, 
    0x0100c415, 0x01004019, 0x080b821c, 0x00e01f24, 0x00342201, 0x009c2e01, 0x00603101, 0x005c3201, 0x001c3501, 0x002c3701, 0x00ac3d01, 0x00584001, 
    0x17824601, 0x00dc4838, 0x00d44b01, 0x00c44f01, 0x004c5401, 0x00b85801, 0x00085f01, 0x0f826201, 0x5f827a20, 0x00387b28, 0x00a47c01, 0x3f827d01, 
    0x00a08028, 0x008c9f01, 0x7f82b301, 0x3382da20, 0x0074f335, 0x0020f701, 0x00840802, 0x00e00a02, 0x00940b02, 0x82480c02, 0x00fc3803, 0x00ac0e02, 
    0x00701302, 0x00142802, 0x00f04802, 0x00b86202, 0x82246302, 0x00d43303, 0x00646502, 0x000c6802, 0x008c6902, 0x00908702, 0x23828802, 0x00d0882d, 
    0x00508902, 0x00308b02, 0x827c8c02, 0x82c82003, 0x00e42703, 0x00588f02, 0x2382a602, 0x003ca828, 0x0028aa02, 0x3f82ab02, 0x00c0ad24, 0x2782b502, 
    0x00b0b728, 0x00ccb902, 0x7782be02, 0x00f4be2b, 0x00000001, 0x00dc1494, 0x08a64417, 0x048a0884, 0xae000e22, 0x00202584, 0x07200582, 0x31831782, 
    0x02000026, 0x60000700, 0x03201786, 0x36200b82, 0x04200b86, 0x75200b82, 0x05240b86, 0x15000b00, 0x06200b86, 0x4b201782, 0x0a2a0b86, 0x8a001a00, 
    0x01000300, 0x11820904, 0x19820e20, 0x02240b85, 0x67000e00, 0x03201786, 0x3d200b82, 0x04200b86, 0x7c200b82, 0x05240b86, 0x20001600, 0x06200b86, 
    0x52201782, 0x0a330b86, 0xa4003400, 0x6d6f6369, 0x006e6f6f, 0x00630069, 0x826d006f, 0x006f3503, 0x7265566e, 0x6e6f6973, 0x302e3120, 0x65005600, 
    0x73007200, 0x18822082, 0x31244782, 0x30002e00, 0x14943594, 0x67655228, 0x72616c75, 0x46825200, 0x75006728, 0x61006c00, 0x29947200, 0x6e6f463b, 
    0x65672074, 0x6172656e, 0x20646574, 0x49207962, 0x6f4d6f63, 0x002e6e6f, 0x22968246, 0x8274006e, 0x8267207d, 0x846e2046, 0x82612091, 0x0065220f, 
    0x22138264, 0x82790062, 0x84492005, 0x854d20c0, 0x20a382c0, 0x20e58200, 0x05009b00, 0x3a5eeefa, 0x000000da, 
};

