// File: 'CS2GunIcons.ttf' (59028 bytes)
// Exported using binary_to_compressed_c.cpp
static const unsigned int cs2_gun_icons_compressed_size = 52497;
static const unsigned int cs2_gun_icons_compressed_data[52500/4] =
{
    0x0000bc57, 0x00000000, 0x94e60000, 0x00000400, 0x00010037, 0x000d0000, 0x00030080, 0x54464650, 0x38c1a24d, 0xe6000041, 0x28158278, 0x4544471c, 
    0x00670046, 0x200f8268, 0x2c0f8250, 0x2f534f26, 0x6cf36a32, 0x0100007a, 0x2c0f8258, 0x616d6360, 0x0ebe0d70, 0x020000fa, 0x261382c4, 0x73616774, 
    0x82ffff70, 0xe6002249, 0x381f8248, 0x796c6708, 0x93742e66, 0x040000e6, 0xdd0000c0, 0x616568dc, 0xb1362f64, 0x201b828b, 0x210382dc, 0x10826836, 
    0x0def1023, 0x203b829e, 0x280f8214, 0x746d6824, 0x1382dc78, 0x200f827d, 0x280382b8, 0x636f6c0c, 0xdf2bac61, 0x203f82cc, 0x271f8238, 0x78616d88, 
    0x02950070, 0x01204b82, 0x202c0f83, 0x656d616e, 0x4cf9b67d, 0x9ce20000, 0xfa2c8382, 0x74736f70, 0x86bcf954, 0x98e50000, 0xb0202f82, 0x012ddb84, 
    0xd6e30000, 0x0f5ffac6, 0x0b00f53c, 0x25168204, 0x65e10000, 0x0883837d, 0xef84e12a, 0xff00008c, 0x032d0dbf, 0x00245382, 0x00020008, 0x01250085, 
    0xc0030000, 0x211382ff, 0x10839a0d, 0x002d0d22, 0x09831182, 0x43200388, 0x43241184, 0x1000bd02, 0x02241384, 0x01000000, 0x40201384, 0x02830982, 
    0x4f07032c, 0x0500f401, 0x8a020000, 0x1082bb02, 0x07858c20, 0x00df0126, 0x00020131, 0x5d87008d, 0x16832020, 0x00825820, 0x00400025, 0x85fdff20, 
    0xcb032383, 0x17824100, 0x03232384, 0x825c03c0, 0x0020260b, 0x00c90101, 0x31098214, 0x00550100, 0x00000200, 0x00cd0800, 0x004d0953, 0x0782085d, 
    0x00660828, 0x004d0853, 0x03820952, 0x00cd0823, 0x22138451, 0x825000cd, 0x06543407, 0x0a5d0080, 0x054f0000, 0x0557004d, 0x054b00e6, 0x82550000, 
    0x09592103, 0x062c3382, 0x05650066, 0x075a009a, 0x055b004d, 0x092b4b82, 0x0a5b00b3, 0x065d009a, 0x8260001a, 0x824f204f, 0x0c622103, 0x09210b82, 
    0x2617821a, 0x0d6300b3, 0x835b009a, 0x800a2b37, 0x1a0b5400, 0x4d0b5600, 0x03824d00, 0x17824a20, 0xcd086224, 0x03835200, 0x800c2908, 0xe60a5600, 
    0x660a6200, 0xe6075e00, 0x4d0b6300, 0x66096000, 0x9a0a5500, 0x33055300, 0x00025600, 0xe6025400, 0x1a025800, 0xcd260782, 0x9a035700, 0x0b826100, 
    0x00045128, 0x00035e00, 0x03826200, 0xe6036624, 0x0f825900, 0x038c0020, 0x16002926, 0x10008406, 0x00231383, 0x86030000, 0x001c2203, 0x24098201, 
    0x006e0000, 0x20098403, 0x2034821c, 0x22118252, 0x84100010, 0x00002f23, 0x00390020, 0x005d005b, 0xfffdff78, 0x008300ff, 0x30002024, 0x11824100, 
    0x11856120, 0xffe3ff29, 0xffcdffd4, 0x82c9ffcc, 0x824d851c, 0x20028408, 0x26058204, 0x01000042, 0x87000006, 0x02012618, 0x02000000, 0x20008d00, 
    0x8b908501, 0x05042914, 0x09080706, 0x0d0c0b0a, 0x0e3c1586, 0x1211100f, 0x16151413, 0x1a191817, 0x1e1d1c1b, 0x2221201f, 0x26252423, 0x29002827, 
    0x2a372382, 0x2e2d2c2b, 0x3231302f, 0x36353433, 0x3a393837, 0x3e3d3c3b, 0x8241403f, 0x8602401a, 0x83001621, 0x011e2a01, 0x052603ac, 0x08d00606, 
    0x08dc8292, 0x6810d885, 0x60164413, 0x481ae217, 0x841c741b, 0xca1fde1d, 0x4c23a820, 0x66275c25, 0x742cfa28, 0x0031042f, 0x0a35ec32, 0xfc387237, 
    0xf63c623b, 0x5442dc3e, 0x4e465043, 0x104b0a4a, 0x484e4c4c, 0x2e53ea50, 0x2a566a54, 0x6c5b6458, 0x325f1a5e, 0xca60945f, 0xd262fc61, 0xb4648063, 
    0x70674a66, 0x2a6a3868, 0x486b8e6a, 0x5e6c826b, 0xee6e666d, 0x0200ee6e, 0x00001400, 0xa302b501, 0x07000300, 0x21130000, 0x82372111, 0x01143103, 
    0x305ffea1, 0xc0fe4001, 0x5dfda302, 0x00430230, 0x2d0fcd41, 0x01000031, 0xdb005300, 0xa5025308, 0x0c821801, 0x3e373626, 0x07063301, 0x0e210189, 
    0x2b0c8701, 0x22072223, 0x23262327, 0x012e2706, 0x26210283, 0x25018227, 0x2b270607, 0x09852201, 0x2b820720, 0x0f822e85, 0x35012e22, 0x3d851e84, 
    0x82010f21, 0x24158251, 0x26222622, 0x22178323, 0x84230622, 0x210c8363, 0x6f8a2627, 0x82220621, 0x845a8652, 0x86518516, 0x35372340, 0x01893736, 
    0x89013e21, 0x011f350c, 0x16013b16, 0x33011e33, 0x32331632, 0x32023b36, 0x011f3237, 0x16210e85, 0x2e128217, 0x16023b16, 0x15011e17, 0x013d3716, 
    0x82352634, 0x14152320, 0x1a82032b, 0x3716172e, 0x37323336, 0x36323733, 0x36373237, 0x17203483, 0x05831684, 0x9b086082, 0x2010f407, 0x02072008, 
    0x06020503, 0x13030805, 0x0d0f120a, 0x261f0430, 0x38373a32, 0x0f1e1816, 0x0717070f, 0x090e070e, 0x260a0a27, 0x200c220a, 0x2319180f, 0x02080711, 
    0x02020101, 0x04060405, 0x12040511, 0x141b0605, 0x0205060e, 0x16150e05, 0x0f11112e, 0x0306010b, 0x09020504, 0x06130d0d, 0x0e080d03, 0x1b221003, 
    0x04100417, 0x14041009, 0x0c0b0c0c, 0x11100e08, 0x05080713, 0x02030705, 0x0a020603, 0x0f050903, 0x16100b07, 0x0f120e10, 0x021d0b1a, 0x060c020c, 
    0x040c0704, 0x33080082, 0x08020108, 0x311b0c09, 0x2e2f3533, 0x1e072939, 0x2d171607, 0x0a142d14, 0x09070906, 0x050f0206, 0x09230909, 0x03082408, 
    0x0b0b0204, 0x05090509, 0x061b072a, 0x262ca882, 0x030d0613, 0x0303030c, 0x04010307, 0x2c08aa82, 0x030c2122, 0x09080601, 0x07050701, 0x05030504, 
    0x30210b17, 0x08072007, 0x1e090a0b, 0x1d061403, 0x4027232c, 0x27214021, 0x02182e1f, 0x82318227, 0x2c258295, 0x13040806, 0x08080f09, 0x0d12021b, 
    0x210c8210, 0x00820103, 0x82010221, 0x01062c93, 0x03080307, 0x01020106, 0x82020204, 0x38148450, 0x0b020107, 0x0e010108, 0x23010c05, 0x01042829, 
    0x01110405, 0x0a080409, 0x20258203, 0x23288204, 0x04030401, 0x01310782, 0x04020404, 0x0c050603, 0x10090a0e, 0x05050b0f, 0x25558307, 0x0d090f07, 
    0x11830101, 0x0e1e2108, 0x030d0421, 0x0703050e, 0x01020409, 0x21101107, 0x1a1c1a20, 0x1e2d2b3b, 0x07100d1b, 0x05020601, 0x54824883, 0x84010121, 
    0x82022004, 0x010322e0, 0x215a8202, 0x1d820201, 0x01020725, 0x82050403, 0x0508240a, 0x84080c02, 0x820320b2, 0x03032112, 0x0225fc82, 0x030a0c0a, 
    0x82018206, 0x0001332f, 0x005d0002, 0x02de08d7, 0x012701aa, 0x0100003e, 0x01832726, 0x012e2008, 0x022b2627, 0x22232722, 0x2b272227, 0x2b062204, 
    0x043d2203, 0x2b062334, 0x041d2201, 0x82161714, 0x42072013, 0x262105ef, 0x830b8435, 0x822b2036, 0x0e332611, 0x23060701, 0x203e8206, 0x223b8203, 
    0x82150607, 0x27232113, 0x84051243, 0x0e072228, 0x201e8301, 0x22248423, 0x83072627, 0x22272152, 0x17244c83, 0x031d0716, 0x9e425b82, 0x073b2205, 
    0x05fa4216, 0x33163323, 0x2f098332, 0x16173233, 0x32023b14, 0x013e013f, 0x16173637, 0x37240a82, 0x16011f36, 0x04200982, 0x17202084, 0x37200a82, 
    0xed421582, 0x16172905, 0x043b1633, 0x14051d32, 0x022b0782, 0x3734033d, 0x3b36043b, 0x85373203, 0x205b854d, 0x21328225, 0x83821407, 0x2624eb82, 
    0x36373435, 0x39083e82, 0x50de0836, 0x2548251d, 0x11481448, 0x2c0d0905, 0x60900f1d, 0x8d2f5e30, 0x08092929, 0x21060e05, 0x07030f20, 0x08090405, 
    0x23070101, 0x050d0c22, 0x05070102, 0x02030505, 0x00821003, 0x05062408, 0x04050705, 0x0f0f0304, 0x04031111, 0x01010202, 0x01060104, 0x07050308, 
    0x090d1112, 0x01020104, 0x82060402, 0x08098411, 0x0d0d0126, 0x01081211, 0x08020602, 0x05040601, 0x0f090506, 0x0812080b, 0x400b0709, 0x080a152b, 
    0x01030109, 0x04040202, 0x02394482, 0x06020301, 0x25202107, 0x08071124, 0x08050508, 0x09050a05, 0x06030208, 0x246c8203, 0x20210302, 0x27248207, 
    0x040b0203, 0x21200704, 0x08204a82, 0x03257982, 0x1f050501, 0x2043831f, 0x08958207, 0x0a060438, 0x05061213, 0x09040208, 0x02060707, 0x23240701, 
    0x0101090a, 0x0b0d0601, 0x0b0a0401, 0x5c2e2929, 0x557f8088, 0x22227f2b, 0x332f2320, 0x1b1e2d31, 0x07dbfe19, 0xb1820303, 0x18180522, 0x0430e182, 
    0x0e0e0504, 0xc4010806, 0x0c05040d, 0x0b030c05, 0x01277282, 0x440c0a01, 0x82090944, 0x090824a8, 0x83084645, 0x28ab83fc, 0x05010204, 0x05010106, 
    0x26878204, 0x02020102, 0x82010507, 0x20088206, 0x23008302, 0x01030201, 0x0535cf82, 0x02050201, 0x01010306, 0x08090801, 0x0e0d0c0f, 0x0d0d1818, 
    0x28428206, 0x02040201, 0x04030108, 0x203d8203, 0x20388201, 0x82468201, 0x0102276c, 0x06070606, 0x0a820305, 0x03201a83, 0x1e825f83, 0x03070434, 
    0x07050103, 0x0e0e2424, 0x0b0c0105, 0x01052222, 0x11820101, 0x0c0d0436, 0x13150e16, 0x05060420, 0x09050509, 0x04050809, 0x00020909, 0x022f0082, 
    0x00015300, 0x7f025308, 0x53014501, 0x82010000, 0x09d84555, 0x27060724, 0x05432722, 0x82262005, 0x010f3015, 0x16232706, 0x26150615, 0x26352223, 
    0x82011d23, 0x22342a07, 0x0f141535, 0x22272601, 0x842a8207, 0x82142030, 0x82088220, 0x2707221c, 0x23278226, 0x27063522, 0x23264486, 0x06022b06, 
    0x4b822223, 0x82222321, 0x82508269, 0x080e460a, 0x82010e21, 0x1714280a, 0x1617011e, 0x82161417, 0x42098404, 0x3f2106fa, 0x06094601, 0x32373222, 
    0x4605b045, 0x0f87080d, 0x11873220, 0x1f161723, 0x213b8201, 0x2883021e, 0x3f363723, 0x820c8202, 0x011e2450, 0x84023b37, 0x22178224, 0x84331632, 
    0x82172059, 0x3235213d, 0x46865b83, 0x82013e21, 0x2020836a, 0x076c4317, 0x23821620, 0x33011e23, 0x84808416, 0x013e2515, 0x33013e37, 0x83109a46, 
    0x350528c0, 0x06043b34, 0x82171417, 0xea2208e6, 0x30304717, 0x0a0b290a, 0x2b330b28, 0x2041213d, 0x31302c36, 0x05062040, 0x04040308, 0x02040202, 
    0x00820106, 0x04010225, 0x82020101, 0x02052603, 0x01020302, 0x2a018203, 0x04020501, 0x04010303, 0x84050102, 0x052f0821, 0x0a050602, 0x0710090d, 
    0x3d10070f, 0x2a391d3e, 0x0a280b2c, 0x180a290b, 0x111b3018, 0x14071d08, 0x1c191c26, 0x020d1910, 0x01080309, 0x830e050e, 0x01210847, 0x08010502, 
    0x0c0a0b01, 0x050a0508, 0x0f070a0a, 0x1c1b1d14, 0x16050d13, 0x26261e05, 0x090c071c, 0x3a87830b, 0x1813180f, 0x1406120a, 0x09080c05, 0x06030406, 
    0x0d0c0d0b, 0x0f111215, 0x8208020e, 0x01042b40, 0x08080d04, 0x10100705, 0x88840201, 0x20070224, 0x0082051e, 0x0b090623, 0x24bd8203, 0x070a0404, 
    0x2d738208, 0x02080108, 0x05060804, 0x03020703, 0x77820403, 0x04060824, 0x0082020a, 0x0304042a, 0x0a060a04, 0x01020307, 0x2b08d982, 0x0a0a0206, 
    0x04080b0a, 0x11050c01, 0x05100504, 0x31383c30, 0x3138373a, 0x2c0a241f, 0x1008100a, 0x09220907, 0x0142fb11, 0x1616090a, 0x20276e82, 0x07620216, 
    0x82060c12, 0x050125c8, 0x04010702, 0x042a4382, 0x070a0804, 0x01030202, 0x52830402, 0x03231182, 0x82010101, 0x01022372, 0x0d820103, 0x82060221, 
    0x01042406, 0x82020203, 0x201382b0, 0x20068205, 0x229d8201, 0x43060303, 0x03200542, 0x01391b82, 0x06090501, 0x03090205, 0x130c0e07, 0x141b1117, 
    0x0b030e04, 0x03080b0d, 0x202a8307, 0x82d88208, 0x01042149, 0x042b6582, 0x06030401, 0x1013100c, 0x82010407, 0x09072c35, 0x02050402, 0x02060502, 
    0x8206080b, 0x02072361, 0x21820606, 0x05070428, 0x05030105, 0x46820f06, 0x82030221, 0x01063112, 0x07020201, 0x08021010, 0x02090202, 0x05010303, 
    0x02292682, 0x02040104, 0x02010701, 0x22438203, 0x82030205, 0x20038299, 0x20168303, 0x232f8303, 0x02030403, 0x0220ae84, 0x08238082, 0x82090303, 
    0x3023830c, 0x120d0d07, 0x231c1c14, 0x22091c14, 0x0c070c08, 0x36b88206, 0x07098c05, 0x03050304, 0x53000200, 0xed070801, 0x2c017802, 0x46003c01, 
    0x2e2505b3, 0x07222302, 0x06044306, 0xdc483220, 0x16172608, 0x06070607, 0x26018222, 0x23012e27, 0x462f032e, 0x222306e0, 0x83262226, 0x46158230, 
    0x06820690, 0x27060729, 0x2627022e, 0x82262706, 0x2119824a, 0x11832623, 0x83270121, 0x2e222106, 0x10820784, 0x010f2622, 0x23212182, 0x06fe4622, 
    0x2b062325, 0x83072202, 0x08d3430d, 0x23201982, 0x22220383, 0x29821627, 0x0e211682, 0x825d8402, 0x82152004, 0x821720a2, 0x3237229d, 0x20028336, 
    0x05e14336, 0x82013e21, 0x3736230e, 0x0283013e, 0x37241882, 0x36373233, 0x36212684, 0x83168437, 0x21108206, 0xaf431632, 0x291b8206, 0x1614011e, 
    0x16171417, 0x43841633, 0x16291182, 0x3b371415, 0x32373203, 0x0be24636, 0x26204082, 0x0521cb82, 0x050a4116, 0x08059544, 0x0736373f, 0x563449ba, 
    0x0807042b, 0x060b0801, 0x04040308, 0x01020802, 0x08100208, 0x06040b0b, 0x01010103, 0x0a020902, 0x06060806, 0x05010702, 0x04110a10, 0x272d2551, 
    0x03261311, 0x0410080f, 0x29018205, 0x03090406, 0x08020107, 0x39820309, 0x0104062c, 0x02010303, 0x0607050c, 0x4a820708, 0x82030121, 0x211e8222, 
    0x55820804, 0x02050225, 0x83060605, 0x0a022304, 0x10820703, 0x08030823, 0x37568202, 0x0e030304, 0x1020410e, 0x4e271141, 0x50283b3b, 0x0613393e, 
    0x09030713, 0x043e5782, 0x07010b03, 0x0d0b0d08, 0x05050207, 0x04130401, 0x06060c0e, 0x11080801, 0x0c09080b, 0x72830802, 0x17172f08, 0x090e082d, 
    0x0610040c, 0x200f0310, 0x13081f07, 0x2848124b, 0x0814070e, 0x12040806, 0x04110c07, 0x03090108, 0x0b0b040e, 0x14161315, 0xae820a03, 0x080b0d34, 
    0x0c0a150e, 0x01020104, 0x02030501, 0x02040104, 0xa5820507, 0x0f023708, 0x23252512, 0x4e130c18, 0x38413414, 0x2d2a2a1d, 0x34222c25, 0x09331d26, 
    0xf8100510, 0x020406d8, 0x0b0a0304, 0x06050d08, 0x15160503, 0x101eff01, 0x01010b1a, 0x43820802, 0x25057043, 0x05030801, 0xf782030a, 0x830a0721, 
    0x02022518, 0x06020301, 0x1b32f682, 0x030a0c0c, 0x04040803, 0x01010504, 0x0301050e, 0x08820601, 0x01010322, 0x01257a83, 0x07050c03, 0x25358204, 
    0x05050205, 0x18820102, 0x02040430, 0x05010403, 0x02020405, 0x08020808, 0x60820402, 0x05060522, 0xb1822f82, 0x01020333, 0x0b0c0508, 0x0401040d, 
    0x03020101, 0x07070306, 0x3b078201, 0x090a0510, 0x09200902, 0x180b1a1a, 0x0f11100d, 0x03010508, 0x03010303, 0x150c0801, 0x09822482, 0x33838c82, 
    0x01060223, 0x2fad8206, 0x050c0401, 0x06010408, 0x0b030601, 0x0a040802, 0x01224282, 0x81820102, 0x120d0828, 0x09031416, 0x24830904, 0x0401012a, 
    0x05020203, 0x08060308, 0x02207d82, 0x08348482, 0x100e0b0a, 0x17201b12, 0x0208042e, 0x09099507, 0x07060a0a, 0x0534f682, 0x08150d06, 0x02000008, 
    0x54005200, 0x2c03d307, 0x2e010f01, 0x4a08474a, 0x2723094d, 0x8223012e, 0x27222102, 0x364d0183, 0x07222305, 0x3343030e, 0x26272907, 0x07262722, 
    0x23060722, 0x27241b82, 0x2623022e, 0x250b2447, 0x06010f06, 0x2b860615, 0xae4d0e20, 0x010e2607, 0x06222326, 0x82178417, 0x234a8909, 0x06161706, 
    0x2005524a, 0x840a8207, 0x47142020, 0x0e830de3, 0x1f061523, 0x0a274401, 0x22054747, 0x4316013d, 0x90430c71, 0x09044705, 0x33200984, 0x2723368e, 
    0x43323726, 0x218208bc, 0x8605aa47, 0x20cf8205, 0x43a28405, 0x2b820579, 0x31824384, 0x21823220, 0xcc831e20, 0x179d3208, 0x2f1b1f19, 0x273a3630, 
    0x0a332f34, 0x251d0a2c, 0x08081e08, 0x05090720, 0x03010509, 0x18070303, 0x0804091a, 0x03020302, 0x0c100801, 0x302d2410, 0x05494324, 0x02060425, 
    0x82030404, 0x03240804, 0x03070401, 0x07100310, 0x3d43493d, 0x1b021b02, 0x02020103, 0x03080105, 0x04020306, 0x05070301, 0x0103070d, 0x08212382, 
    0x26178212, 0x08060702, 0x82050506, 0x0102304e, 0x050a050a, 0x08010104, 0x06061209, 0x82020403, 0x08072a61, 0x03010905, 0x02010401, 0x29028307, 
    0x0b060605, 0x02080308, 0x3182241c, 0x020f0623, 0x3409820f, 0x25362222, 0x07010524, 0x03030204, 0x070a0308, 0x26121c17, 0x29328208, 0x090a0902, 
    0x22251c0d, 0x94820b25, 0x0f0f072b, 0x26261e0d, 0x0c0e0f1c, 0x0880820a, 0x18070a53, 0x05080516, 0x0c010b04, 0x0a020802, 0x1b1c0a24, 0x33333431, 
    0x37464440, 0x251c2224, 0x131d1c1f, 0xf9130f05, 0x151012d5, 0x100e1714, 0x0e0a1614, 0x01020806, 0x1b190808, 0x0d0b1418, 0x15161c11, 0x01080710, 
    0x2c272a62, 0x2a25371e, 0x1317161f, 0x827c820b, 0x820220d6, 0x09012bad, 0x050a0605, 0x02080107, 0x34820303, 0x05070925, 0x8205050e, 0x820120d7, 
    0x030124ee, 0x82010202, 0x82012002, 0x01042cd3, 0x2217190f, 0x0f010f01, 0x82040102, 0x26048215, 0x05020503, 0x82010501, 0x050f2344, 0x45820204, 
    0x0105062b, 0x03030802, 0x060a0406, 0x2d158201, 0x09080605, 0x0a070801, 0x0308070c, 0xf2820702, 0x0b020731, 0x07070903, 0x18060418, 0x0e0b1406, 
    0x820a0110, 0x030e2229, 0x3a7a8206, 0x09010904, 0x09091201, 0x2a2b0e09, 0x0d090537, 0x06060804, 0x0e041004, 0x82021606, 0x089e8381, 0x0c0b0e22, 
    0x0608170a, 0x0f0b040b, 0x15090f11, 0x110b1402, 0x1305120f, 0x0a010113, 0x05080509, 0x01050504, 0xd9822a82, 0x09043108, 0x06040103, 0x131c1815, 
    0x1c201216, 0x2b1f221f, 0x13a12e24, 0x02010907, 0x0e0d0103, 0x17131310, 0x18161717, 0x01011816, 0x17190a05, 0x00201d40, 0x31058343, 0x02d30894, 
    0x01d501ee, 0x010000eb, 0x37363736, 0x7742012e, 0x012f2a05, 0x2b262726, 0x14171601, 0x2a088223, 0x06232627, 0x23272223, 0x82161716, 0x2f262206, 
    0x210b8502, 0x2c820607, 0x23213183, 0x202a8306, 0x223a8516, 0x82022b27, 0x22072427, 0x83022e27, 0x4a0d8410, 0x222507dd, 0x23262227, 0x21478326, 
    0x3c841617, 0x58880220, 0x06140722, 0x20074351, 0x2115822e, 0x2b82042b, 0x34013d32, 0x35263527, 0x061d2634, 0x15262714, 0x34071406, 0x22219684, 
    0x29368207, 0x14071506, 0x35222327, 0x4385012e, 0x2227ae82, 0x15060715, 0x82010f06, 0x3427213a, 0x0624bf83, 0x010f022b, 0x22209c82, 0x03200c82, 
    0x2621ae84, 0x830e8207, 0x22232202, 0x20d38307, 0x21de8522, 0x33832326, 0x22072623, 0x821f8306, 0x011d251a, 0x17060714, 0x0882c882, 0x37161727, 
    0x3b363336, 0x270e8301, 0x3b16013b, 0x33363201, 0xee430284, 0x32332106, 0x02831382, 0x17323331, 0x36373616, 0x16331617, 0x33373233, 0x83263532, 
    0x023b210c, 0x37201682, 0x19821784, 0x82013e21, 0x271b823f, 0x17362627, 0x33021f33, 0x3f273a88, 0x33141501, 0x82011d16, 0x17142702, 0x1714021d, 
    0x1b821732, 0x33013e2a, 0x34023d36, 0x34033d37, 0x37824782, 0x46828483, 0x0a823220, 0x04843720, 0x5b826982, 0x55822520, 0x2107b347, 0xef82022b, 
    0x3726273d, 0x099a0836, 0x0d0d0f14, 0x39190e36, 0x5d23205f, 0x11162c42, 0x02052614, 0x8203070c, 0x044e0800, 0x050a0903, 0x01030810, 0x0404080d, 
    0x0b0b0603, 0x04061005, 0x07070c05, 0x02010307, 0x05090101, 0x0107120b, 0x03090d01, 0x04030304, 0x0610110d, 0x09100303, 0x02030103, 0x01020401, 
    0x0611110a, 0x08070101, 0x04020307, 0x06060404, 0x41820a03, 0x18820320, 0x070e0232, 0x05010408, 0x080b0f04, 0x0313070c, 0x12010406, 0x01283082, 
    0x05010304, 0x04020702, 0x10244382, 0x010a2322, 0x24216082, 0x05714303, 0x0a0e0327, 0x160b2005, 0x2b468206, 0x06040102, 0x060c0405, 0x0c080414, 
    0x01232182, 0x83050602, 0x01022829, 0x1d08050c, 0x8202021e, 0x02033510, 0x21200502, 0x01080608, 0x05030503, 0x07130504, 0x09050d0c, 0x08381583, 
    0x02060102, 0x03080505, 0x0b15140b, 0x141a1e10, 0x09041204, 0x01070a11, 0x0220a182, 0x03260082, 0x09050704, 0x91820402, 0x0506022e, 0x1710080b, 
    0x0a09260a, 0x07010a24, 0x01203782, 0x072e1882, 0x0f030403, 0x05120905, 0x0705050c, 0x24820306, 0x08010236, 0x07200b16, 0x02070501, 0x19180302, 
    0x040d090d, 0x03050601, 0x05398682, 0x1d051305, 0x06080307, 0x03030102, 0x02020205, 0x20050308, 0x030b140a, 0x25298208, 0x01010503, 0xdd830208, 
    0x0204022e, 0x09010108, 0x3f152a08, 0x050c0b09, 0x05353982, 0x5a591e3c, 0x872d5a2d, 0x15202d59, 0x4b48500b, 0x1b1aa4fe, 0x282d8306, 0x04060904, 
    0x060f0f0b, 0x826f8206, 0x822208f6, 0x09080c06, 0x06040d03, 0x0605120b, 0x03080c11, 0x0b0c0504, 0x05070701, 0x05010106, 0x05070d0c, 0x9e820a08, 
    0x040b0938, 0x07040503, 0x06020802, 0x0d0c0701, 0x05060201, 0x08040608, 0x80820c0b, 0x7c822982, 0x070b0a22, 0x05218e83, 0x25e68208, 0x06030102, 
    0x67820308, 0x02090523, 0x2147820c, 0x4f820803, 0x060c2308, 0x05020903, 0x02040508, 0x01010206, 0x09131d09, 0x082a153f, 0x27270a04, 0x0c0c3332, 
    0x02010103, 0xf6820e03, 0x1c820120, 0xcd830120, 0xb6410520, 0x01012805, 0x02020301, 0x82030401, 0x04032918, 0x06050604, 0x04050609, 0x01211182, 
    0x82788201, 0x82032015, 0x02023530, 0x01010103, 0x0c030804, 0x1e14151c, 0x09100910, 0x0505050b, 0x02201282, 0x01200082, 0x01260383, 0x01050102, 
    0x12820c02, 0x09020124, 0x94820a08, 0x02040429, 0x01080704, 0x82020701, 0x840620da, 0x03062476, 0x82030103, 0x82012069, 0x090b2cbf, 0x0a060102, 
    0x0b171f14, 0x84080722, 0x2147826e, 0x0e820608, 0x041e1e23, 0x4c208202, 0x508205c2, 0x19190629, 0x0b07086e, 0x82060a09, 0x04053831, 0x0008090c, 
    0x00020000, 0x08e80051, 0x01970253, 0x00f101e3, 0x44160100, 0x272e0514, 0x27262726, 0x15161716, 0x2f060706, 0x02822601, 0x1b890d83, 0x1d843120, 
    0x8506f04b, 0x0607222a, 0x24018215, 0x07222307, 0x223d8422, 0x82142726, 0x863f8240, 0x4531860d, 0x5e83052f, 0x15162323, 0x07045314, 0x23262722, 
    0x860b024c, 0x012e2532, 0x23262223, 0x0f851a82, 0x83060721, 0x050b563c, 0x22220582, 0x01822306, 0x26060722, 0x36231782, 0x82372627, 0x14152107, 
    0x1d22ad83, 0x0e820601, 0x07263627, 0x26071622, 0x221a8235, 0x82161706, 0x072228aa, 0x35062314, 0x82222726, 0x201f8225, 0x82158223, 0x2635253f, 
    0x14172207, 0x4d83b683, 0x83012b21, 0x49498299, 0x0e21073e, 0x05855601, 0x3849a882, 0x089c4805, 0x17011e24, 0x5f4c3716, 0x210c820b, 0xe04f3632, 
    0x261b820a, 0x33163233, 0x88321716, 0x05f3442a, 0x4c0ba250, 0xab4c05a7, 0x17142405, 0x5614021d, 0x152608d1, 0x33161716, 0x7150011e, 0x21688405, 
    0x1b451736, 0x013b2106, 0x8305c74c, 0x011f2148, 0x23069c56, 0x37323732, 0x23080f4d, 0x37013e37, 0x00578c84, 0x57068206, 0x01230592, 0x85260637, 
    0x06073f73, 0x7607010f, 0x0e06040b, 0x02040404, 0x07040205, 0x02020403, 0x08070708, 0x04060403, 0x0b820308, 0x09070529, 0x04030502, 0x82020601, 
    0x08023713, 0x0a060704, 0x02030206, 0x03030803, 0x01010203, 0x06090302, 0x3c820603, 0x82040221, 0x03012920, 0x06050606, 0x03040107, 0x0a214782, 
    0x08008202, 0x0a09032e, 0x06010605, 0x01020103, 0x02020702, 0x04080406, 0x03040405, 0x09020704, 0x080c0902, 0x111a0d0c, 0x393c301a, 0x170f1734, 
    0x0309020f, 0x01210282, 0x22498305, 0x82060805, 0x08092324, 0x0182060c, 0x0304052d, 0x04010405, 0x02010701, 0x82020606, 0x8202205c, 0x01042179, 
    0x2005014f, 0x22858405, 0x83030202, 0x080b8310, 0x03050452, 0x01040401, 0x03040303, 0x03050103, 0x02030102, 0x03030204, 0x05070302, 0x08040c02, 
    0x20191009, 0x3d230f12, 0x0b343b36, 0x1c240a2a, 0x0e04090d, 0x0a061104, 0x08050807, 0x010c0307, 0x0406040a, 0x05080903, 0x0b160506, 0x07061406, 
    0x0c09090a, 0x082dad83, 0x0e11090e, 0x03071009, 0x04080209, 0x25c7820a, 0x0a07050a, 0xcf820508, 0x04122908, 0x08010e0c, 0x06080804, 0x07100109, 
    0x1e180d0b, 0x0a010b1f, 0x0d070703, 0x06050707, 0x18190d10, 0x0b101815, 0x01030b06, 0x08249e84, 0x0702060a, 0x05200182, 0x1127e182, 0x0c0c0d04, 
    0x82030606, 0x03033847, 0x3e100b12, 0x2a7e2915, 0x03050953, 0x060c0710, 0x01060608, 0x82050202, 0x082d0843, 0x070d0c05, 0x2917060d, 0x352c2a3f, 
    0x0414041f, 0x03051204, 0x0606020a, 0x0d071c07, 0x05180b1c, 0x48130617, 0x124a1313, 0x0f0246fc, 0x20cc821a, 0x33ef8309, 0x58020202, 0x080e0d07, 
    0x06040601, 0x02030208, 0x05060603, 0x052a0782, 0x0c060308, 0x0b040104, 0x9182040b, 0x05040223, 0x244a8206, 0x090a0402, 0x2a0f8205, 0x07050a08, 
    0x03020102, 0x82050607, 0x82b083ac, 0x06042e09, 0x08010203, 0x04060802, 0x04050403, 0x33318306, 0x08090302, 0x04030705, 0x01060904, 0x06020304, 
    0x06060403, 0x04276082, 0x06040a09, 0x82010101, 0x0a072934, 0x05070307, 0x03040a05, 0x01226684, 0x08820602, 0x05205382, 0x5084d482, 0x04040123, 
    0x23698205, 0x02060508, 0x01211682, 0x22058201, 0x83040304, 0x01022644, 0x01010103, 0x26808606, 0x02020302, 0x82010505, 0x2002822a, 0x831b8304, 
    0x21918218, 0x08830102, 0x08293683, 0x05170d0d, 0x080f0510, 0x08268204, 0x05030227, 0x0b090b0b, 0x010e0407, 0x080d070e, 0x050a0c08, 0x11240907, 
    0x0a092308, 0x05050103, 0x030f030b, 0x0a0c100a, 0x254d8406, 0x08040602, 0x76820803, 0x00820220, 0x03050122, 0x32086c82, 0x0a010605, 0x09040a06, 
    0x02150e0c, 0x0a0c0411, 0x08101011, 0x08111712, 0x0a090808, 0x040f0907, 0x02010303, 0x0c050504, 0x0e080605, 0x0902070e, 0x82090702, 0x83b082c7, 
    0x240b2516, 0x0e122412, 0x01209783, 0x06268782, 0x01080606, 0x0e840706, 0x0401012e, 0x0d0b0406, 0x02060109, 0x04020501, 0x1e391682, 0x0d1c0e07, 
    0x06180618, 0x02030902, 0xadfe020a, 0x0b200e02, 0x08030204, 0x2d008205, 0x01000002, 0x09015300, 0x77025308, 0x0c82e801, 0x27012e23, 0x050c4a26, 
    0x022e3124, 0x01822722, 0x26012f30, 0x26273123, 0x22230607, 0x2b270607, 0x0b822601, 0x06222333, 0x23311723, 0x22343126, 0x23062735, 0x2b062206, 
    0x06a84a02, 0x41821582, 0x14151627, 0x06152317, 0x212c8215, 0x0f820627, 0x23272225, 0x82151714, 0x8215204d, 0x27352940, 0x22062214, 0x2f062307, 
    0x06206184, 0x312c2782, 0x34352223, 0x35263526, 0x07222706, 0x162f7582, 0x0139011d, 0x26232622, 0x27233435, 0x82030f22, 0x2223224b, 0x237b830f, 
    0x17011e27, 0x23215582, 0x20358222, 0x8322822b, 0x3522299e, 0x012b2623, 0x1531011d, 0x27298b82, 0x15022f26, 0x010f1416, 0x24ab8406, 0x16171627, 
    0x222d8217, 0x82262327, 0x27222372, 0x56822726, 0x14171423, 0x21818217, 0x91820706, 0x82340721, 0x21c48204, 0x11822722, 0x2724d282, 0x27352226, 
    0x2b2aaa82, 0x36373602, 0x26222635, 0x8f452722, 0x82072005, 0x82388306, 0x4626203f, 0x2321054d, 0x20dc8306, 0x21e48507, 0x15830722, 0x19832220, 
    0x0a832620, 0x0624c882, 0x14150607, 0x2505df45, 0x16232722, 0xd2451415, 0x06072105, 0x1e210782, 0x051e5901, 0x65823720, 0x65453f20, 0x17162306, 
    0x03833716, 0x4608ba55, 0x79590c02, 0x37322606, 0x26353732, 0x23238635, 0x36372627, 0x39823383, 0x59333621, 0x32220671, 0xb14e3337, 0x16372105, 
    0x16202b82, 0x8405d145, 0x30e98205, 0x1f08ed07, 0x07141907, 0x1e100720, 0x04020401, 0x83008301, 0x09053007, 0x0c0d040a, 0x03020d0d, 0x04020301, 
    0x4811041a, 0x0122052d, 0x24830201, 0x0504022c, 0x01030704, 0x03060206, 0x32840308, 0x12820120, 0x040f0b23, 0x05045603, 0x02201282, 0x01280082, 
    0x06040408, 0x05020306, 0x022a5684, 0x08060501, 0x0c010c04, 0x7c430301, 0x82012005, 0x82022022, 0x02012560, 0x08080807, 0x06210c83, 0x262a8203, 
    0x05010708, 0x82010601, 0x22028451, 0x82040102, 0x270e8228, 0x0c030101, 0x020c0706, 0x01210782, 0x05e94a01, 0x82030521, 0x83062071, 0x820b2011, 
    0x05092643, 0x01020509, 0x20968202, 0x22328203, 0x82060301, 0x335e8234, 0x04141405, 0x08020102, 0x01020804, 0x07060208, 0x0a020608, 0x013c3282, 
    0x05070108, 0x11161412, 0x19131517, 0x0f13120f, 0x4c283b39, 0x261f1e26, 0x0f191711, 0x09346883, 0x1415080e, 0x10021217, 0x0103030a, 0x03010602, 
    0x07020404, 0x082e0882, 0x01050307, 0x09060d02, 0x120b1207, 0x8b820401, 0x0f0d2708, 0x0c240c0e, 0x1b1c1b18, 0x1e26121b, 0x303c1c1a, 0x121c0e26, 
    0x10091017, 0x070f0e09, 0x050a0615, 0x01061308, 0x42820412, 0x0c29d884, 0x01090906, 0x070a0806, 0x08f68504, 0x1111022e, 0x0f0f120f, 0x01071309, 
    0x13481303, 0x3f0b280b, 0x45413f48, 0x13203e20, 0x0f161013, 0x260b1411, 0x071c201d, 0x22050809, 0xef011c11, 0x03287382, 0x020a0307, 0x02010e05, 
    0x8282c883, 0x03200882, 0x0322f382, 0xf0820102, 0x07831383, 0x11820120, 0x73830120, 0x04291082, 0x0c040102, 0x01020605, 0x22158203, 0x44010101, 
    0x032105c7, 0x22098203, 0x83040304, 0x0102220d, 0x23ca8205, 0x06040105, 0x01200d85, 0x06200086, 0x0a211682, 0x84308201, 0x0103210f, 0x04873c84, 
    0x02214784, 0x20418203, 0x224b8204, 0x82010103, 0x8604205d, 0x84052062, 0x05db5630, 0x10230a84, 0x83170b13, 0x040d2b30, 0x0406080b, 0x05010801, 
    0x39820502, 0x02070322, 0x01224182, 0x06820303, 0xc0821282, 0x05010523, 0x23318206, 0x020c0302, 0x06260082, 0x0c0a0305, 0x2e83100c, 0x04820320, 
    0x04092308, 0x0302040a, 0x1a131a08, 0x01020712, 0x04090508, 0x0c07030d, 0x0c04060a, 0x01050203, 0x06010603, 0x35820106, 0x0a030329, 0x02060a07, 
    0x83010104, 0x06230816, 0x050f0804, 0x06040f01, 0x0f040807, 0x01140b0e, 0x03030703, 0x060e0c0b, 0x09050606, 0x09120e0e, 0x83080804, 0x09062aaf, 
    0x01020402, 0x0e070701, 0x21068205, 0x4c820501, 0x0e0c022a, 0x07091611, 0x00010b07, 0x0a3e0082, 0x0d015000, 0x71025408, 0x6d015e01, 0x8c017c01, 
    0xaa019a01, 0xbe01b401, 0xf201cd01, 0x4c600000, 0x27262806, 0x2623012e, 0x43232627, 0xcc4905ee, 0x21138205, 0x4e45012f, 0x07262206, 0x4a018206, 
    0x644a0549, 0x010e2506, 0x22270607, 0x8208744a, 0x5322203c, 0x77440d39, 0x44098309, 0x4756080c, 0x0ad64305, 0x23078e56, 0x32161736, 0x28066560, 
    0x16173233, 0x16171615, 0x82938217, 0x85668386, 0x84062081, 0x830f20a0, 0x1e1722b6, 0x22208203, 0x8a323716, 0x06c4564a, 0x3f013e26, 0x33013e01, 
    0x53820282, 0x17252483, 0x32013b16, 0x21548237, 0x0e831417, 0x010e1525, 0x44020e15, 0x3d850591, 0x67442720, 0x36342205, 0x20018335, 0x26148534, 
    0x36071617, 0x533b3637, 0x372207bd, 0x1f823536, 0x33173428, 0x1e173216, 0xfc571701, 0x05a44a06, 0x87821720, 0x8307d34a, 0x010e2a7d, 0x37050723, 
    0x36372606, 0x83458216, 0x371523ff, 0x0e822706, 0xc3827e83, 0x25010f22, 0x14250e89, 0x31010f06, 0x221f8a17, 0x89050706, 0x0706241d, 0x87311506, 
    0x0607211c, 0x07223787, 0xe15e1706, 0x26558505, 0x22253707, 0x8323022e, 0x20e68294, 0x209d8332, 0x21058233, 0x9f823217, 0x22262723, 0x05224c27, 
    0x19086608, 0x36304521, 0x1b17181c, 0x08010802, 0x0a020503, 0x1d071e08, 0x0b2c0c11, 0x1a0f152f, 0x33061c06, 0x1210191a, 0x06030810, 0x08030b05, 
    0x030a020b, 0x050a060a, 0x0f070306, 0x22090e10, 0x071b1806, 0x1314061a, 0x1211160c, 0x11202011, 0x44234422, 0x283c2c3a, 0x290c310d, 0x040a0f1f, 
    0x14090412, 0x05020a11, 0x08028201, 0x060606a4, 0x050b0503, 0x07060c0b, 0x070e150c, 0x22111122, 0x2622182e, 0x24121324, 0x0a092809, 0x36290a24, 
    0x2209342a, 0x03082210, 0x070e040f, 0x04010201, 0x18040202, 0x09161614, 0x250a0926, 0x2c303009, 0x4c4b4b34, 0x0d300d45, 0x0c182027, 0x03100509, 
    0x01040407, 0x120a0d0a, 0x03010104, 0x08030803, 0x152c251b, 0x4211332f, 0x201c1411, 0x0b2a1c1e, 0x2b0b0a2c, 0x0e1a160b, 0x0d0f1c21, 0x0a08031f, 
    0x03070507, 0x06040304, 0x03010202, 0x01040201, 0x05050302, 0x02080803, 0x09050411, 0x0a12120e, 0x49820104, 0x01090129, 0x05070604, 0x82040304, 
    0x040923e6, 0x88820404, 0x19013508, 0x0b040216, 0x05020701, 0x18050617, 0x25234406, 0x071f0842, 0x20101916, 0x23081818, 0x2e161c09, 0x051a1f15, 
    0x051b0512, 0xf81e0414, 0x180e0193, 0x020e0813, 0x022ac282, 0x0e490101, 0x07110d0c, 0x71820809, 0x01271082, 0x0d0e0402, 0x8208110e, 0x0202210f, 
    0x48221282, 0x0e820d01, 0x03251e83, 0xfd020302, 0x230d83f6, 0x05060906, 0x3b247584, 0x0d0d0e0c, 0x03220383, 0x45831302, 0x0a0b0c2b, 0x0143030b, 
    0x02060106, 0x27b98207, 0x0e111209, 0x01d10101, 0x0129a382, 0x10114310, 0x2c0b1142, 0x3ff1820b, 0x08070c14, 0x03030102, 0x3e105d02, 0x103e100f, 
    0x02103f0f, 0x04040315, 0x0b0b080e, 0x0405020f, 0x02271982, 0x01060204, 0x45040301, 0x06210546, 0x826f8201, 0x05022471, 0x8206020b, 0x0501351a, 
    0x0a0a0506, 0x0b030408, 0x02020902, 0x080a0306, 0x02040101, 0x07310982, 0x040d0d09, 0x0f0d0410, 0x09030706, 0x090c0602, 0x3c2f820d, 0x06020701, 
    0x06030806, 0x0a0b060b, 0x0f080704, 0x08120508, 0x09141007, 0x0508070e, 0x254e8504, 0x01020502, 0x41820103, 0x0508022f, 0x07030805, 0x0b0d0104, 
    0x01040103, 0x3a808204, 0x110f0907, 0x0516051d, 0x070f1611, 0x0411050b, 0x01040608, 0x030a0a0b, 0x82030507, 0x11062a3d, 0x1309100f, 0x0412050e, 
    0x203e8305, 0x21468203, 0x19820201, 0x02823882, 0x7b820120, 0x050c073c, 0x1105060c, 0x0a080302, 0x05030403, 0x05060303, 0x19171102, 0x0a090c14, 
    0x64830407, 0x03020126, 0x06010501, 0x05227e83, 0xc7820704, 0x02030126, 0x01020303, 0x20054946, 0x050e4603, 0x08010325, 0x83070604, 0x01022192, 
    0x08346a84, 0x1d0f0b12, 0x21051606, 0x6e060301, 0x07240f02, 0x03070a05, 0x01264683, 0x100e1b01, 0x6a820b10, 0x0603072c, 0x01010602, 0x0f100e7d, 
    0x7f82050b, 0x82050521, 0x8202208e, 0x0f0f25db, 0x0301040b, 0x05235082, 0x830dcd05, 0x0102260c, 0x03060507, 0x283a8308, 0x0c0c0d0e, 0x030c0d0c, 
    0x25448256, 0x0a0b0609, 0x2a82030c, 0x0201022b, 0x13070807, 0x010d0d0c, 0x209c823e, 0x84938302, 0x06924603, 0x0002023c, 0x54000800, 0x54088600, 
    0xa100f502, 0xe900c500, 0x9f011601, 0xe901c401, 0xf3581602, 0x012e260c, 0x27222627, 0x05d74a22, 0x2326232d, 0x032e2722, 0x06072627, 0x5814010f, 
    0xae4508c8, 0x013d2405, 0x82363726, 0x26342101, 0xa74f0f85, 0x06072108, 0x2207d849, 0x83011e17, 0x0ac24902, 0x21074c4b, 0x11453726, 0x05cb5808, 
    0x16171423, 0x0c764536, 0x26280d83, 0x2f012e27, 0x25171601, 0x8209bd4f, 0x5c06205c, 0x1c8206db, 0x84834e82, 0x31353124, 0x16831315, 0x08598a86, 
    0x013e2205, 0x05966017, 0x15161423, 0x26c18316, 0x0e07013f, 0x82060701, 0x2f2621d3, 0x8185bc82, 0xa5822582, 0xa7861620, 0x82066f46, 0x25062140, 
    0xdd854c86, 0x86055a61, 0x826a821e, 0x8335201c, 0x05e54f40, 0x67087661, 0x0623099b, 0x4606010f, 0x865008a1, 0x55548409, 0x1f820781, 0x14171423, 
    0x05294617, 0x013f3622, 0x6705b746, 0x26200a39, 0xfd83e383, 0x02259f82, 0x0e071617, 0x85818302, 0x012e21f8, 0x49820782, 0x1482fc8c, 0xfd8c2620, 
    0x011e1422, 0xfd946082, 0xf8856785, 0x665da083, 0x82608205, 0x063a0840, 0x2923e803, 0x2f262b28, 0x27173620, 0x030a2a0b, 0x070e040d, 0x02030606, 
    0x05080401, 0x06010307, 0x05010802, 0x03010503, 0x06030604, 0x1918140e, 0x0e0f0f1c, 0x0a020305, 0x04820c07, 0x0c0e2608, 0x0e11030c, 0x0207070a, 
    0x0b180208, 0x020b0911, 0x0c010202, 0x0b02060a, 0x040e0403, 0x1512120a, 0x0805031c, 0x244c8204, 0x04020107, 0x2b468202, 0x12080701, 0x10121211, 
    0x0d170c11, 0x30082b82, 0x04100a07, 0x0c14120c, 0x1528201e, 0x232b1b34, 0x3a424044, 0x14050218, 0x02011103, 0x0902c8fc, 0x080b0c07, 0x0b020b03, 
    0x05010a08, 0x0a020a04, 0x366a8203, 0x04080309, 0x09040905, 0x07090939, 0x0804080b, 0x05050104, 0x82070907, 0x16092726, 0x02010405, 0x58820101, 
    0x05070630, 0x18060105, 0x0d051301, 0x0708100e, 0x15820302, 0x06351782, 0x05071406, 0x01190510, 0x0e051506, 0x0101040f, 0x080a0b05, 0x0889820f, 
    0x5807072d, 0x35323a24, 0x1b1d2413, 0x2121162c, 0x1d232e16, 0x08090709, 0x04010107, 0x1e101107, 0x0b0d3c15, 0x01060207, 0x06030205, 0x820b0405, 
    0x11072bfe, 0x04080f11, 0x0c070307, 0xf8820c07, 0x03045508, 0x03020202, 0x0c051203, 0x12010908, 0x131a1007, 0x0807110f, 0x02060610, 0x26080402, 
    0x0f0c1e25, 0x01050a0c, 0x09050602, 0x01040107, 0x1d120a03, 0x350c1d36, 0x0d340d0e, 0x212c2e21, 0x17302526, 0x07020308, 0x0398fc01, 0x08160709, 
    0x02070602, 0x0402080a, 0x042fb582, 0x08030b04, 0x020a0503, 0x08080309, 0x82050709, 0x2a0682f5, 0x01030806, 0x08050105, 0x82030a05, 0x04162101, 
    0xf582f683, 0x08060123, 0x29f69004, 0x04080202, 0x05070a0b, 0xf6860411, 0x01020527, 0x0f0b0a05, 0x2af68308, 0x1117e101, 0x060a0b10, 0x83030604, 
    0x82012043, 0x01022600, 0x0b030502, 0x826f8204, 0x12440839, 0x1a030c03, 0x1410110c, 0x04070a0a, 0x0a110b0c, 0x1318130a, 0x0a061a0d, 0x0e121406, 
    0x090d0209, 0x040c0709, 0x162a040e, 0x2b2e2123, 0x12223a20, 0x0a161918, 0x07051506, 0x1215071c, 0x041e1510, 0x0b090c05, 0x02352382, 0x0b030e04, 
    0x1310110a, 0x0808120d, 0x09060102, 0x0e0f170a, 0x08568210, 0x03301221, 0x01020108, 0x03040501, 0x08050306, 0x211c1b0f, 0x0c030113, 0x01010c02, 
    0x0f1205b1, 0x83060202, 0x271d27f9, 0x04030a02, 0x01820204, 0x04820320, 0x07034108, 0x0f060f08, 0x2ffe0101, 0x0c010209, 0x070c090a, 0x05080705, 
    0x07020605, 0x0c060601, 0x050c0809, 0x0a040903, 0x04050703, 0xbb020505, 0x04110115, 0x1813140b, 0x0b100f2d, 0x0f0d0b14, 0x05020806, 0x6408b382, 
    0x12050116, 0x06120d04, 0x0d050303, 0x0d0f070b, 0x40070202, 0x0b181e16, 0x03060804, 0x02040304, 0x030c0201, 0x0d141818, 0x1e120b0f, 0x0a0d1415, 
    0x19131510, 0x0c06121b, 0x07030c03, 0x13060b0b, 0x09060e03, 0x02030e0f, 0x0b030c09, 0x21180c18, 0x2d211e1b, 0x1b361717, 0x160b242a, 0x22011111, 
    0x0a0c1f0c, 0x08008212, 0x0f111c21, 0x27101415, 0x08140a0a, 0x09110c0f, 0x060c070a, 0x0c111817, 0x0a070701, 0x02050301, 0x82070105, 0x04012e79, 
    0x0f0d0c0c, 0x060d1812, 0x01060103, 0x22f982cf, 0x82020604, 0x1d0824bc, 0x820b1308, 0x210a82cc, 0x94820204, 0x0e230482, 0x85080d10, 0x0d022cfa, 
    0x070c0b08, 0x08020802, 0x89080305, 0x090224fb, 0x94020a06, 0x081a21fb, 0xfb903982, 0x83070f21, 0x020039fb, 0x26005d00, 0x5b031506, 0x1801f900, 
    0x34010000, 0x35263526, 0x34373634, 0x21058e5b, 0xf8452627, 0x06232306, 0x0c822223, 0x07010e32, 0x26270623, 0x022b3637, 0x2b272226, 0x22272201, 
    0x56057245, 0x13820550, 0x2b212683, 0x212d8201, 0x1a820706, 0x022e2724, 0x39842627, 0x80440620, 0x022b2507, 0x012e2722, 0x354c1582, 0x46172005, 
    0x1620084e, 0x20097f45, 0x222d8207, 0x8216013b, 0x1e172202, 0x21388301, 0x7b451415, 0x251d820a, 0x17161714, 0x01843316, 0x37363727, 0x27263336, 
    0x08946626, 0x2d057f45, 0x32373633, 0x023e3237, 0x33013e33, 0x0d463536, 0x83362005, 0x063b221a, 0x0a4a5f32, 0x82060121, 0x077f57c4, 0x3d263523, 
    0x056c6902, 0x83161721, 0x14063496, 0x01010202, 0x0b030b0d, 0x04050101, 0x03090b0c, 0x8208040d, 0x03610808, 0x02061114, 0x07080104, 0x01030402, 
    0x130e0d07, 0x226e1348, 0x01050b18, 0x06070401, 0x3e0f0408, 0x073f1f10, 0x0c2c071e, 0x630b0405, 0x180e4321, 0x0c070c10, 0x06040106, 0x01050a03, 
    0x05041216, 0x05050404, 0x0609101a, 0x04081407, 0x01040104, 0x08020105, 0x02020902, 0x06040602, 0x01060802, 0x355d8203, 0x0f0d0a05, 0x0b12180b, 
    0x0e05040b, 0x250c0614, 0x1a1b0b18, 0x28830306, 0x03084808, 0x120b0902, 0x050a0b0f, 0x05050105, 0x0509050e, 0x261c3e09, 0x26262334, 0x09070624, 
    0x04020603, 0x03080804, 0x18050406, 0x0f15170c, 0x13150d1c, 0x0e061003, 0x020d0403, 0x09010305, 0x0d0b0808, 0x100e1208, 0x82674243, 0x050c2500, 
    0x09030506, 0x04387b82, 0x02fd0708, 0x07221207, 0x0d0b1518, 0x02050402, 0x180d1401, 0x011c2122, 0x02290082, 0x030e03ee, 0x0c03070e, 0x25808203, 
    0x08090501, 0x65820307, 0x82020821, 0x20a882b6, 0x2221820c, 0x82060604, 0x07062405, 0x82020203, 0x07082d07, 0x01010a01, 0x04010602, 0x020c0308, 
    0x0c274c82, 0x1003050d, 0x490c100b, 0x01200556, 0x08372482, 0x0709080b, 0x0a0b030a, 0x0f0a0807, 0x05031105, 0x080a0304, 0x8304100f, 0x1a053852, 
    0x100b0f1a, 0x070e060a, 0x15050810, 0x222a3219, 0x19231f1c, 0x8213120a, 0x0102375a, 0x06080103, 0x0b120e0e, 0x1d14091e, 0x21152821, 0x0a111711, 
    0x17820908, 0x56820220, 0x0c02033c, 0x17131616, 0x09140e15, 0x010b0e06, 0x1a060b01, 0x11091d07, 0xddfe1313, 0xd5840212, 0x080c3308, 0x26080303, 
    0x01021a24, 0x141b1118, 0x0000100a, 0x4f000400, 0x93092600, 0xc0005a03, 0x86015e01, 0x0000a901, 0x3f362301, 0x36373601, 0x32011e17, 0x57613316, 
    0x05894205, 0x07060725, 0x83231706, 0x23272705, 0x22232706, 0x03822627, 0x2406c94e, 0x07171617, 0x0a546115, 0x83010f21, 0x010e210c, 0x15210784, 
    0x201e8214, 0x82388414, 0x06072532, 0x3526012f, 0x27230182, 0x82342726, 0x27362203, 0x06204926, 0x2008de4e, 0x49138237, 0x89820602, 0x2e271d84, 
    0x35262701, 0x4935013e, 0x05820531, 0x36353725, 0x82163217, 0x17152802, 0x33363732, 0x82323316, 0x1f322607, 0x26172101, 0x842a8234, 0x82768237, 
    0x85332007, 0x82162029, 0x821520d1, 0x2022822a, 0x4e528435, 0x072206f1, 0xd785010e, 0x2720cf85, 0x82073e4f, 0x21b883b0, 0xd787010f, 0x8208a443, 
    0x060726ce, 0x022b2627, 0x05da5e27, 0x37236e82, 0x82263536, 0x833520b1, 0x343721d1, 0x33205e82, 0x08828084, 0xb9842720, 0xa9692620, 0x23052106, 
    0x83063041, 0x2090834c, 0x05264a16, 0xc0821620, 0x46843184, 0x05272623, 0x21878222, 0x25820623, 0x04821420, 0x83331721, 0x16332325, 0x23821732, 
    0x82013f21, 0x266b0868, 0x89042327, 0x09050301, 0x060a0705, 0x08040903, 0x04050502, 0x01050102, 0x04030104, 0x04010203, 0x03510103, 0x0c0d0301, 
    0x1e0e0f19, 0x23121123, 0x0e0f0913, 0x140c1116, 0x02010217, 0x2315260a, 0x1110131a, 0x1a250b13, 0x05091715, 0x0b020306, 0x04031203, 0x04010303, 
    0x17070503, 0x29102a20, 0x0c1b2015, 0x150f0101, 0x59011210, 0x01200511, 0x143c2583, 0x02051502, 0x0e03020c, 0x1007070e, 0x0f221c0b, 0x01030109, 
    0x0d050b06, 0x070d0d14, 0x03202882, 0x21080e82, 0x08120a05, 0x0c140912, 0x030c0c12, 0x02050410, 0x282a1404, 0x18190c15, 0x100b130d, 0x1102080e, 
    0x288201d6, 0x02042708, 0x0d0c0f05, 0x10110d0c, 0x040c0c0f, 0x01080410, 0x2b540101, 0x0209562a, 0x0306030e, 0x16170204, 0x05040617, 0x2a820c05, 
    0x01024508, 0x1b160455, 0x12240d26, 0x211c1324, 0x08101b1b, 0x0101010d, 0x0a050404, 0x22231f22, 0x22332e2b, 0x06070611, 0x0b070509, 0x15160809, 
    0x3c1f1118, 0x0702023b, 0x08030801, 0x01030405, 0x1311091b, 0x01030202, 0x2208e483, 0x15081207, 0x0613130f, 0x15380b0d, 0x08080209, 0x13160812, 
    0x222cfd0f, 0x0e130b18, 0x0803120d, 0x82060106, 0x040827c0, 0x0b0a140c, 0x01820914, 0x17323308, 0x01020518, 0x0a090408, 0x073f040c, 0x040d0f16, 
    0x040e1009, 0x07020102, 0x0b1e1403, 0x14051e14, 0x181a2e05, 0x05090403, 0x320e0809, 0x05062e03, 0xb1820709, 0x0402013a, 0x09010107, 0x11040c0d, 
    0x0a0f0805, 0x1e241110, 0x03020617, 0x02020105, 0x032db982, 0x120a0d04, 0x22121a14, 0x070e020a, 0x8210820c, 0x05073914, 0x0e0b0d05, 0x250a0b12, 
    0x120a3909, 0x1314100d, 0x0c11190f, 0x030e070e, 0x0c2b6c82, 0x070f070f, 0x0104010d, 0x8202030b, 0x0d153504, 0x0c180c11, 0x042c1518, 0x1a070d30, 
    0x1b1f0706, 0x131c1614, 0x0a23eb82, 0x83060f0a, 0x16132bc0, 0x12041b15, 0x020d0e05, 0x3f830107, 0x0404022d, 0x1b020508, 0x01030101, 0x85180302, 
    0x2b0d2983, 0x0a030b02, 0x02060505, 0x04250082, 0x08080301, 0x291f8319, 0x0b030706, 0x02010103, 0x4f82010a, 0x14050325, 0x82160e0e, 0x0a0a25aa, 
    0x14280a28, 0x1882da85, 0x080e1826, 0x0408100d, 0x0b39eb82, 0x040b050c, 0x010b080d, 0x190d0d02, 0x14201a14, 0x1b1a171f, 0x1f2a2923, 0x8243820a, 
    0x012b08b9, 0x11090b04, 0x04050309, 0x060a0101, 0x0e120905, 0x1816110c, 0x0f251d0d, 0x2425222f, 0x08152525, 0x0d0d0802, 0x13080608, 0x82971a1e, 
    0x82032031, 0x04083b0f, 0x10050c0c, 0x0c030804, 0x02060406, 0x0b080101, 0x0812110a, 0x09080e0b, 0x0f820708, 0x0805052b, 0x10050e07, 0x140b0e05, 
    0x260e820c, 0x0c0c0601, 0x83201312, 0x0200321b, 0x24005700, 0x5a03d404, 0xda00bb00, 0x26010000, 0x2e018227, 0x22230623, 0x052b0607, 0x26012f06, 
    0x8306092b, 0x26272212, 0x06685206, 0x260ad94d, 0x16171617, 0x8314011d, 0x08016711, 0xf14d0c82, 0x052e4406, 0x44323721, 0x3f250797, 0x34373601, 
    0x21058336, 0x1b85013e, 0x21056647, 0x22821617, 0x2a07f64c, 0x37343637, 0x27343536, 0x4435012e, 0x207106e0, 0x36372105, 0x18826c82, 0x1e833720, 
    0x35013e27, 0x26353734, 0x237b8201, 0x022b2627, 0x2720ab82, 0x3d252c82, 0x033b3402, 0x08268232, 0x06071638, 0x0701ce04, 0x07030c06, 0x06040703, 
    0x2a290706, 0x05086566, 0x04020502, 0x6a691817, 0x26246a69, 0x1809060f, 0x06141f18, 0x06030204, 0x09040c04, 0x02050b07, 0x0b820107, 0x02022608, 
    0x122b1524, 0x01060104, 0x01050405, 0x02090407, 0x0907060e, 0x07030206, 0x170e0d06, 0x1a341416, 0x18103419, 0x2f2b8216, 0x03020403, 0x03010402, 
    0x06030901, 0x02010801, 0x022f2e82, 0x0a0a0c11, 0x071e0810, 0x23272626, 0x60111314, 0x01390607, 0x10090202, 0x12111110, 0x64651214, 0x05020410, 
    0x091c1d02, 0x05050103, 0x35008201, 0x0f161bfe, 0x04383813, 0x080a171e, 0x1f130101, 0x03055758, 0x1a820104, 0x07300324, 0x20821011, 0x02121123, 
    0x210e8203, 0x16820f05, 0x31089482, 0x0902050a, 0x140d0703, 0x03240a1b, 0x1210160c, 0x1509102b, 0x0a1b0b09, 0x030f0208, 0x03100810, 0x071e0f14, 
    0x2c1e1830, 0x1819131c, 0x0c0d0b11, 0x7e82030f, 0x01022208, 0x18070802, 0x04020404, 0x0c080602, 0x030c0206, 0x04180b24, 0x0709051e, 0x161a0807, 
    0x03090e1b, 0x08008201, 0x0505025a, 0x0a0b0306, 0x04100716, 0x0c050410, 0x0c04050b, 0x0b040a04, 0x02030a09, 0x16051002, 0x04010207, 0x04080606, 
    0x06020306, 0x10040f04, 0xfe173307, 0x131514e6, 0x03020101, 0x0a0f0507, 0x1416170c, 0x09040201, 0x0000090c, 0x4b000200, 0x73052600, 0xb4005a03, 
    0x0000c900, 0x29052442, 0x06222301, 0x2306010f, 0xcb492306, 0x4f072005, 0x15220613, 0x14820714, 0x27060727, 0x22270623, 0x051e4626, 0x29830720, 
    0x010e0722, 0x260a6e42, 0x042b0607, 0x763f3634, 0x372505c4, 0x011d3736, 0x82058236, 0x50068410, 0x2e20054c, 0x2705e745, 0x2734033d, 0x32373626, 
    0x2b084550, 0x16173217, 0x3b371617, 0x3437320c, 0x32243482, 0x33363336, 0x17251082, 0x32023b14, 0x27868315, 0x2b051614, 0x06072201, 0x12828a82, 
    0x3536373f, 0x35013e34, 0x05730536, 0x1b072105, 0x071a0706, 0x0f19364e, 0x071d071c, 0x021b1b0c, 0x08f28203, 0x0302024b, 0x37020909, 0x27282919, 
    0x10031612, 0x0a031006, 0x120b0706, 0x0b17160b, 0x0a041305, 0x010c0305, 0x010c0c06, 0x0e070702, 0x7c7b0d0c, 0x17030102, 0x0e0e1311, 0x14060607, 
    0x0718131b, 0x060d1810, 0x0110050a, 0x0e042802, 0x21028203, 0x5082030a, 0x0e080422, 0x23080a82, 0x0605040f, 0x0e040605, 0x0104040d, 0x55090602, 
    0x74545454, 0x4c747374, 0x0310124b, 0x06010101, 0x08010702, 0x04390682, 0x0f0f0803, 0x02020207, 0x04fe0301, 0x06114f4f, 0x12020107, 0x070e5050, 
    0x26248207, 0x2a14c002, 0x83010326, 0x8202201c, 0x2c08820e, 0x1b111611, 0x09040d0d, 0x0b0a0408, 0x20188406, 0x08198204, 0x02030535, 0x26211205, 
    0x0b2e0b1b, 0x1e080d1c, 0x1d1e1103, 0x0a090e12, 0x0f020c02, 0x17140304, 0x01181b1b, 0x1f291902, 0x21160b25, 0x0c1a1015, 0x162e2e25, 0x82020602, 
    0x0d062b7f, 0x28290e08, 0x06071011, 0x60821004, 0x02010224, 0x4f82090a, 0x0d050424, 0x00820103, 0x02020424, 0x01820103, 0x6c820220, 0x11243a08, 
    0x08862408, 0x20152607, 0x03100607, 0x2209150a, 0x00020000, 0x04260055, 0x005a0397, 0x00fa00b7, 0x26340100, 0x3d012e35, 0x26272601, 0x2b06032b, 
    0x14172203, 0x3722062b, 0x25048236, 0x2b012e27, 0x60482201, 0x08684807, 0x06070623, 0x08525115, 0x07060726, 0x010f010e, 0x8508526b, 0x05c65018, 
    0x6e511720, 0x28468205, 0x34272627, 0x27342627, 0x44658234, 0x37280580, 0x3b163336, 0x32011e01, 0x85089452, 0x012f221f, 0x079b4426, 0x37323726, 
    0x32333633, 0x36320682, 0x35013e35, 0x15060534, 0x27060714, 0x26222722, 0x08822227, 0x34202883, 0x17244d83, 0x15161732, 0x2605f949, 0x27363716, 
    0x5823022e, 0x6d84065c, 0x3a496783, 0x04230806, 0x01010296, 0x0b0c0902, 0x23323218, 0x07086845, 0x04010101, 0x13353406, 0x01030513, 0x781d1d03, 
    0x821e1d78, 0x07043f21, 0x0708010b, 0x01020403, 0x0c0b0a05, 0x0809090b, 0x0e021707, 0x12010303, 0x12161611, 0x00820415, 0x02032108, 0x03150107, 
    0x0a10040f, 0x060b080c, 0x0c010308, 0x24091404, 0x25152009, 0x11420e3c, 0x181b1909, 0x0c201182, 0x61824b82, 0x0e050138, 0x04100708, 0x05060d0d, 
    0x270a0f0b, 0x270a2714, 0x07212c28, 0x1e820f10, 0x02307682, 0x0e110b0b, 0x2a0a1611, 0x1b0d3e15, 0x03140d1a, 0x4b081682, 0x0b019cfe, 0x050f0a09, 
    0x0d071d07, 0x3133161e, 0x0e0d0c01, 0x0203100f, 0x0e110102, 0x0a070e0d, 0x040c0e0d, 0x07010407, 0x03050504, 0x020a020d, 0x0d060502, 0x02302110, 
    0x09010d0c, 0xde020201, 0x05051405, 0x0b150515, 0x06010607, 0x07210082, 0x08cb8205, 0x07010130, 0x04050207, 0x0a050503, 0x04200b09, 0x21171116, 
    0x04101120, 0x0b0f0c06, 0x0812160e, 0x33031105, 0x21082209, 0x221b261f, 0x101d1f19, 0x5f820101, 0x04070233, 0x0d030b08, 0x05040104, 0x0306010e, 
    0x09110705, 0x2a328204, 0x130d0616, 0x2a15152c, 0x832b2a0a, 0x332a82df, 0x02010703, 0x0c040d01, 0x040c0304, 0x130b141e, 0x05040809, 0x1d82ad82, 
    0x831e1621, 0xe31c27c5, 0x060c0e07, 0x00820103, 0x02030225, 0x82172601, 0x820f20f3, 0x17142c0c, 0x0c0e0c01, 0x05030807, 0x82040504, 0x040229b9, 
    0x11040603, 0x130e0c02, 0x06343d82, 0x10010c09, 0x0000110e, 0x59000300, 0x8e042600, 0x00015903, 0x642be082, 0x34010000, 0x26273637, 0x82260607, 
    0x05dc4b06, 0xe54a2320, 0x82222008, 0x013d3416, 0x23062334, 0x2b363506, 0x23272203, 0x2b26011d, 0x4e071401, 0xe04e0898, 0x4b152005, 0x33230631, 
    0x4e161732, 0x1b8309da, 0x1c820383, 0x010e0725, 0x82170607, 0x010f2108, 0x0f833a85, 0x15211482, 0x20108406, 0x24148215, 0x3714041d, 0x20328536, 
    0x097b4c17, 0x33230a83, 0x83363732, 0x34352159, 0x5505c447, 0x86470c54, 0x06694708, 0x32033b26, 0x35163317, 0x3723d484, 0x43343536, 0x3b260803, 
    0x011e3204, 0xe5821633, 0x013d2633, 0x17360126, 0x22171532, 0x0e012227, 0x012e2701, 0x219a8223, 0x0e82022b, 0x37060722, 0x35226588, 0x6a833634, 
    0x0e229382, 0xd05f1502, 0x16172105, 0x8e824182, 0x07262725, 0x482f3506, 0x37200568, 0x43086543, 0x1d38061b, 0x15171401, 0x028b0414, 0x05040401, 
    0x03010202, 0x0f1d1a12, 0x76274f2c, 0x2a080a82, 0x08080b03, 0x050d2f2f, 0x02060504, 0x04010607, 0x4162620f, 0x0b056221, 0x050a0a11, 0x08050903, 
    0x01030403, 0x07020201, 0x41020105, 0x023105c3, 0x0a060908, 0x0b121410, 0x01040306, 0x05050401, 0x29568207, 0x05010502, 0x03030302, 0x47830204, 
    0x19830920, 0x02020326, 0x03030603, 0x20086282, 0x050e1c1d, 0x04080101, 0x0905080a, 0x08140b15, 0x1a190824, 0x0a070a07, 0x0d070e06, 0x0b090c03, 
    0x3667820c, 0x02040805, 0x04020201, 0x04060204, 0x06010306, 0x01010602, 0x82010305, 0x08b3823e, 0x71720626, 0x0c102031, 0x08020209, 0x02010204, 
    0x060c0406, 0x1c041612, 0x0337381c, 0x2109140a, 0x02010302, 0x0396fc01, 0x04200682, 0x1a313182, 0x02030301, 0x03040209, 0x2c24240f, 0x112a1615, 
    0x2b4a8202, 0x08020105, 0x04041206, 0x0a08090a, 0x0a33d084, 0x12080a06, 0x0a0c080c, 0x0201070a, 0x08080104, 0x82090606, 0x820a20d8, 0x1805296e, 
    0x0a131915, 0x020c0910, 0x03231b82, 0x840c0125, 0x050422cf, 0x2566820f, 0x0c100201, 0x51820507, 0x06012608, 0x01050a06, 0x010a0602, 0x0d010b0b, 
    0x080b0907, 0x060e070c, 0x0a090d0e, 0x05040402, 0x0a040f0b, 0x06050b05, 0x28ae8203, 0x01010502, 0x0f0f0804, 0x3262820f, 0x0706070a, 0x030e0c08, 
    0x09030701, 0x050d0202, 0x82040505, 0x10260888, 0x0512040a, 0x0a030606, 0x0f0a0501, 0x10141211, 0x05010106, 0x17160909, 0x07070819, 0x03070604, 
    0x02020201, 0x4c820506, 0x0620df82, 0x2108d982, 0x01020102, 0x0305030a, 0x1a1c0a04, 0x0c0d070f, 0x08070a09, 0x12091407, 0x0411050a, 0x0c0a0910, 
    0x64820a0c, 0x04050622, 0x0531a782, 0x05090e04, 0x0d101901, 0x100c0c0c, 0x060c0708, 0x29148202, 0x181c0c03, 0x11351024, 0x0d833cfd, 0x8e010128, 
    0x01010404, 0x03820e01, 0x0d365782, 0x090a0b08, 0x09090b0c, 0x070c0a0b, 0x02040406, 0x0e061703, 0xbe820209, 0x0c0b0e23, 0x21288206, 0x28830a09, 
    0x02030431, 0x0a040804, 0x061e100d, 0x05020607, 0x82010303, 0x0c250894, 0x03040602, 0x100b1823, 0x00020006, 0x08260053, 0x005a03fb, 0x0098006b, 
    0x2f230100, 0x27072101, 0x23072721, 0x3f018215, 0x35072735, 0x21152327, 0x21352315, 0x0f15022f, 0x27072701, 0x07060722, 0x1f161714, 0x1f010f02, 
    0x2107be5d, 0x5d82020f, 0x063a1782, 0x2705010f, 0x3f171337, 0x3f021f01, 0x36373603, 0x3f21013f, 0x35273501, 0x01821533, 0x2137172d, 0x3f211737, 
    0x020f0502, 0x4a26042f, 0x248307e3, 0x82051844, 0x37012454, 0x8234012f, 0x03260811, 0xf908021f, 0xfe070801, 0xfe0a0a46, 0x960a0da9, 0x0a0b1c2b, 
    0xd2fe4808, 0x09c7feaf, 0x131e175c, 0x0810072b, 0xcb820604, 0x350a0628, 0x260b0103, 0x81820a0e, 0x0201023f, 0x110c140a, 0x0a060d0a, 0x01030605, 
    0x49031035, 0x16161a0a, 0x17961525, 0x04013a0e, 0x08308202, 0x0703467d, 0x91311e07, 0x5701090d, 0xbf010609, 0xfa040905, 0x3f1d1553, 0x252a1f47, 
    0x02010419, 0x0a030602, 0x0c0a0a05, 0x040a1017, 0x03010205, 0x0a0b0701, 0x03030206, 0xa4231105, 0x0302100a, 0x04091e2d, 0x2a060601, 0x010d1714, 
    0x05270a1a, 0x0d020706, 0x1c5e3919, 0x06030226, 0x04060406, 0x15060304, 0x050d0c21, 0x05070304, 0x1a0b0506, 0x1c2e1a29, 0x1c361a30, 0x17034738, 
    0x82360123, 0x0c033248, 0x10050508, 0x0306038c, 0x06310304, 0x15320618, 0x08ab821a, 0x1e0d0431, 0x413cdf38, 0x02020304, 0x0b081d10, 0x0c070e07, 
    0x04070c06, 0x13060405, 0x100c0b0e, 0x0f090c07, 0x1d0e0718, 0x0908090a, 0x01012417, 0x82000e09, 0x00022f00, 0x05260065, 0x015f03f6, 0x000702c3, 
    0xb6720100, 0x011f3908, 0x06011d16, 0x3731063b, 0x35363722, 0x023f3526, 0x3637013e, 0x32373233, 0x15211982, 0x2d1c8314, 0x16171617, 0x37161435, 
    0x07161732, 0x05821706, 0x26021d22, 0x23251383, 0x17363732, 0x271b8231, 0x1516011d, 0x14021d06, 0x2605b751, 0x0706010f, 0x4a143114, 0x035b05aa, 
    0x22272c05, 0x23262726, 0x27222706, 0x8206012b, 0x041d2502, 0x22012b14, 0x06241b83, 0x3314061d, 0x07225884, 0xda41010e, 0x834a8207, 0x2b27236a, 
    0xb04c2205, 0x82062005, 0x2e22314c, 0x35262301, 0x3d262734, 0x22032b02, 0x26151617, 0x23052052, 0x15060723, 0x4c846c82, 0x0f061523, 0x827c8202, 
    0x0607272e, 0x15010e31, 0x55820614, 0x5e821420, 0x83171521, 0x05835123, 0x22272624, 0x6052022e, 0x82262007, 0x14352287, 0x219e8227, 0xcc54013d, 
    0x37342708, 0x36023f34, 0x76423635, 0x053f4b09, 0x37013e24, 0x25823536, 0x4d06e151, 0x4a4b06b0, 0x229b8206, 0x84220607, 0x236782e9, 0x012f2627, 
    0x35215482, 0x21ae8234, 0x5b843634, 0x35053f26, 0x36373237, 0x83075f65, 0x16272552, 0x26173237, 0x162f1382, 0x1f151633, 0x3b371601, 0x013b1605, 
    0x82032635, 0x2344823a, 0x16022b06, 0x2006a846, 0x065d4e16, 0x34262723, 0x20708227, 0x06e3463d, 0x1522fa84, 0x35821714, 0x26331624, 0x5f82013f, 
    0xc7823f20, 0x012e3439, 0x0916fd02, 0x0804110e, 0x02020308, 0x02020101, 0x5a5b5a5a, 0x83044c4b, 0x0203360c, 0x02040201, 0x060c0306, 0x03050808, 
    0x01020108, 0x03030403, 0x05ac4f05, 0x04292c82, 0x05070101, 0x080a0e06, 0x2b098203, 0x030c0202, 0x01050c10, 0x05030101, 0x2b822982, 0x0303023f, 
    0x02080204, 0x26263319, 0x055e1f3f, 0x030e0302, 0x070c2017, 0x070a0a07, 0x05010706, 0x23258202, 0x03070904, 0x01207784, 0x09270c82, 0x1737360c, 
    0x82030b16, 0x06013711, 0x01090301, 0x13050b06, 0x1e1d0201, 0x020a2626, 0x1c1b0d01, 0x5082050d, 0x02040427, 0x01050104, 0x203e8206, 0x200b8204, 
    0x21388203, 0xad830104, 0x82020121, 0x0709341d, 0x0c020a08, 0x020b0306, 0x1b0e1a07, 0x16110f07, 0x8206040d, 0x0b122584, 0x02010908, 0x01222f82, 
    0xa2820404, 0x02823482, 0x0a0a032a, 0x0a08050a, 0x0401070b, 0x10820182, 0x08080422, 0x2005dc49, 0x21568204, 0xa1840402, 0x022a5482, 0x0516090c, 
    0x06020a02, 0x77820703, 0x83020221, 0x04022447, 0x82030105, 0x820d840a, 0x8203207a, 0x04082564, 0x020d1104, 0x0127f682, 0x0b040702, 0x82080b03, 
    0x0b27080b, 0x5e2a2a10, 0x3f1f5d5e, 0x04430101, 0x08080302, 0x180b0708, 0x060b0118, 0x090a020b, 0x08100101, 0x0c090b0d, 0x83070702, 0x020c2fd3, 
    0x03030801, 0x19050404, 0x133c2711, 0xe8820110, 0x82010421, 0x04022a96, 0x060c4403, 0x03040b09, 0x24728406, 0x01090b08, 0x20018203, 0x270d8202, 
    0x07020501, 0x04050501, 0x04838782, 0x04283384, 0x08030501, 0x04050109, 0x03200082, 0x0521d082, 0x27aa8202, 0x05040204, 0x0a050a05, 0x04246a82, 
    0x05020201, 0x02236982, 0x82060603, 0x82012003, 0x03052273, 0x20008201, 0x222c8202, 0x820f0a01, 0x09220800, 0x0a0a0e0f, 0x13130806, 0x06050d0c, 
    0x0c080301, 0x0a09080b, 0x05040305, 0x0b0c1208, 0x065e5e13, 0x2b820905, 0x11060529, 0x72730d0a, 0x82070504, 0x0c05293c, 0x0d061209, 0x0b07090c, 
    0x1035d682, 0x05030506, 0x07050304, 0x02060f08, 0x08080602, 0x0a020707, 0x21c08203, 0xe4820701, 0x0403012c, 0x02070602, 0x040d1608, 0x79850302, 
    0x82030121, 0x020921c1, 0x062c3382, 0x0c140903, 0x0b030b12, 0x0201050a, 0x04240182, 0x06010101, 0x0a273a82, 0x120a1612, 0x820e0d0e, 0x2ac0823b, 
    0x02050204, 0x0a060808, 0x82030207, 0x030422ee, 0x82228207, 0x22298354, 0x83060605, 0x0101249c, 0x82070502, 0x01032d7c, 0x0a040406, 0x1e1e0b0e, 
    0x090a0e0e, 0x71855383, 0x82030421, 0x05db5a54, 0x09070922, 0x0b21fa82, 0x82578305, 0x01022f22, 0xa8fe0710, 0x05090b07, 0x0b0b0102, 0x95820b07, 
    0x82080421, 0x040529bd, 0x0406030c, 0x08020808, 0x4208ad82, 0x080d0e01, 0x05080803, 0x04070506, 0x01010102, 0x07060404, 0x05030201, 0x08060302, 
    0x03000000, 0x26005a00, 0x5a032d05, 0x2d011501, 0x00006c01, 0x013b1601, 0x3b163337, 0x37363403, 0x33163736, 0x4d331632, 0x1621064f, 0x270c8317, 
    0x07141516, 0x06272223, 0x2405c54a, 0x22270623, 0x06c34907, 0x82060721, 0x06232701, 0x16171623, 0x1f471e17, 0x010e2206, 0x05925907, 0x1c832220, 
    0x06212c83, 0x20338227, 0x08607026, 0x2e220884, 0x1e842701, 0x5c821720, 0x4b141721, 0x1c840929, 0x097a4618, 0x21055045, 0x5d821417, 0x31846282, 
    0x06072224, 0x73820627, 0x22272225, 0x4a3d2326, 0x897c065c, 0x07e94a09, 0x29824883, 0x27362622, 0x34201184, 0x20083257, 0x20e38226, 0x212f8332, 
    0xfe563633, 0x36372405, 0x83331633, 0x83352010, 0x17162208, 0x22f58314, 0x82072205, 0x0f1424bf, 0x83070601, 0x823620dc, 0x2736253e, 0x05012e22, 
    0x15209b83, 0x82061161, 0x8232203f, 0x2215211d, 0x21846c83, 0x34272624, 0xf2573537, 0x0d006109, 0x27265008, 0x1b4b0226, 0x1a1b361b, 0x5252371b, 
    0x02010252, 0x030d0603, 0x0601030c, 0x04070201, 0x55030202, 0x070e380e, 0x1d395607, 0x05020204, 0x04080701, 0x341b2727, 0x0b0b0c0b, 0x01010402, 
    0x07070508, 0x180f0716, 0x050b160b, 0x04210617, 0x8204080a, 0x01430800, 0x02070501, 0x03050209, 0x07080505, 0x10200707, 0x04030610, 0x0a140a01, 
    0x05140514, 0x0912140b, 0x07041404, 0x01030505, 0x01010201, 0x05150d0b, 0x18161617, 0x0e170f16, 0x1010160a, 0x040a090f, 0x820b0809, 0x08032240, 
    0x281f8204, 0x08020c03, 0x05050803, 0x352c820c, 0x3e1f0303, 0x04063f1f, 0x10020601, 0x03061212, 0x04070303, 0x0282030e, 0x0208033f, 0x12070208, 
    0x0506090d, 0x15121404, 0x02081217, 0x0e2c1301, 0x02010205, 0x080a0304, 0x82cc8203, 0x8202208d, 0x0205244f, 0x82080805, 0x3253828c, 0x040f0810, 
    0x04030101, 0x02080408, 0x84010304, 0x829efe58, 0x82028292, 0x06012769, 0x03040603, 0xf2820103, 0xe3280582, 0x100f0c13, 0x08040601, 0x042b2d82, 
    0x0309010b, 0x0b0a1107, 0x82050b0a, 0x0320085f, 0x0e010203, 0x0a060e0a, 0x02020806, 0x1e130f0e, 0x0f1e2123, 0x01050a0d, 0x08070201, 0x41030d0b, 
    0x012a3e82, 0x03060207, 0x08020201, 0x85820602, 0x27820720, 0x0f131227, 0x11140e01, 0x230b8210, 0x01020101, 0x04239183, 0x83060403, 0x24483186, 
    0x48122348, 0x1c0f6c12, 0x02041516, 0x07020c04, 0x0123b683, 0x82060402, 0x0101347c, 0x09080601, 0x1f401f07, 0x0f400f40, 0x1f3c401f, 0x820f3c0f, 
    0x08260811, 0x070c0909, 0x0a140a13, 0x0209040a, 0x02040507, 0x05050402, 0x08030603, 0x0f0e0d05, 0x191f1523, 0x18081e05, 0x20821414, 0x0525d082, 
    0x05040a08, 0x05b34e08, 0x04033608, 0x08010c0e, 0x191a1106, 0x2b0b161b, 0x0b2b0a0a, 0x10051209, 0x131a0e05, 0x16181316, 0x03020b0c, 0x07120501, 
    0x05100606, 0x0d050b09, 0x080a0709, 0x08090604, 0x45c78206, 0x01290569, 0x04080d01, 0x04080101, 0x21508302, 0xe3820803, 0x59842520, 0x01040225, 
    0x82030404, 0x3cd683ba, 0x02a70202, 0x05010807, 0x050a0402, 0x0f100908, 0x02080b10, 0x0a0c0906, 0x12120f0d, 0x3e258211, 0x05020303, 0x0a050a06, 
    0x150e0e0d, 0x07061010, 0x070f0303, 0x0e120d10, 0x0b0a0f0d, 0x82000707, 0x05220800, 0x27005b00, 0x5a03e306, 0x1a010a01, 0x3f012a01, 0x00007b01, 
    0x16171401, 0x06151617, 0x0e071617, 0x06820702, 0x06010f25, 0x4822082b, 0x994806f1, 0x6d072005, 0x058205e6, 0x2b060724, 0xf1432201, 0x222c8206, 
    0x7415031e, 0x2f8206e4, 0x07062324, 0x0e821722, 0xf6434082, 0x83588205, 0x240c853f, 0x26230623, 0x833a8227, 0x13f75a02, 0x37343723, 0x2b401836, 
    0x013e2708, 0x013f3633, 0x04823736, 0x33363225, 0x43161736, 0x072505e4, 0x013e2706, 0x290e8237, 0x32331617, 0x023f2635, 0x26443b36, 0x82342006, 
    0x32332814, 0x16013b06, 0x18161415, 0x2408b240, 0x1732023b, 0x23048516, 0x3e373208, 0x3082f082, 0x14173222, 0x0522f082, 0xcb822636, 0x27220222, 
    0x17230682, 0x8225013b, 0x0e22250e, 0x06022b01, 0x3b276a82, 0x033b1701, 0x83323732, 0x022b271b, 0x23012e22, 0xc3540626, 0x23e28205, 0x011f1606, 
    0x2720e482, 0x27211682, 0x058d5226, 0x07201583, 0x44072545, 0x99440919, 0xc2062408, 0x82010f0e, 0x024a0800, 0x03030103, 0x02020201, 0x06030201, 
    0x78791314, 0x5d5d7878, 0x10020210, 0x01010604, 0x191a0804, 0x24230d12, 0x12170404, 0x2a1a181c, 0x0d0f2017, 0x06060108, 0x01050406, 0x03010102, 
    0x070c0505, 0x040c090b, 0x10080310, 0x545d0308, 0x0d092505, 0x04010a01, 0x06340b82, 0x030c0906, 0x1d010602, 0x20111b13, 0x07092009, 0x0d15071b, 
    0x54085982, 0x181a0702, 0x040c041e, 0x07040d03, 0x03070e12, 0x04050502, 0x04060506, 0x0f0b0603, 0x0e041105, 0x0a060d04, 0x020c0c06, 0x08040208, 
    0x0d160407, 0x0f08100e, 0x0f03070e, 0x090d0904, 0x0b0e0c10, 0x08080701, 0x071c0c0d, 0x02050d0d, 0x06090402, 0x03020506, 0x24c1820a, 0x12160309, 
    0x3fcb8206, 0x190b0b05, 0x710c180d, 0x04060b70, 0x6722230a, 0x3a666766, 0x050d0e3a, 0x0a0f0311, 0x01030905, 0x80080082, 0x0702e6fd, 0x18011e0b, 
    0x0a070717, 0x1f140403, 0x02230125, 0x11060d09, 0x23240209, 0x0f0c0b01, 0x23a12410, 0x05141524, 0x02070906, 0x19050607, 0x0f090219, 0xfc0b0d07, 
    0x0c050fc5, 0x07020d04, 0x070a0403, 0x06040407, 0x03030102, 0x09081002, 0x030f0f04, 0x10070e08, 0x09010702, 0x0b0c0a06, 0x1b242615, 0x0b0c0d16, 
    0x01010205, 0x0f130202, 0x3303120c, 0x15101014, 0x0a090c07, 0x0803090e, 0x08eb840a, 0x020f1222, 0x160e2401, 0x1113050d, 0x03030c07, 0x09080405, 
    0x1d19200e, 0x04050f14, 0x170f111a, 0x0a121501, 0x24066868, 0x0501020d, 0x3d6a8203, 0x02020301, 0x1004110e, 0x0c061807, 0x0210020f, 0x10091006, 
    0x05030c19, 0x04070a07, 0x6b831511, 0x132bdc82, 0x12221a17, 0x393c3e3f, 0x82061806, 0x1e0e3802, 0x10061418, 0x04080c08, 0x06040703, 0x03010107, 
    0x050d0403, 0x8203060a, 0x022b084b, 0x120a0302, 0x05010111, 0x06010a06, 0x01020402, 0x01020304, 0x0a080807, 0x06060604, 0x04131403, 0x01080101, 
    0x01030309, 0x82040202, 0x02012424, 0x82070303, 0x020621e3, 0x04240183, 0x01070726, 0x0a24e083, 0x06070101, 0x07217882, 0x21048205, 0x394a0701, 
    0xfe053005, 0x0403099b, 0x0e010301, 0x070c1c0f, 0x82050304, 0x0f01273b, 0x01121412, 0x69820405, 0x04042e08, 0x0f180410, 0x0f070c0a, 0x05060102, 
    0x0914080a, 0x13091211, 0x06080204, 0x03000807, 0x26005d00, 0x5a03e304, 0x20010d01, 0x00003301, 0x05f24301, 0x1522232a, 0x17141506, 0x22022b16, 
    0x28058d59, 0x1614011f, 0x23272215, 0x08fb5226, 0x3605fc47, 0x2714031d, 0x17060726, 0x14041d16, 0x042b1417, 0x023d3722, 0x82262734, 0x26272837, 
    0x3e372627, 0x52363502, 0x0f4306b0, 0x0e072708, 0x0f062301, 0xc9470601, 0x042b2105, 0x50624282, 0x52488305, 0x33820de3, 0x37230282, 0x82163536, 
    0x16322285, 0x22018233, 0x8216011f, 0x012b2482, 0x87262722, 0x22232a02, 0x06273127, 0x17323716, 0x28028516, 0x063b1633, 0x36353732, 0x823c8335, 
    0x05a84c12, 0x31043b25, 0x4d372637, 0x12820639, 0x3b21e983, 0x231e8202, 0x013b1605, 0x6206d552, 0x072105b7, 0x22a18206, 0x4814021d, 0x37210621, 
    0x08ca8222, 0x0ce30440, 0x041a1406, 0x01020110, 0x0e46450c, 0x02020103, 0x03020807, 0x220b1702, 0x0f070801, 0x09050c02, 0x13090a0e, 0x1817171b, 
    0x02050707, 0x03010101, 0x32311514, 0x05070204, 0x0a191a13, 0x2c820304, 0x02273b82, 0x05020504, 0x830d040c, 0x07083f17, 0x0b1c0c0a, 0x030a031d, 
    0x0906090a, 0x0e0a0502, 0x0e1e1e01, 0x060c0d0c, 0x070c050e, 0x1582090a, 0x03070728, 0x01060608, 0x3a820202, 0x21085282, 0x4f0e0e02, 0x02524c50, 
    0x050a030b, 0x01040201, 0x14100602, 0x06180d26, 0x13050618, 0x04120504, 0x78820a0d, 0x0b040333, 0x040e0406, 0x1c030e03, 0x481c0d0d, 0x33535448, 
    0x322a8232, 0x130c160c, 0x0504070f, 0x01040301, 0x072f3009, 0x82010407, 0x07260857, 0x0b1c0621, 0x02010210, 0x0d171713, 0x10fe0203, 0x122f1618, 
    0x06061213, 0x0f20141d, 0x0f0c0d09, 0xd5fd0301, 0x2a82040d, 0x05080125, 0x82010b03, 0xc802373e, 0x070c0b1c, 0x06090202, 0x0d120610, 0x080b0707, 
    0x0c080202, 0x7a820903, 0x0d0c4b08, 0x050e021c, 0x01030309, 0x0f030502, 0x11115b5b, 0x05020309, 0x06050604, 0x35341b1a, 0x1d050304, 0x12373621, 
    0x05070101, 0x0208040a, 0x09010306, 0x19071614, 0x04371332, 0x080b050e, 0x0c090e12, 0x02030103, 0x09090a03, 0x4382010b, 0x16161724, 0xae820216, 
    0x03020224, 0xb5820101, 0x06072008, 0x0a140e10, 0x341b361a, 0x07081e07, 0x0a0e081d, 0x08040d0b, 0x02020b07, 0x07040301, 0x430a0406, 0x3a820510, 
    0x01060622, 0x02300084, 0x0e0e0901, 0x02010502, 0x07020401, 0x04060508, 0x04361582, 0x02060606, 0x090d030e, 0x11230f0d, 0x0101150e, 0x080808f4, 
    0x3b831e1a, 0x13080532, 0x01290115, 0x05100e0b, 0x0b140515, 0x260c1122, 0x3b473082, 0x09243e06, 0x025a033e, 0x023a0222, 0x02630250, 0x0100008e, 
    0x1d161716, 0x16171402, 0x36371617, 0x43038233, 0xf046052a, 0x05064b05, 0x06262724, 0x10831415, 0x2e222725, 0x58262301, 0x172407fa, 0x07161516, 
    0x0e201983, 0x2005c16a, 0x05085607, 0x2305fc42, 0x3736013f, 0x2b082c43, 0x26230623, 0x06070623, 0x36232627, 0x35201482, 0x0c840a82, 0x17031e23, 
    0x82778214, 0x0622245a, 0x82062307, 0x1e15210c, 0x26051e6b, 0x010e2316, 0x82062223, 0x82072002, 0x05a55b08, 0x9c592f20, 0x055f5b05, 0x2e272626, 
    0x012e3501, 0x26220c82, 0x9071012b, 0x4711820b, 0x0f2207dc, 0xcc830601, 0x6e863320, 0x07209f86, 0x7d831482, 0x8c564789, 0x43bb8509, 0x958205d3, 
    0x840bf55b, 0x3506210b, 0x2620be82, 0x37241f83, 0x32363336, 0x16220482, 0x9871023b, 0x013e220b, 0x284d8733, 0x1736013f, 0x32163216, 0x231f8217, 
    0x011f3217, 0x3732e882, 0x1d163233, 0x36371402, 0x26273435, 0x32173637, 0x3e82011e, 0x82262721, 0x011d2828, 0x16013b06, 0x8226013d, 0x06152310, 
    0x2a821415, 0x332d2283, 0x32373216, 0x3314011d, 0x37161732, 0x821c8736, 0x82342027, 0x82c98327, 0x3d322682, 0x16333401, 0x23288233, 0x06071617, 
    0x27212985, 0x250f8226, 0x17141536, 0x1e833314, 0x82363721, 0x23318419, 0x083b1415, 0x37224982, 0xa784013e, 0x82373421, 0x824383d0, 0x20398310, 
    0x2ea58217, 0x32052b05, 0x0a3b0607, 0x01263532, 0x86363714, 0x078f5fe0, 0x25222726, 0x23262736, 0x83055467, 0x2136832e, 0x11832225, 0x81833b82, 
    0x82161721, 0x0a5341ec, 0x35263423, 0x233d8226, 0x012f012e, 0x35080782, 0x080baf08, 0x03020507, 0x0b0c1202, 0x03131705, 0x0b050603, 0x08120d08, 
    0x0e0b0d0b, 0x09020301, 0x02020308, 0x05060201, 0x0509030c, 0x0d0c0602, 0x06070705, 0x1483120a, 0x17820120, 0xd84e0120, 0x25228205, 0x1917150b, 
    0x0e820403, 0x01062408, 0x04050604, 0x120b0b0e, 0x0a050904, 0x0c050b05, 0x180d150f, 0x17010101, 0x10120902, 0x01130a0c, 0x82040206, 0x20428259, 
    0x05f84b05, 0x18060235, 0x040d0405, 0x0206020d, 0x0b02030a, 0x020c0203, 0x82051706, 0x0a052314, 0x5382010a, 0x07020723, 0x23168204, 0x03010907, 
    0x32085f82, 0x0b020202, 0x0f121326, 0x0d100708, 0x071a0719, 0x151d1a19, 0x05020802, 0x080a0508, 0x03090c06, 0x04030501, 0x02050204, 0x01050401, 
    0x0a0c0308, 0x82030907, 0x063208dd, 0x050d0b07, 0x1406160b, 0x0f1e0406, 0x0a04010e, 0x1c0d050c, 0x09081c0d, 0x17100a0b, 0x1f2a1219, 0x17162722, 
    0x42120e1e, 0x0d4d150d, 0x252d0d38, 0x0682252d, 0x2d2f0f25, 0x82080102, 0x01300871, 0x0d151515, 0x6b350d36, 0x4e4e6a35, 0x0517100d, 0x0f10160d, 
    0x0d160f12, 0x0f030a03, 0x07070809, 0x0f0c0b0c, 0x02090812, 0x02080408, 0x03030601, 0x2808cb82, 0x05040203, 0x03080b08, 0x02010102, 0x09041003, 
    0x0a0a0106, 0x04020103, 0x06020f0f, 0x0602080a, 0x01040c0c, 0x01020b09, 0x27628202, 0x05040805, 0x07050507, 0x0c270d83, 0x1a01070b, 0x820d0c06, 
    0x0301280b, 0x07040507, 0x82070304, 0x82012049, 0x84022027, 0x03012b22, 0x0d090b05, 0x0f090801, 0x5c82040f, 0x0a0c0e37, 0x06040202, 0x6f6e2121, 
    0x04093939, 0x030a0b05, 0x0405030b, 0x291a8205, 0x0e070703, 0x08020803, 0x47820201, 0x040a3c08, 0x56affd06, 0x3f565655, 0x01010140, 0x25080902, 
    0x307e7e24, 0x070c0d30, 0x2b7cfe01, 0x15161d1c, 0x0407070d, 0x0b0e0d07, 0x0e080e07, 0xfd271a23, 0x050307a3, 0x0e0a1215, 0x820c0c0f, 0x08072be2, 
    0xfe140e15, 0x02090365, 0x31520509, 0x01230805, 0x1b0c0e05, 0x12111311, 0x180b180b, 0x040c0915, 0x04040104, 0x141e0202, 0x260e2a24, 0x1d111b03, 
    0x820e161b, 0x0804217f, 0x01288a82, 0x080a0102, 0x0a0b0f12, 0x01320882, 0x08040304, 0x08080509, 0x07070101, 0x0209050a, 0x00820103, 0x15820520, 
    0xeb820320, 0x061e152f, 0x341a1934, 0x1806180c, 0x03080306, 0x22ca820a, 0x82020305, 0x1a1a2e19, 0x510d1206, 0x1c06361b, 0x0f06011c, 0x08af5b0e, 
    0x030a0235, 0x010d0a05, 0x01050805, 0x0c170501, 0x0d010517, 0x4a050f06, 0x022a05e1, 0x681b0206, 0x1337131a, 0x5f490b37, 0x01022205, 0x3b028203, 
    0x09020f06, 0x081f0703, 0x2e0b131b, 0x04281c0c, 0x0c03030c, 0x080c0703, 0x13140406, 0x8205b571, 0x8208202d, 0x03042661, 0x12090508, 0x3486820d, 
    0x05030409, 0x02020101, 0x12060c04, 0x1112110f, 0x070b0a09, 0x210f8205, 0x3a820c05, 0x12023808, 0x0f050d08, 0x190a1412, 0x0e301830, 0x0d071918, 
    0x07040807, 0x03050404, 0x06050c09, 0x1c070418, 0x11051304, 0x050c110c, 0x02050514, 0x36171c02, 0x34284a27, 0x84041b19, 0x070626c4, 0x06080301, 
    0x2e29820c, 0x03030103, 0x050a0904, 0x02100f0c, 0x43020203, 0x08830762, 0x160a0823, 0x22138216, 0x41070503, 0x0722052f, 0x8e820406, 0x0205082b, 
    0x05050903, 0x01020603, 0x23038207, 0x0a030101, 0x022b5282, 0x03030e01, 0x07020108, 0x82070208, 0x8202205b, 0x01072409, 0x82020101, 0x32528268, 
    0x01010608, 0x01010708, 0x01020b02, 0x07060401, 0x82040e0b, 0x0527081c, 0x030e030b, 0x05040305, 0x03080508, 0x02090a0d, 0x04060301, 0x120b0c04, 
    0x0307062f, 0x1c9afe02, 0x09070101, 0x82090f09, 0x01012518, 0x0e0f1065, 0x49086b82, 0x090a1a03, 0x02010301, 0x32010251, 0x06341819, 0x09050b0c, 
    0x07030601, 0x0a040507, 0x080c0a05, 0x0c031809, 0x0c090703, 0x06040508, 0x06030b09, 0x00030000, 0x0a40005d, 0x0145032c, 0x01a50176, 0x010000dc, 
    0x2f171432, 0x394d1701, 0x37222206, 0x058c4534, 0x4d363421, 0x0e31069e, 0x16060701, 0x06230607, 0x0722042b, 0x022e2706, 0x262a8227, 0x27062307, 
    0x4e263526, 0x22200550, 0xf0711c82, 0x18262006, 0x47099452, 0x38830530, 0x2b210983, 0x08296006, 0x4e821888, 0x2b06072a, 0x22230601, 0x23272227, 
    0x27210d84, 0x205d8436, 0x25688206, 0x26222326, 0x3584012b, 0x47181d20, 0x0424085a, 0x15011e14, 0x17258d82, 0x17141516, 0x07b44516, 0x4705bb45, 
    0xc0620ba7, 0x32332805, 0x36373637, 0x82272635, 0x09946905, 0xde470c84, 0x013b2505, 0x33161732, 0xa9454785, 0x22548205, 0x82343736, 0x20038234, 
    0x06b67727, 0x16061524, 0x4b871437, 0x073b3725, 0x82363716, 0x23828258, 0x36331606, 0x3d243083, 0x35372601, 0x2f213082, 0x82ff8301, 0x82272008, 
    0x07774616, 0x05221883, 0x2a41020e, 0x07062205, 0x82888336, 0x82062059, 0x34372c2a, 0x35363536, 0x35012e34, 0x82063b26, 0x330726f3, 0x26270605, 
    0x08c86c27, 0x87363721, 0x05eb4a82, 0x272a6b83, 0x3637012e, 0x32331633, 0x7c83013e, 0x15060738, 0x0a161714, 0x02010125, 0x16090202, 0x1c1a031e, 
    0x020a050e, 0x0e820402, 0x01019608, 0x06030401, 0x041b0a1d, 0x0401060a, 0x3b1c0d14, 0x0d74743a, 0x0604110b, 0x05020502, 0x11090b0c, 0x010a0609, 
    0x02080213, 0x0401050a, 0x03040301, 0x120b0401, 0x09010612, 0x07070608, 0x060c050c, 0x04060907, 0x08010306, 0x05030209, 0x191a0504, 0x66653232, 
    0x131e220f, 0x130a0d14, 0x100a0e06, 0x0d100b13, 0x060b0708, 0x08100710, 0x2d241236, 0x1a172d17, 0x060a0912, 0x0309040a, 0x040a0705, 0x1b140807, 
    0x48130d24, 0x1a0e6e13, 0x01040a15, 0x05050501, 0x08968202, 0x030e0537, 0x17040502, 0x0508840e, 0x139c2b58, 0x0d682696, 0x1c222021, 0x0a04051a, 
    0x1007070b, 0x16090713, 0x23202215, 0x080c1208, 0x090d0106, 0x06040303, 0x03030807, 0x21aa8208, 0x58820602, 0x06050634, 0x041c1708, 0x16180c25, 
    0x010e0f0b, 0x0908040b, 0xc1820407, 0x080e1024, 0xc7820203, 0x05040626, 0x0809070a, 0x09396982, 0x04110f08, 0x01020107, 0x61621004, 0x63646364, 
    0x05141427, 0x120a0412, 0x26e5820f, 0x0e101509, 0x8201020c, 0x08948232, 0x03060227, 0x11150f03, 0x1c01190d, 0x02080416, 0xf8010302, 0x361a05ed, 
    0x27861b18, 0x06688444, 0x01030501, 0x02030302, 0x824c8307, 0x0301392e, 0x7d41410f, 0x037c7d7d, 0x02060204, 0x20099602, 0x201f0f21, 0x050d0911, 
    0x03206c82, 0x083dea82, 0x01050409, 0x08050403, 0x090a070a, 0x0b080809, 0x0a1a2209, 0x02140a14, 0x16060e07, 0x234c8204, 0x82020202, 0x02217c83, 
    0x31318208, 0x061a070e, 0x0a0b1016, 0x0a040c04, 0x11070c0b, 0x42820205, 0x1c063027, 0x07020101, 0x2c608209, 0x02010205, 0x0f090802, 0x06010d0d, 
    0x826f8201, 0x03042a32, 0x04050401, 0x0407050d, 0x3c108206, 0x070d0a02, 0x04050304, 0x02030203, 0x02020708, 0x0c100504, 0x0b100613, 0x100c0202, 
    0x83938306, 0x05be57b3, 0x04060727, 0x03060306, 0x29808209, 0x09160102, 0x0b0c180d, 0x4a820510, 0x13094d08, 0x01191814, 0x0f040906, 0x2a1f0804, 
    0x12140f05, 0x0426070b, 0x310e1d01, 0x200c2f06, 0x01010803, 0x1d1d1113, 0x1b1b1b18, 0x23211e17, 0x07061d1c, 0x080b0102, 0x0b041213, 0x110b120f, 
    0x0c0b160f, 0x06160618, 0x060b0e07, 0x06090a06, 0x2708d582, 0x09010202, 0x05020701, 0x0c0a0202, 0x03030a06, 0x06080408, 0x07080706, 0x11100b07, 
    0x14100408, 0x0d1b0502, 0x010b0508, 0x0c20ad83, 0x01200582, 0x0220ed82, 0x01213d82, 0x2cc88202, 0x0d1a190f, 0x0a0b0726, 0x03040406, 0x23dd8206, 
    0x0105020e, 0x07331882, 0x06120e09, 0x94101109, 0x07120801, 0x160c2b09, 0x8203232b, 0x03043967, 0x01050103, 0x05140809, 0x0d071a06, 0x130a021a, 
    0x04012008, 0x137a0203, 0x013d1c82, 0x0e050e02, 0x0d0a090a, 0x0308080c, 0x09100805, 0x040a080d, 0x07020107, 0x36070806, 0x08758202, 0x0401012f, 
    0x02120c07, 0x00101204, 0x00600004, 0x039e0526, 0x013e015a, 0x01580146, 0x01000074, 0x23060734, 0x2f060722, 0x35263602, 0x23343734, 0x05104b36, 
    0x23250583, 0x2b060726, 0x221c8206, 0x83012e07, 0x22272125, 0x22080e4c, 0x82070623, 0x17142601, 0x2722012b, 0x08624f26, 0x021d1728, 0x33161714, 
    0xba523632, 0x05694405, 0x44063721, 0x0221068f, 0x05095332, 0x37161726, 0x37323336, 0x09830182, 0x15201383, 0x07202282, 0x4f06764c, 0x946205c5, 
    0x4c078207, 0x08820524, 0x2108a962, 0x64833233, 0x36013f24, 0xad821617, 0x2f363722, 0x35258483, 0x26342734, 0x22b68335, 0x82012e27, 0x05137806, 
    0x20823720, 0x3623d682, 0x8334013d, 0x33362272, 0x06f07c36, 0x36251882, 0x1d16043b, 0x054d4503, 0x27208983, 0x77055871, 0x36210919, 0x27528435, 
    0x36323736, 0x013b3733, 0x2205954b, 0x82033d05, 0x26052788, 0x14372635, 0xc24c011e, 0x26222407, 0x82070637, 0x06232301, 0x83842223, 0x36352624, 
    0xf082011f, 0x1607163b, 0x98050607, 0x0d0b090c, 0x06082827, 0x01080306, 0x0806050c, 0x10110c08, 0x3408820b, 0x090d0c0f, 0x90919012, 0x13626291, 
    0x02060d0b, 0x06010104, 0x28038207, 0x05060c02, 0x02020109, 0x2b018201, 0x1b050302, 0x0101091a, 0x03180508, 0x15820082, 0x1f02023f, 0x02091619, 
    0x03090205, 0x04040708, 0x05050106, 0x060a0704, 0x0224250b, 0x04061418, 0x2e318201, 0x15030a07, 0x080b150b, 0x03040503, 0x82040102, 0x219e8246, 
    0x10420607, 0x07022305, 0x3d82020c, 0x4a830520, 0x21820420, 0x0a060733, 0x0b081206, 0x0c080a09, 0x0d1a0912, 0x02030309, 0x82368202, 0x2181822c, 
    0x874b0401, 0x01033405, 0x07080209, 0x01060607, 0x101f0901, 0x1a081f07, 0x82141818, 0x05022627, 0x17484808, 0x26998206, 0x28032603, 0x8304061e, 
    0x0e0a2a5a, 0x01090906, 0x0904080a, 0x213d830a, 0x6b82030b, 0x0e20212d, 0x06050d09, 0x03d9fa06, 0x82016402, 0x01022116, 0x04249983, 0x78020f04, 
    0x04256782, 0x0d060905, 0x08fb820c, 0x0b0a0428, 0x01221802, 0x02050816, 0x02040302, 0x01010bc3, 0x030b0303, 0x090e0903, 0x0c060508, 0x07040e0d, 
    0x0a080302, 0x43820808, 0x0e0b0822, 0x0324a582, 0x06010301, 0x01202082, 0x0125cb82, 0x0c060402, 0x08bd8207, 0x05060a20, 0x06070406, 0x77760c06, 
    0x160f1214, 0x040f0314, 0x0d0e0815, 0x15140a09, 0x0a0a0404, 0x81830402, 0x04020422, 0x16416583, 0x01320805, 0x04030406, 0x03020404, 0x0d071617, 
    0x0a100b0d, 0x13150a13, 0x09130b0a, 0x03010c07, 0x1c0c0402, 0x09270a20, 0x050a050a, 0x06080509, 0x0c10140b, 0x9982010d, 0x82030221, 0x070624bc, 
    0x82090a05, 0x4f012082, 0x138205f7, 0x07072008, 0x14020903, 0x05140409, 0x16230831, 0x1e1d1f1b, 0x14090a15, 0x02010a11, 0x20030402, 0x83060c09, 
    0x01280830, 0x1e1d1001, 0x23203c3b, 0x0e010c24, 0x140a120b, 0x76770716, 0x0602050b, 0x1208050a, 0x020a0c02, 0x02081008, 0x07020401, 0x2f05ca49, 
    0x212a0909, 0x07071213, 0x67100e0b, 0x04040603, 0x01379582, 0x04010601, 0x02010603, 0x0406041b, 0x04010806, 0x11030505, 0x82080211, 0x06012666, 
    0x05040607, 0x3d008200, 0x004f0004, 0x03d6073e, 0x013e0143, 0x01690151, 0x0100006c, 0x36373634, 0x16173627, 0x9643063b, 0x17323e0a, 0x1633011e, 
    0x011d1617, 0x07161506, 0x012b2706, 0x011f011e, 0x17061516, 0x2b060714, 0x05137501, 0x06262724, 0x02821415, 0x5b05a748, 0x1e21050f, 0x05925b01, 
    0x23060723, 0xb0531822, 0x2627240c, 0x4334013d, 0x2e240611, 0x35263501, 0x03830c82, 0x34273422, 0x2005d15f, 0x07bc7527, 0x20057350, 0x213d8227, 
    0x6d82021d, 0x16222322, 0x26248082, 0x3734022b, 0x03822b82, 0x06232627, 0x22270623, 0x058e4827, 0xbe823720, 0x82363521, 0x4908831b, 0x6682062b, 
    0x27022e25, 0x83012b26, 0x82568228, 0x3404237b, 0x38822706, 0x31203683, 0x2b220782, 0xb5832204, 0xbc500720, 0x06072205, 0x26ae8215, 0x34053d07, 
    0x82331617, 0x033b2a01, 0x32333732, 0x3d373237, 0x28a58202, 0x16173637, 0x36373435, 0x22a78201, 0x44020e27, 0x26240627, 0x37262227, 0x20070645, 
    0x05ba4814, 0x36208284, 0x342e2982, 0x02940335, 0x18020201, 0x5b150a0b, 0x00828b5a, 0x22230a32, 0x04050907, 0x1c190908, 0x1b081e18, 0x01010c06, 
    0x3f081f82, 0x30301002, 0x15021004, 0x01020202, 0x05141201, 0x030b0208, 0x32030c05, 0x07030402, 0x07010408, 0x01030402, 0x190b040b, 0x08190e10, 
    0x0e030d06, 0x0c040f03, 0x05060d06, 0x05030404, 0x03030103, 0x82061744, 0x084e8206, 0x0e010121, 0x0d0d1c15, 0x09100817, 0x0e0d0b0d, 0x191e1e22, 
    0x01070620, 0x02030502, 0x2a200401, 0x83383803, 0x08022f24, 0x0b0d0705, 0x0104040b, 0x02080202, 0x13820503, 0x82040621, 0x03092222, 0x21b18206, 
    0x2f820501, 0x662be282, 0x23134422, 0x090a131f, 0x8506160a, 0x2c178267, 0x7b7b0503, 0x02107777, 0x02040302, 0x3b3f8306, 0x050a0405, 0x02050714, 
    0x2e172023, 0x38549090, 0x09111b1c, 0x03030206, 0x4b4c0906, 0x23087482, 0x09070edb, 0x08060101, 0x0e060f04, 0x04131312, 0x79040101, 0x17181512, 
    0x02050c0d, 0x03060504, 0x0d090306, 0x1029d582, 0x2afe070a, 0x02013503, 0x2eaa8201, 0x03031312, 0x1514110d, 0x05041212, 0x82030102, 0x2a0c2c6b, 
    0x030b1812, 0x210a0205, 0x82043006, 0x122308a9, 0x050e0403, 0x140a0514, 0x170c0206, 0x0f131716, 0x0f121111, 0x15040f12, 0x04130d06, 0x0d32132f, 
    0x82040109, 0x013708d4, 0x02040103, 0x0d050605, 0x0809060c, 0x06080502, 0x0a050203, 0x06030e07, 0x0b160614, 0x060a0c04, 0x0b02050b, 0x06170603, 
    0x2414170b, 0x17180604, 0x0410040b, 0x82070507, 0x3c18323c, 0x114a3e41, 0x05030512, 0x020a030e, 0x07040202, 0x83048201, 0x0f023c9f, 0x1522130f, 
    0x061c232e, 0x01010703, 0x03050106, 0x0808050c, 0x0e051706, 0x820a0714, 0x09052fec, 0x01010d03, 0x050a0303, 0x21080909, 0x1b820720, 0x01062d08, 
    0x03040502, 0x120e0101, 0x17171506, 0x152a3f16, 0x010c0608, 0x6c6c0210, 0x0c0c3e3e, 0x05040305, 0x02010101, 0x0d111108, 0x140b1616, 0x0a313182, 
    0x82fe0102, 0x0f13110d, 0x04080601, 0x090e0510, 0x08c8820a, 0x1236032b, 0x02040b0b, 0x10150103, 0x050a120c, 0x02010406, 0x0a020503, 0xa4fe080d, 
    0x00000101, 0x00620005, 0x03df0740, 0x00230048, 0x310b8244, 0x009c017f, 0x17060100, 0x14151714, 0x3732023b, 0x0c821d32, 0x65471620, 0x0b1f7e05, 
    0x27340525, 0x4c042b26, 0x16220cb4, 0x28851417, 0x01013e28, 0x2e222736, 0x20842201, 0x48822720, 0x37320826, 0x22233734, 0x16284b82, 0x16173217, 
    0x15010e07, 0x02822b82, 0x3d321627, 0x36373402, 0x21388205, 0x51860607, 0x010f2222, 0x82051952, 0x28028425, 0x07141507, 0x23060706, 0x23228322, 
    0x26272635, 0x15230b85, 0x4d150614, 0x0720072c, 0x22201b82, 0x27230483, 0x78262326, 0x3b5f05f6, 0x82368209, 0x822a881e, 0x012f2a67, 0x2e232622, 
    0x013d3701, 0x05ea4734, 0x2006984d, 0x20b58223, 0x245e8223, 0x062b0607, 0x441d8422, 0x37230564, 0x82063b36, 0x265882b7, 0x32043b36, 0x76372627, 
    0x35200abc, 0x372dbf82, 0x17161736, 0x14171415, 0x2306010f, 0x82ae8306, 0x05d3432f, 0x23343522, 0x37207082, 0x32202584, 0x1d212783, 0x82278201, 
    0x3b16242e, 0x841f1601, 0x021d2102, 0x6508df82, 0x5e05033b, 0x01010108, 0x05040e0f, 0x13030107, 0x1b160e0d, 0x080d0908, 0x070b0f0f, 0x0b0e0404, 
    0xe7fe1116, 0x2b100806, 0x0516152c, 0x04060403, 0x08010a09, 0x06050705, 0x100c0104, 0x19141418, 0x2602541b, 0x06020b06, 0x18010304, 0x2736341a, 
    0x01183727, 0x3c3c0d0d, 0x15154241, 0x0e2c0208, 0x03030104, 0x05820505, 0x20086483, 0x030c0201, 0x0d210101, 0x0f160303, 0x2a130b0d, 0x030a0a2b, 
    0x05020201, 0x080a0505, 0x01020303, 0x82018203, 0x03250805, 0x0a0b0506, 0x0304181e, 0x1e020402, 0x08050125, 0x03030207, 0x191b110f, 0x111d2320, 
    0x05120409, 0x08070509, 0x05294610, 0x01010226, 0x02040104, 0x36085682, 0x20180801, 0x06060a09, 0x0a0a0305, 0x3a3b2d06, 0x3225263c, 0x10041819, 
    0x01050604, 0x030e0307, 0x10200b09, 0x04042011, 0x04010306, 0x02100509, 0x0c090c01, 0x825e1e1d, 0x82212000, 0x31028244, 0x1f0c0707, 0x6868691e, 
    0x1c111f68, 0x24132613, 0x00825a15, 0x02020633, 0x020c0203, 0x06020903, 0x0c0c0403, 0x100f0503, 0x43a98209, 0x023005af, 0x6a1f1e05, 0x061a1a6a, 
    0x0b0a0408, 0x04020707, 0x05251682, 0x10020a04, 0x0808820c, 0x0403032d, 0x050d0a05, 0x01101205, 0x01010d1b, 0x35181905, 0x110d6001, 0x07080a17, 
    0x080c0201, 0x0b0a0602, 0x16150b08, 0x090a0f19, 0x82040a0e, 0x03042553, 0x15150e31, 0x08052a65, 0x04080122, 0x1a070606, 0x0a221207, 0x0b040612, 
    0x41012c0b, 0x01010309, 0x12010403, 0x1a030210, 0x0201080b, 0x07260c82, 0x04080a08, 0x0282040f, 0x1603052b, 0x191a0b14, 0x25240a72, 0x08278204, 
    0x03030431, 0x0c0c0505, 0x040c0709, 0x1906010e, 0x061a0607, 0x08070c12, 0x02020102, 0x12131216, 0x02020c12, 0x04060b0b, 0x24180410, 0x1316211f, 
    0x83010c0b, 0x02023300, 0x0c0b0205, 0x020a0304, 0x10041204, 0x07030b09, 0x67821106, 0x09040229, 0x03090804, 0x82222223, 0x02022224, 0x2d798303, 
    0x01030b12, 0x04010601, 0x06070c03, 0x1282010c, 0x033bb682, 0x402d0b10, 0x3819314c, 0x0d370e1c, 0x01030312, 0x01060402, 0x05181702, 0x82061907, 
    0x0e220880, 0x04050705, 0x100b0d0f, 0x05140a09, 0x0305130d, 0x02020306, 0x07070402, 0x0703070b, 0x0d030306, 0x13820408, 0x08070a3f, 0x01020207, 
    0x140d0709, 0x0a08050c, 0x0203030c, 0x01131205, 0x30150d1b, 0x09060731, 0x08008200, 0x60000327, 0x9e0b2500, 0xa0015a03, 0xc101b401, 0x32010000, 
    0x010e1407, 0x27061415, 0x0722032b, 0x06230622, 0x2b06012b, 0x27058302, 0x06071615, 0x26270607, 0x26086e43, 0x0726012f, 0x4307010e, 0x23230698, 
    0x4814010f, 0x2b240512, 0x07062202, 0x07ae6318, 0x21050458, 0x01582635, 0x06232305, 0x25820723, 0x31484782, 0x16172109, 0x06200b85, 0x82064050, 
    0x82262061, 0x2066885a, 0x82188227, 0x07fc43d5, 0x820c9163, 0x2002887e, 0x4c598206, 0x3a88053f, 0x870be443, 0x059a4814, 0x60183582, 0x58830f70, 
    0x27343528, 0x34272634, 0x6585022e, 0x093b3627, 0x36323716, 0xe3531837, 0x1736220e, 0x82b48232, 0x013e2319, 0xbc833633, 0x14011e22, 0x2407304c, 
    0x26043b37, 0x223d8234, 0x8332013b, 0x161724b1, 0x48083b37, 0x372605fd, 0x37013e34, 0x33833336, 0x16323726, 0x041d0607, 0x0aa04418, 0x36244c82, 
    0x32333633, 0x3635b183, 0x06072205, 0x16331617, 0x011e3233, 0x36371633, 0x012b2627, 0x061c6425, 0x012b3a08, 0x0b171614, 0x01010f8f, 0x0a020201, 
    0x31481c1b, 0x0e380e19, 0x0c23381d, 0x04181917, 0x01080c07, 0x15140603, 0x030b0a10, 0x0a04030d, 0x060e0a05, 0x0e2f2215, 0x020a0d36, 0x08308202, 
    0x09040422, 0x0d020202, 0x3b0f590f, 0x2d26530f, 0x04030e03, 0x060f030e, 0x010d070f, 0x24132413, 0x09050904, 0x012e5782, 0x03010304, 0x02040201, 
    0x110d0106, 0x25820f14, 0x0e094008, 0x340e321e, 0x0609020c, 0x04030607, 0x04080f03, 0x05020802, 0x0e101708, 0x020d0315, 0x02040305, 0x04050206, 
    0x0d0f100a, 0x14131316, 0x05050308, 0x05060405, 0x05010307, 0x02050101, 0x82010502, 0x8305204a, 0x01012953, 0x1012120a, 0x1a0d1a0d, 0x052a4282, 
    0x04160601, 0x0705120a, 0x4e820c07, 0x0e3c1082, 0x0d330d13, 0x390f1934, 0x0e3a0f0e, 0x2f3c3a41, 0x141e1321, 0x07060407, 0x03060411, 0x01214482, 
    0x058a4c03, 0x14020739, 0x6b363716, 0x176a6b6a, 0x04040917, 0x180c0a0b, 0x01141310, 0x8206030f, 0x820220f7, 0x032708b8, 0x04060a1f, 0x02060b0a, 
    0x0c030906, 0x010c0405, 0x27240301, 0x12121103, 0x1a0d0d11, 0x13136c6d, 0x04010101, 0x820d1615, 0x0b072706, 0x4e0c0606, 0x0082704e, 0x013a3a23, 
    0x08008203, 0x04010426, 0x040f0407, 0x04051007, 0x05050101, 0x0e040f0f, 0x4f180c13, 0x1a681a4e, 0x1618200f, 0x230d2204, 0x0317c3f8, 0x27087682, 
    0x030f0709, 0x240a160c, 0x02020605, 0x33fc291d, 0x41060309, 0x882b5438, 0x02010288, 0x170a24d5, 0x0304030c, 0x01020101, 0x02310082, 0x0e0e0803, 
    0x0a05070d, 0x03030b03, 0x04030102, 0x2b028202, 0x05010201, 0x01050907, 0x030b0202, 0x0d222b82, 0x70820103, 0x03270d82, 0x03010402, 0x82161621, 
    0x820820f5, 0x02310812, 0x010c0305, 0x1803130c, 0x06131405, 0x3331061a, 0x2209263c, 0x0a181a08, 0x061c0718, 0x02040501, 0x07070508, 0x070e1221, 
    0x1a0d071a, 0x4f394345, 0x22528302, 0x82040102, 0x83062007, 0x04042a7f, 0x0403040b, 0x01010505, 0x08678204, 0x04030d30, 0x0e04030f, 0x06150504, 
    0x1c071110, 0x090e1e07, 0x06020704, 0x0e060808, 0x09040c07, 0x0e020a03, 0x341a0a35, 0x0e12140d, 0x08030902, 0xd3450305, 0x02400805, 0x01010301, 
    0x19272625, 0x07141911, 0x08040907, 0x140b0e0d, 0x060b1811, 0x1a07061c, 0x0d061c0c, 0x133d061a, 0x1c010113, 0x02020603, 0x02050107, 0x090a0903, 
    0x0e1e0f07, 0x05060115, 0x0101090a, 0x142ad883, 0x060c0408, 0x02010303, 0x55820405, 0x020b0326, 0x01040b03, 0x5c821f82, 0x05090726, 0x01040808, 
    0x21054649, 0xaf820201, 0x1a1a0a25, 0x82020707, 0x0b093409, 0x03030b01, 0x02010402, 0x07010301, 0x18b10703, 0x83080f17, 0x120e2b50, 0x48021417, 
    0x29392425, 0xd4821f3e, 0x0002003e, 0x0840005b, 0x004203a7, 0x001801fe, 0x16170100, 0x22170607, 0x06230607, 0x022b2627, 0x07240882, 0x07062327, 
    0x232b0182, 0x22042b06, 0x14072227, 0x82071417, 0x2627211b, 0x07230182, 0x82011d06, 0x1407261a, 0x1f141516, 0x22278301, 0x44221715, 0x5f5c058d, 
    0x60272007, 0x17830815, 0x20098f48, 0x20338223, 0x226c8216, 0x5023010e, 0x2f280572, 0x07010e01, 0x15010e14, 0x26827a82, 0x022f2622, 0x22225983, 
    0x0282012f, 0x4406a948, 0x35250755, 0x1f161533, 0x22588301, 0x82321732, 0x06ad5544, 0x37343726, 0x013e3536, 0x14821282, 0x67483220, 0x16322a05, 
    0x1e171633, 0x33163301, 0x05744c36, 0x36208184, 0x17251282, 0x15171416, 0x059d503b, 0x1f363725, 0x82212501, 0x011d29ec, 0x3b161714, 0x16173204, 
    0x75844a82, 0x9f088708, 0x05040206, 0x18201001, 0x11171018, 0x17444316, 0x0a181415, 0x07050505, 0x0b13120c, 0x5252511b, 0x130d1a52, 0x130d0114, 
    0x0c08281a, 0x14121218, 0x08050a0d, 0x06010203, 0x05050d06, 0x1e140f04, 0x0f050a06, 0x03010501, 0x06030904, 0x04060205, 0x13130b11, 0x08060401, 
    0x15161418, 0x0e131516, 0x1b09070d, 0x03040104, 0x2e5c2501, 0x01040103, 0x14030102, 0x01011450, 0x09120902, 0x04030c0f, 0x36310208, 0x2347333a, 
    0x0c0d2305, 0x2082040c, 0x0c133d08, 0x05050c06, 0x09d0050c, 0x1113150a, 0x361b160b, 0x360e340e, 0x022f211b, 0x04020105, 0x48130407, 0x182c0c1a, 
    0x3d0f0c2c, 0x1f3c5a0f, 0x0f390e5a, 0x390e1d38, 0x031d380e, 0x15050305, 0x4b085a82, 0x01050302, 0x1305110d, 0x2c010104, 0x150e1a2b, 0x1b282713, 
    0xeefd0835, 0x09133ffd, 0x12090a09, 0xa3a2a2a2, 0x0b1c1318, 0x060c020e, 0x4a020704, 0x0c080c14, 0x01030208, 0x08080405, 0x0c1a0702, 0x01071013, 
    0x101e0601, 0x040c1119, 0x043b4382, 0x0a0d0701, 0x0a051f11, 0x0601060e, 0x09030602, 0x13110d11, 0x01070506, 0x82060202, 0x025c08b8, 0x03080605, 
    0x22293915, 0x19111217, 0x04060406, 0x08020205, 0x13111007, 0x10161216, 0x28131040, 0x161b1a21, 0x380f380e, 0x541d381c, 0x02051003, 0x0e040806, 
    0x01050304, 0x0a080603, 0x03080819, 0x01010202, 0x28343326, 0x1c2b2c1f, 0x080e0710, 0x06090e09, 0x180b0e06, 0x12070c09, 0x02209582, 0x102a9782, 
    0x02100703, 0x110b0b14, 0x2d83020a, 0x02030122, 0x2005fa44, 0x2a078301, 0x18201808, 0x140d1927, 0x51030113, 0x36080596, 0x04010105, 0x0201010b, 
    0x0b0a9404, 0x09122312, 0x0d01010a, 0x0a22220b, 0x00030206, 0x00030000, 0x0a220063, 0x00600342, 0x0133001e, 0x010000d3, 0x22232734, 0x42171617, 
    0x342406f7, 0x06070627, 0x16310e82, 0x3716013b, 0x01363736, 0x3b161716, 0x37263202, 0x4c018234, 0x1721061e, 0x073f4326, 0xbc4b0620, 0x22272106, 
    0x2205d24b, 0x82062b27, 0x07272123, 0x072d4382, 0x031d3506, 0x07161714, 0x17141506, 0x08a85314, 0x23201082, 0xa9471e84, 0x07222105, 0x34207783, 
    0x2205cb5f, 0x5827012e, 0x26220750, 0x0a822227, 0x82353721, 0x4c062025, 0x11820896, 0x36850720, 0x4518a184, 0x07260d76, 0x0e222306, 0xc6842301, 
    0x21074c43, 0xd459013e, 0x82158206, 0x056d4313, 0x052b3122, 0x200b2f60, 0x240c8623, 0x3722022b, 0x06d65e36, 0x32826583, 0x480e2721, 0x27200669, 
    0x2625d483, 0x2734043d, 0x28468226, 0x32073b36, 0x053b1617, 0x200d8432, 0x20068533, 0x070d5436, 0xa8822083, 0x1736372e, 0x021d011e, 0x33143314, 
    0x34013d32, 0x01232f82, 0x7e021d32, 0x23830617, 0x013b1629, 0x013e3716, 0x8232063b, 0x0b52482a, 0x28823b20, 0x37140423, 0x21178233, 0x6882023b, 
    0x14152c08, 0x012b0607, 0x38204d05, 0x0108070d, 0x030a0907, 0x01010206, 0x0c080811, 0x0c141009, 0x140e0e1d, 0xbb030304, 0x04020102, 0x82071a1a, 
    0x01230819, 0x06121602, 0x87060407, 0x01040302, 0x040e0c0b, 0x14070a02, 0x120f0604, 0x100a0804, 0x0a100605, 0x826b1005, 0x3b230800, 0x0c0e0f3b, 
    0x02030608, 0x06050402, 0x010a0505, 0x0f050302, 0x04011801, 0x02030503, 0x0c070c07, 0x820a2509, 0x19022302, 0x54830813, 0x01040125, 0x82020501, 
    0x02022a81, 0x04020302, 0x02010602, 0x38048201, 0x18190705, 0x060a1d1c, 0x030a0808, 0x07050602, 0x010a040b, 0x05010703, 0x3e2f8206, 0x0a060a05, 
    0x0c080d04, 0x03010706, 0x05030806, 0x140c030c, 0x1d1f2108, 0x1f0e1415, 0x82172c24, 0x06012b3d, 0x04040802, 0x0f100b0e, 0x4f82080b, 0x0906032c, 
    0x10010103, 0x133a3b0f, 0x6e820813, 0x140d2208, 0x05020a15, 0x0f090501, 0x050a0306, 0x1b0b0302, 0x05040a1c, 0x0f140108, 0x23062305, 0x0e051405, 
    0x2d928204, 0x0d341a34, 0x050f110a, 0x0d171505, 0x9582020b, 0x1207052c, 0x54541011, 0x6969696a, 0xad820811, 0x191a0a25, 0x820a3436, 0x0e072583, 
    0x04030716, 0x0e34a482, 0x0a141406, 0x04050d09, 0x0302080a, 0x1107051c, 0x06101610, 0x10376782, 0x02080b0a, 0x5c5c5353, 0x03060509, 0x06030404, 
    0x09070a06, 0x82020105, 0x07360833, 0x5352a09f, 0x0d17200a, 0x09100217, 0x04010702, 0x07090d08, 0x0e030d0e, 0x05040712, 0x1f333206, 0x110e1a11, 
    0xa0014013, 0x201c0223, 0x0b0c0403, 0x040d0605, 0xda82030d, 0x01121523, 0x2d858202, 0x5101090f, 0x180e0d05, 0x0f070f06, 0x52820207, 0x88100e22, 
    0x04261682, 0x12090e02, 0xb7830401, 0x08081223, 0x23be8207, 0x05091202, 0x02257382, 0x34121001, 0x315c8234, 0x0f0a0a05, 0x071c0709, 0x2c231416, 
    0x01044b03, 0x90820701, 0x03040224, 0x0282030c, 0x0a070a3d, 0x07030b05, 0x11040105, 0x04120405, 0x302c2d2e, 0x030c1201, 0x01010201, 0x82070502, 
    0x820620a7, 0x06042208, 0x37ae8204, 0x020c050c, 0x07020b04, 0x0406030d, 0x05020403, 0x1a131105, 0x07040e0c, 0x20080382, 0x01010105, 0x0b0b0304, 
    0x4c3d3718, 0x020b0327, 0x0f030a03, 0x07091614, 0x0c0e0605, 0x020a1b1a, 0x081d8203, 0x08090a44, 0x140d0c13, 0x09030c03, 0x0a0f0202, 0x090a0303, 
    0x1b030102, 0x10031b04, 0x03040903, 0x1021090e, 0x07080921, 0x02170f08, 0x100d0a0c, 0x722e2f0c, 0x0f0b1171, 0x0305110b, 0x0203080c, 0x0d020303, 
    0xba82050c, 0x0a3d9884, 0x0c0d080a, 0x1010160b, 0x101a0709, 0x01051a1a, 0x01070c03, 0x0a0c0401, 0x05050805, 0x089d8204, 0x0502027e, 0x01020406, 
    0x16031f11, 0x0209020b, 0x01040207, 0x1a190901, 0x02043131, 0x02010506, 0x05051b1f, 0x00070000, 0x0d26005b, 0x005a032d, 0x00ca00c0, 0x00e100ce, 
    0x01f100eb, 0x0100001d, 0x013f2725, 0x010f3527, 0x07151727, 0x35231527, 0x0f273533, 0x37012f03, 0x020f2327, 0x2f050723, 0x07270701, 0x27020f17, 
    0x0f060722, 0x011f1502, 0x011e1507, 0x2307031f, 0x07032f35, 0x23072327, 0x17281784, 0x07062207, 0x040f010e, 0x27301f82, 0x2f013f13, 0x2f071503, 
    0x010f2302, 0x23170715, 0x07215482, 0x24538335, 0x011f3313, 0x2c028205, 0x37353327, 0x33353717, 0x33033f17, 0x304b8205, 0x3517013f, 0x013f3537, 
    0x1f151705, 0x023f3303, 0x05a54736, 0x17214b82, 0x24278333, 0x15172135, 0x316e8225, 0x35373317, 0x23373307, 0x0f212725, 0x3f251703, 0x1e643601, 
    0x05272105, 0x0123ac82, 0x8233011f, 0x331523c9, 0x0e82022f, 0x030e0728, 0x14070607, 0x44821617, 0x27262725, 0x77263526, 0x172007af, 0x81821484, 
    0x35367308, 0x290d2726, 0x0c01a7fd, 0x1050c101, 0x1e071c8b, 0x02560617, 0x07060303, 0x11020105, 0x09050502, 0x091bfe08, 0x1803180c, 0x0c040202, 
    0x02010403, 0x08020601, 0x04021101, 0x05111d06, 0x1e1506c6, 0x130e030a, 0x0606297b, 0x08040302, 0x01040f1d, 0x06020106, 0x39020a02, 0x05050701, 
    0x0304a6b9, 0x2a100f09, 0x0121020b, 0x6d7d2084, 0x7c254c02, 0x1982019c, 0x03023308, 0x0104058b, 0x01020467, 0x0c220122, 0x02222301, 0x0d0b0458, 
    0x0db50108, 0x03060d16, 0x091b0209, 0xe6010603, 0x04020e05, 0x50011103, 0x04010708, 0x92820b04, 0x0202042b, 0xc14f128b, 0xfb054c02, 0x08a082e5, 
    0x072f1f2a, 0x545f0759, 0x6efd5804, 0x0f88fe04, 0x0815050c, 0x0b05a301, 0x03040506, 0xa1fa0506, 0x04056105, 0x03630405, 0x027d7304, 0x44250882, 
    0x010c320a, 0x29c08203, 0x01020202, 0x11050c06, 0xe3820508, 0x05020239, 0x06050c16, 0x06060502, 0x030a7610, 0x2d020302, 0x09011801, 0x82010503, 
    0x18350801, 0x280b0208, 0x14070205, 0x03040304, 0x051d0812, 0x05041104, 0x02210903, 0x04070215, 0x02020101, 0x02700508, 0x1e290709, 0x36661c1e, 
    0x45063707, 0x03224f75, 0x24198303, 0x03113708, 0x08218202, 0x040801d6, 0x030b0a6f, 0x21012b0c, 0x1018170c, 0x02050108, 0x180c0248, 0x44020b03, 
    0x3f4e1b1c, 0x05041a47, 0x5d010405, 0x03041205, 0x090c0107, 0x0f020901, 0x08058c02, 0x0d023006, 0x01550c17, 0x02090526, 0x08030402, 0x01010e0a, 
    0x71332005, 0x01010507, 0x04050302, 0x0694040a, 0x06240501, 0x1107ab7c, 0x054a030d, 0x0d4d1f08, 0x0c060274, 0x03083307, 0x0a050501, 0x08090d07, 
    0x01ed040a, 0x03070801, 0x0ea10704, 0xfc020509, 0x05020c04, 0x04020403, 0x050a040c, 0x0d040a0a, 0x09080b06, 0x050a0904, 0x0b08080c, 0x0808100b, 
    0x0f0b060a, 0x0e0b0910, 0x00020007, 0x08f2ff53, 0x008d03fc, 0x00580123, 0x06070100, 0x17150607, 0x0727010f, 0x06020f23, 0x16170615, 0x33200182, 
    0x2c083460, 0x25272627, 0x1f333717, 0x23010f01, 0x2304832f, 0x23272327, 0x2b253282, 0x05012f01, 0x230b8207, 0x14072307, 0x1f214382, 0x82378201, 
    0x1f062307, 0xe0531501, 0x0f062105, 0x342a2282, 0x013f3637, 0x2f363736, 0x09832602, 0x21832720, 0x82010f21, 0x030f253f, 0x2f262722, 0x1f841a83, 
    0x6f09e942, 0x2854086c, 0x84172006, 0x229a8257, 0x82372627, 0x8326208c, 0x022f2303, 0x07840607, 0x7f730120, 0x010f2208, 0x07c67e1f, 0x82012b21, 
    0x211e855a, 0x1843012e, 0x82022006, 0x25332a83, 0x17023f35, 0x07162335, 0x22ca8206, 0x82230723, 0x3734254b, 0x17333736, 0x333a7d84, 0x15161732, 
    0x17373537, 0x33013f15, 0x33353317, 0x07153315, 0x23352315, 0x82823317, 0x84011f21, 0x8b158311, 0x15172303, 0x2e842117, 0x37173723, 0x08468234, 
    0x04013b53, 0x0204078b, 0x16050302, 0x081b060e, 0x02053706, 0x05060205, 0x12134b05, 0x190a0d0e, 0x0504301a, 0xb5030707, 0x05370f0e, 0x31070505, 
    0x060e0a0a, 0x0431051f, 0x04020118, 0x03092d03, 0x0811befe, 0x43050706, 0x06050309, 0x06071208, 0x02020205, 0x22018201, 0x820d0506, 0x2a0b2e20, 
    0x02011c31, 0x01050f03, 0x09080101, 0x32498202, 0x0d615314, 0x47181818, 0x0b0c0b0c, 0x044e6e40, 0x82010504, 0x05033231, 0x07080615, 0x04081702, 
    0x0d080704, 0x0a0f443e, 0x082c820a, 0x030e0520, 0x10070903, 0x14131416, 0x08020108, 0x01085252, 0x12190103, 0x060c0b08, 0x0505070b, 0x39823221, 
    0x03820520, 0x01032108, 0x131b170b, 0x0311121e, 0x020d0c08, 0x05040403, 0x06820608, 0x08080406, 0x23060404, 0x07020d04, 0x51087e82, 0x15240e02, 
    0x02080903, 0x1f1b12bb, 0x0502112a, 0x020e0805, 0x060e0527, 0x02030301, 0x26070a04, 0x02040202, 0x03050608, 0x5817150b, 0x0f10226a, 0x0c16160d, 
    0x070e0937, 0x05020305, 0x10261124, 0x0f271026, 0x4e1e1027, 0x06590114, 0x140a2909, 0xb8822b0a, 0x04012d08, 0x05f9011c, 0x04080604, 0x01010617, 
    0x6407020e, 0x0809070c, 0x01050604, 0x09040701, 0x4f27270a, 0x0c0f0b05, 0x0a0701b2, 0x030a191a, 0x59083082, 0x02030403, 0x08020302, 0x44060612, 
    0x01050505, 0x04010208, 0x160a0504, 0x3a330d0a, 0x14120f14, 0x05030404, 0x21070907, 0x370d1d0f, 0x060a090e, 0x0505131c, 0x040a0407, 0x191a0804, 
    0x0d106b24, 0x060b050c, 0x03020201, 0x100c1d17, 0x0c0c270c, 0x0b14010a, 0x100f0b0c, 0xa682090a, 0x82020121, 0x08f2823c, 0x291d2822, 0x344e3427, 
    0x060b1834, 0x1c1d0409, 0x140c0a02, 0x1f1b3236, 0x283a1a33, 0x28023d28, 0x05010202, 0x79824282, 0x110c2f08, 0x1112140d, 0x130d1b0b, 0x04060606, 
    0x03020105, 0x08080601, 0x16900e05, 0x10220b40, 0x0a070a0d, 0x010c1d15, 0x0d080f04, 0x39010512, 0x5e820306, 0x0a0a0626, 0x0a09220c, 0x073b4182, 
    0x03010105, 0x13010505, 0x0d0e0203, 0x04060c0c, 0x0705016d, 0x0101020d, 0x88041504, 0x1a272900, 0x0905040b, 0x01040206, 0x00360082, 0x00030000, 
    0x0a0d0054, 0x0275030f, 0x0288026d, 0x01000099, 0x6d522636, 0x06073705, 0x33011e17, 0x34273616, 0x37161716, 0x37263532, 0x36373233, 0x256a1615, 
    0x023b2205, 0x21158232, 0x2c822734, 0x33161731, 0x32013b16, 0x3334013f, 0x15161516, 0x82363714, 0x06072123, 0x14220182, 0x33840607, 0x3b261282, 
    0x36371601, 0x34823732, 0x17160727, 0x3632053b, 0x290a8217, 0x17363435, 0x34023d16, 0x5d82012e, 0x32333625, 0x82171615, 0x16172562, 0x33141506, 
    0x17221e82, 0x41820714, 0x25826682, 0x15061522, 0x1f274082, 0x022b1601, 0x8415010e, 0x22608225, 0x82262706, 0x8216202a, 0x3637248c, 0x82353635, 
    0x2c5a8280, 0x06071617, 0x011e011d, 0x06231615, 0x05737c27, 0xf54ba582, 0x14152606, 0x23020e07, 0x29c48322, 0x23262207, 0x35262726, 0xe3823734, 
    0x07222724, 0xce823522, 0x57060721, 0x162605df, 0x010e0706, 0x3e821417, 0x3b860282, 0xa7832720, 0x22022b22, 0x24850782, 0x15254582, 0x011e1706, 
    0x82a08237, 0x20558238, 0x440d8215, 0x172005bc, 0x8408097c, 0x07b54412, 0xdb6c0e20, 0x44548205, 0x01210586, 0x844d8226, 0x26272358, 0x5c820722, 
    0x21742883, 0x54e38409, 0x37210730, 0x05fc6436, 0x82262721, 0x8223203e, 0x023d2104, 0x1726b184, 0x17161415, 0x14820714, 0xc6822220, 0x0615062b, 
    0x22012b14, 0x0714010f, 0x233e8214, 0x22230623, 0x82072055, 0x0706270e, 0x37262706, 0xf0583536, 0x8423200b, 0x20848412, 0x84958435, 0x3437230a, 
    0xdf413736, 0x32172106, 0x4f06f441, 0x878505ed, 0x3b363731, 0x16331601, 0x3532023b, 0x37342734, 0x82012e35, 0x07062224, 0x205e8222, 0x27748234, 
    0x07160706, 0x37343506, 0x13224282, 0x84820726, 0xa3821720, 0x02233382, 0x82233731, 0x25c98580, 0x14072607, 0xbe82010e, 0x26823320, 0x7b822720, 
    0x36033c08, 0x0104040a, 0x09040b0c, 0x020f0807, 0x0504030a, 0x05021001, 0x05010303, 0x0b07070e, 0x03010202, 0x0f090f08, 0x05051f20, 0x02010206, 
    0x0c0a0402, 0x140e0701, 0x0902020e, 0x82090108, 0x02013126, 0x05070603, 0x080a0e10, 0x090e100b, 0x2010310e, 0x0a3d4482, 0x01040b05, 0x62777809, 
    0x1c626263, 0x09041a1c, 0x04020309, 0x04010101, 0x010e0f01, 0x26078202, 0x03020202, 0x84030302, 0x06022951, 0x01050505, 0x051a1b01, 0x0b266c82, 
    0x0602010c, 0x1f820a07, 0x02060129, 0x1722171a, 0x822d5036, 0x08012726, 0x10100505, 0xbd521e1d, 0x25498205, 0x16070f02, 0xe7821325, 0x06303982, 
    0x3b3c2322, 0x05060307, 0x02010103, 0x05040103, 0x09210182, 0x82908208, 0x2c61820e, 0x02050203, 0x05010109, 0x01060507, 0x085c8202, 0x01030426, 
    0x1a09110b, 0x3a7b2951, 0x011d1d3a, 0x0305161e, 0x01040907, 0x250e0e02, 0x09250912, 0x13151418, 0x01040508, 0x02200082, 0x05244e82, 0x09040503, 
    0x01220782, 0xc2820203, 0x59089782, 0x050a0402, 0x0303040a, 0x03050205, 0x050c0304, 0x18050707, 0x06051405, 0x1818091f, 0x0504030e, 0x06040609, 
    0x01030609, 0x08060106, 0x50141101, 0x0e121214, 0x08010506, 0x01070606, 0x04080406, 0x0306040d, 0x11081c03, 0x200f020a, 0x2e211915, 0x0b0b0f2b, 
    0x18060609, 0x71841216, 0x03030324, 0x09820a08, 0x10161626, 0x08030708, 0x1724fb82, 0x0201031c, 0x093e1182, 0x0907040b, 0x0e0c0b01, 0x0a09090a, 
    0x0b0b0408, 0x01010607, 0x0810100f, 0x09120b18, 0xd4820401, 0x06080a2c, 0x01020201, 0x06020303, 0x08830306, 0x03010123, 0x24f98201, 0x050c0a08, 
    0x08088207, 0x090d0231, 0x7c3e3f09, 0x1c13237d, 0x0c0d1419, 0x01020611, 0x0c070202, 0x1e0f1e0f, 0x010b2728, 0x02060201, 0x05050303, 0x02050404, 
    0x0b080b10, 0x830b0501, 0x0ac32593, 0x190e1415, 0x0f264e82, 0x0d0e0b0a, 0x1e82010a, 0x020c1027, 0x90060701, 0x2b968208, 0x06051016, 0x06040202, 
    0x10084803, 0x0324f682, 0x15130804, 0x01211682, 0x24478204, 0x09010603, 0x25638209, 0x07080204, 0x15830302, 0x00820320, 0x01040222, 0x0e221382, 
    0x2b820203, 0x9d820620, 0x030d072d, 0x0a0b0b0a, 0x011d2101, 0x820d0301, 0x23028225, 0x05050201, 0x44829b82, 0x0103032e, 0x1a1a0401, 0x0a130a02, 
    0x05010322, 0x013e3082, 0x07060704, 0x0a040306, 0x1206050a, 0x0205090f, 0x07020301, 0x0a130705, 0x09090e09, 0x2f830601, 0x02217b82, 0x82958201, 
    0x820283d2, 0x14022312, 0xeb820b0e, 0x5f850420, 0x06040322, 0xa3821e82, 0x5e820120, 0x1b060523, 0x2add821a, 0x060c0305, 0x03070a0c, 0x82030102, 
    0x1c1222e2, 0x229e8201, 0x8304040d, 0x283f8347, 0x01040601, 0x04040402, 0x27508201, 0x050d0505, 0x090a0807, 0x22082c83, 0x02010201, 0x06030807, 
    0x1c072a07, 0x08030a07, 0x0c0a0505, 0x0f1c0e04, 0x09070c1c, 0x0108020b, 0x82080807, 0x02023a31, 0x02060208, 0x09030b02, 0x140b1b1d, 0x211e1017, 
    0x1e081111, 0x061e1e07, 0x08ed8203, 0x0e02082c, 0x0805070a, 0x050c040a, 0x1115050c, 0x0d101512, 0x01050704, 0x0e060c07, 0x0f353711, 0x1212120d, 
    0x01070811, 0x12120405, 0x97820209, 0x05110625, 0x820b0413, 0x02012989, 0x060e080a, 0x04030208, 0x023ace84, 0x06040b09, 0x0606090a, 0x0101050b, 
    0x0c130303, 0x0a11100c, 0x19130d18, 0x10840c02, 0x09092108, 0x020a0305, 0x2c1a0906, 0x1c102522, 0x19081c08, 0x08200819, 0x020a0708, 0x01020103, 
    0x09040706, 0x04345383, 0x08121105, 0x08010203, 0x03010106, 0x03050705, 0x03020407, 0x20051741, 0x31278208, 0x07050402, 0x1d071310, 0x85fe160f, 
    0x1704040a, 0x35840f1a, 0x09050534, 0x09090c06, 0x100f0b06, 0x01040904, 0x08031011, 0x5a820407, 0x0002003d, 0x0a400056, 0x004003a0, 0x00aa008c, 
    0x012f0100, 0x07152335, 0x0f060706, 0x832f2302, 0x07252e02, 0x010f010e, 0x030f2721, 0x020f012f, 0x2b1a8327, 0x3f251307, 0x16173604, 0x030f011f, 
    0x2206d545, 0x4536023f, 0x3f210505, 0x84118302, 0x3f17210b, 0x4505975e, 0x3f2106f9, 0x054b4502, 0x35210584, 0x2a158333, 0x023f1733, 0x17333721, 
    0x82172137, 0x013f2205, 0x215d8305, 0xff55012b, 0x34352105, 0x36234584, 0x85323733, 0x9b0a2541, 0x032e2b08, 0xe108e382, 0xb00d2204, 0xc81e1b16, 
    0xfe1b1615, 0x08031b20, 0x91fd0701, 0x303f6609, 0xa2202f1c, 0x313a316e, 0x070c0e08, 0xc80a0116, 0x1732434d, 0x09050a05, 0x20221413, 0x06070311, 
    0x0c0d0a0b, 0x07142d0c, 0x070c0604, 0x290d0a0e, 0x0d110d15, 0x100c3512, 0x09210f0b, 0x1516150c, 0x1b1a1d1e, 0x221c231a, 0x1425331f, 0x1c21242d, 
    0x0a131118, 0x9a07060d, 0x0202020f, 0x1d151603, 0x03530128, 0x010f12d8, 0x0d13242e, 0xf905130d, 0x07040bf1, 0x093d0807, 0x03060610, 0x07020303, 
    0x070a0707, 0x0607083d, 0x02030605, 0x0512b002, 0x03110879, 0x4b0a0404, 0x251c0e05, 0x05090607, 0x01040102, 0x13570906, 0x0a0a060d, 0x0101090a, 
    0x0506030c, 0x58c3fe07, 0x11191a4a, 0x02020108, 0x3d1b0e07, 0x0c15243e, 0x4f82080d, 0x0a014508, 0x0d091909, 0x0f160c13, 0x0b112c0e, 0x03020608, 
    0x08040503, 0x3d020705, 0x2b2a2f2b, 0x231c2221, 0x52141f18, 0x231e1a3a, 0x1e1f241d, 0x201c1a1e, 0x020a1e1b, 0x05040201, 0x0e13160f, 0x03210e13, 
    0x19880b07, 0x062d4882, 0x06080406, 0x06080907, 0x02030508, 0x08458201, 0x0a080620, 0x00020000, 0x0a55004d, 0x022903e3, 0x00370222, 0x27060100, 
    0x27222726, 0x22042b26, 0x8a73010f, 0x26272205, 0x23088307, 0x17142627, 0x82061664, 0x1415241f, 0x6d072223, 0x2727055f, 0x27263526, 0x82062736, 
    0x22072832, 0x23060706, 0x82230622, 0x05cb5306, 0x2b343723, 0x5d5f1804, 0x5c4a850c, 0x3427082b, 0x2f342627, 0x83072201, 0x36342930, 0x2b373637, 
    0x14150601, 0x82071274, 0x2b7b8215, 0x22270623, 0x2e272226, 0x26012f03, 0x82054758, 0x821a831f, 0x821282ab, 0x2326213e, 0x21067542, 0xba843637, 
    0xc2853f89, 0x012e2322, 0x2c054542, 0x36372627, 0x3d012e35, 0x26342601, 0x4f028335, 0x1c8205de, 0x33013e27, 0x32013b36, 0x059e4d37, 0x37163327, 
    0x36323732, 0x840f8233, 0x17362402, 0x5c161716, 0x33210890, 0x821f8236, 0x4274841b, 0x07220593, 0x4b183716, 0x35210772, 0x062f4106, 0x22012b28, 
    0x26272227, 0xa4820607, 0x64826782, 0x414a3420, 0x58332005, 0x37200572, 0x66825585, 0x36333624, 0x7d843732, 0x64843220, 0x32201883, 0x82065143, 
    0x05b5546a, 0x6b831f82, 0x85141521, 0x262722fd, 0x835e8423, 0x21038360, 0x877d020f, 0x033b2106, 0x9e844483, 0x39823220, 0x84023b21, 0x043b2148, 
    0x07025b18, 0x8c76b085, 0x07142406, 0x84013f32, 0x16332359, 0xf382053b, 0x23055966, 0x16060506, 0x8d844182, 0xce822620, 0x06232408, 0x06072223, 
    0x1e2ad50a, 0x05041930, 0x14140306, 0x01093130, 0x02040201, 0x07090608, 0x0a030814, 0x82070502, 0x0c4d0810, 0x100f120c, 0x080a1919, 0x0503010d, 
    0x03070307, 0x06030608, 0x0b030201, 0x2b2a0909, 0x24136766, 0x050a2409, 0x030b020b, 0x0a0c0610, 0x04030404, 0x10010102, 0x043a390f, 0x01040103, 
    0x0c080504, 0x26252d1c, 0x17061504, 0x01020201, 0x20138302, 0x22008301, 0x8202080a, 0x03082a2b, 0x0a040101, 0x0201030a, 0x2e788205, 0x09080604, 
    0x10040710, 0x08030903, 0x82051c0a, 0x030a2269, 0x31258206, 0x0f010303, 0x04160a0f, 0x07070505, 0x21031411, 0x5982160b, 0x070b0122, 0x123f7782, 
    0x040b0d11, 0x2d2d1905, 0x0f0f2525, 0x2a0a1805, 0x48310d0b, 0x18601848, 0x241f231e, 0x48030c1c, 0x0722054d, 0x7d820101, 0x82030221, 0x0942087f, 
    0x14020c03, 0x050c2411, 0x03050511, 0x18170d04, 0x0b172f0f, 0x0d1a0b30, 0x13070d26, 0x020d0908, 0x14070a09, 0x140a130d, 0x13081a04, 0x11180b17, 
    0x06081211, 0x09060507, 0x14090e10, 0x0c0a0a08, 0x38820109, 0x18240482, 0x0718070c, 0x152c7d82, 0x170d1b27, 0x11160c0b, 0x01062716, 0x04206082, 
    0x2408e682, 0x2f01221b, 0x0b2f0c17, 0x2a1f1a30, 0x130f1210, 0x0d071b06, 0x0616061a, 0x0c051220, 0x07010508, 0x0e090202, 0x08af8210, 0x03040237, 
    0x10040807, 0x27101111, 0x06173527, 0x16240619, 0x09081810, 0x06060304, 0x151f0406, 0x0d0d1b11, 0x180e1c1a, 0x0e0b0913, 0x04030307, 0x04060105, 
    0x0815081c, 0x08008299, 0x0f14185c, 0x0a040e1d, 0x07010608, 0x0e090503, 0x0808030f, 0x270d0405, 0x01404026, 0x0d080607, 0x0d030806, 0x06040209, 
    0x05010204, 0x04050304, 0x05070806, 0x08030201, 0x44460d05, 0x05084444, 0x01030307, 0x3bf90402, 0x1a093e10, 0x0407150e, 0x07060203, 0x09010e04, 
    0x0d13150c, 0x2a82dd01, 0x82053548, 0x0301363d, 0x050e0a04, 0x07080413, 0x09061c06, 0x04050405, 0x09070101, 0x22008301, 0x82070103, 0x0302220c, 
    0x22598201, 0x84020401, 0x35042b01, 0x0d330c17, 0x033b2720, 0x72820907, 0x0501052c, 0x06180c0f, 0x11270618, 0x45821127, 0x04120524, 0x7e820202, 
    0x08010233, 0x01060301, 0x05020301, 0x030e0411, 0x010e0a0b, 0x820d8304, 0x023d0894, 0x01060206, 0x06010304, 0x231e0108, 0x05072a16, 0x0b030306, 
    0x0718020d, 0x0e020410, 0x14091611, 0x12121010, 0x02061b1a, 0x040f0308, 0x1a1c1304, 0x0a092209, 0x1e010708, 0x0e0b0b17, 0x28758208, 0x0613110a, 
    0x030e0618, 0x38418208, 0x02020108, 0x060c0203, 0x010b0c05, 0x01050301, 0x040e0e01, 0x0101010b, 0x2bbf8402, 0x0710110a, 0x0c050904, 0x0d051102, 
    0x07322882, 0x05060609, 0x06030408, 0x040c0b02, 0x050b0301, 0x9d820305, 0x820a0d21, 0x840e8299, 0x2e4c82f2, 0x19190203, 0x070c1308, 0x08060708, 
    0x8202020c, 0x234c824a, 0x04050105, 0x58830b82, 0x0506042a, 0x04030703, 0x05020802, 0x03271b82, 0x04020202, 0x82010304, 0x0e0c2519, 0x0a0c1916, 
    0x0620ab82, 0x04210d83, 0x82238203, 0x07012a03, 0x0202060a, 0x170a0410, 0x252b8204, 0x02050401, 0x57830104, 0x13160726, 0x02070d08, 0x052e4282, 
    0x0c16160b, 0x060e0904, 0x0a030301, 0x12820305, 0x6d820220, 0x0c093f08, 0x8e160903, 0x16011210, 0x0405070e, 0x03030101, 0x00000203, 0x004a0008, 
    0x03d50a5a, 0x00050026, 0x0267020b, 0x02980280, 0x02b702af, 0x010000bc, 0x01392722, 0x06233716, 0x25373223, 0x87782706, 0x27262905, 0x07220726, 
    0x26360706, 0x2005d44d, 0x20188227, 0x3729822b, 0x07161706, 0x06223335, 0x06230622, 0x06073435, 0x26272233, 0x27221727, 0x2d821b82, 0x07232623, 
    0x24398233, 0x012b3223, 0x253d8233, 0x37012e17, 0x08822726, 0x07262983, 0x15222334, 0x1e821722, 0x59832720, 0x012b3522, 0x18823e82, 0x45010e21, 
    0x172705e8, 0x17161714, 0x83161516, 0x1617276f, 0x0714021d, 0x55821706, 0x35262728, 0x35013e34, 0x46822336, 0x012b0723, 0x22658206, 0x83011d06, 
    0x84062086, 0x20108412, 0x6a4a1807, 0x08b74507, 0xa75a3720, 0x824c8205, 0x53288570, 0x675b0612, 0x05045306, 0x23363722, 0x5082ef85, 0x06141532, 
    0x06071627, 0x06153327, 0x023d3637, 0x34012f34, 0x26297c83, 0x32373233, 0x36371607, 0x211c8217, 0xa382021d, 0x17343522, 0x27200e82, 0x2d823882, 
    0x37362628, 0x3b163336, 0x20833202, 0x8509f64f, 0x27062296, 0x824b8226, 0x82248240, 0x83322026, 0x26352137, 0x13832983, 0x19834187, 0x36200382, 
    0x0720ff83, 0x4e06fe4f, 0x3324056c, 0x26273637, 0x20058e4f, 0x21368227, 0x05833435, 0x33161722, 0x2c834882, 0x89833620, 0x06323324, 0x8f843233, 
    0x17321725, 0x82173626, 0x32332127, 0x2506924f, 0x3b373627, 0xb7823201, 0x3f216e83, 0x46858201, 0x09700579, 0x021d2105, 0xc586f182, 0x21087564, 
    0x7a82022b, 0x043b1423, 0x8aa78336, 0x8259826e, 0x060723fa, 0x7c82043b, 0x70160721, 0xf682053f, 0x26273624, 0x1282013e, 0x1d823720, 0x013d1722, 
    0x0b418882, 0x17142405, 0x83340516, 0x222721e1, 0x2305c150, 0x16330607, 0x9f827d83, 0x82340521, 0x226682d4, 0x82362606, 0x228c8308, 0x82373237, 
    0x2613279c, 0x27221506, 0xf3832623, 0x0716172c, 0x34331633, 0x3635013e, 0x10822205, 0x35013b2d, 0x32072305, 0x01a40637, 0x82110101, 0x016a0803, 
    0x07200401, 0x1409261d, 0x06014d4c, 0x0a0b0507, 0x020c0403, 0x13291713, 0x24282924, 0x1b3f4707, 0x0124486c, 0x01080202, 0x05030301, 0x0c0b0902, 
    0x02020904, 0x0402010a, 0x02090802, 0x03050603, 0x0306010a, 0x0b020902, 0x09010207, 0x0605080a, 0x01050601, 0x08080606, 0x01080d06, 0x01030904, 
    0x0305080d, 0x18242511, 0x39820a19, 0x0c0e0924, 0x4a820204, 0x02213e82, 0x26328301, 0x5b070302, 0x8201095c, 0x260e8213, 0x3b070304, 0x82080e3b, 
    0x03012234, 0x057d4c01, 0x3b086882, 0x05070508, 0x30190e0a, 0x0b071510, 0x04060205, 0x06190606, 0x0d031311, 0x0e0e0b04, 0x170d281e, 0x2215120f, 
    0x0813150e, 0x040f0c03, 0x1d080605, 0x39381f1e, 0x15242119, 0x04030204, 0x04339f82, 0x16050602, 0x02030512, 0x02190e01, 0x020c0504, 0x82080820, 
    0x025c085e, 0x0c0f0908, 0x06160811, 0x01030509, 0x21160b02, 0x01043131, 0x1d100405, 0x0506130d, 0x0b080804, 0x43420e07, 0x2629361a, 0x0d112413, 
    0x0c0a0104, 0x090a0a03, 0x0a09060e, 0x31321307, 0x15353606, 0x02080806, 0x151b1811, 0x0a170f1b, 0x05050204, 0x0e0a070b, 0x03080305, 0x0f090705, 
    0x0531a582, 0x16120f06, 0x08070807, 0x08020703, 0x100b1006, 0x08f88307, 0x1f1e103d, 0x03030212, 0x0c0d0b0b, 0x2a313527, 0x01010108, 0x23050302, 
    0x172e0b1f, 0x040a2818, 0x1b1c0304, 0x110e0f0c, 0x050e100e, 0x03080202, 0x09020304, 0x0f040603, 0x06050216, 0x82041624, 0x1b2e08fd, 0x0206091b, 
    0x10181604, 0x15331412, 0x2d12141f, 0x0f351223, 0x02040201, 0x06040502, 0x2a3a1912, 0x170e0d29, 0x05140405, 0x0e11120a, 0xdb821a20, 0x76770f26, 
    0x030d494a, 0x043a7d83, 0x041e1905, 0x0608070a, 0x11080801, 0x03020a04, 0x3049491b, 0x080a092f, 0xfa820911, 0x67681c2d, 0x01020507, 0x0c060501, 
    0x8203010b, 0x2818378b, 0x1a12311b, 0x0320210e, 0x0ff60101, 0x0f100402, 0x01070d09, 0x0e820201, 0x08040625, 0x82080c1b, 0x0328082c, 0x10192c7d, 
    0x10050102, 0x0d08080b, 0x0f120106, 0x060c2626, 0x0bab0102, 0x16070d3a, 0x09212002, 0x02020205, 0x01401f5f, 0x44203782, 0x05243f82, 0xe9fe1515, 
    0x01223782, 0x1282a901, 0x2e010129, 0x0302030d, 0x82040f02, 0x02033125, 0x020a0b02, 0x08030304, 0x01040510, 0x050c1008, 0x06252783, 0x0309080d, 
    0x832b8204, 0x01012176, 0x04202d82, 0x23056360, 0x060b0806, 0x1482d584, 0x26051c50, 0x0e0c0b09, 0x82010404, 0x0b053e15, 0x040f0b07, 0x03050308, 
    0x0b07070b, 0x24220908, 0x19273012, 0x04031c16, 0x3f112514, 0x25718204, 0x020a0805, 0xeb820606, 0x063f0c82, 0x0e080504, 0x120c0b08, 0x050a060c, 
    0x12020207, 0x08030608, 0x1b0a270a, 0x0514051e, 0x8214120e, 0x0505355d, 0x060b0201, 0x06110c04, 0x041d1409, 0x08040403, 0x02070701, 0x1b828982, 
    0x12040836, 0x02190d0b, 0x06050b01, 0x230b0203, 0x36370825, 0x0b2d0f20, 0x33050f60, 0x0201020b, 0x100b090f, 0x01121304, 0x1e0f0403, 0x0f1c1110, 
    0x0124cc82, 0x07581111, 0x02205382, 0x0133cb82, 0x0a080d0d, 0x0f0b050c, 0x07050c0d, 0x09070109, 0x82053007, 0x1302287f, 0x01012724, 0x8208030a, 
    0x010223c6, 0x35830406, 0x07070222, 0x25086382, 0x01020101, 0x01030501, 0x02040101, 0x08010908, 0x21210304, 0x0b0b0f05, 0x06030301, 0x11111901, 
    0x030c0907, 0x30820305, 0xe8820620, 0x0d080630, 0x02140301, 0x06080202, 0x0e080102, 0xbd821001, 0x11110525, 0x82020a12, 0x05042252, 0x2d338209, 
    0x0407040c, 0x0e020301, 0x0b1c170e, 0x51821212, 0x03020131, 0x07060308, 0x02050101, 0x12030403, 0x82151311, 0x090c3a5a, 0x07050403, 0x03030202, 
    0x04070a06, 0x0a0c0508, 0x04070709, 0x15070c07, 0x2024821a, 0x22c98203, 0x82120909, 0x06052405, 0x82010d05, 0x090c254e, 0x0f510807, 0x3f081083, 
    0x140b0a14, 0x0103020f, 0x0b0c1206, 0x130c2033, 0x150c0f0c, 0x10281301, 0x19190d04, 0x09020809, 0x01050905, 0x04160b72, 0x08070801, 0x100f0509, 
    0x06010108, 0x4011050b, 0x03080101, 0x000101b8, 0x2c080082, 0x00620002, 0x022b0d8d, 0x00af00f3, 0x010000c1, 0x2135012f, 0x35173735, 0x022f3317, 
    0x3523020f, 0x27023f32, 0x17150723, 0x23010f15, 0x46108227, 0x172b05de, 0x3f011f15, 0x23153302, 0x8223040f, 0x27212919, 0x23262726, 0x23030f21, 
    0x07201e85, 0x25081e82, 0x33033f33, 0x36323717, 0x1f333735, 0x33043f05, 0x16171637, 0x36023f17, 0x15333637, 0x37363525, 0x033f013e, 0xff460617, 
    0x012b3705, 0x15060722, 0x1f141706, 0x2f373302, 0x37213701, 0x34013f35, 0x8c822627, 0x21352323, 0x2c338237, 0x22230535, 0x34352627, 0x013b3637, 
    0x05bb7132, 0x270d9208, 0x92f80604, 0x07e02137, 0x46260502, 0x03a7374b, 0x0b030302, 0x20025f02, 0x412e6432, 0x02061837, 0x04010201, 0x37413802, 
    0x0461241d, 0x2d250b03, 0xfe090602, 0x03061fc8, 0xedfe0306, 0x02030609, 0x050c671e, 0x03030606, 0x23251c08, 0x0d284c17, 0x970c0403, 0x2b212216, 
    0x1036514f, 0x0901080e, 0x0e111305, 0x13223512, 0x0c040702, 0x05030801, 0x37030d03, 0x0bdf1d35, 0x03090a08, 0x040b0c09, 0x05040307, 0x050f0602, 
    0x0508052f, 0x06d90105, 0x08008202, 0x5a0d0637, 0x0104c804, 0xeff6030a, 0x07080c40, 0x400c0807, 0x0606070e, 0x0c260208, 0x011a050c, 0x840e0405, 
    0x08060503, 0x03010608, 0x12062004, 0x01031306, 0x03030404, 0x32a98202, 0x04311f06, 0x07060306, 0x03021d04, 0x06080703, 0x821f1d1d, 0x82072052, 
    0x072b08d6, 0x05050405, 0x1484674c, 0x06080503, 0x04080804, 0x20104a05, 0x0a0d0f22, 0x2f2b1706, 0x060c0323, 0x12050206, 0x0101040f, 0x82501c53, 
    0x0103274a, 0x03080f0f, 0x02820105, 0x03022108, 0x0b080704, 0x06230e0a, 0x0c030911, 0x0903040d, 0x06050a07, 0x06154e0d, 0x06081002, 0x0e0708d9, 
    0x06323c82, 0x080d0c06, 0x01000008, 0xda005200, 0xa9025308, 0x0c82db00, 0x3e373624, 0xf54e3301, 0x05e54d05, 0x2b060723, 0x05fd6b05, 0x85058156, 
    0x77172015, 0x0c830598, 0x012e2726, 0x34373435, 0x0f220682, 0x4a180e02, 0x604f0978, 0x05c85705, 0x0e232682, 0x73262701, 0x262005f5, 0x37264785, 
    0x35363736, 0x39823726, 0x0b820382, 0x82161721, 0x827c8253, 0x83332002, 0x36373284, 0x011f1617, 0x031e1716, 0x1e331617, 0x37163301, 0x42258234, 
    0x2b82050d, 0x87861420, 0x012c2082, 0x06151617, 0x36371415, 0x1732043b, 0x3a849785, 0x83013f21, 0x083b0847, 0x060c1414, 0x14260514, 0x3e1a241f, 
    0x1a0d1a20, 0x3428460e, 0x1c96943c, 0x04090c1c, 0x04010103, 0x0d080904, 0x15262320, 0x0b0e0f08, 0x06070e05, 0x02020201, 0x1b050a08, 0x82020122, 
    0x182008cd, 0x06190727, 0x1e08200e, 0x35254c08, 0x1453153d, 0x18064439, 0x16180d06, 0x04080d0a, 0x01060a12, 0x052b0083, 0x04020705, 0x050c0304, 
    0x82010202, 0x0424083e, 0x030b090b, 0x0614180a, 0x1906071a, 0x14403c07, 0x353d1553, 0x1c2d264c, 0x0c1b0710, 0x07040719, 0x08020702, 0x012c2983, 
    0x1c151601, 0x080b020e, 0x03020807, 0x06204483, 0x0b3a1582, 0x26260a07, 0x41324344, 0x4e134c13, 0x15254f26, 0x1914422c, 0x0926132d, 0x5f830226, 
    0x30032108, 0x131b2417, 0x03080a1c, 0x04060106, 0x03020107, 0x01090309, 0x070b0d0b, 0x180b0a12, 0x11181b09, 0x05238b83, 0x82080506, 0x2804298c, 
    0x0b0b141c, 0x01080814, 0x04202d82, 0x01239a82, 0x82030402, 0x010423f5, 0x0e830701, 0x0e0f0c28, 0x050a0e07, 0x0182030b, 0x150b152e, 0x0a04050a, 
    0x0b0f100f, 0x080a0b05, 0x052c0482, 0x06080a05, 0x060c090c, 0x0102160f, 0x022a9982, 0x04010306, 0x06040301, 0x5b830302, 0x43450220, 0x02093705, 
    0x0c120209, 0x161c140b, 0x0d010416, 0x0105060c, 0x120c0b02, 0x67820b10, 0x04070222, 0x01258682, 0x01080105, 0x82398206, 0x030121ab, 0x02214283, 
    0x2e008200, 0x00520001, 0x025408d4, 0x006f01ab, 0x49260100, 0x2b2e06ea, 0x06230602, 0x0e012b27, 0x27222701, 0x03820626, 0x0a840720, 0x14233126, 
    0x22230607, 0x07212682, 0x202a8206, 0x23058426, 0x2f060706, 0x4b07255e, 0x0f210539, 0x26248201, 0x26273427, 0x82312335, 0x2214821d, 0x8222022b, 
    0x05c8532b, 0x35263126, 0x37343536, 0x85055e42, 0x4b272030, 0x2e210712, 0x05e14901, 0x85055742, 0x350b8462, 0x0607010e, 0x22071415, 0x31170615, 
    0x17143317, 0x17161415, 0xc3501416, 0x3e372405, 0x84363701, 0x1632240a, 0x50331617, 0x372508b1, 0x17323336, 0x05b74232, 0x20069242, 0x21208207, 
    0x48511617, 0x24818205, 0x013d3634, 0x055f4a34, 0x3b242082, 0x26353202, 0x31214984, 0x513a8333, 0x598505e9, 0x17293383, 0x3e15021e, 0x16173201, 
    0x82198231, 0x214b825a, 0x7c823233, 0x33227a82, 0x17823631, 0x158a7084, 0x82013b21, 0x21a68269, 0x2683053b, 0x08055252, 0x27263721, 0x26e50726, 
    0x11241f1b, 0x2d3a1144, 0x04057c7b, 0x01010306, 0x07030401, 0x120a0803, 0x84080605, 0x0102330a, 0x02050701, 0x06060702, 0x0807070b, 0x06050403, 
    0x05820403, 0x07020332, 0x06040302, 0x02060408, 0x01050302, 0x06010304, 0x022e3b82, 0x05050402, 0x1a0a0103, 0x0707091b, 0x2282010b, 0x16820820, 
    0x42825783, 0x23085a82, 0x0d09070e, 0x1d0e0c06, 0x11151310, 0x2d165817, 0x332a3c58, 0x13122832, 0x060a0b26, 0x1713120e, 0x09080c0c, 0x02282982, 
    0x020b0301, 0x0103020a, 0x3a087c82, 0x0d0f0601, 0x0614171f, 0x0a090617, 0x170b0e07, 0x3c051706, 0x1c592d4a, 0x140e1c0e, 0x1614090a, 0x030b160a, 
    0x0b03030c, 0x02050a03, 0x02160208, 0x10071102, 0x04020512, 0x83020101, 0x0e200817, 0x05050202, 0x08080709, 0x1c040c04, 0x0502091b, 0x04010406, 
    0x06070301, 0x02040403, 0x06050302, 0x0121f582, 0x2f148203, 0x03010506, 0x0a020202, 0x06060203, 0x04070906, 0xd4820e82, 0x04050123, 0x20158205, 
    0x26ff830e, 0x03040609, 0x82040204, 0x82042025, 0x21ed8214, 0xf8820505, 0x380d0e38, 0x34356a38, 0x290b280b, 0x3a433114, 0x1e1c192d, 0x060bf401, 
    0xfd820307, 0x010f052c, 0x01080810, 0x0b16050f, 0x0883050b, 0x07040635, 0x0b04030e, 0x0b02030d, 0x06100e0d, 0x0a030a05, 0x82090e0b, 0x41052063, 
    0x04340526, 0x08040201, 0x03020707, 0x07080104, 0x01090e09, 0x03030606, 0x0422c982, 0xfb820601, 0x09100938, 0x07051103, 0x04010c0b, 0x1f040101, 
    0x09102120, 0x01010606, 0x95820103, 0xa5820420, 0x35820320, 0x11820520, 0x08090232, 0x080f090a, 0x0903080a, 0x12110308, 0x03050102, 0x73826882, 
    0x151b0324, 0x42820514, 0x07051524, 0xc8830101, 0xfa490120, 0x243b8205, 0x01010201, 0x25fb8202, 0x1d1d1302, 0xdf830218, 0x0625e482, 0x0b092308, 
    0x231a8227, 0x01020705, 0x022e1485, 0x090a0902, 0x0f0f0a04, 0x03040504, 0x35820305, 0x0802063c, 0x0e020c05, 0x04060309, 0x070e0301, 0x0b0a040a, 
    0x05050503, 0x02050706, 0x27820b04, 0x040b0a24, 0x0e860603, 0x09063808, 0x06030f09, 0x02030103, 0x10120703, 0x0d0c1427, 0x56000400, 0x0f0c3f00, 
    0xcf014203, 0xf001e501, 0x00000102, 0x2b273401, 0x2627220c, 0x3734043d, 0x26272636, 0x82230607, 0x0843550d, 0x36022b25, 0x82352627, 0x2619851a, 
    0x2b14041d, 0x89372204, 0x05155610, 0x06202e82, 0x2b09955e, 0x023b1633, 0x0e141532, 0x22012b01, 0x7906e243, 0x5e8308f8, 0x26056c5d, 0x013d3637, 
    0x82353634, 0x21518272, 0x3f822627, 0x14202b82, 0x2005166b, 0x20158217, 0x713f8207, 0x1d320595, 0x16171406, 0x32333637, 0x17160637, 0x27343516, 
    0x3a822726, 0x21057643, 0x75183637, 0x504f073a, 0x8634200b, 0x3237210c, 0x33223882, 0x3e5e1632, 0x181d2011, 0x5507fd43, 0x308206d9, 0x26205682, 
    0x09504918, 0xc55d3520, 0x82372005, 0xcc921875, 0x211e8309, 0xde84033b, 0x14170625, 0x82143716, 0x072227ae, 0x16061506, 0x51820633, 0x0582c082, 
    0x17141729, 0x06373616, 0x82171617, 0x1617241a, 0x8532013f, 0x36272155, 0x9b476183, 0x27262605, 0x35013e34, 0x29cb8236, 0x2635012e, 0x023d2635, 
    0x1e823734, 0x11823720, 0x20059866, 0x84648237, 0x36012102, 0x3d224d82, 0x5b820501, 0x07264e82, 0x27222722, 0x14833f26, 0x32219882, 0x26b08325, 
    0x06171415, 0x82172627, 0x023d283e, 0x1e321726, 0x82333201, 0x0f0c2a2c, 0x5a5a1104, 0x79797978, 0x08008286, 0x091e1e4d, 0x02040102, 0x18120807, 
    0x1a0c1319, 0x0b07081b, 0x0a020f05, 0x700c1214, 0x01010471, 0x05020202, 0x0d0a1f20, 0x42191904, 0x01010841, 0x1b070301, 0x08110d1c, 0x20060506, 
    0x07080b22, 0x02010205, 0x1c160604, 0x101f0d0a, 0x821c1b1f, 0x082d080d, 0x0617060a, 0x0c0d1013, 0x0e101209, 0x11140a21, 0x0e07130e, 0x1f1c0e0f, 
    0x05050307, 0x01040101, 0x3c0d080a, 0x074a4a3d, 0x0116151a, 0x08518202, 0x03020252, 0x12020305, 0x0308150b, 0x0d0c0308, 0x090e2726, 0x01010403, 
    0x11100808, 0x02112223, 0x04351b17, 0x02030203, 0x0203080d, 0x78295008, 0x02030b02, 0x02070309, 0x14060a01, 0x0e040115, 0x0306060c, 0x08090206, 
    0x0e0b0201, 0x0c041607, 0x06050202, 0x04251283, 0x06030404, 0x2faf8207, 0x1d090408, 0x11080c24, 0x0809100a, 0x0304010b, 0x02278482, 0x04050701, 
    0x82040106, 0x02042e90, 0x486b6c04, 0x09056a24, 0x0a020605, 0x327a8203, 0x070a060a, 0x7c0a0505, 0x52297c7c, 0x010a6264, 0x820b0a01, 0x031227e3, 
    0x120e0203, 0x36821401, 0x28100d30, 0x12110710, 0x03030e01, 0x1e160405, 0x6a82030a, 0x07040625, 0x82080606, 0x05022688, 0x09060701, 0x21d7820d, 
    0xc6820101, 0x02020223, 0x38398201, 0x02020101, 0x6b6c4824, 0x7c7c4824, 0x16160f07, 0xf5030306, 0x0d0e01af, 0x2341820c, 0x030e0907, 0x2b082682, 
    0x031c1607, 0x0208050c, 0x08070204, 0x080a0b03, 0x05024409, 0x061f0305, 0x0209080f, 0x02121104, 0x02010768, 0x26270c01, 0x050b1214, 0x41826782, 
    0x0a020323, 0x082d8208, 0x0506012f, 0x090f0f05, 0x080c0313, 0x03020a05, 0x100e1f13, 0x0f090407, 0x05090709, 0x1703010a, 0x050c0818, 0x05030405, 
    0x0f130c05, 0x03100a18, 0x829a8202, 0x2b068293, 0x0a050702, 0x060b0c07, 0x0808050f, 0x032ed682, 0x04080404, 0x02040505, 0x1c050a06, 0x08820d03, 
    0x090a0229, 0x01040c04, 0x82060206, 0x06032189, 0x0130a482, 0x07040401, 0x160e0b10, 0x274f4f17, 0x06051228, 0x0a2b4c82, 0x17020109, 0x0b03050b, 
    0x820c0b0c, 0x030125ed, 0x01331122, 0x8305ee54, 0x0a042743, 0x08060c0c, 0x78830612, 0x22290382, 0x06050708, 0x0a0a0307, 0x08bd8202, 0x06060727, 
    0x09080507, 0x0c0a0b12, 0x0b08140a, 0x03050405, 0x05030302, 0x11110c03, 0x050b0a0c, 0x0f070b10, 0x08070702, 0x24658206, 0x04090b10, 0x23e2820d, 
    0x0c070c09, 0x06311183, 0x18070807, 0x170d1804, 0x0f06050c, 0x06030a12, 0x083a8209, 0x1209052f, 0x0107040e, 0x09020201, 0x1d09221f, 0x01080b1c, 
    0x05020102, 0x040c0e04, 0x0508080a, 0x0c03060a, 0x1b151002, 0x06040101, 0x05080502, 0x28a68203, 0x0c050707, 0x0e021514, 0x29c08209, 0x180e0709, 
    0x0b171b0c, 0x70821111, 0x042f0282, 0x06e61d04, 0x05030708, 0x03040101, 0x82060f0e, 0x0924324c, 0x16030605, 0x0604060c, 0x02070705, 0x09090502, 
    0x0828820e, 0x0c0b1523, 0x05000000, 0xa4006200, 0xdb026a0a, 0x71015801, 0xa701a101, 0x0000ad01, 0x013f3201, 0x3135013e, 0x06b16135, 0x08b14818, 
    0x0e072226, 0x07061501, 0x23280182, 0x07262706, 0x22082b06, 0x8505b359, 0x36372605, 0x15222327, 0x26178216, 0x14150607, 0x82261517, 0x5b262010, 
    0x2621065c, 0x82098227, 0x83358203, 0x2207223f, 0x27418207, 0x0e372627, 0x030e0701, 0x02865682, 0x230b6245, 0x23010e22, 0x16204782, 0x4c824a82, 
    0x06071424, 0xd64b1617, 0x48372005, 0x352305fc, 0x83013f36, 0x2e038309, 0x15061506, 0x17163233, 0x33011e32, 0x45161716, 0x888208f1, 0x17200e82, 
    0x1e210383, 0x05d65401, 0x03457482, 0x05155b0c, 0x33363722, 0x2005d944, 0x5a26823e, 0x358305d4, 0x36216a84, 0x54558317, 0x3b2106d6, 0x22308201, 
    0x84163336, 0x013e212e, 0x36220684, 0x3c84083b, 0x2705ec49, 0x16172627, 0x22270605, 0x6f83f286, 0x33219a83, 0x26978332, 0x26272225, 0x82230607, 
    0x8227201e, 0x83262004, 0x0a3b2354, 0x1b823732, 0x33143122, 0x20051946, 0x21788216, 0x61823525, 0x27062f08, 0x3336012b, 0x06350a14, 0x020d120e, 
    0x09090101, 0x0c070506, 0x08110e0f, 0x09060804, 0x01030101, 0x06060505, 0x36080706, 0x70224a36, 0x00825a6f, 0x385a592d, 0x102f251c, 0x02030303, 
    0x82091212, 0x0a063a06, 0x02020207, 0x58131307, 0x082d2d58, 0x020a0102, 0x0b060601, 0x080f050e, 0x310a820d, 0x02030102, 0x08090402, 0x010c0409, 
    0x02010709, 0x50820b01, 0x0f012208, 0x3c0f0e3b, 0x0e0f3a1c, 0x1e070e3c, 0x081e0807, 0x08020a02, 0x05040805, 0x2a151508, 0x050c0803, 0x088c8214, 
    0x08010127, 0x14050f11, 0x07170405, 0x04060a14, 0x06030502, 0x0b0a0a09, 0x27381c0f, 0x1501022c, 0x02030e03, 0x0d030906, 0x08368203, 0x0f030530, 
    0x08071004, 0x0e020c0c, 0x08180e0c, 0x1c070b16, 0x13181106, 0x08060a0b, 0x030d0106, 0x060c030c, 0x0e060b01, 0x0a16170b, 0x0d070f16, 0x0b820a04, 
    0x07031026, 0x0d22070c, 0x03216082, 0x083c8310, 0x0808092a, 0x100a0b10, 0x1c081911, 0x14131107, 0x1d15140f, 0x3c2a2a0d, 0x3b1e591e, 0x1e0e3c1d, 
    0x0d031e0f, 0x0c090a03, 0x59080a05, 0x5a290082, 0x0c2f2f59, 0x02010909, 0x084a8305, 0x0306112b, 0x33f90d0e, 0x1806160a, 0x0b0d0705, 0x02020508, 
    0x081a0502, 0x0b14061e, 0x01010706, 0x33697606, 0x341a504c, 0x0b152728, 0x2f938220, 0x0709050b, 0x28111109, 0x4d4f4f27, 0x0514144d, 0x2905cc52, 
    0x07040606, 0x02030105, 0xfc826af9, 0x01430322, 0x02220582, 0x1b82024d, 0x0a1d0b22, 0x03310582, 0x0e080303, 0x040a090a, 0x03070303, 0x0b09010a, 
    0x05a7510c, 0x22082682, 0x09070103, 0x07060f0b, 0x07080306, 0x02090501, 0x07050203, 0x09040b03, 0x01080a07, 0x05020701, 0x82010205, 0x14073390, 
    0x0c010f02, 0x0902050d, 0x04020608, 0x02050202, 0x07820106, 0x01206784, 0x06210082, 0x20248206, 0x08148204, 0x0b020127, 0x3a0f3a0e, 0x2f0f1f1d, 
    0x041b1213, 0x09020706, 0x030a0103, 0x0a070b08, 0x07010d04, 0x070f120c, 0x0e060408, 0x2146820a, 0x7e820703, 0x06010130, 0x0b110d10, 0x1c071c07, 
    0x11100f0d, 0xc9830f10, 0x82040121, 0x04013485, 0x080d0405, 0x020e140b, 0x0719061d, 0x1d020d18, 0x82030512, 0x26688231, 0x0704100b, 0x82060a0e, 
    0x01032b77, 0x04020204, 0x09020205, 0x1c82030a, 0x01010324, 0x17830602, 0x01020126, 0x03010104, 0x0b301c82, 0x100e0a0c, 0x0404050f, 0x02090d05, 
    0x010c9001, 0x082e0082, 0x08080904, 0x08010118, 0x74090a0b, 0x86840201, 0x0b217382, 0x201b8205, 0x24d38602, 0x03030102, 0x05b54485, 0x0002003b, 
    0x09bb005e, 0x00c602e8, 0x00e700c7, 0x013d0100, 0x2b272223, 0x07262207, 0x07c24926, 0x82070621, 0x020f2101, 0x43088349, 0x272508e3, 0x35262726, 
    0x282f8226, 0x14021d22, 0x14151617, 0x059e6c07, 0xff481620, 0x1d372609, 0x35323301, 0x08d44f36, 0x21053644, 0x2187013e, 0x3108e158, 0x013b0607, 
    0x37261732, 0x35363334, 0x36013f26, 0x18441415, 0x16172105, 0x07210183, 0x22288206, 0x77173601, 0x3e830713, 0x17323326, 0x2326033d, 0x2f82a582, 
    0x05163322, 0x0ab74418, 0x17143725, 0x18263314, 0x8308b998, 0x066b0841, 0x87c6e809, 0x73c7ca43, 0x41737372, 0x06220942, 0x46148408, 0x1540403c, 
    0x0a111414, 0x1b041a14, 0x0d0e091b, 0x0c0c0b0d, 0x0c0f110a, 0x051e0816, 0x131b131a, 0x01071214, 0x110b0a09, 0x04030101, 0x17111616, 0x0a0b2016, 
    0x05080508, 0x2b2d210a, 0x27010137, 0x0616030f, 0x0b0d0212, 0x1e2b682e, 0x05281f21, 0x140b0316, 0x820d0e07, 0x08910844, 0x0a3a3a0f, 0x020f181e, 
    0x16060202, 0x0101070e, 0x06050e05, 0x30312225, 0x373f2c0f, 0x090f0533, 0x0201050a, 0x16100704, 0x0f505101, 0x52515252, 0x1426192c, 0x05050407, 
    0x0e140e0d, 0x0e0b160e, 0x06010304, 0x2bf90a1e, 0x1110110c, 0x11191815, 0x17060611, 0x03021601, 0x0b040a06, 0x1b12090f, 0x0408110b, 0x31460202, 
    0x0306012d, 0x04040c1e, 0x06040a09, 0x0c080509, 0x040f0f02, 0x03010c0c, 0x09040b09, 0x03080505, 0x01090209, 0x0a080904, 0x08508203, 0x0d0d032e, 
    0x21111020, 0x18272722, 0x0918111a, 0x1607080c, 0x0e090b0d, 0x19272731, 0x0e010404, 0x09210517, 0x060d0316, 0x161d1217, 0x020b0f10, 0x0224a182, 
    0x070a0b02, 0x49080783, 0x05040204, 0x03050401, 0x02030301, 0x1b060405, 0x04050303, 0x06060109, 0x05030203, 0x03030d01, 0x030f0201, 0x0c040a0a, 
    0x121e1f01, 0x02010111, 0xdc010c02, 0x0607080f, 0x0a050508, 0x1116170b, 0x0119101b, 0x08211210, 0x1c820205, 0x120a1436, 0x63000300, 0x72077200, 
    0x2b010d03, 0x54013d01, 0x34010000, 0x07bb5918, 0x4f272621, 0x421805eb, 0x27210c1d, 0x20018526, 0x05fe4a07, 0x2f820d82, 0x22069161, 0x4a343637, 
    0x372805f2, 0x3b353336, 0x32371602, 0x3c05d54b, 0x17320c3b, 0x3b161716, 0x17061501, 0x16331523, 0x33361732, 0x16351732, 0x3b150615, 0x83238203, 
    0x14153a1c, 0x14071417, 0x042b0607, 0x0623011d, 0x032b2627, 0x07160706, 0x23152306, 0x054d6a1d, 0x82060721, 0x2201211c, 0x22207d82, 0x8205754c, 
    0x23142105, 0x03891583, 0x3526272e, 0x3d262734, 0x27263401, 0x2306022b, 0x14202883, 0x0f211d83, 0x05654701, 0xc67a3420, 0x26272307, 0x19822337, 
    0x07141525, 0x1814010e, 0x20097d70, 0x211f8215, 0x67821617, 0x9d470320, 0x82352006, 0x013723d0, 0x9d820735, 0xaa82c082, 0x82363721, 0x07352801, 
    0x15060735, 0x82230706, 0x820383c0, 0x33152199, 0x2e087882, 0x040da301, 0x06060407, 0x0d070508, 0x10031004, 0x08100706, 0x0d1e071c, 0x0e16150e, 
    0x050c0e02, 0x0a070808, 0x09080608, 0x04080701, 0x44030403, 0x01230513, 0x83060206, 0x04023d0b, 0x97980705, 0x051b1b36, 0x0409050a, 0x0b020202, 
    0xadaeae0a, 0x176363ae, 0x02040517, 0x04382183, 0x04010108, 0x01020104, 0x06050703, 0x46470109, 0x14012e2f, 0x0106050f, 0x02360082, 0x2a280901, 
    0x04011717, 0x1e111018, 0x02080b1d, 0x030a0907, 0x8c820a25, 0x09090432, 0x26190604, 0x06110f0b, 0x152c162c, 0x02060504, 0x022e7883, 0x04010503, 
    0x0c060408, 0x0a110602, 0x13831a1b, 0x1a313027, 0x03071209, 0x245d8204, 0x09010601, 0x20588202, 0x2e738206, 0x1a100108, 0x1f1f0d22, 0x04070803, 
    0x82030305, 0x0805297e, 0x19072705, 0x04011206, 0x31828f84, 0x49480d2f, 0x0a170e14, 0x13060305, 0x07020414, 0x292b8261, 0x0e091a0a, 0x05070104, 
    0x9e848505, 0x04310482, 0x04180201, 0x02730106, 0x060e0719, 0x0e090d01, 0x20618207, 0x25798201, 0x01050202, 0x00820506, 0x08020926, 0x08040304, 
    0x062e8082, 0x06070208, 0x08030604, 0x12030804, 0x18830203, 0x0205082d, 0x040e0708, 0x03090706, 0x82080707, 0x05a84537, 0x15040324, 0x0a820b0a, 
    0x01329882, 0x02090709, 0x04070501, 0x04090b03, 0x0a030409, 0x25480607, 0x02082905, 0x0b0a0302, 0x0c0a0c01, 0x06273982, 0x0905050d, 0x82030201, 
    0x2044828e, 0x31098201, 0x160a0408, 0x04050d04, 0x04120505, 0x0c050608, 0x4f820702, 0x02070127, 0x01090404, 0x28078209, 0x04040701, 0x09080104, 
    0x83ab8202, 0x0205220a, 0x29018206, 0x4e0a1209, 0x240c340e, 0x1c820801, 0x82050421, 0x09022104, 0x06370582, 0x0b2b2a09, 0x0101ff00, 0x0d06080d, 
    0x02010201, 0x090d0209, 0x83100302, 0x03012152, 0x2705ed45, 0x02060402, 0x00050507, 0x02300082, 0xa5006000, 0xda02da0a, 0x94017e01, 0x26010000, 
    0x6d06115e, 0x222205a8, 0x01820706, 0x2622152f, 0x14232627, 0x2b171417, 0x2b272205, 0x05b25302, 0x84232621, 0x07174307, 0x06012b31, 0x22272235, 
    0x22272617, 0x06072207, 0x832b3637, 0x0726214b, 0x06241382, 0x012b2617, 0x20088865, 0x0559560e, 0x85063543, 0x06232261, 0x21628227, 0xaa5f0e07, 
    0x831b8206, 0x82232017, 0x23272447, 0x43010f22, 0x2620057a, 0x6a5f2583, 0x16172605, 0x15161417, 0x85068314, 0x4a0f820a, 0x3721092d, 0x21018436, 
    0x0684023e, 0x3e373625, 0x84323701, 0x059d4f12, 0x46013f21, 0x32830777, 0x45821720, 0x24064754, 0x2736013f, 0xf34e1826, 0x050a5007, 0x84363321, 
    0x05c94623, 0x83013e21, 0x1627243a, 0x8232013b, 0x22058325, 0x85323732, 0x437c841f, 0x4854059f, 0x16332105, 0x26081b4b, 0x34271617, 0x82263437, 
    0x33362464, 0x82373316, 0x013b2604, 0x26273526, 0x253d8235, 0x2726013d, 0x03821517, 0x17260522, 0x7d185783, 0x898209b6, 0x0a27343d, 0x050605d4, 
    0x07090c10, 0x0603070e, 0x0410040e, 0x0306040f, 0x0d07040d, 0x82aa0101, 0x53890800, 0x2a0d1c53, 0x07071716, 0x0206050a, 0x08050504, 0x100b0409, 
    0x1b0d140b, 0x16070f27, 0x05020608, 0x200f0608, 0x1a140f20, 0x07010229, 0x0101070b, 0x0b0d0505, 0x02020708, 0x120d0503, 0x05150607, 0x10081011, 
    0x030c0708, 0x0e1c030c, 0x080b1712, 0x0c040c03, 0x030b0805, 0x05020a0d, 0x020e060e, 0x3c1d2138, 0x1b0d0c1c, 0x1e071e07, 0x180c190f, 0x06050b0c, 
    0x08020103, 0x0c0c0c04, 0x0807060d, 0x0f111305, 0x0203040b, 0x20018201, 0x08038202, 0x0102042e, 0x13140908, 0x0a0a0510, 0x090d0101, 0x1310140a, 
    0x07060310, 0x0a060c03, 0x0a0e060a, 0x08010928, 0x07080402, 0x07080507, 0x150a0509, 0x3408ca82, 0x16172408, 0x060d0d10, 0x0c080202, 0x05060e0a, 
    0x070a0418, 0x02020d0f, 0x010c0105, 0x0a050104, 0x210a1210, 0x13051805, 0x140b0708, 0x0e1a2928, 0x070d0d0d, 0x08ef8208, 0x0c010433, 0x11201f12, 
    0x2c082108, 0x050a0f1d, 0x0b050607, 0x10100909, 0x111e160b, 0x23391817, 0x3e0f1b41, 0x2329340f, 0x183f2c48, 0x0b0f1007, 0x100a0b0d, 0x329c8210, 
    0x0a060504, 0x1b090505, 0x4c251209, 0x01010170, 0x83050305, 0x010129b7, 0x180361f9, 0x070d110f, 0x023cc482, 0x081a1804, 0x06060608, 0x0b8e0201, 
    0x03040a0a, 0x07090101, 0x01020b05, 0x04040201, 0xec834482, 0x00820120, 0x03262a82, 0x02020203, 0x19820903, 0x24820f86, 0x07040128, 0x03030601, 
    0x40820101, 0x0a070f2d, 0x030a0204, 0x0a030408, 0x83040303, 0x820520d4, 0x030125bb, 0x04020401, 0x07254682, 0x03010308, 0x20428206, 0xc8571802, 
    0x82022008, 0x3c918211, 0x04050203, 0x0c080915, 0x030c0307, 0x200e070d, 0x1c0f1e10, 0x11081d07, 0x10121516, 0x23758203, 0x09050201, 0x06254582, 
    0x01090909, 0x2c088203, 0x03060403, 0x06140406, 0x04030205, 0x351f8304, 0x09040306, 0x03010602, 0x06080a11, 0x040d0d0c, 0x02020406, 0x84830806, 
    0x0904022a, 0x0e101308, 0x08040c05, 0x07204482, 0x89823782, 0x0f0f0e2a, 0x1003011b, 0x090b0c09, 0x45827182, 0x01040122, 0x06260083, 0x05090b06, 
    0xa282010a, 0x07030122, 0x52833f82, 0x05221782, 0xc0830103, 0x010c042a, 0x080d1503, 0x07070e0d, 0x1882b383, 0x82020321, 0x11052204, 0x283d820c, 
    0xa4010204, 0x0501020c, 0x29818204, 0x0402020b, 0x030e0f03, 0x73440202, 0x55240805, 0x05090c00, 0x20027a03, 0x00004202, 0x16171601, 0x010e1607, 
    0x2206012b, 0x07222307, 0x15060722, 0x011e1714, 0x16230684, 0x83142706, 0x06072a1e, 0x1714021d, 0x17222314, 0x201c8216, 0x25248316, 0x36373435, 
    0x7247033d, 0x26032305, 0xfb473637, 0x07262105, 0x37221182, 0x17842722, 0x0f14152a, 0x26270601, 0x07061415, 0x07210682, 0x2c068422, 0x23343537, 
    0x22022b06, 0x011d2227, 0x21678206, 0x53823237, 0x16170627, 0x081d3237, 0x637a8214, 0x072108c0, 0x05c75406, 0x36262724, 0x79830637, 0x07828882, 
    0x55824482, 0x53830720, 0x4f010f21, 0x1883058f, 0x47161721, 0x688205f1, 0x8f859983, 0x8208a548, 0x2726228f, 0x05e74426, 0xe7827f83, 0xbd642882, 
    0x05904e05, 0x45161521, 0xe1440512, 0x4fab8405, 0x3a8205a2, 0x3b823420, 0x03823520, 0x17363732, 0x3b161736, 0x36373202, 0x3722023b, 0x36013f36, 
    0x33206b83, 0x25830f82, 0x2405ef44, 0x17163233, 0x06974416, 0x24053c4b, 0x16361716, 0x83118215, 0x3617211f, 0x17204485, 0x33200f82, 0x82050755, 
    0x2130824f, 0x26823637, 0x6a161721, 0x362305ba, 0x5b363237, 0x394505bc, 0x06417305, 0xc3882720, 0x83262721, 0x3316214c, 0x92834582, 0x72821720, 
    0x82331721, 0x16172686, 0x041d0615, 0x07224914, 0x84141721, 0x3637215c, 0x35222f83, 0x02823726, 0xb4823420, 0x30828282, 0x3e851520, 0x14151622, 
    0x0328ce82, 0x36323605, 0x012b3732, 0x210a2e50, 0xad83011e, 0x08087365, 0x0bd90835, 0x02141011, 0x400f1407, 0x7330c030, 0x0202274d, 0x06070801, 
    0x01010201, 0x01010a0a, 0x03021003, 0x02130101, 0x08010501, 0x040f0a0a, 0x0a090103, 0x82020201, 0x07012b07, 0x01040407, 0x05040507, 0x4a4d0602, 
    0x0d0e3105, 0x030f040e, 0x0202060a, 0x4c06080b, 0x3121164c, 0x2b824b82, 0x01040130, 0x04040309, 0x110b0f02, 0x0b115150, 0x0b820910, 0x51820320, 
    0x080c0235, 0x0613180d, 0x0a060701, 0x0a020804, 0x05090502, 0x82030106, 0x0106282d, 0x04060101, 0x82060203, 0x04033825, 0x04060602, 0x0826201b, 
    0x03080507, 0x06070406, 0x09070c08, 0x83040806, 0x82012085, 0x03013c3b, 0x110b0f17, 0x0a0e2424, 0x120b0304, 0x040d0f0a, 0x05050403, 0x34260702, 
    0x8202322d, 0x0103213d, 0x03295183, 0x0d0b0209, 0x08090c0b, 0x21dc8207, 0x58820102, 0x12051d2c, 0x4f500f0b, 0x34302b39, 0x22821b1c, 0x07281482, 
    0x06050705, 0x05050507, 0x3708c482, 0x0b070606, 0x1202050a, 0x02020404, 0x16130b06, 0x04060b09, 0x060b0105, 0x141d1322, 0x050c0b08, 0x0709060a, 
    0x0b1a1c06, 0x02010303, 0x05030405, 0x1a10060b, 0x04040518, 0x03219982, 0x25cf8201, 0x110b0606, 0xa4820102, 0x08020c27, 0x03080305, 0x25bc8202, 
    0x101a0b0a, 0x54821405, 0x01130629, 0x08101002, 0x820a0a05, 0x030623aa, 0x2182100a, 0x09030628, 0x14083530, 0xfd82120a, 0x04060434, 0x100b0102, 
    0x0a040e08, 0x06020606, 0x090a4a4a, 0x8882040c, 0x010b0722, 0x0625cd82, 0x0f0f0606, 0x22788208, 0x82030201, 0x210128e0, 0x86870c2a, 0x8226f986, 
    0x0102246c, 0x83026b6a, 0x08368216, 0x0207013f, 0x0b010601, 0x050c0f14, 0x06080b0e, 0x020d0616, 0x1b1a03b4, 0x03070601, 0x0e010101, 0x020a090a, 
    0x160f1201, 0x0a0d1205, 0x0c160407, 0x36011110, 0x40401235, 0x151b1210, 0x0501170f, 0x20248204, 0x08048208, 0x08080622, 0x03090511, 0x820a0608, 
    0x08050f81, 0x0a040406, 0x070b0f12, 0x18190504, 0x05030501, 0x07070703, 0x0329a282, 0x03060201, 0x02070204, 0x24f48202, 0x05020c01, 0x05d75408, 
    0x03040335, 0x09080601, 0x01040b08, 0x21080807, 0x20424220, 0x410c0c20, 0x0920051a, 0x03325d82, 0x10090804, 0x37582b0f, 0x0f0e154b, 0x07091901, 
    0x15820a06, 0x07010137, 0x0b02040a, 0x0f070903, 0x0a030c03, 0x0b0b0406, 0x02050304, 0x32018203, 0x0e1d0304, 0x170d1112, 0x0a0e1008, 0x05090a0c, 
    0x82050306, 0x05022833, 0x01040304, 0x82020203, 0x03012225, 0x20188204, 0x827f8206, 0x254c8211, 0x28210503, 0x1a832022, 0x04062108, 0x01050205, 
    0x09010306, 0x0d141507, 0x0e0e2210, 0x100c1411, 0x07092225, 0x03040102, 0x02020107, 0x04363582, 0x09050203, 0x020d0608, 0x08040601, 0x05080208, 
    0x05040104, 0xd7830401, 0x05060634, 0x02010622, 0x0b0a0308, 0x0101060f, 0x01010a04, 0x19840302, 0x77820320, 0x02070324, 0x83830201, 0x04281183, 
    0x02010301, 0x07080505, 0x51835284, 0x3d820120, 0x0b09042d, 0x0d050806, 0x01040216, 0x8212110f, 0x0b06241a, 0x82040202, 0x100625bc, 0x0e111011, 
    0x02216382, 0x82358203, 0x07012a5a, 0x07030305, 0x01060a07, 0x21388407, 0x50820505, 0x0608082a, 0x0d040707, 0x4902021e, 0x09246982, 0x08060e0c, 
    0x04248d82, 0x12050511, 0x07295982, 0x05080509, 0x04100406, 0x050f4609, 0x5800533e, 0x2603330a, 0xf601e801, 0x32010000, 0x16173237, 0x14321633, 
    0x33371617, 0x011e1716, 0x1f200d83, 0x24071844, 0x07151615, 0x4d018206, 0x258207ba, 0x16321723, 0x82018217, 0x06e44422, 0x3736372e, 0x36343734, 
    0x16333435, 0x06153233, 0x2005ec69, 0xe6a41816, 0x215f8308, 0x1b833637, 0x1e213682, 0x05794501, 0x012e2329, 0x0722032b, 0x44141706, 0x152707c7, 
    0x27222714, 0x82232726, 0x0e072514, 0x27220701, 0x4e058a4a, 0x27260580, 0x16171416, 0xa2451407, 0x012b3405, 0x022b2722, 0x17162306, 0x17141516, 
    0x07262714, 0x82022b06, 0x2635213b, 0x89820182, 0x17211083, 0x05254614, 0xc0551720, 0x201e8206, 0x18c78327, 0x2108e275, 0xd5821614, 0x22460620, 
    0x21638205, 0x3582022e, 0xc9823620, 0x3e373623, 0x82ce8201, 0x067061cd, 0x012e2725, 0x82232627, 0x8595838e, 0x825c833e, 0x224185cb, 0x18230622, 
    0x21078965, 0xe8550622, 0x043d2207, 0x234b8334, 0x013b1617, 0x83095b61, 0x16172432, 0x85333637, 0x226d8867, 0x85323336, 0x8220852c, 0x32042634, 
    0x3b312627, 0x21608205, 0x64413317, 0x3f322508, 0x34373601, 0x36209d82, 0x95839283, 0x2e012f25, 0x82262301, 0x2f2626bd, 0x07222301, 0x83178206, 
    0x16272348, 0x0f831617, 0x83062321, 0x085c8350, 0x0df3052f, 0x04080907, 0x02080102, 0x0d080405, 0x030b0205, 0x040d0908, 0x0c050506, 0x02030502, 
    0x0a010301, 0x3f400e07, 0x12022b2c, 0x0205050e, 0x2d168208, 0x1409030c, 0x030f1409, 0x030e0209, 0x1f820104, 0x0201023e, 0x0309080c, 0x02020101, 
    0x040e0d01, 0x58160c08, 0x262d5816, 0x051d1d13, 0x0809050a, 0x46821582, 0x03062d08, 0x5009060a, 0x53545050, 0x060a0611, 0x10030701, 0x0111070a, 
    0x03040a0a, 0x2e150f0a, 0x380f2c18, 0x0a07060f, 0x09040902, 0x080c0b0b, 0x8205b14d, 0x11013b51, 0x03060306, 0x1705090d, 0x3d1f5d17, 0x0101010c, 
    0x2e231f09, 0x09252514, 0x0c820b0e, 0x08070328, 0x02030209, 0x83820607, 0x05020235, 0x170a1312, 0x08151515, 0x010b0205, 0x03040205, 0x82030202, 
    0x08012ad8, 0x120b0a09, 0x050c120a, 0x25c1820c, 0x090b0307, 0xc2820d13, 0x01012008, 0x04070108, 0x060c0102, 0x15080405, 0x45381453, 0x1e1f1529, 
    0x07061c06, 0x1b14061a, 0x8203011a, 0x06063940, 0x03040101, 0x10121005, 0x0f0e3c0f, 0x18060f3c, 0x0b06190c, 0x10090a07, 0x02337582, 0x0e08070b, 
    0x04080b01, 0x320d320c, 0x0d0a1219, 0x820b0f0c, 0x08200867, 0x423b0b06, 0x1d143c3b, 0x181a181a, 0x16061021, 0x01150b05, 0x0d070709, 0x140e1514, 
    0x0a14090a, 0x24235282, 0x82252623, 0x1011395a, 0x04041414, 0x05030202, 0x1f0a141f, 0x1428131e, 0x0514050b, 0x030b1221, 0x0322a882, 0x02830a02, 
    0x190a2c08, 0x030b0224, 0x0206040c, 0x09060204, 0x070b070b, 0x01030606, 0x0d010708, 0xd0fe0c0c, 0x19070d13, 0x1104040c, 0x03140816, 0x83110302, 
    0x020227ed, 0x03020101, 0xb8820602, 0x02340882, 0x0c050205, 0x0c060112, 0x12180312, 0x04020202, 0x02050603, 0x01201f82, 0x04210982, 0x82208203, 
    0x0d0e25cc, 0x050b100a, 0x042c6e82, 0x0d131c01, 0x04051312, 0x01040108, 0x052e4683, 0x0c080101, 0x010a0305, 0x02030607, 0x3f820401, 0x0207052a, 
    0x12080301, 0x0103140d, 0x29821085, 0x0f02012a, 0x05060507, 0x03070705, 0x0d255582, 0x090b0a04, 0x83bb820e, 0x232d2988, 0x271a361a, 0x0104023c, 
    0x32083b82, 0x2f60300e, 0x0d09095f, 0x05040402, 0x09090508, 0x09090103, 0x040b1006, 0x03080809, 0x0b180b01, 0x0d021e05, 0x060b0904, 0x06040603, 
    0x0b080608, 0x8205010a, 0x0403210a, 0x032b6882, 0x1c020502, 0x0f221217, 0x820a0302, 0x0605282b, 0x0a040e03, 0x85030405, 0x830120e8, 0x2d8f828c, 
    0x1b090a01, 0x070a070a, 0x06080804, 0x10820104, 0x01303b83, 0x07030101, 0x24101213, 0x0c545424, 0x02080406, 0x01241782, 0x03080207, 0x0923e082, 
    0x820f0c0c, 0x01012b5e, 0x091a1012, 0x05040a0a, 0x4a840201, 0x05181923, 0x05c24b0d, 0x12040627, 0x02060613, 0x82258405, 0x334d83c4, 0x04010b02, 
    0x010d0307, 0x01010702, 0x07040205, 0x02030106, 0x0222ec82, 0x3e820602, 0x12083808, 0x0a0b0609, 0x07050106, 0x020166fe, 0x02021213, 0x0000120f, 
    0x00560002, 0x03cb0422, 0x000f005b, 0x010000be, 0x1d062223, 0x16171401, 0x3716013b, 0x25363736, 0x44070617, 0x0e280684, 0x23060701, 0x15262722, 
    0x062c1d82, 0x06072627, 0x0722012b, 0x35262726, 0x0a831f82, 0x2006f64a, 0x05de4406, 0x2105db43, 0xa0182e27, 0x298208d4, 0x033e3722, 0x49185383, 
    0x4e6e084d, 0x3e372405, 0x44163701, 0x33300747, 0x36011f16, 0x32331617, 0x26173237, 0x34372635, 0xe3492c82, 0x21218205, 0x0482011e, 0x1b4a3220, 
    0x4f308505, 0x1520055e, 0x35823e83, 0x59026708, 0x04080854, 0x172d0705, 0x07070811, 0x03085302, 0x04050907, 0x0821051b, 0x11061604, 0x452e2311, 
    0x0a090101, 0x27141a21, 0x061d1d3a, 0x0a070301, 0x11750a08, 0x10060606, 0x050d0f06, 0x100f0705, 0x030a0208, 0x1f070808, 0x07200708, 0x1806180c, 
    0x1a181706, 0x030a0907, 0x0209060a, 0x0f0c0508, 0x2e020911, 0x3f470b0d, 0x114b0805, 0x0c011707, 0x0d071818, 0x1d140c11, 0x06232025, 0x30172224, 
    0x221f162c, 0x05010101, 0x02140a05, 0x1a040609, 0x021b090c, 0x0c06040d, 0x08090709, 0x1c0f1417, 0x0c07080e, 0x050e0b0a, 0x17010204, 0x0f11120f, 
    0x3e020806, 0x82300808, 0x023808b5, 0x1e1d0810, 0x273004b8, 0x08152236, 0x01020a01, 0x01070207, 0x15160e01, 0x05011010, 0x06060101, 0x0d060504, 
    0x13140709, 0x3c18210e, 0x32343034, 0x01030511, 0x02020101, 0x07232683, 0x82060202, 0x05220807, 0x1d180807, 0x14290b22, 0x13240925, 0x29393231, 
    0x0f121e1b, 0x1c09221a, 0x12151610, 0x0112050e, 0x95820102, 0x02020327, 0x0e050104, 0x203d8209, 0x2c098308, 0x01040304, 0x0d100204, 0x02030201, 
    0x2f098209, 0x03040203, 0x04050201, 0x04040306, 0x01010308, 0x04211282, 0x825a8207, 0x00003f14, 0x00540001, 0x0380015a, 0x00490026, 0x26351300, 
    0x34352627, 0x013f3637, 0x07111733, 0xde412627, 0x013f2905, 0x07152711, 0x33152315, 0x17300388, 0x06071415, 0x2722012b, 0x37013d26, 0x23353335, 
    0x273d0388, 0x3b363435, 0x080c9501, 0x05020307, 0x35697c17, 0x01020311, 0x0a050605, 0x1b2e1006, 0x2900840b, 0x0804031b, 0x040408c9, 0x00840c1a, 
    0x081a2c08, 0xc9020f08, 0x0608012d, 0x0504080b, 0xfea80302, 0x04031a9d, 0x06050406, 0x08030603, 0x351a3d01, 0x38363519, 0x34363936, 0x8208272e, 
    0x080324c3, 0x82342e27, 0x3638260e, 0x07491935, 0x24c38308, 0x02580058, 0x20c38273, 0x420c82d5, 0x1e22057b, 0x02821701, 0x07230b84, 0x47151606, 
    0x0722056b, 0xb1822706, 0xe684d483, 0x5d273421, 0xf883086f, 0x27262724, 0xec47032e, 0x22288505, 0x82170607, 0x22058339, 0x5c331633, 0xa64205e7, 
    0x07794705, 0x85060721, 0x012f2201, 0x23378526, 0x012e012f, 0x83180985, 0x36280c3c, 0x36371617, 0x22233435, 0x23250582, 0x012e2706, 0x07e24735, 
    0x36373631, 0x36373233, 0x3516033b, 0x35263536, 0x82013b34, 0x085059b2, 0x0131c485, 0x070b03fd, 0x03060e0a, 0x0a02010c, 0x07070903, 0x05455006, 
    0x0403012a, 0x07070406, 0x05070202, 0x08054c44, 0x0b040320, 0x05030401, 0x0b040204, 0x01040d08, 0x01070405, 0x03020203, 0x090d0a0b, 0x060e090c, 
    0x00820104, 0x08084308, 0x04080505, 0x050f040e, 0x11091110, 0x07050610, 0x03030507, 0x1a0e0f05, 0x3e192d1c, 0x13181713, 0x0c180c24, 0x060b0809, 
    0x09020a05, 0x14040702, 0x02010a0b, 0x0b140908, 0x16100909, 0x090e120b, 0x86821010, 0x01020826, 0x040b0a15, 0x30059068, 0x08060301, 0x04050905, 
    0x15333309, 0x08010112, 0x2252820b, 0x83030202, 0x07220801, 0x080b0502, 0x1096020f, 0x1a140a10, 0x031e080e, 0x13051605, 0x11110c0b, 0x2f5c2f0e, 
    0x071d1e1d, 0x94820604, 0x82080521, 0x08092e82, 0x1122050a, 0x2b2c1121, 0x0e022a2a, 0x2fbd8207, 0x11090306, 0x08020617, 0x03020804, 0x05020607, 
    0x0805a150, 0x070a0328, 0x0a070b09, 0x01010205, 0x04010402, 0x0f110509, 0x18131413, 0x271a1615, 0x24212021, 0x0410070c, 0x0c060202, 0xda820803, 
    0x06040624, 0x8382020a, 0x28240730, 0x1d232a27, 0x070f1b1e, 0x03080609, 0x9c820505, 0x120a0d2a, 0x202b4214, 0x08010401, 0x08208482, 0x023f5c83, 
    0x05020307, 0x03020104, 0x05070308, 0x08050402, 0x03030203, 0x03010203, 0x11081007, 0x82001128, 0x00033500, 0x01580054, 0x002603a3, 0x00bd0093, 
    0x010000e5, 0x3734013d, 0x82064742, 0x022f210a, 0x8306ba4f, 0x012e2512, 0x27012e35, 0x34370282, 0x26270623, 0x2b263637, 0x06070601, 0x22073607, 
    0x022b010e, 0x82262722, 0x3b06250c, 0x021d3201, 0x83051c58, 0x1706241c, 0x7a14071d, 0x36250731, 0x3d36013f, 0x084d4506, 0x21057742, 0x2d82041d, 
    0x1417142e, 0x32373233, 0x3d373637, 0x011d0701, 0x07271182, 0x06230622, 0x82010e07, 0x2671826a, 0x26222726, 0x42023d37, 0x16200541, 0x3e242682, 
    0x11153701, 0x0e212885, 0x06fd6b03, 0xab822720, 0x16033d25, 0x84021e17, 0x36332a20, 0xa2011537, 0x04010301, 0x27f68204, 0x04010405, 0x03070207, 
    0x12820b82, 0x02010625, 0x46020105, 0x3a08057e, 0x05050604, 0x1a020604, 0x02081007, 0x04071919, 0x05090605, 0x0c0e0306, 0x0d0b0303, 0x19190904, 
    0x2806220a, 0x0c272b29, 0x050d0d12, 0x03030601, 0x04060104, 0x02060102, 0x82020503, 0x07012357, 0x0d830104, 0x0102453f, 0x0616060e, 0x0a03180c, 
    0x09050c03, 0x14280a27, 0x0b010303, 0x290a0b28, 0x150e0f0b, 0x2d098207, 0x060c0302, 0x06180c16, 0x050c060a, 0x2082260a, 0x17053308, 0x16290a27, 
    0x06120a12, 0x0b140514, 0x3638a401, 0x0c0f0a13, 0x08040509, 0x020a0404, 0x040c0504, 0x0d0d0706, 0x04100307, 0x06020703, 0x040e0301, 0x75820e03, 
    0x0402052b, 0x08020204, 0x020a0a06, 0x27008201, 0x15140302, 0x07141401, 0xd082b782, 0x03248c82, 0x5e2d2d15, 0x16250082, 0x01100617, 0x82298211, 
    0x03093ea3, 0x15160201, 0x91925859, 0x04060505, 0x03080901, 0x07020602, 0x0c12110b, 0x37366e6e, 0x825b8205, 0x04012f49, 0x2d6e120a, 0x020c0c0a, 
    0x01040201, 0x4b820104, 0x01060123, 0x22558204, 0x830c0e09, 0x20ea820f, 0x82168203, 0x2f012602, 0x020b0c0a, 0x21228203, 0x26820202, 0x05200382, 
    0x0d202886, 0x04212182, 0x21338202, 0x15820301, 0x00000033, 0x00570002, 0x0361023e, 0x005f0040, 0x0100008b, 0x05f74106, 0x06010f27, 0x3f070607, 
    0x05644402, 0x0f27232f, 0x27073301, 0x3f263526, 0x34353601, 0x2a238327, 0x3637021f, 0x2f263427, 0x47272601, 0x3942056a, 0x021f210a, 0x36210c82, 
    0x20198327, 0x079f4736, 0x0f011f24, 0x2d843701, 0x07012f24, 0xeb5d1533, 0x84032005, 0x069e476e, 0x13013f23, 0x05ca4436, 0x02013f23, 0x21bc824e, 
    0xe9820303, 0x0a04223e, 0x0509070c, 0x03190724, 0x010c0308, 0x040a2216, 0x01050d17, 0x04040c03, 0x0504070c, 0x0f21cf82, 0x21198201, 0xea820217, 
    0x01034b08, 0x04040206, 0x0e0d0309, 0x0404080f, 0x030c0802, 0x02040303, 0x01070701, 0x05030802, 0x080b0908, 0x08010207, 0x16051f44, 0x04080805, 
    0x53011f0f, 0x13141f13, 0x02b60810, 0x0a060403, 0x0d110a0b, 0x0e0e0f20, 0x0509b60a, 0x7c820206, 0x02440335, 0x08040486, 0x09070502, 0x06052807, 
    0x01100106, 0x82181232, 0x02053563, 0x1b1c0e2f, 0x0a0a0b0f, 0x0b0a0717, 0x0603050c, 0x0b1c0707, 0x0133a982, 0x031d040e, 0x130d0f0d, 0x0b060a0a, 
    0x03090a09, 0x82050605, 0x16073291, 0x01010510, 0x0c040604, 0x0d0b0c0a, 0x090a0508, 0x39098209, 0x2b601915, 0x0603130e, 0x2b010104, 0x0f0c6506, 
    0x0d0a0d09, 0x080700ff, 0x59820a0b, 0x100a0c22, 0x4508c182, 0x0e000103, 0x1c151611, 0x6f050c0d, 0x00040000, 0x035a0061, 0x008c031d, 0x00230011, 
    0x007e0035, 0x07171300, 0x35231527, 0x27372707, 0x33351737, 0x13173715, 0x35072737, 0x07271523, 0x37170717, 0x17353315, 0x11910537, 0x22230726, 
    0x17011d06, 0x2d0a6447, 0x15071523, 0x013b1614, 0x3d363732, 0x63472701, 0x3533250a, 0x11173537, 0x27057b46, 0x011f0607, 0x23271137, 0x153a0d83, 
    0x17161714, 0x2d132eda, 0x2f123025, 0x252e142f, 0x3721122d, 0x382d3516, 0x02823816, 0x16352d28, 0x122d9001, 0x2082252d, 0x2f122d2b, 0xfe132d25, 
    0x0810217b, 0x09864708, 0x0408c923, 0x07a34703, 0x102e3c08, 0x06050a06, 0x03020204, 0x7c693511, 0x03020517, 0x020c0807, 0x1a201a00, 0x201b3534, 
    0x1b211b1a, 0x211a3536, 0x26200c01, 0x21403e1f, 0x26202026, 0x1e3e4020, 0x211b0b26, 0x8236351a, 0x201a2b1d, 0x1a34351b, 0x081e1920, 0xbf474907, 
    0x08072409, 0x47060504, 0x300809be, 0xc3fe1a35, 0x03060308, 0x06040506, 0x011a0304, 0x0203a863, 0x0c080405, 0x00010706, 0x00030000, 0x01590051, 
    0x002603a1, 0x00bb0098, 0x010000e4, 0x20df8216, 0x5a048314, 0x1622090c, 0x844f1417, 0x1e172205, 0x30088201, 0x06051d06, 0x06230607, 0x26352223, 
    0x3d363734, 0x47048204, 0x05860591, 0x31211f82, 0x073a4122, 0x3d221383, 0xe1422608, 0x82352005, 0x023d252a, 0x22012b34, 0x28050b4f, 0x3e32023b, 
    0x07363301, 0x640e8236, 0x1721054b, 0x06907916, 0x16218682, 0x27368317, 0x1e171606, 0x07161702, 0x37211882, 0x24618536, 0x3d130737, 0x20608501, 
    0x05fd4527, 0x14021d22, 0x2206d650, 0x82323637, 0x8332204c, 0x3d363c51, 0x014d0101, 0x04040307, 0x03050101, 0x08020604, 0x02020104, 0x02010304, 
    0x82020803, 0x01062805, 0x06050102, 0x82030301, 0x04022514, 0x01040106, 0x03210382, 0x08168203, 0x0c0f0326, 0x2a270c12, 0x11052a28, 0x18190b11, 
    0x0b0c040b, 0x0f0c0304, 0x09050603, 0x06040606, 0x0801191a, 0x021b080f, 0x06220f82, 0x6a440405, 0x384f8205, 0x0f0e218a, 0x11100201, 0x0102222f, 
    0x0c0e061e, 0x050c0602, 0x10160e12, 0x087b8210, 0x210e0625, 0x1e211b11, 0x140b1e79, 0x0f0e1409, 0x0b0a2a0a, 0x13060b28, 0x09280a28, 0x0a030c05, 
    0x050e1503, 0x820d0618, 0x04122d99, 0x010e0710, 0x03070206, 0x03080804, 0x08274582, 0x03090406, 0x82040401, 0x06022d11, 0x0c0a0808, 0x36130a0f, 
    0x126e6c38, 0x34052a53, 0x0501030e, 0x6e6e3637, 0x09131806, 0x02060603, 0x01090605, 0x36a38204, 0x59589291, 0x03031615, 0x01070409, 0x10010208, 
    0x08060801, 0x825e1617, 0x2d2d2200, 0x2dac8215, 0x03020201, 0x0705050a, 0x15011414, 0xb4450314, 0x060a2405, 0x8201090a, 0x052a0883, 0x01020501, 
    0x291dd703, 0x2628272d, 0x2c140326, 0x2011162a, 0x0e07020d, 0x08091806, 0x1810191c, 0x32141719, 0x18282d1d, 0x2782b5fe, 0x01020124, 0x03820304, 
    0x0401012d, 0x090e0c01, 0x02040304, 0x53010105, 0x06820580, 0x0c024908, 0x1000000c, 0xc0005e00, 0xc0028f03, 0x36001200, 0x5a004800, 0x79006a00, 
    0x95008500, 0xaf00a300, 0xc900c100, 0xe700d800, 0x1b01f200, 0x34010000, 0x21232627, 0x0f060722, 0x011f1501, 0x36373221, 0x17163735, 0x14111516, 
    0x8205f141, 0x0505421b, 0x34113522, 0x25055542, 0x17322133, 0x0a440716, 0x37072905, 0x07170717, 0x35231727, 0x09880482, 0x13251b86, 0x23012f35, 
    0x27588222, 0x1f011d06, 0x013f3301, 0x0a865183, 0x042f3523, 0x24718423, 0x27023f33, 0x877d8323, 0x17352224, 0x87198227, 0x013d210d, 0x28864382, 
    0x89270121, 0x2462856c, 0x023f010f, 0x821d8233, 0x82c18732, 0x83768366, 0x34c68214, 0x013f013b, 0x33150535, 0x33353315, 0x23352335, 0x37011f07, 
    0x06856d2f, 0x38711520, 0x21318206, 0x4b180727, 0x3520076a, 0x6c08e486, 0x05034a03, 0x04cefe07, 0x06010401, 0x32010a06, 0x3a030408, 0x03030206, 
    0x0a040602, 0x2afd0c08, 0x050a070a, 0x04040307, 0x0a050703, 0xd6020908, 0xd70a070c, 0x0d040b0b, 0x040d020a, 0x0d040e0e, 0x1c0d0a02, 0x050d0d05, 
    0x0b0b030e, 0x060d0d06, 0x14030b0b, 0x04270a03, 0x01030202, 0x0a270804, 0x02020826, 0x29080501, 0x08030308, 0x2118824c, 0x15830408, 0x82540321, 
    0x02012211, 0x23198501, 0x0a260a54, 0x05822d82, 0x88040421, 0x03f12904, 0x0f030d0d, 0x040d0a03, 0x032c6e84, 0x080c19f8, 0xc1010203, 0x0103260a, 
    0x06239d82, 0x830a2609, 0x0609262d, 0x02040106, 0x080c8202, 0x5be0fe23, 0x3b1b1b2e, 0x080b107f, 0x22171311, 0x06050a0c, 0x0c0a0506, 0x1911110e, 
    0x0f0e0513, 0x07070708, 0x30c78206, 0x0a030603, 0x087a0208, 0x02010304, 0x0bc40b01, 0x29da8203, 0x09050afc, 0x085efe0a, 0x34820508, 0x06040433, 
    0x07080705, 0x0ba20109, 0x05070808, 0x06030306, 0x223b82a9, 0x830d0d07, 0x07082505, 0x1d070e0e, 0x08840982, 0x18825483, 0x27e2fe25, 0x82020608, 
    0x27042a51, 0x3f03030a, 0x02020106, 0x20098303, 0x2016820a, 0x8311824e, 0x08062307, 0x72820331, 0x08271983, 0x27080606, 0x82060654, 0x202585f3, 
    0x2023885c, 0x27598ec9, 0x15142ed3, 0x1c2e1415, 0x03215282, 0x222c8508, 0x82030366, 0x0202224f, 0x3b448202, 0x3131203c, 0x02557b24, 0x01042302, 
    0x0f0a0c0c, 0x0f13120e, 0x040c0a10, 0x26040305, 0x0528b882, 0x0c070904, 0x06070809, 0x0038c582, 0x00620003, 0x0389023e, 0x004e0040, 0x00bf008d, 
    0x17060100, 0x1615011e, 0x0d5e4d18, 0x0f060724, 0x62180601, 0x13430a1d, 0x097c4805, 0x22051a43, 0x8236013f, 0x17162108, 0x37210184, 0x230e8232, 
    0x16073633, 0x84054843, 0x010e2305, 0x3a890607, 0x37262725, 0x85373436, 0x83362001, 0x36372634, 0x013e013f, 0x183f8535, 0x200a2e67, 0x213c8406, 
    0xc8482706, 0x08114e07, 0x82666282, 0x36372209, 0x22a48227, 0x51830227, 0x600805d4, 0x0a040601, 0x271a1b0f, 0x0e07090a, 0x0818080e, 0x030e040c, 
    0x08040308, 0x0c0f100e, 0x1926292a, 0x0610111a, 0x09010204, 0x20191e16, 0x1714171a, 0x0912060e, 0x17040103, 0x17221816, 0x10111911, 0x01121b0c, 
    0x03055307, 0x170d0b05, 0x0a092418, 0x0a011204, 0x0f060803, 0x310e0f0f, 0x04091b1a, 0x08008601, 0x06090331, 0x1d1e1a06, 0x0c0c1314, 0x0b0d0608, 
    0x1412160d, 0x0b090e15, 0x29263307, 0x100b121c, 0x2e2b2a11, 0x0405092e, 0x24251313, 0x09011933, 0x82010d12, 0x02690886, 0x14050303, 0x35091205, 
    0x14132527, 0x15060506, 0x020a0a15, 0x05120fcc, 0x1b0e0518, 0x32190e1c, 0x383c2a21, 0x0e0b3237, 0x070e1009, 0x02070815, 0x0206020a, 0x0e060304, 
    0x34250b0d, 0x3c343630, 0x3b294038, 0x0c0e3a2a, 0x0e04030a, 0x070c120c, 0x070b0b15, 0x1e1b2310, 0x05040c13, 0x08090401, 0x30366c02, 0x2c312f36, 
    0x32ff822d, 0x07010d04, 0x09040602, 0x320e0c0e, 0x22443c3c, 0x82191a11, 0x05082182, 0x4a088382, 0x04060101, 0x08080a03, 0x0e0c1311, 0x0d0b0a04, 
    0x030e070d, 0x05020103, 0x1c033806, 0x0a16261d, 0x091d0c0f, 0x46411609, 0x42454342, 0x01163343, 0x010a0e08, 0x03010801, 0x03100303, 0x4131080e, 
    0x47494441, 0x0606454d, 0x82000103, 0x00043800, 0x02400066, 0x00400390, 0x004f002e, 0x008d006f, 0x07160100, 0x18070f06, 0x29085054, 0x013f3501, 
    0x16171617, 0xe441053f, 0x36372605, 0x0717023f, 0x261f8226, 0x0706030f, 0x840f2706, 0x2c1b841d, 0x2735063f, 0x050f1707, 0x3735042f, 0x20328333, 
    0x30058304, 0x013f011f, 0x3733070f, 0x061f3733, 0x35011f33, 0x093b8334, 0x0223262c, 0x04040987, 0x36362613, 0x070d242f, 0x2c2e3a09, 0x14131824, 
    0x07050c0a, 0x1d1f1712, 0x1826321a, 0x1f0d0c0b, 0x10292626, 0x0b1a1219, 0x2d700509, 0x05242628, 0x262a1f07, 0x02282726, 0x110b0b02, 0x2b1d1910, 
    0x2216362a, 0x24362626, 0x03440214, 0x24221b12, 0x344c1d1f, 0x0406101f, 0x15161402, 0x101b2416, 0x0e0b0304, 0x2b310911, 0x1435ca1d, 0x07040e12, 
    0x1b0b0902, 0x14150f12, 0x0b07050f, 0x1a14144c, 0x0b0c0b1c, 0x55c5020f, 0x69464847, 0x162d415e, 0x2805040c, 0x2a3d2f31, 0x5c393538, 0x0b283449, 
    0x0705050f, 0x0e1d1f19, 0x1a311b1f, 0x0501031b, 0x050b0c04, 0x17022d12, 0x07063017, 0x01171d22, 0x2d211203, 0x312e3c7d, 0x2f2e362f, 0x261b0f22, 
    0xba635934, 0x7443262a, 0x2b384a5c, 0x4541161d, 0x553e4146, 0x04030d10, 0x14191107, 0x110e1209, 0x0d031405, 0x1d141038, 0x03060726, 0x09020203, 
    0x0502060c, 0x0b040502, 0x0a114233, 0x00000404, 0x59000400, 0x7d035800, 0x0e012603, 0x3b012301, 0x00005101, 0x81430601, 0x4923200b, 0x27230638, 
    0x572e2722, 0x072106f6, 0x066d4314, 0x17060724, 0xbd501f16, 0x16172605, 0x32331617, 0x7b661807, 0x0cbf4e08, 0x96511720, 0x07304406, 0x0f061524, 
    0x04590601, 0x06894c05, 0x42512e20, 0x053b4905, 0xf5722620, 0x85108509, 0x37362105, 0x32200182, 0xe14e4b83, 0x21738506, 0x0464013f, 0x82272005, 
    0x0ace51e3, 0x33363725, 0x89011f32, 0x031e2129, 0x15202e83, 0x8605e34c, 0x2406858f, 0x013f3637, 0x0a915432, 0x17241585, 0x25061516, 0x07219685, 
    0x22358222, 0x82321632, 0x83d682e0, 0x82458567, 0x2736210c, 0x27332285, 0x27372226, 0x22012e22, 0x14222326, 0x013b1633, 0x82173216, 0x3527082e, 
    0x06700326, 0x09060806, 0x1b050e0b, 0x17212526, 0x240e1b11, 0x0f122411, 0x010d0e0d, 0x03080207, 0x02030204, 0x82010103, 0x01012c06, 0x04010502, 
    0x09080406, 0x84040c0d, 0x241a8310, 0x01060106, 0x054d4e04, 0x100b0630, 0x0e0a1910, 0x05041105, 0x0202090b, 0x03830301, 0x0606042d, 0x08050602, 
    0x1b120a03, 0x82222030, 0x0204250c, 0x03040202, 0x38824a82, 0x0b070a25, 0x8215050a, 0x07092d30, 0x09030902, 0x26090a25, 0x0106020a, 0x02290082, 
    0x0f020602, 0x1a070f1a, 0x21028204, 0x3482060c, 0x05070822, 0x2f083983, 0x06010401, 0x04050605, 0x07020605, 0x071c0e1c, 0x04020104, 0x07040807, 
    0x02040401, 0x0903020a, 0x0f160b02, 0x05040113, 0x05010902, 0x0c051205, 0x6b826582, 0x09033008, 0x1404030a, 0x0f120904, 0x3609140e, 0x17151224, 
    0x0a0d1516, 0x17020a0d, 0x15051005, 0x07171215, 0x0572fe01, 0x07050a06, 0x01050507, 0x82010501, 0x010230b4, 0x33080309, 0x03010204, 0x0a030a04, 
    0x82080202, 0x2b628284, 0x03020707, 0x06430401, 0x06080604, 0x04235482, 0x82060501, 0x0a05351d, 0xe3010203, 0x01030104, 0x030a0801, 0x07101111, 
    0x03020105, 0x0621ca83, 0x20198201, 0x05894f02, 0x2c059057, 0x06030502, 0x0a080609, 0x08090506, 0x4acf8204, 0x0439050a, 0x13081001, 0x0c1b0b07, 
    0x1f1e251a, 0x040a0e1c, 0x0604030e, 0x060c0907, 0x226f8306, 0x82030303, 0x05022147, 0x0e30fd82, 0x36372915, 0x25093940, 0x0302070a, 0x03080304, 
    0x0e239482, 0x82040d09, 0x010829f1, 0x08020703, 0x071f0802, 0xc3820282, 0x82040221, 0x070126b3, 0x0a030708, 0x30028201, 0x0f030404, 0x04050508, 
    0x04010602, 0x03030703, 0x2a008202, 0x14250903, 0x03040925, 0x84080403, 0x02062ca4, 0x07010801, 0x010c0b10, 0x82020303, 0x0101240c, 0x82100918, 
    0x82338208, 0x0101262f, 0x04030205, 0x27d18202, 0x02020103, 0x01040501, 0x0d2fe382, 0x0a020903, 0x070f0f10, 0x09041010, 0x82020402, 0x050623cf, 
    0xb6820202, 0x010a0529, 0x04030403, 0x83040205, 0x0504232d, 0x0f820601, 0x01030124, 0x1e82031b, 0x82010e21, 0x04042200, 0x08008200, 0x00000630, 
    0x0004c0ff, 0x1700c003, 0x27001f00, 0x38003000, 0x00004100, 0x23153301, 0x1507010e, 0x012e3523, 0x33352327, 0x3537013e, 0x011e1533, 0x0f823307, 
    0x062d0782, 0x34363216, 0x3d062226, 0x06070601, 0x241e8207, 0x011e2307, 0x252c8217, 0x37361517, 0x3b823736, 0x659b032a, 0x86c01565, 0x15c08680, 
    0xd12a0887, 0x53721464, 0x26e84028, 0x02822634, 0x3a39522b, 0x400d6414, 0x7613644d, 0x22148250, 0x83393a52, 0x0002210e, 0x3a85318b, 0x83725321, 
    0x83822019, 0x9b262634, 0x3a391464, 0x222f8252, 0x84137650, 0x3a14223d, 0x210e8239, 0xc7880a00, 0x0d000732, 0x25001900, 0x3d003100, 0x5f004e00, 
    0x81007000, 0x3628e782, 0x06141632, 0x11012622, 0x0220b783, 0x1d210d82, 0x220f8301, 0x8212013d, 0x013d2215, 0x21118434, 0x25833301, 0x22012b26, 
    0x20363426, 0x09852f82, 0x01013b34, 0x14151617, 0x2f222306, 0x34352601, 0x32333637, 0x08822701, 0x1f210782, 0x20188201, 0x20198207, 0x053b5925, 
    0x3f343523, 0x82168201, 0x83012014, 0x21368326, 0x1e82010f, 0x01242d82, 0x96d49600, 0x01250282, 0x5e5e4200, 0x05024182, 0x06858020, 0x40400126, 
    0x1a26261a, 0xfd210483, 0x31088634, 0xbd02401a, 0x1a26132d, 0x122e121b, 0x1a1b1213, 0x0d8299fd, 0x821a1b21, 0x1312260d, 0x94021b1a, 0x8205822d, 
    0x822e2018, 0xfd26281a, 0x1b132d19, 0x82121419, 0x1b1a241c, 0x832a0226, 0x01962966, 0x5ec0fe0a, 0xfafd5e84, 0xe6205089, 0xfe210a88, 0x857985c0, 
    0xdefe2305, 0x3882122e, 0x45821320, 0x12131a24, 0x5484b201, 0x7c820d82, 0x85401321, 0x820d827e, 0xcefd278b, 0x1412122e, 0x0d831b19, 0x001a1b33, 
    0xff000001, 0x030204bf, 0x002200c0, 0x1e010900, 0x22eb8201, 0x83272627, 0x822720f0, 0x374708f1, 0x3f321617, 0x2f343601, 0x32333601, 0x14151617, 
    0xcd011e02, 0x65140413, 0x101b1913, 0x493e75fe, 0x0c555477, 0x123612a7, 0xa7121266, 0x56762c28, 0xfe190254, 0x13341075, 0x02011365, 0x22cd0113, 
    0x2c775455, 0x8212a728, 0x12362a1f, 0x56540ca7, 0x00004976, 0x08e74104, 0x2f002738, 0x8f008100, 0x07010000, 0x15011f16, 0x17070607, 0x0f062707, 
    0x82822301, 0x37270734, 0x35012f26, 0x27373637, 0x3f361737, 0x16173301, 0xb3423717, 0x842b8807, 0x20358e30, 0x843a8327, 0x843f8904, 0x25498b44, 
    0x011e0717, 0x05873717, 0x17162408, 0x32331604, 0x34353637, 0x07222326, 0x95011506, 0x46040a29, 0x290a0446, 0x0f133a2d, 0x0f0c400c, 0x912d3a13, 
    0x41c82012, 0x0333057c, 0x04014360, 0x01431839, 0x382d270d, 0x3b0e090b, 0x82081025, 0x0d0b3133, 0x090e3b25, 0x272e380b, 0x19430508, 0x4301043a, 
    0x3a292682, 0x08054319, 0x06382e27, 0x3b268c0e, 0x38040e02, 0x0903272d, 0x39184302, 0x58fe0104, 0x293a3952, 0x3a3b5028, 0x28012928, 0x9488819b, 
    0x8326cf21, 0xc601238b, 0x76840c40, 0x95120221, 0x219d9376, 0x9d8b0805, 0x03090122, 0x03229e82, 0x9f84040d, 0x52654308, 0x3b3a2829, 0x3a292850, 
    0x00020000, 0x04020016, 0x00bc0315, 0x00b500ad, 0x33360100, 0x27261732, 0x3e012f26, 0x2e273403, 0x06070601, 0x030e0726, 0x0e171617, 0x07060701, 
    0x2223010e, 0x27022e27, 0x0a82032e, 0x1e171625, 0x83030e01, 0x82062005, 0x1f032e04, 0x17011e01, 0x011f1633, 0x3e373616, 0x22248201, 0x83031e37, 
    0x32072131, 0x82079c47, 0x0607254c, 0x16171417, 0x8208d47f, 0x1733262c, 0x35363732, 0x050c7626, 0x3f161724, 0x77823601, 0x01256182, 0x3e333537, 
    0x07f56b02, 0xfc089183, 0x22273637, 0x32333435, 0xd7031415, 0x0a05131c, 0x04161b03, 0x0d050201, 0x100b0707, 0x29020207, 0x15150203, 0x0a03050b, 
    0x0d19352a, 0x313a2012, 0x2f0c2b27, 0x330b0b41, 0x3d2f574b, 0x1a46371c, 0x201c0f0f, 0x1e130315, 0x2a1f0512, 0x14082a27, 0x09010412, 0x2e080102, 
    0x1a63263e, 0x06070c0e, 0x030c0416, 0x0d060717, 0x285d180f, 0x09150e01, 0x0b07081e, 0x1e0e0e08, 0x08020711, 0x38090a0d, 0x060d0f08, 0x060e1404, 
    0x010c0d07, 0x04020204, 0x05010302, 0x0a0e2430, 0x11060602, 0x24093a34, 0x14060329, 0x130f1524, 0xa406061f, 0x10200519, 0x04060205, 0x0d0e0e22, 
    0x02120103, 0x0b12170e, 0x13060201, 0x120a1913, 0x080b0c05, 0x0909101a, 0x080c0b01, 0x25240708, 0x2d4c2d16, 0x3b1d0613, 0x333a1a1b, 0x2e1a120e, 
    0x0c071326, 0x120f0b0b, 0x291a101a, 0x1d1f2e18, 0x0c242236, 0x08718202, 0x100f0361, 0x14254104, 0x3e192f26, 0x3e0a030b, 0x162a311c, 0x09044023, 
    0x1f10050c, 0x1c0c161a, 0x050e0703, 0x05060708, 0x030e0707, 0x02040805, 0x0d091309, 0x03020201, 0x03040909, 0x07051103, 0x030e0402, 0x02090c0b, 
    0x01204709, 0x17191801, 0x0201201c, 0x3b33fa10, 0x02050f20, 0x0d0e2b01, 0x82000e0d, 0x00023100, 0x061d0010, 0x018a036f, 0x00260116, 0x011e0100, 
    0x6905415c, 0x073b07a9, 0x2b060714, 0x2b012e01, 0x010e2701, 0x2705010f, 0x06273435, 0x06150607, 0x82171617, 0x14152d29, 0x1731041e, 0x052e2707, 
    0x06222327, 0x072d8982, 0x27010e22, 0x23262726, 0x0e141522, 0x24288201, 0x1d161732, 0x20448201, 0x05314e27, 0x27059c62, 0x3e373637, 0x34363701, 
    0x26214c82, 0x222d8223, 0x820e2327, 0x27222361, 0x5f833426, 0x07203783, 0x3e824c82, 0x822f2621, 0x342b8226, 0x013d3435, 0x16013e34, 0x37033e17, 
    0x33023e34, 0x37013a17, 0x21178234, 0x4a823033, 0x2b841720, 0x16173025, 0x82141733, 0x37323517, 0x3f34013b, 0x33173301, 0x37013b34, 0x1f161716, 
    0x34323301, 0x36201882, 0x1621b382, 0x20178217, 0x214e8232, 0x19463403, 0x38158207, 0x14150614, 0x15161417, 0x16333733, 0x3b011e17, 0x14011501, 
    0x32013b16, 0x23758236, 0x22012b26, 0x2208ef82, 0x03060266, 0x04050104, 0x14081709, 0x02010327, 0x07040201, 0x0204031d, 0x01030103, 0x0611fafd, 
    0x83090503, 0x085c0821, 0x252a2418, 0x03600419, 0x21252914, 0x0303111a, 0x081f2804, 0x010d1314, 0x131e1402, 0x0f1a180a, 0x0d110714, 0x02030124, 
    0x0304030f, 0x0f081208, 0x0a190d1c, 0x03030213, 0x30130f26, 0x110e0109, 0x0a041b05, 0x20065606, 0x040a0308, 0x0a030303, 0x040f0a14, 0x020a0606, 
    0x11120703, 0x04370e82, 0x0e170405, 0x0b031e3d, 0x04010c0d, 0x0a252815, 0x11080703, 0x8207170a, 0x82462091, 0x02062251, 0x25998202, 0x04030706, 
    0x9b828a04, 0x20060b3e, 0x020b0201, 0x0e050101, 0x653302ed, 0x10101159, 0xbe040703, 0x09010903, 0x0a090707, 0x0128b582, 0x01020104, 0x03011207, 
    0x452f4082, 0x0b119cfb, 0x11110c69, 0x110b690c, 0x820acb02, 0x82498223, 0x21538218, 0xdd820306, 0x02012e08, 0x05020602, 0x1402043c, 0x05020308, 
    0x10130301, 0x0d05030f, 0x605a2102, 0x062f4a5d, 0x4d150638, 0x3f55625d, 0x220b0d0a, 0x01091528, 0x27398206, 0x03010a0a, 0x4b1e2310, 0x04230c82, 
    0x82070a03, 0x0603369d, 0x07100c07, 0x040c0711, 0x1b390504, 0x03114223, 0x0d18040c, 0x314f8212, 0x0e061104, 0x06141208, 0x310a0904, 0x1e112b1d, 
    0xf5822114, 0x03170a36, 0x28201406, 0x024f3163, 0x0b0d0502, 0x1406090e, 0x02011014, 0x0629ae82, 0x0a111903, 0x04030904, 0x21a7821e, 0xe483030a, 
    0x82010221, 0x030636f3, 0x04030209, 0x010c0d03, 0x03030411, 0x12030406, 0x12170d0c, 0x27208408, 0x11231d1c, 0x05150d10, 0x06223f82, 0x32820603, 
    0xfe03032d, 0x11110aed, 0x120d140a, 0x84000d12, 0x01222400, 0x8401009e, 0x00002409, 0x86040001, 0x0001240b, 0x8622000d, 0x0002240b, 0x86400007, 
    0x8203200b, 0x86642017, 0x8204200b, 0x868e200b, 0x8205200b, 0x86b8200b, 0x0006240b, 0x86de000b, 0x8207200b, 0x86ee2007, 0x8208200b, 0x86f42007, 
    0x8209200b, 0x86fa2007, 0x000a220b, 0x85808201, 0x820b2083, 0x8606200b, 0x820c2017, 0x2003820b, 0x20008300, 0x200b820d, 0x20178612, 0x200b820e, 
    0x240b8618, 0x010d0010, 0x2a0b8636, 0x01070011, 0x00030054, 0x82090401, 0x00022232, 0x240b8600, 0x001a0001, 0x240b8606, 0x000e0002, 0x200b8630, 
    0x20178203, 0x200b8648, 0x200b8204, 0x200b8672, 0x200b8205, 0x240b869c, 0x00160006, 0x240b86c6, 0x00020007, 0x200b86ea, 0x200b8208, 0x200b86f0, 
    0x200b8209, 0x200b86f6, 0x200b820a, 0x240b86fc, 0x0102000b, 0x200b8602, 0x200b820c, 0x200b8608, 0x200b820d, 0x200b860e, 0x200b820e, 0x240b8614, 
    0x011a0010, 0x270b861a, 0x010e0011, 0x00200044, 0x43240283, 0x32005300, 0x47240882, 0x6e007500, 0x49240782, 0x6f006300, 0x732e0982, 0x53430000, 
    0x75472032, 0x6349206e, 0x0e826e6f, 0x65005224, 0x25826700, 0x61006c2c, 0x00007200, 0x75676552, 0x0882616c, 0x29a941a9, 0x6b825620, 0x73007224, 
    0x8b846900, 0x30002024, 0x03822e00, 0x31003030, 0x65560000, 0x6f697372, 0x2e30206e, 0x0e823030, 0xbd855385, 0xba82bb8d, 0xe985b986, 0xa7a905a9, 
    0x23171341, 0x00020000, 0x4320009d, 0x01201e82, 0x86082582, 0x00130003, 0x00150014, 0x00170016, 0x00190018, 0x001b001a, 0x0024001c, 0x00260025, 
    0x00280027, 0x002a0029, 0x002c002b, 0x002e002d, 0x0030002f, 0x00320031, 0x00340033, 0x00360035, 0x00380037, 0x003a0039, 0x003c003b, 0x003e003d, 
    0x00440040, 0x00460045, 0x00480047, 0x004a0049, 0x004c004b, 0x004e004d, 0x0050004f, 0x00520051, 0x00540053, 0x00560055, 0x00580057, 0x005a0059, 
    0x0702015b, 0x46696e75, 0x83444646, 0xffff218d, 0x01208f82, 0x0c200982, 0x16220382, 0x0d841e00, 0x41004126, 0x04000100, 0x02241182, 0x01000000, 
    0x06820386, 0x00240b84, 0x31cbd6df, 0xe12b0c83, 0x00837d65, 0xe1000000, 0x058cef84, 0x208178fa, 0x00000031, 
};

