// File: 'fa6.ttf' (299536 bytes)
// Exported using binary_to_compressed_c.cpp
static const unsigned int fa6_compressed_size = 193897;
static const unsigned int fa6_compressed_data[193900/4] =
{
    0x0000bc57, 0x00000000, 0x10920400, 0x00000400, 0x00010037, 0x000d0000, 0x00030080, 0x54464650, 0x061a974d, 0x91040094, 0x281582f4, 0x4544471c, 
    0x04290046, 0x200f8271, 0x2c0f82d4, 0x2f534f1e, 0x625a6132, 0x01000040, 0x360f8258, 0x616d6360, 0xd6bbe570, 0x1300003b, 0x44000064, 0x736167d6, 
    0x82ffff70, 0x91042249, 0x381f82cc, 0x796c6708, 0x7abfcf66, 0x690000d1, 0xf90300ec, 0x61656864, 0x54e82064, 0x201b82e9, 0x210382dc, 0x10826836, 
    0x063f0423, 0x204f82aa, 0x280f8214, 0x746d6824, 0x0863af78, 0x300f82f9, 0x110000b8, 0x636f6cac, 0x68370861, 0x580000e4, 0x280f823c, 0x78616db0, 
    0x01820470, 0x201f827c, 0x3b2f8238, 0x6d616e20, 0x647b6065, 0x63040059, 0x04000050, 0x736f7068, 0xb878ad74, 0x67040030, 0x2a213f82, 0x20db8313, 
    0x2b048203, 0xd95eee75, 0xf53c0f5f, 0x00020b00, 0xde230083, 0x87b40927, 0xf5ff2707, 0x8702b8ff, 0x0f82cb01, 0x02000822, 0x08822c82, 0x01270583, 
    0x00c0ffc0, 0x82800200, 0x02fe221f, 0x83178687, 0x2103841b, 0x11836b04, 0x016b0425, 0x8415007a, 0x82012010, 0x8c012005, 0x01042c25, 0x008403f7, 
    0x01000005, 0x8266014c, 0x8647201d, 0x00f52507, 0x00840019, 0x09216a82, 0x85158203, 0x10012102, 0x05840785, 0x53574129, 0x0080004d, 0x85ffff30, 
    0xc0012383, 0x18824000, 0x03820120, 0x39010024, 0x0782a501, 0x01002025, 0x85008001, 0x82aa2000, 0x00802306, 0xad820118, 0x00400124, 0x1782010c, 
    0x17200b82, 0x10200382, 0x00280f82, 0xfeff0001, 0xfbff4001, 0xff240382, 0xfcff8001, 0xfe200782, 0x53821784, 0x33850788, 0x80011022, 0x9b832b83, 
    0x87080021, 0x8207820b, 0x00002137, 0xc0202b88, 0x438e7b85, 0x7f842020, 0x27828020, 0x00208785, 0x63830f84, 0x1a008022, 0x1b839384, 0x02215f82, 
    0x20638240, 0x82db8280, 0x835b820b, 0x21938497, 0x3b850002, 0x1c240786, 0x2000c001, 0xc0226384, 0xcb841000, 0x03835783, 0x27820020, 0x1b830020, 
    0x0f82cb82, 0xdf830220, 0x01210782, 0x84138280, 0x821f8263, 0x87022007, 0x82078a8b, 0x01ff222b, 0x25378700, 0x00021000, 0x03822000, 0x2b840020, 
    0x1b413b8b, 0x02402109, 0x93850b82, 0x84f8ff21, 0x0000222b, 0x21078700, 0x9b82c001, 0x23823783, 0x07820120, 0x89000221, 0x85ff8453, 0x212f8613, 
    0x6783feff, 0xfd208382, 0x2022eb8e, 0x1b82c001, 0x40223b83, 0xf383ffff, 0x02231f83, 0x90140040, 0x8480206f, 0x8310206f, 0xc001212f, 0x01208785, 
    0x3b887f8a, 0x1b830020, 0x84fbff21, 0x07374183, 0x0223078a, 0x85f9ff40, 0x0c002d8b, 0x1d000002, 0xfaff0002, 0xfbff8001, 0x10241382, 0xffff8002, 
    0x60201b86, 0x20201b82, 0x00240382, 0x0e008001, 0x20201382, 0x10200782, 0x80229388, 0x0b84fcff, 0x078c7f82, 0x97854020, 0x410a2341, 0x00220563, 
    0xfb852000, 0x0220eb84, 0x80209b84, 0x0b242b84, 0x1e000002, 0x01200f87, 0x00211385, 0x83ff8702, 0x2013834f, 0x20378280, 0x82ab8340, 0x20138733, 
    0x20538240, 0x86cb8380, 0x200b83cf, 0x20bf8200, 0x84238700, 0x020021d3, 0xff222f84, 0x438201f9, 0x02200383, 0x2005a741, 0x22db8400, 0x821000c0, 
    0x8cf920f3, 0x21578803, 0x97840000, 0x4f86c020, 0x0f894020, 0x2008ff42, 0x416f8580, 0x23420d7b, 0x8367850c, 0x0663423b, 0x82000221, 0xff40221f, 
    0x0bbb41fa, 0x67420220, 0x23078306, 0xfcff4001, 0x2f841b84, 0x83feff21, 0x8402200b, 0x887f850b, 0x2013820b, 0x82eb8802, 0x0523411b, 0x4b840020, 
    0x03864f83, 0x2b83ab84, 0x03004024, 0xb7410001, 0x8f378306, 0xff802203, 0x844f84f9, 0xfbff2107, 0x00200b84, 0xff83a782, 0x17822b8f, 0x03830220, 
    0x01206382, 0x41061f41, 0x23430abb, 0x0ec34208, 0xdf841020, 0x9b844f8a, 0xaf430f83, 0x0e1b4306, 0x86010021, 0x0c1f42e3, 0xdf427386, 0x0002230f, 
    0x03821000, 0x17831420, 0x41400221, 0x01200583, 0x80205783, 0x17411784, 0x44002005, 0x9b8e09cb, 0x6387b394, 0xff212b89, 0x281383fe, 0xfeff4002, 
    0xf9ff8002, 0x858b8602, 0xffff211f, 0x0223938b, 0x41150080, 0x43410cd7, 0x42a38210, 0xff2005db, 0xf7425f88, 0x80012306, 0x1389fdff, 0x00206b82, 
    0xc020b782, 0x63871385, 0x1f847b8d, 0x0002fb22, 0x02202b85, 0xdf442f84, 0x20779106, 0x20278201, 0x200382f9, 0x846388fa, 0x12002587, 0xf6ffc001, 
    0x04203b86, 0x0f82cb87, 0x40021024, 0x17862100, 0x83092741, 0x055b46fb, 0x4501fb21, 0x40200597, 0x40232384, 0x8601fcff, 0x825f8803, 0x4002212b, 
    0x23062b43, 0x02100080, 0x820aa345, 0x0523445b, 0x01241382, 0x01feffc0, 0x1f860783, 0x5b822784, 0x20200786, 0x87085f41, 0x83578323, 0x82c0200b, 
    0x418020ff, 0x002006e7, 0x8405fb41, 0x23d7837b, 0x02200040, 0x07832786, 0x00c00123, 0x24cb880d, 0x00f9ff80, 0x222f8ac0, 0x84070000, 0x21a3841b, 
    0x0b82f9ff, 0x2f821020, 0x00020024, 0x0382fcff, 0x20099341, 0x85338500, 0x267b821b, 0x000800c0, 0x84080080, 0x0613420f, 0xa3860120, 0x0220b387, 
    0x20059341, 0x830f8a00, 0x0208226b, 0x23738240, 0x02080040, 0x08217b85, 0x423f8301, 0x338406bf, 0xfeff4023, 0x42038201, 0x6b840faf, 0x87850020, 
    0x03410220, 0x41a78406, 0x0020073b, 0x17209784, 0x27871384, 0x40245787, 0xc0012000, 0x87062346, 0x97079aa7, 0x20cb8a7b, 0x20678200, 0x82af84fb, 
    0x822f8447, 0x84012007, 0xf9ff218b, 0xff21ab85, 0x82eb82f9, 0x82b38677, 0x82022083, 0x201382a3, 0x0a9f4100, 0x0f882020, 0xf782ab83, 0x82c00121, 
    0x8547832f, 0x011c222b, 0x06e74180, 0x880a2342, 0x82338487, 0x0fff442f, 0x410b2745, 0x9f4106ef, 0x057f420a, 0x20212385, 0x876f8601, 0x235b8a53, 
    0x00400120, 0x02212b83, 0x465f8302, 0x3783076b, 0x27830382, 0x17840220, 0x01000025, 0x85feffc0, 0xf5ff210b, 0x210ec342, 0x37830200, 0x13418020, 
    0x41c38306, 0x2020059b, 0x13833b88, 0x20050342, 0x8c6f8210, 0x074f4303, 0xc3860120, 0x078a0f87, 0x0b821020, 0xa7430383, 0x85db8507, 0x82fd20af, 
    0x82fe207b, 0x881c2053, 0x00402247, 0x89df841c, 0x42378587, 0x4b41084f, 0x83012005, 0x4880200f, 0x0782067f, 0x82095347, 0x8200201f, 0x49c02017, 
    0x1b8409bf, 0x490f8343, 0x00200d37, 0x21061341, 0x2b420110, 0x87cb8c0a, 0x4340207f, 0x7f83059b, 0x87865783, 0x42020021, 0xd7430717, 0x82178406, 
    0x867b8483, 0x82638433, 0x4233880b, 0x02270a2f, 0x02f9ff00, 0x84ffff80, 0x45002007, 0xa7410557, 0x82002008, 0x00802273, 0x491f820b, 0x00200727, 
    0xcf412782, 0x424f8205, 0x80230caf, 0x8202feff, 0x842b822e, 0xc001211f, 0x8c05e344, 0x20a385cb, 0x265f8406, 0x01f9ff80, 0x820d0040, 0x0513432f, 
    0xb743938b, 0x85202009, 0x2158822b, 0x0b860000, 0x4305e348, 0x3746080b, 0x8393870b, 0x060f4113, 0xe3837f88, 0xd3494020, 0x83278706, 0x860b86fb, 
    0x8303204f, 0x840b84d3, 0x436b823f, 0x1b820e47, 0x53831020, 0x01202387, 0x0420ab89, 0x2008eb43, 0x0aa74300, 0x4307d741, 0x07200553, 0x840a5b41, 
    0x200f8347, 0x42638301, 0x01230e17, 0x45fdff80, 0x034208eb, 0x851f2009, 0x08bb4877, 0x00020c24, 0x77870c00, 0x23106b41, 0x01f8ff00, 0x03823b83, 
    0x200e0748, 0x0b474200, 0x00000223, 0x271f8203, 0xff000203, 0xff4002ff, 0x20090b47, 0x07fb4800, 0x480c1746, 0x3b82141f, 0x8794f820, 0x0123f782, 
    0x8c0000c0, 0x464020e3, 0x6f430a9f, 0x0fa3470f, 0x4020bb87, 0xff218383, 0x0cd747fe, 0x63833b8a, 0x8f411b84, 0x460f8506, 0x77410913, 0x07074208, 
    0x8207eb42, 0x4002259f, 0xc0011400, 0x420a2348, 0xff220847, 0x1f8202f9, 0x18201b82, 0x820b5746, 0x093747cb, 0x410ebb41, 0x03200603, 0x42077343, 
    0xab8a082b, 0x84110745, 0x845384a7, 0x207f893f, 0x446b82fe, 0x07410523, 0x0cf74206, 0x49053f45, 0x4f4b0933, 0x21438406, 0x0349ff00, 0x44402005, 
    0x02200593, 0xff21a784, 0x437b82fc, 0x5b820b53, 0x8b471384, 0x41012008, 0xff220c3f, 0xdb4a02fa, 0x841a2005, 0x881b863f, 0x205382db, 0x056b4401, 
    0xc0012022, 0xd7484782, 0x4a102005, 0x27480a17, 0x0c874208, 0x87060b41, 0x8202206b, 0x21038547, 0x6f82feff, 0xf343f820, 0x2097830a, 0x221b8410, 
    0x82f9ff80, 0x020a2207, 0x053f4e40, 0x420c0b47, 0x40200733, 0x8306df48, 0x828020fb, 0xff80230b, 0x138602fb, 0xc3872f88, 0x00203389, 0x20064345, 
    0x080b461e, 0x0000c022, 0x4a084f42, 0xff210847, 0x202782ff, 0x052b45ff, 0x8308af4a, 0x83ff20af, 0x202f8337, 0x48378200, 0x2f820963, 0xff223b84, 
    0xdf8202fd, 0xffc00123, 0x202782f7, 0x833f8208, 0x4efa2033, 0x6782056b, 0x6b848f82, 0x4508af44, 0x77460637, 0x213b820a, 0x0f8201f9, 0xff400223, 
    0x0cd742fd, 0x8205d341, 0x22e7827f, 0x85f6ff00, 0x229b8223, 0x82100000, 0x82202027, 0x02fe212f, 0xf8202385, 0x77410f84, 0x84022006, 0x826785fb, 
    0x08fb4117, 0x8c077741, 0x862b8813, 0x2343837b, 0x02f9ff80, 0x4906a349, 0x0f4c0fb3, 0xff802208, 0x21eb82fe, 0x738701fc, 0x2405a751, 0x00000005, 
    0x20038203, 0x2603822c, 0x14000004, 0x82010018, 0x42002209, 0x831582cc, 0x822c2009, 0x840a2007, 0x13042217, 0x0b2a82ec, 0x0002b8cc, 0xb8010800, 
    0x25002100, 0x39002b00, 0x7a005a00, 0xa500a300, 0xab00a900, 0xb600ae00, 0xd700bb00, 0x1320f700, 0x3a201d20, 0xaa20a420, 0xb420ac20, 0xbd20b820, 
    0x95212221, 0xbb219721, 0x1222c421, 0x04231e22, 0x2b231b23, 0xcf239923, 0xee23ea23, 0xf323f123, 0xfb23f923, 0xbd24fe23, 0xb625a025, 0xfc25d025, 
    0x04260126, 0x15261126, 0x20261d26, 0x25262326, 0x2c262a26, 0x39262f26, 0x42264026, 0x66265f26, 0x7b267226, 0x85267e26, 0x96269326, 0x9b269926, 
    0xb226ab26, 0xc626be26, 0xea26df26, 0xfa26f726, 0x0027fd26, 0x05270227, 0x0f270c27, 0x1d271627, 0x31272127, 0x46274427, 0x4e274c27, 0x57275527, 
    0x97276427, 0x0d2b3529, 0x242b1c2b, 0x05e0502b, 0x41e00de0, 0x86e076e0, 0x9ae098e0, 0xace0a9e0, 0xb7e0b4e0, 0xdfe0d8e0, 0x31e1e4e0, 0x40e13ce1, 
    0x69e152e1, 0x7be16de1, 0x8fe184e1, 0xa8e19be1, 0xbce1b0e1, 0xc8e1c4e1, 0xd5e1d3e1, 0xede1d7e1, 0x09e2f6e1, 0x3de222e2, 0x9ce289e2, 0xc5e2bbe2, 
    0xafe3cae2, 0xf5e3b2e3, 0x45e43ce4, 0x6ce448e4, 0x7be477e4, 0xa9e490e4, 0x1ef00ef0, 0x4ef03ef0, 0x6ef05ef0, 0x80f07ef0, 0x8ef08bf0, 0x98f091f0, 
    0xaef09ef0, 0xcef0b2f0, 0xdef0d1f0, 0xeef0e0f0, 0x0ef1fef0, 0x15f112f1, 0x2ef11ef1, 0x3af135f1, 0x4ef13ef1, 0x5ef159f1, 0x78f165f1, 0x88f183f1, 
    0x93f18ef1, 0x99f197f1, 0xaef19df1, 0xbbf1b3f1, 0xcef1c9f1, 0xe6f1def1, 0xfef1ecf1, 0x07f201f2, 0x1ef20bf2, 0x36f22df2, 0x4af239f2, 0x5df24ef2, 
    0x7bf26cf2, 0x8ef283f2, 0x95f292f2, 0x9ef29af2, 0xa8f2a4f2, 0xbef2b7f2, 0xcef2c3f2, 0xdcf2d4f2, 0xe7f2e5f2, 0xedf2eaf2, 0xf6f2f2f2, 0xfef2f9f2, 
    0x0cf305f3, 0x28f31ef3, 0x38f332f3, 0x5df35bf3, 0x63f360f3, 0x87f382f3, 0xa5f390f3, 0xc1f3bff3, 0xc9f3c5f3, 0xd1f3cef3, 0xe0f3ddf3, 0xedf3e5f3, 
    0xfdf3fbf3, 0x06f4fff3, 0x22f410f4, 0x34f424f4, 0x3af436f4, 0x3ff43cf4, 0x43f441f4, 0x47f445f4, 0x4ef44bf4, 0x53f450f4, 0x5df458f4, 0x62f45ff4, 
    0x6df466f4, 0x74f472f4, 0x7ff479f4, 0x87f482f4, 0x8ef48bf4, 0x97f494f4, 0xa1f49ef4, 0xb3f4adf4, 0xbef4baf4, 0xc4f4c2f4, 0xd3f4cef4, 0xdff4dbf4, 
    0xe6f4e3f4, 0x91f509f5, 0xa2f59df5, 0xb1f5a7f5, 0xb8f5b4f5, 0xc5f5bdf5, 0xcef5cbf5, 0xd7f5d2f5, 0xdcf5daf5, 0xe1f5dff5, 0xe7f5e4f5, 0xeef5ebf5, 
    0x01f6fdf5, 0x10f604f6, 0x19f613f6, 0x21f61ff6, 0x2af625f6, 0x37f630f6, 0x41f63cf6, 0x47f644f6, 0x4ff64af6, 0x55f651f6, 0x5ef658f6, 0x66f662f6, 
    0x6df66bf6, 0x74f66ff6, 0x79f676f6, 0x7ff67cf6, 0x89f684f6, 0x9bf696f6, 0xa7f6a1f6, 0xadf6a9f6, 0xbbf6b7f6, 0xc0f6bef6, 0xcff6c4f6, 0xd3f6d1f6, 
    0xd7f6d5f6, 0xdef6d9f6, 0xe6f6e3f6, 0xedf6e8f6, 0xfaf6f2f6, 0x00f7fcf6, 0x0ef70cf7, 0x17f715f7, 0x22f71ef7, 0x2bf729f7, 0x3df72ff7, 0x43f740f7, 
    0x4df747f7, 0x56f753f7, 0x5ff75bf7, 0x6bf769f7, 0x7df773f7, 0x84f781f7, 0x8cf788f7, 0x96f794f7, 0xa0f79cf7, 0xa6f7a2f7, 0xaef7abf7, 0xbaf7b6f7, 
    0xc0f7bdf7, 0xc5f7c2f7, 0xcef7caf7, 0xd2f7d0f7, 0xe6f7daf7, 0xeff7ecf7, 0xf5f7f2f7, 0xfbf7f7f7, 0x07f802f8, 0x10f80df8, 0x16f812f8, 0x2af818f8, 
    0x3ef82ff8, 0x4cf84af8, 0x53f850f8, 0x6df863f8, 0x7df879f8, 0x87f882f8, 0x97f891f8, 0xccf8c1f8, 0xe5f8d9f8, 0xfffffff8, 0x21000000, 0x2a002300, 
    0x3c003000, 0xb9436100, 0x201c2614, 0x20a42039, 0x0ab943a8, 0x97219024, 0xb943ba21, 0x23033206, 0x2328231b, 0x23cf2399, 0x23ed23e9, 0x23f323f1, 
    0x0ab943f8, 0xfb25cf26, 0x03260026, 0x2008b943, 0x06b94322, 0x38262e32, 0x42263f26, 0x65265a26, 0x7a267226, 0x80267e26, 0x2a08b943, 0x26b226a0, 
    0x26c426bd, 0x43e926df, 0x04260ab9, 0x0f270927, 0xb9431127, 0x27532c0e, 0x27642757, 0x2b342995, 0x431b2b0d, 0x59240ab9, 0x97e085e0, 0x240eb943, 
    0xe131e1e3, 0x0eb94339, 0xb9439a20, 0x43212016, 0xb1200eb9, 0x0806b943, 0x6ce447a2, 0x7ae476e4, 0xa8e490e4, 0x10f000f0, 0x40f021f0, 0x60f050f0, 
    0x80f070f0, 0x8df083f0, 0x93f090f0, 0xa0f09cf0, 0xc0f0b0f0, 0xd6f0d0f0, 0xe2f0e0f0, 0x00f1f0f0, 0x14f110f1, 0x20f118f1, 0x37f130f1, 0x40f13df1, 
    0x5bf150f1, 0x75f160f1, 0x85f182f1, 0x90f18ef1, 0x99f195f1, 0xabf19cf1, 0xb8f1b0f1, 0xcdf1c0f1, 0xe0f1d8f1, 0xf6f1eaf1, 0x04f200f2, 0x17f20af2, 
    0x33f221f2, 0x40f238f2, 0x50f24df2, 0x71f26cf2, 0x8bf283f2, 0x95f290f2, 0x9cf29af2, 0xa7f2a0f2, 0xb9f2b4f2, 0xc7f2c0f2, 0xdbf2d0f2, 0x2a08b943, 
    0xf2f5f2f1, 0xf3fef2f9, 0x4309f302, 0x373206b9, 0x5df358f3, 0x62f360f3, 0x86f381f3, 0xa5f390f3, 0xb943bef3, 0x43cd2006, 0xfa200ab9, 0x240cb943, 
    0xf436f432, 0x16b94339, 0x5ff45c3c, 0x66f461f4, 0x70f468f4, 0x77f474f4, 0x81f47df4, 0x8bf484f4, 0x90f48df4, 0xb94396f4, 0xb82c0808, 0xc0f4bdf4, 
    0xcdf4c4f4, 0xd6f4d3f4, 0xe2f4def4, 0xfaf4e6f4, 0x93f515f5, 0xa4f59ff5, 0xb3f5aaf5, 0xbaf5b6f5, 0xc7f5bff5, 0xd0f5cdf5, 0x2006b943, 0x0ab943de, 
    0xb943fc20, 0xf624280e, 0xf62ef629, 0x433bf637, 0x532a0cb9, 0x5df658f6, 0x64f662f6, 0xb94369f6, 0xf6782e08, 0xf67ff67b, 0xf687f681, 0xf698f696, 
    0x06b943a0, 0xb943b620, 0x43c32006, 0xdd360cb9, 0xe6f6e2f6, 0xecf6e8f6, 0xfaf6f0f6, 0xfff6fcf6, 0x0ef70bf7, 0xb94314f7, 0xf7282606, 0xf72ef72b, 
    0x0cb9433b, 0xf75a3a08, 0xf769f75e, 0xf772f76b, 0xf780f77c, 0xf786f783, 0xf793f78c, 0xf79cf796, 0xf7a2f79f, 0xf7a9f7a4, 0xf7b5f7ad, 0xf7bdf7b9, 
    0xf7c2f7bf, 0xf7c9f7c4, 0xf7d0f7cc, 0xf7d7f7d2, 0x0ab943e4, 0x02f8fa30, 0x0af805f8, 0x12f80ff8, 0x18f815f8, 0xb94328f8, 0xf87b2a12, 0xf884f881, 
    0xf897f891, 0x09b943c0, 0xe2ff8f08, 0xddffe1ff, 0xd7ffd9ff, 0x8fffb7ff, 0x8bff8eff, 0x88ff8aff, 0x7dff81ff, 0x43ff62ff, 0x20e028e0, 0x9cdf05e0, 
    0x98df99df, 0x8edf91df, 0x26df8adf, 0xb8deb9de, 0x8ede96de, 0x35de29de, 0x3bdd51dd, 0xc2dc2fdd, 0x74dc8ddc, 0x70dc72dc, 0x6bdc6fdc, 0x68dc6adc, 
    0xc8daaadb, 0x9bdab3da, 0x6cda0000, 0x5fda6bda, 0x55da5cda, 0x52da53da, 0x4dda51da, 0x4bda4cda, 0x3eda43da, 0x26da3dda, 0x16da21da, 0xd5d90000, 
    0xfcd909da, 0xf8d9fad9, 0x0d82f7d9, 0xe1d9eb22, 0xc32c0582, 0xaed9bad9, 0xaad9acd9, 0xa6d9a8d9, 0xa0220f82, 0x05829ed9, 0xd9948908, 0xd9d6d891, 
    0xd86dd96f, 0x0066d9ed, 0xd9acd800, 0xd7000022, 0x0041d581, 0xd546d500, 0x20b42068, 0x207a20ad, 0x20552063, 0x20442045, 0x20342036, 0x202b202d, 
    0x2005200b, 0x1fb61f02, 0x1fac1faf, 0x1f851f9b, 0x1f751f82, 0x1f631f6d, 0x1f4d1f59, 0x1f3b1f46, 0x1f311f34, 0x1f261f27, 0x1f101f25, 0x1ef61e08, 
    0x1ec51edf, 0x1e681e7a, 0x1e411e4a, 0x1d591d3d, 0x1c161d58, 0x1cc81cd0, 0x1ca41cc7, 0x1c991c9b, 0x006e1c85, 0x1027008c, 0x100000ef, 0x82ea10eb, 
    0x82e42005, 0x82bf8203, 0x0fcb2205, 0x212487c9, 0x09835710, 0x10a81023, 0x850783a7, 0x82102903, 0x00007910, 0x70107110, 0x6c220582, 0x05826a10, 
    0x03825b20, 0x4f105222, 0x10271f83, 0x1000003e, 0x832f1031, 0x2209820b, 0x850c100d, 0xec0f2509, 0xfe0e0000, 0x0d290b83, 0x00cd0f71, 0x0fca0f00, 
    0x820d83c8, 0x83b22009, 0x270f2f07, 0x9c0fcf0e, 0x0000360e, 0x910f930f, 0x07828d0f, 0x750f8628, 0x090e6c0f, 0x0b82160d, 0xef0c382c, 0x2f0e340f, 
    0x320e120f, 0x4982f50e, 0xd70eda3e, 0xd10ed40e, 0xc40ecf0e, 0xe20dc20e, 0xaa0eb60e, 0xa80ea90e, 0x740ea20e, 0x860e870e, 0x77202182, 0x73340382, 
    0x430c410c, 0x3c0c420c, 0x650e3b0c, 0x620e630e, 0x5c0e600e, 0x572c1782, 0x530e560e, 0x500e520e, 0x4d0e4f0e, 0x30080f82, 0x0e460e47, 0x0e420e43, 
    0x0e400e41, 0x0d190e3a, 0x0e260eb5, 0x0e200e22, 0x0e1e0e1f, 0x0e120e16, 0x0e0e0e10, 0x0d8b0d0c, 0x0d0000f6, 0x0dda0ddb, 0x2a0782d9, 0x0dd30dd4, 
    0x0dd10dd2, 0x82cf0dd0, 0xc920080d, 0xc60dc70d, 0xc40dc50d, 0xc00dc20d, 0xbb0dbd0d, 0xab0dae0d, 0x9e0da90d, 0x970d9c0d, 0x910d920d, 0x2708e383, 
    0x810d870d, 0x7a0d7e0d, 0x750d320a, 0x6f0d730d, 0x00006e0d, 0x650d690d, 0x610d620d, 0x0b0a5f0d, 0x580d5c0d, 0x560d570d, 0x52261582, 0x4f0d510d, 
    0x3584430d, 0x350d363a, 0x290dcd09, 0x230deb09, 0x0000220d, 0x140d150d, 0x120d130d, 0x100d110d, 0x09320d82, 0x060d070d, 0x0000030d, 0xf80cf90c, 
    0xec0cf60c, 0x0b82eb0c, 0xde0ce42a, 0xd60cdb0c, 0xd30cd50c, 0xc5360d82, 0xc00cc30c, 0x1c09bb0c, 0xb00cb30c, 0xa50cae0c, 0x9e0ca40c, 0x1982960c, 
    0x910c9234, 0x880c8e0c, 0x820c870c, 0x7f0c800c, 0x7c0c7e0c, 0x75837b0c, 0x0c6f0c2f, 0x0c6d0c6e, 0x0c00006c, 0x0c9e0867, 0x30078264, 0x0c510c56, 
    0x0c4d0c4f, 0x0c4a0c4b, 0x0c420c48, 0x08138240, 0x390c3a2e, 0x360c370c, 0x230c270c, 0x0a0c150c, 0x060c090c, 0xf50b040c, 0xe10bec0b, 0xdd0be00b, 
    0xd30bdc0b, 0xa60bce0b, 0x900b9c0b, 0x6b0b7309, 0x83054d4b, 0x2103d55f, 0x57a15a03, 0x8b3a0321, 0x30032123, 0x03210d83, 0x89058342, 0x38032103, 
    0x03210b83, 0x89058336, 0x32032103, 0x058a1584, 0x03e50f83, 0x02c60231, 0x03fe02e2, 0x03540338, 0x008c0370, 0x83a60300, 0xb2032577, 0xba030000, 
    0xd4220382, 0x0f84f003, 0x0604ee2c, 0x3e042204, 0x40040000, 0x11834c04, 0x04640429, 0x04820466, 0x849a0494, 0x84a0200d, 0x87a22005, 0x84042005, 
    0xa8042745, 0x0000b404, 0x1584be04, 0xcc04ca24, 0x0984da04, 0x0205ee28, 0x00000405, 0x03821c05, 0x34052e22, 0x05871383, 0x053a0529, 0x05000044, 
    0x83500548, 0x21038315, 0x05834a05, 0x05000023, 0x83078546, 0x41052005, 0x05200e55, 0x830c7941, 0x84038f21, 0x8f1e206b, 0x210f8515, 0x07850a05, 
    0x04210587, 0xa10987fe, 0xd8042107, 0x05212385, 0x850785ca, 0xcc052105, 0x059b0785, 0x05ae0523, 0x211f91b0, 0x1391a005, 0x05000023, 0x21158790, 
    0x0b898a05, 0x05211385, 0x831b8784, 0x7a052107, 0x03830583, 0x83740521, 0x20038505, 0x0c9d4505, 0x85640521, 0x41059115, 0x1b8d0975, 0x053c0523, 
    0x2111873e, 0x09853805, 0x8505b141, 0x201b880b, 0xaa098728, 0x00682407, 0x82880068, 0x00933401, 0x00950094, 0x00970096, 0x00990098, 0x009b009a, 
    0x826a009c, 0x006e2e01, 0x00a100a0, 0x007000a8, 0x00af00ae, 0x240182b0, 0x00390039, 0x08018216, 0x08000322, 0x3a003b00, 0xb700b700, 0x19011801, 
    0xa9001a01, 0xb8008600, 0x1b01b800, 0x1d011c01, 0x1f011e01, 0x91082d83, 0x21012001, 0x22016500, 0x23019100, 0x25012401, 0x27012601, 0x29012801, 
    0x2b012a01, 0x51002c01, 0x2e012d01, 0x30012f01, 0x32013101, 0x34013301, 0x36013501, 0x38013701, 0x3a013901, 0x3b015b00, 0x3d013c01, 0x3f013e01, 
    0x41014001, 0x43014201, 0x45014401, 0x47014601, 0x49014801, 0x4a01ad00, 0x4b016b00, 0x4d014c01, 0x4e017000, 0x60004f01, 0x69005e00, 0x64006300, 
    0x5f005d00, 0x5c005001, 0x59005800, 0x52015101, 0x54015301, 0x56015501, 0x09845701, 0x4900582e, 0x4a004b00, 0x59014c00, 0x5b015a01, 0x7408cb84, 
    0x015c0107, 0x015e015d, 0x0160015f, 0x01930061, 0x01630162, 0x01650164, 0x01670166, 0x01690168, 0x016b016a, 0x016d016c, 0x0170016e, 0x01720171, 
    0x01740173, 0x00760175, 0x01770186, 0x017d017c, 0x0168007e, 0x017f013a, 0x01840183, 0x01860185, 0x00880187, 0x01890172, 0x018b018a, 0x018d018c, 
    0x018f018e, 0x01940190, 0x016d0095, 0x01a80096, 0x01980197, 0x34338299, 0x019b019a, 0x019d019c, 0x019f019e, 0x00a200a0, 0x01aa0150, 0x367782ab, 
    0x01940073, 0x01ad01ac, 0x00af01ae, 0x01b00152, 0x01b201b1, 0x82b401b3, 0xb576085b, 0xb701b601, 0xb901b801, 0xbb01ba01, 0xbd01bc01, 0xbf01be01, 
    0x38003500, 0xc101c001, 0x3f003e00, 0x55005400, 0xc301c201, 0xc501c401, 0x3c006a00, 0xc6013d00, 0xc7016a00, 0x7c00c801, 0xca01c901, 0x30015700, 
    0xcc01cb01, 0xce01cd01, 0xcf017601, 0xd101d001, 0x1600d201, 0x0300d301, 0xd501d401, 0xd701d601, 0xe2018f00, 0xe401e301, 0xe601e501, 0xe7012c01, 
    0x0182e801, 0x01e92208, 0x017000ea, 0x01ec01eb, 0x01ed014d, 0x01ef01ee, 0x004400f0, 0x00050032, 0x00330041, 0x01420047, 0x08998225, 0xf201f12e, 
    0xf401f301, 0xf601f501, 0x75017401, 0x66006c00, 0xfe01fd01, 0xbf014000, 0x08020402, 0xb8010902, 0x88000a02, 0x10020f02, 0x1e021102, 0x1f380182, 
    0x20026a00, 0x21023700, 0x23022202, 0x9e002402, 0x26022502, 0x2b022702, 0x2a080182, 0x0034002c, 0x022d0217, 0x022f022e, 0x00370230, 0x02380243, 
    0x02870039, 0x023b023a, 0x023d023c, 0x007e003e, 0x007d007f, 0x429a0098, 0x993c06c3, 0x9c009b00, 0x3f029d00, 0x47024602, 0x49024802, 0x4b024a02, 
    0x4d024c02, 0x4f024e02, 0x502a0182, 0x62009000, 0x52025102, 0x07825600, 0x00532008, 0x025402ab, 0x02560255, 0x00ac0057, 0x02360048, 0x025a0259, 
    0x025c025b, 0x025e025d, 0x8260025f, 0x02612401, 0x82630262, 0x02643401, 0x02650264, 0x01040066, 0x02680255, 0x02710269, 0x82730272, 0x02742401, 
    0x82750274, 0x02762801, 0x021b0176, 0x82780277, 0x81a10901, 0x83028202, 0x8402b400, 0xb3008502, 0x61008702, 0xad008c02, 0x8e028d02, 0x00022901, 
    0x2a01ff01, 0xb500b600, 0x9f00ab02, 0xae02ac02, 0xb7008300, 0xb901b502, 0xc7026700, 0x01030003, 0x03030203, 0x05030403, 0x07030603, 0x0803a400, 
    0x0a030903, 0x0c030b03, 0x8c008d00, 0x8e008900, 0x8a008b00, 0x0d033a00, 0x14000e03, 0x10030f03, 0x1103a700, 0x12031500, 0x53001303, 0x13001403, 
    0x16031503, 0x18031703, 0x1a031903, 0x1c031b03, 0x1e031d03, 0x1f030600, 0x21032003, 0x23032203, 0x25032403, 0x27032603, 0x29032803, 0x2b032a03, 
    0x2d032c03, 0x2f032e03, 0x31033003, 0x33033203, 0x35033403, 0x5a003603, 0x38033703, 0x3a033903, 0x3c033b03, 0x3e033d03, 0x40033f03, 0x42034103, 
    0x44034303, 0x46034503, 0x48034703, 0x4a034903, 0x4c034b03, 0x4e034d03, 0x50034f03, 0x52035103, 0x54035303, 0x56035503, 0x58035703, 0x5a035903, 
    0x5c035b03, 0x5e035d03, 0x60035f03, 0x62036103, 0x64036303, 0x66036503, 0x68036703, 0x6a036903, 0x6c036b03, 0x81036d03, 0xaf008203, 0x8303ae00, 
    0x85038403, 0x9e038603, 0x92009f03, 0xa602b303, 0xab01b403, 0xb100c003, 0xd0037b00, 0xda037900, 0xb2007700, 0xdc03db03, 0xe303a300, 0xea03a000, 
    0xf103aa00, 0x4500f203, 0xfa037300, 0x04040304, 0x7500a100, 0x2a041404, 0x2b047100, 0xa5007400, 0x46003204, 0x38043704, 0x24013904, 0x24010801, 
    0x0c004804, 0x21008200, 0x0482b42e, 0x03210282, 0x200482e3, 0x20038621, 0x20078203, 0x20038223, 0x20038225, 0x20038204, 0x2003822a, 0x2003822b, 
    0x20038207, 0x20038230, 0x20038239, 0x20038209, 0x2003823c, 0x2003825a, 0x20038213, 0x20038261, 0x2003827a, 0x20038218, 0x200386a3, 0x20078232, 
    0x200386a5, 0x20078233, 0x200386a9, 0x20078234, 0x200386ab, 0x20078235, 0x200386ae, 0x20078236, 0x200386b6, 0x20078237, 0x200386bb, 0x20078238, 
    0x830386d7, 0x82f7207b, 0x2303830b, 0x2000003a, 0x03837b82, 0x823b0021, 0x821c200b, 0x851d2003, 0x39202197, 0x1f820b82, 0x823e0021, 0x85a42007, 
    0x40002103, 0xa8200782, 0xaa200382, 0x41202382, 0xac200782, 0x00210385, 0x20078244, 0x210385b4, 0x07824500, 0x0385b820, 0x82460021, 0x85bd2007, 
    0x47002503, 0x22210000, 0x00210385, 0x20078248, 0x20038290, 0x20478295, 0x20078249, 0x21038597, 0x07824f00, 0x0382ba20, 0x5020b783, 0xc4200782, 
    0x00250385, 0x22000052, 0x83038512, 0x1e2221a7, 0x03820b82, 0x00530025, 0x82032300, 0x82042003, 0x82542047, 0x851b2007, 0x56002103, 0x28200782, 
    0x2b200382, 0x57201782, 0x99200782, 0x00210385, 0x2007825b, 0x210385cf, 0x07825c00, 0x0382e920, 0x2382ea20, 0x07825d20, 0x0382ed20, 0x0b82ee20, 
    0x07825f20, 0x0385f120, 0x82610021, 0x85f32007, 0x62002103, 0xf8200782, 0xf9200382, 0x63202382, 0xfb200782, 0x00210385, 0x20078265, 0x240385fe, 
    0x00006600, 0x83ef8224, 0x67002503, 0xa0250000, 0x00210385, 0x20078268, 0x210385b6, 0x07826900, 0x25218382, 0x204782d0, 0x820b826a, 0x82252047, 
    0x20238403, 0x820f82fc, 0x200b8303, 0x211e8226, 0x04820126, 0x00006c24, 0x03820326, 0x6e20e383, 0x11200782, 0x00210385, 0x20078270, 0x21038515, 
    0x07827100, 0x03851d20, 0x82720021, 0x85202007, 0x73002103, 0x22200782, 0x23200382, 0x74204782, 0x25200782, 0x00210385, 0x20078276, 0x2103852a, 
    0x07827700, 0x03852c20, 0x82780021, 0x822e2007, 0x822f2003, 0x8279202f, 0x82382007, 0x82392003, 0x827b200b, 0x823f2007, 0x82402003, 0x827d200b, 
    0x85422007, 0x7f002103, 0x5a200782, 0x5f200382, 0x80201782, 0x65200782, 0x66200382, 0x86200b82, 0x87830782, 0x00210382, 0x200b8288, 0x8403857a, 
    0x824b830b, 0x200b8403, 0x8217827e, 0x53002103, 0x3f830782, 0x3b828520, 0x0b828920, 0x03859320, 0x828f0021, 0x85962007, 0x90002103, 0x99200782, 
    0x00210385, 0x20078291, 0x2103859b, 0x07829200, 0x0382a020, 0x3b82a920, 0x07829320, 0x0385aa20, 0x826a0021, 0x85ab2007, 0x200b8403, 0x820b82b2, 
    0x9d002103, 0xbd200782, 0xbe200382, 0x9e202f82, 0xc4200782, 0x00210385, 0x2007826e, 0x200382c5, 0x831782c6, 0x82df204f, 0x2103820b, 0x0782a200, 
    0x0382e920, 0x9343ea20, 0xf7262105, 0x03820b82, 0x82a50021, 0x85fa2007, 0xa6002103, 0xfd200782, 0x00240385, 0x270000a7, 0x03832a82, 0x82a80021, 
    0x8502200b, 0x200b8403, 0x820b8204, 0x200b8403, 0x820b8205, 0x70002103, 0x09200782, 0x0c200382, 0x2105db43, 0x0b820f27, 0x00210382, 0x200782ad, 
    0x20038211, 0x05db4313, 0x82142721, 0x2103820b, 0x0782b000, 0x03851520, 0x82390021, 0x85162007, 0x200b8403, 0x820b821d, 0xb1002103, 0x21200782, 
    0x00210385, 0x200782b2, 0x21038531, 0x07820700, 0x03854420, 0x82b30021, 0x85462007, 0x200b8403, 0x820b824c, 0x20478403, 0x820b824e, 0xb4002103, 
    0x53200782, 0x00200385, 0x54206783, 0x03820b82, 0x55200b84, 0x03820b82, 0x82030021, 0x85572007, 0x200b8403, 0x820b8264, 0x86002103, 0x95200782, 
    0x00210385, 0x20078208, 0x21038596, 0x07823b00, 0x03859720, 0x003a0025, 0x82342900, 0x82352003, 0x00b524e3, 0x850d2b00, 0x82002003, 0x1b2b217b, 
    0x03820b82, 0x82b70021, 0x851c2007, 0x200b8403, 0x820b8224, 0x6a002103, 0x50200782, 0x00250385, 0xe00000b8, 0x21038505, 0x0782b900, 0xe0204782, 
    0x00210382, 0x200b82ba, 0x21038541, 0x0782bb00, 0x03825920, 0x6b827620, 0x0782bc20, 0x03828520, 0x0021a382, 0x820782da, 0x98e0218f, 0xdc201782, 
    0x9a200b82, 0x00210385, 0x200782de, 0x210385a9, 0x0782df00, 0x0385ac20, 0x82e00021, 0x85b42007, 0xe1002103, 0x9f820782, 0x0382e020, 0x82e20021, 
    0x85d8200b, 0xe3002103, 0x33830782, 0x00210382, 0x830b82e4, 0x2507820f, 0x0000e500, 0x038531e1, 0x82e70021, 0x82392007, 0x823c2003, 0x82e82077, 
    0x85402007, 0xec002103, 0x52200782, 0x00210385, 0x200782ed, 0x21038569, 0x0782ee00, 0x03856d20, 0x82ef0021, 0x857b2007, 0xf0002103, 0x84200782, 
    0x00210385, 0x200782f1, 0x2103858f, 0x0782f200, 0xe121cb82, 0x205f829b, 0x200b82f3, 0x210385a8, 0x0782f500, 0x0385b020, 0x82f60021, 0x85bc2007, 
    0xf7002103, 0xc4200782, 0x00210385, 0x200782f8, 0x210385c8, 0x0782f900, 0x0385d320, 0x82fa0021, 0x85d52007, 0xfb002103, 0xd7200782, 0x00210385, 
    0x200782fc, 0x210385ed, 0x0782fd00, 0x03825783, 0x00fe0025, 0x8509e200, 0xff002103, 0x21200782, 0x22230382, 0x82010000, 0x3de22192, 0x03820b82, 
    0x82020121, 0x85892007, 0x03012103, 0x9c200782, 0x01210385, 0x20078204, 0x210385bb, 0x07820501, 0x0385c520, 0x82060121, 0x85ca2007, 0x07012503, 
    0xafe30000, 0x01210385, 0x20078208, 0x230382b1, 0x010000b2, 0xe3217382, 0x820b82f5, 0x0b012503, 0x3ce40000, 0x01210385, 0x2007820c, 0x21038545, 
    0x07820d01, 0x03824720, 0x2f824820, 0x07820e20, 0x03856c20, 0x82100121, 0x82762007, 0x82772003, 0x82112017, 0x827a2007, 0x827b2003, 0x8213200b, 
    0x85902007, 0x15012103, 0xa8200782, 0xa9200382, 0x16241782, 0x00f00000, 0x02200382, 0x18200b82, 0xc3820782, 0x0382f020, 0x1b820020, 0x8204f021, 
    0x2103820f, 0x07828600, 0x03850520, 0x82b80021, 0x85062007, 0x200b8403, 0x820b8207, 0x1b0121a3, 0x0c200782, 0x00210385, 0x820782b0, 0x82f0209f, 
    0x39002103, 0x0e200b82, 0x01210385, 0x82078220, 0x82f0209f, 0x21012103, 0x11200b82, 0x00210385, 0x20078265, 0x21038512, 0x07822201, 0x03851320, 
    0x82910021, 0x82142007, 0x001d2403, 0x82230100, 0x851e2007, 0x51002103, 0x21200782, 0x2e200382, 0x2d201782, 0x2f200782, 0x00210385, 0x2007825b, 
    0x20038230, 0x2017823e, 0x2007823b, 0x21038540, 0x0782ad00, 0x03854120, 0x824a0121, 0x85422007, 0x6b002103, 0x43200782, 0x45200382, 0x4b202f82, 
    0x46200782, 0x00210385, 0x20078270, 0x20038247, 0x20178248, 0x2007824e, 0x21038549, 0x07826000, 0x03854a20, 0x825e0021, 0x854b2007, 0x69002103, 
    0x4c200782, 0x4d200382, 0x21055b47, 0x0b824ef0, 0x00210382, 0x2007825d, 0x21038550, 0x07825f00, 0x0382b783, 0x13830120, 0x0f825220, 0x00210382, 
    0x2007825c, 0x20038253, 0x203b8254, 0x20078258, 0x82038255, 0x510121c7, 0x1b830782, 0x83825d20, 0x0b825320, 0x03855e20, 0x23830120, 0x03828783, 
    0x82490021, 0x85612013, 0x4b002103, 0x62200782, 0x00200385, 0x6320a383, 0x03820b82, 0x824c0021, 0x82642007, 0x82662003, 0x82592047, 0x85672007, 
    0x08002103, 0x68200782, 0x00210385, 0x8307823b, 0x210382c3, 0x0b820700, 0x03826a20, 0x2f826e20, 0x07825c20, 0x03857020, 0x82610121, 0x85712007, 
    0x93002103, 0x72200782, 0x7e200382, 0x73832382, 0x0b828020, 0x01210382, 0x2007826f, 0x20038283, 0x20178289, 0x20078270, 0x2103858a, 0x07828600, 
    0x03858b20, 0x82770121, 0x828d2007, 0x828e2003, 0x82782023, 0x82902007, 0x82912003, 0x827a200b, 0x82932007, 0x82952003, 0x827c200b, 0x85962007, 
    0x68002103, 0x97200782, 0x01210385, 0x2007823a, 0x21038598, 0x07827f01, 0x03829c20, 0x2f829e20, 0xf0217b82, 0x200b82a0, 0x830b82a5, 0x82a6207f, 
    0x2103820b, 0x07827200, 0x0382a720, 0x1782ae20, 0x07828920, 0x0382b020, 0x0b82b220, 0x07829120, 0x0382c020, 0x0b82c120, 0x07829420, 0x0385c220, 
    0x826d0021, 0x85c32007, 0x96012103, 0xc4200782, 0x00210385, 0x200782a8, 0x200382c5, 0x832f82c7, 0x82c8208b, 0x8403820b, 0x82c9209b, 0x82ce200b, 
    0x829a2017, 0x85d02007, 0x83012003, 0x82d1208b, 0x2103820b, 0x0782a200, 0x0382d620, 0x2382de20, 0x0782a120, 0x0385e020, 0x82a90021, 0x85e22007, 
    0x50002103, 0xe3200782, 0xe4200382, 0xaa202382, 0xe5200782, 0x01210385, 0x20078265, 0x210385e6, 0x07827301, 0x0385e720, 0x82940021, 0x82e82007, 
    0x82eb2003, 0x82ac202f, 0x85ec2007, 0x52002103, 0xed200782, 0xee200382, 0xb0201782, 0xf0200782, 0xf2200382, 0xb2200b82, 0xf3200782, 0x01210385, 
    0x20078285, 0x200382f4, 0x241782fe, 0xf10000b5, 0x21038500, 0x07823500, 0x03850120, 0x82380021, 0x82022007, 0x82032003, 0x82c02023, 0x82042007, 
    0x00052403, 0x823e0000, 0x82062007, 0x4a072003, 0xf12105af, 0x240b8208, 0x0100000b, 0x200782c2, 0x2103850c, 0x07826a00, 0x03820d20, 0x23820e20, 
    0x07823c20, 0x03851020, 0x82c60121, 0x85112007, 0x20238403, 0x820b8212, 0xc7012103, 0x14200782, 0x15200382, 0x6b204782, 0x18200782, 0x01210385, 
    0x200782c8, 0x21038519, 0x07827c00, 0x03821a20, 0x23821b20, 0x0782c920, 0x03851c20, 0x82570021, 0x851d2007, 0x30012103, 0x1e200782, 0x01210385, 
    0x200782cb, 0x20038220, 0x202f8222, 0x200782cc, 0x21038523, 0x07827601, 0x03822420, 0x17822720, 0x0782cf20, 0x03852820, 0x82160021, 0x85292007, 
    0xd3012103, 0x2a200782, 0x00200385, 0xf121ff82, 0x200b822b, 0x202f822e, 0x830782d4, 0x82352063, 0x82d8200b, 0x8237200b, 0x823a2003, 0x82de200b, 
    0x853d2007, 0x8f002103, 0x3e200782, 0x01210385, 0x200782e2, 0x20038240, 0x20238243, 0x200782e3, 0x21038544, 0x07822c01, 0x03824520, 0x17824620, 
    0x0782e720, 0x03824720, 0x0b824920, 0x0782e820, 0x03854a20, 0x82700021, 0x824b2007, 0x824c2003, 0x82eb2017, 0x854d2007, 0x83012003, 0x824e2007, 
    0x2103820b, 0x0782ed01, 0x03825020, 0x23825220, 0x0782ee20, 0x03855320, 0x82440021, 0x85542007, 0x32002103, 0x55200782, 0x00210385, 0x20078205, 
    0x21038556, 0x07824100, 0x03855720, 0x82330021, 0x85582007, 0x83002003, 0x8259208b, 0x2103820b, 0x07824200, 0x03855b20, 0x82250121, 0x855c2007, 
    0xb7012103, 0x5d200782, 0x5e200382, 0xf1207782, 0x60200782, 0x63200382, 0xf3200b82, 0x64200782, 0x65200382, 0x74200b82, 0x75200782, 0x78200382, 
    0xf7200b82, 0x82200782, 0x83200382, 0xfb200b82, 0x85200782, 0x00210385, 0x2007826c, 0x21038586, 0x07826600, 0x03828720, 0x23828820, 0x0782fd20, 
    0x03858e20, 0x82ff0121, 0x82902007, 0x00932403, 0x82000200, 0x85952007, 0x40002103, 0x96200782, 0x01210385, 0x200782bf, 0x21038597, 0x07820402, 
    0x03859920, 0xef830220, 0x0b829c20, 0x3b829d20, 0x07820620, 0x0382ab20, 0x0b82ac20, 0x07820820, 0x0385ad20, 0x82b80121, 0x85ae2007, 0x0a022103, 
    0xb0200782, 0xb3240382, 0x0b020000, 0x1b830782, 0x00200382, 0xf1219382, 0x200f82b9, 0x201782bb, 0x2007820f, 0x200382c0, 0x200b82c9, 0x20078212, 
    0x200382cd, 0x200b82ce, 0x2007821c, 0x210385d8, 0x07821e02, 0x0382d920, 0x1782da20, 0xdb200b83, 0x03820b82, 0x826a0021, 0x85dc2007, 0x20022103, 
    0xdd200782, 0x00210385, 0x20078237, 0x210385de, 0x07822102, 0x0382e020, 0x3b82e220, 0x07822220, 0x0385e320, 0x829e0021, 0x82e42007, 0x82e62003, 
    0x82252017, 0x82ea2007, 0x82ec2003, 0x8228200b, 0x85f62007, 0x2b022103, 0xf7200782, 0xf8200382, 0x0b831782, 0x0b82f920, 0x00210382, 0x20078234, 
    0x210385fa, 0x07821700, 0x0382fb20, 0x2382fe20, 0x00002d24, 0x038200f2, 0x0b820120, 0x07823120, 0x03820420, 0x0b820720, 0x07823320, 0x03850a20, 
    0x9b820220, 0x820bf221, 0x2103820b, 0x07824300, 0xf2253f82, 0x02000018, 0x200b8238, 0x21038519, 0x07828700, 0x03821a20, 0x0221eb82, 0x8207823a, 
    0x82f220c3, 0x7e0021bb, 0x23200b82, 0x00210385, 0x2007827d, 0x21038524, 0x07829800, 0xf220c382, 0x00210382, 0x200b829a, 0x82038226, 0x950021c7, 
    0x29200782, 0x00210385, 0x20078299, 0x2003822a, 0x20a0822c, 0x8307829b, 0x210382ab, 0x0b823f02, 0x36209f83, 0x40208382, 0x38200b82, 0x39200382, 
    0x44200b82, 0x0f830782, 0x0b824920, 0x0b824620, 0x03854a20, 0x824f0221, 0x854d2007, 0x50022103, 0x4e200782, 0x00210385, 0x83078290, 0x2103820f, 
    0x0b826200, 0x03825120, 0x3b825220, 0x53200783, 0x03820b82, 0x82560021, 0x85542007, 0x20238403, 0x820b8255, 0x82022003, 0x56f2211b, 0x03820b82, 
    0x82ab0021, 0x82572007, 0x825a2003, 0x8254203b, 0x855b2007, 0xac002103, 0x5c200782, 0x00210385, 0x20078248, 0x2003855d, 0x21b78200, 0x0b826cf2, 
    0x02210382, 0x20078258, 0x20038271, 0x203b8278, 0x20078259, 0x20038279, 0x200b827b, 0x20078260, 0x21038583, 0x07828101, 0x03858b20, 0x82630221, 
    0x828c2007, 0x828d2003, 0x200b8323, 0x820b828e, 0x64022103, 0xcf830782, 0x17829120, 0x0b826520, 0x03859220, 0x82040021, 0x85952007, 0x06002103, 
    0x9a200782, 0x02210385, 0x20078267, 0x2103859c, 0x07825501, 0x03829d20, 0x3b829e20, 0x07826820, 0x0382a020, 0x0b82a420, 0x07826a20, 0x0382a720, 
    0x0b82a820, 0x07826f20, 0x0382b420, 0x0b82b620, 0xb720af83, 0x03820b82, 0x82730221, 0x85b92007, 0x74022103, 0xba200782, 0xbb200382, 0x0b832382, 
    0x0b82bc20, 0x0b82bd20, 0x07827520, 0x0385be20, 0x82760221, 0x85c02007, 0x1b012103, 0xc1200782, 0xc2200382, 0x77202382, 0xc3200782, 0x02210385, 
    0x20078278, 0x200382c7, 0x201782ce, 0x20078279, 0x200382d0, 0x200b82d2, 0x20078281, 0x210385d3, 0x0782b400, 0x0385d420, 0x82840221, 0x85db2007, 
    0x85022103, 0xdc200782, 0x00210385, 0x200782b3, 0x210385e5, 0x07820c02, 0x0385e720, 0x82b60121, 0x85ea2007, 0x86022103, 0xed200782, 0x01210385, 
    0x20078223, 0x210385f1, 0x07828702, 0x0385f220, 0x82610021, 0x82f52007, 0x82f62003, 0x82882083, 0x85f92007, 0x8a022103, 0xfe200782, 0x02250385, 
    0xf300008b, 0x21038502, 0x07828c02, 0x03850320, 0x82ad0021, 0x82042007, 0x82052003, 0x828d203b, 0x82092007, 0x218b8203, 0x07828f02, 0x03851e20, 
    0x82930221, 0x85282007, 0x94022103, 0x32200782, 0x01210385, 0x2007823b, 0x24038237, 0x00000038, 0x2007824d, 0x21038558, 0x07822901, 0x03855920, 
    0x82000221, 0x855a2007, 0xff012103, 0x5b200782, 0x01210385, 0x2007822a, 0x2103855d, 0x07829502, 0x03856020, 0x824f0021, 0x82622007, 0x82632003, 
    0x8296208f, 0x82812007, 0x48822003, 0xf3210527, 0x820b8286, 0x980221f7, 0x90200782, 0x01210385, 0x200782c2, 0x210385a5, 0x07829a02, 0x0385be20, 
    0x82b60021, 0x85bf2007, 0xb5002103, 0xc1200782, 0x02210385, 0x2007829b, 0x210385c5, 0x07829c02, 0x0385c920, 0x829d0221, 0x82cd2007, 0x82ce2003, 
    0x829e2077, 0x85d12007, 0xa0022103, 0xdd200782, 0x02210385, 0x200782a1, 0x210385e0, 0x0782a202, 0x0385e520, 0x82c70121, 0x85ed2007, 0xa3022103, 
    0xfa200782, 0xfb200382, 0xa4204782, 0xfd200782, 0x02210385, 0x200782a6, 0x250385ff, 0x0000a702, 0x038506f4, 0x82a80221, 0x85102007, 0x84022103, 
    0x22200782, 0x02210385, 0x200782a9, 0x21038524, 0x0782aa02, 0x03853220, 0x82ab0221, 0x85332007, 0x9f002103, 0x34200782, 0x02210385, 0x200782ac, 
    0x21038536, 0x0782ad02, 0x03853920, 0x82ae0221, 0x853a2007, 0x83002103, 0x3c200782, 0x02210385, 0x200782af, 0x2103853f, 0x07828000, 0x03854120, 
    0x83830020, 0x0b824320, 0x00210382, 0x20078285, 0x21038545, 0x07828100, 0x03854720, 0x82820021, 0x854b2007, 0xb0022103, 0x4e200782, 0x02210385, 
    0x200782b1, 0x21038550, 0x0782b202, 0x03855320, 0x82b30221, 0x85582007, 0xb4022103, 0x5c200782, 0x00210385, 0x200782b7, 0x2103855d, 0x0782b502, 
    0x03855f20, 0x82b60221, 0x82612007, 0x00622403, 0x82b70200, 0x85662007, 0xb9022103, 0x68200782, 0x6d200382, 0xba201782, 0x70200782, 0x72200382, 
    0xc0200b82, 0x74200782, 0x02210385, 0x200782c3, 0x20038277, 0x20178279, 0x200782c4, 0x2003857d, 0x203b8301, 0x820b827e, 0x67002103, 0x7f200782, 
    0x02210385, 0x830782c7, 0x21d382db, 0x0b82c802, 0x8720ff83, 0xca203b82, 0x8b200b82, 0x02210385, 0x200782ce, 0x2003828d, 0x2017828e, 0x200782cf, 
    0x20038290, 0x200b8294, 0x200782d1, 0x20038296, 0x200b8297, 0x200782d6, 0x2103859e, 0x0782d802, 0x0385a120, 0xa7830220, 0x0b82ad20, 0x02200382, 
    0xf421cf82, 0x820b82b3, 0xd9022103, 0xb8200782, 0xba200382, 0xda203b82, 0xbd200782, 0xbe200382, 0xdd200b82, 0xcf830782, 0x0b82c220, 0x0b82df20, 
    0x0385c420, 0x82e20221, 0x82cd2007, 0x218b8203, 0x0782e302, 0x0385d320, 0x82e50221, 0x207b8307, 0x202f82db, 0x200b82e6, 0x820382de, 0xec022137, 
    0x33830782, 0x02212b82, 0x830b82ee, 0x2103821b, 0x0b827102, 0x0000fa24, 0x2f8209f5, 0x0782f020, 0x03821520, 0x00001c24, 0x07820003, 0x03851d20, 
    0x82a40021, 0x821e2007, 0x82222003, 0x82082017, 0x85232007, 0x8d002103, 0x24200782, 0x00210385, 0x2007828c, 0x21038525, 0x07828900, 0x03852620, 
    0x828e0021, 0x85272007, 0x8b002103, 0x28200782, 0x00210385, 0x2007828a, 0x21038529, 0x07823a00, 0x03822a20, 0x5f822b20, 0x07820d20, 0x03852c20, 
    0x82140021, 0x822d2007, 0x822e2003, 0x820f2017, 0x852f2007, 0xa7002103, 0x30200782, 0x03210385, 0x20078211, 0x20038531, 0x20bb8300, 0x200b8232, 
    0x202f8233, 0x20078212, 0x21038534, 0x07825300, 0x03853520, 0x53830320, 0x0b823620, 0x00210382, 0x20078213, 0x20038237, 0x832f8240, 0x8241203b, 
    0x2103820b, 0x07820600, 0x03824220, 0x17825920, 0x07821f20, 0x03855a20, 0x07830020, 0x0b825b20, 0x17829120, 0x93203783, 0x9d200b82, 0x6e200b82, 
    0x9f200782, 0xa2200382, 0x79200b82, 0xa4200782, 0xa3820382, 0x827d0321, 0x82aa2007, 0x82ab2003, 0x82812017, 0x85ac2007, 0xaf002103, 0xad200782, 
    0x00210385, 0x830782ae, 0x82b12003, 0x82832023, 0x82b3200b, 0x82b42003, 0x8287200b, 0x82b62007, 0x82b82003, 0x8289200b, 0x82ba2007, 0x82bd2003, 
    0x828c200b, 0x82bf2007, 0x82c52003, 0x8290200b, 0x82c72007, 0x82cb2003, 0x8297200b, 0x82cd2007, 0x82ce2003, 0x829c200b, 0x82d02007, 0x82d12003, 
    0x829e200b, 0x85d22007, 0x92002103, 0xd7200782, 0x03210385, 0x200782a0, 0x210385da, 0x0782a103, 0x0385dc20, 0x82a20321, 0x82de2007, 0x82df2003, 
    0x82a3203b, 0x85e12007, 0xa5032103, 0xe4200782, 0x03210385, 0x200782a6, 0x210385e7, 0x0782a703, 0x0385eb20, 0x82a80321, 0x85ee2007, 0xa9032103, 
    0xfc200782, 0xfd200382, 0xaa244782, 0x01f60000, 0x03210385, 0x200782ac, 0x21038504, 0x0782ad03, 0x03851020, 0x82ae0321, 0x85132007, 0xaf032103, 
    0x19200782, 0x03210385, 0x200782b0, 0x2103851f, 0x0782b103, 0x03852120, 0x82b20321, 0x85242007, 0xb3032103, 0x25200782, 0x02200385, 0xf6219b82, 
    0x820b8229, 0xb4032103, 0x2a200782, 0x01210385, 0x200782ab, 0x2003822e, 0x208f8230, 0x200782b5, 0x21038537, 0x0782b803, 0x03823b20, 0x17823c20, 
    0x0782b920, 0x03854120, 0x82bb0321, 0x85442007, 0x76002103, 0x47200782, 0x03210385, 0x200782bc, 0x2103854a, 0x0782bd03, 0x03854f20, 0x82be0321, 
    0x85512007, 0xbf032103, 0x53200782, 0x03210385, 0x200782c0, 0x21038554, 0x0782b100, 0x03855520, 0x827b0021, 0x85582007, 0xc1032103, 0x5d200782, 
    0x5e200382, 0xc2208382, 0x62200782, 0x03210385, 0x200782c4, 0x20038264, 0x20178266, 0x200782c5, 0x20038269, 0x200b826b, 0x200782c8, 0x2103856d, 
    0x07827800, 0x03856f20, 0x82cb0321, 0x85742007, 0xcc032103, 0x76200782, 0x03210385, 0x830782cd, 0x82792027, 0x82ce203b, 0x857b200b, 0xd0032103, 
    0x7c200782, 0x00210385, 0x20078279, 0x2103857f, 0x0782d103, 0x03828120, 0x2f828420, 0x0782d220, 0x03828720, 0x0b828920, 0x0782d620, 0x03859620, 
    0x82d90321, 0x85982007, 0xda032103, 0x99200782, 0x00210385, 0x20078277, 0x2103859a, 0x0782b200, 0x03859b20, 0x82db0321, 0x85a02007, 0xdc032103, 
    0xa1200782, 0x00210385, 0x200782a3, 0x210385a7, 0x0782dd03, 0x0385a920, 0x82de0321, 0x85ad2007, 0x7a002103, 0xb6200782, 0xb7200382, 0xdf208382, 
    0xbb200782, 0x00210385, 0x200782a6, 0x210385be, 0x0782e103, 0x0385c020, 0x82e20321, 0x85c32007, 0xe3032103, 0xc4200782, 0x00200385, 0xcf207f83, 
    0x03820b82, 0x82e40321, 0x82e78307, 0xe5032103, 0xd3200b82, 0x03210385, 0x200782e6, 0x210385d5, 0x0782e703, 0x0385d720, 0x82e80321, 0x85d92007, 
    0xe9032103, 0xdd200782, 0x03210385, 0x830782ea, 0x210382ab, 0x0b82aa00, 0x73827b83, 0x82eb0321, 0x824b830b, 0xed032103, 0xe8200b82, 0x03210385, 
    0x200782ee, 0x820382ec, 0xef032113, 0xf0200782, 0xf1200382, 0x0382d782, 0x82f2f621, 0x2103820b, 0x07824500, 0x0385fa20, 0x82f30321, 0x85fc2007, 
    0xf4032103, 0xff240782, 0x00f70000, 0xf5202f82, 0x0b200782, 0x0c240382, 0xf7030000, 0x0e200782, 0x03210385, 0x200782f9, 0x21038514, 0x07827300, 
    0x03851520, 0x4f820320, 0x8217f721, 0x2103820b, 0x0782fb03, 0x03851e20, 0x5b820320, 0x8222f721, 0x2103820b, 0x0782fd03, 0x03822820, 0x00002924, 
    0x0782fe03, 0x03852b20, 0x6f820420, 0x822ef721, 0x002f240b, 0x82010400, 0x823b2007, 0x823c2003, 0x8203200b, 0x853d2007, 0xa1002103, 0x40200782, 
    0x04210385, 0x20078205, 0x21038543, 0x07820604, 0x03854720, 0x82070421, 0x854d2007, 0x08042103, 0x53200782, 0x00210385, 0x2007826f, 0x21038556, 
    0x07820904, 0x03825a20, 0x5f825b20, 0x07820a20, 0x03825e20, 0x0b825f20, 0x07820c20, 0x03856920, 0x820e0421, 0x856b2007, 0x0f042103, 0x72200782, 
    0xeb820382, 0x82100421, 0x827c2007, 0x007d2403, 0x82120400, 0x85802007, 0x75002103, 0x81200782, 0x04210385, 0x20078214, 0x24038283, 0x04000084, 
    0x20078215, 0x20038286, 0x200b8288, 0x20078217, 0x2103858c, 0x07821a04, 0x03829320, 0x17829420, 0x07821b20, 0x03859620, 0x821d0421, 0x859c2007, 
    0x1e042103, 0x9f200782, 0xa0200382, 0x1f202382, 0xa2200782, 0x04210385, 0x20078221, 0x200382a4, 0x201782a6, 0x20078222, 0x200382a9, 0x200b82ab, 
    0x20078225, 0x200382ad, 0x200b82ae, 0x20078228, 0x210385b5, 0x07822a04, 0x0385b620, 0x82710021, 0x85b92007, 0x2b042103, 0xba200782, 0x00210385, 
    0x20078274, 0x210385bd, 0x07822c04, 0x0382bf20, 0x4782c020, 0x07822d20, 0x0385c220, 0x822f0421, 0x82c42007, 0x82c52003, 0x82302017, 0x85c92007, 
    0xa5002103, 0xca200782, 0x04210385, 0x20078232, 0x200382cc, 0x202382ce, 0x20078233, 0x210385d0, 0x07826e00, 0x0385d220, 0x82360421, 0x85d72007, 
    0x46002103, 0xd8200782, 0xda200382, 0x37202f82, 0xe4200782, 0xe6200382, 0x3a200b82, 0xec200782, 0x04210385, 0x2007823d, 0x210385ef, 0x07823e04, 
    0x0385f220, 0x823f0421, 0x85f52007, 0x40042103, 0xf7200782, 0x04210385, 0x20078241, 0x200382fa, 0x244782fb, 0xf8000042, 0x21038502, 0x07824404, 
    0x03820520, 0x17820720, 0x07824520, 0x03850a20, 0x82240121, 0x850b2007, 0x08012103, 0x0c200782, 0x17840385, 0x0b820d20, 0x04210382, 0x20078248, 
    0x2403820f, 0x04000010, 0x20078249, 0x21038512, 0x07824b04, 0x03821520, 0x00001624, 0x07824c04, 0x03851820, 0x824e0421, 0x82282007, 0x822a2003, 
    0x824f2017, 0x852f2007, 0x52042103, 0xc3820782, 0x0382f820, 0x82530421, 0x854a200b, 0x54042103, 0x4c200782, 0x04210385, 0x20078255, 0x21038550, 
    0x07825604, 0x03822783, 0x82570421, 0x8563200b, 0x58042103, 0x6d200782, 0x04210385, 0x20078259, 0x21038579, 0x07825a04, 0x03827b20, 0x77827d20, 
    0x07825b20, 0x03828120, 0x0b828220, 0x07825e20, 0x03828420, 0x0b828720, 0x07826020, 0x03859120, 0x82640421, 0x85972007, 0x65042103, 0xc0200782, 
    0xc1200382, 0x66202382, 0xcc200782, 0x04210385, 0x20078268, 0x210385d9, 0x07826904, 0x0385e520, 0x82580221, 0x85ff2007, 0x6a042503, 0x7ff10100, 
    0x00260384, 0x01001e03, 0x038408f3, 0x0b040022, 0x0d200782, 0x0f240382, 0x58030000, 0x10200782, 0x00220384, 0x07828e01, 0x03841920, 0x66000022, 
    0x21200782, 0x00220384, 0x07827b02, 0x03842620, 0x06040022, 0x27200782, 0x00220384, 0x0782a100, 0x03842d20, 0x49040022, 0x31200782, 0x00220384, 
    0x0782e802, 0x03843220, 0x11020022, 0x36200782, 0x00220384, 0x07824d04, 0x03844b20, 0x7d010022, 0x4e200782, 0x00220384, 0x07829f03, 0x03844f20, 
    0x68200b85, 0x68200b82, 0x4a20ef82, 0x6a200782, 0x00220384, 0x07823f03, 0x03847420, 0xb6010022, 0x77200782, 0x00220384, 0x0782ef02, 0x03847820, 
    0x57030022, 0x81200782, 0x00220384, 0x07825d01, 0x03848220, 0x2f020022, 0x93200782, 0x00220384, 0x07820702, 0x03849720, 0xe6020022, 0x99200782, 
    0x00220384, 0x07829d02, 0x03849e20, 0x1c010022, 0x9f200782, 0x00220384, 0x0782e701, 0x0384a720, 0x83010021, 0x82a820df, 0x00a8240b, 0x821d0300, 
    0x84ad2007, 0x03002203, 0x200782b7, 0x220384b2, 0x820c0300, 0x84b52007, 0x01002203, 0x20078219, 0x220384c0, 0x82ac0200, 0x84c12007, 0x01002203, 
    0x200782cb, 0x220384c2, 0x82350400, 0x84c32007, 0x03002203, 0x200782f8, 0x220384c5, 0x827c0300, 0x84c62007, 0x01002203, 0x2007827b, 0x220384c8, 
    0x82b10200, 0x84ca2007, 0x03002203, 0x20078295, 0x220384cd, 0x823c0200, 0x84d02007, 0x02002203, 0x200782b6, 0x210384d3, 0x8b830200, 0x0b82d420, 
    0xb382d420, 0x0782f420, 0x0384d620, 0x9a030022, 0xd9200782, 0x00220384, 0x0782be03, 0x0384db20, 0x83030021, 0x82e0209b, 0x00e0240b, 0x82240100, 
    0x84e22007, 0x01002203, 0x200782b8, 0x220384e5, 0x82b90100, 0x84e82007, 0x03002203, 0x2007826f, 0x220384eb, 0x82260300, 0x20638307, 0x203b82f4, 
    0x200b8230, 0x260384f7, 0x00370100, 0x8408f401, 0x03002203, 0x200782e1, 0x22038409, 0x82e70300, 0x840e2007, 0x03002203, 0x200782f1, 0x22038415, 
    0x82e60300, 0x841f2007, 0x03002203, 0x20078254, 0x22038441, 0x82600100, 0x824d2007, 0x824e2003, 0x8274205f, 0x84512007, 0x03002203, 0x2007820b, 
    0x21038455, 0x77820300, 0x8264f421, 0x8264200b, 0x821b2023, 0x84652007, 0x02002203, 0x200782f6, 0x2103847b, 0xaf820300, 0x8280f421, 0x0080240b, 
    0x82290300, 0x84892007, 0x02002203, 0x200782d0, 0x2203848e, 0x829a0200, 0x84942007, 0x04002203, 0x20078225, 0x22038499, 0x82860000, 0x211b8307, 
    0x0b85009a, 0x0f829b20, 0x0b869b20, 0x0b829c20, 0x0b869c20, 0x0b82a120, 0x8382a120, 0x0782af20, 0x0384a320, 0x24020022, 0xa7200782, 0x00220384, 
    0x07824b01, 0x0384a920, 0x8b020022, 0xac200782, 0x00220384, 0x07826202, 0x0384b220, 0x05000022, 0xb3200782, 0x00220384, 0x07828101, 0x0384bb20, 
    0xc3010022, 0xbc200782, 0x00220384, 0x07829201, 0x0384be20, 0x99010022, 0xbf200782, 0x00220384, 0x07820903, 0x0384c020, 0xc1200b85, 0xc2200b82, 
    0x6b208f82, 0xc4200782, 0x00210384, 0x20d78301, 0x200b82c5, 0x201782c5, 0x200782db, 0x210384c6, 0x0b830100, 0x0b82cb20, 0x0000cb24, 0x07829402, 
    0x0384cc20, 0x78010022, 0xcd200782, 0x00220384, 0x07825e02, 0x0384ce20, 0x98010022, 0xcf200782, 0x00220384, 0x07822203, 0x0384d420, 0x39010022, 
    0xd6200782, 0x00220384, 0x07820303, 0x0384dc20, 0xf9030022, 0xde200782, 0x00220384, 0x07827e01, 0x0384df20, 0x4c040022, 0xe0200782, 0x00210384, 
    0x20bf8302, 0x240b82e1, 0x040000e1, 0x2007822e, 0x220384e2, 0x82840100, 0x84e62007, 0x02002203, 0x200782b9, 0x220384f0, 0x82280200, 0x84f12007, 
    0x02002203, 0x2007829f, 0x210384f6, 0x8f830100, 0x0b82f720, 0xe382f720, 0x01007023, 0x820682f5, 0x01002203, 0x200b8264, 0x22038401, 0x82970200, 
    0x84042007, 0x02002203, 0x20078287, 0x22038408, 0x82330100, 0x840a2007, 0x01002203, 0x20078234, 0x2203840b, 0x82460200, 0x840c2007, 0x02002203, 
    0x20078227, 0x2203840d, 0x821a0100, 0x84112007, 0x01002203, 0x20078271, 0x22038412, 0x822f0100, 0x84132007, 0x01002203, 0x20078280, 0x22038414, 
    0x82850100, 0x84152007, 0x02002203, 0x2007822b, 0x22038416, 0x823a0100, 0x84172007, 0x01002203, 0x20078295, 0x22038418, 0x82020200, 0x84252007, 
    0x01002203, 0x2007825f, 0x22038427, 0x828f0100, 0x25ff8207, 0x000028f5, 0x0b82ec03, 0x03842c20, 0xae030022, 0xb7830782, 0x00003424, 0x0b826a00, 
    0x03843520, 0x47200b85, 0x47200b82, 0xb1201782, 0x49200782, 0x00220384, 0x0782cf03, 0x03844a20, 0xdc020022, 0x4b200782, 0x00220384, 0x0782ca03, 
    0x03844c20, 0xce030022, 0x4d200782, 0x00220384, 0x0782db03, 0x03844e20, 0xed030022, 0x53200782, 0x00220384, 0x07822601, 0x03846b20, 0x84010022, 
    0x6e200782, 0x00220384, 0x07820303, 0x03847120, 0x73000022, 0x75200782, 0x00220384, 0x07823b02, 0x03847720, 0xfb030022, 0x7b200782, 0x00220384, 
    0x07827e01, 0x03847d20, 0x5a040022, 0x82200782, 0x00220384, 0x0782a900, 0x03848820, 0x78010022, 0x8a200782, 0x00220384, 0x07828d02, 0x03848b20, 
    0xaf000022, 0x8c200782, 0x00220384, 0x07822e02, 0x03849520, 0x46040022, 0x96200782, 0x00220384, 0x07825602, 0x0384a420, 0x86000022, 0xa5200782, 
    0x00220384, 0x0782c201, 0x0384a820, 0x5b000022, 0x6f830782, 0x0000a924, 0x0b822a02, 0x0384aa20, 0x99010022, 0xb1200782, 0x00220384, 0x07826804, 
    0x0384b420, 0x83010022, 0xb6200782, 0x3b850384, 0x0b82b720, 0x3b82b720, 0x07820920, 0x0384b820, 0x83030021, 0x82b9200b, 0x00b9240b, 0x82b70100, 
    0x84bb2007, 0x02002203, 0x20078217, 0x220384bf, 0x826b0100, 0x84c12007, 0x01002203, 0x2007826c, 0x220384cb, 0x82250100, 0x84ce2007, 0x203b8503, 
    0x200b82d5, 0x205f82d5, 0x20078282, 0x220384d6, 0x82810200, 0x84d82007, 0x01002203, 0x2007822d, 0x220384d9, 0x82390000, 0x84e92007, 0x01002203, 
    0x20078265, 0x220384ea, 0x82730100, 0x84fa2007, 0x02002503, 0xf6010060, 0x03829682, 0x5c030022, 0x01200b82, 0x00220384, 0x07827503, 0x03840220, 
    0x64030022, 0x03200782, 0x05240382, 0x5d030000, 0x06200782, 0x00220384, 0x07826103, 0xf624db82, 0x02000009, 0xf6215b82, 0x240f820a, 0x0300000a, 
    0x2007828b, 0x2103840d, 0x5f830300, 0x0b821020, 0x00001024, 0x0782c901, 0xf621f382, 0x20238217, 0x200b8271, 0x22038418, 0x82730300, 0x84192007, 
    0x03002203, 0x20078272, 0x2103841b, 0xb3820300, 0x821cf621, 0x821c200b, 0x8267202f, 0x841d2007, 0x03002203, 0x20078266, 0x22038420, 0x82330300, 
    0x84222007, 0x03002203, 0x20078288, 0x22038426, 0x82560300, 0x842b2007, 0x03002203, 0x20078298, 0x2203842c, 0x825b0300, 0x842d2007, 0x03002203, 
    0x20078287, 0x2203842e, 0x82930300, 0x204b8307, 0x206b8233, 0x200b8255, 0x22038436, 0x827d0300, 0x84422007, 0x01002203, 0x200782c8, 0x22038444, 
    0x827e0300, 0x84812007, 0x03002203, 0x20078213, 0x21038486, 0x1f830200, 0x0b828a20, 0x00008a24, 0x07823904, 0x03848d20, 0x83020021, 0x8290204f, 
    0x8290200b, 0x8289205f, 0x84912007, 0x01002203, 0x200782ba, 0x22038496, 0x82100200, 0x84972007, 0x03002203, 0x830782a6, 0x009824b7, 0x820f0200, 
    0x849a200b, 0x00002203, 0x200782a2, 0x2203849c, 0x82fd0300, 0x200f8307, 0x202382a2, 0x830b823a, 0x82a62033, 0x82b8205f, 0x84aa200b, 0x03002203, 
    0x2007820d, 0x220384ab, 0x82580100, 0x84ac2007, 0x02002203, 0x200782cf, 0x220384ad, 0x822a0300, 0x84b22007, 0x02002203, 0x20078235, 0x220384b4, 
    0x82540400, 0x84b62007, 0x03002203, 0x20078231, 0x220384bd, 0x82370400, 0x84bf2007, 0x02002203, 0x2007827e, 0x220384c1, 0x827f0200, 0x84cc2007, 
    0x02002203, 0x20078243, 0x220384ce, 0x823e0300, 0x84d02007, 0x03002203, 0x200782d4, 0x220384d2, 0x826a0100, 0x84e12007, 0x01002203, 0x200782da, 
    0x220384e3, 0x82270100, 0x84eb2007, 0x03002203, 0x20078285, 0x220384ec, 0x82840300, 0x84f02007, 0x04002203, 0x2007822d, 0x260384fb, 0x00ba0300, 
    0x84e0f701, 0x00002203, 0x2007826a, 0x850384e1, 0x82e2200b, 0x00e2210b, 0xe3200b85, 0xe3200b82, 0xe4200b86, 0xe4200b82, 0xe5200b86, 0xe5200b82, 
    0xb7200b82, 0xe6200782, 0x00220384, 0x0782b700, 0x0384e720, 0xe8200b85, 0xe8200b82, 0xe9202386, 0xe9200b82, 0xea200b86, 0xea200b82, 0xeb200b86, 
    0xeb200b82, 0xf9230b85, 0x8201000d, 0x00002203, 0x20078286, 0x8503840e, 0x8216200b, 0x0016240b, 0x82210300, 0x841a2007, 0x00002203, 0x200782ab, 
    0x22038423, 0x82620300, 0x84292007, 0x03002203, 0x20078263, 0x22038441, 0x82450300, 0x82422007, 0x00432403, 0x821f0400, 0x84442007, 0x02002203, 
    0x2007820c, 0x2203844e, 0x829f0000, 0x84532007, 0x04002203, 0x2007823b, 0x22038455, 0x82180400, 0x845a2007, 0x04002203, 0x20078243, 0x22038477, 
    0x82fa0200, 0x84902007, 0x01002203, 0x2007820f, 0x2203849b, 0x82f00300, 0x84a62007, 0x03002203, 0x200782f6, 0x220384b4, 0x82a00300, 0x84b72007, 
    0x03002203, 0x20078299, 0x220384cd, 0x82fc0100, 0x84e02007, 0x03002203, 0x200782a2, 0x850384e1, 0x82e620ef, 0x82e6200b, 0x82d920ef, 0x84e92007, 
    0x01002203, 0x200782d7, 0x220384ea, 0x82d30200, 0x84ec2007, 0x02002203, 0x200782c1, 0x210384ed, 0x07830100, 0x0b82ef20, 0x0000ef24, 0x0782dc01, 
    0xf0209383, 0x2f204782, 0xf2200b82, 0x00220384, 0x07826601, 0x0384f320, 0x83010021, 0x82f920a3, 0x82f9200b, 0x82052023, 0x84fb2007, 0x03002103, 
    0x03859b83, 0xd1000022, 0xfe201382, 0x00260384, 0x01002003, 0x038479fa, 0xb8020022, 0x7a200782, 0x00220384, 0x0782b301, 0x03848020, 0x17000022, 
    0x91200782, 0x00220384, 0x0782e203, 0x03849b20, 0x27030022, 0xb6200782, 0x00220384, 0x07820f03, 0xfa21b782, 0x257782c1, 0x020600ad, 0x0082000a, 
    0x00000122, 0x08820282, 0x01230289, 0x85000200, 0x20078700, 0x87009600, 0x82032039, 0x0004241f, 0x82060005, 0x23028507, 0x00080007, 0x09320087, 
    0x0b000a00, 0x0d000c00, 0x0f000e00, 0x11001000, 0x1a841200, 0x14001326, 0x16001500, 0x3208bb82, 0x00190018, 0x001b001a, 0x001d001c, 0x001f001e, 
    0x00210020, 0x00230022, 0x00250024, 0x00270026, 0x00290028, 0x002b002a, 0x002d002c, 0x002f002e, 0x84310030, 0xbf048741, 0xbb47873f, 0x84322007, 
    0x8237203c, 0x00362405, 0x82480034, 0x20028707, 0x20088653, 0x9d078633, 0x00352206, 0x20208e38, 0x220f823b, 0x823d003c, 0x00002205, 0x8305843a, 
    0x00442404, 0x833f003e, 0x21039f08, 0x219f6a04, 0x88201f86, 0x03870782, 0x0000f82b, 0x0000fc01, 0x00004c03, 0x25168204, 0x0000b804, 0x03822c05, 
    0x0000b024, 0x03822006, 0x0000ac24, 0x03825807, 0x0000e423, 0x28338208, 0x00002409, 0x00007c09, 0x2013820a, 0x293b820a, 0x0000540b, 0x0000c80b, 
    0x0382240c, 0x0000e028, 0x0000f00d, 0x03825c0e, 0x0f255382, 0x100000a8, 0x23038220, 0x11000098, 0x11205c82, 0x12242782, 0x12000040, 0x13246382, 
    0x13000030, 0x13205b82, 0x14242782, 0x14000074, 0x15285f82, 0x15000078, 0x160000ec, 0x17241782, 0x1800003c, 0x18213382, 0x24078264, 0x190000d8, 
    0x24038238, 0x1a0000c4, 0x2403824c, 0x1b0000b4, 0x2303821c, 0x1c0000dc, 0x1d202b82, 0x1e283782, 0x1e00000c, 0x1f0000d0, 0x1f201f82, 0x20208782, 
    0x21298382, 0x21000008, 0x22000048, 0x82038210, 0x2c232c2b, 0x7c230000, 0x70240000, 0x82260000, 0xe826241b, 0x82270000, 0x9c28284b, 0xc0290000, 
    0x822a0000, 0x822b203b, 0x822b202b, 0x822c2047, 0xa82c257f, 0x142d0000, 0x80200382, 0x97820382, 0x53822e20, 0xf3822e20, 0x00bc2f24, 0x13823000, 
    0x5b823120, 0x1f823220, 0x0064322d, 0x00b43200, 0x00683300, 0x82943500, 0x2ccb8203, 0x00003436, 0x0000d436, 0x00009837, 0x20538238, 0x24e38238, 
    0x0000dc38, 0x202b8239, 0x20778239, 0x2473823a, 0x00006c3b, 0x204f823b, 0x2447823c, 0x0000243d, 0x206f823d, 0x2083823e, 0x241b823e, 0x0000e03e, 
    0x2083823f, 0x2d6b823f, 0x0000c840, 0x00004041, 0x0000cc42, 0x03820444, 0x45205382, 0x46200382, 0x48205f82, 0x49205b82, 0x4a202782, 0x4b202f82, 
    0x4c209382, 0x4d28a382, 0x4e0000f4, 0x4f0000ac, 0x51209382, 0x52241382, 0x5300008c, 0x5424f782, 0x54000030, 0x55244382, 0x56000088, 0x57246382, 
    0x58000058, 0x5820bf82, 0x59283b82, 0x59000084, 0x5a0000ec, 0x5b25b782, 0x5c000080, 0x82038200, 0x825d2043, 0x905e242b, 0x825f0000, 0x2c612883, 
    0x60620000, 0x82630000, 0x82642057, 0x826620c3, 0x50672c9b, 0xa4670000, 0xf0680000, 0x826a0000, 0x4c6b244b, 0x826c0000, 0xfc6c2467, 0x826e0000, 
    0x0c6f24b3, 0x826f0000, 0x687028f7, 0x1c710000, 0x82720000, 0x82732053, 0x2875296f, 0x44760000, 0x08770000, 0x93820382, 0xb3827820, 0x83827920, 
    0x00747a24, 0x6f827b00, 0x37827c20, 0x00487d24, 0xdf827e00, 0x00547f24, 0x43827f00, 0x1b828020, 0x00f88024, 0x73828100, 0x33828120, 0x00a88224, 
    0x57828400, 0x43828520, 0x00788524, 0x93828500, 0x0b828620, 0x27828620, 0x83828720, 0x67828720, 0x3b828920, 0x00948c24, 0xd0828e00, 0x00048f24, 
    0x37828f00, 0x1f829120, 0x63829320, 0x33829420, 0x00a09524, 0x63829700, 0x00209824, 0x5b829800, 0x00989a24, 0x87829b00, 0x7b829c20, 0x2b829e20, 
    0x0058a024, 0x3782a100, 0x4b82a120, 0xbb82a220, 0x7b82a420, 0x0038a524, 0x2782a600, 0xf382a720, 0x1382a820, 0x0088a924, 0x5382aa00, 0x6782ab20, 
    0x4782ad20, 0x0f82ae20, 0xff82b020, 0xb382b120, 0xe782b320, 0x00b0b328, 0x003cb400, 0xd382b500, 0x3382b520, 0x00d8b624, 0x4f82b700, 0x0040b824, 
    0x6782b900, 0x2b82b920, 0x3782bb20, 0x8782bc20, 0x009cbc24, 0x5b82bd00, 0x00ecbe24, 0x1382c000, 0x0070c124, 0x8f82c200, 0x0064c324, 0xc382c400, 
    0x4b82c520, 0x008cc624, 0xdf82c700, 0x00d0c724, 0x2f82c800, 0xa382c920, 0x5782ca20, 0x00c4cb24, 0x1b82cc00, 0x6b82cd20, 0x5782ce20, 0x00d4ce24, 
    0xe382cf00, 0xe382d020, 0xef82d120, 0x6f82d220, 0x0018d330, 0x00c8d300, 0x00b8d400, 0x00b4d500, 0x2782d600, 0x0080d724, 0x6782d800, 0x007cd924, 
    0x2b82da00, 0x0f82db20, 0x2782dc20, 0x3f82dc20, 0x0b82dd20, 0xc382de20, 0x5b82de20, 0x9f82e020, 0x1782e120, 0xe782e220, 0x1782e320, 0x0050e424, 
    0xa382e500, 0x00a4e628, 0x00cce700, 0xf782e900, 0x00f8ea29, 0x006ceb00, 0x8200ec00, 0x249b8203, 0x000014ed, 0x201782ee, 0x20fb82ef, 0x204f82ef, 
    0x206382f0, 0x214f82f1, 0xd762acf1, 0x82f32005, 0x68f4246f, 0x82f40000, 0x54f5245f, 0x82f60000, 0xe4f6212f, 0x2c051757, 0x00002cf8, 0x000098f8, 
    0x000024f9, 0x20bb82fa, 0x24cb82fb, 0x000004fc, 0x20cb82fc, 0x20e382fd, 0x208782fd, 0x291b82fe, 0x010044ff, 0x01006c00, 0x03825c01, 0x0100d428, 
    0x01008c02, 0x03824c03, 0x01008824, 0x03822404, 0x0100bc24, 0x03827405, 0x0100ec28, 0x01000407, 0x03821c08, 0x0100f823, 0x2c2b8209, 0x0100b00a, 
    0x0100900b, 0x0100a80c, 0x250b820d, 0x0100b80e, 0x0382300f, 0x0100f424, 0x03825010, 0x0100e027, 0x0100cc11, 0x251f8212, 0x0100c413, 0x03823814, 
    0x0100ac23, 0x295f8215, 0x0100c815, 0x01007016, 0x03821017, 0x18254f82, 0x1a0100c0, 0x82038228, 0x401b242f, 0x821c0100, 0x821d203f, 0x081e2493, 
    0x831f0100, 0x00b42303, 0x0f822001, 0x03822120, 0x03832220, 0x0100e827, 0x01005824, 0x24338225, 0x0100a425, 0x21c78226, 0x07829426, 0x0100e423, 
    0x248b8227, 0x01008428, 0x24238228, 0x01005429, 0x24078229, 0x01007c2a, 0x306f822b, 0x0100342c, 0x0100d02c, 0x0100682f, 0x01002c30, 0x24d38231, 
    0x0100dc31, 0x240b8232, 0x0100fc32, 0x24cf8233, 0x01006034, 0x20c78235, 0x24878236, 0x01001837, 0x28c78237, 0x01004838, 0x0100ec38, 0x20578239, 
    0x2073823a, 0x2037823b, 0x2417823b, 0x0100a03c, 0x2453823d, 0x0100203e, 0x2497823f, 0x01009840, 0x245f8241, 0x01008c42, 0x20338243, 0x20278244, 
    0x20db8244, 0x24838245, 0x01008846, 0x281b8247, 0x01001c48, 0x0100b848, 0x20af8249, 0x207b824a, 0x207b824c, 0x20c3824c, 0x24c3824d, 0x01000c4e, 
    0x202f824e, 0x209f824f, 0x20f38250, 0x200f8252, 0x243b8252, 0x0100c453, 0x244f8254, 0x0100a854, 0x24478255, 0x0100c855, 0x205b8256, 0x21a38256, 
    0x0b828056, 0x0100f023, 0x20b78257, 0x208f8257, 0x20538257, 0x244f8258, 0x01004c59, 0x24af825a, 0x0100785b, 0x245b825c, 0x0100005d, 0x2877825d, 
    0x0100705e, 0x0100bc5f, 0x20038260, 0x20238261, 0x203b8261, 0x201b8263, 0x24778263, 0x01001065, 0x24678266, 0x0100b067, 0x20cb8268, 0x203b8269, 
    0x2957826a, 0x0100f86a, 0x0100906b, 0x0382246c, 0x6d204382, 0x6d207782, 0x6e240782, 0x6e010038, 0x70240782, 0x70010030, 0x71247382, 0x720100ac, 
    0x73249f82, 0x74010074, 0x7525a382, 0x76010050, 0x23038228, 0x770100cc, 0x77205b82, 0x7824c782, 0x7a0100f4, 0x7a204782, 0x7b206f82, 0x7c20e382, 
    0x7d28d382, 0x7e010018, 0x7f01007c, 0x8024a782, 0x8001001c, 0x81206b82, 0x82202382, 0x8224ff82, 0x830100d4, 0x84208782, 0x84201782, 0x85203382, 
    0x86208f82, 0x87206f82, 0x88200782, 0x88201f82, 0x89207f82, 0x8a200382, 0x8a20eb82, 0x8b20a782, 0x8b284782, 0x8c0100fc, 0x8d0100a0, 0x8e20df82, 
    0x8e207782, 0x8f204f82, 0x8f240782, 0x90010094, 0x91207382, 0x93205382, 0x94203b82, 0x9520c782, 0x9620ab82, 0x97258382, 0x97010014, 0x28038280, 
    0x980100ec, 0x99010054, 0x27038220, 0x9a0100e4, 0x9b010070, 0x9c245f82, 0x9c01005c, 0x9d205782, 0x9e202382, 0x9f242b82, 0x9f01002c, 0xa0200f82, 
    0xa1203b82, 0xa2209f82, 0xa3209382, 0xa4207b82, 0xa5245f82, 0xa6010088, 0xa720eb82, 0xa7202382, 0xa8281f82, 0xa9010094, 0xaa01008c, 0xab249382, 
    0xab01003c, 0xad24a782, 0xae010068, 0xae20e382, 0xaf316f82, 0xb00100a4, 0xb101006c, 0xb2010034, 0xb3010044, 0x82038200, 0x82b5203f, 0xe0b52853, 
    0x48b60100, 0x82b70100, 0x82b8202b, 0xbcb92417, 0x82bb0100, 0x82bb2007, 0xd8bc289b, 0xf4be0100, 0x82bf0100, 0x82c020cf, 0x82c1203f, 0x82c2209b, 
    0x82c420cf, 0x82c420db, 0x82c5203f, 0x82c5204b, 0x82c6205f, 0x84c82497, 0x82c90100, 0xc0c9245f, 0x82ca0100, 0x82cb202b, 0x82cb20df, 0x82cd208f, 
    0x82ce204b, 0x82cf200f, 0x82d02037, 0x82d120a3, 0x82d22003, 0x04d42857, 0xb0d50100, 0x82d60100, 0x90d7245f, 0x82d80100, 0x82d82053, 0xbcd924ef, 
    0x82da0100, 0x82db204b, 0x10dc253f, 0x5cdd0100, 0xcf820382, 0xe382de20, 0xaf82df20, 0x00c8df25, 0x8258e001, 0x20278203, 0x205f82e1, 0x200782e2, 
    0x204f82e3, 0x288b82e4, 0x0100d0e4, 0x010088e5, 0x241f82e6, 0x0100f0e6, 0x20f782e7, 0x24d782e8, 0x01001ce9, 0x204b82ea, 0x200f82ea, 0x20c382eb, 
    0x24a782ec, 0x010014ed, 0x24d782ed, 0x010040ee, 0x24eb82ee, 0x0100a8ef, 0x292382f0, 0x010070f0, 0x010068f1, 0x038228f2, 0x0100ac23, 0x20b782f3, 
    0x208382f4, 0x281382f5, 0x010078f6, 0x010060f7, 0x209f82f8, 0x20d782fc, 0x2ceb82fd, 0x02006cff, 0x0200d400, 0x02004802, 0x2c038203, 0x02001c04, 
    0x02006005, 0x02004006, 0x25038207, 0x02005808, 0x03821809, 0x0200f023, 0x3007820b, 0x0200e40b, 0x0200b00c, 0x0200800d, 0x0200500e, 0x292f820f, 
    0x0200e810, 0x0200b411, 0x03822413, 0x0382ac20, 0x0200ec27, 0x0200c014, 0x20478215, 0x24178216, 0x02005c17, 0x244b8218, 0x02000019, 0x28178219, 
    0x0200741a, 0x0200bc1b, 0x2003821c, 0x283f821d, 0x0200a41d, 0x0200fc1d, 0x206b821e, 0x2c3f821e, 0x0200081f, 0x0200dc1f, 0x02009420, 0x2d638221, 
    0x0200f421, 0x0200d022, 0x02007c23, 0x03829c24, 0x25245f82, 0x26020088, 0x27248f82, 0x27020010, 0x28201382, 0x29280782, 0x2902002c, 0x2a0200cc, 
    0x2a209b82, 0x2b29d382, 0x2b020064, 0x2d0200d8, 0x8203823c, 0x382e246b, 0x822e0200, 0x842f2457, 0x82300200, 0x82312013, 0x82322003, 0x823320b3, 
    0x82342067, 0x823520ab, 0x8236201f, 0x8237206f, 0x8237200b, 0x82382027, 0xa839244b, 0x823b0200, 0x783c24b7, 0x823d0200, 0x823d20c7, 0x823e2047, 
    0x8c3f25c3, 0x14400200, 0x27820382, 0x00b04128, 0x00c44202, 0x4f824402, 0xe7824520, 0x00284625, 0x82204702, 0x203f8203, 0x208b8248, 0x24178249, 
    0x0200444a, 0x202f824b, 0x2037824b, 0x2863824c, 0x0200e44c, 0x0200904d, 0x20a7824e, 0x251f8250, 0x02006851, 0x03823052, 0x0200f023, 0x249f8253, 
    0x0200fc53, 0x247b8254, 0x02005855, 0x20178256, 0x28ef8257, 0x02003458, 0x0200d058, 0x200b8259, 0x2833825b, 0x0200085c, 0x02007c5c, 0x2073825d, 
    0x209f825e, 0x2007825f, 0x282b8260, 0x02001861, 0x0200ec61, 0x206b8263, 0x209b8264, 0x28838265, 0x0200f866, 0x02007067, 0x24978268, 0x02002c69, 
    0x203b826a, 0x2063826a, 0x2047826c, 0x20a7826c, 0x209f826d, 0x2007826d, 0x243f826f, 0x0200e06f, 0x25e78270, 0x02004872, 0x03820c73, 0x74204b82, 
    0x75204782, 0x76247b82, 0x7702006c, 0x77204382, 0x78204f82, 0x79205782, 0x7924cb82, 0x7c0200dc, 0x7d20db82, 0x7e245f82, 0x7f0200c0, 0x80202b82, 
    0x81242782, 0x820200c8, 0x82202382, 0x83246782, 0x850200d8, 0x8620a382, 0x87202382, 0x87256382, 0x890200f4, 0x82038224, 0x828a20e3, 0x828a20b7, 
    0x828b207b, 0x008d283b, 0x908d0200, 0x828e0200, 0x388f24d7, 0x828f0200, 0x82902043, 0x8291205f, 0x82922093, 0x1c942403, 0x82940200, 0x6096244b, 
    0x82970200, 0x68982473, 0x82990200, 0xd4992413, 0x829a0200, 0xe89b29b3, 0x849c0200, 0x4c9d0200, 0x63820382, 0x00889e25, 0x8204a002, 0x24778203, 
    0x020058a1, 0x203782a2, 0x209382a3, 0x20f782a4, 0x203382a4, 0x206782a5, 0x20cb82a7, 0x207f82a8, 0x241b82a9, 0x020098aa, 0x281b82ab, 0x020074ac, 
    0x020010ad, 0x204782ae, 0x205f82b0, 0x20bb82b1, 0x20b782b2, 0x207b82b2, 0x246382b3, 0x020018b5, 0x20e782b5, 0x24e782b6, 0x0200e4b6, 0x20a382b7, 
    0x201b82b8, 0x244f82b9, 0x0200ecba, 0x201f82bc, 0x204782bd, 0x280382be, 0x020044bf, 0x0200c4bf, 0x202782c0, 0x249b82c1, 0x02002cc2, 0x207b82c2, 
    0x280382c3, 0x020034c5, 0x020020c6, 0x201382c7, 0x208382c7, 0x20a782c8, 0x20a782c9, 0x201782cb, 0x20bf82cb, 0x204782cd, 0x20e782ce, 0x20c782ce, 
    0x284382cf, 0x0200fcd0, 0x0200a8d2, 0x206382d3, 0x280382d4, 0x0200f0d5, 0x02008cd7, 0x200382d9, 0x20ff82da, 0x208382db, 0x241f82dd, 0x020000df, 
    0x20e782e1, 0x201382e2, 0x20c782e4, 0x205782e5, 0x240382e6, 0x0200c0e7, 0x200f82e9, 0x20f382e9, 0x2c5b82eb, 0x0200aceb, 0x020038ed, 0x0200c8ee, 
    0x200382ef, 0x204782f1, 0x205782f3, 0x281b82f6, 0x02000cf7, 0x02009cf8, 0x242382f9, 0x0200a4fa, 0x24af82fb, 0x0200b4fc, 0x254382fd, 0x020048fe, 
    0x038230ff, 0x0300f02c, 0x0300fc00, 0x03008801, 0x03821402, 0x0300d824, 0x03820804, 0x0300f823, 0x34038205, 0x0300a006, 0x03005007, 0x03006808, 
    0x03008c09, 0x0300a80a, 0x2923820b, 0x0300800d, 0x03004c0e, 0x03821c0f, 0x0300cc28, 0x03008411, 0x03823412, 0x0300b827, 0x03009c13, 0x282b8214, 
    0x03005815, 0x03000417, 0x24138218, 0x03007419, 0x203b821a, 0x2013821b, 0x2c33821c, 0x0300301d, 0x0300c81d, 0x03005c1e, 0x20378220, 0x20538220, 
    0x24378221, 0x03004822, 0x28138223, 0x03007024, 0x03005425, 0x24138226, 0x0300c027, 0x248b8228, 0x03009829, 0x2047822a, 0x248f822b, 0x03000c2c, 
    0x2047822d, 0x24b3822e, 0x0300002f, 0x24a7822f, 0x03006030, 0x20178231, 0x20278231, 0x24d78232, 0x03009033, 0x244b8235, 0x03006437, 0x202b8239, 
    0x281b823a, 0x03007c3c, 0x0300b43d, 0x208b823e, 0x2c4b823f, 0x03007840, 0x0300a442, 0x0300dc43, 0x283f8245, 0x03006c46, 0x0300e046, 0x28178247, 
    0x0300e848, 0x03002c4a, 0x2c87824b, 0x0300444c, 0x0300bc4d, 0x0300944f, 0x282f8250, 0x03004051, 0x03002852, 0x200b8254, 0x242f8255, 0x0300b057, 
    0x2823825a, 0x0300ec5a, 0x0300d45b, 0x242b825c, 0x0300805d, 0x2083825e, 0x20ff825f, 0x20138260, 0x20778261, 0x24738262, 0x03005063, 0x202b8264, 
    0x28838265, 0x03005867, 0x0300fc67, 0x209b8269, 0x200b826a, 0x2403826b, 0x0300046c, 0x2cef826c, 0x0300386e, 0x0300d06e, 0x0300ac6f, 0x202b8270, 
    0x24cb8271, 0x03008873, 0x20978274, 0x205f8275, 0x20d78276, 0x20878279, 0x242f827a, 0x0300347b, 0x2407827c, 0x0300087d, 0x201b827d, 0x2097827e, 
    0x2443827e, 0x03002480, 0x20478282, 0x20478282, 0x20378283, 0x243f8284, 0x0300c084, 0x20138286, 0x20e38287, 0x28878289, 0x03003c8a, 0x0300188b, 
    0x2097828c, 0x201f828d, 0x2c8b828e, 0x03008c8f, 0x0300f090, 0x03001092, 0x20d38293, 0x24f78295, 0x03002097, 0x201f8298, 0x240b8299, 0x0300d89a, 
    0x207b829c, 0x2477829d, 0x03006c9e, 0x206f829f, 0x200782a0, 0x204782a3, 0x207382a4, 0x2c2b82a5, 0x030028a6, 0x0300e0a6, 0x030098a7, 0x201f82a8, 
    0x205f82a9, 0x209382aa, 0x206f82ac, 0x24f382ac, 0x030054ae, 0x249782ae, 0x030048b0, 0x208782b1, 0x2c2382b1, 0x030080b3, 0x0300f4b3, 0x030068b4, 
    0x242782b5, 0x0300c8b5, 0x247382b7, 0x03004cb8, 0x20b782b8, 0x24b382b9, 0x030000ba, 0x247f82ba, 0x030074bc, 0x2c2782bd, 0x030070be, 0x0300dcbe, 
    0x0300a0bf, 0x205f82c0, 0x207782c2, 0x208782c3, 0x202782c5, 0x205782c6, 0x203782c7, 0x2c8382c8, 0x03009cc9, 0x0300e4ca, 0x030084cb, 0x20a382cc, 
    0x20df82cc, 0x209382cd, 0x203782cd, 0x204b82ce, 0x206f82cf, 0x204782cf, 0x202382d0, 0x20cb82d1, 0x25c382d2, 0x0300bcd3, 0x038260d4, 0xd6202b82, 
    0xd7240f82, 0xd80300e8, 0xd925ff82, 0xda030058, 0x27038214, 0xdb0300b4, 0xdc0300a8, 0xdd24cb82, 0xdd03001c, 0xde241f82, 0xdf0300cc, 0xe0203382, 
    0xe1200b82, 0xe5204782, 0xe620df82, 0xe7245382, 0xe903008c, 0xe9243382, 0xea03007c, 0xeb202b82, 0xec203b82, 0xed20cf82, 0xee244f82, 0xef0300b0, 
    0xf1202382, 0xf220b782, 0xf324eb82, 0xf4030080, 0xf520af82, 0xf620ab82, 0xf6245b82, 0xf70300f4, 0xf8207382, 0x4a08af82, 0x050064f9, 0xc0ff0000, 
    0xc0018001, 0x18001400, 0x20001c00, 0x00002400, 0x07062101, 0x16110706, 0x21171617, 0x37363736, 0x26272611, 0x27010f27, 0x07170733, 0x17371311, 
    0x37273723, 0xfe500111, 0x0d0e14e0, 0x0e0d0101, 0x87200114, 0x5a362f09, 0x5adab359, 0x5a59275a, 0x5959d9b3, 0x1d83c001, 0x8860fe21, 0x83a02027, 
    0x86402909, 0x86863a86, 0xbafe0c01, 0x2d080884, 0x0000f4fe, 0x18000200, 0x6800e1ff, 0x1300a001, 0x00002500, 0x31373237, 0x34113536, 0x22232627, 
    0x011d0607, 0x33161714, 0x31072215, 0x09831506, 0x36373223, 0x231a8235, 0x090e4027, 0x0e200082, 0x11250585, 0x0b0c0c0b, 0x22058511, 0x82090960, 
    0x24178598, 0x090a0eff, 0x27198430, 0x100c0b0b, 0x010b0c10, 0x6f826e82, 0xe0ff0022, 0xa2249e82, 0x59005400, 0x2322f182, 0xe3823637, 0x06072624, 
    0x0a8b010f, 0x71837c82, 0x07013b22, 0x0a868783, 0x16170622, 0x36248e82, 0x0733013f, 0x32210a83, 0x860a8333, 0x012b2393, 0x0a863337, 0x23072333, 
    0x01073337, 0x010a3aa0, 0x0d0e0707, 0x0b030a0b, 0x200a895f, 0x219d8545, 0x0887153a, 0x02231a84, 0x86071903, 0x8f0a8425, 0x5f9b2725, 0x01155f15, 
    0x4d823b41, 0x82020221, 0x89452055, 0x0a092209, 0x2052820d, 0x21068380, 0x16830908, 0x02020323, 0x201f8419, 0x21078203, 0x1d850909, 0x0f0d0928, 
    0x80c00a0a, 0x00820080, 0x0c000137, 0x3401c0ff, 0x7300c001, 0x32130000, 0x1d163117, 0x32333201, 0x83dd8233, 0x060725e1, 0x26270607, 0x22220182, 
    0x0b832623, 0x1f211383, 0x821c8a01, 0x14152e14, 0x22230607, 0x013d2627, 0x15263130, 0x822d8331, 0x36372303, 0x2d833637, 0x83161721, 0x22418209, 
    0x8a012f26, 0x2614821a, 0x36373435, 0x82a03133, 0x023108b0, 0x09010101, 0x0c0b1211, 0x04030707, 0x070d0b0b, 0x020a0e0e, 0x1a1d3102, 0x03030202, 
    0x0330190a, 0x14171816, 0x060c0e16, 0x19121106, 0x09091814, 0x3334820e, 0x1a191401, 0x04050c15, 0x0c0b0605, 0x1516110c, 0x191b3110, 0x12242f90, 
    0x16141913, 0x01212f82, 0x200482c0, 0x204d8224, 0x245f8302, 0x0306070d, 0x39008202, 0x120a0c07, 0x0806050f, 0x05010c0e, 0x0e0c0809, 0x1d1f1b1a, 
    0x080a1413, 0x98412103, 0x01232b05, 0x07070301, 0x0c0c0609, 0x68820c0d, 0x06060724, 0x32820603, 0x06051024, 0x32880f07, 0x131d2027, 0x02080913, 
    0x23328223, 0x03000000, 0x00330382, 0x80018001, 0x25001300, 0x00003700, 0x31232601, 0x42010722, 0x013a07b4, 0x27343536, 0x31373605, 0x27263736, 
    0x07062726, 0x17160706, 0x06051716, 0x09853107, 0x85373621, 0x77012619, 0x0a0d0d0a, 0x83b782fe, 0x40012d07, 0xc9fe0909, 0x0112121b, 0x1b121201, 
    0x01210787, 0x20119000, 0x20278277, 0x233183c0, 0x40010909, 0x77200783, 0x2e83308b, 0x108f8020, 0x00010033, 0x01e0ff17, 0x00a001a8, 0x2500003c, 
    0x2f222306, 0x09d34101, 0x2305db41, 0x013f3637, 0x2630ae82, 0x16173637, 0x3435011f, 0x32333637, 0x011d1617, 0x2305e541, 0x010f0607, 0x162ac482, 
    0x0aa10107, 0x75080812, 0xba820909, 0x08760a34, 0x060a1208, 0x750c0303, 0x04030c75, 0x06140d06, 0xba417606, 0x06762605, 0x070a1506, 0x29198204, 
    0x03030c76, 0x04105007, 0x71418945, 0x45893105, 0x0c0c1004, 0x4444070d, 0x0c0c0d07, 0x03010212, 0x03231989, 0x89120201, 0x00002d1b, 0x10000100, 
    0xb001f0ff, 0x29009001, 0x1424b782, 0x2b063107, 0x2323b88a, 0x83262722, 0x8a3b20a8, 0x22b483ae, 0x82b00115, 0x85902085, 0x85902089, 0x200d8a76, 
    0x911182c0, 0x32318615, 0x00020000, 0x01e1ff00, 0x00a00140, 0x00270013, 0x82061300, 0x15072e75, 0x17161716, 0x37363736, 0x26272635, 0x83138527, 
    0x83352009, 0x291b8313, 0x2d44a015, 0x2d02022d, 0x0787442d, 0x1b016028, 0x1b29291b, 0x0788011b, 0x1e83a020, 0x1f877f20, 0xfe210884, 0x202187e0, 
    0x20088880, 0x2cf78200, 0xe0fffeff, 0xa5010001, 0x00002400, 0x88f78521, 0x431120ec, 0x372405b0, 0x36013f36, 0x11209582, 0x0020f285, 0xd983c082, 
    0x402f0682, 0x0d0c0c2e, 0x02030708, 0x1110600b, 0x82400110, 0x084245ef, 0x1f240122, 0x20831883, 0x090a4026, 0xa0fe1309, 0x00233082, 0x82fbff01, 
    0x0140246f, 0x862b00a1, 0x2123216f, 0x6082de82, 0x22053045, 0x4206010f, 0x7285051b, 0x06071624, 0x7685010f, 0x3e824020, 0x00ff2208, 0x0f070915, 
    0x010218c1, 0x23241715, 0x0d0b231a, 0x01090a0c, 0x2d230901, 0x25293f40, 0x882a0302, 0x2d8285b0, 0x0f141301, 0x1f2018b9, 0x01021b1b, 0x22832018, 
    0x1f292a83, 0x2f05022a, 0x2a38392e, 0x834b8282, 0x84ff20fb, 0x00a02b8b, 0x25000037, 0x06310706, 0xfb822307, 0x42262721, 0xf1820589, 0x41433320, 
    0x84232007, 0x090642a3, 0x16171622, 0x05829782, 0x4001173f, 0x3a262701, 0x1b1b2450, 0x0605040b, 0x0c0b0d0d, 0x501e0b04, 0x0114141f, 0x1f141401, 
    0x21af8368, 0x14419e84, 0x84f02005, 0x3916280c, 0x68022627, 0x8227263a, 0x0d212a1f, 0x04050b0c, 0x1c0c0606, 0x200d8202, 0x2335841f, 0x780f1513, 
    0x20055042, 0x830a8301, 0x8300205d, 0x82fc20ab, 0x018024ab, 0x422f00a2, 0x3721169f, 0x06254513, 0x54439882, 0x82332009, 0x011522a3, 0x20508280, 
    0x2f548520, 0x090a11e0, 0x0c068007, 0x040c0d0c, 0xad6a0504, 0x20201585, 0x7220a182, 0x52200382, 0x5225a985, 0x010f0f0f, 0x8320830f, 0x8ee02128, 
    0x8e241585, 0x0d090901, 0x24083342, 0x00a00140, 0x20374135, 0x26272231, 0x3736013f, 0x16173233, 0x06071415, 0x8307012b, 0x05354191, 0x24503924, 
    0x35411c1c, 0x1f0c2308, 0x35411e50, 0x991e2805, 0x03090a0f, 0x42190620, 0xa5270665, 0x26397315, 0x83670127, 0x14142204, 0x06334122, 0x021c0d27, 
    0x1e141401, 0x2533821f, 0xb20e0c0b, 0xc9850218, 0x26027124, 0x5b433a26, 0x01e02105, 0x1d25a383, 0x00002f00, 0x055d4213, 0x07222323, 0x43018506, 
    0x26290866, 0x07272627, 0x26312726, 0x07604327, 0xa8302183, 0x01010940, 0x0e0b0a0a, 0x301a210a, 0x0b0b1b1c, 0x23086f43, 0x08412b2a, 0x330c6b43, 
    0x01291b1b, 0x0d0b4c1f, 0x0b08090c, 0x23371e27, 0x1f1a1a23, 0x25077943, 0x042d2c42, 0x218201ff, 0x1b1a2923, 0x35078201, 0x1b1c2828, 0x00010001, 
    0x01e0ff00, 0x00a00144, 0x01000018, 0x74420603, 0x42132006, 0x3332075e, 0x16171621, 0xe03c0107, 0x0808120a, 0x0603030c, 0x8041c8c4, 0x00013105, 
    0x08080a12, 0x80fe7001, 0x0d070410, 0x50010c0c, 0x0127f385, 0x0010100f, 0x84030000, 0x27f38357, 0x0031001e, 0x25000044, 0x2005fe45, 0x05194623, 
    0xf5840582, 0xe8833320, 0x26273425, 0x8233012f, 0x82172067, 0x23072316, 0xff852726, 0x09881320, 0x01311b88, 0x0101230c, 0x20362425, 0x01252436, 
    0x0e182301, 0x200d830e, 0x240d8340, 0x7c180e0e, 0x07364620, 0x30210888, 0x88128740, 0x24c72208, 0x823d8435, 0x24352446, 0x851a1b12, 0x240d824b, 
    0x121b1a20, 0x0f444699, 0x8fc0fe21, 0x0bcf4111, 0x30001e23, 0x062b4500, 0x0722be83, 0x06821706, 0x37323322, 0x0382d583, 0xca833520, 0xd0411120, 
    0x05344510, 0x412b2a22, 0x210ad841, 0xd8411b31, 0x10cf4106, 0x2d02a028, 0x2c42442d, 0xd741042d, 0x00ff2112, 0x4107c841, 0x002007d8, 0x01200082, 
    0x82300484, 0x18008201, 0x22210000, 0x27262527, 0x36253736, 0x07249b83, 0x010d0706, 0x2708a382, 0x01230607, 0xfe07075f, 0x010110c0, 0x0c400111, 
    0x05070c0c, 0xfe0c0404, 0x0c0601fa, 0x0a050404, 0x0aa00314, 0xa00a1313, 0x1c831483, 0x07838322, 0x12200682, 0x102afb83, 0xb0014100, 0x12003f01, 
    0xfb822500, 0x104a2120, 0x4a212007, 0x3321064e, 0x88098805, 0x0130221b, 0x05344260, 0x85a0fe21, 0x60012107, 0x11860989, 0x0909002d, 0x09080e0e, 
    0x0d0d0909, 0x85800a09, 0x2a128206, 0x0009090d, 0x00feff01, 0x85800100, 0x223328cf, 0x36372627, 0x49012d37, 0x052a078b, 0x07061716, 0x20230605, 
    0xad830a13, 0xfe060123, 0x83c283fa, 0x400122af, 0x24de8211, 0x0707c0fe, 0x83c48912, 0x21dc851c, 0xf7460003, 0x002e220b, 0x24cf8240, 0x06070623, 
    0x08874b07, 0x3b363725, 0x82171601, 0x010f2160, 0x8206a84b, 0x013d21ee, 0x36217f82, 0x217f8235, 0xb64b0327, 0x6ccc2510, 0x011b1b29, 0x82050a43, 
    0x166c2805, 0x01010e0f, 0x8510621d, 0x1e502811, 0x21011111, 0x4b3c3121, 0x01250bd0, 0x1b1b01a0, 0x2cfb8529, 0x0109090e, 0x1f160f0e, 0x120a3910, 
    0x05194128, 0x0f2f162b, 0x31211c1b, 0xfe012121, 0x0dea4b90, 0x0800022c, 0xef01d1ff, 0x4800b901, 0xbb825a00, 0x31070622, 0x9c4abd82, 0x4a352007, 
    0x894506b1, 0x48172006, 0x262109fa, 0x20e58227, 0x057b4426, 0x36212d82, 0x83e28237, 0x4a3d20d2, 0x072205c8, 0x82442213, 0x3b36840a, 0x323347d0, 
    0x17170d0f, 0x0f423232, 0x19020b0a, 0x012a2a40, 0x50383702, 0x012c2c46, 0x20089384, 0x200f010c, 0x3026030c, 0x0514131e, 0x34202005, 0x1d121e28, 
    0x1523221c, 0x28270114, 0x1f4e4041, 0x064c4d14, 0x0e144c08, 0x150d0e0e, 0x320fab01, 0x3d474733, 0x0a29293d, 0x0f090a02, 0x2f0c051a, 0x334f4430, 
    0x33090532, 0x11104734, 0x0c0b0b0c, 0x020e7811, 0x0f140b01, 0x1f18170b, 0x01252436, 0x0b171701, 0x1d09080b, 0x4b15241d, 0x1c1d3a3b, 0x82e5fe0e, 
    0x3b578749, 0x000e0d15, 0xfeff0200, 0x8201deff, 0x1900a001, 0x00001d00, 0x27260325, 0x06030706, 0x1625e282, 0x013f3637, 0x20088233, 0x08e78332, 
    0x3725272d, 0x7e012317, 0x151509a0, 0x0405a008, 0x0c0c0d05, 0xc61f060c, 0x06140a1f, 0x04050d06, 0x49f9fe04, 0x010c9148, 0x01011380, 0x8380fe13, 
    0x8204201c, 0x4c4c2524, 0x06020113, 0x74220d82, 0xdf44adad, 0x0019240b, 0x44310025, 0x222909df, 0x11150607, 0x3b161714, 0x12da4401, 0x23133523, 
    0x09cc4435, 0x011e0127, 0x36242501, 0x05e74180, 0xe583a020, 0x1d111124, 0xb24460c1, 0x80602307, 0x0b878080, 0x3022ce22, 0x09231f83, 0x83fe0e09, 
    0x2437832f, 0x121c1d23, 0x079d4492, 0xc0fe8022, 0x2008004b, 0x2a008200, 0xffffff01, 0x017f01e0, 0x8235009f, 0x1716279b, 0x14151631, 0x01820607, 
    0x82272621, 0x34352301, 0x01823637, 0x82171621, 0x84178401, 0x08b54b15, 0x3605be44, 0x07116001, 0x24151507, 0x31453125, 0x1a1b1a31, 0x4631311a, 
    0x82252432, 0x0832082f, 0x0e111011, 0x4a281617, 0x01012829, 0x284b2828, 0x110e1717, 0x0a015810, 0x150c0a0b, 0x01111015, 0x33222101, 0x33353633, 
    0x01222133, 0x14111101, 0x1a820c15, 0x0d300982, 0x03010c0c, 0x3b3b3031, 0x01033131, 0x110d0c0c, 0x2a0aaf4e, 0x00a00180, 0x00230017, 0x41231300, 
    0x38460d43, 0x27262405, 0x41112311, 0xa020083b, 0x2e063441, 0x32333e80, 0x01011e1e, 0x33321e1e, 0x4660603e, 0x012107eb, 0x082841a0, 0x25851984, 
    0x0180fe2c, 0x2d2d0240, 0x2e2e4343, 0x27450002, 0x06734905, 0xff492a20, 0x27222908, 0x34113526, 0x21333637, 0x20082548, 0x09304815, 0x01200a85, 
    0x4105fe49, 0x012105b6, 0x20078500, 0x06da44e0, 0x4ae0a021, 0x01200878, 0x1082a486, 0xff438020, 0x22068305, 0x4b010000, 0x2420086b, 0xe74a0c82, 
    0x4e648b05, 0x878a0677, 0x61887184, 0x84085d44, 0x4565847b, 0x83860630, 0x0d800123, 0x20008209, 0x29e3840e, 0x01e2ff01, 0x00a001c0, 0x574a0040, 
    0x06312406, 0x82272623, 0x41352001, 0x162105e6, 0x21018317, 0x15860706, 0x09822720, 0x2005c746, 0x4a1f8317, 0x32230966, 0x82151617, 0x222e0848, 
    0x36343321, 0x1c323143, 0x1e1e011c, 0x2b3e3232, 0x18182626, 0x09090101, 0x0e11100d, 0x43291818, 0x01022d2d, 0x23230c0d, 0x2b2b3d41, 0x1c41860b, 
    0x82a82005, 0x48c03706, 0x191a3231, 0x331e1f01, 0x323f3b32, 0x011d1e33, 0x150e0f01, 0x1a821114, 0x0e100133, 0x02010c0c, 0x13452c2d, 0x201f2625, 
    0x23230202, 0x050e4637, 0x82090821, 0x000126c4, 0x01e0ff00, 0x24c38280, 0x01000028, 0x061e4111, 0x21013d23, 0x0c294115, 0x1d22a082, 0x6e4a2101, 
    0x05684a07, 0xff215c82, 0x082f4100, 0x01200d82, 0x01220d86, 0x9d41fe80, 0xc0c02106, 0x0120a385, 0x80200f86, 0x6a820786, 0x40207784, 0x29207782, 
    0x250c1f42, 0x3b363734, 0x21491101, 0x08294209, 0x1d4c1120, 0x2055850b, 0x06f94660, 0x26420120, 0x4c0f8406, 0x40200997, 0xfe219b8b, 0x420d82c0, 
    0x24200c97, 0x11208482, 0x4b07b543, 0x964d0948, 0x82112007, 0x4a728689, 0x4f850713, 0x844d0120, 0x2b0d8606, 0x43fdfe80, 0x02022c2c, 0x23432c2c, 
    0x232a7b85, 0x011a1a28, 0x281a1a01, 0x10850301, 0x20090f43, 0x23ef8542, 0x31071625, 0x23247982, 0x07012f22, 0x4f126741, 0x152f0528, 0x17010f14, 
    0x03083a01, 0x0a080b02, 0x8c860a10, 0x0ac932ce, 0x0a0a0c0d, 0x128c8909, 0x080c0d0b, 0x42c10e06, 0x0d69416d, 0x0acdb723, 0x26238309, 0x0000cb8d, 
    0x43200001, 0x1920068b, 0x21066b41, 0x8b43012b, 0x17322308, 0x5b411516, 0x41e0200a, 0xc020083f, 0x4d106b43, 0xbb4105d9, 0x01c02407, 0x422400a4, 
    0x35230a33, 0x83060711, 0x074342d1, 0x3611352d, 0x011f3637, 0x16173637, 0x41c00117, 0x8525052d, 0x0a11110a, 0x290b8585, 0x0e161601, 0x160ea5a5, 
    0x2f420116, 0x16012709, 0xc80d0dc8, 0x8485eafe, 0x1780012b, 0xf8120508, 0x080512f8, 0x09434117, 0xa4018024, 0xbb412000, 0x22232206, 0x08b34227, 
    0x17216f84, 0x09b74101, 0x14018028, 0x0a0f0605, 0x6f86f9fe, 0x0f151424, 0xb5410701, 0x16802808, 0x010c0208, 0x87d8fe3c, 0x0816266b, 0xc4fe1006, 
    0x06194801, 0x02216f83, 0x05eb5300, 0x1a00a025, 0x4a002c00, 0x7251068b, 0x05bb4f06, 0x4a083e45, 0xe0201087, 0x8b0b3c45, 0x0fd44f0b, 0x45a00121, 
    0x2f910560, 0x4280fe21, 0x2c210578, 0x05584502, 0x8f822d20, 0x93850020, 0xa0014026, 0x24001800, 0x250bcf45, 0x36373233, 0xc84e013d, 0x47112008, 
    0xd0450a0c, 0x45e98207, 0x602108c5, 0x070c4b60, 0x2309cf45, 0x600e0909, 0x2e246a85, 0xc000ff02, 0x8407e842, 0x01c02273, 0x227382c0, 0x473c0020, 
    0x8852088d, 0x05805205, 0x36171625, 0x83161737, 0x3435237c, 0x664d012f, 0x26273b0f, 0x06070623, 0x011f1415, 0x89010706, 0x1e010235, 0x3e32331d, 
    0x1e33333e, 0x0b85011e, 0x2f35442a, 0x08100e0a, 0xa92f0708, 0x230b1f41, 0x0b462001, 0x48251684, 0x3d2d2c23, 0x11224156, 0x3923012b, 0x0a0a010b, 
    0x39090b0b, 0x0b2c410d, 0x54293723, 0x2217850c, 0x84011556, 0x01e02bbf, 0x00a00142, 0x002f0023, 0x49533700, 0x080c4708, 0x82063c41, 0x823220c2, 
    0x2f36221d, 0x080c4702, 0xe535232a, 0x01191928, 0x3d292802, 0x0806e151, 0x09090e21, 0x100a695d, 0x030a090a, 0xa5550802, 0x16172270, 0x17160101, 
    0x118a7022, 0x3d2e2423, 0x47022829, 0x0782071f, 0x0d938029, 0x0c0d0806, 0x83d6770c, 0x16223422, 0x009f0116, 0x1a000100, 0x6601dfff, 0x3e00b401, 
    0x55250000, 0xff54072d, 0x2083830a, 0x0e135527, 0x27840720, 0x2308584a, 0x17163130, 0x33080182, 0x0a5e0107, 0x2f2e262f, 0x0c192a2b, 0x06040505, 
    0x3b0d0b0c, 0x151b3232, 0x18170604, 0x2526243f, 0x09081717, 0x0d8a452a, 0x03040706, 0x430d0c0b, 0x130e2525, 0x45291b8a, 0x01141a38, 0x0b0b0c01, 
    0x821c8206, 0x17053e40, 0x0b0f0506, 0x11111e1a, 0x0f100a11, 0x31341e1f, 0x04242c1c, 0x0d0e0b0b, 0x11030606, 0x22428203, 0x83101f16, 0x1e10231b, 
    0xc782341e, 0x20073b46, 0x086b471e, 0x4509fd43, 0x01240dc3, 0x0e090980, 0x4307a947, 0x40200672, 0x01210782, 0x4c048280, 0xb24509b0, 0x0bef4308, 
    0x2400a026, 0x15010000, 0x4619ab45, 0x02270a97, 0x51513736, 0x85023637, 0x25012348, 0xda493624, 0x296b8406, 0x363650e2, 0x36360202, 0x8285e250, 
    0x2435e228, 0x24010124, 0x0f863524, 0xff276682, 0x01e0fffe, 0x4fa20182, 0x072406b3, 0x26032726, 0x21062752, 0xef4b011b, 0x4a072006, 0x092205e0, 
    0xe04a04a0, 0x83823206, 0x0c0c0c05, 0x0404050d, 0x80fe7401, 0x13010113, 0x08db4a01, 0x01c7fe23, 0x20198339, 0x86218206, 0x4202215f, 0x26205f82, 
    0x032b0c82, 0x23300706, 0x010b2726, 0x8d220706, 0x17162167, 0x33086d89, 0x08903d02, 0x08160116, 0x16085150, 0x04900916, 0x0d0d0505, 0x6e050c0b, 
    0x17170855, 0x056e5508, 0x0d0d0b0c, 0x01050505, 0x1480fe75, 0x01150201, 0x15e9fe17, 0x80200682, 0x2c832483, 0x01dbfe2b, 0x01021424, 0x01dcfe16, 
    0x21288225, 0x30820404, 0xc74a0020, 0x01812608, 0x002900a1, 0x0b934600, 0x2206a950, 0x8627013f, 0x011f21fa, 0x26060241, 0x17010f16, 0x51087901, 
    0x0b2c0533, 0x0e0b8787, 0x010b090b, 0x8f8f0801, 0x0b2a1382, 0x090d0d0a, 0x0d098787, 0x13850a0d, 0x10831420, 0xa30c0725, 0x83070ba3, 0xaaac2214, 
    0x8320820b, 0xa2a22128, 0x13842083, 0x1341ac20, 0x01e12605, 0x00a20182, 0x470c821e, 0x3d200811, 0x07237e92, 0x419a7a01, 0x9a3e05da, 0x0a030208, 
    0x080d0c0c, 0x0d088586, 0x020b0c0c, 0x6d010803, 0x080e96d7, 0x0e080909, 0x1983d796, 0xbb242183, 0x02020bbb, 0x0c217d82, 0x295a820c, 0xe0fffbff, 
    0xa0018501, 0x73481f00, 0x82262008, 0x510120e2, 0xf6470e90, 0x82802005, 0xc0fe2867, 0x0c080914, 0x42fc1501, 0x0121052e, 0x210e8340, 0x0e83ebfe, 
    0x01251182, 0x010f1311, 0x838e854c, 0xb4fe210b, 0x21066348, 0x6782fcff, 0x67824220, 0x00004224, 0x074c3337, 0x012b2406, 0x4a071415, 0x0d55088a, 
    0x883d2007, 0x013b297c, 0x36373635, 0x011f3237, 0x07273082, 0x2f060706, 0x82232601, 0x15072306, 0x7e857070, 0xc7177022, 0xff280885, 0x080a1200, 
    0x100e1d09, 0x10380e85, 0x36242501, 0x0d521315, 0x04040506, 0x510d0b0c, 0x121b0b0a, 0x01e10112, 0x2205bc59, 0x4f272b2e, 0x01270634, 0x3210100f, 
    0x852d1a17, 0x364026b2, 0x07012524, 0x8331831b, 0x031b2639, 0x1b121201, 0x08f7533f, 0xa2014227, 0x00004800, 0x07f4423f, 0x82050755, 0x820620c3, 
    0x0ab64bc9, 0x2306274a, 0x22233527, 0x82055c52, 0x210a87c8, 0x41423337, 0x669f2109, 0x2206a741, 0x85345f07, 0x505021b7, 0x09270786, 0x090d0e0a, 
    0x83500109, 0x21aa8204, 0x0988500d, 0x565f3521, 0x6426075b, 0x020b98fa, 0x43830703, 0xd8868d20, 0x090a2023, 0x5b41820e, 0x1f4906cd, 0x200a2105, 
    0x2205d850, 0x560c8d01, 0x983406b1, 0x00000200, 0x0002c0ff, 0x1a00c001, 0x00004900, 0x31070601, 0x47083a59, 0x032e0dc7, 0x31303316, 0x37323130, 
    0x07161736, 0x0b830706, 0x8307d14d, 0x8316200b, 0x26272415, 0x51313023, 0x012d0590, 0x3a394800, 0x01012222, 0x393a2222, 0x3e0b8b48, 0x21201839, 
    0x0e111117, 0x3435250e, 0x26252526, 0x0e253534, 0x1711110e, 0x17182021, 0x91c00117, 0x2f3c8530, 0x1717c7fe, 0x11110d0e, 0x25010125, 0x27333327, 
    0x112a0783, 0x170e0e10, 0x20201917, 0x00820019, 0x82000221, 0xa0012e00, 0x18008001, 0x00003100, 0x3536013f, 0x28918234, 0x06010f22, 0x011f1415, 
    0x05445c16, 0x33012f22, 0x2005ea5c, 0x2b189023, 0x09098a4d, 0x0a0d0d0a, 0xa00909a0, 0x2105f359, 0x1292c08a, 0x1b858920, 0x2a822284, 0x89200d83, 
    0x00201393, 0x03200082, 0x220a5f41, 0x413f0033, 0x13211c61, 0x05254a16, 0x06152328, 0x35272607, 0x69473736, 0x27172306, 0x005d1523, 0x19574108, 
    0x13075e38, 0x070f0505, 0x16023c26, 0x16020216, 0x16172258, 0x23230201, 0x0442404e, 0x1a5a4106, 0x0b15a226, 0x48520e02, 0xd02a3683, 0x16010216, 
    0x172c2217, 0x3542ae4b, 0x00092605, 0xff1c0001, 0x223d82e0, 0x462900a0, 0x184d13cb, 0x05df4d09, 0xb8823720, 0x5705b44d, 0x0d260571, 0x200a0a0d, 
    0x06830909, 0x2f41192e, 0x2e05082e, 0x0ee0472e, 0x8101090a, 0x99530482, 0x01602811, 0x4a3f2828, 0x82023232, 0x00002432, 0x82200002, 0x41c02073, 
    0x372007d3, 0x2505bc5e, 0x011f1415, 0xb75e0607, 0x05e64105, 0x18973320, 0x41a0f721, 0x8a2005ad, 0x2009c841, 0x201291c0, 0x1bc741d7, 0x200bdb41, 
    0x20008200, 0x24038201, 0x01400120, 0x051b4660, 0x14311522, 0x5b05b741, 0x352505da, 0x27013f34, 0x05764726, 0x4c011f21, 0x37200baf, 0x21055d42, 
    0x91856969, 0x8f6a6a21, 0x9757200f, 0x22288718, 0x5b030000, 0x122708a3, 0x36002400, 0x54250000, 0x272011f6, 0x5608c449, 0x162205f4, 0x0e5d1517, 
    0x55902011, 0xb0200f09, 0x9707d352, 0x55e02007, 0x50240b1c, 0x140e0d01, 0xe020298b, 0x002c108f, 0x10000100, 0xb001a000, 0x1200e000, 0x1541a784, 
    0x07e15006, 0x90012321, 0x48a02083, 0x0e3508e3, 0x02000909, 0x20000000, 0x6001c001, 0x41002000, 0x22370000, 0x05054607, 0x8306be43, 0x0cc258dc, 
    0x209f2120, 0x0f116026, 0x1b121201, 0x22055945, 0x5c252436, 0x1b24092c, 0x0001291b, 0xe0251d9b, 0x121b0606, 0x072b4612, 0x36242522, 0x2308234c, 
    0x011b1b29, 0xc78a1c9c, 0x43002122, 0x220bb757, 0x83153732, 0x053045c4, 0x36331622, 0x2307f15c, 0x31272605, 0x9309cb5e, 0x937d8825, 0x5d0120b3, 
    0x21900c0c, 0xb5941d88, 0x0022d79d, 0x00830001, 0x8001e030, 0x00001800, 0x012f2233, 0x3f343526, 0xf3463601, 0x010f2105, 0x2105e15a, 0x4345c023, 
    0x098a240c, 0x450d0a09, 0x66430551, 0x0000250d, 0x20000100, 0x4f870483, 0x4e842720, 0x2b093e43, 0x0f141516, 0x40230601, 0x09090a0d, 0x200ac143, 
    0x454f82a0, 0x00201276, 0x2707235c, 0x00a00142, 0x13000056, 0x890a5f48, 0x4806200a, 0x37201169, 0x20096e52, 0x480a8a35, 0x0f231473, 0x42716f01, 
    0x71200541, 0x04210787, 0x0d7c4812, 0x63030921, 0x1020063f, 0x201d8548, 0x48008201, 0x20210587, 0x23078301, 0x1d22090a, 0x210b8e48, 0x0f43100e, 
    0x86202005, 0x13944806, 0x00001f29, 0xff000003, 0x82c201db, 0x00232af3, 0x0088002f, 0x37341100, 0x07415831, 0x07060724, 0x204d1617, 0x012f2205, 
    0x09515123, 0x0e4f1720, 0x15232608, 0x16171405, 0x0ca26217, 0x5e06c357, 0x16200d09, 0x5c05d156, 0x7d620546, 0x36372506, 0x32173637, 0xde621883, 
    0x0726260c, 0x17061506, 0x33b78231, 0x28293d50, 0x17170102, 0x05043427, 0x0c0d0c05, 0x2a38060b, 0x4021ce85, 0x071e4e30, 0x01302d08, 0x1c0a0401, 
    0x0f0f0d01, 0x0708100c, 0x22240803, 0x0a0e0f27, 0x02010208, 0x05050c02, 0x0c0c0504, 0x0705030d, 0x04050708, 0x070a1703, 0x33081682, 0x1b0a0301, 
    0x0f1c1a03, 0x08030808, 0x01272323, 0x0a0a0701, 0x06060c07, 0x0b0b0503, 0x0909050d, 0x080b1705, 0x80010101, 0x0209090e, 0x2d3d2928, 0x80122223, 
    0x82837a83, 0x67538c20, 0x80012606, 0x171601c0, 0x32838322, 0x03021aa0, 0x07040908, 0x150c0a07, 0x132a1814, 0x8204070f, 0x4c40826a, 0x2408083e, 
    0x02040202, 0x03010102, 0x0a0a0306, 0x08040202, 0x13070109, 0x1714140b, 0x0710112b, 0x03020101, 0x0b0b0402, 0x2080830e, 0x2c268202, 0x07050603, 
    0x00000109, 0xfffeff04, 0x320f82e0, 0x003d00a2, 0x00450041, 0x37000049, 0x37363733, 0x83011f16, 0x17362106, 0x5305415f, 0x072608c6, 0x2f262706, 
    0xdf4a2301, 0x09864205, 0x3408264a, 0x37233703, 0x1f072733, 0x77233701, 0x18082940, 0x41290718, 0x07a24a39, 0x42143221, 0x292e0594, 0x17160939, 
    0x292f2908, 0x08171707, 0x14852939, 0x04321422, 0x3406975f, 0x0b101539, 0x070f6c1b, 0x100c6008, 0x17a8e01c, 0xa8170101, 0x071c4baa, 0x98419620, 
    0x16aa2605, 0xa8160101, 0x200583a8, 0x241185aa, 0x0c0b0d96, 0x26428304, 0x2e2e40aa, 0x821c1c40, 0x00002105, 0x2b08ef65, 0x002300a0, 0x13000047, 
    0x16311716, 0x220cee59, 0x4e232726, 0x342809f3, 0x013b3637, 0x31272203, 0x8206e856, 0x511d20f6, 0x96520593, 0x06112908, 0x23070607, 0x242536c0, 
    0x22070543, 0x4f1b1212, 0x88820618, 0x5320a021, 0x80200880, 0x260a8c45, 0xa0362524, 0x8301a001, 0x201f8506, 0x461c83a0, 0x802008de, 0xfe211482, 
    0x573e8240, 0x01200831, 0x01205582, 0xfe214b86, 0x216d83e0, 0x07540000, 0x01602705, 0x005700a0, 0xa5843700, 0x3620b084, 0x2407cd48, 0x2b060714, 
    0x4b9f8301, 0x142309de, 0x4c14011d, 0x2b2508b4, 0x16171601, 0x211c8917, 0xfd822726, 0x25084562, 0x34013d34, 0x88492335, 0x181c2506, 0x18483636, 
    0x1825ab85, 0x1423232c, 0x200b857e, 0x06455190, 0x23147e24, 0x1f872c23, 0x36364824, 0x1f851c18, 0xd0101022, 0x22058e41, 0x41282740, 0x15220720, 
    0x13852416, 0x10040424, 0x0a850404, 0x15162422, 0x28211e87, 0x06c44927, 0xe3551e84, 0x82802008, 0x006726e7, 0x27061300, 0x23a78231, 0x013f3637, 
    0x21062e44, 0xc1890714, 0x85077562, 0x851520f9, 0x0a9262de, 0x23070622, 0x27213c82, 0x0a3c4534, 0xb7424882, 0x05005409, 0x0f222335, 0x0d0a7301, 
    0x0108090c, 0x2b060a02, 0x20302b37, 0x42040120, 0x442406ac, 0x7b320302, 0xe536dc85, 0x0e0d010b, 0x19212c14, 0x0d0c0b06, 0x02010908, 0x372b050b, 
    0x2c8d2f2c, 0x867c3321, 0x010a212c, 0x15262d82, 0x0719212b, 0x2b834801, 0x05276083, 0x20200122, 0x410f112f, 0x02220504, 0x08851d01, 0x15120d2b, 
    0x14010d0e, 0x02020905, 0x225a830a, 0x82012106, 0x10302127, 0x13212790, 0x20278314, 0x07d74204, 0xa0018026, 0x32001300, 0x59064d45, 0x23290897, 
    0x26272221, 0x37341535, 0x0cab5931, 0x84081c58, 0x207982ff, 0x06ec4101, 0xe657fe20, 0x510f8607, 0xa7590ae7, 0x4430820a, 0xe0820696, 0xe485e020, 
    0x1482e020, 0x83066343, 0x433a208b, 0x06240963, 0x23070607, 0x4f12b959, 0xaf650c30, 0x013b270d, 0x31272617, 0x36822726, 0x3637362d, 0x293df037, 
    0x28020228, 0x59703d29, 0x794906ba, 0x06154306, 0x07872020, 0x90268282, 0x17160150, 0xcb537022, 0x83a02005, 0x203b8333, 0x055c4120, 0xb482278a, 
    0xf1831486, 0x17229025, 0x83a00116, 0x83002039, 0x200031c3, 0x64018002, 0x42002400, 0x26010000, 0x2627010f, 0x1120c282, 0x2706ef5e, 0x1617013d, 
    0x013f3233, 0x2408876a, 0x25272611, 0x06154923, 0x16883b20, 0x4d013d21, 0x02270804, 0x760f156a, 0x42150f76, 0x562507e7, 0x0a10100a, 0x23928556, 
    0x76fe1501, 0x42067341, 0x794106fb, 0x5e012b06, 0x9e9e1106, 0x16080611, 0x614100ff, 0x73a02405, 0x41730c0c, 0x01230600, 0x53081600, 0xdf200619, 
    0xdf201d85, 0xb0824f85, 0x00820020, 0x01bf0125, 0x64230080, 0x23210677, 0x06e84821, 0x21100049, 0x19823221, 0x09bf0126, 0xcdfe0e08, 0x4e06df4b, 
    0x6a25094d, 0x080e3301, 0x4c9c8309, 0x424e0602, 0x8269200b, 0x276b846e, 0x8001e1ff, 0x2200a001, 0x34586b82, 0x09604c0e, 0x32333628, 0x1516011f, 
    0xd6680714, 0x233b8205, 0x0a0a0d0d, 0xc925558e, 0xfe6a0909, 0x827182cd, 0x3301218d, 0x0b448d8e, 0x00002505, 0x8001c001, 0x5c896b84, 0xb6442120, 
    0x21332106, 0x220c8849, 0x84b70107, 0x205585af, 0x20008209, 0x20558b0e, 0x06db49a9, 0x0e238b82, 0x8b09090e, 0x0a77448b, 0x6b889f20, 0x4d012f21, 
    0x00460824, 0x072e4d09, 0x1b41d782, 0x20df8a0e, 0x0f514189, 0x830b6d41, 0xffff276b, 0xff013c00, 0x6b864401, 0x3d262725, 0x52152301, 0x35210535, 
    0x05c14434, 0x35331525, 0x41363734, 0xf72c0643, 0x0e0e0c70, 0x0e0e01c0, 0x0707700c, 0x0f220b82, 0x0b84c001, 0x68ae0831, 0x0f07060a, 0x070f3838, 
    0x08680a06, 0x84080a0a, 0x8237200f, 0x0a05300f, 0x0a0b0768, 0xff010008, 0x01c0fffc, 0x83c00104, 0x4e37206b, 0x26290507, 0x33373637, 0x27262335, 
    0x216b8226, 0x64823233, 0x2405af43, 0x07161716, 0x234684fa, 0x06060a67, 0x66855690, 0x0870382d, 0x0f0b7008, 0x01c0010d, 0x8c0b0f0d, 0x21da820c, 
    0x77590200, 0x00142208, 0x16556e2e, 0xea840320, 0x8e4e8b86, 0x05506205, 0x80011525, 0x6a1bc0fe, 0x012006f4, 0x3c089964, 0x0a090135, 0x0a442d08, 
    0x170a0c0d, 0x2d440909, 0x0a050307, 0x01010f9e, 0x121201a0, 0x2a308f1b, 0x050adcfe, 0x442d0703, 0x82170909, 0x440b2930, 0x090a082c, 0x009f0e01, 
    0x012b0082, 0xe0ff1000, 0xb001e001, 0x5d004200, 0x072108f3, 0x05cb6826, 0x59363721, 0x37200504, 0x22220f83, 0x68460607, 0x2722240a, 0x6b013d26, 
    0x36220802, 0x8a4a3637, 0x304a8206, 0x32321e1e, 0x0b3c4a3f, 0x08080102, 0x2b0b0c0d, 0x07025935, 0x21212624, 0xa7433f17, 0x097b5805, 0x2d2e202a, 
    0x32323f35, 0xc0011e1e, 0x29060f59, 0x0d0d082c, 0x02020a0b, 0x02592008, 0x022d2405, 0x4e1e1111, 0x39860864, 0x17284623, 0x05685a17, 0x07480020, 
    0x82f02006, 0x824020c3, 0x05d1530c, 0x8208c547, 0x4f2320ba, 0x32200752, 0x594bd083, 0x20e28505, 0x26b88227, 0x32373637, 0x57171617, 0xf0200973, 
    0x65866b82, 0x21173f24, 0xbe872621, 0x0b2b352b, 0x08080d0c, 0x3c0b0201, 0x83b1854a, 0x3f322480, 0x452e2e34, 0x01200644, 0x82070d48, 0x111e22e4, 
    0x2abe8711, 0x02020820, 0x0d0d0b0a, 0x83012c08, 0x3e332131, 0x1723e885, 0x5d462817, 0xd3530850, 0x00222609, 0x13000045, 0x0c2a5121, 0x26012f22, 
    0x21055b45, 0x3a50011f, 0x21052108, 0x65171253, 0x2023084b, 0x503a7301, 0x70230586, 0x50700909, 0x3a2205a8, 0x74858dfe, 0xfec00123, 0x211d918d, 
    0x1d867301, 0x85391021, 0x8236842f, 0x200d833e, 0x05854139, 0x1a99a020, 0x0003002d, 0x02200000, 0x00600180, 0x532e001e, 0x0f22053b, 0x184f2701, 
    0x16152705, 0x36171617, 0x0583013f, 0x37363724, 0x17822635, 0x4a600520, 0x05245005, 0x07011f22, 0x2205ce6a, 0x42012f22, 0x15300651, 0x2b3cef01, 
    0x3c2b4848, 0x0229293d, 0x3d292902, 0xfe310d8d, 0x222218dc, 0x01011717, 0x22221717, 0x01484818, 0x86098775, 0x01602617, 0x2a48482a, 0x20398301, 
    0x8242831e, 0x2949210e, 0xe8210e89, 0x202f8318, 0x8242831e, 0x8639203d, 0x21148507, 0xcb820100, 0x80016029, 0x18004001, 0x82250000, 0x12cb4593, 
    0x01230625, 0x540a0d60, 0x6020114a, 0x220efa4e, 0x84090a0d, 0x8240204f, 0x8320204f, 0x4637204f, 0xe6820586, 0x71523220, 0x4f06200b, 0x294f0687, 
    0x5440200e, 0x8a2008dc, 0x2205d041, 0x560009a0, 0x4f820507, 0x3300c029, 0x00003d00, 0x63173201, 0x232105b9, 0x058b6e15, 0xa54c1520, 0x05fe4806, 
    0x6a823420, 0x3f363527, 0x27262701, 0x082c4635, 0x3717072a, 0x23353736, 0x01171615, 0x24077c60, 0x2e44442e, 0x05044201, 0x8a080749, 0x40012813, 
    0x1b4444e4, 0x8201c001, 0x050e4203, 0x2f420b27, 0x422f4444, 0x08a2430b, 0x138d3c82, 0x44448f2c, 0x0b0b281c, 0x00001c28, 0x0082000e, 0x40022408, 
    0x14008001, 0x2e002100, 0x48003b00, 0x62005500, 0x7c006f00, 0x96008900, 0xb000a300, 0x0000bd00, 0x82260129, 0x361121a7, 0x21379d82, 0x17161716, 
    0x06070611, 0x26350107, 0x07062327, 0x33171615, 0xb2333736, 0xb205200c, 0x8c678c33, 0x98212040, 0x0002224d, 0x08a845fe, 0xbc450120, 0x80fe2608, 
    0x0b280b01, 0x20048401, 0xc30aaa60, 0x20012437, 0x83e80b01, 0x8a04827b, 0x1201247b, 0x71011b12, 0xff200840, 0x0c200985, 0xa389a487, 0x6020099f, 
    0x002032d0, 0x27087f48, 0x00a00100, 0x17000018, 0x2d10b649, 0x14151617, 0xe0230607, 0x09c00a0d, 0xad44c009, 0xaaaa2605, 0x0d0a0909, 0x720e8520, 
    0xa9210637, 0x251b84a9, 0x00010000, 0x5b6dff40, 0x524f8405, 0x602416b7, 0x09090a0d, 0x59874785, 0x53822020, 0x860a0d21, 0x235b8747, 0x00020000, 
    0x2307cb42, 0x00300016, 0x20063d47, 0x42a78921, 0x253005b9, 0x17060717, 0x17013f16, 0x2f363716, 0x27363701, 0x08064a4b, 0x02311732, 0x12120140, 
    0x1acdfe1b, 0x09099713, 0x011a1397, 0x12121b33, 0x2fcffe01, 0x110e0e2f, 0x112f3010, 0x2e0f0f10, 0x100f0f2e, 0x10302f11, 0x400e0e11, 0x13211e83, 
    0x21cd8396, 0x3a831396, 0xb000ff22, 0x3d852591, 0x00219982, 0x08c75804, 0x25002026, 0x41002e00, 0x75077b48, 0x058305bf, 0x61213321, 0x05840566, 
    0x27262708, 0x21032726, 0x37152135, 0x37362726, 0x07061716, 0x15173325, 0x2f343533, 0x21232601, 0x1d060722, 0x01353301, 0xc84ffec0, 0x4d202007, 
    0x20230732, 0x8309090e, 0xff40278f, 0x30000100, 0xcc580216, 0xd0fe2a05, 0x09401ae6, 0xfe0d092e, 0x221f82ed, 0x83000140, 0x82602022, 0x0669440a, 
    0x3e826020, 0xd2836020, 0x6000ff24, 0x33859860, 0xe8021626, 0x0d53451b, 0x1c823582, 0x00608037, 0xf8ff0200, 0xc701e0ff, 0x0f00a101, 0x00002200, 
    0x37362137, 0x288e8336, 0x06010f22, 0x05171617, 0x07db4721, 0x35211883, 0x34c18234, 0x205f0130, 0xaf150c0c, 0x0f14140f, 0x0c0c15b0, 0xfe5f0120, 
    0x07f556a1, 0x6a5f0121, 0x812d0555, 0x191a1b02, 0xc11010c0, 0x021a1a19, 0x11065741, 0x00020032, 0x02fbff00, 0x00850100, 0x001c000c, 0x35013f00, 
    0x2805fe4c, 0x37161716, 0x35363721, 0x20848234, 0x051b7807, 0xab353731, 0x121111ab, 0x11120101, 0xc0000111, 0x87c00b0b, 0x8f07330d, 0x080c8f54, 
    0xc0fe1508, 0x0c080815, 0x0e0e0b9f, 0x0f859f0b, 0x08071423, 0x22638f0c, 0x82150701, 0x0565785c, 0x62210721, 0x16210560, 0x240f8637, 0xacaccc01, 
    0x23648510, 0xc100ff10, 0x02256486, 0x01101111, 0x23658579, 0x153f0116, 0xa0206582, 0x01226588, 0x0f821440, 0x00000023, 0x20cb8801, 0x0adf642a, 
    0x07013d27, 0x27262706, 0x64058435, 0x352405db, 0x1f363736, 0x22082a74, 0x54000215, 0xdd8405e0, 0xab20e288, 0xab20e783, 0x01251985, 0x0dc0fe60, 
    0x22008209, 0x829d830e, 0x851620d8, 0x21888505, 0x8e83839c, 0x4c839c21, 0x868205cb, 0x3520878d, 0x2007404c, 0x0552651d, 0x36371523, 0x05e74517, 
    0x15012f25, 0x75060706, 0x3520097f, 0xfe846b85, 0x25080341, 0x111201ac, 0x1985ac10, 0x3f012122, 0x84206485, 0x15208483, 0x73410585, 0x68848705, 
    0x022c08e3, 0xc0ff1000, 0xc001b001, 0x3b003000, 0x240a3347, 0x1615012b, 0x09f85917, 0x82171621, 0x26072882, 0x36272627, 0x56373637, 0x13820a5f, 
    0x82070621, 0x2014822a, 0x07285601, 0x152b3937, 0x0a0d0d0a, 0x20180909, 0x3b3b0201, 0x3b3b5858, 0x31310202, 0x211f864c, 0xdb421860, 0x07366607, 
    0x230a2223, 0x05c64716, 0x40311822, 0x35822d84, 0x38385024, 0x4347220e, 0x16c02505, 0x80160202, 0x00200484, 0x21078f5c, 0xb3828001, 0x3c003324, 
    0xe9474700, 0x36332d36, 0x1523013d, 0x33111714, 0x07012f26, 0x3120de83, 0x2d29f347, 0xc010a1f1, 0x0705a10f, 0x05064444, 0xc7870101, 0x480de547, 
    0x8029130d, 0x0b0b1d18, 0x00ff181d, 0x223a8308, 0x82010107, 0x053745ce, 0x01400127, 0x00140081, 0x20cd8229, 0x268c8323, 0x16171611, 0x42361733, 
    0x272006ef, 0x8305b753, 0x051c6d14, 0x27261126, 0x10012726, 0x88085f7b, 0x91c02008, 0x81012c12, 0x140d0d01, 0x0d15e0fe, 0x7b01020e, 0x0e210695, 
    0x82098301, 0x0e0e2113, 0x8c821289, 0x01249083, 0x80018001, 0x00228b82, 0x89831501, 0x7a482120, 0x231c820d, 0xff1b1212, 0x47082547, 0x4021062f, 
    0x07944dff, 0x09890020, 0xdb820020, 0xd0ff102a, 0xc001f001, 0x49001300, 0x4d077950, 0x23230d2c, 0x5f311716, 0x342005a6, 0x82051465, 0x173621f3, 
    0x7d84fe82, 0x83070621, 0x2726227e, 0x20158734, 0x23938307, 0x20011506, 0x2b0b5f49, 0x313202d0, 0x32314b4b, 0x1d111102, 0x32077a62, 0x01171828, 
    0x36362020, 0x36364343, 0x17012020, 0x620a2818, 0x0a23059e, 0x5111111e, 0xa652065d, 0x833a8307, 0x23292342, 0xdf621823, 0x2f222407, 0x84443730, 
    0x2846843a, 0x2f303744, 0x01010822, 0x2445830b, 0x29232318, 0x056f5500, 0xa001b225, 0x66002800, 0x31200675, 0x82053c4d, 0x58a684bc, 0x624d066d, 
    0x85232005, 0x202708c8, 0x331d1e01, 0x0b093f32, 0x0107090c, 0x172a0601, 0x1d010117, 0x382f2f1d, 0x04040307, 0x342d2d20, 0x1d33323f, 0x85c0011e, 
    0x01013706, 0x07060202, 0x28291804, 0x2a2b3730, 0x010a1515, 0x27060606, 0x44851616, 0x2706f34a, 0xc0010002, 0x33001a00, 0x241d995f, 0x27260706, 
    0x08975f35, 0x15171626, 0x37363533, 0x8d5f0682, 0x02702519, 0x80021616, 0x8407ad43, 0x1a805f08, 0x02169826, 0x50501602, 0xd0200583, 0x94820a8a, 
    0x2808ef4f, 0x11000015, 0x36313736, 0x09c44a37, 0x23055d42, 0x1b121201, 0x4f09cc4f, 0x602006af, 0x4f075142, 0x00200bbf, 0xd92f4f85, 0xa7018001, 
    0x00000f00, 0x06171625, 0x4b060507, 0x172e061d, 0x16690105, 0xfe160101, 0x181818e0, 0x04830101, 0x0fe92031, 0xb00d1b1a, 0x1c0e0d0f, 0x0e1c6001, 
    0x82b00e0d, 0x01002142, 0x33629382, 0x0ee74f07, 0x6f362721, 0x172209e0, 0xcb610002, 0x62c02017, 0x0b8b0b0f, 0x200c8f62, 0x0f455024, 0x25215d8c, 
    0x206b8311, 0x99bc8226, 0x00ff2267, 0x05d46652, 0x71985220, 0x80fec026, 0x52363602, 0xdb832783, 0xfeff032e, 0x0202beff, 0x1100c301, 0x54004200, 
    0x21071542, 0x65431716, 0x276e8305, 0x36372717, 0x022f2627, 0x0f320b82, 0x07262701, 0x06020f06, 0x011f0607, 0x16170607, 0x2982021f, 0x21059f49, 
    0x9f82023f, 0x08125677, 0x2900012a, 0x01011b1a, 0x29291b1a, 0x01011a1b, 0xfd291a1b, 0x03053f3f, 0x136d0903, 0x07080702, 0x07075c5b, 0x6d120208, 
    0x05030309, 0x5b20178c, 0x02211c82, 0x21178413, 0x9a6736fd, 0x87362005, 0x21012107, 0x20058f75, 0x284f821c, 0x1c28281b, 0x5cbc011c, 0x8547835b, 
    0x8840202f, 0x0707215f, 0x08211782, 0x8b478607, 0x0124235f, 0x4f882424, 0xfa825783, 0xff00002d, 0x018002e0, 0x002300a0, 0x7b343700, 0x9f51087d, 
    0x07142105, 0x2106bf6f, 0xdb462107, 0x02603107, 0x2d442d2d, 0x17162424, 0x1b1b291e, 0x1d2c0601, 0x24389082, 0x90fe3625, 0x0228293d, 0x2b1a1a01, 
    0x440404f8, 0x01022d2d, 0x10241615, 0x2c08b282, 0x09111229, 0x362f2223, 0x02012425, 0x303d2928, 0x00102424, 0xff070000, 0x02c0fffd, 0x00c00103, 
    0x00500047, 0x00620059, 0x007b006b, 0x22908284, 0x4d0f2627, 0x302607b8, 0x07311431, 0x0f752726, 0x053c7505, 0x27070626, 0x31303530, 0x83064a4d, 
    0x1f062d2b, 0x06171601, 0x16171407, 0x37363317, 0x36232b83, 0x76363735, 0x18830598, 0x40821320, 0x08833720, 0xa54a3382, 0x20088b05, 0x231d8731, 
    0x31300706, 0x3006c74a, 0xff010714, 0x1c0e0706, 0x0e100f02, 0x0e083102, 0x05096c0f, 0x011a3108, 0x31080e0f, 0x0f100f01, 0x070e1c01, 0x860d0406, 
    0x02360701, 0xbe1e1112, 0x0312111e, 0x0d870735, 0x0ee1fe04, 0x0d0d0201, 0x200e0102, 0x0e01010e, 0x01220393, 0x19850607, 0x01070623, 0x342d831f, 
    0x010f010e, 0x040d0e28, 0x010f1d0c, 0x012f0f01, 0x160f1315, 0x069c6c1d, 0x161d2827, 0x01151310, 0x3b19832f, 0x0d040c1d, 0x37070e0e, 0x4a2e1113, 
    0x16212128, 0x28212116, 0x13112e4a, 0x390e0737, 0x03837383, 0x02f0fe2a, 0x02030e0d, 0x40020f0d, 0x57240890, 0x080b0c01, 0x08234883, 0x88010c0b, 
    0x82002031, 0x00043000, 0x02c0ff00, 0x00c20101, 0x004b0039, 0x4366005d, 0xaa450b11, 0x07062307, 0x00590706, 0x34352206, 0x08867837, 0x17363722, 
    0x39432182, 0x210b8206, 0xd7600307, 0x3736290c, 0x14273736, 0x23063107, 0x26074250, 0x15161732, 0x41070617, 0x013c0576, 0x101009ff, 0x06040414, 
    0x03030705, 0x16160b04, 0x011e1c1d, 0x4e3c0101, 0x39393c4e, 0x012b0882, 0x262a2a1f, 0x07071626, 0x82010207, 0x32392401, 0x82091e32, 0x01c0300b, 
    0x36362524, 0x01012524, 0x37362425, 0x5c012424, 0x0d25093f, 0x0221090a, 0x28e6830e, 0xab01020e, 0x3a32321e, 0x82398301, 0x27162541, 0x1f2a2a26, 
    0x39215483, 0x82608339, 0x1c1e3709, 0x0b16161d, 0x07030304, 0x04040605, 0x09101014, 0x09070703, 0x5a8bd6fe, 0x24240123, 0x06015937, 0x09235b82, 
    0x83500c0b, 0x010f235c, 0xa7550e02, 0x0015280a, 0x0100002f, 0x4a311716, 0x2d430591, 0x83112005, 0x072124fc, 0x66313536, 0xbe6406a1, 0x33162609, 
    0x01013f32, 0x13bf4580, 0x08082c28, 0x090b0b09, 0x05832c6c, 0x40080822, 0x80200683, 0x2015a655, 0x202285b4, 0x2332866c, 0x80080840, 0x260ac34d, 
    0x00240018, 0x8252003b, 0x058a4d97, 0x20431620, 0x60372006, 0x15200814, 0x200a236f, 0x201e8325, 0x05215432, 0x82262721, 0x06514301, 0x013a1695, 
    0x0e90fe90, 0x1b010909, 0x29c0291b, 0x10011b1b, 0x01201f30, 0x301f2001, 0x394d1010, 0xdcfe2b07, 0x16020113, 0x0c07070a, 0x0983150b, 0x82021621, 
    0x92702008, 0x00012413, 0x840e0909, 0x834e8345, 0x224c8344, 0x640160a0, 0xfb31067c, 0x0216180b, 0x18090708, 0x0c0c1514, 0x02021617, 0x94098316, 
    0x00003f14, 0x20000500, 0xa001c0ff, 0x1300c001, 0x31002100, 0x73004500, 0x32250000, 0x3d363137, 0x45183401, 0x27210b15, 0x220e8835, 0x8a173233, 
    0x3332280d, 0x25013b36, 0x79310722, 0x2b830b95, 0x07060725, 0x82062722, 0x26232905, 0x33373627, 0x37363732, 0x2b231682, 0x82072201, 0x1f162229, 
    0x06967701, 0x23063527, 0x27262722, 0x09c85e01, 0xa55adf82, 0x0d282306, 0x9649600b, 0x01012505, 0x01380303, 0x5306a35a, 0x2008053d, 0x0914103c, 
    0x14140208, 0x020d491d, 0x0d460d02, 0x0b010e0e, 0x1180110b, 0x2a010c0b, 0x592c2424, 0x2654823a, 0x1015120e, 0x82a00710, 0x06f05a43, 0x2c210683, 
    0x23408554, 0xd0040450, 0xd1220985, 0x228d3001, 0x010a752e, 0x12131d03, 0x0f0f0101, 0x150a0901, 0x23085382, 0x3f110b0c, 0x1a1a2035, 0x3a262701, 
    0x0c0c0921, 0x04000013, 0xbefffeff, 0xc001c201, 0x2f001d00, 0x6c004100, 0x20060968, 0x08225707, 0x75013d21, 0x162907db, 0x31171617, 0x31373207, 
    0x07474136, 0x17141525, 0x7a373316, 0x23220fb4, 0x23823605, 0xb34d1f20, 0x07162105, 0x82056854, 0x06072207, 0x054f4e2f, 0x43182620, 0x31290826, 
    0x11127001, 0x0e09091d, 0x22c48260, 0x5c12111d, 0xc8200786, 0x82081160, 0x060a6c1b, 0xfe271285, 0x0c0c07eb, 0x7cb2b20c, 0x86250762, 0x04040c86, 
    0x26139305, 0x1b224001, 0x8516111c, 0x11162d36, 0x36221b1c, 0x01012425, 0x30362524, 0x85058f41, 0x0c637405, 0x4c83a220, 0x05595924, 0x5f820404, 
    0x43070c23, 0x93588343, 0x82002013, 0x00062100, 0x3a05c74b, 0x000a00b0, 0x002b001c, 0x00510036, 0x37000063, 0x06072627, 0x33171407, 0x41173736, 
    0x1733102c, 0x27222306, 0x16170607, 0x36373233, 0x2637012f, 0x8216010f, 0x26352229, 0x1aa26b2f, 0x2a11f27d, 0x0e0a29e2, 0x4f10092f, 0x411e1901, 
    0x1e3a0b29, 0x0d11100e, 0x1d0e0729, 0x0e1d2323, 0x0d412907, 0x0119290b, 0x2f09104f, 0xb44b435f, 0x06fb4b09, 0x20012008, 0x43363620, 0x0232314b, 
    0x4b323102, 0x0231324b, 0x4b313202, 0x090d43ef, 0x02113d26, 0x414f101f, 0x0f260b24, 0x0f430909, 0x02820f08, 0x09a5432b, 0x1f10430d, 0x263d1102, 
    0x9142857a, 0x60fe215a, 0x87077a4c, 0x05003807, 0xb8ffffff, 0xc2014102, 0x66005400, 0x7c007100, 0x00008700, 0x47272625, 0x072306e9, 0x70161706, 
    0x342708ec, 0x26273637, 0x4f070607, 0x19820560, 0x220ee64c, 0x82161714, 0x83162011, 0x4d352005, 0x39820e1e, 0x7c220521, 0xa9460f6d, 0x27528306, 
    0x36173627, 0x22232637, 0x03205b82, 0x66820882, 0x17354682, 0x36154002, 0x010a1d1a, 0x05060428, 0x22010701, 0x22333322, 0x2b088222, 0x28040605, 
    0x1d090101, 0x0116351a, 0x23080b82, 0x2e2d0f0e, 0x0c181b2e, 0x150f2c0c, 0x363e0606, 0x1b12121b, 0x06073d36, 0x0c2c0f15, 0x2f1a180c, 0x0e0f2d2e, 
    0xfe214183, 0x071045df, 0x08054852, 0x19026261, 0x03161624, 0x24091f22, 0x22212584, 0x2c2c260d, 0x59220d26, 0x09240219, 0x1603231e, 0x3da42416, 
    0x1a050f20, 0x05313f1e, 0x14060403, 0x23233412, 0x23230101, 0x06141234, 0x31050304, 0x051a1e3f, 0x073c200f, 0x11040303, 0x0d0c1908, 0x302f2d2d, 
    0x0205091b, 0x0b020606, 0x1818101f, 0x830b1f10, 0x0905300b, 0x2d302f1b, 0x190c0d2d, 0x03041009, 0x7c240603, 0x87820ace, 0x233a2008, 0x27281b1a, 
    0x32120930, 0x0a0af522, 0x11112410, 0xcefe1123, 0x3221241a, 0x27300912, 0x4d001b28, 0x012b0637, 0x00c00140, 0x00320025, 0x49232500, 0x9859055a, 
    0x17142305, 0x58571716, 0x16152606, 0x37363317, 0x22038335, 0x51012f26, 0x013c0b06, 0x0a112d28, 0x2524010a, 0x24253636, 0x110a0a01, 0x0202162d, 
    0x16026016, 0x60021620, 0x883d0a83, 0x0f01022e, 0x0f11110f, 0x2e02010f, 0x1d1d1ac0, 0x2626431c, 0x26260101, 0x1d1d1c43, 0x2027841a, 0x20278398, 
    0x2c0a8498, 0x1b3e02b0, 0x12121c1c, 0x3e1b1c1c, 0x219f8602, 0x9f820102, 0x4800292b, 0x22050000, 0x23223107, 0x067f5126, 0x16333222, 0x36219082, 
    0x053f7027, 0x48070621, 0x322605a1, 0x26373637, 0x0d543727, 0x08ce4b05, 0x013f3223, 0x222d8217, 0x82372735, 0x01273a2f, 0x03020255, 0x3b3c5903, 
    0x3c3b0303, 0x02030359, 0x02030b02, 0x472e2c0b, 0x07e76e3a, 0x473a2e08, 0x010a2b2e, 0x4da30e01, 0x06060322, 0x064d2203, 0x37040102, 0x020b010d, 
    0x03444403, 0x370d0a02, 0x06010204, 0x3c020112, 0x3c59593c, 0x29a2823c, 0x10060c0b, 0x3a222201, 0x4585473a, 0x04102708, 0xfc020d0b, 0x0606450b, 
    0x06010b45, 0x4c360505, 0x2402010b, 0x0b010224, 0x0605364c, 0x03000105, 0xc2ff1400, 0xdb822902, 0x7d007437, 0x00008600, 0x06072601, 0x06171617, 
    0x010f0607, 0x2f363735, 0x07154d01, 0x07230b83, 0x82011f06, 0x14152119, 0x0b832182, 0x26271522, 0x37430182, 0x22378207, 0x8216011f, 0x22072ee3, 
    0x06232227, 0x36171607, 0x0615013f, 0x06966107, 0x27263523, 0x2a378235, 0x27263736, 0x23220722, 0x82173727, 0x3736222b, 0x2a418236, 0x27070607, 
    0x16013f26, 0x82362317, 0x0f450815, 0x01272601, 0x07090bc0, 0x01011905, 0x4c221312, 0x0803062c, 0x010f0f1a, 0x190f0e01, 0x3b070405, 0x0504083b, 
    0x100f0e19, 0x02091a0f, 0x214c2b06, 0x19011213, 0x0b090806, 0x1917183c, 0x0838140b, 0x2f1d500b, 0x33008201, 0x16020216, 0x0f290413, 0x0d090901, 
    0x0109090d, 0x1304290f, 0x02201383, 0x20081b82, 0x0b501d2f, 0x0d1c3508, 0x38191810, 0x061b0260, 0x1a080d0d, 0x19018001, 0x050d0d08, 0x7f01011c, 
    0x3b4f8205, 0x22292f28, 0x14361623, 0x10090724, 0x2019190f, 0x0f19191f, 0x3606090b, 0x0b090735, 0x1e210f82, 0x080f8220, 0x07091229, 0x17361424, 
    0x2f282322, 0x09080b28, 0x3f3e2206, 0x41161b46, 0x142a0509, 0x16020121, 0x13020215, 0x12091e1c, 0x8209080e, 0x09122484, 0x82131c1e, 0x16220894, 
    0x14210102, 0x3d09052a, 0x38402a21, 0x236f2038, 0x26260c12, 0x21211311, 0x26261113, 0x0023120c, 0x134f0500, 0x001f260a, 0x002e0024, 0x1c515037, 
    0x27260336, 0x17371537, 0x27350706, 0x36313736, 0x26071537, 0x35270527, 0x5005524d, 0x20371955, 0x40602937, 0xe0372960, 0x452d2c02, 0x01011788, 
    0x2c468868, 0x7101012d, 0x433b1b37, 0x7a4c240a, 0x0b234c7a, 0x3349437a, 0x6cae0d34, 0x6c5d332a, 0x33340dae, 0x4a2a3349, 0x11260a13, 0x3e002c00, 
    0xb5825800, 0x2010a747, 0x19157235, 0x2a671120, 0x5c332007, 0x2c850720, 0x7243c883, 0x21d48507, 0xd2480706, 0x1702500d, 0x270ba746, 0x011b1b29, 
    0x291b1b01, 0x7907c54f, 0x8c470897, 0x5080200c, 0xfe201766, 0x8209fb4b, 0x83802055, 0x20418349, 0x06ef4f02, 0x00200f87, 0x0a200082, 0x3f08bf41, 
    0x004f0048, 0x005d0056, 0x006b0064, 0x0084007d, 0x0092008b, 0x26072500, 0x2f363727, 0x010f2601, 0x26270882, 0x07062327, 0x4e070617, 0x08820662, 
    0x1507062e, 0x16371716, 0x1f060717, 0x013f1601, 0x16260882, 0x37363317, 0x34433627, 0x012f2105, 0x36240882, 0x2f263537, 0x41821a83, 0x3d832320, 
    0x84373621, 0x83068244, 0x27262239, 0x82188217, 0x087d6839, 0x20085241, 0x21478317, 0x4e840706, 0x26856c82, 0xef012408, 0x0c230911, 0x0d14090a, 
    0x3c2e0b0b, 0x1e0f0101, 0x3c01010f, 0x0c0b0b2e, 0x0c0a0916, 0x0f110823, 0x850f0202, 0x0b162222, 0x2022820c, 0x21228902, 0x2283150d, 0x83100921, 
    0x25d53c22, 0x0f0e2a1e, 0x0f043404, 0x251e2b0d, 0x03093168, 0x1b150640, 0x31090340, 0x85830615, 0x411a201b, 0x1a240b93, 0x2a0e0f04, 0x25202888, 
    0x40212784, 0x8b7984df, 0x24798256, 0x16090a0d, 0x859c940c, 0x229c9179, 0x8315067e, 0x207c857f, 0x22968340, 0x85771e25, 0x8583206f, 0x487d201a, 
    0x7d200b6d, 0x7320288c, 0x04219784, 0x0ad34200, 0x35001a2c, 0x59004700, 0x36350000, 0x02843137, 0x08754018, 0x1c550720, 0x89172007, 0x36372217, 
    0x05de4c27, 0x06070629, 0x31371617, 0x7c072237, 0x332005d2, 0x2006fd4c, 0x0ca84923, 0x4c820720, 0x7b423320, 0x0a9f3317, 0x23231a1a, 0x050a1a1a, 
    0x0d030d0f, 0x2e2e2222, 0x08822222, 0x11050f27, 0x0109090d, 0x05f66d01, 0xa020cc82, 0x87055b41, 0x18a75214, 0x131e8539, 0x13010113, 0x030d1e13, 
    0x1a280f05, 0x19010119, 0x050f281a, 0x4ad50d03, 0x002018a4, 0x02300082, 0xc0ff1000, 0xc1017001, 0x50003e00, 0x34250000, 0x8206f448, 0x222321e8, 
    0x83060341, 0x16172208, 0x1b491817, 0x47152007, 0x272612be, 0x37363523, 0xbd7c3736, 0x0629080f, 0x12700107, 0x111f1e11, 0x09040503, 0x1c050836, 
    0x051b3231, 0x04093608, 0x1f110305, 0x0112111e, 0x203f2828, 0x0f01010f, 0x21028220, 0x0a85010f, 0x28283f24, 0x4818b001, 0xe13f0f6e, 0x1923232a, 
    0x0708261a, 0x28070107, 0x05270201, 0x09070701, 0x23191b25, 0x2f422923, 0x84150c2f, 0x8310203f, 0x8410204a, 0x0d132d0a, 0x61432f2f, 0x291b1b01, 
    0x011b1a29, 0x28200782, 0x00225183, 0xef820200, 0xef82c120, 0x2800c027, 0x00003a00, 0x0c715001, 0x944ad9ae, 0x21c58307, 0xc5820f30, 0x7a843020, 
    0xc5940a85, 0x4b100125, 0x83023231, 0x22b48337, 0x820e0223, 0x263988f1, 0x0c23020e, 0x71422f2f, 0xb4840c9c, 0xfeff022c, 0xc001e0ff, 0x2000a101, 
    0xb3823100, 0x4e542320, 0x41262005, 0x162a0697, 0x36373233, 0x37273637, 0xe9621617, 0x51032005, 0x2c080d31, 0xaf010714, 0x05061170, 0x2e391d0b, 
    0x2d384b36, 0x382f0201, 0x2e364648, 0x38230505, 0x1509081e, 0xbb100103, 0x1e27261e, 0x271e1c1c, 0x3e058226, 0x0e01a101, 0x381e0c0e, 0x44353b1f, 
    0x34363443, 0x363d3e2f, 0x01081d38, 0x0e711701, 0x82abfe02, 0x83262026, 0x821e2026, 0x00002605, 0xff000002, 0x289b82c0, 0x000e00c0, 0x29000040, 
    0x05254201, 0x37362129, 0x27262734, 0x83352313, 0x2635259c, 0x012b2627, 0x2107ec4d, 0xb8831507, 0x17161525, 0x84013b16, 0x1407270a, 0x3721011f, 
    0x25823536, 0x6f01232c, 0x0e14e1fe, 0x010f010e, 0x86820f60, 0xa031152f, 0x09090e10, 0x0d090901, 0x0e090a10, 0x220a820d, 0x850a0d10, 0x0ba0210f, 
    0x01370882, 0x492c0149, 0x0a0a0101, 0x0d0d010b, 0x01011014, 0x0d0e140f, 0x4d200101, 0x3c83069a, 0x0e090923, 0x05034310, 0x0908302f, 0xd605050f, 
    0x0f0505d6, 0x00000809, 0x2bbb8403, 0x00c001ff, 0x00200011, 0x0100005a, 0x21101875, 0xcf822113, 0x17160722, 0x9d82cf82, 0x34372724, 0x184a012f, 
    0x82232006, 0x20b1820f, 0x221f8323, 0x82222306, 0x272621ec, 0x14230c82, 0x85070607, 0x073d780c, 0x3424d983, 0x18000135, 0x22059d42, 0x82101818, 
    0x101025a5, 0xe0fe8f18, 0x0321aa83, 0x08e9830e, 0x0d0e013b, 0x1c077015, 0x060a0404, 0x0f080805, 0x030d0d16, 0x030a270a, 0x120d0d04, 0x040d0d11, 
    0x0d270a02, 0x1a0b0b01, 0x0508080f, 0x04040a06, 0x6602061d, 0x01663001, 0x0f015001, 0x20518210, 0x85f7820f, 0xb0fe2107, 0x080b0741, 0x0508fb30, 
    0x08010210, 0x01060506, 0x0c140f0f, 0x11090101, 0x0a0b0b0a, 0x01010911, 0x1111100c, 0x06060501, 0x10020108, 0x04040805, 0x0303d3d3, 0x13410101, 
    0x01802806, 0x002200a0, 0x423d002e, 0x1521056d, 0x88e98523, 0x83172007, 0x262125e6, 0x37352627, 0x03211982, 0x02441823, 0x41172009, 0x01280d30, 
    0x010f3870, 0x500f0130, 0x0b820584, 0x0302402c, 0x081a0108, 0x01400203, 0xa547900f, 0xfe702506, 0x0d0d14df, 0x012cc282, 0x01010f60, 0x01140e0d, 
    0x300f01a0, 0x84051743, 0x20b02f05, 0x30262624, 0x23272630, 0x010fb020, 0xbf50e0fe, 0x8b802007, 0x0b774ceb, 0xb9830e20, 0x41232121, 0x25240cbb, 
    0x16311714, 0x20059859, 0x68b48236, 0x26210afe, 0x098d5127, 0x17161522, 0x06263583, 0xe0100107, 0x94840e14, 0x94852020, 0x0ff8fe3a, 0x1ac01a0f, 
    0x1a010f0f, 0x03040264, 0x02020c02, 0x1727206c, 0x0e090902, 0x02268f83, 0x1a1a1b17, 0xbf841011, 0x0f203082, 0xa02e3c83, 0x08131426, 0x13082b2b, 
    0x37302614, 0x32820265, 0x02040327, 0x07213b6c, 0x05d44518, 0x17071827, 0x2b2c2726, 0x0a775d26, 0x2700a029, 0x3f003000, 0x6c370000, 0x362205f3, 
    0x0282013f, 0x0f061523, 0x22968201, 0x8221011d, 0x056742b9, 0x07011f28, 0x16011d06, 0xb0833717, 0x0120c183, 0x210d7941, 0x30822913, 0x0c062108, 
    0x0309050e, 0x1a01160a, 0x0c0c1439, 0x36024001, 0x0b945236, 0x090e0201, 0x21120107, 0x12020212, 0x01210383, 0x0f80411c, 0x1682af20, 0x06052008, 
    0x050b1e0f, 0x0e1d320b, 0x13130a1d, 0x51c00e18, 0x01023736, 0x1c04040b, 0x890a0709, 0x85910915, 0x0212233c, 0x8641c0fe, 0x0613440d, 0xa0014026, 
    0x34002500, 0x232bc982, 0x16150706, 0x1615011f, 0x4d263307, 0x272006ee, 0x210f134e, 0xad41011f, 0x19692c0d, 0x0f01010f, 0xb01b0310, 0x8310031b, 
    0x1619300a, 0x1e010e0d, 0x1c2d2d1d, 0x0d0e011d, 0x42e1a716, 0x9d410632, 0xe0220806, 0x0e200f01, 0x43060101, 0x06433737, 0x10200d02, 0x17170e01, 
    0x1d1e2c1c, 0x1e1d0101, 0x17171c2c, 0xa58ce00e, 0x0000012f, 0x0002e0ff, 0x1f009901, 0x35110000, 0x051a5036, 0x0809ab7f, 0x06151728, 0x2306010f, 
    0x26012f22, 0x21013127, 0x21223421, 0x0b0c1921, 0x2321201a, 0x01212134, 0x0cb42f01, 0xb40c1010, 0x7382012f, 0x2726362b, 0x0a0a050a, 0x190c0c19, 
    0x2c08820a, 0x06362627, 0x0ba92c41, 0x412ca90b, 0x090b5b00, 0x00001527, 0x31151625, 0x2e568714, 0x013f3435, 0x1f323336, 0x0cf40101, 0x820cd80c, 
    0x87d8204d, 0x8cdc2007, 0x3b15820d, 0xff030000, 0x02c7fffb, 0x00c00105, 0x00480025, 0x3700006d, 0x06310716, 0x0607012f, 0x26105572, 0x27013f26, 
    0x82363726, 0x20ce825d, 0x22208317, 0x8216011f, 0x050c640d, 0xcd622320, 0x84162006, 0x277f8321, 0x26272627, 0x06070607, 0x06822582, 0x82352321, 
    0x82a3820e, 0x3637250d, 0x36333537, 0x362c0582, 0x0c03b427, 0x33180f0c, 0x1309090a, 0x33069b54, 0x1a192620, 0x33140606, 0x03020d19, 0x050e5c0f, 
    0x18296715, 0x2c840a87, 0x321f2a3d, 0x07081f32, 0x0c0b0303, 0x08070d0c, 0x0a11110a, 0x0d0711d6, 0x030b0c0c, 0x83110703, 0x01602d49, 0x420c0e0e, 
    0x0c420a0a, 0x60010e0e, 0xcd2a4f85, 0x08090910, 0x1011510f, 0xb345010f, 0x17012905, 0x21222117, 0x0f0a0f51, 0x022a6382, 0x42a45b0e, 0x0f0e0a0f, 
    0x0a821505, 0x82081121, 0x2d42232a, 0x00820c2d, 0x0f236885, 0x831bde0f, 0x2066835e, 0x2643831b, 0x0606101d, 0x820b430b, 0x06062302, 0x4b851d10, 
    0x210c236d, 0x5b180026, 0x88741579, 0x61342005, 0x072207a5, 0x1b6d2306, 0x069e4915, 0x5705cf43, 0xff20156a, 0x0ce84918, 0x7d06eb43, 0x1424052f, 
    0x38002600, 0x05208196, 0x2010394d, 0x95119017, 0x56ff2093, 0x8d5f0c1a, 0x7ba19b06, 0xc0200c56, 0x200c637b, 0x085f5e04, 0x4a20ab85, 0xbfb5adba, 
    0x8506c165, 0x410c8cbf, 0xcc8c156e, 0x85063157, 0x200c8cd2, 0x05934f00, 0x220b8741, 0x965c004a, 0x410120dd, 0x35201079, 0xdd911190, 0xaf412391, 
    0x0b4b4d23, 0x8b0cbb41, 0x20fa9518, 0x41fb8cfe, 0x0c990cc8, 0x06000022, 0x2210e341, 0x416e005c, 0x1b414c09, 0x0c0a4253, 0x28410c8c, 0x0c24423c, 
    0x42410c8c, 0x8200200c, 0x41072000, 0x80201437, 0x423a3941, 0x39411131, 0x42359123, 0x73422f67, 0x2f564124, 0x8c0c3c41, 0x0c49410c, 0x0c8c198c, 
    0x00820020, 0xf9ff022c, 0x4702c0ff, 0x5800c001, 0x8d666a00, 0x012b340a, 0x37363315, 0x07353736, 0x3f262706, 0x011f3601, 0x67060716, 0x072405cd, 
    0x26272623, 0x8a056b68, 0x17162418, 0x67331716, 0x26200a5c, 0x08cb5818, 0x06071425, 0x59273307, 0xb0661061, 0x30203e07, 0x011b1b29, 0x0e111008, 
    0x1011380e, 0x100f0f38, 0x2d020711, 0x44a0442d, 0x07022d2d, 0x21168411, 0x16843711, 0x1b1b0124, 0x1f473029, 0x290b2206, 0x830e8302, 0x0c0c233b, 
    0x61180b13, 0x01210c36, 0x05904410, 0x2183d020, 0x83060621, 0x8438203b, 0x0f0f235d, 0x02720606, 0x83178f07, 0x06df7949, 0x4f341c21, 0x1923071e, 
    0x5a0d1515, 0x00200c85, 0x3406d744, 0x018002c0, 0x001d00c0, 0x00410021, 0x00730045, 0x23260100, 0xd9591831, 0x62172008, 0x342107af, 0x05f85831, 
    0x1737072b, 0x35300723, 0x31273631, 0x20028326, 0x055a1826, 0x262b8809, 0x37231727, 0x5c112301, 0x352005be, 0x2b243782, 0x06272601, 0x0aa46118, 
    0x11171622, 0x8209c449, 0x2720081f, 0x1c0f2b02, 0x0d130f1c, 0x020b0b1b, 0x24010102, 0x24363625, 0x04040124, 0x74291212, 0xb7904848, 0x2a200a84, 
    0x2420238d, 0x252b2382, 0x90488001, 0x8f6f0148, 0x55720925, 0x80240568, 0x17292818, 0x25050179, 0x2509720d, 0x9a4b148f, 0xa0240805, 0x0e0e010f, 
    0x1b250115, 0x351b251b, 0x07071716, 0x16172205, 0x17160101, 0x0a060122, 0x5224240a, 0x109090a5, 0x23220a83, 0x23915324, 0x9090a028, 0x2701f0fe, 
    0x8d412811, 0x011f2305, 0x09851f01, 0xfe112827, 0x0e0d01d9, 0x07c74b14, 0x0000002b, 0xff0c0002, 0x01f401c0, 0x059b5bc0, 0x0f16012a, 0x14151601, 
    0x07161707, 0x21059a4b, 0x0785012f, 0x27222329, 0x26012f26, 0x85060727, 0x3f262607, 0x34352601, 0x06904937, 0x1f363727, 0x013f3601, 0x05564836, 
    0xa8821f20, 0x17363723, 0x21078316, 0x7b4e0731, 0x01270810, 0x2c0a04f0, 0x0a2c0202, 0x04090704, 0x0e0a0d0a, 0x0c171538, 0x17150e04, 0x040f1415, 
    0x3814180c, 0x090d0a0e, 0x89070905, 0x09052125, 0x142d2583, 0x0f040c18, 0x15161614, 0x170c040e, 0x24258315, 0x0709040a, 0x071941f0, 0x08082141, 
    0x0a0e1926, 0x0d0d0c28, 0x0e0a280c, 0x10081112, 0x12040b0f, 0x0e390a10, 0x04030304, 0x100a390e, 0x0f0b0412, 0x12110810, 0x03232595, 0x8b030404, 
    0x01a92525, 0x21231617, 0x08051d73, 0x16232125, 0x00000117, 0x1d000900, 0xe301c0ff, 0x1100c001, 0x54004b00, 0x6a006100, 0x85007300, 0x9b008e00, 
    0x53250000, 0x3725103b, 0x26312726, 0x07605307, 0x06072623, 0x06b85807, 0x17161728, 0x37323316, 0xb5423130, 0x50098207, 0x262806f3, 0x36373627, 
    0x37260527, 0x222e1a83, 0x07063727, 0x37363726, 0x33323332, 0x194d0706, 0x63112008, 0x5c180ac5, 0x17220ec3, 0x40822306, 0x07163723, 0x23778327, 
    0x33363332, 0x88564882, 0x4a012005, 0x21080680, 0xd60e0909, 0x381a1b07, 0x21181910, 0x10191821, 0x071b1a38, 0x1d05040d, 0x0d04051d, 0x1618190f, 
    0x19870816, 0x16160825, 0x870f1918, 0x89fe3a1b, 0x0b0b1607, 0x06260403, 0x150b0b25, 0x02200606, 0x04010201, 0x130f7c03, 0x21008211, 0x07870f13, 
    0x290f9741, 0x042606a1, 0x160b0b03, 0x3d830f07, 0x20243483, 0xe0160706, 0x250b9549, 0x0f101060, 0x6c412705, 0x05273005, 0x1610100f, 0x29292120, 
    0x1a162021, 0x87010908, 0x20be8217, 0x3b178719, 0x09240ce0, 0x0b14140a, 0x24090aa3, 0x14010a0c, 0x24017d14, 0x06070706, 0x80fe0124, 0x70200987, 
    0x07ed4018, 0x10230787, 0x8315130b, 0x903a082f, 0x1414090a, 0x0c0a0201, 0x00000024, 0xfffaff03, 0x010602e0, 0x000f00a0, 0x002e001c, 0x26032500, 
    0x03072223, 0x17161706, 0x36373621, 0x37362527, 0x06151716, 0x26272207, 0xbd46013d, 0xfa013f11, 0x17170ed5, 0x0c0cd50e, 0xaa011a0b, 0x0c0c0b1a, 
    0x1602eefe, 0x15020216, 0x1808070a, 0x0082090d, 0x05850d20, 0x6c011f27, 0x94fe1515, 0x827b8216, 0xf91621b0, 0x16282382, 0x07021680, 0xf8800a07, 
    0x82081d55, 0x0038082a, 0xfbff0100, 0x8501b9ff, 0x1600c701, 0x33370000, 0x07161716, 0x26270605, 0x2623013f, 0x25372627, 0x0f161736, 0x166ff101, 
    0xff100807, 0x13151300, 0x14714d09, 0x01100709, 0x4c210b84, 0x265c82e0, 0x0d0fe00f, 0x89b31710, 0x26e78209, 0xc0ff1000, 0x54017002, 0x6f200527, 
    0x2b3c2954, 0x31272625, 0x07062726, 0x37361716, 0x8507eb58, 0x1a70540f, 0x54700121, 0xb020325e, 0x3b253383, 0x190f1c2d, 0x07214624, 0x0e1a2425, 
    0x5428201c, 0x0f210864, 0x099e5401, 0x2a348d54, 0x32314b60, 0x1e210102, 0x46011627, 0x012607df, 0x181e2616, 0xfc542407, 0x250a840a, 0x2f2f0d23, 
    0x00820042, 0xffff0323, 0x052768ff, 0x32002027, 0x00006300, 0x08aa5425, 0x4307ca54, 0xca5406ec, 0x06072307, 0xf4653123, 0x0714220b, 0x21298601, 
    0x1b820615, 0x15232223, 0x06917316, 0x53232221, 0x0455058f, 0x01250810, 0x0c1e3841, 0x01010e0e, 0x0610710f, 0x391e0a05, 0x30404037, 0x3001012d, 
    0x37474736, 0x2305052e, 0x26271e4d, 0x5400821d, 0x7b2005f3, 0x2b2e2585, 0x18100f01, 0x0a0a0404, 0x261e1c1c, 0x3d820203, 0x0a091724, 0x2d55211f, 
    0x38f4270d, 0x06050b1d, 0x5c827111, 0x0d0d0e33, 0x0725381e, 0x43363207, 0x34353444, 0x363d3e2f, 0x0b2055a8, 0x01540122, 0x2c322283, 0x1010180d, 
    0x1e090605, 0x1c1e2626, 0x09171d01, 0x56550c08, 0x0f70210a, 0x2d057753, 0x018002c1, 0x002700c0, 0x00680039, 0x51572500, 0x070e4505, 0x1720ef82, 
    0x20132d42, 0x05c1562f, 0x42373621, 0x2a41095a, 0x23262607, 0x17160722, 0x08255a36, 0x06272222, 0x28410f82, 0x30002511, 0x0128283f, 0x201b6d42, 
    0x0f8d5750, 0x56c00121, 0x18280550, 0x1617352f, 0x09090714, 0x3b051056, 0x21181c25, 0x352d0612, 0x052d3746, 0x1d192305, 0x03150908, 0x23400f01, 
    0x422f2f0d, 0x221af856, 0x4270020d, 0x1b22084a, 0x6c84291b, 0x0e01102e, 0x181e0d0d, 0x2923061f, 0x261e1c02, 0x22085f82, 0x0a121d1a, 0x2f341e13, 
    0x18363d3e, 0x0101081d, 0x010f7017, 0x00020000, 0x01c1ff60, 0x00c001f0, 0x57490037, 0xeb820a1b, 0x3441ed84, 0x06ad5814, 0x32572620, 0x8456180a, 
    0xe0012110, 0x1b2ae285, 0x2d443829, 0x2401022d, 0xa9583823, 0x23382610, 0x14010124, 0x0667421e, 0xc945e020, 0xc001210f, 0x1b30c484, 0x2d020121, 
    0x2b3b442d, 0x01130d2a, 0x010f1f0f, 0x0a824787, 0x2b0c132c, 0x232b3b2b, 0x050b1d1e, 0xd0821106, 0x45d0fe21, 0x00200f85, 0x2024e383, 0x0002e0ff, 
    0x3022e382, 0xe3894200, 0x22065d5c, 0x5f072607, 0x134706c2, 0x17372706, 0x36013f16, 0x6443012f, 0x43032008, 0xf020114d, 0x1830dc85, 0x160c0b22, 
    0x13220a0a, 0x2f3e3d36, 0x46363434, 0x2805e842, 0x0b0b2213, 0x22090917, 0x21d98618, 0xf1571edc, 0x1c1c2108, 0x182cd586, 0x17090922, 0x13220b0b, 
    0x2e050523, 0x342e3883, 0x3d3e2f34, 0x0a221336, 0x0b0c160a, 0xd1881822, 0x30588c20, 0x097b7c0c, 0x69005722, 0x200daf41, 0x06405d27, 0x24054d61, 
    0x15070623, 0x5dc98316, 0x17200733, 0x210bcf41, 0x3c62011f, 0x3635240d, 0x41373637, 0x21081dcf, 0x040e5ff3, 0x43150905, 0x26323226, 0x09090610, 
    0x060b0b0c, 0x05091511, 0x0c5f0e04, 0x0c0b0101, 0x1588160a, 0x01011a2a, 0x10382324, 0x0f01010f, 0x85054d5a, 0x23382e0a, 0x1a010124, 0x0c0a1643, 
    0x0b02010b, 0x12ee41f3, 0x43204583, 0x1a293d82, 0x0b0b0611, 0x0609090c, 0x212c8410, 0x7b850c01, 0x26211588, 0x060d4232, 0x010f0f23, 0x215c8501, 
    0x0b830f01, 0x2a0d1327, 0x26323b2b, 0x21978743, 0x0f42b0fe, 0xff0e3514, 0x017001c2, 0x003000c4, 0x13000042, 0x37363335, 0x012b2635, 0x835e0783, 
    0x17062405, 0x44331716, 0x3b22052e, 0x48491501, 0x17162905, 0x37363716, 0x27262726, 0x4405666b, 0xe0340b32, 0x01010718, 0x0c191807, 0x3d080405, 
    0x083d0909, 0x190c0504, 0x41301385, 0x06022928, 0x4b473031, 0x01023233, 0x203f2828, 0x29100b44, 0x0601131d, 0x01110711, 0x38820b0a, 0x0b3f3e82, 
    0x010f010a, 0x13070f06, 0x4532320e, 0x022f2f46, 0x4c313102, 0x0d2f2f42, 0x1b01f4fe, 0x5f28281b, 0x078405b3, 0x0200002a, 0x10002000, 0x70017502, 
    0x252bcb85, 0x06072627, 0x35071507, 0x82232726, 0x44232007, 0xb0830bfe, 0xf6413320, 0x42172006, 0x3622051b, 0xb8430527, 0x8214200c, 0x6b02333c, 
    0x0e0d0d52, 0x0e012101, 0x13010f20, 0x412f2f0d, 0x735b314c, 0x02132f09, 0x010e200e, 0x0d0e0122, 0x0a0a520d, 0xcd8865fe, 0x821b1a21, 0xcb29279c, 
    0x06060b4e, 0x24472710, 0x1017450a, 0x2801312a, 0x0b060610, 0x6b0b0b4e, 0x5d0fb544, 0xc0240a4f, 0x2a001800, 0x24103548, 0x36331716, 0x18295d37, 
    0x01216a8b, 0x5cbd820f, 0x94252243, 0x0f01010f, 0x5ce58293, 0xec5c0637, 0x09df5a0b, 0x2000052d, 0x00003700, 0x37331737, 0x61370727, 0x132119ad, 
    0x05165927, 0x27260736, 0x37362737, 0x17163717, 0x07061707, 0x1e601fb1, 0x474e4f4e, 0x0ab05318, 0x3a472808, 0x01222239, 0x39222201, 0x56a2483a, 
    0x1a1a1819, 0x1b561918, 0x201b4503, 0x31444431, 0x03451b20, 0x5b5bdb1b, 0x5ee53939, 0x473c10ff, 0x233a3a47, 0x97fe0122, 0x07075101, 0x352a0151, 
    0x13285032, 0x28133333, 0x2a353250, 0x38057f5a, 0xc0010002, 0x7c006500, 0x00009100, 0x31373425, 0x32013b36, 0x34353417, 0x05e57335, 0x22232226, 
    0x14151623, 0x2406695b, 0x35363534, 0x05ee4534, 0x37323323, 0x07ee4632, 0x22232727, 0x14153027, 0x05d05f15, 0x33301682, 0x37343526, 0x17163336, 
    0x15140714, 0x37361714, 0x8205c067, 0x2627224c, 0x223f8235, 0x82070631, 0x060c7502, 0x38821c82, 0x0b5a1520, 0x07062106, 0x2b07ba6a, 0x17163736, 
    0x0a09ae01, 0x1819030b, 0x022ad985, 0x06010102, 0x050e0201, 0x08820505, 0x3a3a5531, 0x0a17160e, 0x05010204, 0x0a090506, 0x8718040a, 0x02012126, 
    0x0d232684, 0x85060103, 0x820b2024, 0x06033924, 0x1401c007, 0x10191a14, 0x2409010f, 0x09081111, 0x0304090c, 0x230901a0, 0x0a320b82, 0x0403090c, 
    0x19141402, 0x020e1119, 0x02030caf, 0x44820206, 0x34051663, 0x09091818, 0x0404020d, 0x04020108, 0x0e16170a, 0x06543b3a, 0x210e8201, 0x5f82030c, 
    0x02030122, 0x08282587, 0x0e010e09, 0x09040102, 0x22082383, 0x0106553a, 0x900a0303, 0x141a190f, 0x0f010115, 0x1413040a, 0x01140f14, 0x04060601, 
    0x120509a2, 0x82101414, 0x0605270c, 0x191a0f04, 0x20821515, 0x00000034, 0xfffcff03, 0x017f02c0, 0x002b00c4, 0x0066003d, 0x0e613700, 0x36240808, 
    0x37173233, 0x26022f36, 0x2627010f, 0x1f06020f, 0x1f060701, 0x013f1602, 0x27263736, 0x16332726, 0x17163117, 0x67053867, 0x052305fa, 0x41313734, 
    0x222105c3, 0x28218207, 0x06070623, 0x16151407, 0x4c078415, 0x3721063f, 0x083a8234, 0x20016020, 0x1e282f1f, 0x1f1c0a1d, 0x06180707, 0x0510580e, 
    0x0e4a4a0e, 0x0e591005, 0x06343406, 0x0f82590e, 0x050b4508, 0x1a1b2929, 0x16012001, 0x0d0f2217, 0x1604280b, 0x17222015, 0xbf010116, 0x12120101, 
    0x0e0f131a, 0x30221b1b, 0x0101201f, 0x01191926, 0x01291b1a, 0x1b1b2910, 0x1d111201, 0x1f1f30f0, 0x18170101, 0x23010e25, 0x6387538d, 0x22360826, 
    0x2b1e1e07, 0x05264e83, 0x141e2034, 0x65830114, 0x0102762c, 0x121b0102, 0x1e0a0112, 0xa1831211, 0x02030227, 0x1a1b0302, 0x07434427, 0x18182024, 
    0x0082000a, 0x0000043b, 0x0002c0ff, 0x2800c001, 0x54003e00, 0x00006a00, 0x31233001, 0x35362330, 0x20dd8226, 0x20fc8906, 0x05a15c17, 0x20053a4d, 
    0x201c8337, 0x08b07703, 0x5c05eb42, 0x2120058c, 0x61411594, 0x45362005, 0x634106d5, 0x07062405, 0x8201a001, 0x17162ea7, 0x0e172622, 0x30211a1a, 
    0x0201201f, 0x25b5821d, 0x291b1b01, 0xab874001, 0x877c3020, 0x0c0b2508, 0x01010b0c, 0xfe210584, 0x201593c0, 0x351493a0, 0x08084001, 0x01161722, 
    0x101c1c01, 0x1f200111, 0x0a0a0b30, 0x1c461918, 0xb0fe250c, 0x010d0e14, 0x0e2b3c83, 0x12111716, 0x11120101, 0xa70e1617, 0x08474113, 0xc0018027, 
    0x38003200, 0x059d5700, 0x3117162c, 0x33151716, 0x16011f32, 0x5266011d, 0x05bf7906, 0x26272624, 0x497b2327, 0x79232007, 0x2d820957, 0x23273524, 
    0x71180605, 0x05200ff0, 0x20117051, 0x249c8370, 0x4d141933, 0x05eb5413, 0xe0452020, 0x081a6607, 0x2708a270, 0x80304001, 0x00ff334d, 0x8509a16b, 
    0x400121ea, 0xc02a1190, 0x140e0d01, 0x134d1330, 0xc44f731a, 0x10414705, 0x37851f82, 0x1360a024, 0x217ed04d, 0x08cd700f, 0x00201887, 0x02200082, 
    0x36086342, 0x0048001e, 0x17351100, 0x32213316, 0x0615013f, 0x23070607, 0x88352315, 0x27262303, 0x874f2726, 0x41212009, 0x15280833, 0x23060714, 
    0x3d262722, 0x09af6418, 0x23013d2a, 0x01191947, 0x47191a0d, 0x10226b83, 0x01826040, 0xd454f284, 0x58012006, 0x20200690, 0xd95ac885, 0x01202807, 
    0x08185070, 0x83501808, 0x844020fb, 0x543f8300, 0x2b8506ad, 0x64183986, 0xc02207d5, 0xeb450000, 0x01802e06, 0x002800c0, 0x00400034, 0x16330100, 
    0x24bd8317, 0x11171617, 0x062b4323, 0x15070637, 0x3f361123, 0x26233501, 0x33373627, 0x16373635, 0x37011517, 0x210e8215, 0x0d822726, 0x23053122, 
    0x1720fb82, 0x3133f784, 0x16205801, 0x20160202, 0x60011671, 0x1b121201, 0x8212121b, 0x71162108, 0x02261585, 0xfe021616, 0xa58467c1, 0x02180127, 
    0x18675037, 0x21a78301, 0x19839001, 0x0e442e25, 0x79fbfe1b, 0x60260817, 0x0e1b0501, 0x19832e44, 0x53831820, 0xe6fe1824, 0x2d83ee38, 0x0f1b5c28, 
    0x0f38eeb6, 0xec835c1b, 0x220c4362, 0x82660036, 0x074856c3, 0x23059246, 0x13331617, 0x08059943, 0x012f222a, 0x34353637, 0x1506022f, 0x07011f16, 
    0x06232627, 0x05171407, 0x37363316, 0x07013736, 0x37323316, 0x30312217, 0x17371731, 0x0e831f82, 0x262e2d84, 0x22272627, 0x3027010f, 0x07273435, 
    0x34833027, 0x01011f25, 0x820e14b0, 0x42142000, 0x4b08076b, 0x0c16024f, 0x08140806, 0x08328808, 0x016a290e, 0x2e4b1201, 0x170605c6, 0x88010d01, 
    0x141d1312, 0x78fe0113, 0x0e09080a, 0x7301300b, 0x12060720, 0x0e07073a, 0x34120909, 0x0f100511, 0x520d0b18, 0x230b153e, 0x02010401, 0x0e600119, 
    0x0bb65718, 0xfe0e2008, 0x0102168b, 0x03010a07, 0x0e0d4a46, 0x35280f13, 0x131a0504, 0x0366454b, 0x070e1503, 0x820108cb, 0x01240884, 0x09041679, 
    0x130d3918, 0x031c0913, 0x130d090a, 0x0f331b09, 0x05010e0d, 0x16011f20, 0x0107150c, 0x17020205, 0x33052764, 0xc1014002, 0x29002500, 0x13010000, 
    0x06011d16, 0x21070607, 0x3523df83, 0x18133734, 0x2d132e5f, 0x33072713, 0x0cec4801, 0x140e0d01, 0xec8320fe, 0xeb0c2008, 0x02020930, 0x0d0c0b0a, 
    0x09272808, 0x0b0a0d0c, 0x30090102, 0xef777850, 0xdbfe5001, 0x41181310, 0x18330711, 0x25011013, 0x0c0d0b3c, 0x02010809, 0x0a31310a, 0x82080102, 
    0x3c0b252f, 0x9c9cb0fe, 0x300c3f43, 0x00520045, 0x37361300, 0x33373631, 0x17161716, 0x24058515, 0x37361716, 0x219c8235, 0x9983013d, 0xaf85ca82, 
    0x2723ae85, 0x18232726, 0x2011f146, 0x05257511, 0x0806bb4a, 0x12012028, 0x1ba01b12, 0x08011212, 0x01191925, 0x02161602, 0x200e0d15, 0x10100d0d, 
    0x1401134d, 0x141f1f14, 0x0b0c0114, 0x6b440811, 0x7dfe2005, 0x4025062e, 0x0f800f01, 0x75048501, 0xc03808e4, 0x25191901, 0x02021620, 0x11059b16, 
    0x20401710, 0x0d0d1010, 0xdd1b134d, 0x4b834383, 0x0c112025, 0x5491010b, 0x01220b23, 0x46837080, 0x04846020, 0x04000030, 0xc0ff0000, 0xc001fe01, 
    0x3e002c00, 0xed645000, 0x31332605, 0x07161732, 0x09317101, 0x2305134c, 0x23062737, 0x230b9b6b, 0x37170714, 0x4605d967, 0x332506ae, 0x37363732, 
    0x103f4503, 0x82013f21, 0x23062f4d, 0x01012f22, 0x1d1d168d, 0xfe0b0b16, 0x947507e6, 0x26078307, 0x26261316, 0x75301613, 0x078306ef, 0x8e260723, 
    0x0fef44ed, 0x41453020, 0x40a7240f, 0x830b0b9c, 0x01762950, 0x0d15158d, 0x12e5fe0d, 0x20264489, 0x08010120, 0x678f2629, 0x873c8c21, 0x0d152745, 
    0x150d0e0e, 0x668faffe, 0x9c40692b, 0x15150d0d, 0x02000076, 0x2a008200, 0x80010002, 0x25001100, 0x82250000, 0x181520c0, 0x2408877b, 0x23060735, 
    0x068b6327, 0x27263725, 0x48212726, 0x012405ae, 0xd1161900, 0x01215383, 0x296983a0, 0xf01916d1, 0x0f0f0dd4, 0x2d64d40d, 0x83602006, 0x60102415, 
    0x87e3a310, 0xa3e32888, 0x0aa5cf10, 0x430da50a, 0x142108b6, 0x0a73760d, 0x1d000d2b, 0x45003100, 0x00007500, 0x072a6713, 0x76011d21, 0x1720125f, 
    0x20129176, 0x13737637, 0x06272627, 0x16272223, 0x45b08317, 0x7b18053d, 0x77760830, 0x33152707, 0x36373635, 0x2883013d, 0x76066256, 0xe0600e67, 
    0x0c665d0c, 0x0813212d, 0x0b0b1410, 0x14010105, 0x82481f14, 0x480f25f6, 0x0c0c0b11, 0x2b077676, 0x111de035, 0x13120e12, 0x940c010e, 0x2205e242, 
    0x75040490, 0x71230682, 0x75091001, 0x068605ab, 0x72766020, 0x0c962e0d, 0x0d040b15, 0x14141f0f, 0x0f0f0101, 0x85538201, 0x353f3a59, 0x554e2620, 
    0x251e1d13, 0x000a0941, 0xff000001, 0x01e001c0, 0x004500c0, 0x06f94600, 0x012f262a, 0x37343526, 0x1f323736, 0x08ce6818, 0x16011d25, 0x66373617, 
    0x0d9909a3, 0xe0011531, 0x4b313202, 0x713b5226, 0x110c0b0c, 0x433c0c10, 0x84830552, 0x4032099a, 0x32314bd0, 0x713a0102, 0x0c10100c, 0x3b0c010b, 
    0xf1851701, 0x010fb024, 0x57770f01, 0x83d02006, 0x8ab0200b, 0x060b4117, 0x03420020, 0x82c02006, 0x420c20c7, 0x73230603, 0x18250000, 0x3309887d, 
    0x36271716, 0x33323133, 0x06272627, 0x14150607, 0x013f011f, 0x4213ef41, 0x17231217, 0x83220706, 0x010f2136, 0x2005e74c, 0x069d4b34, 0x9d680720, 
    0x08d97907, 0x26230624, 0xa9620127, 0x152b3006, 0x01030255, 0x14095501, 0x03080810, 0x5df53652, 0x03420bfa, 0x302c080c, 0x10151e12, 0x240b0710, 
    0x0b020230, 0x2e0b0104, 0x0f02021c, 0x06060710, 0x12021c68, 0x2d22230f, 0x2e2e3f4b, 0x1e0e0d10, 0xff00a112, 0xd8304585, 0x01242502, 0x010112c7, 
    0x060b0a0a, 0x1b11bf07, 0x200dfa41, 0x0d184280, 0x150a3a08, 0x130b0c01, 0x0a0f0d22, 0x040b0303, 0x191d0a0e, 0x02010808, 0x061b0b20, 0x192a3607, 
    0x25010119, 0x01063b25, 0xff020015, 0x01bdfffd, 0x00bf01ff, 0x0029001b, 0x27072500, 0x28d08237, 0x0f060735, 0x37363701, 0x22068217, 0x82262706, 
    0x013f2bfc, 0x15163717, 0x010f1431, 0x7d653727, 0xa6410805, 0x2e0322e9, 0x0803010f, 0x094f1703, 0x16102208, 0x0a0a0e78, 0x10072304, 0x124782e9, 
    0x31823112, 0x131a1a13, 0x21e9e428, 0x2e0f0104, 0x4f090803, 0x21070317, 0x04230710, 0x780e090b, 0x82ea0f16, 0x822083a1, 0x12122327, 0x87820028, 
    0xbefffe35, 0xbe01fe01, 0x2d000d00, 0x36010000, 0x1f323133, 0x84151601, 0x07172e70, 0x06050706, 0x33163727, 0x35363736, 0x05cf4134, 0x17160727, 
    0x13372607, 0x36998236, 0x16127001, 0x102e1216, 0x377d3810, 0x1e0a2e31, 0x0e12f7fe, 0x440a0a99, 0x143205c1, 0x01010e0d, 0x060d9a05, 0x98200b58, 
    0x10ae0182, 0x2d832e10, 0x387d372b, 0x0c1f99ce, 0x9a0d0658, 0x0be24405, 0x990a0b2b, 0x0801120e, 0x812e0a1f, 0x20008200, 0x29998202, 0x010002c2, 
    0x000b00c0, 0x97820027, 0x28058958, 0x3727010f, 0x0f060703, 0x44938201, 0x2328061c, 0x15060722, 0x37071714, 0x76339184, 0x16222417, 0x1a010116, 
    0x77b656cf, 0xb21b0713, 0x42040460, 0x013a080d, 0x1b09315f, 0xa5015553, 0x1601011a, 0x18242216, 0xfecf55b4, 0x091b53c5, 0x3c5b5f31, 0x04042709, 
    0x0819b360, 0x74825513, 0x20268782, 0x6001c001, 0x0c821a00, 0x31151624, 0x62670714, 0x059b4306, 0x37011f34, 0x17323336, 0x09b70131, 0x0a00ff09, 
    0x800a0d0d, 0x06830909, 0x83ea6821, 0x57012105, 0xff240583, 0x80090900, 0x09250883, 0x09ea6a09, 0x44528209, 0x7f200607, 0x2c28db82, 0x15010000, 
    0x2b060714, 0x22240586, 0x013d2627, 0x2405e44a, 0x3b363734, 0x26678301, 0x1732013b, 0x82011d16, 0x15162768, 0x09097f01, 0x0382600d, 0xd3824120, 
    0x4406d842, 0x0821058a, 0x220e8309, 0x18402001, 0x830d6f57, 0x28278a0e, 0x00080000, 0x01c0ff0b, 0x3e7b82f5, 0x00280024, 0x0030002c, 0x003b0034, 
    0x0043003f, 0x37272500, 0x27262736, 0x23262723, 0x58010f22, 0x062406bf, 0x33171617, 0x21054e46, 0x1f823633, 0x23170325, 0x82370337, 0x33272304, 
    0x03821707, 0x27233727, 0x07173337, 0x33128633, 0x3737eb01, 0x160b0a0a, 0x150c3a6f, 0x6f3a0c15, 0x0a0a0a17, 0x0a211183, 0x27118b17, 0x172f18eb, 
    0x2a1515a7, 0x92200283, 0x3a230b82, 0x82363674, 0x15433602, 0x14142914, 0x59671529, 0x11111459, 0x12135d01, 0x1111015e, 0x200d8214, 0x230d8210, 
    0x025d1214, 0x012f0d82, 0xfe26260f, 0x8e2121f3, 0x26ed2121, 0x82575f26, 0x250c8400, 0x01000000, 0xdb821e00, 0xc001e224, 0xcd829a00, 0x22230628, 
    0x1617012f, 0x07822207, 0x47150221, 0x454c07e9, 0x06072809, 0x013f2627, 0x82010f27, 0x82232028, 0x055d4c09, 0x2505a17b, 0x011f3637, 0x3a832737, 
    0x26202384, 0x2105ec49, 0x0783011f, 0x35021f22, 0x01210684, 0x066d6727, 0x37011d2a, 0x0f161736, 0x013f1701, 0x0d830784, 0x8505675f, 0x27232374, 
    0x21861707, 0x11821620, 0x0adc0137, 0x19080812, 0x03150405, 0x12051203, 0x0e0e303c, 0x08090a07, 0x05af450e, 0x11110e27, 0x01300e0e, 0x3719823c, 
    0x04150303, 0x09061905, 0x03060a12, 0x141a0c03, 0x16070415, 0x423d3d42, 0x04353683, 0x0c1a1415, 0x08060303, 0x190c0c0c, 0x16130305, 0x2f3b1208, 
    0x233c830e, 0x0d0a0901, 0x11244b83, 0x310e0f11, 0x07214782, 0x82458316, 0x87082026, 0x12052c45, 0x3b430303, 0x0716423c, 0x84151404, 0x10403145, 
    0x16140f04, 0x23431108, 0x11113146, 0x1d0e0707, 0x21053243, 0x52830e1d, 0x2346312a, 0x16081143, 0x10040f14, 0x0f214683, 0x290b8205, 0x23231203, 
    0x08161112, 0x81830f05, 0x40838983, 0x85140321, 0x0e0e2341, 0x41851e0f, 0x870f1e21, 0x03142141, 0x0f203682, 0x0c238383, 0x83070d0c, 0x83112044, 
    0x82032043, 0x18448577, 0x180b7f5d, 0x181b6340, 0x1818324e, 0x22156340, 0x822f2ff1, 0x2f102282, 0x314e1830, 0x2f302509, 0x0e0e1110, 0x20159266, 
    0x852891b0, 0x00002140, 0x2406b743, 0x00c00144, 0x250c8222, 0x11230706, 0x05820706, 0x26272222, 0x2605a743, 0x27113736, 0x6b262726, 0x162a0626, 
    0x073e0107, 0x1601480f, 0x39472217, 0x0f702406, 0x180f4801, 0x280a7957, 0x010d2e01, 0x1722f0fe, 0x23611816, 0x10012c08, 0x0e0d0101, 0x0808700b, 
    0x8d0f0b70, 0x5425206f, 0x262505e9, 0x33373637, 0x8a5d1811, 0x1716250b, 0x33111716, 0x07220582, 0x57183a01, 0x482209d3, 0x75870f01, 0x77846083, 
    0x088a5718, 0xad6a0120, 0x259d8209, 0x0d01f0fe, 0xdf870b0f, 0x82000221, 0x000424df, 0x82211100, 0x00022201, 0x230e82fe, 0x000200fe, 0x2b05b744, 
    0x02bbff14, 0x00c0012c, 0x0100001e, 0x16217682, 0x7e05820f, 0x3f2207dd, 0x9c822701, 0x023f4608, 0x1f163736, 0x907d0101, 0x0d050713, 0x10031868, 
    0x80811110, 0x020f1012, 0x060e6819, 0x40901306, 0x0914130a, 0x162a0140, 0x0e131203, 0x0c139366, 0x4444090b, 0x130c0b09, 0x130e6693, 0x84160312, 
    0x11010111, 0x33718584, 0x80010002, 0x40002a00, 0x23250000, 0x27352726, 0x07061507, 0x83056759, 0x32332eef, 0x33373637, 0x15161732, 0x3b161714, 
    0x2c0d8201, 0x26272635, 0x17372527, 0x26353732, 0x07935723, 0x0722273d, 0x01331615, 0x21182760, 0x18212020, 0x01010f77, 0x1e105d0f, 0x1e27271e, 
    0x420d101e, 0x402005a6, 0x02320682, 0xfe442d2d, 0x108e8ef2, 0x6e100202, 0x0f200f01, 0x0a836e01, 0x0814c030, 0x2f04042f, 0x0f011408, 0x1d010f60, 
    0xb77f1211, 0x0a0d3105, 0x0e090909, 0x022d2d44, 0x110f0f60, 0x1c0c111e, 0x1c215783, 0x4e0a820c, 0x4126063b, 0x2d00c101, 0xbb823a00, 0x31070622, 
    0x1720b782, 0x82093e4e, 0x352628cc, 0x36253734, 0x451f3217, 0x17250be3, 0x25310716, 0x22ae8206, 0x82363317, 0x232734c2, 0x09014002, 0x01200d09, 
    0x1b121201, 0x121bbffe, 0x82200112, 0x010a27a9, 0x0c0b0b00, 0x80826a0a, 0x35290e83, 0xb8fe010c, 0x16020216, 0x25048450, 0x09090dc0, 0x4318a001, 
    0xa020076e, 0x0e274083, 0x0109e00a, 0x82255e07, 0x2433823b, 0x0e0a2f79, 0x242d8740, 0x00000216, 0x17471808, 0x002d2f0a, 0x00410038, 0x0057004c, 
    0x007b0069, 0xbf520100, 0x06be5e07, 0x10542120, 0x52ce8205, 0x052109b0, 0x82ac8415, 0x321725e5, 0x27263517, 0x3623c082, 0x86161733, 0x1537220a, 
    0x05994e16, 0x33070622, 0x0e841b84, 0x6005b972, 0x2621095c, 0x0c897627, 0x17141529, 0xf0013316, 0x180d0e14, 0x2908765e, 0x1f1e07bf, 0x1e1f2b2b, 
    0x9f4c1107, 0xc0012c07, 0x110f50fe, 0x010f0f01, 0x83080870, 0x08082406, 0x830f1150, 0x83602008, 0x20038304, 0x21088780, 0xc98280fe, 0x015b2220, 
    0x6850200b, 0x0d230e1e, 0x45f0140e, 0x2a280582, 0x01011b1a, 0x012a1a1b, 0x01211282, 0x2b6d8300, 0x090c9850, 0x01010f83, 0x7101700f, 0x71250683, 
    0x0c091301, 0x22098398, 0x83c08383, 0x88048406, 0xfec02108, 0x52105a5d, 0x60850680, 0x00820020, 0xfeff0537, 0x8202beff, 0x7700c201, 0xfd008900, 
    0x18010f01, 0x36250000, 0x05907927, 0x27270782, 0x22010f06, 0x6e070607, 0x1f2205ed, 0x0b820601, 0x26272623, 0x85138223, 0x3130230c, 0x0f7d2627, 
    0x84248206, 0x061a4509, 0x07861620, 0x36373227, 0x17313037, 0x05457d16, 0x36230797, 0x6c073727, 0x2720101c, 0x8606787d, 0x37272134, 0x9787998a, 
    0x7a877284, 0x06200790, 0x17238c8c, 0x83013f36, 0x1617218e, 0xb0585186, 0x82332005, 0x012f2513, 0x33363736, 0x85911682, 0x26374d08, 0x16373627, 
    0x02070617, 0x07030f73, 0x180d0b0f, 0x04040203, 0x03040d0b, 0x110d0d06, 0x07070408, 0x090a0a08, 0x0301020a, 0x05070202, 0x0e06050b, 0x0b0a0c09, 
    0x0f080402, 0x0604060f, 0x0a140f06, 0x0b090d0c, 0x0c020d09, 0x1006030f, 0x2c083e83, 0x05101003, 0x11090803, 0x10070310, 0x1804040f, 0x0e0b0714, 
    0x1306090c, 0x0a0e0910, 0x0d090c09, 0x07100a0a, 0x010b0f04, 0x0b010801, 0x0b2142d3, 0x51899020, 0x27820a20, 0x0f21518a, 0x29518711, 0x04040e11, 
    0x0b071517, 0x51830d0d, 0x0a0f0825, 0x8c080d09, 0x21c49351, 0xc4920803, 0x010b0b22, 0x9020c482, 0x5022808b, 0xcc42010f, 0x06dd3305, 0x04030f10, 
    0x060b0c18, 0x01010708, 0x02020b0c, 0xff83090a, 0x0d0c2408, 0x070d1209, 0x04010109, 0x04090f0a, 0x01090810, 0x08050e09, 0x0102090f, 0x0a090c02, 
    0x090c0d0b, 0x87041a16, 0x0510223b, 0x08e58203, 0x09050325, 0x1007040f, 0x080d0a0a, 0x0e0b080c, 0x07131009, 0x0b0e0c08, 0x03171407, 0x06100f04, 
    0x18020204, 0x51bd0415, 0xbe200ba5, 0x062150af, 0x21508409, 0x50850418, 0x15170322, 0x17218385, 0x31bf9e0d, 0x0e080809, 0x0a091e05, 0x090a0d0e, 
    0x0e0d0a09, 0xd543090a, 0x82002008, 0x00033100, 0x02c0ff1d, 0x00c30123, 0x008b0079, 0x01000094, 0x24083943, 0x0726010f, 0x108f4206, 0x87072c43, 
    0x15062907, 0x06073130, 0x013f1617, 0x21052e43, 0x09823617, 0x37363722, 0x210ea142, 0x3d433617, 0x37362205, 0x07494332, 0x12823120, 0x17842682, 
    0x36372723, 0x0cd16227, 0x82141521, 0x09b7427b, 0x081f3208, 0x1f110f16, 0x16140304, 0x0f070407, 0x09041e0f, 0x05051415, 0x0f081c1f, 0x080c1112, 
    0x130b151a, 0x0b100b0e, 0x150d0d12, 0x0d140509, 0x0f010109, 0x08228214, 0x20100f3e, 0x05050204, 0x0405120f, 0x16121108, 0x0a09050b, 0x0d0d0e0a, 
    0x0402040c, 0x08090302, 0x1308070e, 0x0e0e100c, 0x0a050102, 0x05061215, 0x1a070801, 0x10110e13, 0x110d0e0d, 0x04141002, 0x09d25518, 0x30057555, 
    0x02021650, 0x01021516, 0x14590116, 0x101f0404, 0x2d8c820e, 0x02010e15, 0x140c0902, 0x0c150906, 0x8382130d, 0x0b120f3a, 0x0b081916, 0x080f1211, 
    0x05041f1b, 0x04091514, 0x070e0e1f, 0x15150805, 0x2b08b082, 0x0a080e11, 0x1101010b, 0x0303010e, 0x02050c0e, 0x11110802, 0x0a17130c, 0x0501010a, 
    0x140d0101, 0x0b16060b, 0x130c010b, 0x0c140b07, 0x04295882, 0x0f0d0c0e, 0x1d0c1011, 0x213f8223, 0xca52f7fe, 0x8388200f, 0x1502248e, 0x5d000216, 
    0x0d280a3f, 0x36001b00, 0x37250000, 0x08069c78, 0x012b2654, 0x14052113, 0x33163117, 0x36373221, 0x1521013d, 0x33072301, 0x07061716, 0x36272621, 
    0x23273337, 0x1d060722, 0x34352101, 0x01232627, 0x176d4080, 0x08081212, 0x8d171212, 0xfe000140, 0x0e090980, 0x090ec001, 0x0100fe09, 0x0e1529e0, 
    0x0f01010f, 0x0583a0fe, 0x310e0f22, 0x02211682, 0x29208200, 0x0d0dc0a0, 0x0d0d1616, 0x2983e0fe, 0x40201082, 0x40203a82, 0x22056743, 0x8240010f, 
    0x80802110, 0x00212b82, 0x06d34700, 0xc0014226, 0x43002600, 0x2625a582, 0x0f263127, 0x08a55201, 0x27363722, 0x222daf82, 0x0627010f, 0x17161507, 
    0x013f3221, 0x20138236, 0x07ff5f25, 0x5506cf47, 0xc348066a, 0x02280805, 0x10100a38, 0x0e79770e, 0x4e0d0201, 0x03090a0c, 0x0f090a02, 0x2f2129a1, 
    0x02020d37, 0x225a010d, 0x020f871c, 0x68fe0a03, 0x40209082, 0xbb838d82, 0x70210a8a, 0x2030820d, 0x34ab8358, 0x0f0c0807, 0x261a0b0b, 0x600f0201, 
    0x6414010f, 0x0e10100a, 0x213182a0, 0x39900f01, 0x21055755, 0xc7827f02, 0x67004c26, 0x9b008200, 0x3625cb82, 0x3736023f, 0x224a1835, 0x07062208, 
    0x224a1826, 0x210d990a, 0x8e461115, 0x14072505, 0x1716011f, 0x272de182, 0x0f012f26, 0x22230601, 0x3526022f, 0x2b548234, 0x021f3233, 0x07141516, 
    0x32251530, 0x35230e82, 0x82263530, 0x2223261a, 0x1506020f, 0x221a8214, 0x8d340533, 0x2725840f, 0x1401c001, 0x0c080f28, 0x52057744, 0x3c341dca, 
    0x0c10100c, 0x710c010b, 0x4126523b, 0x0116092f, 0x020c1e62, 0x0c230082, 0x8902021e, 0xf2fe2c09, 0x31150204, 0x31030104, 0x84040215, 0x8304200a, 
    0x2f022109, 0x01200682, 0x1a83108a, 0x17100328, 0x0d26100c, 0x7c45c406, 0x53702005, 0x1d530f05, 0xe9fe3b12, 0x0c0b0c3b, 0x710c1011, 0x2801013a, 
    0x3c170c04, 0x02031e0b, 0x03010c1f, 0x88860102, 0x01030124, 0x74849401, 0x8a821482, 0x03200a83, 0x05216e83, 0x898f89d0, 0x00003609, 0xff200006, 
    0x012102c0, 0x001100c0, 0x005f0051, 0x00a70071, 0x0aad59b9, 0x2206f550, 0x42133316, 0x27230883, 0x47232726, 0x701805a7, 0x14210849, 0x05184b07, 
    0x26251a83, 0x33373627, 0x20208332, 0x25328a27, 0x3336012f, 0x15841732, 0x010f2624, 0x24571737, 0x315f8307, 0x16171607, 0x33300517, 0x35333031, 
    0x3f363736, 0x47823602, 0x06242582, 0x013f2627, 0x22220b83, 0x0b8b010f, 0x06221d82, 0x34821507, 0x06011f22, 0x8306bd5c, 0x26372170, 0x01201882, 
    0x3f0c9755, 0x01079f67, 0x0b800701, 0x06010707, 0x142fc713, 0x6c160804, 0x01161727, 0x0111121c, 0xd0231b06, 0x5f201885, 0x7f20248a, 0xa0200b83, 
    0xcf2e1785, 0x0a090808, 0x0605030f, 0x1507130c, 0x7e57b811, 0x6efe350f, 0x1d010101, 0x224a311c, 0x0b060603, 0x02220713, 0x2c010608, 0x0c280b82, 
    0x03300613, 0x27020807, 0x3c2a1785, 0x16160202, 0x11100103, 0x428f121c, 0x09800123, 0x061a4c09, 0x09090d25, 0x8201f0fe, 0x080936a8, 0x1101120c, 
    0x04141608, 0x201f0e21, 0x15061a28, 0x0e101d16, 0x88168413, 0x3408881f, 0x3003029e, 0x010a090b, 0x05421201, 0x0d0d012e, 0x0e0e1414, 0x0549570e, 
    0x331aa233, 0x17112828, 0x09090b6c, 0x6b120102, 0x07030207, 0x270b838a, 0x01079712, 0x0c7a0703, 0x122c1682, 0x021632be, 0x22711601, 0x1e101c1b, 
    0x00323d8d, 0xff020000, 0x02b9fff9, 0x00c00187, 0x004c0033, 0xc6592500, 0x3d362205, 0x06e37001, 0x23068944, 0x07062337, 0x2b05a143, 0x37160117, 
    0x34012f36, 0x2707012f, 0x20058950, 0x088f5525, 0x17013b22, 0x37201c82, 0x3f2b0483, 0x01230101, 0x04129167, 0x82090d52, 0x0d280800, 0x28281f5f, 
    0x0a0c082c, 0x06511b5d, 0x077b3643, 0x0c080b08, 0x13500210, 0x88100c0f, 0x190c950b, 0x080b0c41, 0xb9fe1b08, 0x3f082d85, 0x1a155b72, 0x0c121119, 
    0x0d0a0f0f, 0xfc088ffe, 0x01170f76, 0xa10d0909, 0x1f090a0d, 0x55091110, 0x24014a13, 0x13090560, 0x0c30fe0f, 0x6a0f1310, 0x0a790a0e, 0x08083c15, 
    0x451a0b0c, 0xa00d0a09, 0x522f2782, 0x15030210, 0x02010910, 0x2201100c, 0x82060000, 0x02ba22e7, 0x26e78286, 0x00110008, 0x8224001b, 0x005d23ef, 
    0xef4d0100, 0x23113705, 0x36272617, 0x16171637, 0x33112507, 0x35363732, 0x17232737, 0x14840706, 0x33011f22, 0x2522d68a, 0xfb8a0515, 0x41059a4c, 
    0x02211724, 0x36b4821f, 0x0e305f40, 0x0e0e0202, 0xfd100101, 0x090e3fb1, 0x28380109, 0x820d0240, 0x0d0e240f, 0x8b124002, 0x01e722e9, 0x050b416f, 
    0x0a090a2f, 0x0404921a, 0x2c28281f, 0x5d090d08, 0x0b33411a, 0x0f134f29, 0x0187100c, 0x820ee040, 0xe000234a, 0x49830f01, 0xe0010f2c, 0x090900ff, 
    0xd02cb40e, 0x1285010f, 0x01411020, 0x01023b06, 0x9cde100c, 0x7a090f0b, 0x093c140b, 0x180b0c0a, 0xc2040376, 0x0811101f, 0x46411457, 0x0c313108, 
    0x690f1310, 0x08000000, 0xc0ff0000, 0xc0017802, 0x36370982, 0x53004800, 0x67005c00, 0x7b007200, 0x06250000, 0x36171607, 0x482f2637, 0x312205a4, 
    0x01822726, 0x06012b32, 0x14070607, 0x15171617, 0x36333533, 0x27373637, 0x8408c350, 0x782f200f, 0x1720113f, 0x32254883, 0x26353637, 0x6e2f8227, 
    0x2320050d, 0x15201389, 0x29840a89, 0x27267282, 0x02166002, 0x03831602, 0x0e0c8339, 0x0c0b0c0c, 0x342c2d1d, 0x3636522a, 0x1e111102, 0x121b40df, 
    0x455f0112, 0x60260564, 0x09091220, 0x6f4b8d07, 0x0215290c, 0x070a1502, 0x80160207, 0x40204587, 0x08881288, 0x1b874020, 0x68855920, 0x54021639, 
    0x1f222c1d, 0x17291120, 0x36360218, 0x25242b52, 0x0120b11b, 0x511a1212, 0x20250662, 0x110d0e01, 0x0bd14a33, 0x39838720, 0x0a070725, 0x87300216, 
    0x20118843, 0x4d1b9160, 0xf93305bb, 0x8702baff, 0x0800c001, 0x31001100, 0x56004d00, 0x83250000, 0x070624f2, 0x86151716, 0x011f2408, 0x45363327, 
    0x27200558, 0x43087641, 0x27210a8f, 0x07754d25, 0x25333724, 0x8e411506, 0x4123200c, 0x02210863, 0x05bc495f, 0x85150221, 0x15032dea, 0x1207be18, 
    0x0b070909, 0x0c0d0c0d, 0x22055241, 0x43293040, 0x4f3c069b, 0x100d0f13, 0x080ec9fe, 0x0e080909, 0x12ccfe06, 0xdf1e1111, 0x12111a40, 0xdf570702, 
    0x89244087, 0x02151502, 0xde820383, 0x36080882, 0x3e021516, 0x0e0d0195, 0x23291b10, 0x2a122121, 0x24011817, 0x13090520, 0x0c31fe0f, 0x36101110, 
    0x0d0d0909, 0xf001090a, 0x252b2b25, 0x1fb11b24, 0x19101001, 0x82023906, 0x20038336, 0x23008200, 0xffffff04, 0x2a053f64, 0x0022000b, 0x004a0038, 
    0x62061100, 0x352a05f7, 0x05070627, 0x15233733, 0xd2823233, 0x25061361, 0x27262337, 0x91423f34, 0x21172211, 0x12794234, 0x1111013d, 0x03dca01f, 
    0xa0500101, 0x1592ff10, 0x7f071110, 0x0f01010f, 0x0f950a8b, 0x41ad0f01, 0x42290906, 0x1732333f, 0x031101e2, 0x0647429d, 0x82090821, 0x080136ba, 
    0x1c27262e, 0x0ea1c3b1, 0xc030b80e, 0x04140c0c, 0x010f0f01, 0x20048320, 0x20f0855d, 0x25f08229, 0xa4382221, 0x17420706, 0x25d7830c, 0xc0ff0000, 
    0xe7410402, 0x00352506, 0x1300008a, 0x21054f43, 0xe5422734, 0x26172108, 0x21078276, 0x58432627, 0x3521230a, 0xf1833633, 0x2f200583, 0x20064c57, 
    0x06c25316, 0x07060730, 0x26070615, 0x27263527, 0x06010f26, 0x4f472223, 0x05974707, 0x2f273782, 0x36372601, 0x8316011f, 0x37362241, 0x073d6a16, 
    0x82161721, 0x1617322e, 0x17163317, 0x0fd00706, 0x0e0d0201, 0x0e400f02, 0x22cd8301, 0x43ed0e03, 0x4a200965, 0x3d066543, 0x1b400001, 0x20011112, 
    0x07090913, 0x08160c8d, 0x09090e07, 0x07060509, 0x12110805, 0x36830212, 0x12120228, 0x07050811, 0x18820506, 0x08070e25, 0x820f0c16, 0x2129874d, 
    0x27820b0c, 0x5e841320, 0x0c212784, 0x8225870b, 0x010e2473, 0x820f0111, 0x0d0f2207, 0x06314b02, 0x24020e22, 0x2e0d7d43, 0xb11b2425, 0x12120140, 
    0x0e01411a, 0x8623110d, 0x05052243, 0x23698e09, 0x0c0b0505, 0x6989918d, 0x258a8f8b, 0x00820020, 0x0000032c, 0x4102c0ff, 0x2b00c101, 0x09473d00, 
    0x24635305, 0x2b202483, 0x113b4518, 0x68330721, 0x23200508, 0x21053560, 0x76530002, 0x09012520, 0xe0200d09, 0x0f639718, 0x82c06021, 0x17162ab3, 
    0x17224022, 0x0f010116, 0x1f8b53a0, 0x09090d22, 0x478b6984, 0x0f018022, 0x46823d84, 0x84010f21, 0xfbff21eb, 0x8024eb82, 0x2200c001, 0x4223eb82, 
    0x5b130000, 0xae8207a9, 0x2906564c, 0x15331716, 0x26272623, 0x05833527, 0x17013f27, 0x16173233, 0x05a4641d, 0x21070622, 0x37052261, 0x37343533, 
    0x15173336, 0xda233533, 0x0a0c0c0a, 0x1e900ad0, 0x400f0112, 0x0f32b382, 0x0e149f3f, 0x1520010d, 0xd00f0709, 0x090ee076, 0x15822009, 0x140e0d3b, 
    0x0d14dffe, 0x0e02010e, 0x0e090a20, 0x01c0c010, 0xc10808b8, 0x15010e09, 0x831e8226, 0x01802139, 0x702c2482, 0x0f141301, 0x0909f8c1, 0x0f01a00e, 
    0x14834783, 0xa0010f22, 0x30224682, 0xc3839090, 0x00000625, 0x8302b8ff, 0x003335c3, 0x0094003f, 0x00a6009d, 0x370000d9, 0x34313526, 0x2223013f, 
    0x3624b982, 0x33373637, 0x82054f57, 0x085265bc, 0x82070621, 0x16153401, 0x013f1617, 0x07223736, 0x37132726, 0x06232726, 0x8236010f, 0x36132425, 
    0x8326012f, 0x83362037, 0x05805714, 0xa64a2720, 0x35272605, 0x07062726, 0x823c8215, 0x31421822, 0x07062408, 0x82331716, 0x010f224c, 0x05d95a06, 
    0x16173626, 0x17161517, 0x2505ea6c, 0x3316011f, 0x8b843736, 0x06171626, 0x27261707, 0x20058352, 0x82598205, 0x82508315, 0x24138352, 0x0f141516, 
    0x82488301, 0x07062226, 0x05225523, 0x23260723, 0x05b94316, 0xc4273426, 0x0c080f0f, 0x08070a41, 0x0f080c2c, 0x0e140e0f, 0x1413010c, 0x10101d1e, 
    0x4503020e, 0x25020421, 0x213c3125, 0x14030413, 0x0101930e, 0x010f100f, 0x0e0c0b01, 0x8d434f0b, 0x25234313, 0x2015dd43, 0x20588286, 0x06ad410f, 
    0x3105de4e, 0x45211c01, 0x100e0203, 0x131e1d10, 0x0f0c0114, 0xac8d0e13, 0x0e0e0e33, 0x13040413, 0x25313c21, 0x03040225, 0x0e14130f, 0x066b6509, 
    0x140e092a, 0x070e0e13, 0x12131c1b, 0x0f34b382, 0x6d040418, 0x2f0f0f7a, 0x0f0c1b1a, 0x0101190a, 0x8726010d, 0x87246a83, 0xf1fe0707, 0x441d4244, 
    0x24441968, 0x04012512, 0x0e0e0177, 0x0e22b382, 0x79444002, 0x010e2705, 0x046d7a17, 0xd9831804, 0x1c131225, 0x8201071b, 0x50a88320, 0xa9850770, 
    0x19010130, 0x1b0c1009, 0x0f0f2f1a, 0x00000500, 0x3f82c0ff, 0x2100c035, 0x45003300, 0x88006400, 0x34370000, 0x3736013f, 0x69263736, 0x15250590, 
    0x33161714, 0x2a048217, 0x3732013b, 0x27013d36, 0x4d253526, 0x25670717, 0x21172107, 0x05311190, 0x06072627, 0x3523011d, 0x0f262734, 0x011f0601, 
    0x213c8316, 0x48821533, 0x27215e82, 0x07524d37, 0x4a065e5f, 0x608405c5, 0x26340484, 0x60272627, 0x0201480e, 0x2a110101, 0x12121b40, 0x0d090901, 
    0x0e260382, 0x09090e40, 0xdd5a0e32, 0x495b1809, 0x086e6508, 0x08027118, 0x06485c2b, 0x07800707, 0x08480607, 0x260a8a08, 0x10144044, 0x82010710, 
    0x0e48255a, 0x0909320e, 0x55825284, 0x12120128, 0x0d13901b, 0x00820144, 0x83022621, 0x8260200d, 0x47802015, 0x6024053f, 0xb0130d30, 0x97079468, 
    0x44a72e07, 0x08030305, 0x03082424, 0x09440503, 0x230d8d09, 0x120b0b87, 0x01265982, 0x13130d44, 0x5a83300d, 0x80207a82, 0x60200382, 0x0020b083, 
    0x2d08c74c, 0x001c00c7, 0x13000035, 0x33372627, 0x51431f16, 0x0607220c, 0x050a4727, 0x05273108, 0x23070607, 0x23013f26, 0x012b0607, 0x3f342726, 
    0x35262701, 0xee313734, 0x38120328, 0x74650913, 0x031f1f1d, 0x1d1f1f03, 0x0c10be49, 0xb0fd130f, 0xc73d0583, 0x424101c4, 0x12381309, 0x2b673103, 
    0x0d2a0805, 0x1f1f0101, 0x1f010a01, 0x0103118d, 0x2add840f, 0x0111121c, 0x10130f95, 0x83d0010c, 0x9c2c0805, 0x0f72fd20, 0xad110301, 0x0e01063b, 
    0x6d6f0201, 0x030a0202, 0x03000000, 0xc0fffeff, 0xc0018501, 0x2c001700, 0x00004900, 0x2b262701, 0x3505704d, 0x15060722, 0x33353317, 0x013f1617, 
    0x23072736, 0x0f060706, 0x944d0601, 0x822f2006, 0x272622ab, 0x20bb8217, 0x45038215, 0x3527059a, 0x35333736, 0x67013b36, 0x250805bb, 0x2b7b0115, 
    0x09431914, 0x0d410e09, 0x8001090a, 0x0c0b2b43, 0x8f0a0a16, 0x12121998, 0x13021502, 0x1dbf1d12, 0x09821312, 0x1912112e, 0x280c0103, 0x0c1a0d01, 
    0x010c2702, 0x0d220a85, 0x0a822801, 0x6c2b6221, 0x603d0601, 0x0a0a2b20, 0x420b0c16, 0x19101001, 0x14141de0, 0x14140101, 0x1019e01d, 0x0cad0110, 
    0x232a8302, 0x0c02280c, 0x28214082, 0x823f850d, 0x27db8ada, 0x00280014, 0x13000040, 0x8573c393, 0x17362209, 0x82018216, 0x130721e6, 0x20160441, 
    0x33bc93ec, 0x12121a4d, 0x14130201, 0x0e09080f, 0x01021314, 0xdc1c1212, 0x0121f993, 0x35bc9120, 0x100100ff, 0x1e141911, 0x0808121d, 0x141e1d12, 
    0x01101119, 0xf58f4201, 0x0426cc82, 0xc0ff1000, 0xb349f001, 0x00282206, 0x0b034d91, 0x2007bc49, 0x05e26037, 0xc9820e83, 0x37323322, 0x2005fc43, 
    0x31f68307, 0x011f1415, 0x07061516, 0x26012f22, 0x06072223, 0x0153011d, 0x010f2209, 0x05ba4a06, 0x49050c63, 0x3d8205ae, 0x82343521, 0x05c3652c, 
    0x4d831620, 0x49013d21, 0x332807b4, 0x36013f32, 0x14171633, 0xf0433a82, 0x17162505, 0x20010706, 0x080a8e45, 0x0e0d023c, 0xc0f30f02, 0x080a0a09, 
    0x03011dc0, 0x39383030, 0x39381d1c, 0x0103302f, 0x0f0c531c, 0x09090908, 0x070e0205, 0x0c0b0805, 0x010a090d, 0x0a010f0f, 0x0b0c0d09, 0x0e070508, 
    0x1c820502, 0x490f0821, 0x298505b3, 0x0f010123, 0x212a8a06, 0x2b930901, 0x0f01c127, 0x0e01010e, 0x09b8490e, 0x04506b3a, 0x1e0d5004, 0x2b555681, 
    0x562a2b2a, 0x0d1f8055, 0x0a0901ab, 0x080a0d0c, 0x01206782, 0x02296791, 0x0805070d, 0x0a0c0d0a, 0x86718209, 0x05072292, 0x82928206, 0x0f0822b0, 
    0x85e0830d, 0x010424bc, 0x8305060e, 0x0a09254a, 0x020f0e02, 0x33084b55, 0x00c60100, 0x00500042, 0x35232500, 0x35373633, 0x22012f26, 0x21063f45, 
    0xb9483637, 0x5d162005, 0x26220607, 0x01820607, 0x35231523, 0x05634b34, 0x18821520, 0x21052d76, 0x39832117, 0x16052725, 0x83163117, 0x250d820b, 
    0xf0011521, 0x7f834060, 0x090e5024, 0xeb4d4009, 0x0f012205, 0x26118220, 0x232f2122, 0x83011415, 0x82502013, 0x400f220e, 0x21058360, 0x0583e001, 
    0x0130fe35, 0x01291b1b, 0x1b1b2900, 0xa040fe01, 0x0f0d0220, 0x8202010f, 0xc02f213d, 0x76058158, 0x2e2905f6, 0x08071b1c, 0xbc241b1c, 0x255c8230, 
    0x100f0f01, 0x5b852001, 0x80206083, 0x20085971, 0x46e68220, 0x002c066b, 0x1100c001, 0x37002500, 0x74004900, 0x3746ed82, 0x20da8210, 0x058a4231, 
    0x87423320, 0x27262305, 0x43183723, 0x411810de, 0x1f21106f, 0x21348401, 0x3f820615, 0x2008fe6a, 0x07c24633, 0x25090f6a, 0x27262726, 0xa44a4001, 
    0x08944a0f, 0x1987c020, 0x9218c020, 0x0923090e, 0x53b00e09, 0xd02a0f12, 0x111c1e01, 0x1b1b0112, 0xe587c029, 0x01185922, 0xa971f188, 0x46c02009, 
    0x20200f2b, 0x4018108f, 0x20200c1b, 0x260f1c58, 0x0b1b2b60, 0x871f1818, 0x21078364, 0x7783251b, 0x08846b88, 0x2c08eb43, 0x00c001b0, 0x003b000a, 
    0x0076004f, 0x07cd7f00, 0x35272627, 0x31173203, 0x065c6516, 0x6c181620, 0x172923be, 0x06310706, 0x17161507, 0xaba11816, 0x15073209, 0x06010f14, 
    0x1716011d, 0x26373633, 0x3f362327, 0x05675301, 0xe3452720, 0x05dd4305, 0x14013326, 0x010b0b01, 0x6c660383, 0x18102006, 0x281ff76c, 0x0e0f1610, 
    0x0f0e0101, 0x08078716, 0x27047420, 0x40130115, 0x12020212, 0x2709022c, 0x160e0f0d, 0x04010d25, 0x02061211, 0x010a0903, 0x5f83c001, 0x04846020, 
    0x2007f668, 0x2a6d1822, 0x83cc201e, 0x8760205f, 0x27088460, 0x05050235, 0x101f182c, 0x13286683, 0x2c0b0e01, 0x17021410, 0x022e8982, 0x06120222, 
    0x09011105, 0x00000c01, 0x5f54ff03, 0x00c73b05, 0x002c0021, 0x1300003d, 0x21373637, 0x16011f16, 0x06071415, 0x35172123, 0x03841533, 0x47071621, 
    0x072c079e, 0x17013f34, 0x26272223, 0x35053135, 0x2405dc70, 0x26272623, 0x34298227, 0x0e084a33, 0x1a8c011a, 0x0b064c0e, 0xbafe100a, 0x4080402b, 
    0x09a24737, 0x4a232008, 0x55650f06, 0x010b0a10, 0x0d014040, 0x14e0140e, 0x40010d0e, 0x0c9f01c0, 0x14010114, 0x820b0972, 0x0222261a, 0xca976334, 
    0x09a5472b, 0x0b7a1c25, 0x824f1609, 0x24e5234e, 0xa9424133, 0xa0f02207, 0x24bb8b00, 0x0036002a, 0x22bb8449, 0x82322133, 0x060721bb, 0x2623bb82, 
    0x83070627, 0x35172a03, 0x37323316, 0x15373631, 0x27c48817, 0x31272602, 0x06173726, 0x3122c682, 0x07823317, 0xc1842120, 0x33171622, 0x153f2b83, 
    0x1008175f, 0x08106401, 0x100f153a, 0x2807062a, 0x28281919, 0xb30b0819, 0x08091211, 0x89570705, 0x382a08d1, 0x11112111, 0x110e6a04, 0xce300606, 
    0xfe140f95, 0x12121bc0, 0x01050601, 0x11130808, 0x0d248f01, 0x25255b0d, 0x01010825, 0x03821c1c, 0x8c070929, 0x01010564, 0x89449401, 0xae2c30de, 
    0x1f1a1a05, 0xa1010653, 0x12010a76, 0x82c31b12, 0x8505241f, 0x52ff0300, 0x13240777, 0x4a003800, 0x1522db82, 0xd5820714, 0x1706072e, 0x36373621, 
    0x25373635, 0x27011506, 0x4e074444, 0x272605c6, 0x36373435, 0x0a562137, 0x0327220c, 0x20fb8334, 0x06b14c16, 0x2627223d, 0x06054027, 0x0305040b, 
    0x16190112, 0x06100108, 0x0203c5fe, 0x19256e37, 0x7e020118, 0x182907e1, 0x1c101139, 0x1a25e3fe, 0x0b6c5239, 0x6e669820, 0x09092505, 0x09090d0e, 
    0x2b08a682, 0x161619ac, 0x120e0c20, 0x01150102, 0xf6322901, 0xeafe1515, 0x35350856, 0x3636524d, 0x36360202, 0x2c344c51, 0x31323f54, 0x2d30021d, 
    0x21096452, 0x85441601, 0x24078307, 0x001c1212, 0x2ceb8405, 0x00c00186, 0x00220011, 0x00500041, 0xef54185c, 0x22072713, 0x16151607, 0xbb4f0615, 
    0x4f072008, 0xee8205c3, 0x3d4e3620, 0x0a725306, 0x45012f21, 0x1428056b, 0x21331617, 0x23273736, 0x27059951, 0x33171607, 0x00022726, 0x8707714f, 
    0x13162207, 0x3ad18211, 0x0210c720, 0x25191901, 0x011a5d3e, 0x2b1d1e01, 0x0f2a1e38, 0x22171601, 0x411d1725, 0x0c3c0908, 0x3c7fe910, 0x08022828, 
    0x48010c08, 0x38b80812, 0x25224054, 0x02011919, 0x0916c710, 0x8b05f477, 0x0820395d, 0x06050203, 0x11022533, 0x011a1b27, 0x2c291d5e, 0x02011d1e, 
    0x1a14202c, 0x1b212584, 0x071a4117, 0x0f132a08, 0x260142b6, 0x070c3826, 0x900f0108, 0x1a01336d, 0x0211271b, 0x0300231a, 0xc0ff2000, 0xc0012002, 
    0x80006e00, 0x00008900, 0x05f34f25, 0x8e183620, 0x27200822, 0x230dc55b, 0x26012f06, 0x21058c6d, 0x49180716, 0x16200d04, 0x2a069b48, 0x013f3233, 
    0x17161736, 0x48171415, 0x362008c5, 0x0a668e18, 0x18372621, 0x20094a49, 0x0dc77c23, 0x52820620, 0x0808284f, 0x16040227, 0x1a0d0e27, 0x0908080f, 
    0x0f090b0b, 0x0321201e, 0x0c0c0808, 0x21030808, 0x140f1e20, 0x0f080815, 0x270d0e1b, 0x82118216, 0x832b9b17, 0x222d823f, 0x870e0d1a, 0xfcfe212d, 
    0x200f9746, 0x05d65450, 0xdc160222, 0x32915e84, 0x11216085, 0x978c9311, 0x20ba902d, 0x0fa5462c, 0x00553820, 0x0997430a, 0x72002d27, 0x00007e00, 
    0x079d5b37, 0x16013b23, 0x1c5e4117, 0x06273726, 0x34270507, 0x240a5941, 0x2726012b, 0xea8f1826, 0x12c7410b, 0x07225e83, 0x4c561522, 0x3627220c, 
    0x266b8233, 0x14311415, 0x41157107, 0xca821c5a, 0x0ef51329, 0xa1060217, 0x411a0f0f, 0x0d211985, 0x06b1410b, 0x0b0b0927, 0x01010209, 0x0c635660, 
    0x0a45d728, 0x0e0d140d, 0xda41dc01, 0x124d410a, 0x0f0e172c, 0x010dc004, 0x12177ef1, 0x2a9d0111, 0x23063342, 0x4c010302, 0x2b091844, 0x010637e8, 
    0x01140d0d, 0x00000607, 0x2f064f49, 0x00c00180, 0x00660054, 0x00c4006f, 0x250000d6, 0x51059847, 0x322144f6, 0x064a5237, 0x10652720, 0x08dd4210, 
    0x67430520, 0x3e615206, 0xbe846a88, 0x3d11fa64, 0x13105b01, 0x10130202, 0x130a0a1e, 0x0f0c0c0c, 0x18160c0f, 0x14010219, 0x19020114, 0x0f831618, 
    0x130c0c25, 0x8c1e0a0a, 0x08072325, 0x27840609, 0x86130221, 0x09062327, 0x3e820708, 0xbb202983, 0x21144d64, 0x83518001, 0x3b5e5207, 0x55090921, 
    0xb56409d2, 0x9eeb200c, 0x88d786b1, 0x0f0f23af, 0xd7830606, 0x89111d21, 0x060621fd, 0x15202586, 0x8505cb4b, 0x67202005, 0x9a5608e3, 0x1630560e, 
    0x57522586, 0x0b7c5612, 0x2510a767, 0xff000003, 0x018201c0, 0x00330029, 0x004d0040, 0x4c272500, 0x22290585, 0x2306010f, 0x26012f22, 0x05b64c2b, 
    0x1d060733, 0x16171401, 0x3435013b, 0x1627013f, 0x07373233, 0x050b4e15, 0x05273422, 0x26055b6e, 0x1736013f, 0x85050716, 0x36372836, 0x0716011f, 
    0x8235b501, 0x072030ce, 0x1f1b1906, 0x06191b1f, 0x090e2007, 0x820b3509, 0x02a02913, 0x2723390d, 0xc04a2327, 0x0b301182, 0x0530cefe, 0x0a050606, 
    0x0b0b300a, 0x00010a0a, 0x30240c83, 0x0b0b0a0a, 0xd0220482, 0x22828050, 0x82110421, 0x82042000, 0x50802438, 0x82cd1310, 0x05e02810, 0x13aa2905, 
    0x82e0dd13, 0x13cd2613, 0x05308310, 0x822e8405, 0x05052104, 0x04824684, 0x86050f62, 0x005024df, 0xb6750062, 0x832620e1, 0x055b5ecf, 0x2105f56e, 
    0xf487012f, 0x200acd7b, 0x05714832, 0x23252326, 0x36353726, 0xbe782e83, 0x06072105, 0x34290941, 0x0807078b, 0x08100f09, 0x10060609, 0x04060610, 
    0x10030505, 0x2705830f, 0x0f0f0707, 0x0c0b1120, 0x31087d75, 0x08300701, 0x08070101, 0x0501150b, 0x08010416, 0x2a410b07, 0x09212625, 0x0f080808, 
    0x8404820f, 0x03032a67, 0x03031010, 0x0f100809, 0x825a88b7, 0x78200866, 0x0b300601, 0x04010807, 0x15010516, 0x0107080b, 0x00000100, 0x40022000, 
    0x2e006001, 0x27250000, 0x08b15b18, 0x33363723, 0x052b7232, 0x2a05ed6b, 0x16171637, 0x0714011d, 0x5d012b06, 0x012a0877, 0x0a6993d3, 0xa00a0d0d, 
    0x06830909, 0x836a8821, 0x42a92005, 0x3d6108f0, 0x60532606, 0x09096a93, 0x054e72a0, 0x0a828a20, 0x0d54aa2a, 0x01010909, 0xa10d0909, 0x8a08de43, 
    0x002f2287, 0x08ca5d00, 0x32013b22, 0x23207686, 0x3d217582, 0xe3931801, 0x22a4850f, 0x85800107, 0x09af6148, 0x6e83a920, 0x85886a21, 0x227b8474, 
    0x18539369, 0x860a7277, 0xaa532429, 0x186a0909, 0x24088181, 0x01946a09, 0x07eb4f00, 0x01c0012a, 0x002600c0, 0x25000049, 0x8405414c, 0x08706480, 
    0x8609ab4e, 0x03152312, 0x85480607, 0x44891805, 0x013d2109, 0x21059548, 0x98513435, 0x80012405, 0x180e0909, 0x4f0a3958, 0x344109bd, 0x73b72005, 
    0x4920068b, 0x49200e85, 0x8020be85, 0x60210683, 0x87e28540, 0x076a4e06, 0x01210f86, 0x23258457, 0xd34a0909, 0xd3212785, 0x0594414a, 0x00255182, 
    0xff000003, 0x22cf82de, 0x824500a0, 0x824e20cf, 0x05816ed1, 0x2b060722, 0x83056f59, 0x180a82e0, 0x2909a290, 0x06070607, 0x26272627, 0x9118013f, 
    0x37200994, 0x36300a8a, 0x011f1637, 0x33072723, 0x2733010f, 0x5b450123, 0x40227485, 0x0885330d, 0x04161836, 0x0d0d0504, 0x20050c0b, 0x0c061fc6, 
    0x050d0c0c, 0x18160404, 0x33211c85, 0x30b4860d, 0x1508485b, 0x45470915, 0x5b412021, 0x760d910e, 0x44f685e0, 0x342006cf, 0x06203682, 0x4c214683, 
    0x833d834c, 0x8c342045, 0x13ac2a20, 0xac130101, 0x20404d4d, 0x06674720, 0x01400131, 0x002f00c0, 0x003f0034, 0x00510044, 0x53151300, 0x058205f4, 
    0xd1821520, 0x91180720, 0x3d20087a, 0x1121d785, 0x07b07434, 0x17323325, 0x82311516, 0x35332120, 0x24051c5d, 0x36373615, 0x200f8537, 0xd8b21836, 
    0x15233007, 0x1f30b033, 0x14010120, 0x010e0f18, 0x86301f20, 0x124627a9, 0x0b0b0c0c, 0x9d854a10, 0x30304023, 0x07794970, 0x30307023, 0x07fc4960, 
    0x01202024, 0x358320a0, 0x0f1c2525, 0x831e1919, 0x41202048, 0x20280510, 0x01120c0c, 0x0b0b1030, 0x60230f86, 0x83306060, 0x83602035, 0x82702046, 
    0x274e870d, 0x03000060, 0xc0ff0000, 0x4624e784, 0x5f005300, 0x3420e382, 0x7a529e82, 0x05265b05, 0x8e053143, 0x094274f9, 0x65160341, 0x27200844, 
    0x0721e582, 0x09d55115, 0x73413020, 0x1623220c, 0x8cfe8916, 0x41062019, 0x0a210504, 0x23ef8780, 0x90707070, 0x90210b87, 0x06704301, 0x08d48c18, 
    0x0a030225, 0x41271d1d, 0x1241110a, 0x2e431810, 0x40602108, 0x08a44118, 0x0000002d, 0xffffff01, 0x018301c0, 0x821b00c0, 0x2b26250c, 0x27363701, 
    0xe1500582, 0x3b3e0805, 0x17060701, 0x37323316, 0x01273613, 0x9d0e077d, 0x08070533, 0x0414b00c, 0x07070120, 0x0329920b, 0x0c050411, 0x0607d008, 
    0x7f0d1301, 0x010b0a0c, 0x080bf014, 0x0813c208, 0x30010a03, 0x5e820d0c, 0x00030037, 0x02e0ff00, 0x00a00100, 0x0037001c, 0x01000052, 0x27262723, 
    0x215f8223, 0xb8180623, 0x03261143, 0x27260706, 0x21820607, 0xe17e3520, 0x010f3305, 0x37363316, 0x07161736, 0x23070637, 0x3f262726, 0x38832601, 
    0x37262726, 0x17163736, 0x172c1983, 0x58d00115, 0x7e200d0c, 0x580c0d20, 0x20081f70, 0x3a0987a0, 0x313e276b, 0x08071324, 0x09010108, 0x0304094d, 
    0x1d161307, 0x130f1827, 0x8f1b0c10, 0x2b298910, 0x021d2160, 0x01211d02, 0xfe140e0d, 0x0ec4b818, 0x30f1fe29, 0x14200101, 0x82040306, 0x01012e4e, 
    0x14070808, 0x101e0112, 0x6b130f0c, 0x890e8c09, 0x090b4526, 0xc001492b, 0x3a002f00, 0x16130000, 0x84018217, 0x851520e9, 0x070621df, 0x5d095b42, 
    0x362005ad, 0x4e0a067c, 0x328205bb, 0xe0351734, 0x020b242f, 0x18150701, 0x14191914, 0x160f1518, 0x40422f24, 0x2c462705, 0x2d01012d, 0x0d85462c, 
    0x1b2a403e, 0x1a01011a, 0x7d012a1b, 0x0c091b08, 0x0f160b0d, 0x05f7070f, 0x18160f10, 0x23081b15, 0x28053143, 0x34330d23, 0x33344949, 0x290f870d, 
    0x21210c41, 0x21222e2d, 0xb482f70b, 0xbb410520, 0x821b2008, 0x004324b5, 0x826b0057, 0x173228b9, 0x11151631, 0x18211716, 0x83084587, 0x341125ae, 
    0x17333637, 0x1d221b83, 0xfd471401, 0x013d2105, 0x14231384, 0x46063107, 0x33770575, 0x2027a609, 0x22a58220, 0x4a010f01, 0xfe210655, 0x062e7570, 
    0x8506a546, 0x188020c2, 0x470c3268, 0x6d5a0808, 0x210f8806, 0x1182a001, 0x0fb0fe23, 0x252e8501, 0x22171601, 0x1d825001, 0xd17bc020, 0x06a85a0d, 
    0x20066543, 0x0ee07ba0, 0x2c557886, 0x00e02106, 0x04200082, 0x21102341, 0x21411300, 0x3734241b, 0x183b3631, 0x24090c46, 0x35262722, 0x482f8417, 
    0x13930d12, 0x20160d41, 0x0d847c60, 0xaa869c86, 0xd0868020, 0x20062946, 0x17064140, 0x570c287d, 0x29410637, 0x415e8305, 0x1f460845, 0x05cf4305, 
    0x00082808, 0x0013000d, 0x002a001c, 0x26370100, 0x012b2223, 0x37233307, 0x25330723, 0x26353307, 0x06232527, 0x15070607, 0x57033733, 0x21080d9f, 
    0x01018046, 0x80560202, 0x5c80a05c, 0x4c015c80, 0x0d017668, 0x1b4694fe, 0x06011212, 0x12018680, 0xed5c1b12, 0x00fe2e05, 0x017f2001, 0x68808080, 
    0x11174068, 0x22188318, 0x5cfe8040, 0xe02108f6, 0x207682e0, 0xbb481800, 0x00513107, 0x07062500, 0x26230631, 0x16272627, 0x14171617, 0xef537b82, 
    0x35262505, 0x37363736, 0x63608b83, 0x27262105, 0x33200f82, 0x2b832383, 0x1b823420, 0x5f171621, 0x238305d0, 0x0f823620, 0x3f823220, 0x16070625, 
    0x83000217, 0x211e3974, 0x0d0f1a22, 0x1312010c, 0x12121c1b, 0x13121b1c, 0x0f0d0c01, 0x1e21221a, 0x0123b283, 0x8b011313, 0x12132125, 0x11212582, 
    0x2025921d, 0x99139292, 0x211b215f, 0x85845f95, 0x001d1124, 0xfb820400, 0x0002bc2f, 0x2c00c401, 0x67003a00, 0x00007000, 0x05ea6005, 0x3f343522, 
    0x1805ca51, 0x2008839b, 0x41d58335, 0xc0470715, 0x34132906, 0x23263127, 0x15060722, 0x2520fe83, 0x1f202182, 0x2405f97d, 0x27262706, 0x05bb4135, 
    0x4107ee47, 0x47840728, 0x03353322, 0x3a083183, 0x07062726, 0x0d014001, 0x08500b0f, 0x0f0b5008, 0x1b10010d, 0x16011212, 0x16010d0d, 0x17222217, 
    0x0d0d0116, 0x25240116, 0x07881036, 0x070a0a07, 0x16160207, 0x01f8fe02, 0x830c0e0d, 0x0e0c2130, 0x2a83309a, 0x28380383, 0x0a06070f, 0x0b0b0748, 
    0x060a4807, 0x01280f07, 0xa71b1212, 0x1913130a, 0x66835e83, 0x1313192b, 0x2536a70a, 0x01280124, 0x82628299, 0x01172468, 0x93371701, 0x14092136, 
    0x1421368b, 0x21368509, 0x415268fe, 0x82002007, 0x4d042000, 0x4b2e08ef, 0x5d005400, 0x00006600, 0x31071413, 0xae5f0706, 0x5c4d180a, 0x0e4e4107, 
    0x20102a41, 0x21288223, 0x2d8b3527, 0x36073123, 0x053b6937, 0x08872120, 0x69060321, 0x272b05a1, 0x160d0da0, 0xa00e0909, 0x4109090e, 0x1b230e41, 
    0x8d30291b, 0x29302312, 0x67411b1b, 0x0804530b, 0x87200121, 0x879020cc, 0x70012608, 0x0a131319, 0x05bf4327, 0x3a412720, 0x8327200f, 0x41472049, 
    0x47210f19, 0x8c738201, 0x6918202b, 0x0b830b1c, 0x87d0fe21, 0x08e75a11, 0x2d00c42c, 0x5a003600, 0x6c006300, 0xdd5e0000, 0x17162206, 0x10174115, 
    0x26272623, 0xbf921827, 0x1331210d, 0x23070e41, 0x31171625, 0x09df4518, 0x36373423, 0x0c404137, 0x06071424, 0x32411507, 0x41112008, 0x0127073b, 
    0x10010d32, 0x42242536, 0x12230f7b, 0x42101b12, 0x7e20099f, 0x21071241, 0x4e41c0fe, 0x410d8d0d, 0x41410842, 0x07be2808, 0x2401280f, 0x41a73625, 
    0xa7240f27, 0x0112121b, 0x210ca242, 0x16413afe, 0x8f612007, 0x41ce202c, 0xce220f7b, 0x2c872f01, 0x41a0fe21, 0x003f084d, 0x00000300, 0x4901beff, 
    0x4500c201, 0x56004e00, 0x16130000, 0x37363717, 0x17161736, 0x48010f16, 0x07200735, 0x07231184, 0x4c010f06, 0x26210860, 0x096c4c27, 0x21067642, 
    0x2684013f, 0x02253882, 0x06310706, 0x21498215, 0x27823717, 0x17162d08, 0x0e0ed931, 0x0c0b040b, 0x07060d0d, 0x01031003, 0x0701020b, 0x1235100a, 
    0x0f151810, 0x0a332716, 0x0e0a0b04, 0x0206070d, 0x0d0e0e08, 0x26820b84, 0x821f1221, 0x292a22ef, 0x851c8242, 0x56063337, 0x0113121e, 0x3e252e14, 
    0x0d3d0f0e, 0x017e010f, 0x4f832f04, 0x3c323083, 0x0c090101, 0x010d0b0d, 0x0f0c07da, 0x1d151816, 0x1a872a07, 0x05031c23, 0x290b8734, 0x25261a47, 
    0x3333462c, 0x11872d0f, 0x104d1a30, 0x28251e1e, 0xf8efb81f, 0x06f50105, 0x00820003, 0x0000012e, 0x8101e0ff, 0x4700a001, 0x35370000, 0x3324d482, 
    0x33361732, 0x0f41a718, 0x22054849, 0x79071617, 0x2722062e, 0x2a822726, 0x37363722, 0x21063541, 0x42180607, 0x360808c4, 0x9f311716, 0x0d090901, 
    0x1310080d, 0x0b0a161b, 0x08070302, 0x0a0b0d0d, 0x02150706, 0x0d0a2d3e, 0x0109090d, 0x583d0a01, 0x1d33323f, 0x1e01011e, 0x3f32331d, 0x820a3d58, 
    0x373382d4, 0x443e2d0a, 0x01022d2e, 0x2d2a1b1a, 0x09090e93, 0x060f0707, 0x0c0c0d08, 0x07264583, 0x69150204, 0x3d832801, 0x0c0d0a25, 0x85023809, 
    0x2147853b, 0x3d833702, 0x28294583, 0x2d2d0201, 0x27263244, 0x21de8214, 0xdf820300, 0x8001c022, 0x3027df82, 0x56004200, 0x48010000, 0x23220711, 
    0xb85a1411, 0x08e45d05, 0x35173222, 0x49093f4e, 0x15210650, 0xf1481831, 0x3617210c, 0x4048f382, 0xe4901808, 0x7b212009, 0x0930074f, 0x08150e09, 
    0x2536251e, 0x24010124, 0x1d233625, 0x47072c4c, 0x402005f1, 0x480fb35d, 0xfe21061c, 0x054744c0, 0x01400123, 0x21298580, 0x118200ff, 0x13120122, 
    0x4d834583, 0x85311121, 0x69278517, 0xa020101c, 0x0cad6718, 0x07000022, 0x2506bf47, 0x000d00c4, 0xfb83001b, 0x61005428, 0x00006e00, 0x22553313, 
    0x010f2b05, 0x33161706, 0x013f1625, 0x6b532736, 0x021f2405, 0x5d070621, 0xc41806a8, 0x0725097a, 0x16311716, 0x998a1817, 0x9023200b, 0x23172111, 
    0x2505be46, 0x17161716, 0x0c8b3315, 0x0a824f2f, 0x41060304, 0x06410b0b, 0x010a0403, 0x21088416, 0x15850905, 0x72485b20, 0x09856509, 0x4c088b4e, 
    0xc0200764, 0x25109958, 0x0e0d01a0, 0x16834014, 0x0a89c020, 0x0960012c, 0x08440708, 0x08074408, 0x06850409, 0x24291083, 0x1a121201, 0x12121dff, 
    0x22088301, 0x821b0101, 0x08a34d09, 0x870f7c58, 0x30e0210f, 0x30207387, 0x00360989, 0xfaff0300, 0x4002c0ff, 0x1800c001, 0x43002a00, 0x36130000, 
    0xf3822137, 0x5c010f21, 0x26290512, 0x3d26012f, 0x37262701, 0x05046b31, 0x240b867d, 0x26273637, 0x231b820f, 0x011f0607, 0x0c9b8f18, 0x190b042c, 
    0x0b19b001, 0x3d6a100a, 0xa4822827, 0x40020332, 0x0a0fb70d, 0x29021b01, 0x293d3d29, 0x28020228, 0x292e0783, 0x0a0acc02, 0x25250b0b, 0x0a0a0b0b, 
    0x0b8b2424, 0x16a90139, 0x17160101, 0x2f0d8313, 0x2429412f, 0x0a300102, 0x13e04f10, 0x89a7fe17, 0x9246853e, 0x2148853c, 0x07440000, 0x01802405, 
    0x433900a0, 0x2b240a23, 0x010f0601, 0x20098851, 0x53e78207, 0x9d180a5b, 0x37260cc5, 0x3b363736, 0xcf420101, 0x15252406, 0x42502d09, 0x6b2505aa, 
    0x18170c37, 0x06237f1e, 0x0b21178c, 0x20178218, 0x06b94201, 0x6c130122, 0x2305c242, 0x10101b85, 0x128c0985, 0x2008ab44, 0x20a38240, 0x20a38c3a, 
    0x8ba18915, 0x082a4d0a, 0x5109d443, 0x0120054c, 0x20069343, 0x06fc4cb0, 0xa9869020, 0x76855020, 0x0a2b7218, 0x9d87d020, 0x4b06a94b, 0xf14b06bd, 
    0x212f8507, 0xca780001, 0x086b4405, 0x3300c027, 0x46003e00, 0x05db5100, 0x87821520, 0x27222724, 0x9b852726, 0xc5180620, 0x8d4e0cb9, 0x3115210f, 
    0x500a8d4e, 0x233005ef, 0x2a3ce015, 0x0d0a090a, 0x22180a0c, 0x09090e80, 0x4e09874e, 0x40341695, 0x08191822, 0x23a0015b, 0x0c0a290b, 0x010a0a0d, 
    0x5c091808, 0x8c4eab82, 0x0e9c4e0b, 0x220b642f, 0x212e2e21, 0xf7f70b21, 0x22181908, 0x28cb845b, 0x014002e0, 0x003200a0, 0x2acd8239, 0x35230100, 
    0x07062726, 0x57222115, 0x33200691, 0x2905f942, 0x33171617, 0x33013f36, 0x05843732, 0x37080985, 0x2734013d, 0x06072326, 0x3337012b, 0x35213707, 
    0x20021521, 0x16160210, 0x124bfe02, 0x0c0d0d0c, 0x09091112, 0x09042904, 0x1768100a, 0x125f1b08, 0x19060e0f, 0x17090d24, 0x33065841, 0x520503d7, 
    0x97135c11, 0xa00160fe, 0x16088001, 0x08160202, 0x5a203482, 0x01313b82, 0x9e100c0c, 0x010c0c10, 0x0b691601, 0x094a110a, 0x29d88217, 0x09090e50, 
    0x3b4005eb, 0x1f64208b, 0x000a2d0e, 0x00650019, 0x008e0074, 0x37360100, 0xaf82c085, 0x013f3223, 0x2c0c8236, 0x06010f22, 0x13171615, 0x26273635, 
    0x82d68427, 0x070623b4, 0x90611f14, 0x2f222406, 0xa2232601, 0x1617210f, 0x33260183, 0x37363736, 0x06821603, 0x37873420, 0x0722022a, 0x011d0631, 
    0x07061527, 0x1b830183, 0x34208582, 0x01236582, 0x59010f40, 0x3f290568, 0x03200509, 0x05080e02, 0x24058221, 0x06070101, 0x2dcc8214, 0x160a0797, 
    0x045a0702, 0x06060504, 0x0c846c04, 0x0c856c20, 0x198b5a20, 0x0c843520, 0x37131730, 0x42312827, 0x8d012b2a, 0x020e0905, 0x05852103, 0x4782ed20, 
    0x10012028, 0x08131210, 0x1d830b0b, 0x0e090924, 0x916e6001, 0x257e8206, 0x05043007, 0x0585010f, 0xa4fafe2f, 0x010d0e06, 0x4d0d0909, 0x15030797, 
    0x237a820a, 0x04050606, 0x02267a82, 0x6b080916, 0x0c830505, 0x19845920, 0x92835920, 0x34050523, 0x30198307, 0x1d3a1417, 0x2c2c021d, 0x070d0140, 
    0x04050f01, 0x20058530, 0x296a8247, 0x2e7a204c, 0x12122020, 0x1f830206, 0x8c82a620, 0x00030022, 0x24075770, 0x00330021, 0xc1431843, 0x0517251e, 
    0x25310716, 0x10ae5518, 0x25071f43, 0x26373633, 0x43182627, 0x00241eca, 0xfe010cff, 0x26102b47, 0x16172220, 0x700f0101, 0xc020074e, 0x17d84318, 
    0x0e0ae123, 0x0faf4760, 0x1601a025, 0x820f2217, 0x2d43833d, 0x01000000, 0xdefffcff, 0xa0014001, 0xa2184600, 0x2b200f01, 0x99442a82, 0x82062009, 
    0x059752b8, 0x68060721, 0x332305d5, 0x56363732, 0xcd820ab0, 0x25055b45, 0x0e090931, 0x3c450001, 0x0e382305, 0x09852406, 0x210a2438, 0x0a912e21, 
    0x08080302, 0xe00c0c0d, 0x16080611, 0x14131950, 0x1e859909, 0x14099925, 0x82501913, 0x5101200b, 0x162109c1, 0x05a0441a, 0x1e1e2c25, 0x82096607, 
    0x243d8335, 0x15150fa0, 0x05124d01, 0x8205114d, 0x065b4523, 0x8001df29, 0x3c00a101, 0x89370000, 0x53b289b6, 0x4f450942, 0x52352009, 0x36200976, 
    0x0f232985, 0x85a9b701, 0x9ea92191, 0x2205d349, 0x85ab0b0c, 0x0d094986, 0x0c0bab29, 0x0109090d, 0x579e0a01, 0x88200652, 0x0b20a182, 0x92213283, 
    0x4640857a, 0x2f520618, 0x927a2106, 0x34832c83, 0xae828820, 0x210aaf46, 0x15520063, 0x011d2205, 0x89b68236, 0x85162091, 0x06072390, 0x01822627, 
    0x2221bd89, 0x89018523, 0x07062111, 0x0b92a518, 0x2608d449, 0x2726013b, 0x54363736, 0x31210529, 0x20948290, 0x85008208, 0x1c2a23cb, 0xd74a0a1c, 
    0x030b2305, 0x1385230a, 0x03050522, 0x05210082, 0x210d8505, 0xa618022e, 0xde490a69, 0x2f112607, 0x1f1e0102, 0x20218232, 0x23dd8301, 0x21010121, 
    0x312feb85, 0x2e242314, 0x030b0b0c, 0x0e070703, 0x85441d2d, 0x47602015, 0x4423064d, 0x18363f25, 0x8508eba6, 0x4b35265e, 0x182e2e3b, 0x2e278231, 
    0xff010000, 0x01e0fffe, 0x00a00180, 0x1800002e, 0x470a78a5, 0xd284080c, 0x87183d20, 0x25410a2b, 0x77802a09, 0x040b0c0d, 0x0d060603, 0x06dd5289, 
    0x8200ff21, 0x87172054, 0x85292015, 0x22fd216e, 0x14832283, 0x4a9a2721, 0xa8210869, 0x21148707, 0xb085960b, 0x97418320, 0x4638200a, 0x172006ff, 
    0x200d7b55, 0x06964711, 0x47113521, 0x69410d09, 0x17322708, 0x46e01516, 0x4d542d2c, 0x1b1a2207, 0x2171852a, 0x6d781b2a, 0x09014707, 0x23800126, 
    0x4934330d, 0x26062342, 0x22212ea0, 0x85e4fe0b, 0x1c01258b, 0x2e21220b, 0xfb461987, 0x0600220a, 0x3b008200, 0x80018002, 0x31002400, 0x4a003f00, 
    0x60005500, 0x17010000, 0x16013b16, 0x15171617, 0x0f249982, 0x26070601, 0x4a05646e, 0x322705db, 0x3336013f, 0x51011732, 0x152705c1, 0x1f161714, 
    0x4f352501, 0x37200570, 0x3521bc82, 0x06316131, 0x84070621, 0x07d96841, 0x8306e068, 0x013c0815, 0x1d18268c, 0x0f101861, 0x19180101, 0x44356c29, 
    0x296c3544, 0x01011819, 0x6118100f, 0x2225191d, 0xfe222a2a, 0x280123f8, 0x0f0f0107, 0xcc011d19, 0x01280701, 0x0f181e23, 0xe080fe0f, 0x0f203482, 
    0x08880484, 0xa020e022, 0x04840b83, 0x19690123, 0x2f468310, 0x20202a55, 0x02211b0b, 0x0b1b2102, 0x552a2020, 0x103d6c83, 0xfe171719, 0x304535fd, 
    0x19550701, 0x07071313, 0x0107554d, 0x07354530, 0x19131307, 0x0585462d, 0x1806ba77, 0x2f0ce447, 0x00000100, 0x8001beff, 0x5000c201, 0x16010000, 
    0x11b5a918, 0x010f2223, 0x05444d15, 0x66091f4f, 0x7257061d, 0x11352709, 0x33363734, 0x03841716, 0x2509364f, 0x2b1b0101, 0xe4411c1d, 0x0e0d3407, 
    0x24060614, 0x140e0909, 0x0b051608, 0x060c0d0c, 0x724e0405, 0x0921086d, 0x05d2410e, 0x18091128, 0x0820301e, 0x22872307, 0x5f011327, 0x2d1f1e05, 
    0x271e85d0, 0x0d0e14d0, 0x9a640201, 0x02220d82, 0x42833c0f, 0xda212783, 0x8316832b, 0x2126864b, 0x20822001, 0x01240f82, 0x5f060821, 0x36242587, 
    0x03000000, 0xdc2def82, 0xa401c001, 0x3a003600, 0x00003e00, 0x0aad5a25, 0x74091245, 0xa35a05f6, 0x05a65b0f, 0x3637362d, 0x2335031f, 0x3315012f, 
    0x44390701, 0x01250df7, 0x610e1616, 0x27139164, 0x0f0f2a8c, 0xc03a3a77, 0x2006024e, 0x252185c0, 0x05081780, 0xcc459212, 0x06134e06, 0x1383c020, 
    0x1640d226, 0x56564016, 0x0232af87, 0x00840180, 0x002d001b, 0x01000046, 0x22312306, 0xfb592627, 0x36372106, 0x3724b383, 0x26113736, 0x05201382, 
    0x29107a63, 0x22232605, 0x26270607, 0x475f013f, 0x8216200a, 0x42022d11, 0x7f83837f, 0x01121318, 0x19121201, 0x12210b84, 0x230b8213, 0x3efe1813, 
    0x0cdd4918, 0x4e4c5a2f, 0x060b4a4c, 0x05310605, 0x20050808, 0x3205835e, 0x0506066d, 0x267e010b, 0x0d0e0626, 0x19c0fe19, 0x84060e0d, 0x011a220b, 
    0x200b833f, 0x083d449e, 0xa5324982, 0x08010c0d, 0x07440909, 0x088b2c07, 0x080aa507, 0xd6820108, 0x3105d75a, 0xa0018001, 0x35002c00, 0x00003d00, 
    0x31171613, 0x4b471716, 0x0a7f410d, 0x2606ec5f, 0x37343533, 0x5d013b36, 0x215c051b, 0xc0232609, 0x0d2a2b3b, 0x24b88503, 0x2b2a0d03, 0x06cc4b3b, 
    0x8f821185, 0x0b5b8034, 0x60201818, 0x2060bbbb, 0xbb0b1818, 0x2401a001, 0xa7853823, 0x24233822, 0x4607d24c, 0x602006a6, 0x802b3682, 0x0111121c, 
    0x01404040, 0x581c1211, 0xaf8407a7, 0x49004326, 0x57005100, 0x1623b191, 0xa1071415, 0x86c890bf, 0x343524c5, 0x82172327, 0x3736260b, 0x292934b0, 
    0x06937217, 0x00820120, 0x1324c385, 0x34292917, 0x4106bd4c, 0xc3820ba0, 0x1f4e702f, 0x9e9e502f, 0xbf0101bf, 0x2f509e9e, 0x22dc821f, 0x852b1a1a, 
    0x09ce46dc, 0x1a1a2b22, 0x4707c050, 0x365e0675, 0x82402006, 0x1f60254e, 0x20402001, 0x60232c83, 0x861f0120, 0x02c028ef, 0x00a00100, 0x822f0023, 
    0x005621f1, 0x3049b018, 0x43502520, 0x08c74108, 0x41113521, 0x36230dbe, 0x82373637, 0x185020a7, 0x202417b0, 0x4c5a1850, 0x085f4208, 0x01305025, 
    0x4f140e0d, 0x802006c0, 0x0220c782, 0x23e1af18, 0x20016024, 0x4c83301f, 0x21067a47, 0x39822001, 0xe95e7020, 0x01002408, 0x4dff0000, 0x37260517, 
    0x14010000, 0x54183107, 0x54180863, 0x8c420e6f, 0x25059105, 0x15161732, 0xa5824002, 0x038a6020, 0x8f06e643, 0x83012012, 0x87888317, 0x8edc8503, 
    0x04002111, 0xd0259382, 0xb0018002, 0x085b5700, 0x55213721, 0x7f4211de, 0x21232107, 0x18113a56, 0x2107caa9, 0x3791013b, 0x43562720, 0x57062008, 
    0x03200652, 0xa0221187, 0xe3554001, 0x4240200d, 0xff21057e, 0x20168d00, 0x06ce4aff, 0x11562d8e, 0x18012008, 0x20088c40, 0x071c56c0, 0x5537e021, 
    0x37200fd6, 0x3720fd85, 0x870fff55, 0x222f9017, 0x85160268, 0x8140184d, 0x90fe2108, 0x490a0e56, 0x50200a37, 0x5608434a, 0x0724050d, 0x15010f06, 
    0x33230a8a, 0x55363736, 0x1628051c, 0x17071617, 0x07060706, 0x2a05765d, 0x26270607, 0x36372627, 0x8a35013f, 0x3734280a, 0x60313336, 0x4909090e, 
    0x0989095c, 0x24344031, 0x0a010424, 0x090d0e09, 0x06010108, 0x834e3636, 0x09704929, 0x210c7a49, 0xf482a001, 0x7c492320, 0x891d2009, 0x019a250a, 
    0x08352222, 0x4b824483, 0x334e0824, 0x2a820233, 0x200a9249, 0x099d491e, 0x8a823620, 0x2a08b743, 0x00c00140, 0x002f0011, 0x18540041, 0x830bc565, 
    0x20ca82d3, 0x05994327, 0xe2841120, 0x27230723, 0x18038323, 0x7d099350, 0x252011dd, 0x8305874d, 0x7b16202f, 0x902006ec, 0x0f135018, 0x1b700122, 
    0x25058053, 0x4010101b, 0x0382e010, 0x10871020, 0xfec0012a, 0x2d2d44e0, 0x2d2d0202, 0x08a3d318, 0x1e000123, 0x07fb4702, 0x011e0226, 0xd0010f0f, 
    0x830be46d, 0x01f0265d, 0xfe1b1212, 0x204583a0, 0x83008220, 0x6001210d, 0xfe210d83, 0x83498b70, 0x0cb32259, 0x07004821, 0x730c2128, 0x0f01010f, 
    0x8b180073, 0x20390787, 0x1800c001, 0x33002e00, 0x65004c00, 0x36130000, 0x021f3233, 0x0f141516, 0x6d491802, 0x18172009, 0x1808ba59, 0x260aa558, 
    0x17071701, 0x47052737, 0x318d053a, 0x94013721, 0x02f92a15, 0x0e020505, 0x26050526, 0x2e09840e, 0x27040427, 0x130fb20e, 0x0e230e14, 0x8683fe0e, 
    0x7d013208, 0x69186922, 0x393afe18, 0x08080315, 0x07391503, 0x22098907, 0x8f386101, 0x08382415, 0x88bb0108, 0x225d8953, 0x820e0926, 0x13142457, 
    0x8683fe0f, 0x7d012208, 0x2059832d, 0x85528d3a, 0x00ff225c, 0x8f488215, 0x0100215c, 0x2608af4f, 0x25000055, 0x671d0617, 0x3126065b, 0x07260726, 
    0x01433122, 0x27342105, 0x87053d56, 0x3023251c, 0x012b2231, 0x21058866, 0x5318013d, 0x06361a91, 0x23070607, 0x01010002, 0x10110b0c, 0x02010101, 
    0x11390101, 0x33600c0b, 0x21148206, 0x00820238, 0x12821020, 0x159b5318, 0x09090128, 0xa0a0200d, 0x22830404, 0x01203f82, 0x58203282, 0x20057e44, 
    0x82348258, 0x0170230d, 0x53184502, 0x0d2215a6, 0xdc820909, 0x2e20df89, 0x9083df84, 0x36372725, 0x5526012f, 0x1f2005a5, 0x2721be84, 0x21c48a35, 
    0x02590517, 0x33b88405, 0x7b1b1212, 0x0c0c5126, 0x08090d76, 0x0a553c07, 0x1b661f06, 0x0d4a5418, 0x0cff0023, 0x83a78601, 0x43402e19, 0x075d0c0d, 
    0x530c0908, 0x340c0947, 0x183f8201, 0x220a4654, 0x850e0ae1, 0x02002196, 0x22087741, 0x513e0021, 0x27262325, 0x23272635, 0x72180706, 0x20511317, 
    0x01f82b22, 0x010f300f, 0x01010f38, 0x0a8a380f, 0x201b1651, 0x842d9018, 0xcb571838, 0x01492408, 0x453800c0, 0x8f630853, 0x05254409, 0x63171621, 
    0x31241e96, 0x09090ec0, 0x21078a63, 0x4c592c21, 0x212c2107, 0x25169263, 0x0909c001, 0x8a63230e, 0x01192107, 0x21073359, 0x91631901, 0x26ab8219, 
    0xff000002, 0x828001c1, 0x001227ab, 0x2900003b, 0x1e692201, 0x32212a06, 0x34353637, 0x25232627, 0x09b47133, 0x14863320, 0x18012b21, 0x1809d24d, 
    0x21082d4c, 0xe24f6001, 0x58551807, 0x70d02108, 0x1805af46, 0x8c072e58, 0x2a0c830d, 0x09090908, 0x0a090d0d, 0x840e6ff0, 0x8c6f200a, 0x4b3d8621, 
    0x033c050f, 0x3d02c0ff, 0x0d00c201, 0x2d001c00, 0x36010000, 0x13173637, 0x2b060716, 0x11272601, 0x2d056f4e, 0x26272623, 0x1736013f, 0x37260331, 
    0x92581621, 0x82212005, 0x2f410813, 0x01000101, 0xe0070b0a, 0x09050405, 0x2c010fe0, 0x0f01010b, 0x04050980, 0x0b078004, 0x021203ce, 0x04031216, 
    0x2c21220c, 0x212bc9fe, 0x01040c22, 0x03040bb0, 0x08c0fe09, 0x0f010908, 0x03514001, 0x3634820c, 0x08080701, 0xfe030ae0, 0x030311cd, 0x192a0f11, 
    0x19010119, 0x820f2a19, 0xff022f9c, 0x01c0fffc, 0x00c80104, 0x006e0054, 0x99823700, 0x75842720, 0x5b5d0482, 0x20148707, 0xcb791827, 0x3017270e, 
    0x17161731, 0xc8820716, 0x30213382, 0x231f8731, 0x3132011f, 0x33211782, 0x20388532, 0x0574462f, 0x66553220, 0x46072005, 0x232006a8, 0xe1336083, 
    0x12060617, 0x1c1d1e12, 0x0a0b2b0c, 0x180b0204, 0x181a102d, 0x2907b1c5, 0x2d481520, 0x09050621, 0x24841009, 0x151a1b2e, 0x0f0f2f0d, 0x18160105, 
    0x0a1d1a26, 0x09362587, 0x13232001, 0x311b2311, 0x08090509, 0x0b03a011, 0x06020d0b, 0x29830107, 0x05230b83, 0x83010b0b, 0x156f355a, 0x1a192c22, 
    0x03080d0d, 0x100c0b0e, 0x0710080e, 0x06050903, 0x3d053e6a, 0x1f0b040b, 0x15202718, 0x23150e16, 0x0d19192b, 0x0d04060c, 0x0d140b0c, 0x06060b0d, 
    0x2582030c, 0x0e820c20, 0x0e030627, 0x170c0307, 0x27268333, 0x07070f60, 0x01020202, 0x14201682, 0x01210a83, 0x38558404, 0x00000600, 0x0402e0ff, 
    0x1e00a001, 0x34002700, 0x4b004400, 0x00005700, 0x08955c25, 0x36213325, 0x18272637, 0x34087ea8, 0x16171633, 0x26273317, 0x16373627, 0x17070617, 
    0x06011f06, 0x3a118207, 0x07262735, 0x31273425, 0x16073526, 0x14151415, 0x27361723, 0x37361507, 0x82070627, 0x26312a3e, 0x33152327, 0x01371732, 
    0x06f15120, 0x0f700127, 0xfe0f0101, 0x07934790, 0x330d0326, 0x60204934, 0x08053b49, 0x22160228, 0x13061306, 0x48160202, 0x0109163f, 0x7d01021d, 
    0x2a5b0101, 0x29399f05, 0x920a0850, 0x392e2d16, 0x0d131008, 0xb74e8082, 0x0f012106, 0x122a4c82, 0x121b1b12, 0x2c460112, 0x8449012d, 0xb7280808, 
    0x03030916, 0x46021614, 0x70140718, 0x03020606, 0x0204035b, 0x35280102, 0x06427e49, 0x03082423, 0x1d1e32af, 0x5e0cc001, 0x29054759, 0xc0010002, 
    0x77005300, 0xeb598300, 0x011d2406, 0x82011f16, 0x630720f1, 0x2b20058a, 0xed82eb82, 0x1d201284, 0x67520b84, 0x012f210a, 0x82067e42, 0x05bb491e, 
    0x2005cb51, 0x08655235, 0x66053121, 0xa35b052d, 0x6c172007, 0xbc180958, 0x013415fb, 0x09090e90, 0x0c0a1113, 0x07050404, 0x0a0c0c0c, 0x17021010, 
    0x0229eb82, 0x14223420, 0x16160114, 0x05be4323, 0x18131722, 0x2805f25e, 0x11170c0c, 0x0e0e1514, 0x21218701, 0x21822415, 0x4c70fe21, 0xc02028d3, 
    0x12222982, 0x6d840804, 0x05327583, 0x0f0f0108, 0x150f2317, 0x251d1d0e, 0x1d1d2704, 0xee46150c, 0x06133205, 0x0d080f0d, 0x020b0b0d, 0x0b100703, 
    0x150e0e01, 0x24258604, 0x0d1e1d28, 0x20248216, 0x27fe4c40, 0x00020022, 0x2d07536a, 0x004e0026, 0x07060100, 0x23070631, 0xec593315, 0x06b85605, 
    0x26233522, 0x5c05466a, 0x172805ff, 0x35330315, 0x27363723, 0xa47a2583, 0x88212005, 0x06332320, 0x3f82011f, 0x3316173b, 0x02013f32, 0x12120100, 
    0x112ea81b, 0x470b0605, 0x0a471110, 0x2e110506, 0x080b4aa8, 0x09838020, 0x4787c726, 0x31091807, 0x118d4318, 0x1809302d, 0x11874708, 0x12161612, 
    0x83200111, 0x01402d1f, 0x470c0d0e, 0x0c470e0e, 0x40010e0d, 0x8f7d5a83, 0xff402608, 0x1a084000, 0x83138d1e, 0x1a1e2b33, 0x11104008, 0x00001011, 
    0xeb840300, 0xa001022a, 0x1a001500, 0x00004300, 0x22053a50, 0x87373635, 0x07062ad7, 0x25210706, 0x21152135, 0x05084103, 0x1641f78e, 0x2726230e, 
    0x81881523, 0x2309d25e, 0x800180fe, 0xa0200383, 0xa0208d83, 0x3025ed88, 0x01161722, 0x0b0a4126, 0x0f012624, 0xb2912050, 0x40404024, 0x36870001, 
    0x16235f85, 0x8b102217, 0x0f1023fc, 0xcf8c4001, 0x5f593e20, 0x098b4109, 0x17162126, 0x25151716, 0x920fbd41, 0x25f883c5, 0x35332731, 0xb2411523, 
    0x0fa95f05, 0x9fe0fe21, 0x22eb84c7, 0x8d20a0a0, 0x121224b7, 0x89c0401b, 0x83c693e1, 0x23f18230, 0x06000000, 0x2c088368, 0x004d001a, 0x0069005e, 
    0x007f0074, 0xa3931800, 0x011f2c1a, 0x3f323316, 0x34353601, 0x8226012f, 0x22232b02, 0x2706010f, 0x35302726, 0x0b842627, 0x07210e82, 0x21258206, 
    0x25821617, 0x31220783, 0x13872637, 0x36013b33, 0x012f3637, 0x37363303, 0x06232726, 0x37171607, 0x832c8426, 0x36072215, 0x83288327, 0x22012237, 
    0xa9c81822, 0x39483f0e, 0x0122223a, 0x0e0a19d8, 0x090d0c15, 0x04071209, 0x0607030a, 0x0c080b03, 0x0b050305, 0x06821313, 0x23032708, 0x07050510, 
    0x0d0d0704, 0x0a0a100e, 0x3a040327, 0x0b271410, 0x2b0b0102, 0x0b1e0907, 0x16070403, 0x010f100a, 0x04840f01, 0x0e06a725, 0x8408030d, 0x0a142504, 
    0x200b0b0a, 0xc0200484, 0x7e916685, 0x10692c08, 0x0c0f1107, 0x170b0f0e, 0x071a0a0a, 0x01090f04, 0x06010302, 0x03070f0f, 0x0f081102, 0x0d061010, 
    0x04050605, 0x020d0404, 0x8210da02, 0x0b0a2e84, 0x01031306, 0x16080909, 0x0f01cffe, 0x2775820f, 0x0d95010f, 0x180e0603, 0x50250484, 0x0a0a0b0b, 
    0x22048420, 0x7e040000, 0x2e3108b3, 0x62004300, 0x00006800, 0x33173613, 0x3f341732, 0xcdc31801, 0x15222308, 0x9f531530, 0x0714220b, 0x08fd7d17, 
    0x51370121, 0x22250518, 0x013d2627, 0x06316436, 0x36053127, 0x26151737, 0x05cc6c27, 0x4b833520, 0x35263722, 0x2d09575a, 0x06173517, 0x0def3107, 
    0x161a700c, 0x62724001, 0x02402405, 0x44400209, 0x402205f0, 0x167e9a03, 0xb1c83809, 0x880c0808, 0x0108080c, 0x29291b1b, 0xff011b1b, 0x89050200, 
    0x863f2535, 0x03032236, 0x2b36870f, 0x38275fb0, 0x01041d01, 0x4001010b, 0x23057a72, 0x12010140, 0x2206fe76, 0x7e780e0f, 0x9e220929, 0x51820443, 
    0x04205882, 0x2707c472, 0x6d0d10a0, 0x3f21068f, 0x02233786, 0x45252002, 0xdf2405f0, 0x06264a76, 0x2b0ab346, 0x008b0079, 0x13000094, 0x16333736, 
    0x233bc582, 0x37171615, 0x36372627, 0x0716011f, 0x07012f06, 0x35331716, 0x17163736, 0x58070615, 0x1720054b, 0x2805de75, 0x3f262706, 0x07062701, 
    0x21368515, 0x40822726, 0x27263524, 0x36841707, 0x37234084, 0x85232726, 0x24408436, 0x27373633, 0x2c368407, 0x0f161736, 0x37361701, 0x27262335, 
    0x20218231, 0x05d25a31, 0x4f373621, 0x1982059c, 0x31051d69, 0x501602c0, 0x16020216, 0x18232f10, 0x110e0e0b, 0x04833811, 0x1c180b24, 0x18512206, 
    0x06222907, 0x110b181c, 0x380e0e11, 0x0b240483, 0x102f2318, 0x36b43183, 0x200fb963, 0x08f96770, 0x0985a820, 0xda9b6ccb, 0xe9639820, 0x5298200f, 
    0x02200b07, 0x2508e342, 0x007f0045, 0x8f411300, 0x36172205, 0x0a914237, 0x4226ca41, 0x032008f6, 0x7608c841, 0xcc41088a, 0x211e8215, 0x2159013d, 
    0x33152605, 0x86313736, 0x05774121, 0x102d2422, 0x2005766b, 0x1fb04151, 0x9f110522, 0x25090d43, 0x1afc0f5f, 0x3283101f, 0x3e855120, 0x242d1022, 
    0x260aea41, 0x061c190a, 0x85170123, 0x0117271a, 0x01020123, 0x03422170, 0x094d6c08, 0x221c9841, 0x437c1e23, 0x4b290929, 0x040ec686, 0x16160222, 
    0x943d8502, 0x201a8239, 0x39738250, 0x09101602, 0x02000009, 0xc0fffbff, 0xc0010502, 0x21001d00, 0x36010000, 0xd54a3127, 0x011f2305, 0x224e2315, 
    0x42332005, 0x233305b8, 0x27073735, 0xf6010721, 0x1708080f, 0x081744fe, 0x65d60f08, 0x0f3b0591, 0x01010fe0, 0x2f140d0d, 0x0195f6d4, 0x8601952a, 
    0x02131312, 0x12131302, 0x1801b0d6, 0x250ab187, 0x959bd6b0, 0x00820095, 0x4b460120, 0x002d2108, 0x2005cf6e, 0x077b6307, 0x35173224, 0xe0661505, 
    0x2410820b, 0x37363734, 0x05df4425, 0xff010323, 0xae7c1801, 0x0f112b0a, 0x1b0200ff, 0x1b29291b, 0x1783011a, 0x070f113c, 0x3f010a06, 0x090e0506, 
    0x22510109, 0x01011617, 0x22211716, 0x05011616, 0xb7524c92, 0x2b0f8309, 0x09080be7, 0x09015f03, 0xb1fe0e09, 0x002d9282, 0xfffaff02, 0x010002c0, 
    0x001c00c6, 0x2395822e, 0x26273627, 0x07200183, 0x17218c82, 0x22018316, 0x4e161737, 0x25200676, 0x086e7918, 0x2108a987, 0x2a77f401, 0x31310b09, 
    0x37384546, 0x0a081e1f, 0x53463031, 0x100c783e, 0x0c0c0c10, 0x25015bfe, 0x374f3624, 0x24363807, 0x78040125, 0x3046533e, 0x1e080a31, 0x4538371f, 
    0x0a323146, 0x82772a09, 0x202e8229, 0x841f83ec, 0x8327822f, 0x6d9b8407, 0x112508af, 0x00002400, 0x837e8437, 0x059f419d, 0x011f1623, 0x20098323, 
    0x24a08214, 0x36373221, 0x201a8335, 0x397088e0, 0x01012425, 0x33362524, 0x31314966, 0x0f0a0a02, 0x0a0f7a01, 0x3131020a, 0x9a4fc049, 0x831e8208, 
    0x8330202e, 0x821c8215, 0x212b8324, 0x77820900, 0xff01e029, 0x1400a001, 0x18002100, 0x180dabb9, 0x330fa191, 0x27341135, 0x06012726, 0x27262307, 
    0x33373635, 0x35171516, 0x1d220c89, 0x0c893701, 0x8a1f1521, 0x15172126, 0x1722268a, 0x26831715, 0x83013d21, 0x15172240, 0x8c338927, 0x1d200826, 
    0xfecf0101, 0x0d0d1460, 0x0d0d0101, 0x14a00114, 0x0d0e0e0e, 0x01a0fe15, 0x01073007, 0x082f0701, 0x09910482, 0x0f01f023, 0x08a35da0, 0x70200987, 
    0x07202e82, 0x33820384, 0x3d842f20, 0x06200487, 0xa0254782, 0x140e0d01, 0x086375fe, 0x14600127, 0xfe010d0e, 0x84228388, 0x80302160, 0xf8200a94, 
    0x09e57318, 0x0a89c020, 0x2b94c820, 0x0020418a, 0x05200082, 0x2a08f34b, 0x001a0015, 0x0024001f, 0x5d000029, 0x112005ef, 0x08f85318, 0x3736112a, 
    0x15213736, 0x35331523, 0x27210484, 0x210a8235, 0x05823307, 0x4bc00121, 0x012211ab, 0x0082a080, 0x0382e020, 0x18a0a021, 0x2515106a, 0xc0808040, 
    0x05858080, 0x0a208382, 0x2e288392, 0x38003300, 0x42003d00, 0x05208d97, 0x35218282, 0x20838317, 0x20098337, 0x84098805, 0x05197913, 0xa6951388, 
    0x58d8fe34, 0x58583858, 0xfe5858f0, 0xe8585880, 0x58405858, 0x1287d058, 0x4020b996, 0xc0200086, 0x06890786, 0x07000022, 0x0023c796, 0x18373611, 
    0x841293b1, 0x212524a8, 0x84352115, 0x73098ebc, 0x098309b1, 0x8205834b, 0x8001296c, 0x000100ff, 0x404080fe, 0x0121098f, 0x088a4160, 0x20089441, 
    0x85ad8c01, 0x440020b3, 0x37200c7b, 0x211d7b44, 0x7448012f, 0x48232006, 0x36210593, 0xfe541837, 0x1b844409, 0x0239d42a, 0x39021615, 0x15020215, 
    0x0a270982, 0x17380707, 0x44160202, 0x31210f88, 0x0888440b, 0x1638d422, 0x38242082, 0x02161602, 0x07220982, 0x0a840a07, 0x2720ab8d, 0xa484aba0, 
    0x06171623, 0x219b9c07, 0x968215a1, 0x909fa020, 0x23092548, 0xff000005, 0x3205fb6b, 0x00270013, 0x004f003b, 0x01000063, 0x06310722, 0x45141115, 
    0x112406a5, 0x23262734, 0x1d211384, 0x69138601, 0x5e180608, 0x33230815, 0x85363732, 0x203b9313, 0x214f9207, 0xf34a2002, 0x20058505, 0x0d9f77fe, 
    0x0d261484, 0x090a0a0d, 0xf8650e09, 0x8c0d820a, 0xc0012627, 0xfe0d0909, 0x262d853f, 0x090dc201, 0x82e0fe09, 0x0ea02111, 0x09223782, 0x0f82a20d, 
    0x0e826020, 0x0e844020, 0x82410e21, 0x2001210e, 0xfe210f82, 0x2030869f, 0x21208662, 0x218400ff, 0x02010d22, 0x37441082, 0x01c02106, 0x002a0182, 
    0x0027001a, 0x003d0032, 0xf74a0048, 0x6c1f2005, 0x4d650834, 0x0737220a, 0x0a4e4421, 0x26062b5a, 0x07062726, 0x18161533, 0x8908ca6a, 0x0987260a, 
    0x09147814, 0x06875d07, 0x2108f887, 0x01680760, 0x12120181, 0x1bfffe1b, 0x50011212, 0x010f0e02, 0x020e0f01, 0x100e0260, 0x0e100101, 0xd14c6102, 
    0xae012607, 0x11010111, 0x080f5e0e, 0x6e210983, 0x0a1643fe, 0x63e05021, 0x0992094a, 0xff580020, 0x574b200a, 0x05590a85, 0x05172b3d, 0x02310716, 
    0x09090140, 0xfa58200d, 0xff00282d, 0x0dc0010c, 0x58010909, 0xe12229f2, 0xcb470e0a, 0x01802609, 0x000300c0, 0x24d6821a, 0x07273315, 0x0f227c35, 
    0x27222329, 0x00013526, 0x18208080, 0x2c08a24e, 0x0e142001, 0x0e7f010d, 0xc001090a, 0x24008280, 0x140e0d01, 0x089f6ffe, 0x09300126, 0x02000e09, 
    0x25085749, 0x002b001a, 0x5b180500, 0x362007b5, 0x0adfb518, 0x3005fd6a, 0x011f1403, 0x2f363716, 0x27263501, 0x15060722, 0xbda61817, 0x0b182e19, 
    0x0c0d1360, 0x17025512, 0x0107070a, 0x11f14e40, 0x3106094f, 0x40060d00, 0x0e13120c, 0x02167b39, 0x880a0707, 0x8f840000, 0x22059f5f, 0x8243002f, 
    0x171423eb, 0x74431631, 0x32332c05, 0x13171617, 0x07061516, 0x57230706, 0x26260ac2, 0x34272627, 0xb0821337, 0x1f013b23, 0x07ba7701, 0x210ac143, 
    0x43420001, 0x144b2b05, 0x76071011, 0x0f0f0103, 0x1185c918, 0x0f18c92c, 0x7603010f, 0x15101007, 0xd979014a, 0x0734620c, 0x0b0c4027, 0x09b4fe14, 
    0x7a288309, 0x40820827, 0x01090927, 0x0c0b144c, 0x06a64340, 0x67181a87, 0x1b300bb7, 0x47002400, 0x23250000, 0x22230607, 0x2223012f, 0x2007776d, 
    0x08434421, 0x55260721, 0x272006fa, 0x5007f650, 0xdd8905e6, 0x07310f83, 0x1f141506, 0x85e00101, 0x1a1a132e, 0x0e862d13, 0x21008209, 0x6e64010e, 
    0x4d302006, 0x02220589, 0x7518c716, 0x41180a68, 0x60240edc, 0x2d13132d, 0x550d0a7b, 0x512308d6, 0x4f800909, 0x4a210569, 0x205985f3, 0xd64118f3, 
    0x82002007, 0x42022000, 0x34260a1f, 0x36050000, 0x4a4a3137, 0x27262108, 0x21051942, 0x01831716, 0x75182720, 0x0f261197, 0x012f0601, 0x28423726, 
    0x057f2319, 0x9782400a, 0x78822020, 0x050a402a, 0x0b700703, 0x0307700b, 0x21183042, 0x4d440af6, 0x0a602a06, 0x0a70070a, 0x0a07700a, 0x54a39100, 
    0x424f05f3, 0x17162106, 0x2105c942, 0x01832726, 0xed611720, 0x51761808, 0x05475208, 0xa3af0720, 0x42c00121, 0xa49517d5, 0x57480220, 0x00a13006, 
    0x001f0016, 0x27260100, 0x010f0621, 0x18011d06, 0x080ae443, 0x03012f33, 0x37232723, 0x07231721, 0x1807bf01, 0x0718c0fe, 0x0d01043d, 0xa001140e, 
    0x010d0e14, 0xc05f3d04, 0x01303720, 0x2037300e, 0x02178801, 0x0ffa1602, 0x08ce4310, 0x0f106029, 0x40d8fef9, 0x4340c0c0, 0x25220fd3, 0x87180706, 
    0x324d0713, 0x06f77507, 0x15251725, 0x53161714, 0x0725076f, 0x02311506, 0x2bd69700, 0x0c0cb0fe, 0x0b0b900d, 0x0c0c0d90, 0x3018c952, 0x070eb058, 
    0x08580606, 0x58070d0d, 0x0e070708, 0x288b8200, 0x01d0ff10, 0x00b001f0, 0x08714731, 0xfd821d20, 0x06232623, 0x06264d07, 0xa1413720, 0x17322305, 
    0x8f5b1716, 0x013b2107, 0x22082343, 0x82072603, 0x07a37cbd, 0x5e064d4d, 0xb94708b2, 0x013d2205, 0x84088216, 0x27200846, 0xd0012726, 0x1e09090e, 
    0x48362e2e, 0x04173738, 0x0d0d0506, 0x11040b0c, 0x26332727, 0x2c152021, 0x4305e342, 0x162006b7, 0x27821a99, 0x2e2d1f23, 0x20438235, 0x2c438318, 
    0x0909b001, 0x182a4a0e, 0x29280118, 0x28358344, 0x0d060504, 0x011c1d30, 0x67ca1811, 0xeefe210e, 0x19932e83, 0x0c21408c, 0x076b4a03, 0xa0014031, 
    0x27001500, 0x4b003900, 0x61005600, 0x4a006c00, 0x967c176b, 0x0a9c4808, 0x8606a87c, 0x15352111, 0x3523238f, 0x6a070637, 0x152007ca, 0x01230a94, 
    0x4b1b1212, 0x40240a5b, 0x0112121b, 0x470c8d76, 0x0b8b0b81, 0x02164025, 0x98e01602, 0x15cb4a04, 0x0cee6818, 0x440c597f, 0x9f4106cf, 0x49d82005, 
    0x602007b9, 0x00200890, 0x2a05df42, 0xc001c001, 0x2b001f00, 0x7d130000, 0x152008c3, 0x2113c058, 0xd26a023b, 0x02502809, 0x3d3d2928, 0x62022829, 
    0x504808bf, 0x40102309, 0x9e7d01a0, 0x00012206, 0x83248330, 0x0130242c, 0x481b1212, 0x08840874, 0x24503020, 0x30222106, 0x2d0c7b44, 0x002a000f, 
    0x07061700, 0x11272623, 0x7b503734, 0x01112605, 0x27060722, 0x23018226, 0x36110722, 0x162c9d84, 0x11373637, 0x23262734, 0x200f0140, 0x08724118, 
    0x0a099c3d, 0x222a2943, 0x35243424, 0x2d362530, 0x4030352e, 0x0a0b0114, 0x010f300f, 0x6a010f01, 0xfe3c06f8, 0x04f00130, 0x0d02021e, 0xfe10030e, 
    0x0e020ea2, 0x1801020e, 0x2d011409, 0x0008080f, 0x01200082, 0x25066344, 0x003600a0, 0x12512500, 0x36352608, 0x32373637, 0x07fc4f17, 0x1d878685, 
    0x47012f21, 0x15280ae9, 0x00023314, 0x22161701, 0x2b07f853, 0x390b0e10, 0x39515139, 0x100e0b39, 0x22341387, 0x01011616, 0x3a222201, 0x3a47473a, 
    0x01232239, 0x172270a0, 0x0d231282, 0x8380140e, 0x50072a23, 0x02023332, 0x07503233, 0x24128701, 0x22171601, 0x3eb11870, 0x47392309, 0xab840001, 
    0x0140012a, 0x001800a4, 0x06110100, 0x59062447, 0x3b26079f, 0x17363701, 0x20821716, 0x06071226, 0x5487090c, 0x543c7d87, 0x12130f87, 0xfe800101, 
    0x04091481, 0x0d017808, 0x1461140d, 0x0d780e0d, 0x00150708, 0x022c0082, 0xdfff0000, 0xa501c001, 0x2b001200, 0x26265982, 0x16170607, 0x05831415, 
    0x37323329, 0x2f263736, 0x500f2601, 0x152405fb, 0x3b161716, 0x3720ed82, 0x11311783, 0x9d012726, 0x0f0c0f13, 0x0d101212, 0x07090b07, 0x22e38222, 
    0x8b0f1370, 0x0c092379, 0x7b820607, 0x0a011235, 0x0f130f0c, 0x0f16160f, 0x0508130f, 0x1d2d2d1d, 0x840d0893, 0x155f2e8a, 0x0c780d0d, 0x14090301, 
    0x08158001, 0x06b36500, 0x8002dc24, 0x8f82ab01, 0x44002924, 0x93935d00, 0x84372721, 0x20a882a6, 0x22a88806, 0x89263536, 0x8abf8216, 0x27342418, 
    0x8b072726, 0x331721c5, 0x20050745, 0x3bc59437, 0x0c10123c, 0x0e0e1910, 0x0c103401, 0x07080b08, 0x02131222, 0x0f123d45, 0x172a100d, 0x2a200082, 
    0x0828ef83, 0x1c1b3307, 0xe9331b1c, 0x1520f19c, 0x1c39f185, 0x4a1c2d2e, 0x0f12100c, 0x201c1d15, 0x130f2e41, 0x261c0508, 0x3a592c26, 0x0814834b, 
    0x3030232a, 0x31303636, 0x0a120f23, 0x3a3a2a05, 0x39394242, 0x0d08022a, 0x0e0d0178, 0x0e146014, 0x0878010d, 0x01140903, 0x00091480, 0x04820082, 
    0x01e0ff24, 0xc35b01c0, 0x00302d05, 0x004b0035, 0x00550050, 0x0067005a, 0x2406376c, 0x06070615, 0x09f35a07, 0x17503320, 0x17162305, 0xab5c1631, 
    0x181a8f05, 0x890b0386, 0x33172f3a, 0x13152335, 0x35231533, 0x33352317, 0x09832715, 0x83152321, 0x3533210a, 0x08434818, 0x210a4d47, 0xf1424040, 
    0x20158c08, 0x88c78880, 0x40402608, 0x20202040, 0x82038260, 0x60402404, 0x94a00140, 0x94c02023, 0x92012015, 0x40502466, 0x83e0fe40, 0xc020294e, 
    0xc0602080, 0x00002020, 0x3d055b60, 0x00a00100, 0x0017000c, 0x00310024, 0x0049003e, 0x17161300, 0x23070611, 0x36112726, 0x0a833337, 0x16220984, 
    0x178a3717, 0x8c013b21, 0x88288224, 0x3627210f, 0x35822885, 0x02162825, 0x84101602, 0x01582104, 0x2006545a, 0x20138948, 0x200a8960, 0x21278798, 
    0x72180216, 0x01250812, 0xfe1602a0, 0x2c238370, 0x02169001, 0x0f60fe10, 0x010f0101, 0x200583a0, 0x8b198b10, 0x8318200b, 0x2034872e, 0x872a8308, 
    0x06c74336, 0xb501eb22, 0x1622ef82, 0xe7822800, 0x81183320, 0x0624077d, 0x012f2223, 0x20068a5a, 0x1c791831, 0x96302911, 0x12b0131a, 0x1a138612, 
    0x13240782, 0x140e0d01, 0x46069b4b, 0x01230557, 0x83b013a0, 0x1286221a, 0x25078212, 0x0d0e1496, 0xd3469001, 0x0300380b, 0xd9ff0000, 0xa7010002, 
    0x2c001500, 0x00003e00, 0x31151601, 0x59010f14, 0x352105a6, 0x297b8234, 0x011f3637, 0x37363505, 0x948e3736, 0x18313521, 0x3311faba, 0x2727d901, 
    0x0e111170, 0x1919700e, 0x110e0e80, 0x27fe8110, 0xa6829583, 0xa686a820, 0x6413a821, 0xa2860662, 0x362a1825, 0x82712a36, 0x7111262b, 0x1b23231b, 
    0x213d8381, 0xab843e81, 0x86a81321, 0x200782bc, 0x20b78c76, 0x08ef5504, 0x2400192c, 0x3b002f00, 0x11250000, 0x97572726, 0x11072505, 0x17161716, 
    0x2306e755, 0x25373635, 0x5a09a25a, 0x13200aad, 0x2407446c, 0x01152133, 0x21a483c0, 0x3d5bd0fe, 0x40012107, 0x012f9c82, 0xfe010f0f, 0x0110c0cf, 
    0x0dc10f01, 0x890d0202, 0xfef12109, 0x21078a62, 0x754e7020, 0x1b012505, 0xc0fe291b, 0x09283e83, 0x09120d09, 0xd0160e52, 0x42075542, 0xff200834, 
    0x2006984d, 0x08776640, 0xc001802b, 0x00000d00, 0x07271101, 0x08c55f11, 0xc0800122, 0x58868d84, 0x30fe9026, 0xd0017070, 0x4e071046, 0x00240833, 
    0x1d00a001, 0x0021f982, 0x2c631813, 0x0efd5408, 0x36373325, 0x4c133137, 0x062d08be, 0x16070607, 0xc3171617, 0x0a0c227a, 0x1103554b, 0x0c0a4b24, 
    0x5d183d22, 0xd3830b6e, 0x02a00129, 0x12011f1f, 0x5fff1b12, 0xdb5f08d1, 0x1f1f2405, 0x5ca0fe02, 0x078707c2, 0x2106cf4e, 0x9b82c001, 0x33002f2c, 
    0x23250000, 0x06272603, 0xe84a0307, 0x3435290c, 0x012b2627, 0x31173337, 0x080bd918, 0xc0663220, 0x37272d06, 0xa0012317, 0x1608891a, 0x1a870915, 
    0x49052042, 0x02230635, 0x8c11a011, 0x38f82c10, 0x01207038, 0x0101146b, 0x4295fe14, 0x30200b1c, 0x0c59a218, 0x95957023, 0x05a74e00, 0x8001e022, 
    0x23209782, 0x25062d42, 0x27263736, 0x98892726, 0x0a891120, 0x36373623, 0x22a38237, 0x6333012f, 0x2320076e, 0x0d69f618, 0x011e4126, 0x36242501, 
    0x2006c249, 0x06817d10, 0x2436e028, 0x11110125, 0x3e6cd11d, 0x90702208, 0x08a56490, 0x3022ce22, 0x0996ec18, 0x7d64fe20, 0x24458207, 0x121c1d23, 
    0x77f61892, 0x1b1a240e, 0x82011312, 0x063748b6, 0x2921b783, 0x07bf6f00, 0x32330324, 0xa55e1617, 0x34352608, 0x013b3637, 0x098c5e13, 0x01261c83, 
    0x0e090980, 0x0b44853b, 0x8ca78606, 0x8001240f, 0x8709090e, 0x053d4186, 0x500a1250, 0x34220a97, 0x79826700, 0x2509467d, 0x3d363732, 0x2d413301, 
    0x0867680a, 0x7d681120, 0x2734260a, 0x07132326, 0xab511835, 0x5f5a180c, 0x4f15200a, 0x0a5009e8, 0x0107230b, 0x7a6fff20, 0x209d8206, 0x064a5440, 
    0xa182a983, 0xb1502020, 0x5ee92009, 0x092605d5, 0x0d0a4009, 0x1b5f0a0d, 0x21139306, 0x4b18a001, 0x202009d3, 0x5e86ed8f, 0x6a824020, 0x0ab7fe24, 
    0x40850ae6, 0x55844d82, 0x12910d82, 0x27051741, 0xa001c001, 0x68003400, 0x20121741, 0x12e94215, 0x17413520, 0x2603220e, 0x05f94223, 0x23011f22, 
    0x2606f742, 0x06010f22, 0x181f1415, 0x180acbe9, 0x2709f952, 0x2f343536, 0xfea00101, 0x20092255, 0x06704280, 0x20061943, 0x066e7510, 0x2923ea82, 
    0x830d0d0a, 0x8cb991c7, 0xa00121df, 0x5f552b82, 0x200e2105, 0x34843d82, 0x0d0e0925, 0x41800909, 0x1c830614, 0x41f7fe21, 0x58410511, 0x24138d13, 
    0x00040000, 0x06d74800, 0x25001228, 0x4c003900, 0x52180000, 0xaf420ae7, 0x11232106, 0x290da542, 0x23060714, 0x31373425, 0x4e183336, 0x22240940, 
    0x01352627, 0x87099945, 0x00012139, 0x94067145, 0x00ff2106, 0x240a5056, 0x090e80fe, 0x092f4109, 0x37410120, 0x18012006, 0x840cbd4c, 0x08a95631, 
    0x200ca54d, 0x976218fe, 0xa700200c, 0x911720db, 0x920520b4, 0x412520db, 0x01211102, 0x06a04340, 0x60200686, 0xd18bc184, 0xc787ba83, 0x328f1c84, 
    0x4f18dc8d, 0x63180c07, 0x03410cce, 0x41da820c, 0xa02061b7, 0x8614b041, 0x91fe2014, 0x08e742d8, 0x4155b741, 0x112011a4, 0x93421291, 0x41ab9027, 
    0x339022b8, 0x420dba41, 0x063a2b97, 0xf0ff1000, 0x90010002, 0x20000c00, 0x48003400, 0x62005500, 0x16130000, 0x155e1517, 0x18052008, 0x89083e48, 
    0xa61520e6, 0x36252313, 0x4b883337, 0x09881720, 0x58251582, 0x16020216, 0x21048430, 0x45438801, 0x09114905, 0xfe210f9f, 0x223b8730, 0x8a480216, 
    0x89902048, 0x47102016, 0x9c510bce, 0x200c8c0c, 0x203d8998, 0x313c8988, 0x14000500, 0xe001e0ff, 0x1400a001, 0x3c002800, 0x55185100, 0x674409d3, 
    0x1731210d, 0x26825118, 0x2213c843, 0x7e263531, 0x5f7b05bb, 0x44202005, 0xc0200f81, 0xd7431082, 0x06f1420a, 0xf9421187, 0x0c0c2b11, 0x08080966, 
    0x08080101, 0xfb426609, 0x0cbc5307, 0xc1430c85, 0x0cb7440c, 0x0d0db331, 0x0404064f, 0x040b9e0b, 0x004f0604, 0x45050000, 0x035c0893, 0x005e2307, 
    0x93441100, 0x3b064112, 0x2706372e, 0x35272631, 0x1f363736, 0x010f1601, 0x203f0541, 0x0803411a, 0x410b0b21, 0x64203506, 0x23090341, 0x004f0d0d, 
    0x02200082, 0x40270484, 0x14008001, 0x51002100, 0x0720057d, 0x0dc1d218, 0x11011f28, 0x2f060706, 0x86513501, 0x18802005, 0x2b13ed55, 0x101001c0, 
    0x116e6e11, 0x01011010, 0x14cf0e19, 0x00ff102d, 0x0b090814, 0x0b4b9e4b, 0x4a140809, 0x1b620773, 0x00262205, 0x2079823c, 0x4c648221, 0x3620069c, 
    0x2906e87c, 0x17160527, 0x14151631, 0xe0630607, 0x06012408, 0x7c222123, 0x012b10e7, 0x1a80febf, 0x01011212, 0x6b1a1212, 0x112406ab, 0xb0fe1c12, 
    0x2305d961, 0x010d0d15, 0x012bb483, 0xfe09054f, 0x04040aa2, 0x7c054605, 0x802208e3, 0x1a600405, 0x0f676616, 0x08c8fe26, 0x60080809, 0x2f05e07c, 
    0x000908c0, 0xff000001, 0x018001c1, 0x001b00c0, 0x20065d6d, 0x20c48231, 0x219f8223, 0x01822627, 0x08082169, 0x02800129, 0x27271f1e, 0x0e0e0a1b, 
    0x27281b0a, 0x02021e1e, 0x52523636, 0x01023636, 0x3b3b2d00, 0x0c213837, 0x3738210c, 0x832d3b3b, 0x571b8313, 0x7027062b, 0x1a00ba01, 0x63002b00, 
    0x312006b3, 0x33205182, 0x18063b71, 0x2008c64b, 0x050e6833, 0x4b171621, 0x230805b4, 0x01102726, 0x23231b1b, 0x0f0f0a1a, 0x23231a0a, 0x02011b1b, 
    0x4b4b3132, 0x60023231, 0x010f0f01, 0x301f2001, 0x07f34418, 0x39268129, 0x25383838, 0x82250d0d, 0x26392206, 0x8223824c, 0x0e4c282b, 0x300e0202, 
    0x84012020, 0x1617232e, 0x234c0023, 0x01c02a06, 0x00bb01fb, 0x001c000d, 0x080b4f4e, 0x3637272a, 0x011f3233, 0x07173705, 0x088f9118, 0x37313722, 
    0x2307b741, 0x0706012b, 0x5a06555f, 0x356a06ea, 0x05e56f05, 0x3c096742, 0x11ea0133, 0x1e621e11, 0x12161612, 0xa8c2fe12, 0x0d09a862, 0x0a0a0f58, 
    0x09041e04, 0x0cd94c14, 0x0a50c218, 0x2922e782, 0x954d00ff, 0x01602207, 0x823d8398, 0x11112344, 0x4183ca12, 0x0b2a3c82, 0x0d580f09, 0x0901b309, 
    0x45820d09, 0xfe210683, 0x244e85ff, 0x09090d61, 0x20108301, 0x08d74e61, 0x09830120, 0x022ceb82, 0xc1ff0000, 0xc3014002, 0x48002200, 0x2726e982, 
    0x07060726, 0x04822215, 0x2a05244e, 0x27363716, 0x17363726, 0x59171615, 0x27290530, 0x31072207, 0x21011d06, 0x09935811, 0x3e0dcd42, 0x26273435, 
    0x97390223, 0x010b0b0b, 0x22393a48, 0x15010122, 0x090a1e16, 0x2c1d0309, 0x8201622c, 0x07972316, 0x99829907, 0x4ac0fe21, 0x6c6d0664, 0x40012408, 
    0x8212121b, 0x0e2a08a8, 0x088b3001, 0x4a0f0505, 0x23240d0e, 0x24252943, 0x05060616, 0x20215d0c, 0x050f4a01, 0x078a0805, 0xf0060a09, 0x1f0e0909, 
    0x21463f01, 0x12012505, 0xc1fe1b12, 0x2007cb4e, 0x05377a1f, 0x27093b67, 0x25000068, 0x06010f14, 0x24057349, 0x1523013f, 0x08046c37, 0x21055851, 
    0xdc413435, 0x23352105, 0x17f9e618, 0x6b353321, 0x01510af5, 0x05bd5506, 0x76181520, 0x1f2908a1, 0x02151601, 0x0a480900, 0x2381820d, 0x11731209, 
    0x0f820885, 0x480a0d23, 0x24aa8209, 0x73110a0d, 0x82088512, 0x2027a60f, 0x233c82c1, 0x0d090a0a, 0x08843c85, 0x0d223c85, 0x64850a09, 0x48250883, 
    0x090d0e0a, 0xa0118248, 0x410c2027, 0xfc2b06f7, 0x85014001, 0x23001300, 0x61130000, 0x362909c1, 0x11353637, 0x23262734, 0x05805d17, 0xa0441620, 
    0x1f072206, 0x21b8820d, 0xd9830e09, 0xed0e0a30, 0xc00b0cc0, 0x01121111, 0x10111102, 0xda828001, 0x42c0fe21, 0x0e220575, 0x08823f01, 0x0ba00722, 
    0x07c1db18, 0x14400124, 0x73870808, 0x3e01fb24, 0x73858401, 0x19322521, 0x260baf13, 0x17161115, 0x82273316, 0x2f34227c, 0x0a421801, 0x1f012308, 
    0x7582080e, 0x0927d982, 0x0d090901, 0x850bc0ea, 0x12012375, 0x10821111, 0x18826b85, 0x06217c84, 0x2673849f, 0x1508070d, 0x8915c0fe, 0x02c02873, 
    0x00c00100, 0x6f33001a, 0x052c1c83, 0x33353736, 0x27263736, 0x27263523, 0x25059478, 0x15331716, 0x195c1716, 0x00012b17, 0x16400216, 0x40160202, 
    0x09891602, 0x2018235c, 0x84288e70, 0x02002232, 0xaf581800, 0x001a2207, 0x5a9f9c25, 0x91970ad0, 0x8d83a820, 0x0484b020, 0x18208698, 0x5e091b64, 
    0x9f700ee3, 0x1737211a, 0x0cfb4f18, 0x08135018, 0x97311721, 0x18af208a, 0x98176691, 0x2f303298, 0x0f101130, 0x0f2e2e0f, 0x3011100f, 0x0e11102f, 
    0x4143850e, 0x34200c23, 0x241c2341, 0x31353625, 0x054b6034, 0x970e5850, 0x740122a7, 0x73d21808, 0x28a49812, 0x0b0b092c, 0x6c080809, 0x2335852c, 
    0x80080840, 0x250bfb60, 0x002a001a, 0x1f47004b, 0x1ed41809, 0x5f37200a, 0x11270589, 0x26312722, 0x4e373635, 0x372107cf, 0x05186f07, 0x013f3423, 
    0x050d7b36, 0x26070627, 0x36373627, 0x06735237, 0x3819a05f, 0x0209090e, 0x0a090d1e, 0x450d090a, 0x1616022d, 0x0b390c02, 0x15331502, 0x2a0b8301, 
    0x1d141301, 0x14141f33, 0x5f220101, 0xfe2619b2, 0x0e090970, 0x4245031d, 0x1c8e3105, 0x02021602, 0x080d1016, 0x140d0622, 0x16140202, 0x1e230d82, 
    0x82011314, 0x261e234a, 0xe78d0016, 0x42002c22, 0x5b4ce79c, 0x06476e09, 0x07988618, 0x83233521, 0x55dc82de, 0xde9c0581, 0x2108fd4b, 0x9a845028, 
    0x05830820, 0x02162023, 0x99078310, 0x0cf64ed6, 0x0200ff26, 0x40021616, 0x2005f542, 0x21068358, 0x73430300, 0x00112a08, 0x0085004c, 0x37343700, 
    0x060f4631, 0x2906e345, 0x31173213, 0x16011d16, 0x45181617, 0x4a180ebe, 0xc34f0d14, 0x09a07709, 0x4a460320, 0x82172005, 0x8914833e, 0xce4b1822, 
    0x6af1180d, 0x5068830d, 0x20280c6e, 0x4809090e, 0x0a0c3131, 0x2405c147, 0x31310c0a, 0x050e4148, 0x20201592, 0x2c241985, 0x150a201f, 0x15242f85, 
    0x2c1f200a, 0x6f5e1595, 0x0001210c, 0x5c9d2482, 0xfe21888a, 0x895ea16b, 0x0a674174, 0x24001a25, 0x18003000, 0x201b4bdb, 0x056e4825, 0x01373622, 
    0x24058a65, 0x36010706, 0x1b966137, 0x0123642c, 0x52363602, 0xf5fe303f, 0x09855c01, 0x220c0123, 0x18b94301, 0x3f306f2b, 0x02363652, 0x0c012201, 
    0x3008846f, 0x30f5fe23, 0x0001003f, 0x02ddff00, 0x00a40100, 0x299f8222, 0x26270607, 0x07223527, 0xdb7b1706, 0x05894305, 0x4c333621, 0x153c06d6, 
    0xf8010714, 0x0d0d0db0, 0x2f2e7501, 0x090a0321, 0x1818220c, 0x26260101, 0x01514141, 0x23081682, 0xde0808b0, 0x06060a97, 0x28275710, 0x06070c6b, 
    0x292a1807, 0x28284b2f, 0x10500f10, 0x970a0606, 0x070b0b08, 0x2a0c4752, 0x00310018, 0x0064004a, 0x65231300, 0x57550826, 0x064c5505, 0x54212321, 
    0x15200947, 0x220afe60, 0x66012326, 0x18820a0b, 0x7d013b21, 0x222508fb, 0x1d063107, 0x0c7f5401, 0x1805ba69, 0x2307f85f, 0x4009090e, 0x21052642, 
    0x3a542001, 0x09525506, 0x89e0fe21, 0x211c860b, 0x31892001, 0xa0201287, 0x66095665, 0x58860c40, 0xfe212683, 0x420c8a80, 0x60200516, 0x5e8d0682, 
    0x410d7b52, 0x6f18080f, 0xf68d0a31, 0x28412120, 0x4a272017, 0x3521098e, 0xecd61834, 0x200f410c, 0x0f419189, 0x41f08a08, 0xc0201021, 0x44100d41, 
    0xee8d0670, 0x2291378d, 0x0b41a020, 0x099b4414, 0x25001a22, 0x1e63cf18, 0x75360721, 0xa718088e, 0x28550920, 0x17767709, 0x18080148, 0x450caeb6, 
    0x9820194e, 0x0961e318, 0x5b4cf820, 0x24b98205, 0x0009090d, 0x08474505, 0xa9822920, 0x4f004625, 0x5a005800, 0xbe460585, 0x07142207, 0x646a1833, 
    0x22213108, 0x013d2627, 0x3b363734, 0x36352601, 0x17373637, 0x240b7559, 0x06233727, 0x00f3180f, 0x05312309, 0xdf5e1533, 0x35053705, 0x07061533, 
    0x98230706, 0x181b3302, 0x02331b18, 0x01191925, 0xc0422a0a, 0x41fe2005, 0x2a370673, 0x1919010a, 0x180d2725, 0x0c0b1102, 0x49110b0c, 0x1802a922, 
    0x8549230c, 0xb8fe220d, 0x05ea5ec0, 0x01c0002e, 0x90140e0d, 0x2a02c001, 0x022a2929, 0x15213383, 0xed631813, 0x1513210d, 0x45225f83, 0x45820114, 
    0x3b243d82, 0x3b140115, 0xf0210a85, 0x353c83e0, 0xb0e0e0b0, 0x010d0e14, 0x01000000, 0xe0fffeff, 0xa0010002, 0x0b473500, 0x84062007, 0x82af82b4, 
    0x65ef82b3, 0x362306e2, 0x82272637, 0x34072113, 0x17210f85, 0x08078316, 0x1732333f, 0x00021716, 0x502f2f01, 0x2a31221f, 0x0f271829, 0x0312050f, 
    0x04031403, 0x48482120, 0x01010f7a, 0x3b3c500f, 0x230b0429, 0x262b3223, 0x1829292b, 0x04080805, 0x1b010119, 0x1c494862, 0x31bc820c, 0x2121282c, 
    0x01011103, 0x36161607, 0x032f2f35, 0x34820f01, 0x20161532, 0x24331011, 0x09090d23, 0x290f0f0a, 0x433a0807, 0x0c776b18, 0x32001822, 0x9285ad84, 
    0x200fa148, 0x057e5003, 0x1a85a983, 0x37313022, 0x0805bc7e, 0x20440126, 0x4b3a2919, 0x01012e2e, 0x32331d1e, 0x33323f3f, 0x01011e1d, 0x14372222, 
    0x25382c21, 0x12120125, 0x18170525, 0x3a34d382, 0x08150506, 0x8d012509, 0x36391f1d, 0x384e4d47, 0x1f343440, 0x32082a82, 0x34341f1e, 0x43432b40, 
    0x17abfe36, 0x21210101, 0x1e1e1c3a, 0x1e1e062b, 0x42021d1c, 0x2b29090a, 0x00001b2b, 0xfffeff03, 0x014202e0, 0x001800a0, 0x8251003f, 0x493220a9, 
    0x98860608, 0xd9683520, 0x27262505, 0x31171637, 0x0ba0dd18, 0x86272621, 0x08744101, 0x17221d82, 0x55182731, 0x01221089, 0x1d790418, 0x1b293e08, 
    0x110f011b, 0x0112121b, 0x23c90701, 0x040c1717, 0x17170c04, 0x30302423, 0x30303d3d, 0x20119124, 0x9b5a18c1, 0x2001210f, 0x360bfc5c, 0x01070404, 
    0x1b121201, 0x212f0f11, 0x0c1c2323, 0x22231c0c, 0x82172222, 0x171721ee, 0x11850882, 0x87212321, 0x02012111, 0x87069765, 0x18ff8207, 0x27076b79, 
    0x0037001e, 0x13000052, 0x18084075, 0x7a081854, 0x03260aa5, 0x27263536, 0xdb643332, 0x07142205, 0x05d07417, 0x13070625, 0x41312726, 0x1722090e, 
    0x3c831506, 0x1737322a, 0x97310706, 0x332b2a21, 0x0b24dc89, 0x691d1414, 0x30098777, 0x075a4870, 0x02010701, 0x1b290203, 0x2809011b, 0x22998311, 
    0x89612839, 0x220f2230, 0x2bb6845e, 0x3649191c, 0x1b630148, 0x01011011, 0xee85dc82, 0x201f1924, 0x6477521f, 0x39583809, 0x10110c46, 0x1b01010f, 
    0x1216291b, 0x3c271f1e, 0x02022929, 0x83b6fe25, 0x22223431, 0x0c0c1c23, 0x0a4a2e24, 0x28293e09, 0x1e3a0a02, 0x4f000002, 0x402405b3, 0x2d00c001, 
    0x16230c82, 0x82163117, 0x070622b3, 0xed811823, 0x37362b13, 0x011f3233, 0x37262733, 0x07821633, 0x1de2012b, 0x03031f1f, 0x741d1f1f, 0xe3811865, 
    0x01340810, 0x05082a0d, 0x0331672b, 0x09133812, 0x00017465, 0x1b121201, 0x0111121c, 0x03010fb0, 0x063aac11, 0x02010e01, 0x02026e6e, 0x3a06010d, 
    0x010311ac, 0x0800b00f, 0x33085b60, 0x002f0022, 0x0049003c, 0x00630056, 0x007d0070, 0x33151300, 0x2909e649, 0x16171633, 0x35211517, 0x91823736, 
    0x15201687, 0x240d3570, 0x36331716, 0x05e04b37, 0x2f821520, 0x37210c89, 0xdf9b1806, 0x8b05200a, 0x82198c26, 0x20338961, 0x064d46a0, 0x0e14302a, 
    0x40fe010d, 0x140e0d01, 0x2006ea5e, 0x06c060a0, 0x1983a020, 0x0f014025, 0x84010f20, 0x89802004, 0x8690200a, 0x21118212, 0x1694f0fe, 0x15897020, 
    0x20a00122, 0x1807a351, 0x8609954e, 0xfea02211, 0x078c60f0, 0x70100122, 0x09895589, 0x48893020, 0x1594b020, 0x15893020, 0x0000003c, 0xff000003, 
    0x010602d4, 0x002100ac, 0x00470037, 0x07262500, 0x15070631, 0xf76a2723, 0x14152105, 0x2105b866, 0x8d52013b, 0x022f2206, 0x22098733, 0x83072601, 
    0x0f222429, 0x18371701, 0x2e0ad2c1, 0x27013f32, 0x0ca80107, 0x30010d0e, 0x47100ab6, 0x50200693, 0x402a0a82, 0x0d0d0e01, 0x500e0e4f, 0x09823058, 
    0x09820c20, 0x0e0c4f2c, 0x103f010e, 0x2b27280a, 0x5e4650e0, 0x82602005, 0x2a28290d, 0x05060ba1, 0x0df33011, 0x2e05c348, 0x10300df3, 0x500b0606, 
    0x7f501111, 0x85051130, 0x060b2809, 0x0d301006, 0x5f383536, 0x0a8306cf, 0xff010024, 0x1378ffff, 0x4d242005, 0x06210c2b, 0x05ee6607, 0x36373625, 
    0x6d331637, 0x0d4d0ba7, 0x37022f07, 0x0314140c, 0x05020203, 0x14232432, 0xb4183a31, 0x47360aad, 0x1b01a001, 0x3a2f2f1c, 0x1b27374c, 0x0504011c, 
    0x11110105, 0x13851310, 0x2f2f3a24, 0x52181b1c, 0xc0280a8b, 0x1a00a001, 0x36002800, 0x07d35618, 0x50476c83, 0x054f4506, 0x35272624, 0xfd582733, 
    0x011d2408, 0x8c213523, 0x4480200d, 0x802007dd, 0x210bf545, 0x34478080, 0x01802206, 0x21098840, 0x9e546020, 0x18602008, 0x180b2463, 0x20070d58, 
    0x06ab4740, 0x00404025, 0x82010000, 0x01602903, 0x006001c0, 0x25000018, 0x182ff418, 0xf018a020, 0x0923104a, 0x18600d0a, 0x220e72f0, 0x84090a0d, 
    0x8220204f, 0x8320204f, 0x8237204f, 0x1826204f, 0x240c93a5, 0x0f141516, 0xfff01801, 0x0d0a2107, 0x2022558c, 0xf118c009, 0x0d280b10, 0x0009c00a, 
    0x15000200, 0x6b260482, 0x22008001, 0xa1824500, 0x48051652, 0x16280bb1, 0x06231517, 0x011f0607, 0x2905b860, 0x26230527, 0x36333527, 0x41183637, 
    0x172007bf, 0x82053e52, 0x079a4b05, 0x06660228, 0x16013010, 0x8a5e2217, 0x0f802206, 0x054b4201, 0x0a0a0728, 0x050a5007, 0x118fcafe, 0x71272f8d, 
    0x228f010f, 0x42011617, 0x01360588, 0x0e018f0f, 0x08500b0f, 0x0e0c5007, 0x900f0111, 0x0c0e0e01, 0x0d830750, 0x90010e22, 0x00202789, 0x2e05534a, 
    0x00c00140, 0x002e001c, 0x13000040, 0x18011f16, 0x21070062, 0x09821721, 0x21070625, 0x4f032726, 0x70460599, 0x07b17b09, 0x07062123, 0x09955831, 
    0xd7821620, 0x0513603a, 0x10a50101, 0x36030909, 0xc3fe1708, 0x16340109, 0xfe160202, 0x3c0512b7, 0x48200984, 0x10c58118, 0x58800121, 0x01340f62, 
    0x0c1301c0, 0x100c0c01, 0x300116c0, 0x02161602, 0x3d011201, 0xfe210783, 0x0f7f7f30, 0xfb640f8f, 0x820e200c, 0x010024d5, 0x83232723, 0x211526ae, 
    0x26272635, 0x05047a27, 0x3736212c, 0x21353736, 0xc0d00115, 0x4383a040, 0x83000221, 0x30fe2184, 0x24095b70, 0x600100fe, 0x210e8340, 0x20831050, 
    0x87b0fe21, 0xf0f0336a, 0x00020000, 0x02e0ff00, 0x00a00144, 0x001e0011, 0x5b851300, 0x11206986, 0x05295b82, 0x010f0621, 0x013f3621, 0x22738236, 
    0x834c0194, 0x85a02048, 0x125b346a, 0xfe8b0127, 0x77091475, 0x0a13bf01, 0x09090860, 0x84000113, 0x2f6e84d8, 0x22b5b8fe, 0x11012001, 0xc01101ee, 
    0x010e0e11, 0x8205f746, 0x00c02506, 0x37000032, 0x4206ae42, 0x11200bc6, 0x82177d56, 0x32332b88, 0x0909f717, 0x0d0d0a60, 0x9061600a, 0x62292005, 
    0x13910600, 0x25865720, 0x09251984, 0x26012a09, 0x8232852a, 0x21138739, 0x1382dafe, 0x93830020, 0x02400025, 0x83400100, 0x89252093, 0x1cfe187f, 
    0x43272019, 0xc1820875, 0xf7010722, 0x789a508c, 0xb6a0a920, 0x0021de86, 0x5b6f1804, 0x08f7775e, 0x18213321, 0x511a5b6f, 0x06830643, 0x43067a5d, 
    0x078607d1, 0xbd64ff20, 0x00012106, 0x405d6f18, 0x2006b366, 0x38498202, 0x2d001f00, 0x00003f00, 0x37363513, 0x15171633, 0x3b363733, 0x16171601, 
    0x0ef06717, 0x2b06172e, 0x36331501, 0x33171637, 0x17072335, 0x2a10014b, 0x400f0140, 0x3320010f, 0x67b10f0d, 0x9d3411fe, 0x73800f0e, 0x212c2c21, 
    0x2332b173, 0x01191925, 0x25191901, 0x01290787, 0x010f1080, 0x19100f01, 0x3bfd1807, 0x8320200e, 0x07392948, 0x01011740, 0x5f196017, 0x3b83338b, 
    0x260ac355, 0x00340022, 0x83072500, 0x058b18a2, 0x3f342109, 0x6706144e, 0x22210768, 0xf2861827, 0x1a012711, 0x280a0622, 0x02821602, 0x02165026, 
    0x0208a107, 0x8306ec5b, 0x1a1c2407, 0x180b115e, 0x2509eb79, 0x28082068, 0x02820216, 0x50160228, 0x1aa1070a, 0xf05b4b1c, 0x834b2005, 0xa8082107, 
    0x8505d14d, 0x00200805, 0xff000004, 0x017802c0, 0x005c00b8, 0x00cb006e, 0x010000dd, 0x07141516, 0x06071617, 0x010f0607, 0x07230482, 0x85012f06, 
    0x18232009, 0x2e1320c9, 0x37343526, 0x26273734, 0x30373637, 0x1836013f, 0x231526c9, 0x011f1617, 0x0f21de82, 0x08924c01, 0x090d9b18, 0x56820620, 
    0x0872c918, 0x3f262727, 0x012f2601, 0x054d4326, 0x59844f83, 0x013f3623, 0x28608230, 0x36011f36, 0x37173233, 0x234f8636, 0x010f1617, 0xb2825985, 
    0xb78ea384, 0x27263723, 0x09ec4d31, 0x37399c82, 0x02021e01, 0x02050b17, 0x03030201, 0x03020203, 0x101d0e0a, 0x0f030714, 0x3500820a, 0x13070310, 
    0x0a0f1c10, 0x04030505, 0x160c0504, 0x01020201, 0x0c820c16, 0x0503012b, 0x1c0f0a05, 0x03071310, 0x29278210, 0x07030f0a, 0x0e1d1014, 0x4082030a, 
    0x0b222a83, 0xa7457e17, 0x012c080f, 0x0b0b0a45, 0x0e0b140a, 0x04060708, 0x0c030304, 0x080d0905, 0x01030f1d, 0x1d0f0301, 0x05090d08, 0x0602010c, 
    0x06010506, 0x140b0e08, 0x0a212a84, 0x232a820f, 0x01020605, 0x03202a91, 0x06286482, 0x03030504, 0x1b140a0f, 0x25104c46, 0x0c090b25, 0x9482140a, 
    0x04050322, 0x07246b96, 0x08070607, 0x02273c82, 0x080a0901, 0x83020208, 0x01062497, 0x92070805, 0x0304226b, 0x822c8204, 0x011c2495, 0x18140d0e, 
    0x2609c0ae, 0x0202a1fe, 0x83050b17, 0x163741cc, 0x82010121, 0x040129a2, 0x160c0503, 0x0c160202, 0x05222a84, 0x39410101, 0x02032418, 0x41050201, 
    0x0032123b, 0xff020000, 0x02c0ffff, 0x00c00181, 0x0040001b, 0xc7410100, 0x4a06200a, 0x0e4f0842, 0x5f132005, 0x30230510, 0x18312231, 0x210791bc, 
    0x1a831716, 0x17162308, 0x27363732, 0x27263130, 0xa0012726, 0x583b3b02, 0x023b3b58, 0x0c0e2901, 0x0203010d, 0x253a0502, 0x11833a2f, 0x0127b835, 
    0x52363602, 0x33020101, 0x32115134, 0x2a334532, 0x82053625, 0x0b0324e3, 0x18010c0c, 0x0808f6db, 0x192d3c28, 0x04011010, 0x16020504, 0x32020117, 
    0xf4fe4b31, 0x314b3e2e, 0x01010232, 0x374b0707, 0x253a1237, 0x15010125, 0xf7820214, 0x0f0f0223, 0x974d1817, 0x0014250a, 0x3700004b, 0x5405f36b, 
    0x3b2607ec, 0x36371601, 0xd8842535, 0x69362321, 0x27200503, 0x77431c82, 0x30152606, 0x1f161531, 0xf3211901, 0x37362308, 0x25852734, 0x834a0583, 
    0x06804a07, 0x80012f08, 0x140e0d01, 0x09081192, 0x18170d0d, 0x06060909, 0x101e0d0c, 0x22120112, 0x143b352b, 0x01010d0e, 0x1107021f, 0x130d0b0b, 
    0xe0010d0d, 0x0082090d, 0x0edf0d29, 0x08010908, 0x83df0e09, 0x1b1d361f, 0x0f120c1c, 0x0d0d010e, 0x19181515, 0x160f0d19, 0x1a0e18a0, 0x30558320, 
    0x220b0605, 0x0d030b0e, 0x0d13120d, 0x140d0d02, 0x21d78c00, 0xbf55004a, 0x0ac2770a, 0x35360528, 0x27262734, 0x03853536, 0x23272627, 0x06010f22, 
    0x20d58207, 0x20d48214, 0x7d671817, 0x20258408, 0x20d28233, 0x202e8337, 0x07264b60, 0x2905824c, 0x0b0d7301, 0x0207110b, 0x8883011f, 0x2b353b23, 
    0x2fd28222, 0x0c0d1e10, 0x09090606, 0x0d0d1718, 0x93120809, 0x0d26be83, 0xa001130d, 0xd3840909, 0xde200682, 0xd02c3e82, 0x0d12130d, 0x0f0b030d, 
    0x06040b22, 0x20362383, 0xa0170e1a, 0x190d0f16, 0x15151919, 0x0e010d0d, 0x1b0d120f, 0x59831d1b, 0x0d0d1424, 0xd7830002, 0xbbff1429, 0xc001b101, 
    0x82001000, 0x072523e6, 0xd7182706, 0x0229078f, 0x17133736, 0x01332322, 0xbfab1820, 0x0112280d, 0x03020191, 0x18094408, 0x220cb4ab, 0x824848fe, 
    0x0a27414e, 0x4900262e, 0x23370000, 0x35262722, 0x36373411, 0x1808b056, 0x2109bdf6, 0xc3563317, 0x09bd5b08, 0x6b09c756, 0x27210c09, 0x0d2641a0, 
    0x7d184020, 0x20202ab4, 0x0aa86618, 0x09090e22, 0x18095a61, 0x3120297e, 0xff020000, 0x01c0fffd, 0x00c00183, 0x00310025, 0x45651300, 0x012b270c, 
    0x011f1617, 0xb7630716, 0x013f2108, 0x1320ef84, 0x2009355a, 0x337c8b33, 0x16390b1d, 0x090a0501, 0x10c0fe10, 0x0105090a, 0x1e0c3916, 0x434e9082, 
    0x01402106, 0x82065b48, 0x1f942d12, 0x0e0f0340, 0x0f0e0d0d, 0x941f4003, 0xfe21a782, 0x06cb4ea0, 0x93826020, 0x435e0020, 0x00252507, 0x25000048, 
    0x2024a061, 0x0b534f13, 0x57095a41, 0x01210b6d, 0x21798280, 0x6887e0fe, 0x08005018, 0xa4612020, 0x09772306, 0x9e5fa00e, 0xe1533005, 0x0c0a0a0a, 
    0x09e00a0d, 0x0a0d0d09, 0x8280090a, 0x016021a1, 0x4182ea83, 0x12120123, 0xcc68181b, 0x224d8309, 0x82093701, 0x203a8228, 0x233483e5, 0x53e30909, 
    0x09240b82, 0x0ca10e08, 0x5508d77c, 0x26240557, 0x00004900, 0x270bca58, 0x11151617, 0x2b060714, 0x07f25618, 0x65013b21, 0x0720083f, 0x20213342, 
    0x0f344201, 0x42056243, 0x4920083b, 0x19e87f18, 0x490a1a7a, 0x3a4207db, 0x00012606, 0x011b1b29, 0x5e8018c9, 0x03002f19, 0xc0fffeff, 0xc0014202, 
    0x4d004000, 0xd1825900, 0x23272625, 0x82263534, 0x222128b0, 0x06070607, 0x7c151417, 0x17220916, 0xe1841716, 0xc17a1782, 0x27342105, 0x22202e82, 
    0x82066365, 0x240982ee, 0x31272605, 0x05215e26, 0x21272624, 0x15820706, 0x4a820d82, 0x3c025c08, 0x01651205, 0xff0d0909, 0x09090d00, 0x65010101, 
    0x03010512, 0x19070702, 0x021d8339, 0x05120c0d, 0x010d0e14, 0x0edf0d02, 0x150d0e01, 0x0c0c1304, 0x831e0201, 0x08071b38, 0xfe010203, 0x05051411, 
    0x0e035101, 0x24491b0d, 0x4924a601, 0x030e0d1b, 0x05050151, 0x116e0114, 0x450e1301, 0x0b330533, 0x0104030f, 0x18180311, 0x54282524, 0x12200a21, 
    0x18010d0c, 0x820ab94a, 0x0a203e63, 0x25285421, 0x03181824, 0x1d1d208a, 0x32312e12, 0x34341d2c, 0x32322c1d, 0x1d1d122d, 0x0a175c20, 0x4100232d, 
    0x00004a00, 0x31331613, 0x42013f32, 0x2e70097b, 0x23052112, 0x5a078e4e, 0x40180901, 0x69241251, 0x0a0d0d0a, 0x0e064018, 0x80251283, 0x77010909, 
    0x075d71a0, 0x18065843, 0x23104b40, 0x09090901, 0x100e4018, 0x80090922, 0xa9204183, 0x1807ff42, 0x2f165040, 0xff020000, 0x01ddfffd, 0x00a301c3, 
    0x003d0029, 0x2405af47, 0x26270607, 0x06ad4707, 0x17060723, 0x21018316, 0x01583637, 0x36372305, 0x03832627, 0x20822720, 0x20054c67, 0x210f8223, 
    0x1f833637, 0xac010736, 0x0e121210, 0x362b2b1a, 0x093a3d36, 0x0d070609, 0x0f040408, 0x28081393, 0x232423d8, 0x020d040a, 0x0d020d02, 0x0f2c2a29, 
    0x010e0205, 0x04040f8c, 0x06070d08, 0x3d3a0909, 0x2b2b3636, 0x12120e1a, 0x21139310, 0x3d820a4c, 0x0f040b2b, 0x0c2a292c, 0x050f0e03, 0x734c1800, 
    0x01022708, 0x001c00c3, 0x90682500, 0x27262406, 0x69013f36, 0xc48305db, 0x0a833720, 0x01073b08, 0x180717ff, 0x3d67677f, 0x1701013e, 0x2e0c1865, 
    0x19351108, 0x2c342929, 0x156c160f, 0x17653d03, 0x3d3e0101, 0x187f6767, 0x16041707, 0x2b0f166c, 0x1a292934, 0x2e081136, 0x6782180d, 0x00000222, 
    0x22062b70, 0x692f0014, 0x03201615, 0x7c867e93, 0xc47c8020, 0x40012109, 0x3a079d41, 0x0c030c20, 0x1f333440, 0x0b01011e, 0x18050c33, 0x1b1b0904, 
    0x0a081635, 0x68020b37, 0xfe2a15fb, 0x010b32de, 0x331f1e01, 0x3a824034, 0x370b022d, 0x3516080a, 0x04091b1b, 0x560d0518, 0x0123068f, 0x75c001c0, 
    0xfe6c0661, 0x6a062005, 0xf1550536, 0x18362006, 0x210e4f76, 0xe57f2726, 0x90152205, 0xd64818f0, 0x02103811, 0x2c3d2928, 0x06122222, 0x0c0d0405, 
    0x0a060c0c, 0x22181313, 0x56011617, 0xc0200592, 0x08843187, 0x293d3028, 0x16010228, 0x29822516, 0x04292f82, 0x0d0c150c, 0x22171601, 0x05af6f30, 
    0x0140022b, 0x000d00a0, 0x0026001b, 0x22aa8231, 0x56311716, 0x21240887, 0x31070613, 0x2122a687, 0x027f2515, 0xd8691809, 0x0002210a, 0xfd286d83, 
    0x121201c0, 0x40c0011b, 0xfe210683, 0x28128340, 0x30fe4002, 0x0f01010f, 0x21048440, 0x06838080, 0x42410484, 0x20202105, 0xfe212483, 0x82ab8880, 
    0x830f203b, 0x010f2123, 0x08868918, 0x00000023, 0x08df4103, 0x36001827, 0x00004800, 0x20858313, 0x05044316, 0x33321724, 0xb54a3130, 0x27262305, 
    0xac822237, 0x17141524, 0x1d853316, 0x00441420, 0x05c25806, 0xcf4aca85, 0x37363d05, 0x27262734, 0x0104161a, 0x33343d15, 0x03052021, 0x15010114, 
    0x26270501, 0x06493d3d, 0x2405cf45, 0x2f4f5062, 0x0724532f, 0x5e373825, 0x6b1f745e, 0xb1830730, 0x1c121238, 0x15011001, 0x20050416, 0x3e333321, 
    0x16040214, 0x273d3d49, 0x11790626, 0x2f012506, 0x62504f2f, 0x74264a85, 0x38375e5e, 0x9418fe01, 0x875010c3, 0x00142a0a, 0x00380026, 0x25000049, 
    0x86761821, 0x8335200d, 0x220723bd, 0x14513127, 0x16172706, 0x06071415, 0x11903323, 0x38851320, 0x21373624, 0x34841716, 0x18d00121, 0x200aae46, 
    0xe88318a0, 0xc5bc1808, 0x292e8519, 0xa0011c14, 0x0d01141c, 0x887b140e, 0x0c146312, 0x82085863, 0x05374b52, 0x010fc025, 0x83c00f01, 0x094f486a, 
    0x3300c524, 0x57424100, 0x21ba8306, 0xe0821507, 0x82012f21, 0x182b20d6, 0x7e0b9fba, 0x372407bb, 0x36373233, 0x24060a6f, 0x33152305, 0x06985032, 
    0x01312322, 0x2906f46e, 0x10131301, 0x2f2e252b, 0x80820933, 0x7b824020, 0x08074042, 0x2f338928, 0x102b252e, 0xfe011313, 0x3c0909e9, 0x2d2d3737, 
    0x013c3737, 0x1010070c, 0x10101515, 0x09159407, 0x242d0e07, 0x5e511313, 0x01802506, 0x601b1212, 0x20083d83, 0x2c241413, 0x1509070e, 0x16600c94, 
    0x06012815, 0x00161528, 0xfffbff02, 0x01c501c0, 0x002400c0, 0x25bf822e, 0x16171615, 0x99491517, 0x21072105, 0xa482ae82, 0x5b183720, 0xa7820952, 
    0x31152508, 0x26272203, 0x07143335, 0x00012306, 0x01242338, 0x0d073001, 0xfe140908, 0x08091480, 0x012f080d, 0x38242301, 0x21053541, 0x86821a20, 
    0x1a13133e, 0x0c13a001, 0x133b2b2b, 0x0f093649, 0x01011213, 0x090f1312, 0x3b134936, 0x130c2b2b, 0x2105a941, 0x268220fe, 0x00202d82, 0x01300082, 
    0xbefffeff, 0xc2010202, 0x00004800, 0x17363701, 0xba188e82, 0x0f250904, 0x07161701, 0x25058506, 0x0607012f, 0x05830607, 0x85262721, 0x013f2205, 
    0x23b48427, 0x36372627, 0x37220b83, 0x41821f36, 0x28080583, 0x0a2c0001, 0x10030e0e, 0x090a0e3e, 0x0d3f1203, 0x2e090304, 0x0403092e, 0x03123f0d, 
    0x3e0e0a09, 0x0e0e0310, 0x0b2d2c0a, 0x24239d0c, 0x012d0b0c, 0x82378e8b, 0x225bb513, 0x82050000, 0x020035ef, 0x00800100, 0x00210013, 0x00450031, 
    0x37000073, 0x16311714, 0x240af44b, 0x15060722, 0x09b36137, 0x07141522, 0x14280d8a, 0x011d1615, 0x31273413, 0x280ba44a, 0x35363732, 0x34352627, 
    0x06704237, 0x15171626, 0x17161714, 0x3d231682, 0x82273401, 0x58461829, 0x83332009, 0x37362226, 0x0dda5fe0, 0x41542c21, 0x50230597, 0x85d00404, 
    0x01d12209, 0x2d228d30, 0x1d030a76, 0x02011213, 0x0a010f0d, 0x5052150a, 0x353f2105, 0x0a2af818, 0x7d771220, 0x42398309, 0x28220512, 0x8e710b0d, 
    0x01012406, 0x4a380303, 0x1f820a20, 0x29daf818, 0x00820020, 0x2b093b41, 0x00200012, 0x00440031, 0x25000072, 0x200ccc63, 0x22ec8235, 0x89352723, 
    0x82262013, 0x313722ff, 0x21118a34, 0x46180335, 0x15300c30, 0x33161714, 0x33071437, 0x37363736, 0x012f3435, 0x2105c758, 0x1783011d, 0x35201382, 
    0x16301682, 0x07061517, 0x15160706, 0x17160714, 0x00011516, 0x200d5f4d, 0x06115b10, 0x01045423, 0x053b41d1, 0x8d10d021, 0x80220821, 0x263a2109, 
    0x1a1a0127, 0x113f3421, 0x0b0c0c0b, 0x090a1510, 0x0f0f0101, 0x13120101, 0x130b031d, 0xb4730c0c, 0x2838210c, 0x25053c41, 0x03800d0b, 0xae450103, 
    0xfe382206, 0x0b9b44a8, 0x12202908, 0x2627010e, 0x242c593a, 0x0c012a24, 0x1180110b, 0x0e010b0b, 0x0d460d0e, 0x490d0202, 0x0214141d, 0x10140908, 
    0x15101007, 0x27053b41, 0x01c0ff20, 0x00c001a0, 0x640b3b41, 0x22250d3f, 0x07150607, 0x26138923, 0x22012b06, 0x8a223127, 0x05232111, 0x250d3f64, 
    0x35363732, 0x98453227, 0x06c04f05, 0x27086f65, 0x2b262726, 0x36272601, 0x29058a4b, 0x17323336, 0x33363736, 0xc38b0001, 0x0121e795, 0x20e7b558, 
    0x0d7441c0, 0x212a9641, 0x96413520, 0x0e032109, 0x6b0a9541, 0x3d200c5f, 0x470ca95c, 0xa7470773, 0x6f132007, 0x37230b1d, 0x83013f26, 0x151623f2, 
    0x4f180f14, 0xd0690937, 0xb3802219, 0x05695832, 0x010a6825, 0x5b670a01, 0x31210573, 0x054d42b3, 0x22197e64, 0x8531e0fe, 0x8268202a, 0x670e2129, 
    0x30204285, 0x19053d41, 0x9e0de304, 0x09c058bb, 0x20099369, 0x09b05827, 0x18160721, 0x201a0c4b, 0x87ae8e97, 0x0c6724ca, 0x9a0a0102, 0x8de920bb, 
    0x21c986af, 0xbe820f67, 0x3e20bb8d, 0x271c7741, 0x31230617, 0x15012f22, 0x081a7c18, 0x3625cb89, 0x011f3617, 0x41198216, 0x7f251978, 0x0a0d0d0a, 
    0x05314131, 0x6722818b, 0xba99090a, 0x0909ff23, 0x069b4132, 0x6721ec8c, 0x8d4c820b, 0x207741bb, 0x2f062723, 0x08684101, 0x77183520, 0x33200a7b, 
    0x9a05ad66, 0x0f6721ba, 0x6820b782, 0x8d05f441, 0x27ba99c2, 0x0c67d1fe, 0x680a0102, 0x8f053642, 0x002208c5, 0x00000900, 0x0002bfff, 0x0a00c101, 
    0x1d001500, 0x35002c00, 0x4f004000, 0x62005900, 0x14250000, 0xd1432307, 0x37152305, 0x0c821516, 0x34353625, 0x82273327, 0x17162713, 0x012b1716, 
    0x01823736, 0x82361721, 0x1716310b, 0x37362131, 0x06373631, 0x06172307, 0x23171607, 0x3326e383, 0x33272617, 0x01820706, 0x27062726, 0x07312726, 
    0x11820382, 0x33222c82, 0x18843736, 0x60013127, 0x0103ba03, 0x08048201, 0x08089826, 0x7b03037b, 0x2810740b, 0x172c2d3c, 0x1209b095, 0x0b111110, 
    0x1011110b, 0xbbfe0912, 0x3c2d2c17, 0x70741028, 0x7b202c83, 0x40222a82, 0x21850912, 0x820a0c21, 0x83042021, 0x20398232, 0x83228282, 0x21c02429, 
    0x83211f1f, 0x83402003, 0x20202d06, 0x62201f21, 0x28271136, 0x23283738, 0x2c05b559, 0x38372823, 0x36112728, 0x211f2062, 0x24038220, 0x28ff1f21, 
    0x201d8937, 0x232c8339, 0x62363662, 0x00302483, 0x00020000, 0x02c0ff01, 0x00c40105, 0x00300027, 0x2505cf4e, 0x3523010f, 0xd8823637, 0x5207d54e, 
    0x1622093a, 0x01833637, 0x01273008, 0x37362726, 0x07061716, 0x0903fc01, 0x534d0708, 0x0302074c, 0x2f282409, 0x07082020, 0x1515b20c, 0x171c1c15, 
    0x302824b2, 0x0b0c2323, 0x1854fe09, 0x0807c84f, 0x09450126, 0x4d060203, 0x08074d53, 0x0a090309, 0x3023230b, 0x16b22427, 0x16161d1d, 0x060cb215, 
    0x2e212008, 0xb3fe232a, 0x0805c96d, 0x00021624, 0xf9ff0600, 0x0002f0ff, 0x1100a701, 0x38002300, 0x60004c00, 0x00007200, 0x010f1613, 0x2f062706, 
    0x28492601, 0x31172205, 0x20119015, 0x08e46037, 0x093f4118, 0x92153121, 0x53072014, 0x23260ce0, 0x26272221, 0x92652335, 0x4e062008, 0x9830069d, 
    0x07480d0f, 0x28070b0a, 0x11110e0e, 0x12103716, 0x48230f8f, 0x7d0e0909, 0x40201800, 0x01201c82, 0x20065463, 0x202583fe, 0x10de58a0, 0x12109a31, 
    0x02010850, 0x11102809, 0x3d160e0e, 0x8fa00d0f, 0x4c662010, 0x0f7a0b1d, 0x590c8c0c, 0x00200fa2, 0x012a0082, 0xdbfffaff, 0xa0010602, 0x82181500, 
    0xec4b0a1b, 0x3d2d0806, 0x37262701, 0x190b0431, 0x0b19b001, 0x01b6100a, 0x40101111, 0x0a0fb70d, 0x01168901, 0x13171601, 0x0a137fe0, 0x0a300b08, 
    0x13e04f10, 0x05f34d17, 0x01000234, 0x001400c0, 0x0032002d, 0x07062500, 0x35272623, 0x4f181523, 0x232709f0, 0x35233715, 0x5f262726, 0xb85f06b2, 
    0x012b2c0b, 0x01153335, 0x600f0140, 0x5fc0010f, 0xc02209a6, 0x0c835090, 0xbd83a020, 0xc95f5020, 0xa0802909, 0x010f70a0, 0x90300f01, 0x2208234d, 
    0x8730f030, 0x8330200b, 0x70702132, 0x30210e83, 0x09d75030, 0x4c209b83, 0x830a0f76, 0x8233209b, 0x010f249c, 0x18222306, 0x83082866, 0x210e84fd, 
    0xd24c3435, 0x35332106, 0x11f11a19, 0x0807176e, 0x08000221, 0x05090750, 0x60010d05, 0x06070f28, 0x0c07480a, 0x0a47070b, 0x270f0706, 0x050d015f, 
    0x18070905, 0x2107e08a, 0x1f83275f, 0x0a084722, 0x07c08a18, 0xa5826120, 0x08500c23, 0x250f82c0, 0x0f070206, 0x0f856028, 0x0c500823, 0x244d850e, 
    0x07480602, 0x211d820b, 0x1d930509, 0x82090521, 0x34dc821d, 0xff000006, 0x018002c0, 0x001100c0, 0x00360024, 0x005a0048, 0x18e5826b, 0x210cf545, 
    0x5c181714, 0x372014ff, 0x162a248c, 0x05171617, 0x34313734, 0x9a572637, 0x17162405, 0x182f2633, 0x26114071, 0x07222305, 0x18161714, 0x29096b9f, 
    0x1d2c4001, 0x1d01011d, 0x07832b1e, 0x2c1e1d35, 0x283c6432, 0x08080228, 0x0c48010c, 0x28020808, 0x188e3c28, 0x300f0f71, 0x0101b8fe, 0x253e1311, 
    0x02011919, 0x0120c710, 0x23208f38, 0x133ea801, 0x0b759f18, 0x5f828020, 0x1e2c2c22, 0x07846784, 0x2601202f, 0x070c3826, 0x0c070808, 0x01262638, 
    0xc37118c0, 0x06382e0f, 0x08020206, 0x271b1a01, 0x33250211, 0x211e8f38, 0x9f180820, 0x00360b79, 0x12000200, 0x6e02d1ff, 0x3700af01, 0x00006f00, 
    0x31333613, 0x1d421732, 0x06072105, 0x2005864d, 0x26068336, 0x010f2223, 0x83141506, 0xb97c181a, 0x2821840a, 0x013f3435, 0x31230605, 0x212e8622, 
    0x40863637, 0x33210683, 0x212e8232, 0x1a833435, 0x06834082, 0x0807334f, 0x14151646, 0x2cad010f, 0x262c3a39, 0x011f0504, 0x0b0d0c08, 0x0702020b, 
    0x02021101, 0x20201915, 0x18187019, 0x191c1d15, 0x0c0d0b02, 0x02020709, 0x332e010b, 0x2a2a2733, 0x2d270171, 0x262d393a, 0x011f0404, 0x0c0c0d07, 
    0x7123338c, 0x86161717, 0x08082133, 0x02233382, 0x8234332c, 0x01702933, 0x272a2a3d, 0x022c3434, 0x08202d82, 0x23086983, 0x1d1c1902, 0x71171716, 
    0x19212018, 0x11020314, 0x03020702, 0x0d0c0c0a, 0x041f0108, 0x392d2505, 0xf9712d3a, 0x33203282, 0x68833286, 0x1d180222, 0x70253283, 0x18202119, 
    0x23328215, 0x02030801, 0x7035328d, 0x02000000, 0xc0fff6ff, 0xc001ca01, 0x25001a00, 0x27250000, 0x09c66835, 0x17162208, 0x06071733, 0x21171617, 
    0x27363736, 0x3d363725, 0x14153301, 0x0123011f, 0x160776b5, 0xce150201, 0x3afb8216, 0x15750207, 0x012b1313, 0x13132b32, 0x30d4fe15, 0x30064007, 
    0x97bd2cad, 0x82101602, 0x3304831e, 0x2225bd97, 0x23020223, 0x4e542522, 0xa0a00a08, 0x004e080a, 0x2009476f, 0x23798216, 0x01000031, 0x0a395818, 
    0x2905074d, 0x26272223, 0x33153735, 0x1a910327, 0x26272626, 0x70800127, 0x20074a44, 0x270883c0, 0x0a090e5f, 0xe0606020, 0x84086c44, 0x1b202715, 
    0x01011212, 0x297e6060, 0x09d0290d, 0x60600e09, 0xe0a0fe60, 0x3025178d, 0x1b121201, 0x30008200, 0xff040001, 0x01bc01c4, 0x004600b7, 0x23260100, 
    0x074f4231, 0x4b323321, 0xb07a0a55, 0x08674b08, 0x987b1192, 0x01312e07, 0x1919136c, 0x2020b813, 0x212b2b21, 0x05a97698, 0x41339835, 0x30303341, 
    0x2f2f25b8, 0xb0232325, 0x171d1d17, 0x85901515, 0x0a90271b, 0xb00c0c0a, 0x37821313, 0x83b81321, 0x20202433, 0x83080898, 0x3098221b, 0x22378330, 
    0x832323b8, 0x15b02237, 0x20378315, 0x251b8590, 0x0a0c0c90, 0x6983b00a, 0xe353c682, 0x0017240a, 0x82360029, 0x51b818cb, 0x45112009, 0x262709f2, 
    0x27260327, 0x55272631, 0x0623072a, 0x18070607, 0x2a0ae660, 0xb1011517, 0x090a0554, 0x7e1bfc09, 0x1b2005d9, 0x2106d055, 0x1087d10e, 0x60220787, 
    0x5a180f01, 0x3f2408ff, 0x04040554, 0x240d8862, 0xfe1013fc, 0x07e657e1, 0xd0250787, 0x0f01010f, 0x86048460, 0x29a782b3, 0x008001c0, 0x00270013, 
    0x4118003a, 0x1520140b, 0x2012f847, 0x3b431805, 0x05b84a09, 0x09230622, 0x09c05c18, 0x1a50fe20, 0xa0451806, 0xe743180d, 0x18a94712, 0x4b06f85b, 
    0x002205a9, 0x43180600, 0x112a08d7, 0x39002500, 0x5f004d00, 0x116e7100, 0x4806200b, 0x2520067e, 0x26c84318, 0x13f04318, 0xcc480520, 0x67372010, 
    0x102010ee, 0x51108f48, 0xfe20063f, 0x4806d348, 0xcd480cbd, 0x670f840f, 0x7d480574, 0xcd8a180b, 0x6f501811, 0x5c268708, 0x0f410640, 0x0c3c5005, 
    0x20200c8c, 0x2748568b, 0x35b38b08, 0x00050000, 0x02e0ff21, 0x00a00120, 0x003f001f, 0x00670053, 0xbd5d007b, 0x013b2305, 0x8b781716, 0x09164e05, 
    0x0a843520, 0x18133121, 0x2c08dcbe, 0x16173637, 0x010f1407, 0x06171633, 0x06074807, 0x01312722, 0x2e3a7741, 0x0a070737, 0x10011720, 0x17010117, 
    0x82070a50, 0x100a2200, 0x3f078208, 0x0b0b0d40, 0x0b11130f, 0x1d1d130c, 0x10011016, 0x02162123, 0x0f581602, 0x480a0607, 0x89010708, 0x20053c42, 
    0x085f66ff, 0x01210f9f, 0x22548288, 0x18781602, 0x2009e966, 0x25798260, 0x0c0be3fe, 0x68821110, 0x821a0f21, 0x1812247f, 0x83261218, 0x0d012820, 
    0x0a4e0b0f, 0x5015010b, 0x6b410b9c, 0x350c8c0c, 0x02000000, 0xdfff0000, 0xb4010002, 0x43001b00, 0x16250000, 0x27470607, 0x0c661805, 0x05ec5a09, 
    0x37232724, 0xef462623, 0x36372105, 0x1807015b, 0x080a3566, 0x07062334, 0x36211716, 0x01272637, 0x0406194c, 0x32311c15, 0x0c0b0d3b, 0x05040406, 
    0x2b2a190d, 0x2f262d30, 0x4e09050a, 0x1619b09c, 0x0617183f, 0x250e1304, 0x20824424, 0x07040333, 0x458a0d06, 0x0b06092a, 0x1671160c, 0x01160202, 
    0x2c0583d0, 0x1a1f1180, 0x06050f0b, 0x04050418, 0x0827820d, 0x0c0a062b, 0x1401010c, 0x1823381a, 0x11070850, 0x161e1111, 0x03030b0c, 0x06060311, 
    0x0b0b0d0e, 0x1c2c2404, 0x1a1a2631, 0x15150211, 0x20038302, 0x6f571800, 0x0012250b, 0x2900004d, 0x11677518, 0x15330122, 0x20072251, 0x10715335, 
    0x18013b21, 0x90098a56, 0x1833201c, 0x2a11984a, 0x021090fe, 0x44442d2d, 0x18022d2d, 0x270ed74b, 0x291b1b01, 0x011b1b29, 0xc457168d, 0x44a0240d, 
    0x82022c2d, 0xa043213f, 0x08211783, 0x281d8509, 0x1b1a29a0, 0x1c1b0101, 0x08b74128, 0x0a0d0d23, 0x3b65180a, 0x35072a2d, 0x07331523, 0x23353315, 
    0x21038217, 0x0e833715, 0x0a385918, 0x2308055a, 0xa0e08001, 0x65180083, 0xe0241b3d, 0x60406060, 0xa0240083, 0x02006060, 0x2c08b760, 0x001a0015, 
    0x35261700, 0x01373431, 0xfa271936, 0x23063008, 0x01012f22, 0x17072737, 0x010e0e0e, 0x18130f7d, 0x2d0b737a, 0x18694e01, 0x0e0f1869, 0x010f1314, 
    0x7a180e7d, 0x01210a34, 0x20188313, 0x20008200, 0x30038206, 0x01400200, 0x00150080, 0x0025001d, 0x0033002c, 0x93651845, 0x055d6517, 0x27331538, 
    0x36313736, 0x05152337, 0x06070635, 0x23113307, 0x17161716, 0x224b0735, 0x053b5b10, 0x5b09325b, 0xfe210543, 0x26078380, 0x121b4040, 0x41400112, 
    0x40210524, 0x20128340, 0x505118e0, 0x20298410, 0x4d5118ff, 0x05d15c0e, 0x84c04021, 0x05915b45, 0x22840120, 0x18e04021, 0x2e116351, 0x00fbff01, 
    0x01440140, 0x000f0000, 0x4c072500, 0x212008be, 0x2008b282, 0x7f370107, 0x0a0d0d0b, 0x09070f7f, 0x15ff0015, 0xc90d0709, 0x80090980, 0x01131310, 
    0x10131301, 0x83008200, 0x8280203f, 0x8340203f, 0x413f203f, 0xf4820678, 0x27262325, 0x85093726, 0x070e233e, 0x3d831608, 0x8db70e21, 0x2574823d, 
    0xc0001c00, 0x3b836501, 0x26273722, 0x2408264d, 0x27060706, 0x232b8b89, 0x0e0b7f29, 0x0e208782, 0x86848782, 0x01000028, 0x1d004000, 0x3b850001, 
    0x16171324, 0x0a4b1415, 0x36112505, 0x77173637, 0x01273b8b, 0x0b0b8057, 0x827f0b0c, 0x20c48585, 0x0873480e, 0x0100022b, 0x001500a0, 0x001f001a, 
    0xa3661800, 0x33132e15, 0x01112311, 0x11331123, 0x1b121201, 0x08a74201, 0x0984fe20, 0xa0a04024, 0x03828001, 0xa25d6020, 0x40012611, 0x0001c0fe, 
    0x83a782ff, 0x00002803, 0xfffcff02, 0x824401e0, 0x830f206f, 0x1937206d, 0x7013571f, 0x26360806, 0x08011c27, 0x0c060713, 0x0b0b0984, 0x060c8508, 
    0x08011307, 0x1183f8fe, 0x0c078525, 0x8384090b, 0x01e02d11, 0x890e1010, 0x0e890808, 0x40011010, 0xdf830c8b, 0x6f850120, 0x41a00021, 0x382014d7, 
    0x5683588b, 0x48877120, 0x3f864783, 0xaf870020, 0xad8f0020, 0x8b8c9d90, 0x310a9343, 0x0043002c, 0x2f342500, 0x22232601, 0x3727010f, 0x0b873536, 
    0x14150622, 0x4418ee86, 0x33270722, 0x36013f32, 0x84070535, 0x821e892a, 0x37273632, 0x07000227, 0x09090717, 0x05720607, 0x08160707, 0x7d070a09, 
    0x24118307, 0x7106060a, 0x31098306, 0x7c08090a, 0x3be4fe09, 0x0a0d0c0a, 0x2e090973, 0x07840d09, 0xe82d3a30, 0x07160809, 0x05710507, 0x070a0808, 
    0x37820916, 0x82090a21, 0x21498339, 0x09840808, 0x0a057d2c, 0x09093b16, 0x0c0d0a73, 0x07862e0a, 0x002e3b22, 0x200d9f54, 0x1c797e34, 0x36370728, 
    0x010f2627, 0xb45f2322, 0x07cf4505, 0x31272623, 0x14601802, 0x4ccf3418, 0x0c141309, 0x0201014d, 0x12131a03, 0x13120101, 0x82121c1a, 0x7e0e2007, 
    0x3626187e, 0x090c1493, 0x2a839313, 0x71421b20, 0x12182207, 0x97831800, 0x006d220a, 0xc1591800, 0x33152110, 0x05868e83, 0x0e0e5a18, 0x27263523, 
    0x22199623, 0x96070623, 0x37362319, 0xc8503736, 0x35272705, 0x0e0d01d0, 0x3b494014, 0x98082607, 0x010f1018, 0x890e8708, 0x07012217, 0x21159298, 
    0x2b940798, 0x18100f22, 0x3b4d2d86, 0x21498408, 0x19820128, 0x708c2020, 0x20231784, 0x91280107, 0x01282215, 0x832b9307, 0x322d85a0, 0xff020000, 
    0x02c0ffff, 0x00c00141, 0x004e001a, 0x72152500, 0x262505a0, 0x06070607, 0x15611817, 0x26352407, 0x6a070627, 0xd359055d, 0x83208209, 0x05954f22, 
    0x0aed6518, 0x16311622, 0x08079848, 0xff002742, 0x030c0f01, 0x0d0c0b05, 0x0506050d, 0x19141509, 0x01171623, 0x0f12120e, 0x47184101, 0x09095a47, 
    0x0a090e0e, 0x1847465a, 0x08060601, 0x27282927, 0x150f090a, 0x131b2115, 0x030b0b13, 0x260b0901, 0x092d1282, 0x92010606, 0x01010f82, 0x05060c0a, 
    0x314c8304, 0x010f0e18, 0x82231617, 0x0d02010d, 0x3b3b6715, 0xbd49120a, 0x0a123d05, 0x08673b3b, 0x2a070505, 0x0e420607, 0x16161c0e, 0x0f0f0101, 
    0x02071011, 0x06420e0e, 0x05261582, 0x00000805, 0x2f470400, 0x001b2908, 0x00280024, 0x0100003f, 0x2622e282, 0xe7832327, 0x49182320, 0x33220885, 
    0xc9823611, 0x09607b18, 0x18150521, 0x4e0d3867, 0x012b0afe, 0x0e0d0140, 0x25123914, 0x53391225, 0x01250843, 0x30221716, 0x089655a0, 0x60600023, 
    0x0d094f20, 0xb6826020, 0x10600122, 0x1e233083, 0x831e0202, 0xc0fe2142, 0x10273e84, 0x01161722, 0x85160208, 0x6028213c, 0x004f0082, 0x09d0230d, 
    0xca820e09, 0x0003002b, 0x01c0ff10, 0x00c00170, 0x05d3700e, 0x1f141722, 0x33287782, 0x36013f36, 0x15233537, 0x2a09f361, 0x31141716, 0x30333130, 
    0x83353031, 0x058a5ad6, 0x2105d370, 0x514e0706, 0x06240807, 0x12057007, 0x103e100a, 0x0104120a, 0x314d4fa0, 0x2b010130, 0x08100f0d, 0x0f1008a0, 
    0x02012b0d, 0x014b3232, 0x01209b83, 0x0a164c18, 0x080a063a, 0x01010d1a, 0x0a081a0d, 0xc6012727, 0x47333203, 0x190f3044, 0x0101191a, 0x0f270482, 
    0x324a452f, 0x82600231, 0x10212795, 0x2f0f0101, 0x05821f20, 0x00010e33, 0x00000200, 0x8002e0ff, 0x2400a001, 0x00003900, 0x08d94e17, 0x61183420, 
    0x907b0891, 0x07ce7007, 0x16372122, 0x273ad882, 0x35010f26, 0x07062726, 0x07262715, 0x90011f06, 0x0228293d, 0x2b1a1a01, 0x1c192d02, 0x9f3f1657, 
    0x0f501011, 0x2711100f, 0x02161602, 0x0e111028, 0x0220500e, 0x303d2928, 0x04102424, 0x192d4404, 0x23146a1c, 0x500f0f58, 0x27292a83, 0x02021686, 
    0x0e278616, 0x7545820e, 0xb7ae0833, 0x82170621, 0x16152bb9, 0x35373617, 0x36371617, 0xc382012f, 0x4f20b7a1, 0x28207383, 0x2722b483, 0x8e841011, 
    0xd920b7a2, 0x26202a83, 0x2620b485, 0x5020f583, 0x4d18ee82, 0xc028088f, 0x1100c001, 0x74006700, 0x2107295b, 0x4f502726, 0x06072709, 0x07063107, 
    0x69181615, 0x362907aa, 0x32333637, 0x011d1617, 0x23bf8407, 0x34013d36, 0x35262d82, 0x17161716, 0x9f6b1415, 0x013d2106, 0x37252582, 0x06070615, 
    0x0b5b6415, 0x3130352d, 0x32013b32, 0x0f313033, 0x18070601, 0x0807bd46, 0x01171627, 0x24250160, 0x24243637, 0x24240202, 0x25243736, 0x0e144101, 
    0x0501010d, 0x0a0b0b10, 0x09010c0a, 0x0a0e0d09, 0x290a8209, 0x05100b0b, 0x38150d0e, 0x13822324, 0x80fe0e3e, 0x0109090e, 0x12382423, 0x0f010b0b, 
    0x10181810, 0x0b0b010f, 0x70040412, 0x78010404, 0x09d27418, 0x18400121, 0x2e0f8572, 0x111006ea, 0x04071817, 0x0b0a0a10, 0x82110c0b, 0x09092546, 
    0x0b0c110e, 0x102d6282, 0x17180704, 0x35061011, 0x3d2c2c0e, 0x29198508, 0x2c2d3c08, 0x0e063d0e, 0x6283130f, 0x20086a83, 0x060e0f13, 0x163e3a42, 
    0x0a070702, 0x0207070a, 0x00000016, 0xff200002, 0x013002c0, 0x004900c2, 0x07494152, 0x5f171421, 0x524106fd, 0x26352407, 0x8226012f, 0x4c1f20fe, 
    0xfb410ac2, 0x07062206, 0x05a36515, 0x36171626, 0x35373637, 0x35200482, 0x15203683, 0x0808f559, 0x1722e040, 0x0e0d0116, 0x1f200115, 0x201f2e30, 
    0x24243703, 0x3f120101, 0x02040616, 0x1b011f15, 0x1c29281b, 0x151f011b, 0x16060303, 0x0101123f, 0x04382324, 0x4b493231, 0x16023231, 0x16010d0d, 
    0x79442217, 0x83502008, 0x13193f0d, 0x2c4f0914, 0x01011e1d, 0x0d2a1c1c, 0x9a3c2b2a, 0x020d0513, 0x06161015, 0x1c287a06, 0x5182021b, 0x067b2938, 
    0x15101606, 0x13050c03, 0x2b2b3b9b, 0x2e2e450c, 0x302f0202, 0x89184f47, 0x69180772, 0xb76508f5, 0x00c02b08, 0x0019000c, 0x002b001e, 0x65821900, 
    0x33171629, 0x07062311, 0x84250706, 0x21112205, 0x27d38411, 0x15333523, 0x33112333, 0x3720e482, 0xd7821184, 0x58301421, 0x50270561, 0x0d0e14a0, 
    0x83000101, 0xa0a02212, 0x26158680, 0x01140e0d, 0x84e0fe30, 0x8380201a, 0x8390201a, 0x50fe2304, 0x1283b001, 0x30306023, 0x211584fe, 0x6a652001, 
    0x03002105, 0x24084b44, 0x00220016, 0x05056931, 0x17161522, 0x74839082, 0x8a877984, 0x23074c44, 0x07062117, 0x3a085a53, 0x00022726, 0x021678fe, 
    0x291b1b01, 0x1b1b29c0, 0x24362001, 0x25010125, 0x54203624, 0x1227059a, 0xfd301b12, 0x83010fe0, 0x85012087, 0x010f2598, 0xe81602a0, 0x080b5018, 
    0x33832b82, 0x5380c021, 0xc020072f, 0x0bb0c518, 0x02000033, 0xc0fffeff, 0xc101c001, 0x5d003a00, 0x16130000, 0x02931807, 0x3527210b, 0x26229f83, 
    0xaf82013f, 0x1624b682, 0x3733011d, 0x2806e25d, 0x17151417, 0x37363533, 0x25038230, 0x1f161736, 0xc05e1301, 0x22232208, 0x43368427, 0x1c820584, 
    0x2f823a83, 0x04de1131, 0x160c0404, 0x120b0b21, 0x010c0c0f, 0x820c161f, 0x011f360f, 0x06060505, 0x11120404, 0x06040404, 0x12010304, 0x05030110, 
    0x38018206, 0x0ce21e02, 0x0c10100c, 0x0b0d110c, 0x0609090c, 0x201f0204, 0x08080734, 0x28258307, 0x13132b01, 0x07191013, 0x821f82da, 0x06da3625, 
    0x14130f1a, 0x04058913, 0x04010104, 0x94900605, 0x03030405, 0x240c8203, 0x04069094, 0x82078201, 0xfe88225c, 0x082d85bd, 0x0505782d, 0x0c0c0909, 
    0x2f39720c, 0x0103162e, 0x07040501, 0x01020606, 0x000048fe, 0xff000005, 0x018001c0, 0x000300c0, 0x0025001a, 0x183b0030, 0x221c9d6e, 0x62262313, 
    0x06220522, 0x0a893507, 0x2405fe54, 0x16333736, 0xbe6e1817, 0xa0302117, 0x10847518, 0x100f0124, 0x16880f01, 0x6e18c020, 0xfe2116de, 0x746018e0, 
    0x83502010, 0x2203834a, 0x88070000, 0x00202cbf, 0x003a002d, 0x00540047, 0x4f6e0061, 0xa05b0c19, 0x07062405, 0x82150706, 0x272628b2, 0x36373611, 
    0x18012137, 0x20259f40, 0x88358227, 0x05ca4229, 0x27263523, 0x82158223, 0x881520f4, 0x50012919, 0x010d0e14, 0x140e0d01, 0x54080b54, 0x01210802, 
    0x9c401820, 0x5d40180b, 0x1850200a, 0x8a145340, 0x5c2b8a15, 0x1c690542, 0x206b8805, 0x09565c50, 0x18f0fe21, 0x20097f40, 0x20578930, 0x20158930, 
    0x8a1594b0, 0x4900202b, 0x802a0897, 0x1800c001, 0x50003500, 0xc94b6c00, 0x09ee180c, 0x0617220d, 0xee881807, 0x26352815, 0x11072327, 0x7e272623, 
    0x0d820545, 0x36333523, 0x25068337, 0x37363736, 0xdc6b2133, 0x06232505, 0x33171607, 0x06834183, 0x06070627, 0x33112307, 0x08f354c0, 0x1428db84, 
    0x50010d0e, 0x18010f78, 0x1823c683, 0x8a100f01, 0x7098210a, 0x19831d84, 0x84505021, 0x203b8305, 0x059d4470, 0x168a1085, 0x58017021, 0xfe2108eb, 
    0x0a404130, 0x0110d023, 0x84588e0f, 0xfe202263, 0x05f24460, 0x010f0f24, 0x04820140, 0x870a8b5d, 0x21518512, 0x008200a0, 0xb35c0520, 0x00322808, 
    0x004a0038, 0x6c79005c, 0x332308c5, 0x18011f32, 0x7f5221f1, 0x33210592, 0xc60d1936, 0x06974208, 0x0706232c, 0x14700115, 0x33010d0e, 0xf1181419, 
    0xfe234c3e, 0x420f0190, 0x3022052f, 0x0a8b010f, 0x5056f118, 0x0f200123, 0x84638e01, 0x05002879, 0xe0ff0000, 0x46010002, 0x2b2405f3, 0x4d003000, 
    0x4610f546, 0x2f2009e3, 0x20050953, 0x05fb4323, 0x1121112a, 0x33233523, 0x13352315, 0x2609ad7b, 0x35272623, 0x83333736, 0x17162303, 0x03823315, 
    0x0e0d012b, 0x14101014, 0x01010d0e, 0x820786d0, 0x09b45f11, 0x40012032, 0xa0a0d020, 0x380701b0, 0x07300701, 0x01073801, 0x31470a8b, 0x0c22470c, 
    0x28094142, 0x800180fe, 0xfe303030, 0x843d90f8, 0x00002253, 0x054f5400, 0xe7828020, 0x4e004324, 0x80180000, 0x172d08c9, 0x011f3233, 0x0f061716, 
    0x012b0601, 0x07c25707, 0x2321c083, 0x23118207, 0x3d262722, 0x0778b518, 0x34353326, 0x013b3637, 0x33212f82, 0x22e58235, 0x73060731, 0x263a0583, 
    0x02a02327, 0x02167016, 0x68101602, 0x660b0c74, 0x0e01010e, 0x740c0b66, 0x13831068, 0x08281884, 0x0d093720, 0x09090e13, 0x08a09518, 0x090d1329, 
    0x16082037, 0x6f0f5002, 0x0121084b, 0x05dd48a8, 0x26049028, 0x070f0f07, 0x91180426, 0x902208d9, 0x516a0937, 0x83402009, 0x82372043, 0x45d8201b, 
    0x003b07c8, 0x00050000, 0x02e0ff20, 0x00a00100, 0x002b0020, 0x00410036, 0x0100004a, 0x74343523, 0x15210648, 0x08374811, 0x36373536, 0x013d3637, 
    0x27262726, 0x26070601, 0x37363527, 0x33151716, 0x37250a94, 0x35010f14, 0x221e8233, 0x8230b001, 0xe0fe2181, 0x2e06b375, 0x12121be0, 0x0c165101, 
    0x1716010d, 0x46f0fe22, 0x66181051, 0xa02308cf, 0x82303709, 0x626020e1, 0xa02007c2, 0x29088b71, 0x13140a24, 0x17226318, 0x6a450116, 0xb9761805, 
    0x0a5d2819, 0x019a1805, 0x7200630f, 0x2d200e17, 0x84171772, 0x182320ca, 0x850b5582, 0x720120e3, 0x30241415, 0x02161602, 0x0ead2c19, 0x395ca020, 
    0x05715c0d, 0x16b8fe27, 0x50160202, 0x20058350, 0x8d0a8ad0, 0x00152297, 0x0c2d472e, 0x09dc5918, 0x44032121, 0x5618055b, 0x80541246, 0x41c02009, 
    0x01230720, 0x1816a040, 0x71124356, 0xdd720565, 0xb0fe220f, 0x6a561802, 0x413a840d, 0x8d82052f, 0xa001802a, 0x32001800, 0x013f0000, 0x23123e75, 
    0x3f323316, 0x890f665e, 0x89372126, 0x12df4d19, 0x0d0aa022, 0x087fb818, 0xc9201f88, 0x0da54819, 0x090a0d25, 0x18090e09, 0x200881b8, 0x05a8678a, 
    0x1f7ba020, 0x80012306, 0x93828001, 0x00003123, 0xdd651837, 0x010f2c0b, 0x22232627, 0x14150607, 0x7737011f, 0x238b0ab6, 0x93a90721, 0x93a0207d, 
    0x91a920a7, 0x910e207f, 0x052741a5, 0x02c0ff29, 0x00c00140, 0x42270022, 0x33210c57, 0x097e5a07, 0x4b272321, 0x032709ee, 0x15213521, 0x5cfe1002, 
    0xc0280861, 0x02164810, 0x10011602, 0x48210583, 0x05f45010, 0x140e0d24, 0x5682fe10, 0x84066e48, 0xba951814, 0x01302108, 0x01291e82, 0x0d0e1440, 
    0xe0e0fe01, 0x3d8682e0, 0x00000200, 0x8002e1ff, 0x1000a001, 0x00002100, 0x33112113, 0x26272611, 0x07062127, 0x0b820706, 0x08820120, 0x250a2e65, 
    0x01802726, 0x46834080, 0x3605c948, 0xfdf00140, 0x01010fa0, 0x021b1212, 0x12121b00, 0x010f0101, 0x1800ff60, 0x2809506d, 0x0001f0fe, 0x0e02e1fe, 
    0x821c8410, 0x0e102126, 0xcf5a7282, 0x0014220b, 0x20ff8c26, 0x08e04c21, 0x9d720320, 0x15504310, 0x820c5466, 0x576582f8, 0x6b570557, 0x30fe2409, 
    0x450e0909, 0x0582050b, 0x7f830020, 0x51ff1021, 0x7fac05f3, 0xf8184020, 0x012209a5, 0x314a1400, 0x0c866f06, 0x210be749, 0x76180d01, 0x7f900737, 
    0x00000736, 0x0002c0ff, 0x1100c001, 0x35002300, 0x5a004700, 0x7f006c00, 0x20134f50, 0x10035f11, 0x11c88218, 0x11164718, 0x35260524, 0x79503431, 
    0x4c152005, 0x312105e9, 0xbb021913, 0x64172010, 0x8d180552, 0x342408ad, 0x30013137, 0x8210605f, 0x83ea87c5, 0xd0fe2107, 0x0221218f, 0x27118f00, 
    0x0e0e4bfe, 0x0f13130f, 0x44200585, 0x0e220a89, 0x0c8be20e, 0x8709d449, 0x096d7461, 0xd0201187, 0x8f0f525f, 0x8cb5200f, 0x8b262051, 0x8be22079, 
    0x8200200c, 0x00013400, 0x02ddff00, 0x00a30100, 0x13000022, 0x16173637, 0x82321517, 0x17162204, 0x052d5e06, 0x27363724, 0x6f682326, 0x34353b06, 
    0x0db00837, 0x51010d0d, 0x26264141, 0x18180101, 0x0a090c22, 0x2e2f2103, 0x16820175, 0x0808b033, 0x0a970201, 0x50100606, 0x28280f0f, 0x2a292f4b, 
    0x24448218, 0x27286b0c, 0x63551858, 0x05eb410f, 0x34001a26, 0x58004600, 0x1c375a18, 0x19261721, 0x820a9a5f, 0x2b51828c, 0x27260706, 0x37312726, 
    0x06310722, 0x07760619, 0x82343521, 0x7b6f18a7, 0x1819840c, 0x08175b5a, 0x0b0ba421, 0x1c11090b, 0x1d2a291d, 0x0a09111d, 0x170e0b0c, 0x17202117, 
    0x0d0c0e16, 0x01010909, 0x430d0909, 0x4b43051d, 0x58148706, 0x462d1843, 0x0c0b090b, 0x01101014, 0x14101001, 0x280c820c, 0x010c0d10, 0x100d0c01, 
    0x0b684396, 0x0c8e5518, 0x33560020, 0x001a2609, 0x003e002c, 0x1c074149, 0x0c734518, 0xff91db84, 0x970a1249, 0x85b020f8, 0x20d087d7, 0x24ee8da0, 
    0x01010fb0, 0x056f760f, 0x6518ea98, 0xd18c0cf8, 0x1049a020, 0x2ddb8209, 0x80020000, 0x12008001, 0x3d002b00, 0xd3444f00, 0x0a1c5107, 0x07272622, 
    0x22062448, 0x4a272627, 0xb24a05b3, 0x07062105, 0x11335518, 0xfc443720, 0xffc02211, 0xa7621800, 0x88012007, 0x20c92a09, 0x02161602, 0x0203161f, 
    0x32098416, 0x01021620, 0x0b11b817, 0x100b0c0b, 0x0b0b0c10, 0x8540120a, 0x8205820c, 0x8001250c, 0x52363602, 0x07834687, 0x3182d820, 0x01243b82, 
    0x02161502, 0x50830a85, 0x3e824020, 0x0c0b1125, 0x82110b0c, 0x8b602037, 0x1800200c, 0x2608dfc7, 0x002900c2, 0x8277006c, 0x612220e9, 0x27240567, 
    0x34310726, 0x20064f47, 0x055a4f11, 0x23064d51, 0x11373637, 0x07391983, 0x36150706, 0x23061537, 0x22352722, 0x26232223, 0x27261527, 0x22270635, 
    0x22188223, 0x82350706, 0x37362227, 0x26088535, 0x32333615, 0x55333217, 0x16230528, 0x82373217, 0x363b820b, 0x17161527, 0x22351716, 0x01272627, 
    0x41090afe, 0x23212927, 0x42543131, 0x36080576, 0x0f200f01, 0x34344c01, 0x2d342c2c, 0x0a01133f, 0x2f1e0e0a, 0x222a2621, 0x0208081e, 0x26050501, 
    0x042d231d, 0x1f010204, 0x19211f26, 0x06060d0e, 0x1519241c, 0x821d2712, 0x1a022d13, 0x1e0e0d1b, 0x01060525, 0xf02a2601, 0x022e0c83, 0x012c2101, 
    0x021e04c0, 0x030e0d02, 0x47422202, 0x058b7a05, 0x02227022, 0x09f97718, 0x090e3808, 0x02148e08, 0x52100251, 0x014a010b, 0x030a4309, 0x0101014c, 
    0x0c08450b, 0x04060b3f, 0x08520203, 0x080b3f0e, 0x010a4206, 0x040a0345, 0x010c4204, 0x10024401, 0x83500840, 0x0153220d, 0x053a420d, 0xff00002e, 
    0x014002e0, 0x001900a0, 0x1300002d, 0x2107bd45, 0x925e011f, 0x82232005, 0x343524ef, 0x6327013f, 0x092013e7, 0x2005ea48, 0x4e3f19c0, 0x1702210a, 
    0x1565af86, 0x69012108, 0x20058370, 0x820683c0, 0x2306832a, 0xb7fea9a9, 0x200d1847, 0x26878203, 0x018002be, 0x821300c2, 0x00472487, 0x63030100, 
    0x37210644, 0x06545313, 0x90310721, 0x71262094, 0x31220648, 0x62180705, 0x072c15b2, 0x809f0131, 0x0d0c0b04, 0x0306060d, 0x68200888, 0x09de4419, 
    0x855a5a21, 0xa0fe21c3, 0x1b890987, 0xfe970123, 0x83378340, 0xc001213f, 0x50210987, 0x82c18370, 0x21068325, 0xdc855959, 0x08872e20, 0x00201c8b, 
    0x02200082, 0xde34d782, 0xa4014002, 0x33002000, 0x17370000, 0x37363716, 0x16171635, 0x82057f5b, 0x2726240c, 0x82352726, 0x054b6b04, 0x20852320, 
    0x89372721, 0xb0883512, 0x010d0d0d, 0x1c1e1d52, 0x0c090a03, 0x01181822, 0x633d3e02, 0x20060846, 0x211c8480, 0x5b189e9e, 0x54240c7a, 0x5b292a08, 
    0x063baf82, 0x2e2a2919, 0x06282961, 0x06061052, 0x0a08980a, 0x0a97070b, 0x10100606, 0x46108887, 0x012e0a28, 0xedff0d00, 0x9501b501, 0x00001000, 
    0x8f830625, 0x90822320, 0x36253722, 0x2308a682, 0x0b1e0103, 0xb0021919, 0x17040618, 0x10136001, 0x0490070e, 0x19060417, 0x191802b0, 0x0e07900b, 
    0xa0fe1310, 0x4606df46, 0x4020056b, 0x0cffc118, 0x2208e247, 0x53330711, 0xaa180645, 0x15251182, 0x35233711, 0x8e641833, 0x01112109, 0x08156518, 
    0x22052542, 0x18e0b3d3, 0x82079d9b, 0x87202010, 0x36f32114, 0x20057d41, 0x061d4537, 0x28067c4d, 0x40d33301, 0x1b121201, 0x06837601, 0xfe241686, 
    0x3740d3cd, 0x2205ed41, 0x82edfe36, 0x000425b3, 0x01c0ff00, 0x00230182, 0x72500047, 0x132c05f9, 0x06310714, 0x3b361507, 0x36373601, 0x1266b718, 
    0x06070623, 0x05155007, 0x18171621, 0x211a92b7, 0xa1180731, 0x50821077, 0x0627262c, 0xa0171607, 0x1d160d0d, 0xba186023, 0x16921515, 0x0a8da118, 
    0x374f5020, 0x16022105, 0x09d2b818, 0x88e0fe21, 0x19702613, 0x580a1313, 0x20f98311, 0x4fa11807, 0x3607240f, 0x84012425, 0x81a11819, 0x81b7180f, 
    0x165b180c, 0x08ba4b08, 0x5c70fe21, 0x002107c8, 0x4f921800, 0x00312e09, 0x0043003a, 0x13000061, 0x16311736, 0x23018217, 0x36371707, 0x3619d26d, 
    0x06071617, 0x37260127, 0x36031f36, 0x26272627, 0x26173107, 0x82061737, 0x2731230a, 0x436e0717, 0x2cba2a1a, 0x21283535, 0x20120808, 0x15c66d60, 
    0x188e5b21, 0x3309b757, 0x09733493, 0x1919141e, 0x032d1918, 0x262626ba, 0x3d32921e, 0x3415306e, 0x21480139, 0x22260303, 0x182a2b2c, 0x2021195f, 
    0x03021618, 0x11bc6d12, 0x186f5a21, 0x3309c657, 0x2a5b2973, 0x03041321, 0x3e30db0a, 0x09090b92, 0x3e28c01d, 0x2019296e, 0x07fb4338, 0xc000c12c, 
    0x2300a001, 0x00003500, 0x49182333, 0x152508f8, 0x3b161714, 0x1f731801, 0x03232111, 0x21106365, 0x9d7b20a0, 0x87561809, 0x06f84b07, 0x904a4020, 
    0x0673450f, 0x09080e22, 0x2209456b, 0x5e09090d, 0x2c8b05e0, 0x02000023, 0x28008200, 0xc4010002, 0x58001e00, 0x05435f00, 0x06010f28, 0x16170607, 
    0x76181533, 0x3223118a, 0x86363137, 0x010f21bd, 0x0d8a5618, 0x0d695618, 0x0775f418, 0x24833420, 0x3337272f, 0x0e01e001, 0x0c20100f, 0x09050404, 
    0x051a4614, 0xf1494020, 0x1020260c, 0x0a56560a, 0x06a34310, 0x5a5a0f23, 0x911e850f, 0x20012d17, 0x09091280, 0x0c071007, 0x50120c0c, 0x440b3e46, 
    0x0e220610, 0x3b827a7a, 0x03820e20, 0x68808021, 0x0e210500, 0x25118379, 0x0a090d0d, 0x0f637f80, 0x85802009, 0x452120f3, 0xf3960662, 0xf3c30320, 
    0xbd130a21, 0x20f197f3, 0x06f14401, 0x0030f29f, 0xff070002, 0x010002e0, 0x001d0099, 0x25000023, 0x210aad6b, 0xb166012f, 0x32332105, 0x26065747, 
    0x27372333, 0x18331707, 0x3607a940, 0x131bb7fe, 0xea121250, 0x131a1a13, 0x8312128a, 0x8a44d77c, 0x4172507c, 0x1321066c, 0x23178350, 0x8a1212ea, 
    0x83250783, 0x507d8a43, 0x0a074600, 0x7900bf22, 0x06276d82, 0x07063107, 0x82262722, 0x07062101, 0x23056576, 0x37362726, 0x24072f5d, 0x07060706, 
    0x06044d14, 0x26822320, 0x36013d23, 0x114c1837, 0x83372008, 0x4c222035, 0x35240685, 0x3b363734, 0x13831d82, 0x36352622, 0x21052a46, 0x1d841417, 
    0x33171627, 0x1d161732, 0x058c5d01, 0x4e057560, 0x0d210519, 0x2d208207, 0x09021610, 0x16480e09, 0x070c0202, 0xde5b0605, 0x05063207, 0x02020c07, 
    0x090e8816, 0x0f160209, 0x07070608, 0x0720430d, 0x8820358a, 0x48203595, 0xa024358e, 0x0112121b, 0x1022518c, 0x51a20508, 0x35841320, 0x02010d29, 
    0x080e4815, 0x88150409, 0x0d0e2287, 0x20858914, 0x22bb890d, 0x50001b13, 0x13280c43, 0x00004100, 0x31373637, 0x2105ab46, 0xef820627, 0x17161528, 
    0x06371716, 0x3f491507, 0x61272006, 0x1583056d, 0x2a057044, 0x36331716, 0x26273437, 0x4635012b, 0xc02006e4, 0x200f9869, 0x2ff78298, 0x33392726, 
    0x02012222, 0x01021616, 0x28432a2a, 0x0e2af383, 0x09020ea0, 0x42280e09, 0x18822b2a, 0x1b016025, 0x87a0291b, 0x0808843b, 0x1502a027, 0x25243929, 
    0x27260502, 0x02152433, 0x45201502, 0x230b3333, 0x0d0f090a, 0x0f0d0101, 0x0a220a09, 0x29443030, 0x057e4415, 0xfff9ff2f, 0x018702ba, 0x002100c0, 
    0x05000046, 0x238f8223, 0x26270627, 0x35200182, 0x8a056d4b, 0x273625b0, 0x27172326, 0xdb84e784, 0xda552720, 0x83222006, 0x05fb4bf2, 0x16011732, 
    0x01273637, 0x1b1f277f, 0x3318162c, 0x30012322, 0x4233b982, 0x09090d28, 0x0e9f0e02, 0x09080101, 0x179ff80e, 0x82150201, 0x1a0e3ed2, 0x1a1a0109, 
    0x1c1c2a28, 0x0807ba01, 0x100c080b, 0x0f134f02, 0x2210100d, 0x07220e04, 0x22c08301, 0x83262504, 0x222d08bd, 0x100d0909, 0x0e0d0201, 0x7d05090a, 
    0x16283127, 0x27160202, 0x11141a20, 0x1c299b15, 0x1b1b021d, 0x0591362a, 0xfe0f1309, 0x11100c31, 0x069f4110, 0xef01c122, 0x1625d782, 0x00002300, 
    0x59dd1801, 0x27342713, 0x31301103, 0xfe4f3130, 0x07290805, 0x09c0d301, 0xc009090a, 0x3003011d, 0x1c383830, 0x3038381d, 0xd31c0330, 0x1e1e04b0, 
    0x01212827, 0x0404506c, 0x811e0d50, 0x8bdc1855, 0x0d1e2c07, 0x7e0195fe, 0x403f5a4a, 0x6d0f2626, 0x23210ca7, 0x934d1800, 0x17322508, 0x33011d16, 
    0x17a45d18, 0x47180120, 0x1123091d, 0x45601121, 0x5d180550, 0x01241255, 0x0e0d0160, 0x07d59218, 0x4f01c021, 0x5d1806a9, 0xfe201313, 0x36081f5b, 
    0xf0fe1001, 0xfcff0300, 0x0002c0ff, 0x0d00c101, 0x50004700, 0x18170000, 0x2608ff42, 0x1523013d, 0x820f2601, 0x09144782, 0x0d821d20, 0x09145c18, 
    0x15373622, 0xbe840c82, 0x27262732, 0x1f163335, 0x32333201, 0x013d3637, 0x26052736, 0x30065d7b, 0x0d090940, 0x09080ea1, 0x08b701df, 0x0113af0b, 
    0x080f8241, 0x090e212d, 0x22222c09, 0x0414050f, 0x0a071004, 0x1d1d1515, 0x12df1211, 0x013f1c11, 0x0202af13, 0x02080709, 0x0fb9fe09, 0x0e0f0101, 
    0x460e0101, 0x20290677, 0x07da0120, 0x13052001, 0x05af4518, 0x1d081b26, 0x09162b1d, 0x1d392482, 0x1f081314, 0x221a1b0e, 0x1a22b0b0, 0x13230e1b, 
    0x08051f05, 0x070a700b, 0x08844f5a, 0xff022108, 0x02bdfffd, 0x00c20102, 0x00420030, 0x26273700, 0x23373637, 0x3f262722, 0x33373601, 0x31363736, 
    0x37240382, 0x17161736, 0x23053560, 0x06150706, 0x2722fa82, 0xf1833d26, 0x50312721, 0x27200871, 0x3108f182, 0x16171415, 0x0d1f9d33, 0x6a090404, 
    0x0606070e, 0x52291535, 0x2a010303, 0x31313232, 0x07051225, 0x1a1a0403, 0x0105063c, 0x0c0c5922, 0x120f150c, 0x5518e30d, 0x3f250bf2, 0x0e120d20, 
    0x08198214, 0x02225931, 0x3c010504, 0x03041a1a, 0x25120507, 0x32323131, 0x5302042a, 0x06351529, 0x6b0e0706, 0x0d050507, 0x120b0bda, 0x010b0c10, 
    0x100c0b01, 0x6a0b0b12, 0x1f42102f, 0x05f95105, 0x7866bb82, 0x27262609, 0x31151613, 0x066c6d14, 0x9c183520, 0x8e180b4d, 0x7a4b1a18, 0x095e4d06, 
    0x7e5a5a21, 0xa7201abe, 0x4d05d94b, 0xbf560d6b, 0xcb6e1808, 0x18a39b08, 0x18091f40, 0x200e9259, 0x15661800, 0x84672017, 0x0909216e, 0x9a0a0a4e, 
    0x4ee920a2, 0x3c840e03, 0x0020a282, 0x0e536e18, 0x0622a39b, 0x5d183123, 0x401815f7, 0x8720190e, 0x840b774e, 0x9a878273, 0x8cc920a6, 0x413084cf, 
    0x17202c47, 0x2508e741, 0x32333637, 0x7b47011f, 0x6c411805, 0x4187201c, 0xca410db6, 0x20a29905, 0x118e4ff7, 0x82054341, 0x00c02632, 0x00450031, 
    0x050a6900, 0x200ad06b, 0x71491821, 0x77352009, 0x16200750, 0x20054955, 0x221a8227, 0x49133123, 0x614c0abe, 0x013b2605, 0x161722e0, 0x8f4c1801, 
    0x06194427, 0x2906ad4a, 0x01800140, 0x30221716, 0x8a181201, 0x4c181012, 0x7f18129f, 0x00200d5d, 0x5708e75f, 0x50280977, 0x00006200, 0x31071425, 
    0x4106cc78, 0x567f0655, 0x4c172011, 0x25211011, 0xd38d1806, 0x6d1a8419, 0x262109be, 0x80521827, 0x05dd4507, 0x6518b020, 0x90200f6b, 0x6d106b7c, 
    0x045418ef, 0x07c55309, 0xd858c020, 0x185d8208, 0x200f1366, 0x0f657c50, 0x75435020, 0x54c02017, 0x00200f19, 0x03280082, 0x88000800, 0xf800b801, 
    0x2006a758, 0x11917700, 0x9f583320, 0x77332010, 0x782010c7, 0x87076e68, 0x8fa02007, 0x8f302010, 0x18c02410, 0x8f010f10, 0x200f9b14, 0x25ab8200, 
    0x7800e8ff, 0xab889801, 0x31171622, 0x0d77c318, 0x11913520, 0x20100b7a, 0x2078af40, 0xa1958f58, 0x040031dc, 0xe0ff0000, 0xa001c001, 0x25001400, 
    0x53003b00, 0x4217035b, 0x14290d97, 0x07261707, 0x26233031, 0x4b018527, 0x062705a7, 0x23143707, 0x8d313031, 0x17162315, 0x305b0714, 0x44e92015, 
    0x05850509, 0x01632608, 0x03150101, 0x2b1d1e03, 0x16040115, 0x062a2a3c, 0x025f1501, 0x38050315, 0x01165239, 0x37421603, 0x03222137, 0x16075e16, 
    0x0909a922, 0x01314c8a, 0x2b140201, 0x04041e1d, 0x05011516, 0x173c2a2b, 0x30118203, 0x39395215, 0x16160206, 0x22210401, 0x17423637, 0x05574202, 
    0x02340582, 0x00800140, 0x002c0004, 0x13000042, 0x35211521, 0x31171625, 0x2006fe69, 0xdd501816, 0x086a4411, 0x14012122, 0x33202782, 0x09725318, 
    0x07222130, 0x80011d06, 0xc0fe4001, 0x121b8001, 0x434c0112, 0x09137507, 0x0123118b, 0x1960fec0, 0x240f3660, 0xc0c02001, 0x202e8360, 0x07cb5a50, 
    0xb25c5020, 0x20118d07, 0x357d18fe, 0x0000220e, 0x08cb4102, 0x20001522, 0x58178b5f, 0x7d5f0baa, 0x18f82014, 0x41093075, 0xc820156b, 0x0c77b318, 
    0xc0267382, 0xc0016001, 0x71822a00, 0x22230626, 0x0611012f, 0xd4536382, 0x37362209, 0x09794711, 0xc8763620, 0x0a572608, 0x480a0d0e, 0xf9051901, 
    0x4149200c, 0x7f2005c2, 0x802c0683, 0x0901090a, 0xfe4a0909, 0x161722bd, 0x0e270982, 0x0109090e, 0x1843010f, 0x22079094, 0x83800909, 0x08634e26, 
    0xf3758387, 0x05e54a07, 0x11011f24, 0x8b892726, 0x16171624, 0xb0461117, 0x80572109, 0x7f208483, 0x20053a42, 0x0d061949, 0x218b860d, 0x68868049, 
    0x01218a82, 0xa38f1843, 0x21b68208, 0x8a86bdfe, 0x2705af6a, 0xa001c001, 0x23001500, 0x09755218, 0x0e806018, 0x7e072121, 0x172005d1, 0x21053574, 
    0x856d010f, 0x013f2505, 0x07060727, 0x610a8975, 0x3a370a08, 0x0d0f100d, 0x0c154715, 0x10d60e0c, 0x09060601, 0x6906093c, 0x18066947, 0x2216b553, 
    0x820c0c6c, 0x100d2c2c, 0xa40e0c10, 0x06060a3b, 0x82020f02, 0x0868222e, 0x0e3f6208, 0xe3433820, 0x077e4617, 0x41013d21, 0x831809b1, 0x1d210c92, 
    0x15c84301, 0x4e462820, 0x41792005, 0x7a2105bf, 0x05084643, 0x06829020, 0x21154242, 0x2185e8fe, 0x417a4321, 0x7920057b, 0x2008bd51, 0x21ab8290, 
    0x935e0003, 0x002c2209, 0x1317473e, 0x37362123, 0x08dc4531, 0x5c055a45, 0x2628059c, 0x36370527, 0x010f2627, 0x087be618, 0x46313721, 0xfe210df3, 
    0x17a25be0, 0x3845012e, 0x0f0a0a04, 0x38050d91, 0x100a0904, 0xd1460782, 0x17af460c, 0x1091332c, 0x3804090a, 0x0f910d05, 0x07830a0a, 0x8b43c282, 
    0x0014220a, 0x166f4124, 0x0b5d4518, 0x16171622, 0x2f162445, 0x0a086826, 0x0a68080a, 0xd00f0706, 0x0a070510, 0x25155141, 0x080870c8, 0x554f0b70, 
    0x410b2005, 0x7f970eef, 0xb67d0320, 0x32332308, 0x7f97011f, 0x10052323, 0x910919d0, 0x9507200a, 0xeefe277f, 0x0d01010d, 0x86850b0f, 0x600b8b44, 
    0xff8419d7, 0x81182720, 0x15200820, 0x25172646, 0x09077048, 0x5f880505, 0xf2258095, 0x07020668, 0x08a9820f, 0x68090528, 0x080a0b07, 0x04000000, 
    0xe0ff0700, 0xa001f201, 0x42002300, 0x60005c00, 0x36370000, 0x27263127, 0x0f062326, 0x215c1101, 0x21828208, 0x68180722, 0x172109b6, 0x18258223, 
    0x230bd568, 0x16170607, 0x09875d18, 0xbe4f3720, 0x25138206, 0x3f363716, 0x08853301, 0x2f363730, 0x23173701, 0x010109f0, 0x0d0d0b09, 0xd2422009, 
    0x0a202405, 0x830b0c0d, 0x09582f13, 0x590a0e0e, 0x0e4a33d0, 0x80160907, 0x0082090d, 0x0c840e20, 0x0f7f1424, 0x2c820a09, 0x0a502d2a, 0x500a1313, 
    0x0c040405, 0x07310082, 0x05075807, 0x0c0e0c0c, 0x7d050404, 0x4b201010, 0x2553820a, 0x240a0109, 0x3a432e01, 0xd2fe3205, 0x09010a23, 0x0a0d0d09, 
    0x610a0a60, 0x1310492b, 0x06254513, 0xcf290a8a, 0xa01010a0, 0x060c0c0d, 0x82558206, 0x05062a7f, 0x0c0c0607, 0x20202a0d, 0x22008200, 0x41080004, 
    0x13200f1f, 0x2505a344, 0x17161506, 0xdc823316, 0x090f9f18, 0x17161725, 0x83363732, 0x410120e5, 0x98213b1f, 0x2786820a, 0x09010957, 0x0a0d0c0b, 
    0x82072341, 0x052341c5, 0x33280128, 0x09070e4a, 0x1f418115, 0x96012430, 0x41600a0a, 0x232a0623, 0x090ed2fe, 0x0e0a0909, 0x23412d01, 0x8afe2108, 
    0x32312141, 0xff070005, 0x014002e0, 0x001200a0, 0x00380025, 0x186e004b, 0x20147752, 0x76521813, 0xac5f1809, 0xd48d1807, 0x92232011, 0x07052125, 
    0x830b8442, 0x3b6b1845, 0x2734280a, 0x07062326, 0x415fa001, 0x068605ef, 0x85df8021, 0x5b06860e, 0x0e270817, 0x08090908, 0x859f800e, 0x2106861d, 
    0x8542e0fe, 0x0c0e2208, 0x0885420a, 0x01095727, 0x0c0d090a, 0x08ff7e0a, 0x35820e20, 0x42071c5b, 0xfe2005b6, 0x0c1a5718, 0xab211b8d, 0x0a834223, 
    0x82420b20, 0x077c4107, 0x00000025, 0x41080005, 0x6f200e37, 0x58143741, 0x2d5a0b29, 0x13244105, 0x0af67618, 0x20075d41, 0x0ba54205, 0x013f3222, 
    0x2210a542, 0x41012f34, 0x40200f38, 0x2006bf4d, 0x14294120, 0x56414020, 0x78fe210d, 0x2207a642, 0x420e0c0a, 0xca4308a6, 0x58082105, 0x410c3741, 
    0x1a8c1a28, 0x9f420a20, 0x420b2007, 0x0923069e, 0x422e010e, 0x0033089e, 0xff070004, 0x01e101e0, 0x001f00a4, 0x0045003c, 0x4a000068, 0x1720055c, 
    0x9d58f487, 0x1517290a, 0x15060722, 0x31070617, 0x4e052f57, 0x332005cf, 0x37282982, 0x27363736, 0x23262726, 0x21087a74, 0xea442227, 0x27362a1a, 
    0x23262734, 0x09094001, 0x06d74e0e, 0x0e012608, 0x0c201010, 0x09060403, 0x09090e13, 0x19192548, 0x180f0f01, 0x08090808, 0x10080c0b, 0x0e0e220d, 
    0x19190101, 0x07645c25, 0x1d41b020, 0x0901230f, 0xe1430958, 0x080a2705, 0x0e00010c, 0x95440908, 0x12602c06, 0x10080909, 0x0c0c0c07, 0x832f0111, 
    0x18012a6f, 0x161b2619, 0x08080b15, 0x2003820c, 0x255b8209, 0x26191314, 0x605c1919, 0x0b302108, 0x440b6842, 0x694209ec, 0x08bf4405, 0x20523341, 
    0x16534225, 0x22232624, 0x1b45010f, 0x3a334105, 0x0ea0fe2b, 0x0909200a, 0x0a090d0d, 0x07524221, 0x41096e42, 0xb0203d33, 0x42145d42, 0x0038077a, 
    0x00010000, 0x01c0ff00, 0x00c00140, 0x37000023, 0x32313336, 0x3411011f, 0x4b06124b, 0xe582081a, 0x2f222328, 0x34352601, 0x60180937, 0x7725193c, 
    0x014a0909, 0x05714473, 0x4b8dfe21, 0x2f4b060d, 0x206b8f07, 0x05da5201, 0x4a141121, 0x144c065a, 0x99372014, 0x050c4c6c, 0x6d858d20, 0x8f730121, 
    0x2ad7826d, 0x00022000, 0x22006001, 0x183f0000, 0x18098355, 0x6209d48a, 0x37200c10, 0x96053d4c, 0x18d720c0, 0x851ab862, 0x236b86d7, 0x25000020, 
    0x3429cf86, 0x2221013f, 0x36352627, 0x416b1937, 0x80f7210f, 0x2105164b, 0xbd83fe4a, 0x8b1d0321, 0x88a920bc, 0x0e0a2369, 0x734c021d, 0x822f8406, 
    0xff022d67, 0x01c0fffe, 0x00c00142, 0x00440011, 0x5b06097f, 0x062a053b, 0x16171415, 0x2627011f, 0xe84a2327, 0x16172705, 0x013f3637, 0x57183307, 
    0x332409c5, 0x16171615, 0x21052157, 0x09852733, 0x27363722, 0x0805a077, 0x140d0d23, 0x0e0e0e14, 0x3d9b140d, 0x3519341d, 0x03073d1d, 0x0c0c0b03, 
    0x2d21070d, 0x0d0a0928, 0x1009080e, 0x058a6701, 0x212c282a, 0x0809110c, 0x0703030b, 0x4e05f757, 0x078307bf, 0x2c62af26, 0x622c0101, 0x40833883, 
    0x60833422, 0x18059e41, 0x2907dd72, 0x0f348360, 0x0c0d0705, 0x2f77000c, 0x25cb8306, 0x0040002e, 0xb9902500, 0x08c87d18, 0xb587b78a, 0x12694f18, 
    0x463b0128, 0x233c2314, 0xb9874614, 0x8d011d21, 0x871d20b8, 0x8b9b20b6, 0x0d012ab1, 0x70b1140e, 0x1d01011e, 0x21b58771, 0x7119dd2e, 0xdd210d89, 
    0x20b3852e, 0x0f4b6aaf, 0x2c05e74d, 0xa0010002, 0x1a000d00, 0x00002b00, 0xb2dd1837, 0x21112309, 0x8e183711, 0x25200b12, 0x2a050a50, 0x36211716, 
    0x27343537, 0x83202326, 0x6001214e, 0xfe278c83, 0x0b018040, 0x85010ba8, 0xfe402204, 0x05da4e40, 0x010fe025, 0x720e0909, 0xa6820530, 0xfe100124, 
    0x2483c4f0, 0x04840820, 0x1b82cc20, 0x010f3025, 0x82300f01, 0x0b9b572d, 0x77001324, 0x5e180000, 0xfe540b7b, 0x43052007, 0x162405dd, 0x013b3617, 
    0x1fe3b318, 0x011f1625, 0x55141516, 0x062105d9, 0x05215c07, 0x19d2b318, 0x26373622, 0x3d051c44, 0x08600131, 0x0c880c08, 0x1b010908, 0x1b2a291b, 
    0xc9fe011b, 0x0a0d0d0a, 0x15010140, 0xb3187119, 0x0f2315ef, 0x4d400303, 0x3f2905f5, 0x10013525, 0x2633020e, 0x0520433f, 0xb3184020, 0x02230ade, 
    0x82010109, 0x60012126, 0x0fbbb318, 0x09090922, 0x0b205d82, 0x14f6b318, 0x02202524, 0x4b854002, 0x06213f28, 0x01010fef, 0xb318ef0f, 0x152113e6, 
    0x505c8212, 0x9b57053d, 0x2625230e, 0x02843127, 0x4a5e0620, 0x073b5506, 0x07373623, 0x761a1926, 0x011f2610, 0x06010f16, 0x13431827, 0x0af62119, 
    0x10a4a418, 0x1818de69, 0x2015ffa4, 0x0e9b5700, 0x00003422, 0x20053b54, 0xcda41831, 0x23af850d, 0x011d1637, 0x085d7e18, 0x15012b2b, 0x2f060714, 
    0x013f2601, 0xb0871836, 0x21a1c318, 0x43540002, 0x18436f09, 0x5418a082, 0x49500d3b, 0x01602615, 0x0905050d, 0x08cd4e07, 0x2e169072, 0x0602070f, 
    0x0a0a0868, 0x05096808, 0x5ad00f07, 0x2c200dab, 0x251ccf6b, 0x31373605, 0x46453736, 0x16072206, 0xcc881817, 0x0f075f1b, 0x2418bc41, 0x1b1b0160, 
    0x202d8b29, 0x08c75000, 0xc001022f, 0x48002c00, 0x00005a00, 0x31272625, 0x052f6326, 0x0a9a8118, 0x8b822720, 0x21067e4e, 0x8e823317, 0x013f3227, 
    0x27363736, 0x08105605, 0xc1182720, 0x37210a6a, 0x200c8323, 0x2bc39113, 0x0b0c04fe, 0x0929140d, 0x410a6215, 0x0805d044, 0x04014f33, 0x1414100f, 
    0x17030b0c, 0x2d8d1b05, 0x05051509, 0x05060d30, 0x30a2fe04, 0x0101201f, 0x08271919, 0x01242439, 0x442d2d02, 0x0d2a2b3b, 0x1c1d0c31, 0x08d47127, 
    0x20073445, 0x2131831a, 0x7b186406, 0x0720074b, 0x032b4e83, 0x8c150f0f, 0x136c021b, 0x83100201, 0x012a3b75, 0x2a301f20, 0x2f091e1d, 0x3c2b2a0c, 
    0x022d2d44, 0x38232401, 0x01161623, 0x44457001, 0x00002110, 0x35057356, 0xa0018502, 0x0d000600, 0x48003900, 0x23170000, 0x06073335, 0x06821307, 
    0x011f3229, 0x21171623, 0x5d161732, 0x2308051e, 0x07062123, 0x26231523, 0x35272627, 0x26272233, 0x3734013d, 0x35233336, 0x37363736, 0x05331533, 
    0x14011d22, 0x0805e646, 0x26273424, 0xe0018123, 0xdf3f356b, 0x353f01e0, 0x1729f86b, 0x2e352001, 0x0a0a222e, 0x352e2e22, 0x2917e0fe, 0xd8831008, 
    0x225d0820, 0x83082005, 0x0810279c, 0x04047401, 0x00820a10, 0x60201035, 0x01011f40, 0x40206060, 0x13131f01, 0x2c0e0e2c, 0x461f1313, 0x302405f6, 
    0xb0110b0c, 0x30203682, 0x60283f83, 0x04580450, 0x18100a0a, 0xe7413682, 0x01e02106, 0x22054357, 0x51370027, 0x112616ed, 0x06310714, 0xc1842123, 
    0x3316172d, 0x15013f32, 0x2f060735, 0x82343501, 0x53ee83ce, 0x0931175c, 0x00ff0e09, 0x8b09090e, 0x0a0b0b0a, 0x0707998b, 0x20118299, 0x51118301, 
    0xfe211509, 0x05ff41d0, 0x05456e2b, 0x926e4505, 0x4d03034d, 0x2111850e, 0x835f000e, 0x01043506, 0x001500c3, 0x004a0027, 0x1f361300, 0x06071601, 
    0x07061507, 0x26249b85, 0x013f2627, 0x210cd06f, 0xaf821415, 0x35330324, 0x03871533, 0x30333022, 0x21203585, 0x36232d84, 0x82313031, 0x0df3341d, 
    0x0416e00d, 0x17011a06, 0x070a70fe, 0x04061807, 0x860de016, 0x82092079, 0x0e2d0800, 0x31402881, 0x01402840, 0x05123001, 0x3ffe1708, 0x12050816, 
    0x01400130, 0x600606bd, 0x0218180b, 0x07021608, 0x02080a07, 0x600b1818, 0x05884e7d, 0xfe220585, 0x0083c0e0, 0x2001c42f, 0x0116160e, 0x0e161601, 
    0xc0c40120, 0xbf431800, 0x00a4320a, 0x00350024, 0x26250100, 0x07060507, 0x06011f16, 0x31068207, 0x17060717, 0x012f3633, 0x27263736, 0x16173736, 
    0x09832537, 0x23060526, 0x07012f22, 0x0807da45, 0x02072726, 0x15e5fe6f, 0x0fe6fe15, 0x3c0f0101, 0x01130612, 0x01190b01, 0x01113a11, 0x01010b19, 
    0xbf12070c, 0x1b011515, 0x30081c82, 0x0ef0fe10, 0x91101011, 0x3636020f, 0x37365152, 0x01920f02, 0x08086537, 0x11110665, 0x1e181606, 0x090f1508, 
    0x02021195, 0x0f099511, 0x141b0910, 0x251a8644, 0x330606b1, 0x4482208e, 0x15150126, 0x00348f20, 0x05200082, 0x802cbc84, 0x39008001, 0x53003d00, 
    0x6a005800, 0x5118bd82, 0xbc820875, 0x25076341, 0x2726012f, 0x91182726, 0x362b095c, 0x37262737, 0x31011f36, 0x83233736, 0x353329d5, 0x05153736, 
    0x27372317, 0x1495b218, 0x11210124, 0x40861121, 0x3f161732, 0x16173301, 0x012f3637, 0x0212c001, 0x0202123c, 0x23080282, 0x01011a0d, 0x0b080f13, 
    0x02021310, 0x12100405, 0x06091104, 0x05050410, 0x0c0c0404, 0x0f0e0e0c, 0x136b0b13, 0x34282182, 0xe0fe1301, 0xa0142713, 0x230a6475, 0xfe1b1212, 
    0x08056e75, 0x00014026, 0x058e00ff, 0x40050d0d, 0x09111006, 0x09094a09, 0x40061011, 0x13011c01, 0x12130104, 0x1d240502, 0x100b0b02, 0x01266682, 
    0x0c040301, 0x25830108, 0x03020224, 0x62820203, 0x12216682, 0x2725831b, 0x01021204, 0x692b2b45, 0x2007f158, 0x825c85ff, 0x835e8366, 0x0bd02503, 
    0x900b0101, 0x1528a183, 0x09061015, 0x00009011, 0x3b05bb7f, 0xc0010002, 0x27001200, 0x45003800, 0x5f005200, 0x00006c00, 0x15173313, 0x2f343533, 
    0x0880f218, 0x50353321, 0x11210573, 0x07976814, 0x27341126, 0x21052326, 0x33251083, 0x36373221, 0x20108435, 0x39b61807, 0x15172216, 0x2d199817, 
    0x401ac6c0, 0x0d092e09, 0x09090ef3, 0x6d508040, 0x82092008, 0x010e2400, 0x59a0fea0, 0xc0200ae8, 0x8909417f, 0x93802009, 0x80012514, 0x0d53451b, 
    0x3d825682, 0x40608022, 0xc6180582, 0x40200c9b, 0x086c5418, 0x75820020, 0x200ab97f, 0x09ae7f80, 0x00200a95, 0x022c0082, 0xc0ff1700, 0xc001a901, 
    0x46001100, 0x250e5f4c, 0x16171607, 0xaf463717, 0x23063005, 0x26012f22, 0x06070607, 0x011f1617, 0x41071716, 0x3d24073d, 0x16153301, 0x22064941, 
    0x4636013d, 0x2b0805b7, 0x14141fe0, 0x14140101, 0x15141f1f, 0x14150101, 0x100bbf1f, 0x25330d10, 0x33252f2f, 0x0b10100d, 0x0d02010a, 0x01141233, 
    0x0f0d0a09, 0x2023b482, 0x84090901, 0x11152808, 0x02020f33, 0x8530010a, 0x2a43873b, 0x0d210114, 0x290a0102, 0x83291d1d, 0x23418339, 0xf8090e2a, 
    0x21055644, 0x07857070, 0x0e0af723, 0x3465832a, 0xff050000, 0x02e0fffc, 0x00a40104, 0x002e001c, 0x00520040, 0xe94c1864, 0x0533490a, 0x1726b282, 
    0x35363732, 0x01822726, 0x2721d982, 0x224b1831, 0x36372408, 0x82273637, 0x18312004, 0x2008ce5f, 0x242d8217, 0x07262537, 0x21fe8431, 0x21841617, 
    0x07272625, 0x51313716, 0x1841066b, 0x17240805, 0x2c290001, 0x011f1e2c, 0x1d264601, 0x1a1c1b1a, 0x1322251d, 0x1e1f0213, 0x93292c2c, 0x17141409, 
    0x07090a16, 0x55290787, 0x090a0a17, 0x1815160a, 0x25078518, 0x17190119, 0x1f821414, 0x84160a21, 0x0a0a2507, 0x16179c15, 0x0a223182, 0x0787180a, 
    0x02e02608, 0x2e2e2121, 0x02023628, 0x01010a0c, 0x0f020b0b, 0x2e281b0e, 0x0221212e, 0x0e0e1a0d, 0x15160604, 0x0f0e1a1b, 0x2b078305, 0x1a1b0714, 
    0x12122122, 0x1b1a0705, 0x1e280784, 0x1a0e0e04, 0x0616151b, 0x1e280787, 0x21121205, 0x071b1a22, 0x00200787, 0x2708ab69, 0x00c80108, 0x2500001e, 
    0x2720ef82, 0x210b024c, 0x6f182726, 0x27080988, 0xc2010706, 0x201b1e14, 0x0ce81217, 0x0c0c1010, 0x040ee70c, 0x180c0b02, 0x283c3c35, 0x33090a25, 
    0x0c0c18ce, 0xe70e0403, 0x1e821982, 0x1713e72f, 0x141d1d1f, 0x250a0933, 0x353c3c28, 0x05db7100, 0xc2010029, 0x1f001a00, 0x46002400, 0x172b0583, 
    0x14011d16, 0x010f0607, 0x82012f06, 0x013d356b, 0x3f363734, 0x17071701, 0x37132737, 0xeb150735, 0x12c01615, 0x0c2e5082, 0x1516c012, 0x0c0b13c1, 
    0xc1130b0c, 0x0082ae15, 0xa0a02031, 0x0808ba01, 0x10110744, 0x1015f215, 0x8c440711, 0x3e3c210c, 0xfe250082, 0x3abc3a8f, 0x052b44bc, 0x4002bb32, 
    0x2300c401, 0x2f002a00, 0x3b003600, 0x4a004200, 0x37298382, 0x16011f36, 0x33321517, 0x85058217, 0x84072086, 0x8235208a, 0x33322986, 0x31373635, 
    0x010f2617, 0x17208e82, 0x37218d82, 0x830b8607, 0x8237209a, 0x830e8314, 0x35362b17, 0x1460ac31, 0x02226014, 0x04820202, 0x6020012e, 0x71721617, 
    0x20611617, 0x60220201, 0x222b1482, 0x4e020477, 0x654e5250, 0x82ed5252, 0x51512609, 0x5252134e, 0x820682a9, 0xb93c080c, 0x01054d52, 0x08082498, 
    0x70260f24, 0x77260f25, 0x0a2a1023, 0x0a31310a, 0x23102a0a, 0x250f2677, 0x090f2670, 0x201d0101, 0x5aa21d20, 0x281f5920, 0x1f1e0101, 0x24cc1e1f, 
    0xae642060, 0x0e820882, 0x205b8527, 0x05022264, 0x08674900, 0xa0010026, 0x34002b00, 0x2705ef77, 0x3736013f, 0x32013b36, 0x4105c843, 0x2b270571, 
    0x26272201, 0x1821013d, 0x2308f561, 0x3734013d, 0x372ded82, 0x27262721, 0x020f0623, 0x06310722, 0x069f4f15, 0x27343525, 0x63052326, 0xf856074b, 
    0x28333807, 0x18190a23, 0x181fb61f, 0x12230a19, 0x09090b0b, 0x090e200e, 0x86c0fe09, 0x0b0b2c08, 0x26014512, 0xb616081a, 0x481a0816, 0x01200c12, 
    0x0c92a718, 0x1d65fb2c, 0x11121211, 0x1007651d, 0x7c5b1410, 0x30302106, 0x2b05e343, 0x101014c0, 0x144b0507, 0x4b140101, 0x8c0cfd76, 0x28f7850c, 
    0x02c0ff20, 0x00c00120, 0x07014437, 0x3120f182, 0x3121ed82, 0x22f8a116, 0x8336013f, 0x05616cfd, 0x0f060729, 0x26272101, 0x90072327, 0x412520f2, 
    0x01211016, 0x22a98260, 0x4117171d, 0x232c1702, 0x1d17170a, 0x800e0909, 0x1a08169b, 0x20050e41, 0x85db8545, 0x0d0b4105, 0x82c00121, 0x0220242a, 
    0x411c1111, 0x6525180d, 0x0211111c, 0x263c8220, 0x4b140180, 0x1801144b, 0x410c2d91, 0x01200d16, 0x08ff6d18, 0x00003224, 0xeb4f0725, 0x26272805, 
    0x2623013d, 0x8c3f2627, 0x05a35f05, 0x07060725, 0x88161723, 0x9e012205, 0x058a499e, 0x169f2808, 0x450d0808, 0x0708130f, 0x100b3c0c, 0x870a0607, 
    0x080b0b08, 0x07060a87, 0x0b3d0b10, 0x0f130807, 0x09080d45, 0x18010116, 0x30082387, 0x50121213, 0x10101001, 0x0c0c0147, 0x0808930c, 0x21068293, 
    0x10824701, 0x12500129, 0x00011212, 0x73000300, 0x12260777, 0x39002600, 0x4b180000, 0x36210a61, 0x055a6237, 0x37360722, 0x09395818, 0x2105b949, 
    0xce450531, 0x29178b05, 0x4002c001, 0x3f5f5f3f, 0x07870240, 0x181f3722, 0x17270a87, 0x63634620, 0x83aefe46, 0x24158b05, 0x22307001, 0x22b18217, 
    0x88221716, 0x0b872308, 0x14876612, 0x0b126627, 0x18010118, 0x220483a0, 0x8756120b, 0x12562216, 0x067b480b, 0x0180013a, 0x000c00c0, 0x001c0010, 
    0x00680033, 0x007d006f, 0x27263700, 0x17140706, 0x3529a284, 0x27331537, 0x31171603, 0x24cd8216, 0x15060706, 0xb2b71813, 0x32172115, 0x9a412282, 
    0x823e8207, 0x2223212a, 0x8205ac68, 0x85262038, 0x32332109, 0x2205c954, 0x82070607, 0x013b215c, 0x21065a74, 0x71823617, 0x31302323, 0x3b158222, 
    0x01b83316, 0x01010707, 0x02020602, 0x80804803, 0x050501b0, 0x15120803, 0xb0900211, 0x20087f62, 0x08098320, 0x0a0e7f22, 0x0c134409, 0x120d0c0d, 
    0x181f0809, 0x0e171c24, 0x0b11140c, 0x26190b0c, 0x030c0d12, 0x110b0c02, 0x042d0d82, 0x02010203, 0x082f110c, 0x191b8704, 0x081d8212, 0x010a882a, 
    0x05040b01, 0x03161124, 0x0107f004, 0x0e020701, 0x0e07140e, 0x80d00e0f, 0x085afe80, 0x0b040201, 0x02110b1d, 0x80260103, 0x8309a37f, 0x30012809, 
    0xb80e0909, 0x82130c0d, 0x0a032773, 0x280b0811, 0x63821112, 0x190b1229, 0x1e232312, 0x82011516, 0x380f826d, 0x07121313, 0x10160405, 0x060a2b06, 
    0x191d1412, 0x0c0a010d, 0x080a0501, 0x062b4201, 0xc001802a, 0x38001600, 0x00003c00, 0x2d174a41, 0x010f1633, 0x26230706, 0x0607012f, 0x0682012b, 
    0x33372629, 0x37011f16, 0x84013b36, 0x27372506, 0xe0273315, 0x38120e41, 0x010d173a, 0x1e09022b, 0x1e1e0209, 0x0a1d0803, 0x0d012b02, 0x18020a17, 
    0x2813841c, 0x0a02181c, 0x0180801a, 0x34d89340, 0xb80d0270, 0x08010108, 0x010a6d6e, 0x020db808, 0x67670801, 0x24048309, 0x80f00108, 0x22bb8c80, 
    0x993f003b, 0x430720bb, 0x22200578, 0x2728bb86, 0x27013f26, 0x37363726, 0x82056e69, 0x201f82c0, 0x33be9603, 0x05313030, 0x1a0a0405, 0x1b1b0509, 
    0x0a1a0905, 0x31050504, 0x0422118e, 0xc1971005, 0x5050882e, 0x01070808, 0x082c2c08, 0x08080701, 0x01210d8d, 0x77c48208, 0x4b180827, 0x2f2007eb, 
    0x1ee94b18, 0x3120ab82, 0x09264718, 0x1624c482, 0x07171617, 0x09fc5b18, 0x00011522, 0x15a8ba18, 0x16023835, 0x012c2216, 0x010f100f, 0x1e480f01, 
    0x78041717, 0x82080c2c, 0x2c0c2200, 0xe44b1801, 0x23b42517, 0x28011818, 0xb0203083, 0x12260482, 0x08241e13, 0x34820c08, 0x17463820, 0xff002305, 
    0x3b4201c0, 0x00282405, 0x4142003e, 0x07201881, 0x280b8843, 0x36373435, 0x2b061733, 0x05c16d01, 0x09a7fc18, 0x41071621, 0x41181784, 0xde360c89, 
    0x09e00905, 0x35050405, 0x05090904, 0x09052d0d, 0x05550508, 0x82413e04, 0xc4a21817, 0x08d8320c, 0x50080908, 0x44140707, 0x08800707, 0x80b80109, 
    0x0b734480, 0x41490320, 0x00292406, 0x18410036, 0x251c6f4d, 0x23153327, 0x04881535, 0x2726172e, 0x013f2631, 0x07161733, 0x23370706, 0x08d14718, 
    0x21178b41, 0x00844080, 0x121f202d, 0x401f0513, 0x1312051f, 0x4c20101f, 0x8e410863, 0x20602318, 0x02844020, 0x1601ff2b, 0x75741e16, 0x0115161e, 
    0x08276f4f, 0x41000521, 0x2a26098f, 0x55003d00, 0x91415900, 0x06033718, 0x2f063107, 0x27262301, 0x33373635, 0x16173637, 0x22371517, 0x375e2627, 
    0x250f8405, 0x23060714, 0x26821437, 0x19840782, 0x83263721, 0x2129821f, 0xa8411516, 0x01302c17, 0x24060706, 0x01010b2c, 0x82242c0b, 0x0126080a, 
    0x09050730, 0x0a0b0b0a, 0x140c0b09, 0x06051501, 0x1a0e0f60, 0x05080504, 0x01280b07, 0x070b2801, 0x0e1a0d09, 0xbb41400f, 0xecfe3317, 0x06030308, 
    0x380b0124, 0x0624010b, 0x88080303, 0x4c820610, 0x830e0e21, 0x08210852, 0x141c1c14, 0x1b203404, 0x0703121c, 0x321d090d, 0x0d091e31, 0x1c12070b, 
    0x5001201b, 0x00008080, 0x434f1804, 0x0030220c, 0x1cd1413d, 0xea831120, 0xbb492b20, 0x49342005, 0x1d2306d4, 0x82153701, 0x012f24c5, 0x82363735, 
    0x17cd41f7, 0x0e090923, 0x05724860, 0x602a0683, 0x08080701, 0x08082828, 0xc8410107, 0x00ff2118, 0x3d832f89, 0x0a666328, 0x19040404, 0x05821950, 
    0x5b430a20, 0x4527200f, 0x07211c99, 0x05665816, 0x013f2622, 0x0f29a382, 0x16371701, 0x2306010f, 0x07e54422, 0x41011f21, 0x463117ac, 0x08060c0c, 
    0x0c300608, 0x0e0e300c, 0x22220c0c, 0x83098298, 0x250b8311, 0x0e0e0c0c, 0x98413230, 0x0ee22417, 0x8206060e, 0x233b8235, 0x22220e0e, 0x06210983, 
    0x20098306, 0x2148820e, 0x37820130, 0x082f6a18, 0xc0010031, 0x44003900, 0x5c005000, 0x79006700, 0x70250000, 0x062109dc, 0x0d114d07, 0x70373621, 
    0x3622094a, 0x0d191637, 0x17210e41, 0x22d68327, 0x82171607, 0x82372026, 0x15162338, 0x0b820714, 0x06273522, 0x2d820683, 0x23272622, 0x1d825082, 
    0x24820620, 0x06013f22, 0x0e564318, 0xd7012722, 0x31052859, 0x595c410d, 0x0d0a0c43, 0x09090a0d, 0x0202340d, 0x17850d34, 0x59430c25, 0x8b0d415c, 
    0x18a23a17, 0x3a181c1e, 0x30403e30, 0x22018b3a, 0x3a0d0d3a, 0x3ec10122, 0x1c183a30, 0x2f16821e, 0x0e61013f, 0x3a0e0101, 0x23020223, 0x0d14613a, 
    0x0d230c83, 0x820e1514, 0x17152100, 0x769d5e91, 0x5c844620, 0x64206482, 0x1d215f83, 0x205f841d, 0x865882c0, 0x89f62062, 0x0166218a, 0x0c308618, 
    0x6b4e0020, 0x02c12a06, 0x00b90100, 0x13000036, 0x56f98316, 0x26200be5, 0x2005576c, 0x06ea7f37, 0x85061575, 0x2e138215, 0x16173637, 0x03df3117, 
    0x3d0d0606, 0x18012625, 0x2e084da5, 0x0d3d2526, 0x05030606, 0x510d0b0b, 0x67023232, 0x02310be8, 0x0d513232, 0x01050b0b, 0x0b0c0da0, 0x31311304, 
    0x07b66e42, 0x31314227, 0x0c0b0413, 0x2a39820d, 0x42411904, 0x393a4858, 0x82012222, 0x3a39273b, 0x41425848, 0x65820419, 0x2905375f, 0xc5010202, 
    0x00001c00, 0xab820301, 0x2f22232d, 0x23060701, 0x34352726, 0x82011337, 0x373422af, 0x08968201, 0x0002074e, 0x080d0340, 0x7b060608, 0x130b0633, 
    0xfed90702, 0x021266da, 0x12c00110, 0x01021010, 0x0f61fe9b, 0x33020408, 0x13020a4c, 0x01090b60, 0x2af8fe17, 0x0a141508, 0x0b09ff00, 0x0000140b, 
    0xff000002, 0x010002c0, 0x003700c0, 0x01000047, 0x0284e682, 0x2005df59, 0x2c641826, 0x05574a07, 0x2106c558, 0xaf521617, 0x1f362108, 0x2305e04d, 
    0x15171615, 0x2f231683, 0x823d2601, 0x72312011, 0x532b0d3e, 0x03020b3f, 0x0d0c0808, 0x183e300b, 0x3c098243, 0x05060b1f, 0x02166e11, 0x0d0d0e01, 
    0x2e2e2322, 0x02160135, 0x100f0f40, 0x02074811, 0x0ead7116, 0x0c092d29, 0x030b0b0c, 0x41210802, 0x2208087c, 0x0c1f3602, 0x02010e0e, 0x05116e16, 
    0x23220b06, 0x02801414, 0x11415e16, 0x480f0f10, 0x16680a06, 0x5a010002, 0x55230827, 0x44210000, 0x694d08be, 0x23352205, 0x07d94a15, 0x4a012b21, 
    0x3b2006f4, 0x09f9a419, 0x4a013b21, 0x2b2406f6, 0x35331501, 0x4e0c946a, 0x112005b7, 0x01213d84, 0x09db44c0, 0x10e01022, 0x200cb444, 0x930e8e10, 
    0x088e4d1e, 0x56909021, 0x01200b7f, 0x210c4c4d, 0x9b567070, 0x2172830c, 0xdb820600, 0x0002d03c, 0x2600b001, 0x5e003800, 0x96007000, 0x0000a800, 
    0x31373435, 0x36013b36, 0x9e833637, 0x0d379f18, 0x2720c483, 0x3125c984, 0x31273433, 0x084c4f26, 0x36373225, 0x18323735, 0x891026e5, 0x3734212f, 
    0x17205386, 0x11413795, 0x47062005, 0xfe6c0507, 0x2186880a, 0x5d821405, 0x08598618, 0x06072223, 0x29d18215, 0x13140937, 0x13131919, 0x0541f70a, 
    0x0af72205, 0x220f8313, 0x82370914, 0x09407e0f, 0xa0200c82, 0x15832583, 0x25873583, 0x45833587, 0x0ca46818, 0x20066a46, 0x202887d7, 0x205e8557, 
    0x216e8757, 0x5c8cfed7, 0x1e822020, 0x820d1621, 0x41162000, 0x0b8b0565, 0x22087741, 0x920d0df0, 0x202a821e, 0x08c14150, 0x57862b82, 0xc7184d91, 
    0x03710c87, 0x003a280a, 0x005b0049, 0x4500006d, 0x2229058b, 0x07160727, 0x15141514, 0x05b04516, 0x2209c371, 0x6c273734, 0x3628056f, 0x16373637, 
    0x35263717, 0x16280885, 0x36053517, 0x26273437, 0x06271e82, 0x16171607, 0x51062533, 0x27210e3d, 0x104a5011, 0x01c00129, 0x28291b1b, 0x82015e1b, 
    0x1b5e2200, 0x0c765c28, 0x21840f8a, 0x1f832982, 0x1e9ffe23, 0x29e28202, 0x0109090d, 0x0d090901, 0xf88b0101, 0x200c5550, 0x2c2e8341, 0x04032f1a, 
    0x02020302, 0x1a2f0404, 0x0bac5c01, 0x8b050721, 0x2f1a2310, 0x7d870507, 0x02a00123, 0x825e871e, 0x18c02050, 0x83099c49, 0xbffe2115, 0x0cb04518, 
    0xdb430220, 0x00152308, 0xcc180048, 0x07281671, 0x06310706, 0x07151407, 0x25081e41, 0x17373617, 0xa0741514, 0x0722240b, 0x18163727, 0x2008e259, 
    0x15186f31, 0x121b4027, 0x13510112, 0x2606831c, 0x1b121201, 0x1851131c, 0x250bdf6c, 0x55551118, 0x1c871811, 0x2015255b, 0x24308340, 0x132d0304, 
    0x23398801, 0x04032e14, 0x07833487, 0x2e2f0f23, 0x201c870e, 0x08cf5d00, 0xc0010028, 0x3c001800, 0xe5825200, 0x32333622, 0x1063e218, 0x76610720, 
    0x48372005, 0x162405dc, 0x010f1415, 0x09194418, 0x36373632, 0x37173237, 0x31373607, 0x36333736, 0x23272637, 0x2806a37d, 0x01353736, 0x050502b9, 
    0x57e21802, 0x0a98380f, 0x1c0a0d0d, 0x0a0b0b12, 0x091d110a, 0x020c0b09, 0x58583b3b, 0x83023b3b, 0x22253307, 0x1e01c20a, 0x0f082b1e, 0x080f0101, 
    0x02262739, 0x0a820e02, 0x0505bb24, 0x4c8e0e26, 0x095c262b, 0x0a111d09, 0x120b0b0a, 0x2252831c, 0x8725210b, 0x25078345, 0x2cc70b0c, 0x45821d1e, 
    0x27223e82, 0x50853a26, 0x00002708, 0xfffbff0d, 0x010502c0, 0x000c00cb, 0x00260019, 0x00400033, 0x005a004d, 0x00740067, 0x008e0081, 0x00b8009b, 
    0x58182500, 0x062109bf, 0xce2d1907, 0x83da8407, 0x221c86de, 0x82072736, 0x202988eb, 0x82098837, 0x89372015, 0x27362219, 0x8a0c8b33, 0x2f342233, 
    0x24198701, 0x2736013d, 0x21268905, 0x818c2734, 0x26254d8a, 0x27262527, 0x05bd5731, 0x16011f2b, 0x3536013f, 0x07173627, 0x270b8506, 0x010f0127, 
    0x010b280b, 0x0a220482, 0x0a896002, 0x13845c20, 0x18822720, 0x84bf0c21, 0x2004840a, 0x2020895b, 0x201083c4, 0x2220820a, 0x89600c02, 0xe860212b, 
    0x0b203182, 0x0c210482, 0x231486c0, 0x20010c02, 0x04820a84, 0x7dfe0c22, 0x0b224087, 0x56890401, 0x46a5013b, 0x5a59595a, 0x2a090c46, 0x0f55120b, 
    0x05575706, 0x12550f01, 0x0c092a0b, 0x89258954, 0x896c2009, 0x89c02045, 0x8a2a8a0a, 0x8a2a9420, 0x3b40a035, 0x16174599, 0x0e451716, 0x050f4310, 
    0x35110822, 0x12351d1d, 0x10062207, 0x000e1043, 0x08435718, 0x0800a039, 0x3e002400, 0x4c004300, 0x26010000, 0x07062327, 0x05353315, 0x87310706, 
    0x5a152002, 0x352d0731, 0x07222311, 0x26210706, 0x2b263127, 0x08865b01, 0x35823d20, 0x83272621, 0x33072501, 0x03152335, 0x26084185, 0xa0012726, 
    0x0f400f01, 0xa0fe6001, 0x0b080801, 0x020b0a0d, 0x800e0909, 0x6009090e, 0x0108090e, 0x08018001, 0x86600e09, 0x0b022b12, 0x080b0d0a, 0x40e00108, 
    0x33833040, 0x010f0133, 0x01010f90, 0x7030300f, 0x16181720, 0x34212119, 0x0517452c, 0x09400127, 0x0a0d0d0a, 0x074a5b09, 0x21342c2d, 0x18161921, 
    0xa0802017, 0x830001a0, 0x010f2131, 0x8208ef43, 0x00c02964, 0x0027000c, 0x01000034, 0x25076e47, 0x3533011d, 0xe6822117, 0x33171627, 0x16171615, 
    0x25ef8217, 0x37363736, 0x03823335, 0x8c2f2621, 0x216d8227, 0x78820e09, 0xfe304023, 0x2a8f83a0, 0x23230110, 0x23394039, 0x83100123, 0x45f0200e, 
    0x8c180546, 0x603308d8, 0x0f017f60, 0x21010f20, 0x0d2b2b3a, 0x2b0d6363, 0x82213a2b, 0x020e2210, 0x08bc857f, 0x00606026, 0xff000006, 0x010002e0, 
    0x001f00a0, 0x0035002a, 0x004b0040, 0x01000058, 0x06072221, 0x07061115, 0x23112726, 0x4d180a84, 0x112508f3, 0x23262734, 0x725d1803, 0x94172014, 
    0x06372915, 0x27262107, 0x21373635, 0x0123db82, 0x82a0fee0, 0x0f01247c, 0x8320010f, 0x12122207, 0x0596451b, 0xd021ba82, 0x8ec48360, 0x8ea02004, 
    0x240e840f, 0xff0f0110, 0x202c8300, 0x20058301, 0x213b82a0, 0x0e84b0fe, 0x0a833020, 0xad45e020, 0x0e602508, 0x80fe0909, 0x20072450, 0x20089960, 
    0x33798970, 0x00030000, 0x02e1ff00, 0x00a00180, 0x002f0011, 0x25000051, 0x2110fa7a, 0x654c2237, 0x16172606, 0x36371617, 0x21058237, 0x2e6d3233, 
    0x26272505, 0x27262523, 0x6d058249, 0x33210b4c, 0x492b8332, 0x01210628, 0x7773183f, 0x1211290c, 0x3135011c, 0x010a2731, 0x28058671, 0x40545440, 
    0x0a0e0b0a, 0x3b0f8209, 0x35313128, 0x503f3601, 0x4f58584f, 0x090a3f50, 0x0a0d0c0a, 0x4b454436, 0x3744444b, 0x09220b83, 0x7546610a, 0x12122208, 
    0x2757831b, 0x231213a0, 0x0a0d0d0a, 0x37254e83, 0x08370101, 0x260d820b, 0x13132309, 0x82203d22, 0x093d2100, 0x09281b83, 0x1c1b1b35, 0x0a09341b, 
    0x00211b83, 0x082f500a, 0x21001423, 0x5fd51800, 0x6289200d, 0x05201685, 0x200ba468, 0x5e0c8b15, 0xd51819d9, 0x27211161, 0x8c398535, 0x200c9919, 
    0x12b41801, 0xcc5e1814, 0x0f01210b, 0x25074d52, 0x800f01a0, 0x0486010f, 0x87096252, 0x89602009, 0x20099529, 0x833c83e0, 0x56c02004, 0xa0250e79, 
    0x010d0e14, 0x08b352d0, 0x5f602021, 0x158a1422, 0xc0200a8a, 0x2b8f3694, 0x25834020, 0x18004021, 0x2a0aafa2, 0x00310025, 0x1300003b, 0x6d353736, 
    0x1d2e0663, 0x16171601, 0x1f161517, 0x30071601, 0x06832231, 0x01270635, 0x1f363726, 0x17350701, 0x26272621, 0x3736013f, 0x18221331, 0x22077a87, 
    0x444224ba, 0x87180521, 0x01220881, 0x4a185a01, 0x1a390ae3, 0x15eafef6, 0x080d0808, 0x1aa0012f, 0x13801313, 0x47011a13, 0x0e130f37, 0x20008209, 
    0x8e87180e, 0x4701210a, 0x09bc4a18, 0x056a742c, 0x131201c2, 0x4936090f, 0x3182e3fe, 0x00213882, 0x0a637f00, 0x28001a22, 0x3320b584, 0x3320a782, 
    0x1806784d, 0x2608059a, 0x0137013b, 0x55310706, 0x27240510, 0x87032103, 0x16ddd118, 0x02040130, 0xf6130e0d, 0x020d0e13, 0x15810116, 0xd118ae01, 
    0xfe2311c4, 0x820d1440, 0x01143200, 0x00aefe52, 0xfff9ff02, 0x010002b9, 0x001f00c0, 0x61b41839, 0x0db76d08, 0x7e553620, 0x31172c07, 0x07173701, 
    0x33011d06, 0x82013f32, 0x012b3308, 0x26270607, 0x3435013f, 0xe3013137, 0x0a661d1d, 0x59180909, 0x092e0a2e, 0x28281e66, 0x7954fe1f, 0x2405782d, 
    0x06820407, 0x2a211830, 0x10131628, 0x01171b0c, 0x28281fa3, 0x2e84661e, 0x08375918, 0x1d660a2c, 0x78dafe1d, 0x0704792d, 0x06820524, 0x0c1b1739, 
    0x28161310, 0x0018212a, 0xff200002, 0x014202c0, 0x000f00c1, 0x1800002d, 0x2608ac7a, 0x010f1617, 0x71270706, 0xa24e0597, 0x37362309, 0x1f4c2736, 
    0x14173905, 0x01e03115, 0x100fed25, 0x020d0e11, 0x19a10a02, 0x0160732b, 0x90301f20, 0x3e05ad41, 0x08080d05, 0x1e010101, 0xb9742e1f, 0x0bb11d2f, 
    0x0c0c0101, 0xfa0f1111, 0x89680724, 0x71201f30, 0x012d0649, 0x060d0b0b, 0x1f202e06, 0x04036903, 0x21008200, 0x3f5b0005, 0x00172e07, 0x0073002f, 
    0x00b4009c, 0x37320100, 0x06e26031, 0x31302722, 0x24053e50, 0x33161714, 0x20179623, 0x058b4a17, 0x35231522, 0x8705c047, 0x089e4a07, 0x82078a51, 
    0x36372207, 0x08176b17, 0x35820986, 0x4b272621, 0x262005df, 0x8906fd4c, 0x14152107, 0x21277882, 0x3d363732, 0x83230601, 0x2a9c9716, 0x0b116001, 
    0x0a09010c, 0x8501090a, 0x0b0c2305, 0x12918011, 0x01019f27, 0x010f200f, 0x2f058a40, 0x0112121b, 0x0f10110f, 0x0b0b070f, 0x10100f06, 0x112e0993, 
    0x1212010f, 0x100b1f1c, 0x11141411, 0x078b0b10, 0x090f112b, 0x80010e09, 0x0f09090e, 0x211b8311, 0x759100ff, 0x82510121, 0x100c2e8d, 0x010d0c11, 
    0x110d0d01, 0x0b110c10, 0x2211910b, 0x820f3f70, 0x4440209d, 0x0585050b, 0x1a2a7582, 0x01010a45, 0x0a060a0a, 0xdb83070a, 0x45200994, 0x9627c383, 
    0x01080909, 0x82090801, 0x20078a00, 0x07334f06, 0x09010726, 0x06010908, 0x00207691, 0x29080b67, 0x00a00100, 0x003b001a, 0x45693700, 0x14152805, 
    0x21230607, 0x18262726, 0x2c0a8acc, 0x3f343537, 0x32333601, 0x3316011f, 0x20098316, 0x21098216, 0x2984011d, 0x29822220, 0x01403324, 0x9442010f, 
    0x70fe2206, 0x08807d22, 0x4f084031, 0x090e0e0b, 0x0a0b0728, 0x0d0a1508, 0x82410a0e, 0xfe0e29a9, 0x09090ddf, 0x0f300101, 0x0f340e19, 0x0e090937, 
    0x5450b0fe, 0x0b5a0a0c, 0x01082f0c, 0x01091508, 0x0c094d0a, 0x05ed4244, 0x00030033, 0x02c0ff20, 0x00c0013e, 0x0020000c, 0x01000029, 0x2eb38236, 
    0x17161716, 0x35230706, 0x31373605, 0x52323736, 0x072005c7, 0x21051d4a, 0xde561605, 0x33520805, 0x0f013001, 0x1d33323f, 0x0f02011e, 0x02f0fedf, 
    0x1159393a, 0x0c0a9d01, 0x36434f3c, 0x01202036, 0x0e100e02, 0x9f0a0b3c, 0x0faf01ee, 0x1d1e0102, 0x0f3f3233, 0x5dffdf01, 0x100e4241, 0x0b0c9dee, 
    0x2001012b, 0x43363620, 0x560f0210, 0x9f080838, 0x53490200, 0x001a2208, 0x1c3b413a, 0xc8722520, 0x09f67105, 0x0c054518, 0x41010f21, 0x0127163a, 
    0x0d0d0a17, 0x1859390a, 0x210ac746, 0x0c856939, 0x39418020, 0x09792416, 0x445a3a09, 0x702005c5, 0x6a200a82, 0x80230a85, 0x82000300, 0x40022900, 
    0x11008001, 0x37002400, 0x4218ad82, 0x1721103b, 0xb66a1823, 0x41332007, 0x0623054f, 0x55231107, 0x5d4f0760, 0xe74b1808, 0xc0c02110, 0x08cb4318, 
    0x36280888, 0x01012425, 0xc0362524, 0xeb6c0887, 0x18602010, 0x210fb043, 0xde184001, 0x00210f1a, 0x22b38802, 0x18250013, 0x880cc5a8, 0x361121a8, 
    0x2010986d, 0x518e9180, 0x1b220c1b, 0x5818291b, 0xfe201148, 0x12167618, 0x00050033, 0x02e0ff00, 0x00a00180, 0x0056003d, 0x0071006c, 0x22858375, 
    0x4136011f, 0x88850820, 0x06072726, 0x0706012b, 0x2309dd51, 0x27371732, 0x2206234b, 0x5333011f, 0x13200a4d, 0x0cc05719, 0x55072221, 0x0625056f, 
    0x37253107, 0x086b4122, 0x36373223, 0x323d8237, 0x37313726, 0x33072731, 0x23371727, 0x0a125b01, 0x41141362, 0x0783074e, 0x162d022a, 0x310d0854, 
    0x32232307, 0x10311687, 0x2c161b0f, 0x16020216, 0x1b090b38, 0x0a1b2295, 0x22008207, 0x675d240a, 0x062f0b1d, 0x13092005, 0x12200c14, 0x18b5fe01, 
    0x671e0402, 0x1e370570, 0x0613131b, 0x08071041, 0x3348b507, 0x313c217b, 0x01a0016d, 0x4105b410, 0x3f280b93, 0x0c8f2824, 0x011f2030, 0x042d1487, 
    0x16021f35, 0x08010216, 0x07074027, 0x216c820a, 0xc767c0fe, 0x01142c09, 0x0c143c01, 0x133b1309, 0x8731171d, 0x0f102f80, 0x0c0c0119, 0x6565090e, 
    0x00535380, 0x73630006, 0x003e2a07, 0x0059004c, 0x007d006b, 0xb9661888, 0x65322008, 0x232406dc, 0x06071415, 0x2b200484, 0x8b05b85a, 0x2722230b, 
    0x15853d26, 0x36373437, 0x37363533, 0x14033736, 0x3b163117, 0x22233501, 0x011d0607, 0x08e66d17, 0x15012b22, 0x20119063, 0x10575321, 0xd85c0320, 
    0x6620230a, 0x23533d3c, 0x09092206, 0x0697640e, 0x0786c020, 0x09200f83, 0x0e250082, 0x663c3d01, 0x211482a0, 0x12827070, 0x0483b020, 0xa0200c83, 
    0x540c4f53, 0x40250c3c, 0x01010fa0, 0x2604840f, 0x1601c001, 0x82302217, 0x82402030, 0x1833832f, 0x85084c4c, 0x8220203f, 0x835c831a, 0x2230261e, 
    0xff011617, 0x83188200, 0x83602011, 0x8360201a, 0x0c5a560c, 0x200c8256, 0x07094d50, 0x00030023, 0x065f7b00, 0x36001422, 0x1805f94d, 0x2d0d6dbc, 
    0x26272611, 0x33160127, 0x36373231, 0xa9441617, 0x56262006, 0x07220583, 0x69562706, 0xa0332007, 0x00022321, 0x984d40fe, 0x98421808, 0xa9fe3008, 
    0x0e13140e, 0x0e0e1111, 0x1d27261d, 0x831d011c, 0x830e2006, 0x22168210, 0x9cc00e0e, 0x158d531d, 0x0efefe22, 0x11260082, 0x1c1c1c11, 0x04822828, 
    0x10825c83, 0x82141421, 0x91598304, 0x00003517, 0x00000400, 0x4002c0ff, 0x1c00c001, 0x47003500, 0x00005900, 0x1cc5a718, 0x15331726, 0x37361716, 
    0x07436a18, 0x0627262a, 0x06231507, 0x03171607, 0x10274818, 0x11c76018, 0x20dea718, 0x012cb035, 0x2c021213, 0x12020212, 0x1312022c, 0x01132c01, 
    0x70901301, 0x01210fff, 0x18119080, 0x2017f3a7, 0x844b8ab4, 0x255f8355, 0x0e14e4fe, 0x4390010d, 0x0a1a6118, 0x23064f65, 0xc0014002, 0x2b06016b, 
    0x37361100, 0x011f1633, 0x26271533, 0x2508fa52, 0x35010f26, 0xb24a1633, 0x17212105, 0x0befa818, 0xcb193120, 0xd456097c, 0x48491807, 0x16023611, 
    0x01051348, 0x111018bf, 0x11400e0e, 0x0f0f4010, 0xb6171110, 0xfda81810, 0x8fe02016, 0x8fc020b0, 0xa8012a10, 0x13010216, 0x0e17660c, 0x204d840e, 
    0x25588340, 0x0c016617, 0xa918100c, 0xfe210d0b, 0x20004148, 0xfeff0326, 0x4202beff, 0x3024ff82, 0x6e003800, 0x08d38018, 0x16173224, 0xf383011d, 
    0x17151722, 0x2620f986, 0x29050c43, 0x012f2607, 0x3f363726, 0xf1833501, 0x0735332e, 0x011f3637, 0x17152135, 0x36333736, 0x17222b83, 0x0f6b0716, 
    0x05174605, 0x85051f46, 0x20378211, 0x22358237, 0x82163117, 0x212c832d, 0x9152c031, 0x83302006, 0x2c2d08a9, 0x0d030412, 0x1e191a65, 0x1414111d, 
    0x19211a11, 0x030d651a, 0x012c1204, 0x30140e0d, 0x14146c20, 0xe000ff6c, 0x1401232a, 0x0d1c1613, 0x05cd7807, 0x14262408, 0x1f31322d, 0x09070709, 
    0x2b33311f, 0x0b0d2615, 0x0703030b, 0x161c0d07, 0x2a231513, 0x1312232b, 0x44012b22, 0x20200694, 0x80374883, 0x1110070f, 0x010f5c0e, 0x0c0c1401, 
    0x0f010213, 0x10110e5c, 0x83801007, 0xbb1f3380, 0x24070724, 0x02e55b5b, 0x120f0d18, 0x0b0b0307, 0x67820d0d, 0x190f0a26, 0x04100301, 0x10250082, 
    0x0f190103, 0x835f830a, 0x12072b67, 0x02180d0f, 0x0c0c1901, 0x63430119, 0xc0013a07, 0x4300c001, 0x4d004800, 0x00006700, 0x27363725, 0x36012b26, 
    0x34273435, 0x05ec5835, 0x4b06ea4b, 0x063106f8, 0x16150607, 0x06151417, 0x23171415, 0x1f060722, 0xc7501801, 0x32212107, 0x2b05af61, 0x1f270727, 
    0x27330701, 0x1307013f, 0x4105075c, 0x37080788, 0x26272223, 0x3316013d, 0x01153732, 0x0503257a, 0x0a390905, 0x16033e01, 0x0f092515, 0x0c0f150e, 
    0x0f0c1a1a, 0x080f0e15, 0x03161625, 0x3a0a013e, 0x03050409, 0x13132025, 0x0798e618, 0x20131333, 0x104030ca, 0x101f5f20, 0x0b313140, 0x1a0d100b, 
    0x08da8209, 0x1a09033f, 0x0b0b100d, 0x2a36362a, 0x07085d6d, 0x041a1607, 0x0e020204, 0x0a0a0c16, 0x1b1b2207, 0x110a0101, 0x01010a11, 0x07221b1b, 
    0x160c0a0a, 0x0402020e, 0x07161a04, 0x185d0807, 0x0f2b2324, 0x2f00820a, 0x24232b0f, 0x20bf8c18, 0x207f7f20, 0x2501bf20, 0x02254e82, 0x17070717, 
    0x26648202, 0x10060610, 0x48040000, 0x46280863, 0x83005f00, 0x00009500, 0x22056b66, 0x4732013b, 0x2b220600, 0x70481701, 0x051c4110, 0x27362323, 
    0x24018226, 0x37363523, 0x222f8236, 0x4837011f, 0x2320196a, 0x21066a48, 0x714d3115, 0x25368209, 0x16171637, 0x45822317, 0x210c7d48, 0xbb182733, 
    0x012810c9, 0x0e0c1757, 0x140c092f, 0x21059746, 0x8d48373e, 0x1e0f390f, 0x46031111, 0x2c020103, 0x0160452d, 0x670d0909, 0x632c131a, 0x070a3b10, 
    0x0a220082, 0xbc526940, 0x03042d0b, 0x1413091c, 0xc20f1c0c, 0x3022220a, 0x2807be48, 0x0a222230, 0x10100743, 0x073e4614, 0x10101424, 0x436a4307, 
    0x05d74606, 0x01a00126, 0x07281a14, 0x20068247, 0x0e9f4865, 0x21161d25, 0x82102821, 0x2d442400, 0x8220022d, 0x2d1323a8, 0x9a481e52, 0x0b885307, 
    0x0c14352b, 0x11341309, 0x1d2d1818, 0x08ce481d, 0x1d1d0126, 0x0b0b122d, 0x0b23a787, 0x4718120b, 0x23450bc3, 0x01002907, 0x001100c0, 0x0069002f, 
    0x1806f15b, 0x310c3f77, 0x16311716, 0x07141517, 0x07012b06, 0x26230706, 0x9d42012f, 0x37362405, 0x6f333736, 0x162106f5, 0x410d8317, 0x262005bb, 
    0x5c06174f, 0x23440526, 0x05b74c05, 0x8b472384, 0x31072305, 0xfb534001, 0x8320200f, 0x09092bcf, 0x050b020e, 0x051b261b, 0x6555020b, 0x40390806, 
    0x050404e1, 0x3e1d0e05, 0x1d3e6060, 0x0405050e, 0x162d1804, 0x32160602, 0x0d0c1020, 0x09080101, 0x4522170b, 0x22456565, 0x08090b17, 0x0c0d0101, 
    0x16322010, 0x2d150106, 0x09365b18, 0x20072a41, 0x20748360, 0x25588230, 0x02021a64, 0x6d82641a, 0x1a833020, 0x02ff4908, 0x09050502, 0x01011108, 
    0x05090811, 0x0d020205, 0x15160608, 0x08100902, 0x10140d0b, 0x0e070b0b, 0x01011309, 0x070e0913, 0x14100b0b, 0x10080b0d, 0x16150209, 0x000d0806, 
    0x00020000, 0x02e0ff1c, 0x00a40124, 0x00320010, 0x3205097f, 0x2307012f, 0x32331617, 0x2723013f, 0x31072637, 0x78010f06, 0x172207df, 0x2a4d3733, 
    0x011f2308, 0x17823633, 0x60014108, 0x09090631, 0x621e3905, 0x0d0d0ab0, 0x1770b00a, 0x35342b8f, 0x27141427, 0x2b2b3435, 0x69200505, 0x090a0524, 
    0x05313a06, 0x1b060909, 0x0505207a, 0x0963cc2b, 0xb6487f09, 0x2cb60a0a, 0x050423b5, 0x05322b83, 0x36272304, 0x0a562e36, 0x09628209, 0x362e3709, 
    0x9b822736, 0x1000102c, 0x70017001, 0x23001100, 0x9d180000, 0x26200d2e, 0x11207a82, 0x2010334d, 0x0eab18c0, 0x3202230b, 0x6a4c4b31, 0x281c230d, 
    0xab187001, 0x2d830b5c, 0x01f0fe22, 0x5712f779, 0x142d099f, 0x26001d00, 0x44003b00, 0x00004d00, 0x05127e25, 0x22090b51, 0x63262734, 0x162805ff, 
    0x33070617, 0x37362726, 0x13200883, 0x012226a5, 0x3a6ffee0, 0xc0012106, 0x2005da42, 0x94431880, 0x88402007, 0x2022a108, 0x06ab46a0, 0x78220686, 
    0x3c871602, 0x01210785, 0x20209e78, 0x074b4300, 0xc001802b, 0x24001100, 0x00003d00, 0x0fc94d37, 0xec181f20, 0x25201261, 0x0f53c418, 0x18079949, 
    0x22227aec, 0x83305501, 0x833020a8, 0x200989a3, 0x0f754ec0, 0x31023024, 0xbc454931, 0x31492405, 0x8e680231, 0x8839842f, 0x827f20bf, 0x851220bf, 
    0x232525bf, 0x07060706, 0x2307a841, 0x26272635, 0x12814018, 0x36372526, 0x010f2627, 0x26055249, 0x16170607, 0x7717013f, 0x1321055a, 0x466d8366, 
    0x83830791, 0x16453320, 0x2d078707, 0x0e2f6201, 0x2f11110e, 0x0e11112f, 0x0b8b2f0e, 0xb38d9020, 0xd38f3020, 0x32842120, 0x3e903020, 0x18003021, 
    0x210a837d, 0x0e820011, 0x20108541, 0x24d78317, 0x26112315, 0x27df8227, 0x33171611, 0x21353736, 0x2408865d, 0x22b02726, 0x05056f17, 0x01260787, 
    0x010ff070, 0x9b5701e0, 0x00022108, 0x1b240b85, 0x01a0291b, 0x071fdf18, 0xa0230786, 0x5ab00f01, 0xfe2105d1, 0x05765b60, 0xf0230583, 0x5b1b1b29, 
    0xc0280a4b, 0x2700c001, 0x4f003d00, 0x6c0c2160, 0x232808ed, 0x012b0607, 0x3f262726, 0x27220483, 0xc1823611, 0xaa622120, 0x32212905, 0x013d3637, 
    0x23262734, 0x20051d43, 0x0f614217, 0x60011722, 0x01376a83, 0x2e231716, 0x08030305, 0x37090d27, 0x0d093780, 0x03020828, 0x83232e05, 0x24b582d8, 
    0xe0fe0001, 0x910f1909, 0x057f4d09, 0x220f4f4a, 0x8201c001, 0x00ff2f2a, 0x061b1a24, 0x0606062e, 0x37370901, 0x08820109, 0x1b062e26, 0x0001241a, 
    0x72436783, 0x06da6206, 0xce4a6020, 0x55002010, 0xef830993, 0x65005324, 0xf3ae7700, 0x87013b21, 0x012b2af3, 0x1d060722, 0x07223701, 0x5d068231, 
    0x3d27074a, 0x26273401, 0x7207012b, 0x9d731086, 0x2b1b4111, 0x83064063, 0x44d02006, 0x11870557, 0x054fb020, 0x8f80190c, 0x2332410c, 0x8c65e020, 
    0x8060210c, 0x720d846a, 0x00371aba, 0x00000003, 0x01400220, 0x00040060, 0x00310024, 0x35212500, 0x7a251521, 0x152009ee, 0x20095f50, 0x055d5e06, 
    0x27262008, 0x07063735, 0x21171615, 0x26353736, 0xc0012127, 0x6001a0fe, 0x160140fe, 0x80012217, 0x50161722, 0x0f83060a, 0x0f84fe20, 0x010f5026, 
    0x80010f01, 0xfe210583, 0x18008280, 0x20080957, 0x06d04f10, 0x15431020, 0x10a02107, 0x096d7a18, 0x60249bc4, 0x000100ff, 0x9be19f82, 0x33352322, 
    0x242e3741, 0xfec0c020, 0x503541e0, 0x37410020, 0x83372011, 0x0ac27c9b, 0x2321d341, 0xc06060c0, 0x022099d0, 0x22086b42, 0x522c001f, 0x5f4212bf, 
    0x059d4409, 0x24086142, 0x01150706, 0x135842d0, 0xfe21a285, 0x095d4270, 0x01010f23, 0x42158360, 0x3f831159, 0x5052f020, 0x82a02008, 0x00012e8b, 
    0x01e5ff00, 0x00a40143, 0x2500001c, 0x06937506, 0x26270624, 0xd751012f, 0x11272105, 0x172d8882, 0x01071605, 0x6910063e, 0x0605072d, 0x2600820f, 
    0x074b2f08, 0x8204040b, 0x0e0d2a4a, 0x0c0f010c, 0x010e8f05, 0x8317835f, 0x59622f1f, 0x11070108, 0x070f6f01, 0x0bf00a06, 0x63830010, 0x0001c132, 
    0x5100c001, 0x14050000, 0x23063107, 0x07062726, 0x20068469, 0x205f8233, 0x0a716937, 0x27263524, 0x1b872726, 0x36171623, 0x071f5c37, 0x06070623, 
    0x0ac36907, 0x17161524, 0x1b831716, 0x09000128, 0x253b0e09, 0x00443b25, 0xb8691805, 0x1901200b, 0x9c0899bf, 0x0e202d1f, 0x2a020908, 0x0909022a, 
    0x0a090d0d, 0x24713483, 0x4b602006, 0x59820638, 0x0e201f85, 0x8e06394b, 0x0b2b521f, 0x2d001524, 0xd4185200, 0x9a4d08f5, 0x21d4820b, 0x5946013d, 
    0x18352005, 0x840a4545, 0x25332a16, 0x37362726, 0x17163736, 0x05a45821, 0x11070622, 0x2205e74b, 0x50212726, 0x36230514, 0x84371137, 0x20218215, 
    0x20158211, 0x0d394980, 0xab83a020, 0x2006b249, 0x24a68280, 0x1e00ff20, 0x25cb8302, 0x52011225, 0x1d832512, 0x871e0221, 0xaefe2111, 0x57261187, 
    0x080f0f08, 0x05835201, 0x01aefe23, 0x0d444520, 0x3f83a020, 0x82073b54, 0xc920216e, 0xee204890, 0x0126118f, 0x080f1712, 0x5684eefe, 0x0f081222, 
    0x270cbf49, 0x00320024, 0x1300005d, 0x3320eb87, 0x1520eb87, 0x2320eb87, 0x3521eb87, 0x08394833, 0x31211382, 0x22179313, 0x92352726, 0x87202041, 
    0x8fd220e4, 0x2310889a, 0xd2080f40, 0x0482a083, 0x2487d720, 0x2e231387, 0x90491209, 0x90012038, 0x8f722012, 0x72722123, 0x04845183, 0x8797fe21, 
    0x29292182, 0x10231485, 0x83191116, 0x1a132313, 0x39881226, 0x55180020, 0x15220c47, 0x53612000, 0x32332d0c, 0x3d36013f, 0x26272601, 0x15210527, 
    0x2505a156, 0x90011123, 0x5048a0fe, 0x1af63307, 0x01135a13, 0xfe140e0d, 0x404001b0, 0xe009090e, 0x0e84a001, 0x1b822184, 0x83f61a21, 0xe040282a, 
    0x400e0909, 0x6d004001, 0x172a09fb, 0x00002d00, 0x31373635, 0x5f643736, 0x15332605, 0x07060706, 0x266c8323, 0x27261735, 0x82272631, 0x231c821d, 
    0x17161716, 0x01291a85, 0x401b1212, 0x291b1b01, 0x24098380, 0x12121be0, 0x88048401, 0x8408840d, 0x29802212, 0x3ca6191b, 0x89e0200a, 0x6e2b8830, 
    0x012a0687, 0x00c00180, 0x003e0033, 0x10750100, 0x06152308, 0x7483010f, 0x250f1560, 0x3f363533, 0x97822701, 0x22071a44, 0x82270321, 0x331522b2, 
    0x20ae8235, 0x06284901, 0x442e0124, 0x7a472e44, 0x077d6506, 0x0128138b, 0x44445c40, 0x01c0011b, 0x092c0382, 0x090e0e09, 0x2f420b09, 0x422f4444, 
    0x1a1cb219, 0x448ffe29, 0x0b271d44, 0x651d270b, 0x33250db3, 0x47003d00, 0xc7961800, 0x21bea40f, 0x22781517, 0x23352205, 0x21be8211, 0xc783012f, 
    0x0abe4118, 0x6022c59c, 0xc2841b01, 0x0783c382, 0x0aafb218, 0x202aca9e, 0x441c280b, 0x0b281c44, 0xcb8280fe, 0xd082d384, 0x20000125, 0x8201c0ff, 
    0x30002601, 0x15010000, 0x288a8314, 0x26273521, 0x3f363527, 0x05ce5601, 0x2005536a, 0x06585216, 0x37361524, 0x0c871732, 0xc0012608, 0xff1d1112, 
    0x012a3500, 0x011f1001, 0x01010f0f, 0x13140e0d, 0x0d020d0e, 0x0d0e1413, 0x121a0e01, 0x0b030d0d, 0x300b830e, 0x26783001, 0x80141f1f, 0x34202780, 
    0x180e1745, 0x212c822d, 0x1983800f, 0x130d0d23, 0x2637830d, 0x0b011506, 0x8307110b, 0x828a820a, 0x0200279b, 0x00800100, 0x9782003a, 0x25089d42, 
    0x27263734, 0xf35a3526, 0x34352405, 0x713b3637, 0x94830519, 0x3316053b, 0x35363736, 0x37012f34, 0x32333736, 0x1716011f, 0x00021516, 0x3d292802, 
    0x08678350, 0x0b11072f, 0xbe15010b, 0x0c0c0b11, 0xd2e6110b, 0x0a02011b, 0x0106061c, 0x0b020317, 0x490b0104, 0x30170e0f, 0x27260d10, 0x00010105, 
    0x28293e6f, 0x27888302, 0x0d040b0e, 0x0d1a120c, 0x3e829983, 0x31834420, 0x57233882, 0x830a0101, 0x12172a36, 0x1c0a0111, 0x0506301f, 0x20008200, 
    0x85038201, 0x00282cb3, 0x06152500, 0x27262307, 0x19232735, 0x2608534b, 0x36013f36, 0x82272627, 0x23c18315, 0x16213336, 0xa182a382, 0x800f0137, 
    0xac55010f, 0x0109090d, 0x1b121201, 0x0b081669, 0x10090905, 0x057c46b5, 0x0f010c3b, 0x0f81182a, 0x010f6777, 0x40100f01, 0x1c0d0809, 0x01011213, 
    0x0d102015, 0x362f820c, 0x080d1c13, 0xba210109, 0x01001815, 0xbfff2000, 0xc0012002, 0x68005200, 0x2724054b, 0x06010f06, 0x34276f82, 0x35363735, 
    0x84262734, 0x2607230f, 0x0982012f, 0x17060723, 0x227f8314, 0x83220706, 0x0722230f, 0x0f851506, 0x0f842320, 0x0f860620, 0x16331724, 0x01823637, 
    0x36134c08, 0x07200235, 0x08171306, 0x0d0a0422, 0x08012401, 0x07181008, 0x15160626, 0x18073407, 0x01070614, 0x01013201, 0x2f02080b, 0x090d1609, 
    0x0146010a, 0x03030701, 0x12110e3c, 0x7a0c0b0a, 0x0d334532, 0x1a1b1b1a, 0x01024a0d, 0x820c083f, 0x173b08b8, 0x0d010a7d, 0x03a70201, 0x0a0b0b04, 
    0xb1170201, 0x14010115, 0x010217d1, 0x04060c0d, 0x0201ca04, 0x9008010a, 0x08090117, 0xd805050f, 0x02080101, 0x01010c3d, 0x10100b0c, 0x82307b0c, 
    0x1608280e, 0x0f012c16, 0x56000405, 0x302b0c43, 0x46003b00, 0x00005100, 0x54072225, 0xf75505a7, 0x21fb8305, 0xd1822223, 0x26271122, 0x07200783, 
    0x1723e983, 0x83013b16, 0x823520d9, 0x07272223, 0xb17f1806, 0x90012f1e, 0x0d030b0e, 0x0e1b120d, 0x120c0d04, 0x8a820d13, 0x0c0b1231, 0x10130d38, 
    0x08010b0c, 0x1d1c145b, 0x423d6020, 0xa0240635, 0x010f0f01, 0x40200383, 0xe0260890, 0x0b0b1107, 0x04821601, 0x42940c21, 0xfe360589, 0x0b104bbd, 
    0x0b0d120b, 0x0e0f197a, 0x3d292802, 0x0d0e1460, 0xf668b001, 0x89602012, 0x03002f13, 0xc0ff0000, 0xc0018002, 0x27001200, 0x97182c00, 0x13211429, 
    0x12b65b21, 0x1121032a, 0x00021121, 0x090d7ffe, 0x0d240082, 0x0a0e8001, 0x0e230782, 0x83e0fd50, 0x0d012576, 0x2002140e, 0x10250987, 0x000200fe, 
    0x05196809, 0x0e0e0926, 0xc0010909, 0xfe212083, 0x08e47dc0, 0x09834020, 0x01a0fe25, 0x5ae0fe20, 0x22820617, 0x2300c029, 0x4a003100, 0x56130000, 
    0x1d210719, 0x156a1801, 0x5b272026, 0x485b0530, 0x2e6a1811, 0x38f82a27, 0x16020216, 0x16160238, 0x58098902, 0xde4808cb, 0x83202006, 0x303021c5, 
    0x2020bb83, 0x0d436a18, 0x398ec020, 0x00204384, 0x03200082, 0x0c97c818, 0xdb823a20, 0x2e8dc818, 0x3736052a, 0x06232726, 0x33171607, 0x264ac818, 
    0x7c840120, 0xcf83b020, 0xc818b020, 0xb8202813, 0x90076053, 0xb34820b3, 0x158152b3, 0xc1a73720, 0x0f0f3027, 0x302f1110, 0x07845210, 0x2f301028, 
    0x0f0f1011, 0xcfa82e2e, 0x3b917020, 0xdf905385, 0xdfbd3e20, 0x013f1622, 0x4820d5a7, 0x5f208183, 0x4023d584, 0xad701011, 0x2f5f21cb, 0x2c06815c, 
    0x00010070, 0x02e0ff20, 0x00a00120, 0x2bbb8221, 0x16311732, 0x3637011d, 0x15171617, 0x61180584, 0x342d0adf, 0x013b3637, 0x09090e80, 0x0b0b0c9d, 
    0x21048401, 0xf9180d01, 0x09250760, 0x01400e09, 0x260582a0, 0x07065497, 0x843f0e06, 0xe8fe2105, 0x2008a343, 0x21378270, 0x6b820300, 0x4001c02a, 
    0x1100c001, 0x31002200, 0x74138f58, 0x4d580854, 0x03372606, 0x16371635, 0x51771837, 0x40012508, 0x3d292802, 0x0b776718, 0x0f018032, 0x011b1b29, 
    0x010f0f01, 0x1b121201, 0x1030010f, 0x89820082, 0x01217182, 0x83298b30, 0x82502039, 0x1b1b2225, 0x23058229, 0x12121b0f, 0xfe273582, 0x0103a360, 
    0x4ca30301, 0x00200573, 0x0224a382, 0xfe01c0ff, 0x1d3ba382, 0x43003600, 0x36130000, 0x33363137, 0x15161732, 0x011f3233, 0x06010f16, 0x82222123, 
    0x05c35aa6, 0x07140123, 0x36108331, 0x3f26012f, 0x33373601, 0x33153335, 0x1d161716, 0x27220701, 0x82272631, 0x0714380e, 0x01df2306, 0x0e0d0909, 
    0x0799090a, 0x09093005, 0xfe070530, 0x74090d86, 0xa02105d3, 0x221b8201, 0x8787fe0e, 0x41982219, 0x208a82a0, 0x231e83e1, 0x0e0a0941, 0x25073544, 
    0x0b0b3005, 0xd5820530, 0x1d824020, 0x82e0fe21, 0x22118504, 0x82202001, 0x410d223f, 0x211a82c0, 0x16826060, 0x00820020, 0x00000336, 0x4002e1ff, 
    0x04009f01, 0x1b000f00, 0x27050000, 0x13111711, 0x2706d041, 0x0511010f, 0x06071137, 0x1120c382, 0x0132db82, 0x20c0c080, 0x0a090d7f, 0x910e0101, 
    0x7f916ffe, 0x0a830a0c, 0x01371c3a, 0x7ffe3781, 0x05328401, 0xfe0d0707, 0x3a070fb1, 0x3a078301, 0x04337dfe, 0x012e0f82, 0x00070f4f, 0xffff0100, 
    0xff01c1ff, 0x6383c001, 0x06110122, 0x8205445a, 0x23352257, 0x265d8522, 0x16213736, 0x82171617, 0x12122723, 0x067d901b, 0xf5180606, 0x01320925, 
    0x11121c80, 0xfe810101, 0x12121be1, 0x0303045e, 0x24825408, 0x1b1f0122, 0x12231583, 0x82001a12, 0x29c783bd, 0x00a10100, 0x00340024, 0xb0190044, 
    0x312208b5, 0xab4d0706, 0x17062505, 0x37363316, 0x0f4dcb18, 0x0d7bb518, 0x33070622, 0x0cde7d18, 0x01370f91, 0x393a4700, 0x02012222, 0x14140c37, 
    0x02020303, 0x24233205, 0x853a3213, 0x22012615, 0x48393a22, 0x05204281, 0x022d0582, 0x080e811e, 0x0d090909, 0x0209090d, 0x06b1701d, 0x01221784, 
    0xcb1801a1, 0x022209a1, 0xcb180503, 0x2e2809a1, 0x2f2f3a3a, 0xf0011c1c, 0x0a243684, 0x1d0e0909, 0x8f06e84f, 0x08df4b0a, 0x01000229, 0x001a00c0, 
    0x1840002d, 0x181c21ae, 0x210ae546, 0xa7423734, 0x072d4306, 0x87013d21, 0x0d1a7b12, 0x0be46318, 0x29432020, 0x05604705, 0x08cc5d18, 0x0a0d0d23, 
    0x0e0d7b0a, 0x3a222224, 0x39854839, 0xaf47bf20, 0x47812006, 0x0d8d05be, 0x0ecb5518, 0xbd9c2720, 0x4e181320, 0xa4990b69, 0x16026025, 0x84021690, 
    0x21959904, 0x2286b8fe, 0x0b512782, 0x282c8206, 0x002000c0, 0x0035002c, 0x06c9433e, 0x99183720, 0x21210e58, 0x06cb4326, 0x35333725, 0x5f353317, 
    0x072106e4, 0xcc7a1815, 0x06373608, 0x36171607, 0x70272637, 0x301f2001, 0x01201f30, 0x0d0e1440, 0x053e5701, 0x1b1b2929, 0x0e0d0101, 0x18304014, 
    0x20084391, 0x365e1818, 0x21088708, 0x35835001, 0x2b833d84, 0x3484d020, 0x291b1b23, 0x2b4783d0, 0x1b303030, 0x01011212, 0x301b1212, 0x3385e682, 
    0x40473020, 0x00042809, 0x02c0ff00, 0x73c60140, 0x00290805, 0x26273313, 0x011f3637, 0x26ca8233, 0x06071415, 0x82060723, 0x22212404, 0x7c2f2627, 
    0x37210754, 0x069a7733, 0x06272623, 0x05414d07, 0x8306ce48, 0x89332010, 0xe8ac2815, 0x14130951, 0x42565d0c, 0x342b05de, 0x16111106, 0x1116e3fe, 
    0x85340610, 0x5d563a11, 0x0913140c, 0x0f011351, 0x0e02020e, 0x0250010f, 0x0101100e, 0x91020e10, 0x065f4a01, 0x9c01012b, 0x13090c14, 0x090901b2, 
    0x3533820d, 0x0e0d15d1, 0xd1150d0e, 0x0d0e0909, 0xb2010909, 0x140c0913, 0x3c83709c, 0x85053a4a, 0x890f8305, 0x089f5113, 0x2205f342, 0x4259002c, 
    0x15201c35, 0x4f08a84f, 0x17330787, 0x22070607, 0x16171523, 0x26230607, 0x2326012f, 0x82010f22, 0x26272511, 0x2235013f, 0x37211184, 0x050e7736, 
    0x67422282, 0x050c4b19, 0x2a080585, 0x04033c77, 0x051f0202, 0x10040414, 0x05031907, 0x07190305, 0x14040410, 0x02021f05, 0x143c0304, 0x3b160804, 
    0x163b2e2e, 0x42140408, 0x50231993, 0x88110b0c, 0x87250854, 0x3f010111, 0x010a1557, 0x05470f01, 0x010f4705, 0x57150a01, 0x1101013f, 0x04141608, 
    0x110d0d11, 0x08161404, 0x35008200, 0xfffeff04, 0x01c401c0, 0x000c00c0, 0x002b001e, 0x05000059, 0xe2820627, 0x33161726, 0x27363732, 0x2005596e, 
    0x082b4734, 0x82331621, 0x161721ed, 0x362c1d82, 0x1527013f, 0x2f262737, 0x06072201, 0x32251487, 0x1415013f, 0x8503821f, 0x013d253e, 0x35012f34, 
    0x37212e83, 0x084c8336, 0x0575bd3d, 0x75080706, 0x04050805, 0xd2fe070b, 0x0e0e0e14, 0x0e14140d, 0x0d01010d, 0x1f2f140d, 0x0d060703, 0x07180404, 
    0x4dda3516, 0x1c182f1e, 0x2f0c1717, 0x0c040405, 0x0a130707, 0x44570923, 0x1337053e, 0x0c09462d, 0x020b0b0d, 0xac260701, 0x03040606, 0x080307ab, 
    0x8887010e, 0x0e250849, 0x0e0d1414, 0x0b0e7cfd, 0x0101040a, 0x01355817, 0x0125674f, 0x190e0e01, 0x0c0c0c5e, 0x46120307, 0x560a0d38, 0x05724253, 
    0x131a5325, 0x835e5e2d, 0x2053834b, 0x68fc8200, 0x032f080b, 0x2c001800, 0x48003c00, 0x33370000, 0x4c250727, 0x0629145c, 0x012f2223, 0x27060723, 
    0x07ff6d26, 0x23170724, 0xce732726, 0x05374605, 0x15233522, 0x2508206c, 0x15152aab, 0x03685501, 0x06ed2f13, 0x0a070e05, 0x150b0a52, 0x08480712, 
    0x04820e0e, 0x386d1227, 0x16020216, 0x07c34338, 0xa74c2020, 0x2aa82808, 0x1201f82a, 0x68fe1b12, 0x01350842, 0x12121b40, 0x02c2fe01, 0x1213130d, 
    0x90150b08, 0x15900c0c, 0x06c6440c, 0x2206525f, 0x66016090, 0xe78206d6, 0xf5ff042f, 0x0002bbff, 0x1200c501, 0x42002700, 0x3bf91800, 0x1806201c, 
    0x210a20f9, 0xf9182726, 0x14200850, 0x2305b361, 0x36373233, 0x24066e4f, 0x013f3207, 0xdb521836, 0x16172108, 0x0f2e0d85, 0x17372601, 0x0f131d01, 
    0x1212100d, 0xfa180d10, 0x3c270701, 0x100c1012, 0x18010134, 0x28223af9, 0x220811ff, 0x10430f05, 0x0b3e790e, 0x3512072b, 0x01351d1d, 0x130f0c0a, 
    0x30fa180f, 0x834b200b, 0x432c2e10, 0x12102c43, 0x271b0609, 0x3b592c26, 0x3b12834a, 0x36303023, 0x23303136, 0x0508130f, 0x423a3a29, 0x2a393942, 
    0x13550f8e, 0x0c092a0a, 0x2b0a327a, 0x05011054, 0x00065757, 0x00140000, 0x0807e36c, 0x23001127, 0x3e002c00, 0x59004700, 0x74006200, 0x98008600, 
    0xb300aa00, 0xce00c500, 0xe900e000, 0x0401fb00, 0x1f011601, 0x06176100, 0x210af562, 0x0b69011f, 0x36172810, 0x06272637, 0x64171607, 0x1684116c, 
    0xf3721e83, 0x20478a05, 0x5f1a8717, 0x856e0639, 0x5e228307, 0x118b0598, 0x20116e69, 0xcc711833, 0x206b8810, 0x21a19807, 0x3598011f, 0xd7878692, 
    0x2720359a, 0x2008ba46, 0x06a67701, 0xbb632020, 0x0f40210f, 0x21055f4b, 0x1998600f, 0x19a9e020, 0x2a8fa020, 0x90112c64, 0x64818822, 0x19a21057, 
    0x4d999b99, 0x4709a74a, 0xa020079e, 0x230c1979, 0x101b1212, 0x20070147, 0x20199890, 0x90199810, 0x8f5e9033, 0x880f8f3a, 0x98b0207e, 0xa2649019, 
    0x383399b2, 0x00000600, 0x0002c0ff, 0x1100c201, 0x37002500, 0x82006800, 0x00009c00, 0x109d5f37, 0xf4180720, 0xde1909e0, 0xc35f089c, 0x26012111, 
    0x20063c7d, 0x06c54b06, 0x16173627, 0x06071617, 0x0502560f, 0x53056169, 0x362b05f8, 0x26273637, 0x17320727, 0x49151631, 0x2621058d, 0x201f8227, 
    0x240b8307, 0x33363734, 0xbb561837, 0x16172109, 0x08c65318, 0x33822620, 0x0a0da026, 0x0d0a0909, 0x20055946, 0x058b7249, 0x06864020, 0xec5f3720, 
    0x3832080d, 0x20203031, 0x0a0a0206, 0x06051a0f, 0x372e2120, 0x0a0a1d1c, 0x0f0f1121, 0x08080b17, 0x0f0b0a01, 0x051d1d2b, 0x2301043d, 0x11303b23, 
    0x16020c0b, 0xd0180216, 0x0b8307ee, 0x110b0c2e, 0x0c0c0d9e, 0x04040506, 0x1515240c, 0x27051847, 0x341f1e01, 0x0d090980, 0x8205294b, 0x72292005, 
    0x402005e0, 0x3f470686, 0x08218306, 0x010a0a31, 0x11110e7a, 0x0f342728, 0x1b020a09, 0x011c1c2c, 0x372b2c05, 0x0d12222d, 0x05111118, 0x0c090902, 
    0x0209090f, 0x2c1e1e08, 0x313e583f, 0x82821131, 0x02162671, 0x19251602, 0xaf681819, 0x20978208, 0x838083c5, 0x22122288, 0x060c7e23, 0x32333e23, 
    0x06974b1a, 0x8002bf2c, 0x4500c201, 0x00008b00, 0x04481637, 0x27262208, 0x05624137, 0x010f2622, 0x2729098b, 0x07262726, 0x06010f06, 0x202b8315, 
    0x21238633, 0x01820607, 0x21077a49, 0x58182325, 0x52830a34, 0x07141524, 0x37822306, 0x07243983, 0x17161706, 0x23059146, 0x013f1617, 0x7b85098b, 
    0x77013f21, 0xc83205bf, 0x0b050b1b, 0x060c0d0c, 0x2f120405, 0x06060d50, 0x0e820403, 0x7c516321, 0x0c230578, 0x8216640b, 0x0c0d3719, 0x54060c0c, 
    0x1f1e010f, 0x1d32642d, 0x0b020308, 0x080d0c0c, 0x6149150c, 0x4d012105, 0x56a01492, 0x04040522, 0xd022568a, 0x82831a01, 0x2f228a83, 0x82831710, 
    0x1d258a83, 0x0c0d0946, 0x218a830b, 0x82833156, 0xbc283383, 0x1f2d2521, 0x2905011e, 0x07208283, 0x11218a82, 0x05eb4901, 0x12897020, 0x0101122b, 
    0x11110b0b, 0x19010b0b, 0x84be820d, 0x16112555, 0x0d0b0c04, 0x1c215583, 0x82558d45, 0xbc0c2221, 0x36558420, 0x04000000, 0xc1ff0000, 0xc1010002, 
    0x2c001200, 0x7a003f00, 0x4a370000, 0xde4205d6, 0x013f2605, 0x27363536, 0x08f66a37, 0x220f1543, 0x8e273425, 0x0727222e, 0xf7631836, 0x1417210b, 
    0x42077543, 0x15210507, 0x0c794306, 0x17231d82, 0x85363732, 0xc0273101, 0x0a0c0d0a, 0x0a09098a, 0x890a0d0c, 0x08090109, 0x0243eb85, 0x3701270f, 
    0x0d0d0a09, 0x2882280a, 0x21082f82, 0x6001092a, 0x27101101, 0x264c4226, 0x010c0c26, 0x1a0e090a, 0x1f1e0605, 0x1819282c, 0x12020b0b, 0x5b430812, 
    0x090a2906, 0x1819040d, 0x2c07191a, 0x812f1682, 0x0a8a0808, 0x09080e0d, 0x0c0a8a09, 0x414f0b0c, 0xe74205dc, 0x0dd1250f, 0x2b09090a, 0x25088e83, 
    0x0a290909, 0x291fd30e, 0x021f2029, 0x27252403, 0x090e0726, 0x2a1c0209, 0x01011b1c, 0x1c1c1414, 0x1c1c2b17, 0x42431107, 0x0d210808, 0x08010909, 
    0x31181808, 0x122d2c31, 0x03000000, 0xc0ffffff, 0xc0010002, 0x49003b00, 0x00007a00, 0x20418225, 0x05cb6706, 0x3b161727, 0x06171601, 0x05e14207, 
    0xc0570b99, 0x782f2007, 0xf842056e, 0x011f2705, 0x010f0625, 0x3c832627, 0x16011f26, 0x012f0607, 0x072a0b8c, 0x1f060706, 0x16171602, 0x3f861517, 
    0x6c4b0134, 0x14040816, 0x0613c72f, 0x0b070701, 0x01010780, 0x0b859f07, 0x0b83a020, 0x178a7f20, 0x0b855f20, 0x33d02308, 0x01012222, 0x86261717, 
    0x09080a09, 0x13071510, 0x0305060c, 0x1622010f, 0x073c0202, 0x06060b13, 0x4b822703, 0x832f0321, 0x03062718, 0x0806012c, 0x17852202, 0x304a2237, 
    0x1d011d1d, 0x03011111, 0x0421ce16, 0x11081614, 0x080c1201, 0x202e8209, 0x39089701, 0x20332222, 0x0e201f29, 0x0502043e, 0x02011242, 0x310b0909, 
    0x32160223, 0x0a8212be, 0x077a0c26, 0x97070103, 0x0b270a83, 0x0203078a, 0x84136a07, 0x176c2e21, 0x33282811, 0x1c1c101c, 0x01167123, 0x30008200, 
    0xfff9ff04, 0x018702b9, 0x001e00c7, 0x003f0037, 0x0b9b4f50, 0x04461620, 0x06072205, 0x40891807, 0x2635240b, 0x6e333227, 0x14210555, 0xede01807, 
    0x36012d09, 0x07060137, 0x37262531, 0x22313005, 0x08a97918, 0x21973125, 0x18332b2a, 0x2009bae0, 0xebe0180b, 0xfeab3024, 0x01100cad, 0xfe1c186b, 
    0x01030498, 0x87040528, 0xece01840, 0x01c13436, 0xfe151509, 0xc9080de2, 0x01e80a0a, 0x22221717, 0x821c2322, 0x010021fe, 0x08474818, 0x00004625, 
    0x82061101, 0x053145eb, 0x3507062b, 0x17163736, 0x37321716, 0x20118535, 0x211b8322, 0x6c181107, 0x617f0850, 0x37362108, 0x33200182, 0x09822b85, 
    0xc001372f, 0x141f0c0e, 0x1e2d1614, 0x151e2d1e, 0x25048215, 0x1b1c2d1e, 0x0f831c1b, 0x11121725, 0x46161310, 0x69460590, 0x13162505, 0x17121110, 
    0x16371b83, 0x0b1f1414, 0xfe90010f, 0x0c0405b0, 0x0e020506, 0x0701020e, 0x83010740, 0xd0092208, 0x28068309, 0x08060505, 0x0ecdfe05, 0x21008209, 
    0xf451010e, 0x050e2406, 0x84050608, 0x0605262e, 0x0005040c, 0x3bd38206, 0x018002fe, 0x00080081, 0x00340011, 0x0065005c, 0x3500006e, 0x36373233, 
    0x1123013d, 0x0630d682, 0x36272607, 0x0f220137, 0x14313001, 0x14150631, 0x1625e882, 0x30313037, 0x10c71831, 0x26352808, 0x0f232627, 0x82270602, 
    0x36372407, 0x8323013f, 0x331523ff, 0xed821617, 0x7e6a0483, 0x013f2705, 0x2f262736, 0x41833701, 0x11013b24, 0x57831723, 0x06171624, 0xa3824007, 
    0x4a306021, 0x440807ac, 0x090d2d01, 0x0a0b0d62, 0x500e1010, 0x09080b0c, 0x0404921b, 0x2c28281f, 0x181e0e08, 0x14151d1c, 0x52160101, 0x28282c06, 
    0x155b121f, 0x1212191a, 0x0a0f0f0c, 0x0c0b0520, 0x080a090d, 0x950a0201, 0x0d0909d1, 0x264e8941, 0x0e090940, 0x5b00ffe0, 0x012d084e, 0x015a0800, 
    0x0d0f100c, 0x0b01020a, 0x9c6f1949, 0x9901260b, 0x0201141c, 0x3c648315, 0x1f10114b, 0x021052e0, 0x09101503, 0x260c0102, 0x01010804, 0x0d0b0b0b, 
    0x597a090c, 0x22ad82e0, 0x4ae00001, 0x8f600745, 0x00022b06, 0x2c00c001, 0x00004700, 0xaf452601, 0x27262106, 0x31220183, 0x018c0706, 0x18111521, 
    0x240bfa44, 0x22230607, 0x05da732f, 0x83373621, 0x831c8301, 0x07152303, 0xa582ee01, 0x1f202e08, 0x0e05043b, 0x0f0f1211, 0x050e1112, 0x34070804, 
    0x0f0f1d1c, 0x0d01120b, 0xa001140e, 0x010d0e14, 0x1916bf12, 0x0d911619, 0x05501f20, 0x33a58206, 0x060b0e0c, 0x1f204f05, 0x1d01910e, 0x170c0c09, 
    0x04032b17, 0xbf84ba82, 0x0603042d, 0x14152605, 0x0f090b0c, 0x50f9fe17, 0x013e072c, 0xcd0f1708, 0x2e711010, 0x3a17180b, 0x01010404, 0x09090808, 
    0x173a0404, 0x712e0b18, 0x3f790000, 0x26df8306, 0x00260014, 0x823e0035, 0x625020e5, 0x98180c6f, 0x0720098f, 0x103c7e18, 0x26231323, 0x20d88327, 
    0x2bd58333, 0x23130706, 0x37363315, 0x15272635, 0x01230890, 0x77e0fe80, 0x202008d1, 0xd84a0987, 0xc0602110, 0x0d9f6b19, 0x82101021, 0x8b0f200f, 
    0xc0012605, 0x1b121201, 0x427c18fe, 0x05717008, 0x23102f4d, 0x0f0100ff, 0x82073869, 0x60402742, 0x0f400f01, 0x068c8001, 0x00820020, 0x78000621, 
    0xff8309d3, 0x4b004024, 0xff965600, 0xff9f0520, 0x46183720, 0x352014d3, 0xd7781589, 0x102d4c16, 0x210e0641, 0x441880e0, 0x09930899, 0x4e15da78, 
    0x12411017, 0x11825e0d, 0x00201188, 0x03210082, 0x05574c00, 0x1a00c026, 0x3a002c00, 0x411dfb53, 0x11201017, 0x530c1642, 0xea7b19dc, 0x14142f0c, 
    0x0d37511f, 0x40241c1b, 0x0d1b1c24, 0xc2535137, 0x18802019, 0x2d0faa63, 0x3602c0fe, 0x01131420, 0x20141301, 0x56180236, 0xd7420d17, 0x41402005, 
    0xd34216d3, 0xbd481820, 0x4e46180a, 0x1fc34215, 0x0f603025, 0x840f0101, 0x06265f04, 0x825b6020, 0x83a02008, 0x10584f09, 0x200da841, 0x0c974101, 
    0xaf420720, 0x000c2108, 0x07efa618, 0x5c004d22, 0x1522dd87, 0x837b3521, 0x73651905, 0x21112208, 0x6a071911, 0x18152015, 0x20097ca1, 0x10c04127, 
    0xd1430720, 0x41232006, 0x022305c8, 0x8320fe10, 0x400227aa, 0x140e0d01, 0xa818f0fd, 0xfd2309bf, 0x427001c0, 0x13891393, 0x43087b53, 0x402107f4, 
    0x21ff8480, 0x1664c00f, 0x059b6605, 0x83101021, 0x70fe2114, 0x23081a41, 0xf0d0fe30, 0x41102561, 0xef43080a, 0x83a02010, 0x20508292, 0x3a40830f, 
    0x03000000, 0xc1ff1000, 0xc0013001, 0x29001200, 0x00004100, 0x27263537, 0x18150706, 0x22083f9a, 0x83272637, 0x05b34e12, 0x17231685, 0x82363736, 
    0x26072316, 0xf6833127, 0x0e823520, 0x17323324, 0x84681716, 0x83b02006, 0x021e218e, 0x64836883, 0x601e022c, 0x2f1f2001, 0x0121202f, 0x015d011f, 
    0x1f012607, 0x16172270, 0x54118201, 0x1f270642, 0x17160101, 0x83d37d22, 0x0cd3249a, 0x820e1421, 0x21142400, 0x58a72c0c, 0xa72d077f, 0x283d3425, 
    0x29010129, 0x25343d28, 0x232c82a9, 0xc0182821, 0x2305af57, 0x212818c0, 0xcb404c82, 0x83a3208f, 0xcca320cb, 0x010f21cb, 0x223d9741, 0x4101010e, 
    0x73203698, 0x7320cc83, 0x6742ccb6, 0x20cff918, 0x20cf8333, 0x27cfc333, 0x002e0016, 0x25000040, 0x20097f5b, 0xba6c1806, 0x27262108, 0x20172443, 
    0xfe4c1835, 0x10012110, 0x43282643, 0x078707fc, 0x2543a920, 0x10df7e2a, 0x0800002a, 0xe0ff0000, 0xa0010002, 0x0863a018, 0x6b005926, 0xa8007d00, 
    0x1f53d582, 0x11315310, 0x07201191, 0x11f65618, 0x33204790, 0x100d4218, 0x28116553, 0x0f26012f, 0x26272601, 0x2b9c1807, 0x3411270c, 0x32333637, 
    0x9f51011f, 0x051a5b05, 0x0ebec919, 0x1d538020, 0xc166180b, 0x4cc0200c, 0x0e20074a, 0x42182282, 0x338b0d29, 0x2608198c, 0x0c0b0b05, 0x20201b06, 
    0x2a1f101d, 0x0116212b, 0x010f200f, 0x0f0f0a0b, 0x020f110a, 0x09071402, 0x0b0c0b09, 0x180a0aa9, 0x5e0c8358, 0x6783088e, 0xd518198d, 0x8e8b0c12, 
    0x60180b8b, 0x27080c65, 0x09090be5, 0x02021407, 0x271d110f, 0xbafe251e, 0x0f01010f, 0x0a0f4c01, 0x1d100b0b, 0x061b2020, 0x0a0b0b0c, 0x0c0ba90a, 
    0x270cbf5e, 0x00410016, 0x17163700, 0x7606066e, 0x362f0748, 0x15213537, 0x36352125, 0x011f3637, 0x41061706, 0x2f26053f, 0x26072601, 0xe5452707, 
    0x73232006, 0x20220a9a, 0xf0841f01, 0x84000121, 0x011f2e06, 0xd00140fe, 0x070170fe, 0x0b0d0708, 0x21fb8417, 0x89820a69, 0x2a1d0c25, 0x8220170e, 
    0x05647665, 0x83e00121, 0x2c4021a4, 0x2105af62, 0x0d830f0f, 0x2c1b292d, 0xb3802020, 0x06040308, 0x841d2a0e, 0x0b6922b4, 0x29db820c, 0x160d0b17, 
    0x15160101, 0x6384b321, 0x97680484, 0x002a280c, 0x00560044, 0x7a00007a, 0x31200527, 0x20056143, 0x20af8226, 0xd8571826, 0x07142208, 0x46018206, 
    0x1983059a, 0x07261122, 0x16222786, 0x535a1617, 0x36372205, 0x20198237, 0x05b86d07, 0x18072e5f, 0x2008486d, 0x07955527, 0x47333021, 0x198305cd, 
    0x07065908, 0x31303132, 0x37361716, 0x33323fe0, 0x01011e1d, 0x053c2525, 0x16162402, 0x4b313202, 0x0232314b, 0x02241616, 0x25253c05, 0x1d1e0101, 
    0x1a3f3233, 0x01011312, 0x04070706, 0x0f0f0c0c, 0x07040c0c, 0x01010607, 0x181a1213, 0x01010f10, 0x17171010, 0x01011010, 0x9018100f, 0x25080c64, 
    0x011a0633, 0xa87a0224, 0x24022807, 0x33061a01, 0x85c00102, 0x3746294e, 0x19211b36, 0x2f262619, 0x2907fd7a, 0x1926262f, 0x361b2119, 0x90854637, 
    0x01c8fe38, 0x1b1a090a, 0x0e182929, 0x04050504, 0x2929180e, 0x0a091a1b, 0x8a182001, 0x38240f6d, 0x0228293d, 0x45257583, 0x1c0f142a, 0x07065c30, 
    0x0f1c3025, 0x6f452a14, 0x0228084b, 0x00a00100, 0x00290015, 0x16235818, 0xc9430520, 0x2c401808, 0x21232107, 0x1559bf18, 0x18a0fe21, 0x210d3669, 
    0x804bc0fe, 0x0c1d4315, 0x01208783, 0x27058f44, 0x13002000, 0x34310000, 0x11630b19, 0x0e090922, 0x2107547b, 0x461840fe, 0x6d85081b, 0x230c934b, 
    0x0032001c, 0x0124da82, 0x15070623, 0x0b2a4f19, 0x06070625, 0x4d352307, 0x05200583, 0x6609a776, 0x17200a31, 0x09006518, 0x06072236, 0x16171415, 
    0xe0b00133, 0x0140010f, 0xe0221716, 0x01161722, 0x704d0883, 0x50fe2605, 0x1b121201, 0x0b711801, 0x84ff2008, 0x78602009, 0x06860683, 0x01800124, 
    0xa376100f, 0x22418408, 0x820f0140, 0x08a14d51, 0x4a853685, 0x20101341, 0x05134102, 0x00a00125, 0x412f0015, 0xfe18189b, 0x5d4a19f2, 0x88fe2008, 
    0x80012b6f, 0x2f2feffe, 0x10110e0e, 0xfe18302f, 0xa9410fc5, 0x91b02015, 0x21408528, 0x074d0000, 0x00043509, 0x007a006d, 0x35333700, 0x33251523, 
    0x27263736, 0x27263523, 0x06220585, 0x0c831507, 0x0621068a, 0x180c8307, 0x690c21b0, 0xb55705e4, 0x0cff6105, 0x2009d56a, 0x24461836, 0x82608608, 
    0x08265f45, 0xc0a0152c, 0x302001c0, 0x0f01010f, 0xeb5a0130, 0x6c402007, 0x1024084e, 0x0112121b, 0x058b1d85, 0xb04129a3, 0x0f012805, 0x60010fe0, 
    0x83b0c0c0, 0x944dba52, 0x83c020a1, 0x825f82b6, 0x01002a64, 0xe0ff1000, 0xa401e001, 0x0dbe1800, 0x36372310, 0x03573637, 0x05c74406, 0x0f636018, 
    0x82054251, 0x1e32083c, 0x3f32321e, 0x020b3c4a, 0x0d080801, 0x352b0b0c, 0x022d2d44, 0x442d2d02, 0x0c2d2c39, 0x92120706, 0x10010211, 0x3e300e0f, 
    0x32323f54, 0xc0011e1e, 0x0683333e, 0x082c012a, 0x0a0b0d0d, 0x20080202, 0x34832c83, 0x2d240131, 0x01100f0e, 0x13921102, 0x300c0606, 0x82010236, 
    0x3e33245b, 0x82020000, 0x01dc22a7, 0x26a782f0, 0x00460022, 0x46070100, 0x06210546, 0x83848217, 0x220382a8, 0x83071716, 0x0571430e, 0x010f2624, 
    0x12520726, 0x27262606, 0x26273637, 0x05714627, 0x183f1621, 0x8207149a, 0xc2012c12, 0x48553c31, 0x04173738, 0x820d0506, 0x11042cb9, 0x3a332727, 
    0x060b2d2a, 0x85931206, 0x86d083b4, 0x0c2c2116, 0x31221689, 0x3782543c, 0x37831820, 0x83980121, 0x061e19a7, 0x2501260e, 0x0f0f0e2c, 0x20c88602, 
    0x232783fa, 0x011c1d30, 0x3788168d, 0x00030c22, 0x0cbb4f18, 0x42002624, 0x1e440000, 0x1827200b, 0x29191ce6, 0x07262725, 0x23150706, 0x187c0722, 
    0x19152007, 0x20089306, 0x06974860, 0x9645068e, 0x99012607, 0x0e0e0c90, 0x06c94801, 0x0e018027, 0x07900c0e, 0x08f26607, 0x7b010e21, 0xcf6509e0, 
    0x88f12609, 0x0f07060b, 0x066b6948, 0x070f472a, 0x07880a06, 0x00070a0a, 0x0a3f4f18, 0xbf831b20, 0x3720989b, 0x9f54ae83, 0x17322805, 0x14111516, 
    0x182b0607, 0x2112bbe4, 0xa0935901, 0xce8e4720, 0x20059445, 0x20d58740, 0x20a08cd1, 0x20a08248, 0x20a0840b, 0x08fb48cf, 0xd78dff20, 0x2805ce7d, 
    0x00010000, 0x01e0ff20, 0x335319f0, 0x011d2a0a, 0x22230706, 0x34352627, 0x058e713f, 0x2108754b, 0xb7833736, 0x09df4318, 0x31075454, 0x01333637, 
    0x08080bd5, 0x0c921102, 0x2d080807, 0x0b433a2b, 0x14222507, 0x0d0f0d14, 0x0323ab82, 0x43342e2e, 0x1e390600, 0x3e33321e, 0x09303e54, 0x08a0010a, 
    0x12920c07, 0x0b080801, 0x242d090a, 0x08104301, 0x09080824, 0xb982010b, 0x15151b23, 0x050c4301, 0x02233b85, 0x18083036, 0x3408ff4a, 0x00c10100, 
    0x004d003b, 0x006e005c, 0x37362500, 0x27262726, 0x20068723, 0x220d8335, 0x76160722, 0x80480523, 0x85232005, 0x22058506, 0x48211716, 0x9e1807d2, 
    0x3a66090b, 0x084e6108, 0x33372625, 0x6a270716, 0x142c0c2b, 0x01230607, 0x01011cc3, 0x0e1f1414, 0x20089f82, 0x061b1212, 0x1b1b0106, 0x0f070829, 
    0x22171601, 0x12121b10, 0x0e150101, 0x0114141f, 0x111b1c01, 0x21298410, 0x0f847001, 0x1b111024, 0xbb41fdfe, 0x2d058505, 0x1c1c0ba0, 0x1c1d1d1d, 
    0xb0090209, 0x1e4b0109, 0x154f220c, 0x08338324, 0x1b1f1222, 0x0f011112, 0x1b1b2912, 0x19150201, 0x01161722, 0x1a121201, 0x1502121e, 0x15241f14, 
    0x1b141305, 0x8e825a84, 0x13141b24, 0xf1417105, 0x2d608208, 0x0f0f168b, 0x0f0f0101, 0x02020916, 0x60184b09, 0x47410cb8, 0x02e02c06, 0x00a00140, 
    0x00260014, 0x5251003c, 0x052016a3, 0x240c5b67, 0x33363736, 0x8d0c1905, 0x010f2113, 0x20053869, 0x055f6826, 0x21171629, 0x27263736, 0x51fe1002, 
    0x0d23056f, 0x8801140e, 0xcffe2109, 0x2108fe85, 0x01090a0d, 0x010d0909, 0xfe09050f, 0x04040ae0, 0x08054605, 0x3f160508, 0x05090904, 0x2604056a, 
    0xdb83b0fe, 0x1616022d, 0x22220102, 0x16500133, 0x51160202, 0xff2005b0, 0x08fead18, 0x09840120, 0x340cd947, 0x080908d8, 0x07076008, 0x07075e1e, 
    0x780908a0, 0x1f141401, 0x253b83f0, 0x222233f0, 0x4e820201, 0x0021fe82, 0x679d1902, 0x000d2208, 0x19fb821b, 0x25082443, 0x3727010f, 0x7a180717, 
    0x3f33087a, 0x6b011701, 0x131a1a13, 0x31121228, 0xe93b3182, 0x19781610, 0x2408579d, 0x1212ad01, 0x821c8328, 0xe9c92d19, 0x04230710, 0x780e090b, 
    0x82ea0f16, 0xfe2a5f82, 0xff01beff, 0x0d00bf01, 0x5f822800, 0x31151623, 0x295a8314, 0x1f323336, 0x0f260701, 0x8e660601, 0x276c8b08, 0x12ed0127, 
    0x34823412, 0xfd3c7184, 0x10671110, 0x660e0e11, 0x161d1d16, 0x664abc8f, 0x09090d19, 0x4a150502, 0x85010e9a, 0x28822183, 0x38388082, 0x0f650e0e, 
    0x6611100f, 0xbd8f1515, 0x02051549, 0x190d080a, 0x0d9b4966, 0x012de783, 0xc0ff1c00, 0xc0012401, 0x00001a00, 0x05155825, 0x36372624, 0xf14d3337, 
    0x16173505, 0x16331115, 0x01071617, 0x0a08681a, 0x0a68080a, 0x490e0706, 0x25052c42, 0x06070f48, 0x8018380a, 0x84440895, 0xc0fe2706, 0x0b0f0d01, 
    0x5c820100, 0x00023c26, 0x1b004401, 0xf56e5782, 0x06153105, 0x012f0607, 0x3f343526, 0x16173601, 0x32211517, 0x02215e82, 0x854d8200, 0x234a8c34, 
    0x09090ec0, 0x778d6184, 0x5b8a5682, 0x5b821820, 0x27060724, 0x86183d26, 0x03190867, 0x70240b81, 0xfe0e0f0b, 0x03234783, 0x8340011d, 0x08702395, 
    0xc186ae08, 0x1d0e0a23, 0x205e8902, 0x41538200, 0x01230a07, 0x5b230706, 0xd5180943, 0x01240cce, 0x480e071d, 0x4930ff85, 0x0a05070f, 0x0a0a0768, 
    0x070b6808, 0x010d2e01, 0x1b826b84, 0x80826c88, 0xff27af86, 0x01bf01e1, 0x824600a0, 0x056377af, 0x013f262c, 0x16170727, 0x012b0607, 0xcd532726, 
    0x011f2305, 0xcc832737, 0x2d077968, 0x14313007, 0x3717010f, 0x36372627, 0xd37a3337, 0x2f2a0805, 0x37170701, 0x15161736, 0x1502bf01, 0x07091587, 
    0x47481e0e, 0x09070e1e, 0x02158815, 0x06051301, 0x471e0a0d, 0x13101e47, 0x1f840113, 0x09010423, 0x830f821d, 0x16872e20, 0x12130101, 0x48481e10, 
    0x15130f1e, 0x240e8381, 0x1e101312, 0x842d8445, 0x0903212c, 0x2b823b83, 0x84871621, 0x0d05234c, 0x4c8b1f0a, 0x47216c82, 0x216c8248, 0x7b4a130b, 
    0x80012d06, 0x1d00c001, 0x3a002f00, 0x23010000, 0x5e051449, 0x072005fe, 0x830a6c5a, 0x44232017, 0x34240c26, 0x17333637, 0x2b097958, 0x0a365001, 
    0x20201818, 0x360a1818, 0x69086355, 0x90200828, 0x200b1245, 0x5a521850, 0x050f700a, 0x1c121122, 0x83093f7c, 0x60012109, 0xcf444383, 0x08da760b, 
    0x220cab4f, 0x513e0025, 0x0e19066b, 0x132020a4, 0x4c05945f, 0x32200693, 0x2505555c, 0x27263537, 0x9c828001, 0x60e0fe22, 0x6022a285, 0x996d121b, 
    0x20012105, 0x28050679, 0x1588680e, 0x2a0e0709, 0x05bd63ca, 0x1029c928, 0x02011313, 0x9c828016, 0x1bf5ec18, 0x13014026, 0xc9291013, 0x3b057564, 
    0x070e2aca, 0x16881509, 0x02000002, 0xbcff0000, 0xc4010002, 0x35001a00, 0x21130000, 0x6908d848, 0x152105ae, 0x07364d21, 0x82210521, 0x0f26229c, 
    0x051e7901, 0x37363723, 0x08384e35, 0x9d422020, 0x0ab3420b, 0x8343c020, 0x21a78212, 0x84432001, 0x480f2d0d, 0x0d0d0909, 0x49c00a0a, 0x0904070f, 
    0x83089b43, 0x0e0e2316, 0xa3840909, 0xa384c020, 0x4a002522, 0x47065f41, 0x918b0568, 0x83323321, 0x36332193, 0x34300582, 0x25232627, 0x17161733, 
    0x3f323316, 0x34353601, 0x1721cb85, 0x6e481823, 0x202a8207, 0x21288335, 0x5f82e001, 0x1b1b0137, 0x0d01a029, 0x08500c0e, 0x09075008, 0x010d0505, 
    0x2d2d44a0, 0x31a98202, 0x019fc0fe, 0x04050d01, 0x09500709, 0x0e0c5008, 0x1a88010e, 0xc0203886, 0x29372582, 0x28011b1b, 0x0905070f, 0x0b0b0748, 
    0x02064807, 0x02280f07, 0x82442d2d, 0x82802022, 0x06022417, 0x820c0748, 0x05092217, 0x86178808, 0x83002035, 0x200029db, 0x60018002, 0x37002500, 
    0x0948db82, 0xd75c1808, 0x8237200c, 0x181720ca, 0x1809b66b, 0x2a1111ce, 0x2a0ddd01, 0x2b3b3b2b, 0x42830c2b, 0x83220537, 0x0f832b0c, 0x870d2a21, 
    0x189d200f, 0x280f7448, 0x242338a0, 0x23240101, 0x05d64238, 0x23243826, 0x24230101, 0x30200d86, 0x0f764818, 0xc7510020, 0x003b2c0c, 0x00510048, 
    0x3700005f, 0x60373633, 0x8f65052e, 0x82272006, 0x821520b7, 0x2c7818ad, 0x82342008, 0x2635221f, 0x0ddf5127, 0x17252082, 0x37362735, 0x06105434, 
    0x11171622, 0x08b8ab18, 0x31072223, 0x85418206, 0x57d0231c, 0x65191409, 0x57250d28, 0x0d162838, 0x229e870d, 0x8d160d0d, 0x1a05240d, 0x1880261b, 
    0x210975c4, 0xc6700216, 0x20012405, 0x8307070a, 0x0707240a, 0x8215d10a, 0x17012b3f, 0x16232117, 0x0e0d0117, 0x63901f16, 0x0c9bab18, 0x1313192b, 
    0x1818260a, 0x01880101, 0x82448217, 0x01172340, 0x56859ffe, 0xd1021622, 0x19840f84, 0x4f040021, 0x390808db, 0x00070003, 0x0013000b, 0x17230100, 
    0x07271737, 0x33072533, 0x33161327, 0x21013f32, 0xf67b0117, 0x6b857b7b, 0x6bfede73, 0x8973de6b, 0x05070705, 0xf302fef3, 0x9797a001, 0x00838da0, 
    0x0558fe25, 0x82fbfb05, 0x264f823c, 0x014002c0, 0x823100c0, 0x1633220c, 0x05af4517, 0xf6480720, 0x37362505, 0x35333736, 0x29077e41, 0x06071415, 
    0x26272223, 0x3e72013d, 0x60012108, 0x6e08775e, 0xe0210910, 0x06bb7602, 0x4105f541, 0x002108e6, 0x609f1801, 0x202e8315, 0x05524230, 0x79183020, 
    0x002208bc, 0x48190000, 0x1b260907, 0x00002d00, 0x27602617, 0x0b0e4206, 0x92840620, 0x18373121, 0x3910434a, 0x27281ba8, 0x02021e1e, 0x52523636, 
    0x02023636, 0x27271f1e, 0x0e0e0a1b, 0x466a180a, 0x2133210f, 0x0cae1519, 0x3b3b2d28, 0x0c213837, 0xbe6bf30c, 0x2c8f820f, 0x01c0ff10, 0x00c00170, 
    0x00540026, 0x26738500, 0x36272623, 0x8b353337, 0x4ea88206, 0xa71805d5, 0x502537ae, 0x0f01010f, 0x18058b50, 0x200b9a4e, 0xc0a71898, 0x0f012429, 
    0x8320010f, 0x83212004, 0x4d012004, 0xa7180759, 0x03202ece, 0x08cbca18, 0xf9821420, 0x00002b24, 0xec7c2301, 0x36332a08, 0x11373637, 0x27262726, 
    0x10514c03, 0x23111326, 0x30013311, 0x8808a360, 0x47702008, 0x70220b1a, 0x7f60e0e0, 0x18fe2015, 0x250c796e, 0xc0fea001, 0x83414001, 0x0014220a, 
    0x16db4b1f, 0x07060322, 0x22058e41, 0x18011716, 0x2a145cb9, 0x410f0150, 0x0f01020d, 0x5e010f40, 0xfe2a153e, 0x01011041, 0x02010f0f, 0x0082000d, 
    0x03820720, 0x40020034, 0x14008001, 0x32002a00, 0x41003a00, 0x5a004800, 0xdf480000, 0x18401906, 0x1625250d, 0x17163117, 0x200a1e54, 0x20268236, 
    0x05e46221, 0xd3181520, 0xe159177e, 0x01fc3010, 0x02121013, 0x02021204, 0x01133012, 0x82041301, 0x420420aa, 0xc47107b9, 0x80fe270b, 0x1b121201, 
    0x1b834040, 0xd3184020, 0x0d5d0c91, 0x20078707, 0x224783f0, 0x83130144, 0x01132553, 0x90100430, 0xff213983, 0x08fd4700, 0xc6430984, 0xa1d31805, 
    0x01102113, 0x87061876, 0x82002007, 0xff023900, 0x02bafff9, 0x00c30187, 0x002d0010, 0x26272500, 0x1f06010f, 0x32171601, 0x2724f582, 0x27050706, 
    0xc918fe83, 0x3508086e, 0x26010706, 0x06072223, 0x37160117, 0x0f012736, 0x6c160f2b, 0x07170416, 0x48495018, 0x1714593b, 0x31a06801, 0x02011b1c, 
    0x0c186516, 0x3511082e, 0xa5fe1b12, 0xa9180807, 0x503909c1, 0x2e081136, 0x1765180c, 0x2f1a1b01, 0x650b0e45, 0x4a493c7d, 0x17071852, 0x25478204, 
    0x20252c0f, 0xa9181001, 0x6b540cae, 0x80012905, 0x1400c001, 0x35002600, 0x60163142, 0xa66020b1, 0x155c4235, 0x6010675f, 0xa2820d9b, 0xff100029, 
    0x01f001c0, 0x821800c1, 0x0706220c, 0x23028331, 0x26272223, 0x36200182, 0x0807eb73, 0xf001172c, 0x38302f03, 0x381c1e39, 0x03303038, 0x09bf1d01, 
    0xc0090a09, 0x4101011d, 0x2c55567f, 0x552b2a2b, 0x0d1f8156, 0x50040450, 0xf74a1e0e, 0x82c12005, 0x0507418f, 0x07412b20, 0x11c34316, 0x11213724, 
    0x8d181121, 0x5d1815de, 0xa0240c49, 0x4001c0fe, 0x2b09c743, 0x12010111, 0x80011b11, 0x0112121b, 0x2b0dc743, 0xfe400160, 0x020000c0, 0xc0ff0000, 
    0xc7438f86, 0x46802023, 0x6f74095e, 0x12012e05, 0x01601b12, 0x020d610f, 0x10600d02, 0x16424401, 0x200cc743, 0x0c7f6306, 0x5c004721, 0x002105b9, 
    0x06614125, 0x55180720, 0x13550bdf, 0x17821805, 0x46112011, 0x37290668, 0x0f262736, 0x26312201, 0x077b5131, 0x5c033121, 0x5e1810b7, 0x509111d7, 
    0x01000222, 0x8b0a727a, 0x0add520b, 0x0e090930, 0x0112121b, 0x083f1101, 0x400b1513, 0x0d840101, 0x1b121222, 0x470c4945, 0x49590643, 0x180d850d, 
    0x5c18ec8e, 0xfe200ce3, 0x2a063663, 0x070b1591, 0x01019213, 0x841b1312, 0x4c302068, 0xb0200b95, 0xa1500c8b, 0x8200200c, 0x82012000, 0x052b4503, 
    0x00002722, 0x20052c41, 0x08544821, 0x25125d48, 0x27262726, 0xc9820135, 0x4d05ba44, 0x11820846, 0x8805e544, 0x84402011, 0x2017828a, 0x072d6250, 
    0x124ca318, 0x26065742, 0x00c001ff, 0x18240011, 0x820f1fe4, 0x05f16c7f, 0x0c0f5418, 0x00012722, 0x210f3e7f, 0x9c4bbf5f, 0x010d2a05, 0x09080ec1, 
    0x452d2d01, 0x08825ba0, 0x2006db48, 0x067d4b20, 0x0e090922, 0xf6842b83, 0x25085f42, 0x0035001b, 0x7d4d3700, 0x011f2609, 0x3f323316, 0x065b5c01, 
    0x2726352a, 0x37363337, 0x37012f36, 0x2305374c, 0x010f2223, 0x0805fd55, 0xd7171620, 0x06081588, 0x094e1e0d, 0x0d0a1709, 0x1e4e0a0c, 0x06060d0a, 
    0x17020113, 0x09158851, 0x188a0e07, 0x3705944d, 0x131301b0, 0x0a4e1e10, 0x170a0d0c, 0x1e4e0909, 0x15090209, 0x20021688, 0x0e26168e, 0x87150907, 
    0xe74c0217, 0x00c02408, 0x8236001c, 0x232622a3, 0x6a7c8431, 0x16210581, 0x20978b17, 0x4bc09201, 0xd0200569, 0x16209a8c, 0x01219989, 0x23be8217, 
    0x4f1f0e08, 0x1022be88, 0xbc821413, 0x9a87a720, 0x998a8382, 0x91190121, 0x204d82a6, 0x05af4402, 0x07734518, 0x39002422, 0x0621a984, 0x05174e07, 
    0x3523a383, 0x18012f34, 0x8212166e, 0x050e7015, 0x07060732, 0x36373617, 0x3536013f, 0x11100a3a, 0x2f060708, 0x072d0682, 0x012e0708, 0x171622b6, 
    0x16170101, 0x076b4a22, 0x170d903b, 0x12162016, 0x243845ca, 0x2c533843, 0x1bcb444f, 0x0b010d33, 0x090a090b, 0x20078740, 0x0fac4c2d, 0x1215fd33, 
    0x930d1c20, 0x382c3f32, 0x2110344e, 0x21169331, 0x20008200, 0x08034208, 0x12000735, 0x25001a00, 0x3a003200, 0x4f004700, 0x27130000, 0x82160706, 
    0x011f24bb, 0x55272637, 0x372105c7, 0x82138234, 0x3dad82a7, 0x15062722, 0x27371716, 0x16072717, 0x32331617, 0x36352637, 0x36011f37, 0x06232637, 
    0xcc833707, 0x36173229, 0x26273435, 0x82140327, 0x08378231, 0x2b55952f, 0x3a16140f, 0xa93d2e2b, 0x0c0b6346, 0x0d2b0207, 0x54304306, 0x34240124, 
    0x01171848, 0x3da93e02, 0x21a93e92, 0x0b312b2c, 0x2c02060b, 0x222e862d, 0x843da955, 0x1111261f, 0x4206901e, 0x082f8231, 0x54150129, 0x01064231, 
    0xa93d0124, 0x1701023e, 0x7c344818, 0x2b0f1416, 0x933a2b55, 0x0b06022b, 0xa946630b, 0xa93d913d, 0x8411111e, 0x8501201c, 0xa9fe232d, 0x1d832c3e, 
    0x2c2b3125, 0x8687fe21, 0x04002130, 0x220c6345, 0x4650003e, 0xd78309c1, 0x82161721, 0x09775fbb, 0x0dc14018, 0x06071424, 0x70513723, 0x4a152010, 
    0xfb681057, 0x0c0e4519, 0x654a6020, 0x690b8b0b, 0xd0201904, 0x610bdb44, 0xa0200c96, 0x200e6856, 0x2be78805, 0x00560035, 0x0073005e, 0x37000088, 
    0x31059a5a, 0x33071433, 0x36333526, 0x2726013f, 0x35343723, 0xcc183530, 0x62180aed, 0x332109a9, 0x332e8215, 0x05011f14, 0x37273307, 0x34013d36, 
    0x1d22012b, 0x36352301, 0x07230782, 0x85352315, 0x1f14260f, 0x16373602, 0x210f8217, 0x47832707, 0x1507062f, 0x011d0607, 0x36331716, 0x27343537, 
    0x2a149321, 0x010f0a4a, 0x10100d02, 0x820f1080, 0x0d022608, 0x0e02220a, 0x05f56b39, 0x11820120, 0x393b0985, 0x2201020e, 0x7e030a01, 0x070b1903, 
    0x0119061a, 0x01053606, 0x061a0619, 0x832c190b, 0x89203125, 0xa00f0117, 0x0917010f, 0x0fe00f01, 0x00010901, 0x80200f82, 0xc0200f85, 0xf0220f82, 
    0x48820f01, 0x3f3f4123, 0x23088441, 0x0103025a, 0x89066c4c, 0x01203069, 0x5a03030f, 0x1552525e, 0x063b0e0a, 0x851a1a06, 0x0e3b2c03, 0x0f02150a, 
    0x200f0101, 0x850c9c20, 0x040c232d, 0x1183160a, 0x040a1622, 0x536c1191, 0xc0013707, 0x0400a001, 0x3e001900, 0x48004300, 0x00004d00, 0x33152337, 
    0x1e7d3735, 0x82152013, 0x23038519, 0x23152335, 0x33230384, 0x84352335, 0x20338203, 0x20038433, 0x21058207, 0x1c823723, 0x23250e83, 0x4040c015, 
    0x136748c0, 0x00904020, 0x13842982, 0x3182e020, 0x0d7d0120, 0x90802012, 0x88402031, 0x03002212, 0x07db7b00, 0x32001522, 0x0026c782, 0x07062313, 
    0xa6532215, 0x16172906, 0x37363317, 0x25272611, 0x18058960, 0x200be159, 0x05a06333, 0x17201c82, 0x20050b42, 0x2e2c8411, 0x36373235, 0x26273435, 
    0x16306823, 0x82090e02, 0x010d2300, 0x0b821602, 0x01160223, 0x20068260, 0x8a0c8680, 0x8998200a, 0x25308412, 0x0260010e, 0xe4426816, 0x16682205, 
    0x27388202, 0x40021610, 0xa8a81602, 0xfe210c83, 0x85058370, 0x9001240b, 0x84c00216, 0xf0fe2122, 0x34861583, 0x00000038, 0xff100006, 0x01f001d0, 
    0x000d00b0, 0x002c001d, 0x004a003b, 0x7f770059, 0x16172d06, 0x27373233, 0x26251506, 0x22272627, 0x2306cb5a, 0x05353617, 0x22061044, 0x83070627, 
    0x06172f01, 0x012f2207, 0x37363526, 0x16011f32, 0x0e8d3715, 0x16862720, 0x10371586, 0x0a020c02, 0x3d1f1e0b, 0x01bc100e, 0x0c02e001, 0x0a011c08, 
    0x83291d1c, 0x2bfe280e, 0x2e2e47ec, 0x86091919, 0x02e52806, 0x4005060e, 0x830f0105, 0x85302005, 0x8c05850c, 0x456e350c, 0x0c0c0a26, 0xbc010908, 
    0x46a30f10, 0x01081c26, 0x01050503, 0x0e290d82, 0x2713ec4a, 0x242d2c26, 0x2e0684ed, 0x010f5625, 0x08043f05, 0x4005020e, 0x85300506, 0x8205820c, 
    0x8370200c, 0x06052106, 0x03220583, 0xd77f0008, 0x01c33706, 0x00c00180, 0x002a0017, 0x004c003b, 0x3700005d, 0x16311714, 0xb5181633, 0x372c0ac5, 
    0x23013d36, 0x07061315, 0x14070631, 0x39050542, 0x27263536, 0x16072726, 0x36373233, 0x16273437, 0x06070617, 0x17272623, 0x12852726, 0x17210782, 
    0x20128214, 0x20108637, 0x83238335, 0x41602010, 0x9e4905c9, 0xc0230806, 0x36365260, 0x26161702, 0x171626da, 0x52363602, 0x0d07060d, 0x03010909, 
    0x09010211, 0x08150d09, 0x8508152d, 0x02012211, 0x29118311, 0x0609143f, 0x09090e07, 0x0d821203, 0x0e310e2a, 0x08010908, 0x30300d09, 0x2f823482, 
    0x01101035, 0x3637028f, 0x29293153, 0x29291b1b, 0x37365331, 0x8203cd02, 0x06072318, 0x22821508, 0x62120124, 0x0f871201, 0x3f203b82, 0x07210d87, 
    0x23538215, 0x00020000, 0x02280082, 0x00800100, 0x00250011, 0x7e06254a, 0x05260b42, 0x26312722, 0x70181527, 0x35200797, 0x0327f583, 0x6d6d4848, 
    0x87034848, 0xff002507, 0x2c44444b, 0x2c250d87, 0x014d4444, 0x07df5020, 0x8f240787, 0x6e1f0f0f, 0x6e230c87, 0x480f0f1f, 0xbf240557, 0xc0018002, 
    0x38237b82, 0x18005000, 0x230e5b76, 0x2f262734, 0x27097060, 0x32333237, 0x010f1415, 0x31247f82, 0x33161732, 0x2408a47b, 0x2722012f, 0x06374925, 
    0x17010f22, 0x8305c649, 0x274c0805, 0xef012326, 0x01161622, 0x21171601, 0x01161721, 0xfc231616, 0x252c2c19, 0x0a0e0e10, 0x0601013c, 0x03055f01, 
    0x12110103, 0x3b3b351c, 0x11111d20, 0x56010707, 0x6c010d01, 0x1ee00a0a, 0x05090805, 0x0d325716, 0x0ce11c03, 0x610f0909, 0x080b7248, 0x17172139, 
    0x08018701, 0x1a0d1b08, 0x0616201a, 0x18700202, 0x01010f10, 0x16070801, 0x1b232319, 0x016d011b, 0x25af07d8, 0x6d2f0906, 0x050c030b, 0x0aaf2405, 
    0x0a090d0f, 0x70000300, 0xc1260573, 0x33001800, 0xef824500, 0x46481620, 0x27262406, 0x84060722, 0x17072cdb, 0x37363736, 0x15062707, 0x49011f16, 
    0xae4a0763, 0x27262407, 0x50013f26, 0x012e109e, 0x15202ba0, 0x3031191a, 0x2b2b2d45, 0x88823722, 0x10e7013e, 0x7e261e1e, 0x220114ee, 0x090b5c24, 
    0x0e0c0a22, 0x2524510a, 0x10070730, 0x7d030101, 0x08078541, 0x1b1c283b, 0x1b1b0101, 0x1801a129, 0x3135312e, 0x01212032, 0x37221112, 0x02010102, 
    0x131420e6, 0x22ee6901, 0x25232f22, 0x0d0d0a52, 0x0b09220a, 0x0124245d, 0x0c0c231c, 0x1a1b0148, 0x243b8729, 0x011b1b28, 0x20008200, 0x08834706, 
    0x25000e2f, 0x4f003c00, 0x72006300, 0x26130000, 0x05835727, 0x8205cb5f, 0x273621ee, 0x2323ec82, 0x48222326, 0x05840582, 0x39342724, 0x0c193401, 
    0x06200738, 0x2d841282, 0x16013f2f, 0x07163117, 0x32310714, 0x34353637, 0x21fd8235, 0xfd880327, 0x37221382, 0x13832306, 0x31830720, 0xf3080e89, 
    0x3e2a15c8, 0x08012525, 0x24242418, 0x02b61725, 0x45161602, 0x07060202, 0x162f292e, 0x01070616, 0x291d1c0c, 0x1004058e, 0x25252616, 0x28181224, 
    0x1d1e1d11, 0x36570f1d, 0x02011212, 0x0201342d, 0x47513333, 0x1918170d, 0x48313015, 0x0a1d3b31, 0x293c2c32, 0x17671029, 0x344c3e0c, 0x27232e2d, 
    0x35354d22, 0x27560119, 0x3b3c2126, 0x441e204b, 0x18182c2b, 0x180eaf09, 0x4241422d, 0x2f2e0f01, 0x1126252f, 0x050b0b07, 0x1d0f0122, 0x1908251e, 
    0x4e313119, 0x2a3f2230, 0x0818182b, 0x3e3e41ed, 0x1010172d, 0x03040202, 0x19424259, 0x1306f7fe, 0x16122113, 0x2b120216, 0x0f010e36, 0x27680a0e, 
    0x13012736, 0x02082213, 0x00141718, 0x00070000, 0x01c0ff00, 0x00c001e0, 0x004f0046, 0x00610058, 0x0073006a, 0x0100007c, 0x06310722, 0x0706011d, 
    0x34352726, 0x9b055657, 0x1115210d, 0x072a2385, 0x16011f14, 0x37363317, 0x36843736, 0x27260125, 0x19163736, 0x200b6b9e, 0x76119035, 0x372008eb, 
    0x01241a87, 0x09090ec0, 0x291dab19, 0x32314b2a, 0x0e090902, 0x010f00ff, 0xec533483, 0x05396005, 0x2020108f, 0x08882287, 0x82600121, 0x8370203a, 
    0x47b02016, 0xb020051d, 0xd0200b83, 0xd0200b85, 0xfe2f178a, 0x0b0c3be9, 0x0c10110c, 0x02013a71, 0x834b3132, 0xc0fe2122, 0x0d497085, 0x200c8306, 
    0x20119060, 0x88118740, 0x0000241a, 0x59000007, 0x0c2c06a7, 0x1a001100, 0x2c002300, 0x42003500, 0x260c9757, 0x21031123, 0x18112111, 0x22084043, 
    0x18373617, 0x7d08d043, 0x1188051b, 0x11332525, 0x5d272623, 0x372205a5, 0xe55be001, 0x20602608, 0x000100ff, 0x07b658b0, 0x08996020, 0x60d0fe22, 
    0x01223588, 0xbd570160, 0x82402008, 0x200382e2, 0x07a058e8, 0x08993020, 0x2a82e820, 0xde823787, 0x0003003f, 0x01e0ff00, 0x00a001c0, 0x000d0006, 
    0x1300001b, 0x15333736, 0x35173723, 0x011f1633, 0xd5031923, 0x0e332c0d, 0x33d0721d, 0x0e1d72bd, 0x49d0d033, 0xc02b0a66, 0x011a8501, 0x80656580, 
    0x54651a01, 0xe02109bf, 0x836082e0, 0x02c02a5f, 0x00c00140, 0x003a001d, 0x205f8457, 0x24628331, 0x36331716, 0x58648237, 0x1a4107e0, 0x49072005, 
    0x17900550, 0x82373621, 0x07066d33, 0x41091559, 0x332c094f, 0x0e0d01a0, 0x0f013014, 0x30010f20, 0x2007a350, 0x200883a0, 0x85139240, 0x2019992b, 
    0x57388390, 0x2a8305ef, 0x21085262, 0x1493f080, 0x17832c97, 0x2c086341, 0xc0010002, 0x25002000, 0x00004200, 0x06556901, 0x20074069, 0x0fe65e06, 
    0x15332523, 0x00d71823, 0x50d0211e, 0xf6189983, 0x0d8309a1, 0x0e840120, 0xfe380983, 0xc0a0a0e0, 0x02360f01, 0x010f340d, 0x01010f37, 0x0f01350f, 
    0x38010e34, 0x60200a82, 0x20081f41, 0x5f2a8530, 0x30270d2b, 0xf6fe3030, 0x8736010f, 0x203f8634, 0x823f8236, 0x000231cc, 0x01c0ff00, 0x00c40180, 
    0x00260012, 0x07261300, 0x0f5a8a18, 0x27260326, 0x26272631, 0x2105e568, 0x1f841617, 0x0bcb4d08, 0x3231510b, 0x34350101, 0x35345656, 0x31320101, 
    0x1a2b0b51, 0x0e02011a, 0x0c0c3a0e, 0x020e0e3a, 0x2b1a1a01, 0x0808bc01, 0x3d54554e, 0x0134345f, 0x5f343401, 0x4e54553d, 0x190154fe, 0x22092919, 
    0x0a0a4222, 0x09222242, 0x01191929, 0x22095341, 0x82a00146, 0x00322985, 0x2500003e, 0x22272627, 0x0a5b6c82, 0x829e1808, 0x15302408, 0x57011f16, 
    0x36230500, 0x5b232527, 0x1720093e, 0x3320a585, 0x07311e82, 0x24832b02, 0x1e1f223a, 0x201f030c, 0x1f202f2e, 0x085c5701, 0x8308062d, 0x1e233925, 
    0x1b080827, 0x525f74fe, 0xc33507eb, 0x04030b42, 0x1a0f0d11, 0x94524110, 0x150130bb, 0x1e2e2115, 0x2135831e, 0xe057e12f, 0x01952307, 0x1a830c0c, 
    0x2d2c1d24, 0xf5752c29, 0x2d702b08, 0x1514115e, 0x1501090c, 0xff603a5d, 0x6044200f, 0xf38232ff, 0x22073430, 0x012f2231, 0x1f363726, 0x17363701, 
    0x09610716, 0x585b332a, 0x01010a07, 0x0f380709, 0x2512100d, 0x10130f48, 0x1161010c, 0x70c73128, 0x01010108, 0x12103006, 0x5c1f0d0f, 0x130f0c10, 
    0x2f080748, 0xc0018001, 0x26001d00, 0x41002f00, 0x57004c00, 0x0320d99f, 0x46075746, 0x7a50087b, 0xd8de1811, 0x20ec9d15, 0x074e45f0, 0x5a085645, 
    0xd7770cec, 0x20ff9d13, 0x665618fe, 0x374f1808, 0x50e82008, 0x6e460b8c, 0x0a4a4609, 0x19070021, 0x2408930d, 0x001a0008, 0x06c54723, 0x0000772c, 
    0x34373625, 0x16070627, 0x325d2717, 0x0b501810, 0x05fb5f08, 0x35331523, 0x05df6016, 0x27363722, 0x8205e642, 0x34352205, 0x05f84237, 0x83058c5f, 
    0x83062005, 0x25372625, 0x07061716, 0x20558226, 0x21088727, 0x1b722105, 0x013f3706, 0xcf012726, 0x0e0f010e, 0xb00d0201, 0x01181925, 0x26181801, 
    0x07821826, 0x25181922, 0x012e1882, 0x01010f0e, 0x1b01040f, 0x2ddf2d1b, 0x0e821b1b, 0x0f183208, 0x1003030b, 0x1b0e3004, 0x010e0d14, 0x282d463b, 
    0x0d012328, 0x0c11140e, 0x0310031c, 0x130c0b03, 0x03011113, 0x15020116, 0x15020215, 0x0102155f, 0x23088316, 0xe1fd3f01, 0x02236483, 0x82010e1f, 
    0x08894751, 0x19015024, 0x46182519, 0x07830740, 0x7f475020, 0x01773407, 0x6b111010, 0x1010116b, 0x11140901, 0x050c1313, 0x8301151a, 0x05052d69, 
    0x090a0115, 0x0d0d140e, 0x03100a01, 0x77836f83, 0xea461f20, 0x088c4107, 0x0f01d823, 0x82bd8310, 0x0cbf6004, 0x43003d2a, 0x51004a00, 0x14150000, 
    0x2305fb48, 0x16171621, 0x35200982, 0x83054a41, 0x3623210c, 0x2706f26c, 0x06232734, 0x21070607, 0x23221a83, 0x1b831506, 0x83171621, 0x07063d11, 
    0x33272613, 0x06370706, 0x27262307, 0x37360105, 0x21171633, 0x020e2010, 0x38010301, 0x0d350482, 0x19021021, 0x201b4418, 0x01020608, 0x552f1f7f, 
    0x11112c2d, 0x08208502, 0x03c8fe49, 0x200e0201, 0x0e0d0210, 0x3f402122, 0x0d0e2222, 0x1a26e002, 0x83261a80, 0x0cdd0c09, 0xfe070109, 0xdb0c09fa, 
    0xfafe090d, 0x0102102e, 0x0b0b070d, 0x02010d07, 0x3a3a1e10, 0x0611133e, 0x1b010106, 0x34352c18, 0x8b192e2f, 0x28163a1d, 0x2b2f2e28, 0x282e2f2b, 
    0x12011628, 0x15171715, 0x100f107c, 0xc1fe0110, 0x20008210, 0x08834700, 0xc001423f, 0x38001000, 0x00004a00, 0x37171625, 0x26012f36, 0x0717010f, 
    0x1f060727, 0x27260501, 0x220d8231, 0x82032726, 0x0a306cf1, 0x0e771320, 0x823f2008, 0x273622ea, 0x11fb5305, 0x171b263f, 0x3c040ea1, 0x213d0e06, 
    0x0d3e213d, 0x18013503, 0x0d0b0c04, 0x5c2e1bcb, 0x15101107, 0x056d4349, 0x235c4932, 0x1b1b0102, 0x1b1b2829, 0x050dca02, 0xc2fe0406, 0x3d0b8643, 
    0x351107aa, 0x0db50f06, 0x14631503, 0x0e061463, 0x060d20a0, 0x22430405, 0x14140103, 0x5d430c0c, 0xebfe2205, 0x06f7721b, 0x44281a23, 0x20628204, 
    0x2717838a, 0x08090908, 0x09090e0e, 0x4b57e682, 0x82802006, 0x001926e7, 0x37000054, 0xe15c1821, 0x15232408, 0x18350727, 0x23084bce, 0x11210517, 
    0x2720e782, 0x27092b6d, 0x14111716, 0x013b1617, 0x8305ea41, 0x27342236, 0x820c8c33, 0x34352713, 0xf0232627, 0x2e474001, 0x30702207, 0x08d44530, 
    0xfe70012a, 0x12120120, 0x090d211b, 0x0d230082, 0x82010f11, 0x0343219c, 0x21072d46, 0x0a89c603, 0xf8854320, 0x1b838020, 0x4b83c020, 0x20208022, 
    0x40220c89, 0xf3654001, 0x23268206, 0xb1fe0f01, 0x09200682, 0x080fed18, 0x00820820, 0x0d277e85, 0x01070914, 0x820e0a09, 0x0300226f, 0x05934700, 
    0x0982c020, 0x37001a27, 0x15010000, 0x67ef8733, 0x23290a3f, 0x35262722, 0x07061517, 0x053a6827, 0x26073524, 0xdf183527, 0x94180c56, 0x402b17d3, 
    0x01320d01, 0x010d240d, 0x8b010d32, 0x80c0210a, 0x15ed5219, 0x2a82ae20, 0x0e320122, 0x33212b82, 0x20378c01, 0x0a675c00, 0x3b000322, 0x1520a98c, 
    0x2506ac55, 0x37011f32, 0x05823336, 0x2205c65f, 0x6a012f22, 0xff18054d, 0x11200ad1, 0x0128ca84, 0x20808040, 0x0d0e14b0, 0x2f051172, 0x12040a80, 
    0x09090532, 0x0f461c05, 0x500f0101, 0x042b0e83, 0x1c040a0a, 0x0e0d0146, 0x83200114, 0x0e7f2428, 0x8801090a, 0x01b02db5, 0x010f200f, 0x08632309, 
    0x0f013708, 0x09230984, 0x49903709, 0x3023080e, 0x650e0909, 0xe02a0703, 0xa0014002, 0x11000c00, 0xb7832e00, 0xcb4b1320, 0x4a112006, 0x11250598, 
    0x16171121, 0x060d5417, 0x18069b74, 0x8307e481, 0x182520d6, 0x210bd3e7, 0xa3632040, 0x01402508, 0x30c0fe40, 0x49059c49, 0x7d490a67, 0x89502005, 
    0xa0012727, 0x120140fe, 0x1c421b12, 0x210b8205, 0x2385fac0, 0x01360f24, 0x0a8a340f, 0x278bfa20, 0x7f4bbb87, 0x00143605, 0x00470035, 0x01000056, 
    0x36373233, 0x2734013d, 0x22012b26, 0x05dc7007, 0x23253322, 0x0a056518, 0x18094e62, 0x201b1843, 0x18431817, 0x0001210d, 0x2b0d3e70, 0x01901001, 
    0x60140e0d, 0x010d0e14, 0x20095341, 0x075d41e0, 0x081ac418, 0x08447318, 0x010fc022, 0x6c4b3083, 0x010f2205, 0x06097140, 0x40200686, 0x4a0eb54a, 
    0xa76908ea, 0x60401805, 0x01e02210, 0x376a870f, 0x0000010f, 0xff000003, 0x01e001e0, 0x001100c0, 0x0043002e, 0x07150100, 0x2622bf82, 0x46191127, 
    0x072008ff, 0x8205e774, 0x078a42fc, 0x24078c4c, 0x05353736, 0x42278335, 0x06250592, 0x15070607, 0x222e8206, 0x1960e001, 0x20099226, 0x206e8320, 
    0x65e21860, 0x3807350b, 0x07300701, 0x01073801, 0x220180fe, 0x16f03322, 0xf0160202, 0x22086c6e, 0x4260f030, 0x09830999, 0x2b847820, 0x60204190, 
    0x6e08506e, 0x8f5b0862, 0x80002a08, 0x21001c00, 0x00002600, 0x21a48225, 0xe1472726, 0x86332005, 0x842120c0, 0x35232313, 0x03820533, 0x83331521, 
    0x70022704, 0x0f01010f, 0x7018a0fd, 0x02210946, 0x260b8560, 0xa0a0b0fe, 0x4da0a0e0, 0x83180514, 0x0a850afd, 0x00834020, 0x2e064f47, 0x014302dd, 
    0x001300a0, 0x002d001f, 0x4e00003c, 0x1d540523, 0x27262409, 0x4b172726, 0x54180a66, 0x172e0723, 0x2f363716, 0x27263701, 0x06072631, 0x0d82011f, 
    0x70202882, 0x88072c4b, 0x45602007, 0x8c2e0734, 0x04220607, 0x392c2a04, 0x05063139, 0x0786e6d3, 0x2205073a, 0x012a0403, 0x1f2001a0, 0x1f30df2f, 
    0x1f01011f, 0x2fdf2f20, 0xe001201f, 0x37088d45, 0x06051e70, 0x2c383931, 0x2203042b, 0x13d30705, 0x2204042a, 0x06d20706, 0x39211482, 0x0783442c, 
    0xc0018026, 0x2e002100, 0xd541bf82, 0x8d152005, 0x051c4806, 0x37363726, 0x25152111, 0x41055641, 0x2026054e, 0x01010f70, 0x058b700f, 0x2908894f, 
    0x4801c0fe, 0x0216b0fe, 0x46701602, 0x01002506, 0x40010f0f, 0xf8430488, 0x40012308, 0xf157c040, 0x41002009, 0x012006cf, 0x0d2b9383, 0x37002a00, 
    0x16330000, 0x48163117, 0x112205a8, 0x87821121, 0x36353326, 0x17163337, 0x1523a683, 0x45230706, 0x232406c3, 0x01352726, 0x8c8a9e8c, 0x30227882, 
    0xe5180f01, 0x082011a6, 0x6e64a38b, 0xfe402308, 0xe51890c0, 0x012115d1, 0x20ab8c30, 0x7f631805, 0x00063108, 0x001d0018, 0x006e0043, 0x33153700, 
    0x35223522, 0x113c7218, 0x07063731, 0x23253533, 0x26070607, 0x0623012f, 0x18071507, 0x2a182473, 0x26272337, 0x22232627, 0x83352223, 0x0f062205, 
    0x085e7601, 0x16173326, 0x013f3617, 0x332a0582, 0x26353736, 0x01026027, 0xde6a5001, 0x01502d0f, 0x20010201, 0x23100b52, 0x220c1022, 0x175e7318, 
    0x19735025, 0x83010504, 0x03033e00, 0x070d0101, 0x0f06162a, 0x02010f95, 0x0925850d, 0x2e070f0e, 0x800d0708, 0x0f01010f, 0x21628282, 0x37560102, 
    0x15012106, 0x83059f5e, 0x189e2d13, 0x1e01021e, 0xaf0d0219, 0x0e100102, 0xfe213882, 0x212f8360, 0x05832f2f, 0x1b29f027, 0x2570011b, 0x25288206, 
    0x5b0c0201, 0x49820c2c, 0x020e1023, 0x2307824b, 0x0a0c610d, 0x0f240d83, 0x04000001, 0x29084341, 0x005a0048, 0x0079006c, 0xcc7a1300, 0x33152909, 
    0x16173215, 0x06071415, 0x092f8318, 0x4e062321, 0x352a06dd, 0x26373633, 0x27262327, 0x098e3736, 0x13842120, 0x48853520, 0x4905d64a, 0x995f05c0, 
    0x012f2910, 0x32333523, 0x1d16011f, 0x272c0882, 0x0e0d0140, 0x14000114, 0xc0010d0e, 0x20059d48, 0x07e06820, 0x088f2919, 0xdd189020, 0xe0200845, 
    0xd153098d, 0x60302105, 0x0fd84018, 0x87092849, 0x430d2819, 0x4d141943, 0x464d4013, 0xd020090f, 0x58061859, 0x80200f29, 0x8f070e4c, 0xfe302107, 
    0x10c7ff18, 0xd02c1090, 0x134d1340, 0x4d33331a, 0x06000000, 0x37086741, 0x00150010, 0x002f0022, 0x0065004a, 0x06212500, 0x15070607, 0x17161716, 
    0x2405d543, 0x33352307, 0xdc921815, 0x2a93180c, 0x2726250a, 0x013d2603, 0x2108e978, 0xef5d1617, 0x27262309, 0xf25d2607, 0x82142007, 0x08b37f4d, 
    0x26273426, 0xfeb00127, 0x2e083a52, 0x010f8001, 0xb0200f01, 0x073088b0, 0x84070101, 0x89602004, 0x094f210a, 0x1c231385, 0x84121120, 0x17172509, 
    0x02264129, 0x11230a84, 0x85231b10, 0x0f0f2232, 0x4aed841a, 0x0f200583, 0x70265282, 0x01704040, 0x52839007, 0x0923048d, 0x833e0b06, 0x243e2715, 
    0x21201514, 0x0b831e26, 0x2a321e27, 0x1b371c2b, 0x2618842d, 0x1b1c2142, 0x852b1a13, 0x1c213b18, 0x0200131c, 0xc0fff9ff, 0xc7010702, 0x40001c00, 
    0x27010000, 0x1f060726, 0x06850701, 0x32331628, 0x012f3637, 0x08841737, 0x17052723, 0x05964916, 0x08880720, 0x011d0624, 0x1e830607, 0x013f2108, 
    0x013f3233, 0xf8010727, 0x0e111140, 0x3726100e, 0x0a0c1111, 0x0a070795, 0x370e0e07, 0x0a070f26, 0x0f2b0882, 0x0a3ad9fe, 0x0606050a, 0x87293b05, 
    0x13272408, 0x830e0e39, 0x5939391d, 0x95bb131a, 0x4079013d, 0x11110e0e, 0x0e37260f, 0x95100f0e, 0x11110705, 0x06823e83, 0x0b3b5327, 0x3a05050b, 
    0x29068529, 0x591a1327, 0x07111139, 0x35833907, 0xff040023, 0x24c782ff, 0x00c30184, 0x23c9820e, 0x0039002a, 0x2a06a346, 0x36211716, 0x26272635, 
    0x4b211727, 0x362209dc, 0xe7821327, 0x83161721, 0x12a04601, 0x2c3e9f30, 0x08010b2b, 0x0b083001, 0x993f2c2b, 0x0783d0fe, 0x2b3e3d23, 0x2e14822c, 
    0x23050733, 0x2c2b0404, 0x06313839, 0x85e6d206, 0x07d32307, 0x14822205, 0x0101012e, 0x093b2526, 0x3b080101, 0xb1012626, 0x25210682, 0x23128426, 
    0x2e010108, 0x46058946, 0x0786079e, 0x002d1485, 0xff010000, 0x02b9fff9, 0x00c30101, 0x280c822d, 0x06072307, 0x013f2627, 0x067a4135, 0x8b088341, 
    0x37363b08, 0x07161736, 0xe3010706, 0x115964fd, 0x590e0e11, 0x06053431, 0x0a0a0506, 0x08862933, 0x872a3421, 0x1c323a08, 0x241e2525, 0x011c0101, 
    0x0e59fd1d, 0x5911110e, 0x05333165, 0x340b0b05, 0x82068529, 0x280d8329, 0x03031c32, 0x29292117, 0x2f93821c, 0xfffdff02, 0x010002bf, 0x001e00c0, 
    0x01000023, 0x2d054958, 0x011f1415, 0x06070601, 0x31331617, 0x4f653716, 0x34353e06, 0x37230727, 0xf7010717, 0x0d0d0aa0, 0x0709090a, 0x041df1fe, 
    0x2e201b03, 0x13012029, 0x29138507, 0x37966fc0, 0xa017015e, 0x0f830909, 0x1e292182, 0x24202928, 0x13011f01, 0x23128508, 0x5e379557, 0x34083f78, 
    0x00a00100, 0x001a0015, 0x00350030, 0x06231300, 0x33171607, 0x07e05311, 0x36331124, 0x72822637, 0x15333523, 0x261a9925, 0x0216b0c8, 0x5b081602, 
    0x082007c3, 0x38240d83, 0x58014040, 0xa0261796, 0x02161602, 0x6246c0fe, 0x40012107, 0xe0230f83, 0x96e0b0b0, 0x65ab8617, 0x23320523, 0x31002c00, 
    0x00003600, 0x37341115, 0x36253736, 0xad820517, 0x0611152f, 0x27262307, 0x26273411, 0x07062127, 0x2e0f8606, 0x35272617, 0x07061521, 0x15212721, 
    0x82013d21, 0x0b353904, 0x0c01120b, 0x0c010c0c, 0x020b0b12, 0x02163016, 0xfe0e0909, 0x09090e80, 0x982d0c84, 0x80010216, 0xb0fe1602, 0xfe800118, 
    0x30038380, 0x143d0128, 0x6b080f10, 0x086b0505, 0xfe14100f, 0x2bdd83c3, 0x090d0901, 0x09010109, 0xf7fe0d09, 0x182c0f83, 0x38381602, 0x40b00216, 
    0x50507040, 0x374eae82, 0x00022e05, 0x1400c001, 0x44003200, 0x26010000, 0x4e82180f, 0x37322908, 0x27343536, 0x37273637, 0x2623b282, 0x75072223, 
    0x07261590, 0x26312726, 0x10723627, 0x3601240a, 0x1821070e, 0x2e087c60, 0x0d04220b, 0x2319388a, 0x23292923, 0x48381923, 0x8020086c, 0xc0280987, 
    0x01252436, 0x36242501, 0x01260787, 0x4e0d045f, 0x60180b01, 0x102207c0, 0x4f824f0b, 0x82111e21, 0x611e2000, 0xf02013d9, 0x43833b8b, 0x2e055b47, 
    0x010002e0, 0x000800a0, 0x002e0011, 0x18000077, 0x59084d63, 0x1320088d, 0x200b2f4b, 0x057b4e11, 0x22050a46, 0x83331123, 0x086849ec, 0x17163328, 
    0x06010f16, 0x6255012b, 0x33372305, 0x384f2335, 0x49078f06, 0x37820da0, 0x18d01521, 0x8708c15c, 0x83c02008, 0x20fe2108, 0x10210583, 0x21058310, 
    0x0b85e001, 0x07015033, 0x01076888, 0x45680701, 0x0a080914, 0x7f120a15, 0x23058211, 0x45140908, 0x88201685, 0x22861c83, 0x10070124, 0x16880107, 
    0x2311ce5a, 0x0f012001, 0x04826384, 0x89c0fe21, 0x4001230b, 0x1b820778, 0x202b3d83, 0x11101001, 0x200e0e20, 0x88101011, 0x83188512, 0x83182005, 
    0x8418206d, 0x82202067, 0x82002005, 0x00023d00, 0x02e0ff0b, 0x009f0175, 0x00350019, 0x37171300, 0x16011f32, 0x010f0607, 0x07012f06, 0x26270382, 
    0x013f2627, 0x82313336, 0x16172515, 0x1415013f, 0x0b72b018, 0x16175d08, 0x013f3637, 0xf5f54b33, 0x062a050b, 0xa30f0506, 0x53530e17, 0x0fa3170e, 
    0x2a060605, 0x37f60b05, 0x1514130c, 0x100a0a80, 0xcd0f10cc, 0x800a0a10, 0x0c131415, 0x9f010237, 0x54091e1e, 0x050d0d0e, 0x8b15062e, 0x2e06158b, 
    0x0e0d0d05, 0x5b5f0954, 0x05070813, 0x0d10a724, 0x0433040d, 0x0d290282, 0x24a7100d, 0x13080705, 0x0a076f5b, 0x1500c727, 0x00002d00, 0x06be5337, 
    0x3316172f, 0x37363736, 0x37323316, 0x05150601, 0x200c8227, 0x05666c35, 0x27070624, 0x076f0726, 0x02402106, 0x09916718, 0x1324243a, 0x31383a31, 
    0x0213aafe, 0x111d7637, 0x22220111, 0x6847393a, 0x0f136b47, 0x07c6d818, 0x4bd12c08, 0x1c1b2738, 0x05050302, 0x10111101, 0x0b011213, 0x5ce62924, 
    0x2723231c, 0x1c2e2f3a, 0x3602011b, 0x13100c54, 0x0c31fe0f, 0x18101110, 0x27088f40, 0x00a00180, 0x003a0023, 0x2106f160, 0x4a182115, 0x16250984, 
    0x3f363317, 0x07ee5a01, 0x05209f83, 0xcd521e82, 0x06212608, 0x17070607, 0x27018216, 0x0e145002, 0x40fe010d, 0x08f18718, 0x0e400f26, 0xc0010101, 
    0x3a055d5d, 0xfe140e0d, 0x01800130, 0x011c1211, 0xfe362524, 0x252436ff, 0x121c0101, 0x83e00111, 0x84502030, 0x2009833c, 0x098d42c0, 0x5083c020, 
    0x30303026, 0x0615151e, 0x08b7111a, 0x15062223, 0x06b36e15, 0x0002c02a, 0x1f00c001, 0x99007900, 0x2326b983, 0x37222722, 0xa2833130, 0x93839e83, 
    0x9c821420, 0x22150622, 0x31220582, 0xa9831503, 0xa8820620, 0x011f1622, 0x15211b82, 0x20108316, 0x242d8227, 0x26232623, 0x24188207, 0x16153033, 
    0x22028217, 0x55353736, 0x1d83067b, 0x31222722, 0x27222083, 0x5a823326, 0x37343524, 0x3c821736, 0x304e3320, 0x26353005, 0x35070627, 0x17163307, 
    0x35211523, 0x5c373623, 0x2120090d, 0x08085d5d, 0x47013173, 0x22252522, 0x212e0101, 0x3b020238, 0x3b58583b, 0x0f10023b, 0x0101011b, 0x095b2c20, 
    0x03071807, 0x130b0706, 0x09150213, 0x07010103, 0x0f0b130a, 0x02010202, 0x11040712, 0x110d0301, 0x01141102, 0x03030405, 0x0603061a, 0x14130b06, 
    0x01010201, 0x01040912, 0x13090901, 0x02040a06, 0x11030612, 0x12020c09, 0x10bc0212, 0x01482a1e, 0x1e2a4880, 0x07e54a10, 0x094bfe20, 0x0c2c2708, 
    0x2211010c, 0x7c83563a, 0x2a248483, 0x011c2525, 0x11308182, 0x02072501, 0x0f1c0a03, 0x0c060d0e, 0x06060104, 0x05367b82, 0x03050306, 0x01010602, 
    0x06121104, 0x05040102, 0x02021206, 0x79830512, 0x101d0a28, 0x0c070e0d, 0x23820105, 0x04040123, 0x22148204, 0x83030102, 0x84032026, 0xf1012a24, 
    0x20201927, 0x0d012719, 0x5e01190e, 0x5c402009, 0x0334067c, 0xc0fffeff, 0xc201ff01, 0x36000b00, 0x00003f00, 0x27263501, 0x072b0182, 0x17160706, 
    0x31070637, 0x84150706, 0x22232110, 0x16201284, 0x0a385d18, 0x3f32172a, 0x37363301, 0x37353736, 0x09f3c618, 0x20013308, 0x0a020b2b, 0x11200709, 
    0x22704e35, 0x4f011616, 0x061f3d3e, 0x19050a09, 0x17160101, 0x90131427, 0x05030308, 0x4524240c, 0x4d410a0c, 0x022d2d44, 0xfb446f1f, 0x19012d07, 
    0x0a46371c, 0x26070303, 0x67113a31, 0x20082e82, 0x2b053b22, 0x090a452c, 0x30353f35, 0x0e12262f, 0x07070324, 0x19181608, 0x02380805, 0xa0442d2d, 
    0x08d94440, 0x00820020, 0x00000131, 0x4202c0ff, 0x23008400, 0x07250000, 0x45212306, 0xa1820587, 0x17323323, 0x05a14616, 0x33171622, 0x82052f42, 
    0x3002360e, 0xfe231c87, 0x02010ea5, 0x202f370d, 0x0a0f9f2a, 0x1b070209, 0x080f834d, 0x0e777923, 0x0b0a1010, 0x380d0203, 0x0f011464, 0x26010f60, 
    0x0b0b0119, 0x02011a0f, 0x58010e0d, 0x0e02030a, 0x5420820f, 0x022705af, 0x00c20142, 0x823d0016, 0x3f162375, 0x3f413601, 0x180f2005, 0x57087c85, 
    0x934d083f, 0x82322005, 0x2423828f, 0x0f22012b, 0x06574601, 0x3e573220, 0x13013b05, 0x176c0d0d, 0x181b0101, 0x0b161e1d, 0x1d1e160a, 0x01011a19, 
    0x25016d17, 0xcd19100a, 0xaa831589, 0x5a012508, 0x0f871c22, 0xc50a0302, 0x1a730b0b, 0x14182222, 0x0c160302, 0x0203160c, 0x22221814, 0x0d55731a, 
    0x580a0203, 0x0832b683, 0x0b0f0c07, 0x01261a0b, 0x010f5e0f, 0x100a6414, 0xb7450e10, 0xff002205, 0x24c382c0, 0x002600c0, 0x23c38269, 0x26312726, 
    0x26249a82, 0x33373627, 0x2723ac8b, 0x19150706, 0x220a3bce, 0x18012f26, 0x430a98b8, 0x272008a4, 0x27281783, 0x35303726, 0x17161736, 0x230a9443, 
    0x06070615, 0x30211182, 0x27048231, 0x31300716, 0x38022706, 0x0d23d797, 0x880d0202, 0xfe2808d7, 0x050e0cdf, 0x0409080a, 0x0a040403, 0x020e0d05, 
    0x28021616, 0x18170406, 0x03120615, 0x1c050104, 0x09160c07, 0x090b1405, 0x272d1883, 0x16170309, 0x05170611, 0x1d040104, 0x25fa8470, 0x010f0f01, 
    0xce190807, 0xa1231183, 0x82020602, 0x82092052, 0x3d458200, 0x02160c04, 0x0a0a1602, 0x0f0f2524, 0x03050204, 0x0a010303, 0x06040103, 0x04091614, 
    0x1b830b02, 0x24090b2e, 0x030f0f24, 0x03030702, 0x00040b04, 0x2708fb41, 0x001900c5, 0x25000040, 0x2408a05b, 0x07262726, 0x43ee8330, 0x3e590632, 
    0x11fe4106, 0x250d5141, 0x1b291f01, 0xad82011a, 0x0e131327, 0x130d0d0d, 0x25b78213, 0x291b1b01, 0x26411901, 0x0cfe4117, 0x1a01c038, 0x1d15271b, 
    0x131c1d1e, 0x11010c0c, 0x1d1e1c1d, 0x1b1a2815, 0x04415001, 0x610e2112, 0x2e0a0042, 0xff000002, 0x018002c0, 0x00290080, 0x53000053, 0x07290681, 
    0x16011f06, 0x26270607, 0xa881192f, 0x8214200a, 0x1c831813, 0x012f2807, 0x31072225, 0x82011d06, 0x422682e5, 0x33560af8, 0x82278205, 0x3d280813, 
    0x26273401, 0x0c09d823, 0x020a0b0c, 0x0d130801, 0x0b0c0a0f, 0x0b0c3e09, 0x0c0b1111, 0x0e0b780e, 0x09090e61, 0x80013315, 0x3e390e82, 0x0a0c0b09, 
    0x08130d0f, 0x0b0a0201, 0x32090c0d, 0x0e090915, 0x780a0f60, 0x312e820f, 0x02020ad4, 0x0d0c0909, 0x12131f0b, 0x0a010109, 0x444a9954, 0x16cd2405, 
    0x820c9712, 0x217a2427, 0x82ac3e1b, 0x55992127, 0x09271d82, 0x0b1f1312, 0x83090d0c, 0x1a3f2449, 0x820e7a21, 0x12972339, 0x3282cd16, 0x02000032, 
    0xbefffeff, 0xc2018202, 0x4c002b00, 0x23010000, 0x2305aa41, 0x35272627, 0x1520ca83, 0xe7820483, 0x44161721, 0x322406de, 0x013d3637, 0x20055652, 
    0x24248237, 0x23010f26, 0x21238222, 0xc7181415, 0x310808e3, 0x17161716, 0x37363715, 0xe8012736, 0x12110198, 0x1716211d, 0x13211901, 0x030c5013, 
    0x07500603, 0x670c0c0d, 0x12121b89, 0x0e0e1401, 0x02021608, 0x13859416, 0x313a3f24, 0x0a41010e, 0x18b82405, 0x84010f10, 0x0101322e, 0x15161d34, 
    0x14150204, 0x150f7921, 0x2e282121, 0x20f58207, 0x2e49838b, 0x1212013c, 0x140e0e1b, 0x30160230, 0x85240316, 0x091f2313, 0x0a417e12, 0x01592705, 
    0x1d180f10, 0x2e82062f, 0x00820020, 0xe9820120, 0xfd01c032, 0x4900c001, 0x15010000, 0x37173233, 0x34353423, 0xaf83c282, 0x06071628, 0x1607012b, 
    0x7a18011d, 0x3526083f, 0x23273736, 0xc6823726, 0x13823720, 0x1514152b, 0x3b361723, 0x26233501, 0x0aa97d35, 0x23155208, 0x0b201001, 0x0f1c7809, 
    0x23441a10, 0x04010a24, 0x8c060705, 0x0e0d0105, 0x0d146114, 0x0501010e, 0x0211068c, 0x4423240a, 0x1c0f101a, 0x200a0978, 0x0201016e, 0x33312627, 
    0x70022626, 0x04800001, 0x30080884, 0x1a1d2929, 0x07292d2d, 0x0a9a0605, 0x0810470c, 0x0c602308, 0x10029a0a, 0x1a2d2d29, 0x3029291d, 0x04840808, 
    0x04040380, 0x2f324e05, 0x322f0101, 0x0008084e, 0xbb410500, 0x00c02d06, 0x00230011, 0x007d0070, 0x1300008a, 0x076f5218, 0x6c622720, 0x8f212007, 
    0x451f2011, 0x0f20068d, 0x27368a82, 0x15070623, 0x2726012f, 0x0f060726, 0x021f0601, 0x33321716, 0xf7823330, 0x2f261482, 0x16173701, 0x6249011f, 
    0x3f362305, 0x23841701, 0x22831720, 0x36313226, 0x2736023f, 0xd844ef82, 0x013f2705, 0x2705012f, 0x0d82010f, 0x22052645, 0x180d1480, 0x2909a46c, 
    0x7f01140e, 0x0d0d0e14, 0x0582150d, 0x01016c08, 0x5d140d0e, 0x1d1d0813, 0x0b0e221c, 0x0f01020f, 0x10010f9f, 0x1c220e0b, 0x12081d1d, 0x0a431507, 
    0x01021b05, 0x08080d01, 0x0d030a01, 0x0607112b, 0x09083313, 0x3308099f, 0x11070613, 0x0a030d2b, 0x0e080801, 0x1a010101, 0x15440a06, 0x2cd2fd06, 
    0x0c050504, 0x060b0c0d, 0x0229021b, 0x022a2b50, 0x0614081c, 0x05050d06, 0x82610104, 0x2272846a, 0x83140d0d, 0x080e8e07, 0x1f50a344, 0x15100c0e, 
    0x600a2226, 0x0f01010f, 0x26220a5f, 0x0e0c1015, 0x1920501f, 0x021b5d4c, 0x0d0a0a02, 0x310f145d, 0x0d131547, 0x01010421, 0x130d2104, 0x0f314715, 
    0x0a0d5d14, 0x1a02020a, 0x20194c5d, 0x79836e64, 0x452f8183, 0x6e6e2e13, 0x1345132e, 0x0b060201, 0x4e000d0c, 0x40360633, 0x1200c001, 0x67005e00, 
    0x07010000, 0x22012b26, 0x34313007, 0x054e3635, 0x32073006, 0x36171633, 0x16073337, 0x17323317, 0x54011d16, 0x152006c7, 0x22250784, 0x013d2627, 
    0x220b8a23, 0x4a232726, 0x8257073f, 0x83062005, 0x234c8338, 0x17013b36, 0x29050a6a, 0x90012726, 0x80080701, 0x98541719, 0x05102d07, 0x1c060705, 
    0x1813202d, 0x090e0d0e, 0x0e250082, 0x09120e20, 0x22058209, 0x86800909, 0x09363d07, 0x13131d1d, 0x13130101, 0x0216041d, 0x12041602, 0x1f120202, 
    0x2d1f1f0a, 0x28801612, 0x03831183, 0x01600126, 0x03030601, 0x27078254, 0x21010120, 0x1e174b01, 0x60204382, 0x12215882, 0x06d65a0e, 0x85202021, 
    0x29402266, 0x83508347, 0x16022d58, 0x13010216, 0x212d0212, 0x70050c21, 0x03830d83, 0xff02003d, 0x01baffff, 0x00c001c1, 0x0042000b, 0x17063700, 
    0x011f1631, 0x27013f16, 0x7f262107, 0x31200633, 0x36200884, 0x2207974c, 0x42371707, 0x5b48059e, 0x054b4707, 0x34821320, 0x7d081782, 0x01070627, 
    0x11440a01, 0x754f5b0f, 0x1e01b401, 0x2b2c2b1d, 0x031d1e2c, 0x16373717, 0x0d0d0e02, 0x2250010d, 0x11040315, 0x220a072b, 0x0a243333, 0x07022b07, 
    0x17020106, 0x45110ff8, 0x07010109, 0x0a0a0904, 0x0d091c07, 0x01825866, 0x30302120, 0x21223031, 0x03020f03, 0x100f040e, 0x57010f0e, 0x1f201825, 
    0x060c4b1c, 0x16010114, 0x02490c06, 0x1a1a1111, 0x0eedfe1c, 0x0a071c0a, 0x4374090a, 0x003d260a, 0x0072004f, 0x5b561884, 0x013b230a, 0x5b4d1716, 
    0x82212005, 0x183720a8, 0x41097951, 0x1b4c08d2, 0x23d5820b, 0x23070607, 0x0884e318, 0x0896ad18, 0x3930012b, 0x06313001, 0x06231407, 0x50308331, 
    0x36830d52, 0x43273121, 0x348307f2, 0x75820720, 0x41013321, 0x60200699, 0x2607ba41, 0x110decfe, 0x41e30a09, 0x602c05a7, 0x011b1c29, 0x291c1b01, 
    0x0c0c112a, 0x1b210882, 0x21268329, 0x00821702, 0x60600222, 0x250b7d60, 0x0507d6fe, 0x19850901, 0x28075e42, 0x110c0c01, 0x0c0e0303, 0x5af41817, 
    0x069e790d, 0x0f222587, 0x1f820d16, 0x03820e20, 0x17231187, 0x87161a19, 0x2521258e, 0x011a1a25, 0x2b0cb674, 0x050898fe, 0x1a010a01, 0x2125251a, 
    0x16279f87, 0x0417191a, 0x710e1204, 0xed6006b8, 0x4e002005, 0x002a0827, 0x1700a001, 0x00002400, 0xf4822313, 0x17161722, 0x41099746, 0x25230529, 
    0x43310706, 0x36300525, 0x40402337, 0x331d1e01, 0x09093f32, 0x0a0a0d0d, 0x01380b85, 0x33334080, 0x57112a1e, 0x40023838, 0x323f6101, 0x011d1e33, 
    0x0a090e80, 0x80206a82, 0x1e2d0d83, 0x1f013f01, 0x3e2e341f, 0x593d3e0b, 0x06f74800, 0xc0010026, 0x3f002900, 0x32267782, 0x1d163117, 0x91582101, 
    0x21232106, 0x0ad24818, 0x26272228, 0x36373435, 0x0583013b, 0x85053321, 0x07142429, 0x82212306, 0x013d2119, 0x33261a82, 0x090e6021, 0x70410109, 
    0xa0fe2106, 0x4b43de85, 0x82202006, 0x211a870d, 0x6a4100ff, 0x82012005, 0x78f01878, 0x88541809, 0x06285808, 0x43833883, 0x2c85a020, 0x9f420683, 
    0x001a260a, 0x00460034, 0xa3ca1858, 0x7bf7181c, 0x3336222c, 0x21f68231, 0xee543637, 0x16172205, 0x171c7c37, 0x277bf718, 0x150e7d30, 0x0d0a0e15, 
    0x2419080b, 0x0b081924, 0x097c0a0d, 0x0b462318, 0xf7180b09, 0x3a2d217d, 0x080b1212, 0x1e1e0d0a, 0x0a070a0d, 0x059f4500, 0x2005ab60, 0x065f7011, 
    0x31070622, 0x0d4c4119, 0x17320524, 0xa0181631, 0x6a4309b9, 0x37362105, 0x24055c42, 0x07060714, 0x09e94a33, 0xe14a0620, 0x18012006, 0x20109b6f, 
    0x06ae4101, 0x3fc0fe27, 0x1e1d3332, 0x056a4201, 0x12240b85, 0xfea31f12, 0x11009f18, 0x8707f253, 0x060b4207, 0x0b85398b, 0x29292f24, 0x9118401f, 
    0x032311fd, 0x55ff0600, 0x1928055f, 0x49002b00, 0x11010000, 0x2b07135b, 0x26270605, 0x36372627, 0x36112537, 0x33200582, 0x78092370, 0x253307dc, 
    0x36313726, 0x1617013f, 0x2f36013f, 0x17363701, 0x52011f16, 0x273305bb, 0x02012f26, 0x1f200180, 0x201f2f30, 0x0d90fe02, 0x82040b0b, 0x010d263f, 
    0x12120140, 0x09555e1b, 0x2008e04f, 0x291d8307, 0x0e05152e, 0x15020e1f, 0x2e820e2e, 0x11832920, 0x09829a20, 0x012a0324, 0xd35efec0, 0x1f1f2305, 
    0x1683642e, 0x57224e83, 0xf4832201, 0x51a0fe21, 0x0d2208a8, 0x4f83140e, 0x33839020, 0x0d4d0d28, 0x0e050901, 0x45870d4d, 0x4f850420, 0x74180020, 
    0x802c0883, 0x3300a001, 0x4c003a00, 0x70005e00, 0x1626f782, 0x17163117, 0xa2183315, 0x2b210859, 0x06af1801, 0x37342209, 0x410c8723, 0x112c05f7, 
    0x37363736, 0x2b261721, 0x27331501, 0x9123027f, 0xa0012123, 0x3129be83, 0x0a3a111a, 0x020e0909, 0x07455702, 0x84a40221, 0x1729340a, 0x17222917, 
    0x12010116, 0x60011b12, 0x31040277, 0x45073168, 0x565c0c61, 0x18138506, 0x210ce15b, 0x3583a001, 0x14013026, 0x5a0f0b47, 0x08211f82, 0x23498408, 
    0x08221716, 0x0b840082, 0x011f1f22, 0x01217083, 0x24848330, 0x3d4003a3, 0x18f27eed, 0x0810ff7e, 0xf9ff0229, 0x8702baff, 0x0a00c001, 0x00002b00, 
    0x31171637, 0x36213316, 0x05110137, 0x37161727, 0x26113736, 0x010f2627, 0x82352715, 0x012b2107, 0x2006e743, 0x38198201, 0x0d012027, 0x1f01140d, 
    0x86fe0d1f, 0x10595702, 0x01101011, 0x11101001, 0x2117846e, 0x43184bff, 0x313e0b06, 0x010d0e14, 0xfe28011b, 0x0b4646eb, 0x1408090b, 0x08140001, 
    0x954b0b09, 0x0d14bd19, 0x43183c0e, 0x02260a02, 0xc0ff0d00, 0x8f823301, 0x25002027, 0x23170000, 0x06f74735, 0x0f06232c, 0x16170601, 0x22231517, 
    0x78620607, 0x82342005, 0x0337088d, 0x37231733, 0x1f3528e8, 0x030f041f, 0x030de00d, 0x1f1f040f, 0x0b112835, 0xd007010c, 0x0b0c0107, 0x07a49a11, 
    0x751007b2, 0x382b2a0d, 0x01010eb2, 0x2b38b20e, 0x82750d2a, 0x01072318, 0x27830701, 0x5050a02b, 0xff020000, 0x02b9fff9, 0x25778287, 0x002a0010, 
    0x4b182500, 0x21280816, 0x31303130, 0x27052723, 0x23072843, 0x07060706, 0x3d0b0641, 0x443d1d01, 0x09022d2d, 0xc0010d09, 0x5a01f40e, 0x161725fa, 
    0x29280201, 0x2627353c, 0x05418d0b, 0x13503c06, 0x80100c0f, 0x432d2d02, 0xc0090a0e, 0x2212c395, 0x283d2c22, 0x20010129, 0x846f3220, 0x0c3024fe, 
    0x5d0f1310, 0x0121068f, 0x348782c0, 0x00100007, 0x00430021, 0x00780062, 0x07063300, 0x26353315, 0x35078227, 0x37361716, 0x17032726, 0x36023f16, 
    0x0f26022f, 0x021f0602, 0x43740706, 0x46162007, 0x3b29056a, 0x16173201, 0x3233011d, 0x05d05b37, 0x5a332521, 0xc74d070d, 0x5e232005, 0x805107fd, 
    0x36372405, 0x84363137, 0x15172133, 0x26090e4d, 0x20010fb0, 0x52600f01, 0x6c28079d, 0x08040408, 0x19050519, 0x27080787, 0x3f3f31ac, 0x1e1f3231, 
    0x0f0a0a01, 0x0e09095d, 0x09090e80, 0x0a0a0f5d, 0x321f1e01, 0x130ef0fe, 0x32322726, 0x0d142627, 0x0d214083, 0x210d8514, 0x0d830e13, 0x0d012824, 
    0xf464140e, 0x1b1b2205, 0x05b66829, 0x30300f22, 0x07826987, 0x688b1420, 0x8f287083, 0x24010124, 0x382b2b14, 0xd7486082, 0x82402006, 0x2b382c77, 
    0x2b5b142b, 0x01011a1a, 0x842b1a1a, 0x270c8cac, 0x0c0b1158, 0x18110b0c, 0x20077248, 0x09d75918, 0xc0018728, 0x24001200, 0xed413600, 0x0630410c, 
    0x13739518, 0x08709518, 0x31331628, 0x36013f32, 0x95180127, 0x9830236c, 0x26571111, 0x0e0e1111, 0x0b0a0738, 0x0f0d6807, 0x1f649518, 0x0f0d7a2e, 
    0x0e0e265d, 0x07381111, 0x11117008, 0x260c375b, 0x00200011, 0x78450032, 0x26240f05, 0x17272627, 0x27056c59, 0x33151716, 0x07061716, 0x2110a246, 
    0x2619011f, 0x14240840, 0x21331617, 0x35223382, 0x4218f001, 0x30290f48, 0x01010936, 0x20010f0f, 0x2006820f, 0x76a518fe, 0x7ea51808, 0x1a092208, 
    0x6096181c, 0x22682408, 0x18e01514, 0x230f6642, 0x460901a0, 0x30293b83, 0x020f0d02, 0x25240180, 0x7e961836, 0x1d702e0b, 0x3102091a, 0x0a0f4931, 
    0x2526180a, 0x30db882d, 0x00c00181, 0x00340022, 0x00830071, 0x27260500, 0x05994507, 0x013f2624, 0xdb823534, 0xe5612620, 0x24b78405, 0x3d263732, 
    0x110b6e01, 0x27360524, 0x2a833637, 0x26010f24, 0xdc823527, 0x1d060727, 0x27070601, 0x05cc5026, 0x0717062c, 0x17161706, 0x16013f16, 0x07821517, 
    0x37363727, 0x17373635, 0x05554c16, 0x2726072a, 0x34352631, 0x32333637, 0x2f06ac4b, 0x0403a901, 0x110a0908, 0x070c1c0c, 0x13070818, 0xf7883682, 
    0x07097a24, 0xd58bc904, 0x013ce583, 0x19030383, 0x170b0105, 0x11190504, 0x22050114, 0x11140620, 0x1605041a, 0x1905010b, 0x16231a85, 0x851a0504, 
    0x0105271a, 0x05191114, 0x1b831704, 0x0d157326, 0x150d0e0e, 0x01210582, 0x32078201, 0x04020223, 0x0c010105, 0x0f1e271f, 0x04040405, 0x4106160c, 
    0x04240630, 0xe3090808, 0x3e0f5041, 0x0f151575, 0x19200603, 0x0e0e0304, 0x02051e07, 0x05020707, 0x0e0e071e, 0x20190403, 0x870f0306, 0x0f02211d, 
    0x0f211d8b, 0x201d8502, 0x8970831c, 0x06274a7e, 0xc001802d, 0x24001100, 0x3d003000, 0x6f370000, 0x1f210f74, 0x09194501, 0x013f262e, 0x26013f36, 
    0x0f061727, 0x37331401, 0x27260b82, 0x26272507, 0x627a2223, 0xdf272106, 0x27082541, 0x01012424, 0x34362424, 0x3f084441, 0x0e02021e, 0x302d0b03, 
    0x02036047, 0x06470b0e, 0x7e487e03, 0x0b160301, 0x260c0e0e, 0x0a0a2748, 0x184f9918, 0x4709082e, 0x2e2e0b0f, 0x06037502, 0x020e0b47, 0xa52a3783, 
    0x260b0b15, 0x0e0c2648, 0xc38e0b0e, 0x47003522, 0x3221c39e, 0x05204537, 0x16231727, 0x14151617, 0x07314507, 0x250c0044, 0x07061716, 0x9a181716, 
    0xcc3e221b, 0x1414234a, 0x090e8a0a, 0x2d2d0209, 0x1f302f45, 0x20010120, 0x1d26301f, 0x1f010112, 0xd4983020, 0x0f0a0a35, 0x02313149, 0x29281d10, 
    0x0a0f142f, 0x2d430e09, 0x7340022d, 0x16270862, 0x29362821, 0x82000120, 0x00023100, 0x01c0ff20, 0x00c201e0, 0x003e002a, 0x15171300, 0x07249a83, 
    0x36331706, 0x2624b283, 0x15173527, 0x3006ea45, 0x3536023f, 0x26012f34, 0x1506010f, 0x07051714, 0x05657a27, 0x21331622, 0x2b08f487, 0x010b062e, 
    0x020f0a01, 0x01092a09, 0x01010a10, 0x2401340b, 0x24363625, 0x52010124, 0x14be0e0e, 0x0e0ebe14, 0x67673901, 0x01212136, 0x013da282, 0x0a0a0f7a, 
    0x36212101, 0x3b017001, 0x070d0e06, 0x02020c3e, 0x0d073f0b, 0x0d35060e, 0x07eb413c, 0x05143c29, 0x2e050b0b, 0x832e0404, 0x67e92607, 0x2c2c1167, 
    0x8238823b, 0x2c3b2340, 0xb349112c, 0x05a74a06, 0x31001f2c, 0x4f003d00, 0x00006100, 0x78592325, 0x23152108, 0x59087c64, 0x2623055e, 0x18272627, 
    0x20127a43, 0xd8b01823, 0x22ee4409, 0x5002352a, 0x14130110, 0x19192520, 0x099a0719, 0x0e14c028, 0x0d01010d, 0xf04e140e, 0x4920200c, 0xfe210626, 
    0x0fe643d0, 0x17046023, 0x08c3421a, 0x010f2d2d, 0x18214ba0, 0x17020517, 0x77502417, 0x57830d08, 0x86499020, 0x1890200b, 0x2007ca98, 0x0fc34320, 
    0x0c0d5023, 0x06e34307, 0x801c1423, 0x08bb6a00, 0x20069f46, 0x279f462f, 0x2205db61, 0x46263736, 0x88252598, 0x02021690, 0x18048516, 0x201ef79b, 
    0x08ba5138, 0x42030021, 0xc029067f, 0x23001800, 0x00003700, 0x05194d13, 0x310b1d49, 0x17162726, 0x33370706, 0x15161732, 0x36373423, 0x7b421733, 
    0x2a402712, 0x21210c1b, 0x1944362d, 0x1e263806, 0x321c101e, 0x02292902, 0x0a0e5f90, 0x0909a009, 0x5252820e, 0x4228273e, 0x28290978, 0x00013e27, 
    0x192a1d01, 0x6aa1181a, 0x13132809, 0x34022621, 0x4e341c1c, 0xd32606fe, 0x2f0c6d6d, 0x6e42412e, 0x2e412405, 0x82000c2f, 0x00043a00, 0x02bfff00, 
    0x00c00180, 0x001b0014, 0x0042002d, 0x26272500, 0x0706010f, 0x05c85416, 0xbd853720, 0x82350721, 0x143a47b6, 0x080d8046, 0x26333423, 0x02272627, 
    0x0f07736e, 0x02011173, 0x0f332828, 0x1f1e1b07, 0x01011616, 0x07607e11, 0xfe1c1f1e, 0x0f3842f0, 0x18166122, 0x08083742, 0x04047a24, 0x1d1d2801, 
    0x042db103, 0x10082d04, 0x13383754, 0x1b090404, 0x3f2c2c1b, 0xbdbf0810, 0x25254126, 0x2542ce0c, 0x4636200f, 0x01250707, 0x33331e01, 0x4ad68244, 
    0x0d340ab3, 0x00002700, 0x31171417, 0x32213316, 0x07062537, 0x012d0706, 0x3e17b04a, 0x0f0a0a5f, 0x07097a01, 0x3048fdfe, 0x18020230, 0x1a2aebfe, 
    0x2403011a, 0x24353724, 0x4a990323, 0x1d2f0bb1, 0x040a0a0f, 0x313004cc, 0x0cda0848, 0x852d2121, 0x352322d5, 0x0bb24a78, 0x2a0a7345, 0x00240012, 
    0x0043003a, 0x41352500, 0x36240b32, 0x35262737, 0x6f12b347, 0x1f210961, 0x96561801, 0x066d7d0a, 0x23600123, 0x0933412a, 0x3d091324, 0x5541801c, 
    0x9701340f, 0x4f1a135b, 0x1209090e, 0x0d0c0a5b, 0x090a5c0a, 0x420216b7, 0x512205ac, 0xd542132c, 0x0e012506, 0x6f281c3e, 0x310f4f41, 0x09135a6d, 
    0x1b4f0e09, 0x09095b12, 0x0c0d0a5d, 0xe442150a, 0x00022508, 0x01c0ff00, 0x00250182, 0x002a0011, 0xd87f1800, 0x27072a11, 0x37170733, 0x17161716, 
    0x06ca5114, 0x37363528, 0x37173736, 0x668f6001, 0x60218f39, 0x3b282121, 0x09012626, 0x7efe0d09, 0x0109090d, 0x283b2626, 0x8f400121, 0x37e728cb, 
    0x0aa17c37, 0x733d2c2c, 0x3d270522, 0xa10a2c2c, 0x8208007c, 0x02be218b, 0x2c059347, 0x00350023, 0x005c004a, 0x00ae0071, 0x479782c0, 0x17210f9b, 
    0x21118f21, 0x118c011f, 0x16171429, 0x3734011f, 0x49222722, 0x26270a50, 0x27352627, 0x4a313734, 0x1628081e, 0x27263317, 0x07222325, 0x15242e82, 
    0x37360706, 0x36211082, 0x21268237, 0x04821727, 0x7f010f21, 0x0722054c, 0x1c820706, 0x82145f49, 0x36372237, 0x497a823d, 0x3623075f, 0x45363727, 
    0x022512c0, 0x16172200, 0x072b4f01, 0xfe210783, 0x28118f80, 0x1d1d2cc0, 0x1e1d0101, 0x2907832b, 0x302c1e1d, 0x02010209, 0x30196402, 0x0b2507c8, 
    0xb80f0e1a, 0xb2301901, 0x0129080c, 0x11133e70, 0x0e010101, 0x2a412720, 0x01021003, 0x42251919, 0x03031108, 0x040f0c14, 0x01021919, 0x03140c0f, 
    0x01081103, 0x22068203, 0x87010314, 0x181a221a, 0x27198704, 0x03031304, 0x6a020413, 0x210ba24f, 0x4b182001, 0x0f8f0f51, 0xa682a020, 0x1e2c2c22, 
    0x0784ae84, 0x82195021, 0x263408dd, 0x070c3826, 0x1d1d1408, 0x0606b822, 0x01080202, 0x11271b1a, 0x18332502, 0x05020308, 0x121b2006, 0x022e0201, 
    0x1a1b2711, 0x1219af01, 0x0a0b0203, 0x01041706, 0x03302982, 0x0b0a0616, 0x18130302, 0x100b0204, 0x04020b10, 0x0b221d84, 0x1d831605, 0x16040124, 
    0x1d820b05, 0x85191221, 0x0401221d, 0xef491841, 0x01803214, 0x001f00c2, 0x00410023, 0x00740045, 0x07063700, 0x18028631, 0x240844b5, 0x27363530, 
    0x2d018326, 0x010f2223, 0x01231737, 0x22312326, 0x01850607, 0x2108b470, 0x25853134, 0x21820720, 0x11231723, 0x05af5f36, 0x83060e42, 0x1514232c, 
    0x33831516, 0x1716173d, 0x16013f32, 0x17161117, 0x34373633, 0x55232627, 0x0b1b0d12, 0x0102020c, 0x4c242401, 0x042e050c, 0x2a121204, 0x0f1c1c0f, 
    0x9048481d, 0x0983f301, 0x14111c24, 0x22830809, 0x83067e48, 0x74292122, 0x38351e82, 0x7e0c208f, 0x0405060d, 0x0d0b0c04, 0x222e1771, 0x01011616, 
    0x3710837c, 0x05051608, 0x01080688, 0x010fdf0f, 0xc5150d0e, 0x17361a24, 0x05070717, 0x38064142, 0x0a060121, 0x5423240a, 0x8fa51b1b, 0x1b25018f, 
    0x2822381b, 0x06061111, 0x21418405, 0x1f851716, 0x82522421, 0x01a0251d, 0x2b210f27, 0x57836083, 0x02252522, 0x2225bf82, 0x02010303, 0x08138329, 
    0x02011527, 0xfe03052d, 0x02010fa9, 0x0e0e150d, 0x05000000, 0xc0ffffff, 0xc2018002, 0x1f001b00, 0x6c004e00, 0x00007000, 0x09374125, 0x20085b41, 
    0x065b4134, 0x1737072b, 0x37363723, 0x2f262736, 0x20138201, 0x057c4f35, 0x22053b43, 0x821f1617, 0x2311246e, 0x79060706, 0x112b0578, 0x16173736, 
    0x35300533, 0x59273631, 0x5d680505, 0x05f15805, 0x82171621, 0x27372147, 0x022a4f82, 0x1c1c0f2b, 0x1d111d0f, 0x0f470605, 0x24243505, 0x04040101, 
    0x73291212, 0x48904848, 0x05040816, 0x017a0d06, 0x21275c82, 0x0e71172e, 0x83040c0c, 0x0c7e3110, 0x0d149020, 0x0edf0f0e, 0x88060801, 0x00ff0507, 
    0x8e413384, 0x1c112205, 0x264b8306, 0x25363624, 0x82800224, 0x1bc52844, 0x3822391b, 0x41060e0e, 0x01350854, 0x240a0b05, 0x8fa55224, 0x1501e08f, 
    0x040c0b0d, 0x03010228, 0x261e8303, 0x05252502, 0x830d0506, 0x222a3a13, 0x01d9fe0f, 0x10140d0d, 0x010d0201, 0x2d050358, 0x05017002, 0x24230a0a, 
    0x21508854, 0x9a821616, 0xa0221624, 0x9f568f8f, 0x00232b0a, 0x003d0028, 0x0100004f, 0x816e3733, 0x17332909, 0x26233721, 0x33373627, 0x0525068c, 
    0x23173335, 0x4e268505, 0x3622061a, 0x2b4a013d, 0x50012415, 0x75fe119f, 0x672c0821, 0x11000109, 0x01010f61, 0x7c126a0f, 0x84220683, 0x06839612, 
    0x46f0fe38, 0x6001520c, 0x121b00ff, 0x09090112, 0x0e40010e, 0x12010909, 0x91531b12, 0x4080210d, 0x085a4018, 0x72406021, 0x80230dc0, 0x83c08080, 
    0x07bf5730, 0x6e184883, 0xb7580cee, 0x01402e09, 0x001c00a1, 0x1300003b, 0x07060726, 0x63c18211, 0x82670597, 0x11352305, 0xca832734, 0x23260523, 
    0x231e8206, 0x15063106, 0x17232283, 0x83363732, 0x178b0801, 0x35363716, 0x90272611, 0x01124439, 0x40080707, 0x1d1e3132, 0x09050502, 0x02070304, 
    0x01372020, 0x3239449d, 0x01081f1f, 0x09040307, 0x1d020505, 0x4032311e, 0x01070708, 0x01a00112, 0xfe14091e, 0x0405099a, 0x05041c03, 0x03040e0f, 
    0x04060501, 0x05088001, 0x030e0f03, 0x0d021d1d, 0x0501060d, 0x0581fe08, 0x03010506, 0x050f0e04, 0x04031c04, 0x66010905, 0x00000914, 0xff000005, 
    0x014002c0, 0x001400c2, 0x0048002e, 0x8575005b, 0x601520c1, 0x3727060d, 0x35262736, 0x18363734, 0x83079648, 0x85b58517, 0x20d58217, 0x05e27405, 
    0x17060725, 0x4f141516, 0x33200597, 0x8905ac48, 0x82332012, 0x343522e8, 0x4e691827, 0x17162107, 0x1484fd83, 0x2a821120, 0x26284482, 0x0d14a127, 
    0x0f070c10, 0x0337f482, 0x0a080404, 0x0d621209, 0x15050c0c, 0x06150915, 0x05050c06, 0x82101005, 0x010c2604, 0x0c0c05ec, 0x2a0f890d, 0x09150606, 
    0x14010114, 0x83071387, 0x06062e33, 0x0c10080d, 0x2076150b, 0x02011617, 0x0545451e, 0x0809123d, 0x0d0c0505, 0x09850112, 0x1d211e12, 0x05020e1a, 
    0x10090909, 0x15121513, 0x8204390c, 0x3734331a, 0x01133439, 0x0b0c0602, 0x2c2c280d, 0x0c0b0d28, 0x62821206, 0x10860420, 0x88822720, 0x0102062a, 
    0x37393413, 0x150b2634, 0x03213885, 0x2a4a830c, 0x05070713, 0x251f1213, 0x46d7fe12, 0x0137055d, 0x13130a29, 0x0d0c1217, 0x00020004, 0x02bfff00, 
    0x00c10181, 0x453b0026, 0x372307ad, 0x18161736, 0x4108d149, 0x058305fc, 0x31303531, 0x22072627, 0x25070607, 0x26312726, 0x8227010f, 0x37172403, 
    0x83012f36, 0x2759081d, 0x0e0e105d, 0x02053c0a, 0x055f0202, 0x20010303, 0x2b2e2e20, 0x111d182b, 0x56060711, 0x261b1c02, 0x1c021f26, 0x0b0d0d08, 
    0x080b23e1, 0x0d3a5719, 0x0ae22206, 0xbe080102, 0x201a1a0d, 0x04030116, 0x0f187004, 0x02010210, 0x12080702, 0x1b232319, 0x016d011b, 0x18090801, 
    0x2e2583f6, 0x0c092caf, 0x050c6d35, 0x08b0290d, 0x840b0d0c, 0x055359b7, 0x2500102e, 0x21130000, 0x26113311, 0x21232627, 0x15209e82, 0x01200b82, 
    0x200bea79, 0x06507216, 0x8001603c, 0x0c0b0140, 0x1250fe10, 0x01400b0b, 0x0f0190d0, 0xd0010fa0, 0x0f01010f, 0x05832002, 0xfe600125, 0x533801e0, 
    0xfe2605bf, 0xfe2001c8, 0x168330c0, 0x71183020, 0x00240c46, 0xff000003, 0x53054b4e, 0x01200619, 0x24051044, 0x21351716, 0x21778811, 0x5b181716, 
    0x124909f7, 0x1916200d, 0x35158239, 0x80fe5002, 0x010d0e14, 0x60011b24, 0x600f0140, 0x2260010f, 0xe158fe11, 0x73502008, 0x203d0f8f, 0x24253640, 
    0x0e090901, 0x090e0001, 0x25240109, 0x01c00136, 0x2e150e0e, 0xfe321101, 0x21b885e0, 0x11832719, 0x153c0127, 0xfe010e0e, 0x0fbe59c0, 0x34832020, 
    0x83051242, 0x7300204a, 0x0031089b, 0x1600c001, 0x50004100, 0x7f006f00, 0x00009200, 0x07d45901, 0x27072222, 0x82059c5a, 0x311722c4, 0x05bd5205, 
    0x14171627, 0x30070607, 0x22018231, 0x82223115, 0x202d8206, 0x06516a23, 0x37362722, 0x31210183, 0x20058317, 0x25188215, 0x26353407, 0x2f823127, 
    0x22072222, 0x4f820583, 0x35272622, 0x84063f50, 0x3334222b, 0x05035215, 0x15373622, 0x34235883, 0x8807013d, 0x8556823d, 0x022d082d, 0x2e250100, 
    0x3d06054d, 0x020c0c57, 0x36020125, 0x36525236, 0xa1fe0236, 0x272f100f, 0x01261b28, 0x011b0802, 0x3027281b, 0x0101385c, 0x3a218202, 0x39232301, 
    0x2be71110, 0x01131921, 0x021e162b, 0x25010816, 0x01010202, 0x82305c38, 0x01253d2f, 0x573d1913, 0x0b0c3d57, 0x02010809, 0x04052001, 0x13191417, 
    0xe0371a0f, 0x13193d57, 0x23835d87, 0x1b70012e, 0x03061915, 0x01011902, 0x221b1501, 0x08064e4a, 0x0901512c, 0x1c150e08, 0x0f140705, 0x09080f01, 
    0x02011c01, 0x141b1b15, 0x01030814, 0x0a0e071a, 0x151e230f, 0x0302070b, 0x1b951421, 0x1d820215, 0x0f080927, 0x0f231b15, 0x2445820a, 0x05060519, 
    0x254c8206, 0x01013a23, 0x2a820806, 0x190f1029, 0x3a03020d, 0x821901aa, 0x8460870c, 0x0ab7462b, 0x2c001a25, 0x18003e00, 0x2a1d3b54, 0x35262303, 
    0x37363736, 0x49061732, 0x0721055c, 0x101b7017, 0x59183520, 0x01271092, 0x3a394800, 0x5d012222, 0xaf311157, 0x30081001, 0x020f4730, 0x283b0d01, 
    0x0d020728, 0x0f9442af, 0x200cbe4a, 0x854191c0, 0x00ff3859, 0x30470f02, 0x0e100830, 0x28280602, 0x5f010e3b, 0x281b1b01, 0x601b1c28, 0x1a230513, 
    0x4a7f011b, 0x02280e5b, 0xbbffffff, 0xc0018002, 0x28052354, 0x17163301, 0x07011f16, 0x05766d15, 0x2f06072a, 0x22152201, 0x1617012b, 0x23210a83, 
    0x077a5c07, 0xfe840120, 0x35171623, 0x05184a07, 0x3705c759, 0x16320c02, 0x04061111, 0x26270160, 0x14072a3e, 0x012f0a15, 0x27290101, 0x31080984, 
    0x0d0b4a85, 0x0108080d, 0x64010a02, 0x25191901, 0x16441a2a, 0x0a070702, 0x0207070a, 0x01a10116, 0x0f150e0d, 0x32434818, 0x15661233, 0x7214070a, 
    0x06835f01, 0x83397121, 0x2c398331, 0x251d1201, 0x01011919, 0x0150011f, 0x82348217, 0x0117233a, 0xbf820100, 0x3805af44, 0x01000044, 0x06310714, 
    0x22313023, 0x07060331, 0x03272621, 0x23302330, 0x05584322, 0xd25f3320, 0x05996f05, 0x36272624, 0x11843637, 0x56070621, 0x2621054a, 0x06325627, 
    0x02152308, 0x110b0c40, 0x1a063201, 0x061ab6fe, 0x11010132, 0x01010b0b, 0x11100c0b, 0x59080c0b, 0x080e0e0d, 0x0f831239, 0x17831120, 0x08391227, 
    0x5a0d0e0e, 0x06f76607, 0x82380121, 0xeafe2724, 0x18020218, 0x45821601, 0x2905f044, 0x0a470a0e, 0x740d0403, 0x0f85160b, 0x740b1629, 0x0a03040d, 
    0x850d0b47, 0x08003c0f, 0xc0ff0000, 0xc0017e02, 0x1d001400, 0x2f002600, 0x41003800, 0x60005700, 0x18250000, 0x22085458, 0x4f1f1415, 0x27210657, 
    0x18be8305, 0x1815c34c, 0x2911cc4c, 0x15162337, 0x15010f14, 0x38451716, 0x013d2605, 0x27262734, 0xd94c1807, 0x0ebf3c08, 0x12150eaf, 0x0e0eaf10, 
    0x14140faf, 0x010eaf0f, 0x0215a1fe, 0x03151502, 0x84801602, 0x01022208, 0x82078416, 0x82078410, 0x3018880f, 0x180777ef, 0x0e0e0188, 0x0e14df14, 
    0x150d0d0d, 0x20218770, 0x234a83e0, 0x1210af0e, 0x0e220785, 0x52821814, 0x86820220, 0x83800221, 0x84038308, 0x83119108, 0x1038261a, 0x89182110, 
    0x05a3452e, 0xe1140d22, 0xb8200883, 0x00223787, 0xb7480002, 0x00c02905, 0x002a0018, 0x11232100, 0x09e11b19, 0x2605035b, 0x35373621, 0x18012f26, 
    0x2210c143, 0x18503002, 0x2009064a, 0x099f4650, 0x0d92ac18, 0x0e168d24, 0xd482010e, 0x73fe1622, 0x1809a046, 0x460e8457, 0x402805ab, 0x1000c201, 
    0x2f002100, 0x23248588, 0x33113315, 0x27257d83, 0x07060701, 0x838e8611, 0x030721a0, 0x362a8e84, 0x14171637, 0x02230607, 0x8a833030, 0x70607022, 
    0xfe258683, 0x0117c0e8, 0x27098330, 0x0b013001, 0x0a30100c, 0x08ce6518, 0x154e0122, 0x402e8e82, 0x0d0280fe, 0x0101111f, 0x190732bf, 0x0b8593fe, 
    0x10df2308, 0xfe03090a, 0x0d0909e1, 0x1c02021d, 0x0009090e, 0xf9ff0100, 0x0502bbff, 0x2800c301, 0x07250000, 0x85820633, 0x010f0622, 0x232f0783, 
    0x06072726, 0x01372627, 0x0f262736, 0x4d372601, 0x172a05f8, 0x07161716, 0x6283e301, 0xb1820103, 0x62931d2b, 0x2b2f3026, 0x11421b2c, 0x34758211, 
    0x0c090904, 0x0d07b20b, 0x45562c0d, 0x27304344, 0xcc220605, 0x2128852b, 0x1f822431, 0x0e420939, 0x0111110e, 0x090c0b03, 0x3a2fb309, 0x43552f3a, 
    0x26300304, 0x4b383435, 0xa0240b1b, 0x4b004200, 0x23228d82, 0x7b503727, 0x27262105, 0x8405354d, 0x0675619c, 0x1a852120, 0xf9592320, 0x24a98207, 
    0x3336013f, 0x219f8432, 0x1d853317, 0x36034708, 0x06171637, 0x02272607, 0x8c5a2010, 0x1e01011d, 0x03202020, 0x1e151605, 0x0616151e, 0x26414152, 
    0x12010126, 0x30011b12, 0x0d01010f, 0x1835140d, 0x21090912, 0x0d202227, 0x230b080a, 0x1c22221d, 0x0210110a, 0x1d835a77, 0x18140e21, 0x2d08dc48, 
    0x124f6020, 0x11112221, 0x1c010c0c, 0x41831212, 0x081d2408, 0x46452c2c, 0x11121b54, 0x140f0101, 0x20010d0e, 0x0f201f1d, 0x0719190e, 0x1a0a0c0b, 
    0x17061515, 0x857e2917, 0x30012119, 0x8307a652, 0x00032ef3, 0x02e0ff00, 0x00a70140, 0x00570046, 0x5af58268, 0x062305c8, 0x8216011f, 0x161723cf, 
    0xfb82011f, 0x26230722, 0x3723f682, 0x85363736, 0x012f2116, 0x2105be69, 0xa643011d, 0x013f2207, 0x48f98333, 0x352705eb, 0x06052734, 0x82063107, 
    0x254d8236, 0x32373635, 0x09650717, 0x23770805, 0x2f262722, 0x16333601, 0x3e021517, 0x21210a2d, 0x030d0f26, 0x0e0e0605, 0x04101011, 0x34302227, 
    0x343e4a3e, 0x04272230, 0x0e111010, 0x0305060e, 0x2224100d, 0x022d0a21, 0x31202101, 0x20202f25, 0x03240304, 0x2f202004, 0x21203125, 0x8dfe0201, 
    0x150e0e02, 0x0e0e1625, 0x232d1c01, 0x35010423, 0x150f0e01, 0x0e0e1525, 0x23230402, 0xb5a81c2d, 0x0b121325, 0x820e0606, 0x04220865, 0x11090706, 
    0x02010b9a, 0x01021c1c, 0x09119a0b, 0x03040607, 0x060e0f0d, 0x13120b06, 0x0808b525, 0x52823046, 0x1e1d0136, 0x2d27272d, 0x01011e1d, 0x46302120, 
    0x145a0808, 0x01010c0d, 0x0c246583, 0x04290d01, 0x01285a82, 0x29140d0d, 0x250c010d, 0x25083342, 0xa201c001, 0xc3601800, 0x37322706, 0x26373625, 
    0x9f6f2527, 0x06072608, 0x05170607, 0xb3581821, 0x21260807, 0x35363732, 0x23262734, 0x06150922, 0x13400106, 0xfe130101, 0x0b0c0dc0, 0x05050406, 
    0x0cf6f60c, 0x01040505, 0xf64dfe7e, 0x86012006, 0x13742907, 0x0a7f0201, 0x80091515, 0x26077c6a, 0x0b066262, 0x47540d0c, 0x03220e1f, 0x934a0300, 
    0x00302506, 0x00530039, 0x2005b97e, 0x07206633, 0x012b2108, 0x17163315, 0x14151716, 0x012b0607, 0x26022f22, 0x3726012f, 0x011f3233, 0x22233533, 
    0x31272627, 0x26200882, 0x23220782, 0xb7821715, 0x8c462120, 0x32212107, 0x8206dc42, 0x7f312738, 0x0d090901, 0xe2478101, 0x20a02105, 0x08058160, 
    0x0ff10e22, 0x0f90570a, 0x11021704, 0x250a111b, 0x090da0d0, 0x01010109, 0x1b1b0180, 0x04f72029, 0xe7fe3526, 0x3a831184, 0x131b1923, 0x056a7a03, 
    0x48a00121, 0x40250828, 0x442d2d02, 0x2a0e8240, 0x063a730d, 0x02125c10, 0x8240330d, 0xe0fe2adc, 0x1b1b2920, 0x04978001, 0x20768224, 0x211f820e, 
    0x857a0413, 0x02003a05, 0xdeff0000, 0xa0014002, 0x3b003200, 0x15250000, 0x27260706, 0x22230635, 0x68098527, 0x16210bdd, 0x24f78517, 0x2f060706, 
    0x43fa8201, 0x373205ca, 0x27263736, 0x17160706, 0x16020001, 0x08080216, 0x07831719, 0x1a2c2108, 0x36020119, 0x2c375236, 0x1b191918, 0x24253638, 
    0x0b0a0101, 0x07075507, 0x19191b38, 0xc0131018, 0x21074243, 0x0983332b, 0x07012923, 0x3807832f, 0x2b2c1942, 0x36365236, 0x0e1b0102, 0x01010a0b, 
    0xf0362524, 0x0903040b, 0x233e837a, 0x9d070a0e, 0x4c08e655, 0x374205b7, 0x1605230a, 0xa4513633, 0x21938205, 0xba822736, 0x83050721, 0x12374298, 
    0x4001343c, 0x09150506, 0x0c060505, 0x050cf6f5, 0x0b060405, 0xc0fe0d0c, 0x13010113, 0x37426c01, 0x80e2280f, 0x0d130102, 0x42060b0c, 0x2e83052e, 
    0x1509802b, 0x09c20915, 0x0a0d0d09, 0x053d420a, 0x00000023, 0x38038205, 0x01400200, 0x00200080, 0x00440037, 0x005e0051, 0x35333100, 0x17163736, 
    0x21069615, 0xb0741521, 0x07f54c05, 0x15070628, 0x27263521, 0xb9823736, 0x20051160, 0x213c8333, 0x0c960706, 0x0f015025, 0x8d60010f, 0xfd502204, 
    0x2e8582c0, 0xfe140e0d, 0x0d0e1420, 0x02021e01, 0x8340021e, 0x80fe2105, 0x9509db46, 0x0f20220a, 0x91228201, 0x60602405, 0x47232d01, 0x0e28059a, 
    0x210c2314, 0x53530c21, 0x5d200583, 0x08178718, 0x09936020, 0x64000021, 0x212d099f, 0x00005800, 0x36352305, 0x27062737, 0x23018226, 0x16152735, 
    0x240d1064, 0x23262736, 0x22fb8217, 0x56272635, 0x3627059d, 0x36272335, 0x5235013b, 0x0686053d, 0x23213b82, 0xa9111906, 0x23392b39, 0x514f0705, 
    0x0d02010e, 0x05834f4f, 0x1c01502b, 0x1a282a1c, 0x07b8011a, 0xf8671808, 0x22102c09, 0x07220e04, 0x27260501, 0x19250433, 0x271eba11, 0x021f051b, 
    0x21020e0d, 0x01230482, 0x821b1b2a, 0x3229214f, 0x0bc51119, 0x0000063b, 0x4002daff, 0x2200a601, 0x3b003400, 0x4a004200, 0x00005200, 0x31371613, 
    0x050c5236, 0x82111721, 0x262721d0, 0x2221d482, 0x21098431, 0x19821127, 0x18311721, 0x2111e942, 0xfe823307, 0x11152723, 0x211f8215, 0x21462337, 
    0x35333805, 0x31171627, 0x23351716, 0x3c3c3b31, 0x4142413c, 0x01011a41, 0x83130e0f, 0x8201200d, 0x8540200d, 0x23ee2a0e, 0x01011716, 0x21231617, 
    0x08078317, 0xe021172b, 0x12110140, 0x11121c1c, 0xc1014001, 0x0112121b, 0x12014040, 0x01401b12, 0x08090f71, 0x08081211, 0xfe1e0c16, 0x090a12ca, 
    0x220f8904, 0x82133501, 0xeffe260f, 0x2a1b1b01, 0x82ec8229, 0x83292007, 0x844020f4, 0x1101213f, 0xa0265284, 0x1b131201, 0x5984d041, 0x07000022, 
    0x142cff88, 0x3f003700, 0x4e004700, 0x67005500, 0x15cf6a18, 0x41012f21, 0x26242216, 0x27263127, 0x29dc6a18, 0x1202fb2b, 0x04021310, 0x12020212, 
    0x23048331, 0xca020e04, 0x261c2941, 0x1211014e, 0x4140401c, 0xe1201019, 0xf982f18b, 0x83f12a21, 0x02442c4e, 0x01011312, 0x2f021213, 0x41801104, 
    0xaf262039, 0x0112121b, 0x6184c140, 0x01418125, 0x7a1b1312, 0x402905b3, 0x20200130, 0x2020302f, 0x21078201, 0x07822f30, 0x2006fb5c, 0x05534400, 
    0x20001527, 0x38002b00, 0xfb801800, 0x07062217, 0x05324916, 0x21152327, 0x27263736, 0x22108321, 0x67070625, 0x3525056b, 0x02232726, 0xd06b1800, 
    0x0f702514, 0xa00f0101, 0x01210484, 0x20068360, 0x260c84fe, 0x02160801, 0x84501602, 0x80012104, 0x13ba6b18, 0x0f01a022, 0x0f202e83, 0x08861d82, 
    0x0df34718, 0xc0830420, 0x01400224, 0xbb850080, 0xbb978420, 0xbb8a0720, 0xbb833320, 0x10832320, 0x05442720, 0x06385706, 0x4149617b, 0xf0201507, 
    0xe020cb83, 0x05850484, 0x6c240a83, 0x02111401, 0x41464f7b, 0x46181544, 0x08880809, 0x0212a025, 0x7b061202, 0x00204640, 0x01330082, 0xe0ff1000, 
    0xa201b001, 0x00003f00, 0x31071425, 0x52012b06, 0x3f22072d, 0xe36e2301, 0x8a372008, 0x5636200a, 0x0f2205cc, 0x47183301, 0x072008a8, 0x01300a84, 
    0x0e0909b0, 0x100b41d4, 0x020b0909, 0x3f2a0703, 0x22057c48, 0x85a93f6a, 0x41d42508, 0x0c0c0d08, 0x70201a91, 0x62231e82, 0x8305010d, 0x473e201d, 
    0x58570532, 0x83622006, 0x56168e2c, 0x002c06a7, 0x3100c001, 0x55004300, 0x79006700, 0x3020bb85, 0x20057649, 0x22c08206, 0x82161714, 0x15302401, 
    0x82141716, 0x2322210d, 0x8205624c, 0x603720b9, 0x162405d3, 0x06213517, 0x9a18ed82, 0x342308b8, 0x71272627, 0x2720089b, 0x19844282, 0x23903720, 
    0x7d751720, 0x3623840b, 0x15010002, 0x14621c14, 0x01010d0e, 0x01020503, 0x0e0f010b, 0x51050618, 0xfe2011db, 0x490d8862, 0xa5190899, 0x91580f8a, 
    0x02c1360c, 0x111b0101, 0x0e0e0110, 0x0c050514, 0x0103030c, 0x12181514, 0x83e21812, 0x05fe510c, 0x09010123, 0x060e7409, 0x09090d24, 0x56824001, 
    0x15860783, 0x1d8d8020, 0x1d8d8020, 0x0a0b5b18, 0x21000b28, 0x00003b00, 0xdd413537, 0x16372109, 0x13467018, 0x2726072b, 0x23272631, 0x1d060722, 
    0x092e7801, 0x36373625, 0x8530c037, 0xc03021db, 0x88085444, 0x40012a09, 0x1b1b0130, 0x0b114829, 0x05e9410c, 0x1b293025, 0x63c0011b, 0xe0200695, 
    0x13e64218, 0x2183c020, 0x110b0c23, 0x9f4918b8, 0x8200200a, 0x00012100, 0x2a055b4d, 0x003f00a0, 0x37361100, 0x4a373631, 0x33210584, 0x4a858335, 
    0x264d0890, 0x15232306, 0xa54a1514, 0x28148609, 0x23273534, 0x27262726, 0xaf4f1835, 0x88c02008, 0x21088809, 0xc67750c0, 0x0e142309, 0x0e86010d, 
    0x08734d18, 0x83101021, 0x24378c15, 0x01031010, 0x23118c6c, 0x6b020360, 0x00211084, 0x33b78204, 0x018001ba, 0x002700c6, 0x003d0032, 0x13000048, 
    0x37011f36, 0x17280388, 0x06111716, 0x012f0607, 0xa2820389, 0xe1821120, 0x0d451720, 0x89352014, 0x0e0e2615, 0x1028280c, 0x20038510, 0x0500650c, 
    0x52251190, 0x0f01010f, 0x850484c0, 0xa0431805, 0x01c0280c, 0x220a06be, 0x850c0c22, 0x060a2703, 0x30fe0f07, 0x138f070f, 0x0fd00124, 0xe5458e07, 
    0x45e02007, 0x6a1810ee, 0x802a087f, 0x0c00c001, 0x31002c00, 0xe9824300, 0x5f004d27, 0x00006c00, 0x05334237, 0x35013b27, 0x25072223, 0xc15f1823, 
    0x18232009, 0x2108cd73, 0x73183621, 0x232308cd, 0x18153335, 0x20112480, 0x20168317, 0x381b9533, 0x012b2637, 0x37323315, 0x34013d36, 0x09090927, 
    0x20200d0a, 0xc7010a0d, 0x05734270, 0xb16f7020, 0x1b402c08, 0x01011212, 0xd0221716, 0x53204040, 0x0585057f, 0x40408023, 0x20128e60, 0x214585d7, 
    0x08820909, 0x0a0d8026, 0x8909c009, 0x8307ad6c, 0xf0fe2141, 0x08e14518, 0x5f831020, 0x20c0fe24, 0xf5537820, 0x21558208, 0x00822078, 0x3f20118c, 
    0x0a214382, 0x084b820d, 0x00010020, 0x01c4ff04, 0x00bc01fc, 0x17000031, 0x22312306, 0x3526012f, 0x17013f34, 0x2f363716, 0x06943701, 0x32333639, 
    0x1516011f, 0xb2010714, 0x0f13130f, 0x330e0e5c, 0x0a0b0b30, 0x932a300a, 0x86332006, 0xc4fe2523, 0x5c0e0e2e, 0x33250c83, 0x0b0a0a30, 0x922d820b, 
    0x86332006, 0xc4fe2123, 0x002c9b82, 0x0002c0ff, 0x4400c001, 0x11150000, 0x26095b43, 0x16070623, 0x8d153317, 0x17162506, 0x33353736, 0x0d008718, 
    0x16171622, 0x25057c6e, 0x26272221, 0x6c433427, 0x18502009, 0x18115d76, 0x5d0c3450, 0xfe2608d6, 0x0d0d1360, 0x5d181003, 0x302009e5, 0x920d9c5d, 
    0x0e0d2d48, 0x0e146014, 0x0d0c010d, 0x00030212, 0x01200082, 0x40260382, 0x40018002, 0x2f443800, 0x94a78d08, 0x2970180d, 0x8201200e, 0x0e195e57, 
    0x08440e8a, 0xe0fd2107, 0x10200984, 0x9b910583, 0x6f5e118b, 0x86088408, 0xc0ff27a7, 0xc0010001, 0xd7443100, 0x0d68410d, 0xda6f0d8d, 0x88112008, 
    0x88779750, 0x8b4e1820, 0x0e4d4109, 0x7b41d084, 0xa0012508, 0x00080000, 0x33058b5b, 0x000e00c5, 0x00340028, 0x004e0041, 0x0068005b, 0x0100007a, 
    0x2c07976e, 0x35272623, 0x17013f36, 0x15161716, 0x435a1811, 0x34112a08, 0x023f3637, 0x03011f36, 0xe5451833, 0x4a032009, 0x05220b7b, 0x22551716, 
    0x21d18205, 0x19980515, 0x2611d774, 0x010f4001, 0x4e010f10, 0x9d2406b8, 0x0b0a117d, 0x7b41db83, 0x0a0b2805, 0x118b7d11, 0x18dd8b13, 0x2008e374, 
    0x222a88a0, 0x4e900120, 0xfe2109ed, 0x26179570, 0x191925b0, 0x18190101, 0x2409ab5b, 0x0f014001, 0x05e84410, 0x010f202b, 0x0d051b1e, 0xddfe110d, 
    0x05644514, 0x2301142e, 0x050d0d11, 0x0a0a5d1b, 0x6062fe5d, 0x08d95518, 0xa6823483, 0x820f0121, 0x83502004, 0x200c8568, 0x8f108430, 0x38012115, 
    0x0f1b5c18, 0x60180020, 0xfe290877, 0x1300c001, 0x00001f00, 0x16671837, 0x06e9520a, 0x01072b08, 0x16071707, 0x37171617, 0x80273733, 0x350b0b75, 
    0x0b0f0f0b, 0x17161675, 0x01171e1d, 0x5301803f, 0x0609090a, 0x3f5f3e52, 0x198375a9, 0x0b0b3535, 0x1d1e1775, 0x01161617, 0x533e6017, 0x0a090906, 
    0x82408053, 0x0400376a, 0xbeff0000, 0xc3018102, 0x18000b00, 0x4b003200, 0x33130000, 0x0b772335, 0x16032507, 0x17163117, 0x222a1082, 0x25070607, 
    0x06310722, 0x1c833007, 0x69152321, 0x272c076d, 0x23262726, 0x06072613, 0x3215010f, 0x03831483, 0x51163321, 0xc0210675, 0x06541820, 0x054b6108, 
    0x39080e85, 0x1c1c1b52, 0x15110116, 0x273a2c16, 0x52303129, 0x02012222, 0x99463333, 0x27293130, 0x1615293a, 0x1603030f, 0x461b1c1c, 0x01023333, 
    0x01522222, 0x12017f21, 0x121b1a12, 0xcf610112, 0x7f2e0805, 0x801b1212, 0x0e0e0809, 0x1080090a, 0x0a04030c, 0x24212212, 0x01181830, 0x03040a18, 
    0x097f100c, 0x02010b08, 0x0208080f, 0x22301818, 0x81182122, 0x0225077b, 0x00c00100, 0x05357934, 0x7f182520, 0x06210861, 0xec8b1807, 0x23cb8208, 
    0x31343527, 0x3a4a0683, 0x8214200b, 0x333023fc, 0x71183914, 0x541812f5, 0x01251103, 0x0e0d01a0, 0x09604314, 0x0e143027, 0x1a2c010d, 0x0cf65b19, 
    0x2d1a1a22, 0xd882ca86, 0x08b44819, 0x42083449, 0x3021074d, 0x203c8340, 0xc0561830, 0x44302009, 0x1f23058d, 0x78352e2d, 0x35250b8a, 0x011f2d2e, 
    0x834a8bd0, 0x08084341, 0x875e1887, 0x0008380c, 0x002e0023, 0x00450033, 0x3700005c, 0x27331716, 0x15070623, 0x66070613, 0x16200556, 0x5708f964, 
    0x2621057a, 0xe9ca1827, 0x06012907, 0x15333707, 0x27172723, 0x2006c543, 0x05624b27, 0x27070629, 0x2b262726, 0x85150601, 0x3b16243b, 0x82353601, 
    0x60272911, 0x60760f01, 0xa0010f16, 0x3611224b, 0x3a222201, 0x37514839, 0x23010236, 0x3f300b01, 0x2033532d, 0x83232f6f, 0x7c8323f0, 0x18853f30, 
    0x061a5b37, 0x08110601, 0x19111204, 0x06020619, 0x11040810, 0x0f901812, 0x22578201, 0x5d300140, 0xfe2d170b, 0x37360240, 0xfe303f51, 0xc00123f5, 
    0x27558220, 0x0f400f01, 0x01237c01, 0xef291685, 0x01061802, 0x0f0f1808, 0x43088801, 0x0733057b, 0x3902c0ff, 0x2000c001, 0x00003d00, 0x26230625, 
    0x87070627, 0x27222103, 0x3f30cf82, 0x21333601, 0x16011f32, 0x31070607, 0x15373617, 0x2a08fa44, 0x31171635, 0x37323316, 0x83352115, 0x01312806, 
    0x280706f0, 0x86281919, 0x06293503, 0x0f102a06, 0x10083a15, 0x08106401, 0x100f153a, 0x0705042a, 0x3009014b, 0x08080606, 0x40011113, 0x08091211, 
    0x1c0101e1, 0x2703891c, 0x25252508, 0x5b0d0d5b, 0x08240682, 0xc3010120, 0x28072042, 0x010101c3, 0x05858505, 0x077b5801, 0x28053f61, 0x00260015, 
    0x11000032, 0x22ab8234, 0x82162137, 0x05037bab, 0x2627222a, 0x33173135, 0x33353315, 0x0a4bb584, 0x33212105, 0x3909e57c, 0x1a0e4c06, 0x0e1a8c01, 
    0x0a0b064c, 0x10cafd10, 0x40400b0a, 0x0d0140c0, 0xe046140e, 0x07b84b05, 0x0b25012b, 0x01147209, 0x09721401, 0x8224820b, 0xa045222c, 0x205a18a0, 
    0xfff02108, 0x8208e07c, 0x41032098, 0x01230558, 0x19130080, 0x24191356, 0x31373417, 0x08575736, 0x83212321, 0x840520aa, 0x37342105, 0x0922178a, 
    0xc2570e09, 0x80fe2507, 0x4009090e, 0x0121108f, 0x0fb25560, 0x864d0120, 0x0920570c, 0x78183982, 0x70180c81, 0x04330a43, 0x0e000900, 0xc6002900, 
    0x0000cb00, 0x37170737, 0x82273727, 0x21028205, 0x21430727, 0x0713241a, 0x82012f06, 0x1f362624, 0x010f1601, 0x4b038217, 0x262206d3, 0x3f82013f, 
    0x23820f9d, 0x67823782, 0x0b823382, 0x0f962720, 0x37205b86, 0x0f961f87, 0x17216b86, 0x221f8637, 0x82270716, 0xbc0722c5, 0x2000822d, 0x29038271, 
    0x2d2d5a2d, 0x432d2c2e, 0x64523636, 0x36362205, 0x350b8b43, 0x06050cbb, 0x10222d1c, 0x050b0606, 0x05111105, 0x06060b05, 0x0d851110, 0x1c2d2222, 
    0x1c210f84, 0x820f841c, 0x8d1f8626, 0x2d212b2d, 0x0c05061c, 0x1d1d0404, 0x4d830404, 0x86222e21, 0x822d853f, 0x965b8454, 0x8b74824d, 0x2211227b, 
    0x204d892e, 0x20bf83a4, 0x200483ed, 0x20048317, 0x24048388, 0x20013401, 0x85c48e20, 0xe8fe21d0, 0xa487c282, 0xa4b1569b, 0x8d110621, 0xafcb82f2, 
    0x832820f2, 0x052343bc, 0x02e0ff31, 0x00a00100, 0x002f002a, 0x0100004c, 0x582b2627, 0x232d050e, 0x07060706, 0x0f222315, 0x011d0601, 0x195b1833, 
    0x27078807, 0x23012f34, 0x17153335, 0x18051658, 0x20082b5b, 0x09466915, 0x01152327, 0x0d092ef7, 0x08074a33, 0x090d3324, 0xf457092e, 0x23058605, 
    0xa0a0a709, 0x87058d65, 0x0e092510, 0x090ec001, 0x2a822582, 0x2008194a, 0x210c8230, 0x1258630d, 0x0d63260b, 0x30303709, 0x0a2a58f0, 0xb54f7020, 
    0x20702105, 0x2206474c, 0x82b00180, 0x010022d1, 0x22bf8214, 0x7e2f2223, 0x232805c7, 0x27262726, 0x27060711, 0x2207f64c, 0x64013b36, 0xe44c07aa, 
    0x80022805, 0x0f0a3207, 0x443a090b, 0x2208087b, 0x0f0b083b, 0x0c07320a, 0x23181487, 0x241a1a06, 0x061a1a24, 0x87141922, 0x0a1d010c, 0x070c3d0a, 
    0x49fbfe2e, 0x052c089b, 0x0c01072e, 0x0f0a0a3c, 0x23106a0a, 0x3d059e6a, 0x0a6a1023, 0x0003000f, 0x01c0ff00, 0x00c00140, 0x00280011, 0x13000066, 
    0x36313736, 0x8e823435, 0x2008f348, 0x20a98206, 0x218d8215, 0x14773233, 0x24ac8306, 0x2f343707, 0x21088302, 0x28830722, 0xa249238e, 0x821f2006, 
    0x373621c4, 0x47184e82, 0x33210a7c, 0x08108232, 0x0d14d05c, 0x140d0e0e, 0x010e0d15, 0x150d0e01, 0x320a0586, 0x0b0c0109, 0x3b0a0d08, 0x0c0e0509, 
    0x01011608, 0x12f61404, 0x18030a17, 0x12173318, 0x07061512, 0x04061121, 0x0e090801, 0x05070913, 0x020f1b0b, 0x040b3c11, 0x0f170812, 0x16010908, 
    0x112d0b04, 0x17170905, 0x090d0707, 0x5a18010a, 0x4d081014, 0x090cdefe, 0x120d0a32, 0x3c090707, 0x0d220c09, 0x01021709, 0x13703406, 0x101d0c0a, 
    0x05031d1c, 0x02030906, 0x070e200e, 0x09090e07, 0x040b0e11, 0x08073d0b, 0x0c421219, 0x01174a0f, 0x0c0a0901, 0x10590404, 0x1145310c, 0x040b0d18, 
    0x4d180909, 0x9f420857, 0x00232505, 0x01000035, 0x09574118, 0x16070624, 0x334d2117, 0x3611260d, 0x21373637, 0x399b1803, 0x0c971810, 0x0f902608, 
    0x010f0101, 0x07c54670, 0x5518fe20, 0x01210821, 0xb28f1880, 0x6101200c, 0x01210675, 0x2330820f, 0xe01b1212, 0x01213187, 0x20098340, 0x337918fe, 
    0x0400230c, 0xb74e0000, 0x821a2006, 0x004e24a3, 0x5f000067, 0x31220525, 0x0f540706, 0x05ce5211, 0x82070621, 0x16172101, 0x3622af82, 0xd34a3233, 
    0x31272205, 0x20b98527, 0x05844f35, 0x06072624, 0xe583011f, 0x3f331622, 0x23053b61, 0x3f161706, 0x2005e648, 0x057c5e33, 0x18023121, 0x0818497f, 
    0x150cac22, 0x151e1e15, 0x0a090c15, 0x0f090c0b, 0x0f16150e, 0x0c0b090f, 0x0ea4090a, 0x0e0b0909, 0x600d0306, 0x1f2d0483, 0x09010109, 0x1eb70d09, 
    0x0e06030d, 0x20048360, 0x08df530c, 0x3749c020, 0x0e752817, 0x01010b0b, 0x820e0b0b, 0x0a0a2559, 0x09080809, 0x0c2d0582, 0x0909650b, 0x0302020e, 
    0x060e0d03, 0x2c048320, 0x0e0e090a, 0x0a370909, 0x030d0e06, 0x22048320, 0x43020304, 0x0e2105a4, 0x7b451809, 0x0013220d, 0x0cdb4133, 0x24060e56, 
    0x21052133, 0x08fb5511, 0xbc613520, 0x56152007, 0x33230723, 0x85e00111, 0x51fe2050, 0x01230620, 0x4140fec0, 0x802707ed, 0x291b1b01, 0x471b1b29, 
    0xd44107b7, 0x82a58207, 0xfe602234, 0x200885e0, 0x074f5980, 0x0f858020, 0x83200121, 0x22a0829b, 0x8201c0ff, 0x0a003301, 0x16001000, 0x26002000, 
    0x52004000, 0x64005e00, 0x8a470000, 0x72332005, 0x162906ce, 0x23153317, 0x37360706, 0x084a442b, 0x07062726, 0x17373633, 0x270a1f64, 0x17161716, 
    0x36373221, 0x3522c482, 0xde4c3736, 0x07836905, 0x36373624, 0x72481337, 0x27153c09, 0x16232726, 0x0806f017, 0x022e0207, 0x5e060807, 0x020c2c09, 
    0x0c022727, 0x8447092c, 0x22198310, 0x820a2b40, 0x01f92611, 0xfe140e0d, 0x149518d0, 0x0e402708, 0x0f010909, 0x7478010f, 0xfe902110, 0x22062941, 
    0x82b92001, 0x2b0a354c, 0x14065f01, 0x14212114, 0x314f0614, 0x20291d15, 0x31151d29, 0x15830d83, 0x31156631, 0x01e61d29, 0x0d0e1420, 0x1b1b0101, 
    0x83c0fe29, 0x09092960, 0x5109120e, 0x1001160e, 0x200fa074, 0x063a41fe, 0x1daa403b, 0x00153129, 0xfffdff04, 0x018301c0, 0x006100c0, 0x00840073, 
    0x25000097, 0x06675c36, 0x27363723, 0x4bee8226, 0x0d8306db, 0x2620ed82, 0xe3670383, 0x06272205, 0x21018207, 0xec442627, 0x05244305, 0x16210b84, 
    0x6d018217, 0x098305e8, 0x18161721, 0x210dc4e7, 0x61842737, 0x17202382, 0x83075641, 0x013f2f2c, 0x30331617, 0x013f3633, 0x25072726, 0x3a820706, 
    0x30313024, 0xd4183233, 0x2d0808eb, 0x05060b20, 0x0f0a0807, 0x02020608, 0x0a060303, 0x070a0101, 0x02010203, 0x0b0e0806, 0x06050708, 0x0c100c0b, 
    0x0d09090a, 0x090d0e0e, 0x0c820a0a, 0x07202f8c, 0x03212f85, 0x202f8d02, 0x242f8a0a, 0x171601b0, 0x0b917422, 0x09056e35, 0x152d0e09, 0x0f010f07, 
    0x38532206, 0x385c0120, 0x82062253, 0x15072b0d, 0x09090e2d, 0x085a2005, 0x7a880a0f, 0x7a8c4a8b, 0x020a0622, 0x7a84aa83, 0xaa862fa3, 0xa620da83, 
    0x080f2075, 0x0b0df12f, 0x2a09020b, 0x520e010d, 0x52523709, 0x0e520937, 0x092a0d01, 0x0d0b0b02, 0x00000052, 0xff000004, 0x018002e0, 0x006700a0, 
    0x0071006c, 0x1d451876, 0x07814d09, 0x26070626, 0x17162327, 0x640a9d61, 0x36220833, 0xb8433337, 0x26232605, 0x06070627, 0x0f2e5707, 0x82373621, 
    0x20048321, 0x42471823, 0x065a570b, 0x35330726, 0x15071523, 0x05200582, 0x33290882, 0x0e146001, 0x1276010d, 0x078f4528, 0x42122827, 0x051b1c2c, 
    0x18168304, 0x2e0c9b55, 0x1c1d0503, 0x401a0e2d, 0x1c2d0e1a, 0x9003051d, 0x0405251f, 0x432d1c1b, 0x7620488b, 0x38263f84, 0x30d03030, 0x03830130, 
    0x1083a020, 0x02220422, 0x2507c54e, 0x2e1e2202, 0x658c392f, 0x57834020, 0x2727332b, 0x01011414, 0x27271414, 0x231d9133, 0x1e2e2f39, 0xaa84438b, 
    0x30306824, 0x008330f0, 0x8b7d0020, 0x01e53505, 0x002f00c0, 0x0500003a, 0x37363736, 0x17372726, 0x36013f16, 0x2505777d, 0x2607011f, 0xb8523527, 
    0x19172008, 0x2007244c, 0x24098316, 0x33353727, 0x32088215, 0x01373621, 0x1814244f, 0x2b1a0101, 0x0b0b0c09, 0x84340a0a, 0x27092b05, 0x0f101512, 
    0xe10f0101, 0x0582020e, 0x2c102208, 0x0101191a, 0xdd251319, 0x186018b7, 0xfffe1425, 0x01402513, 0x37352a20, 0x0a092b2c, 0x0c0b0b0a, 0x29058434, 
    0x0c112709, 0x200e029a, 0x0484010f, 0x2c199a31, 0x2a35362b, 0x0dfd0120, 0x170db6b6, 0x48172626, 0x802006cf, 0x1227b782, 0x33002a00, 0x41130000, 
    0x212005d7, 0x25051259, 0x17333717, 0xeb4d1337, 0x21058405, 0xc4822726, 0x05842320, 0x6f182120, 0xe02d0873, 0x0d0e1470, 0x0180fe01, 0x10140e0d, 
    0x25008320, 0x121201a0, 0x0483401b, 0x12121b22, 0x22056c47, 0x58c08001, 0x01210736, 0x212983c0, 0x3583d0d0, 0x00824020, 0x20e0fe22, 0x38872689, 
    0x01b02022, 0x2006095e, 0x9b6e1800, 0x002a260c, 0x00520040, 0x25a98264, 0x16311716, 0xe5181117, 0x35211dc9, 0xbfe51811, 0x21332108, 0x7006df57, 
    0x1d21058d, 0x5c121901, 0x49218211, 0x4d1805cc, 0xe025086c, 0x023f3f60, 0xa8e51809, 0x3f022413, 0x82a0603f, 0x4e012019, 0xff2006aa, 0x10200783, 
    0x480c676d, 0xc0260d8b, 0x22171601, 0x2182b0fe, 0x20201786, 0x45830787, 0x17225024, 0x43840116, 0x2009de5b, 0x0c357e80, 0x300c5966, 0xff1f0001, 
    0x012102c0, 0x006c00c0, 0x07142500, 0x2b018206, 0x15162322, 0x27060716, 0x27262722, 0x82057165, 0x06232615, 0x34372627, 0x05d15c37, 0x26312224, 
    0xb6453435, 0x26352e07, 0x32333637, 0x32311633, 0x35171617, 0x21168436, 0x12823330, 0x31301723, 0x22128216, 0x82151716, 0x22108414, 0x82140716, 
    0x0814845f, 0x20021546, 0x25250408, 0x10080938, 0x0a060703, 0x1c141302, 0x02161602, 0x0213141c, 0x0307060a, 0x33090911, 0x01092424, 0x15010909, 
    0x132f2214, 0x04060113, 0x01010107, 0x3b303006, 0x0f0f0e01, 0x0401020f, 0x02050909, 0x5e080982, 0x303a010e, 0x02010631, 0x01060407, 0x222f1313, 
    0x08021514, 0x02050a4a, 0x24020d0e, 0x07070903, 0x12080803, 0x0202162b, 0x08122b15, 0x07070308, 0x01230509, 0x05060c0c, 0x0105090a, 0x3c070809, 
    0x09063232, 0x11010506, 0x3b052d12, 0x1d1d3031, 0x04070704, 0x30311d1d, 0x122d053b, 0x82050111, 0x3232291c, 0x0908073c, 0x00090501, 0x2708df65, 
    0x001900a0, 0x37000033, 0x18083159, 0x20090bde, 0x05e86c17, 0x07271996, 0x0d0ab701, 0x66500a0d, 0x382105eb, 0x052f678a, 0x0683a020, 0x13858020, 
    0x85ea6821, 0x00ff2513, 0x500909c9, 0x3a210b85, 0x241b858a, 0x0909e0a0, 0x21128580, 0x1285ea6a, 0x8300ff21, 0xff023c00, 0x02c0fffc, 0x00c0013f, 
    0x003c001c, 0x35230500, 0x26273637, 0x07062127, 0x18011f06, 0x820adf48, 0x48232014, 0x362006ae, 0x1f47b282, 0x27222407, 0x44171607, 0x5008056b, 
    0x20012726, 0x060ba930, 0x92fe1106, 0x0b060611, 0x090e30a9, 0xbf0d0209, 0x0902010e, 0x30900e08, 0x340f2424, 0x1b15160d, 0x011b1a29, 0x281b1b01, 
    0x22241215, 0x29283d29, 0x28290101, 0xa97d103d, 0x010e0e0d, 0x0d0e0e01, 0x09097da9, 0x01010f0e, 0x283e820f, 0x1a01d001, 0x0d162b1a, 0x0782490d, 
    0x14240923, 0xe6451801, 0x02002207, 0x2b008200, 0x8001ff01, 0x23001800, 0x35010000, 0x24076f61, 0x3b161714, 0x09d65201, 0xcd821720, 0x21171624, 
    0xa2823736, 0x16101839, 0x51160202, 0x07070215, 0x38561109, 0xc0010238, 0x56383802, 0x8230fed0, 0x01152b17, 0x010216d0, 0x212f0116, 0x0e831602, 
    0x08070a30, 0x3d3e0b21, 0x3e3d5959, 0x1502ff0b, 0x03830217, 0x04000039, 0xccff0c00, 0xb401f501, 0x30001e00, 0x54004200, 0x27250000, 0x83012f26, 
    0x010f2202, 0x22028206, 0x8516011f, 0x013f2202, 0x18028236, 0x20128b71, 0x10db6d37, 0x11901720, 0x0cef0131, 0x1d331d06, 0x23284827, 0x20132441, 
    0x860b0612, 0x4024210e, 0x132a0e82, 0x0ec1fe06, 0x09090908, 0x04820d0d, 0x200e0822, 0x05850c85, 0x198ba020, 0x2748c122, 0x3d824682, 0x12221122, 
    0x28203a82, 0x1c230e83, 0x86060b07, 0x8270200e, 0x202e8842, 0x844f869f, 0x8b7f2055, 0x20f78719, 0x26f782f4, 0x00320020, 0x82560044, 0x272623f7, 
    0x79492631, 0x23f9cd05, 0x01222133, 0x02210382, 0x8deb8427, 0x112122fa, 0x82fa8205, 0x0e0921f4, 0x4405ee44, 0x20530ce7, 0x2202240d, 0x82013321, 
    0x11052303, 0xfb871321, 0x0a411d20, 0x6f272108, 0xfb90ee8b, 0x63830d20, 0x05820d20, 0xb36f0020, 0x01002c06, 0x001c00c0, 0x37000039, 0x83231533, 
    0x621120f7, 0x35210966, 0x06927134, 0x23011129, 0x17163335, 0x60111716, 0x15230991, 0x84060714, 0x8011232a, 0xd718e0e0, 0x54450bf9, 0x00012105, 
    0x40271593, 0x12120140, 0x8500011b, 0x23e48623, 0x0001a0fe, 0xff201784, 0x0124178d, 0x00090060, 0x02290082, 0x00800180, 0x00210014, 0x2ba7822c, 
    0x00530046, 0x006d0060, 0x01000078, 0x13e88518, 0x37360522, 0x1520a982, 0x2c057a51, 0x27262105, 0x16213736, 0x27071417, 0x20188a35, 0x690c9933, 
    0x35200bca, 0x17210c8b, 0x824b8323, 0x0706245b, 0x65fe4002, 0xad6408ab, 0x0100250a, 0x01071007, 0x10270485, 0x010f00ff, 0x82010d02, 0xd00f2105, 
    0x40201789, 0x60200a94, 0x01241589, 0x0110fe10, 0xd0210484, 0x08f865a0, 0x20159a64, 0x226b87e8, 0x47581007, 0x482007d7, 0x8a898088, 0x3189098a, 
    0x02104a25, 0x845c1002, 0x48922004, 0xaf4f0a14, 0x002c240b, 0x185e0045, 0x211ccb52, 0xef183605, 0x03210fd6, 0x075a4c17, 0x2f363724, 0xe1183701, 
    0x17210846, 0x58189733, 0x0120172b, 0x4a086141, 0x9b2c07d0, 0x0a0a2424, 0x25250b0b, 0x0a0a0b0b, 0xc0200b8b, 0xa54f1898, 0x59a02017, 0x01210f97, 
    0x97569105, 0x08178555, 0x03000020, 0xbeff0000, 0xc0010002, 0x52004000, 0x00006100, 0x17071401, 0x23270706, 0x32331607, 0x7c183637, 0x222e0c81, 
    0x0f060727, 0x26270601, 0x3f34013d, 0x7c182601, 0x1723099f, 0x83352637, 0x1716242a, 0x18311716, 0x2511f950, 0x17373613, 0x58821d16, 0x2f063908, 
    0x012f2601, 0x35096001, 0x01343424, 0x35242043, 0x091f2d2e, 0x0a0b0d0c, 0x28080102, 0x35443a3b, 0x0c083830, 0x08070838, 0x10133c06, 0x0a020108, 
    0x090c0d0b, 0x09460909, 0x57076746, 0x74240c72, 0x062c2832, 0x38342c82, 0x0129080c, 0x5b121660, 0x76590f27, 0x2816170a, 0x0902010a, 0x32325683, 
    0x12011c1d, 0x1b070c62, 0x09050404, 0x680b0d37, 0x50841411, 0x0a010227, 0x1278090c, 0x07564f16, 0x0c949518, 0xf6fe2008, 0x0b4c2213, 0x0509370d, 
    0x071b0404, 0x0000460c, 0xff000002, 0x010602e0, 0x003a00a6, 0x4200005e, 0xff820611, 0x31302323, 0x08411830, 0x16152208, 0x05856d17, 0x19830784, 
    0x15171624, 0x13853736, 0x27260783, 0x30072726, 0x63180139, 0x238309e9, 0x07173229, 0x33161706, 0x47013f32, 0x013b07ba, 0x0a1146af, 0x266b130e, 
    0x0f0c1f1f, 0x2e2e2928, 0x03022121, 0x16160244, 0x823c3501, 0x3e022205, 0x08058331, 0x0102453e, 0xb0231616, 0x023a3b58, 0x583a3b02, 0x113f191a, 
    0x070c080a, 0x17286d06, 0x3a030116, 0x4601593b, 0x11130e2e, 0x0107460a, 0x0b030202, 0x2817170a, 0x661f2fa0, 0x16020216, 0x68030e77, 0x68230783, 
    0x83770e03, 0x66210807, 0x20a02f1f, 0x970c1515, 0x1b131201, 0x0111121b, 0x130e2802, 0x0847040c, 0x1b100d0e, 0x00011213, 0x081f6505, 0x2a001c2c, 
    0x47003700, 0x00005500, 0xd05b2201, 0x05955b06, 0x21062c42, 0xe5822635, 0x07232622, 0x2609ea4d, 0x17071617, 0x45362706, 0x17240583, 0x06372306, 
    0x074b5518, 0x33363526, 0x17151732, 0xfc8a3182, 0x4150202c, 0x01262741, 0x41272601, 0x0b8b5041, 0x1507533a, 0x0123223b, 0x38222101, 0x53080f1a, 
    0x11061d20, 0x10161610, 0x201d0611, 0x3e084f4c, 0x1f21211f, 0x0807152f, 0x22381a0f, 0x23010121, 0xa0013a23, 0x1d1c1211, 0x1d24c024, 0x8a11121c, 
    0x1a9e380a, 0x13130a0f, 0x12121717, 0x1d1a2c0a, 0x14040132, 0x0c0d0d0c, 0x43900314, 0x0d3107a7, 0x870d0303, 0x1b1d1a0f, 0x12130a2c, 0x13131717, 
    0x2ef2820a, 0xb9fff8ff, 0xc1010102, 0x00002500, 0x74330725, 0x272406ff, 0x26270607, 0x5006c153, 0xed8205fb, 0x063ef682, 0x01070607, 0x0b5e74d3, 
    0x2c56850e, 0x445a4142, 0x0e0e1111, 0x0b0907fe, 0x2c0da90b, 0x0082492c, 0x0e2d2c08, 0x02010a0a, 0xcf170a0a, 0x3515162f, 0x14111028, 0x110e0e44, 
    0x0a0bfd11, 0x72a80a0a, 0x26274747, 0x01020f0f, 0x230e0a0a, 0x193d3838, 0x240fc35c, 0x00340027, 0x1894825f, 0x2019a778, 0x0a2c4627, 0x8b153521, 
    0x1617210c, 0x2a05d657, 0x0f260726, 0x012b0601, 0x82012f26, 0x051b46ac, 0xca823220, 0x1f163724, 0x24823601, 0x013b1622, 0x17cf7818, 0x0701a025, 
    0x8e010750, 0x0ff03604, 0x2f0f0101, 0x04060d1a, 0x05080505, 0x040a0109, 0x1e0b0b11, 0x2f15830c, 0x1203080c, 0x06111106, 0x1414100e, 0x2f07030a, 
    0x18ca0d19, 0xdf453820, 0x89402009, 0x01f8220a, 0x2545820f, 0x01020817, 0x57820f07, 0x1b203223, 0x2c118302, 0x01103608, 0x0c291001, 0x06130404, 
    0x05835700, 0xc0018022, 0x1a2a0982, 0x00003100, 0x17352301, 0x98183307, 0x33270eb6, 0x16171415, 0x70010f33, 0x27280500, 0x07222326, 0x16011f06, 
    0x2724f582, 0x80010726, 0x01240083, 0xfe140e0d, 0x8205975c, 0x09b03f09, 0x27010e09, 0x02161602, 0x0a0a0628, 0x500e0e07, 0x0e501111, 0x0111110e, 
    0x20808040, 0x1c58d0fe, 0x83a02008, 0x0e802e09, 0x27870909, 0x02021666, 0x07276616, 0x822a8407, 0x0e0e2230, 0x219f8500, 0x9f824702, 0x21001d29, 
    0x00003500, 0x73373637, 0x3d2105ce, 0x0eaf6601, 0x26233528, 0x33151327, 0x93820127, 0x23249d82, 0x06073315, 0xa583b783, 0x1602c023, 0x206583a8, 
    0x738218b0, 0x16a8220d, 0x218f8202, 0x6c843801, 0x6e6e2822, 0x0f247c86, 0x80021688, 0x8020c182, 0x6020d484, 0x80283387, 0x38011602, 0xd9fe8080, 
    0x2723c984, 0x87072730, 0x20a787da, 0x22a78200, 0x832d0003, 0x420120a7, 0x09820963, 0xfb5b2620, 0x27062606, 0x3f343526, 0x537a1801, 0x06052410, 
    0x82171607, 0x800124d7, 0x84208080, 0x27ae23a4, 0x08410e0e, 0x07072307, 0x7a18ae27, 0xfe270d4c, 0x020216b8, 0x42686816, 0xf0230911, 0x41111127, 
    0x97830766, 0x88802721, 0x823020ea, 0x02a02dca, 0x30021616, 0x00070000, 0x01c0ff00, 0x2205ef41, 0x491f0008, 0x00200859, 0x1325af83, 0x35331523, 
    0xc7161927, 0x19184315, 0x39490120, 0x0680490c, 0x33373626, 0x00011716, 0xc022cd82, 0x754140c0, 0x0e7f230e, 0x0a43090a, 0x00012114, 0x200a1b43, 
    0x08ed6d0f, 0x8080c027, 0x404000ff, 0x0e8e4180, 0xd7830120, 0x2115f942, 0x0543d0fe, 0x60c82109, 0x20080173, 0x130f4400, 0xf3427520, 0x6527201c, 
    0x2a650b1f, 0x1f16230a, 0xcd472701, 0x3637210a, 0x1d430d82, 0x18062005, 0x820b8d66, 0x2118820c, 0x92422330, 0x17162805, 0x36171615, 0x84363537, 
    0x1737432e, 0x0441c020, 0x44082009, 0x7e3e092e, 0x04031007, 0x09090102, 0x1209080b, 0x0b100408, 0x12120208, 0x03072302, 0x06101313, 0x1a850415, 
    0x010c0b23, 0x231c8204, 0x0d0c0411, 0x14221d86, 0x72431215, 0x41482018, 0x48200924, 0x2209884a, 0x8205029d, 0x02063d68, 0x04010202, 0x08111104, 
    0x12070104, 0x06120202, 0x0d1f2008, 0x0601040c, 0x05040304, 0x02291c82, 0x11040205, 0x04020712, 0x231e8903, 0x0400040d, 0x31085f42, 0x000b0007, 
    0x004b0022, 0x15233700, 0x26373633, 0x75453727, 0x13a35f19, 0x20073d5d, 0x05586c36, 0x1707062d, 0xb0173637, 0x010f3030, 0x43500f01, 0x15430725, 
    0x0b452c0d, 0x1e1e0909, 0x0c0b0909, 0x821e1e0b, 0x09092704, 0x01133a1d, 0x3284100f, 0x12121b26, 0x211f0201, 0xd0261782, 0x0f0f0120, 0xb544f001, 
    0x08e04308, 0x09300127, 0x0bbc0e09, 0x2d3d820b, 0x0a0b0b0c, 0x0a1e1e0a, 0x0c0b0b0a, 0x74843b1e, 0x4682a020, 0x1b121229, 0x1d211226, 0x18000a0a, 
    0x3b086355, 0x00c00148, 0x00120009, 0x00570016, 0x1d062500, 0x3f323301, 0x25072701, 0x010f2627, 0x2721b282, 0x22f68225, 0x46272611, 0x17292036, 
    0x013f3435, 0x27222335, 0x12d94426, 0x05250138, 0x9d05073e, 0x14019e44, 0x1c121220, 0x0f101b44, 0x8080c7fe, 0x35460c1a, 0x09062220, 0x12f84477, 
    0x056a8037, 0x9e053e07, 0x1faf9d44, 0x441b0f0f, 0xa712121c, 0x40fe8080, 0x1b2c4601, 0x45010526, 0x2f750a0d, 0x20111745, 0x477a1810, 0x0003210c, 
    0x41054746, 0x172519ed, 0x2f222306, 0x05555301, 0x07480720, 0x011f2305, 0x35470716, 0x06402917, 0x27070a0a, 0x02161602, 0x2009e244, 0x09f8440f, 
    0xbe41fe20, 0x08d8220d, 0x07494607, 0x82084045, 0x00022fa0, 0x01c2ff03, 0x00c001ef, 0x0035001f, 0xaa521300, 0x15162105, 0x2507095f, 0x3f343526, 
    0x05822701, 0x072b1885, 0x37210706, 0x26012f36, 0x8217010f, 0x84072024, 0xa80733b1, 0x1d1d1635, 0x15159716, 0x26261ebe, 0x1c1c751e, 0x7f52525c, 
    0x5c512d05, 0x3f010206, 0x9705052a, 0x32350606, 0x31271385, 0x3565015c, 0x83971515, 0x1dbe2332, 0x3283751d, 0xca525d20, 0xb6522b06, 0x06290707, 
    0x05059706, 0xc9523135, 0x5c322305, 0xdf7a0000, 0x82402005, 0x002124a3, 0x824f0038, 0x333622a5, 0x96801831, 0x22ab9308, 0x92271731, 0x312721a9, 
    0x23050967, 0x17323336, 0x210bfc59, 0x6b832931, 0xc4935120, 0x9231b021, 0x01e72cc1, 0x050f1112, 0x0f050808, 0x4d011211, 0xb7230838, 0x95520909, 
    0x32de25d7, 0x2a08075c, 0xd92ad68c, 0x18202015, 0x20180707, 0x254a1520, 0x00002807, 0xffffff06, 0x820202c0, 0x001022e7, 0x2ce7823a, 0x007d006a, 
    0x2500009f, 0x07160706, 0x21b18206, 0x01823736, 0x2f263528, 0x31070601, 0x13851506, 0x13831620, 0x72342721, 0x27840741, 0x35241382, 0x27262736, 
    0x26212982, 0x28288a07, 0x36273627, 0x37273637, 0x53258322, 0x458306e0, 0x36373222, 0x27212f85, 0x832f8217, 0x1615301c, 0x36171615, 0x36313437, 
    0x2726012f, 0x82272631, 0x011d2732, 0x31321716, 0x2d823130, 0x82013d21, 0x16332247, 0x08018217, 0x2736373f, 0x02150001, 0x05031e02, 0x06111005, 
    0x02090a0a, 0x1c2f0116, 0x020e011c, 0x0a0a0505, 0x0f030808, 0x1b0e0e01, 0x01101018, 0x06020b01, 0x060f0a05, 0x02010c07, 0x6e2c1e1d, 0x01270f13, 
    0x0812860a, 0x010b013b, 0x100e1b01, 0x1517166c, 0x12150703, 0x27283a11, 0x01060102, 0x07070c16, 0x35030107, 0x07fd4f34, 0x06050916, 0x02010402, 
    0x02021616, 0x38252908, 0x4a6c4038, 0x01150347, 0x31218209, 0x35573d38, 0x0e1f2e2d, 0xca0b1013, 0x686c1502, 0x4f820a09, 0x39251031, 0x02164b38, 
    0x1e1d0152, 0x09464929, 0x83020809, 0x4c4c2292, 0x248b8315, 0x47171010, 0x319e8248, 0x08080102, 0x2c4c4b05, 0x13021d1d, 0x3f31100d, 0x28833739, 
    0x04291482, 0x242d3d3d, 0x053f0f12, 0x3e928206, 0x26260204, 0x16393839, 0x07070705, 0x334c3c3c, 0x157a0334, 0x08080302, 0x0e0e100a, 0x82031611, 
    0x281f3cf2, 0x1e1d355b, 0x66484901, 0x07031615, 0x51180a06, 0x18013b3a, 0x0b112b18, 0x8200130e, 0xff022d00, 0x021000fa, 0x00700144, 0x003e002c, 
    0x2205d161, 0x86171637, 0x08c15c01, 0x83272621, 0x05fc4301, 0x3726272a, 0x36011f36, 0x22173137, 0x2c0e1474, 0x271db523, 0x27303027, 0x141d1e27, 
    0x24c48215, 0x1d14150a, 0x3111851e, 0x5a12191d, 0x0a0f1215, 0x0f0a2e2e, 0x125a1512, 0x2d58eb19, 0x1a32330c, 0x01011112, 0x191a1211, 0x0f151b1a, 
    0x1b1a150f, 0x1185191a, 0x17151923, 0x21328335, 0x3e835050, 0x15163523, 0x0c0b5852, 0x0000062c, 0x0002c0ff, 0x0800c001, 0xc3821100, 0x4900372c, 
    0x00005b00, 0x26070637, 0xc8823627, 0x08863320, 0x06011f22, 0x6006cb4d, 0x052011cd, 0x510a2b77, 0xcb4d1028, 0x42162005, 0x3c8306e6, 0x08fa4018, 
    0x1602c024, 0x03830216, 0x1b518820, 0xc0fe2317, 0x09190f80, 0x1f270847, 0x01011414, 0x871f1414, 0xdcff1807, 0x2018820d, 0x874d85e0, 0x16022255, 
    0x17165120, 0x5a019021, 0x6820061e, 0x5883508b, 0x108f9020, 0x2a08f746, 0x00c00100, 0x002c001a, 0x5254003e, 0x37201c2b, 0x4c05c061, 0x07200534, 
    0x3325f882, 0x31072237, 0x61098406, 0x262105b1, 0x220c8323, 0x5d273637, 0x06200513, 0x2105b643, 0x05413137, 0x765b1917, 0x2c4c341d, 0x07080925, 
    0x1b1a0d04, 0x1b1b2323, 0x0707030d, 0x612c250a, 0x102018b6, 0x18d26118, 0x1001c13c, 0x0a050503, 0x0112121d, 0x1d121201, 0x0405050a, 0x0200010f, 
    0xc0fffbff, 0xfb820502, 0x22001d25, 0x19010000, 0x790f1be3, 0xc88305d5, 0x35233508, 0x23010f37, 0xf6012127, 0x1708080f, 0x081744fe, 0x31d60f08, 
    0x010e0d14, 0x010fe00f, 0x140e0d01, 0x4061d52f, 0x2a0140aa, 0x13128601, 0x13020213, 0xb0d61213, 0x1d821783, 0x0e140f2a, 0xd6b0010d, 0x00404006, 
    0x0d073119, 0x47636a20, 0x17252a1c, 0x14011d16, 0x013f1617, 0xa1461836, 0x27078207, 0x010f0617, 0x26012f06, 0x2006b666, 0x05925e16, 0x51141521, 
    0x36230543, 0x8234013d, 0x3437212f, 0x37202182, 0x04833683, 0x2221c083, 0x1a4a6307, 0xb2fe2008, 0x0c04040a, 0x0c080e0a, 0x0a07040f, 0x06050407, 
    0x01010c1d, 0x0c0b2410, 0x0c050420, 0x83102708, 0x0f2032c8, 0x0e090901, 0x0d190a10, 0x01130606, 0x07072108, 0x29f68209, 0x1c0b070b, 0x49363514, 
    0x9541242a, 0x12c12d18, 0x06290907, 0x110a0904, 0x03070509, 0x22085d82, 0x0e060f03, 0x03090511, 0x07020a04, 0x1c140c1d, 0x010d0e14, 0x0e300f01, 
    0x220d0909, 0x070c1412, 0x82060102, 0x08213005, 0x05030806, 0x020b1104, 0x2a2a4305, 0x4d000f01, 0x1a240b97, 0x66005700, 0x261f3d41, 0x1716011f, 
    0x82171615, 0x17142404, 0x58363716, 0x372805f2, 0x012f3435, 0x22232726, 0x26200583, 0x21055b41, 0x0c823637, 0x2f290a82, 0x06232201, 0x31070607, 
    0x20048225, 0x253e8206, 0x3536011f, 0x39412726, 0x093a251b, 0x1d39190d, 0x3b08be82, 0x0909010f, 0x0208190c, 0x17081807, 0x0e040e01, 0x0f102c14, 
    0x05020722, 0x0a0a060f, 0x07080e18, 0x100f0e08, 0x030a0e0f, 0x35470505, 0x7c011535, 0x05050c1a, 0x11061004, 0x1901021d, 0x34183a41, 0x07171140, 
    0x281d0911, 0x110a0712, 0x06070c27, 0x0b190803, 0x225c821b, 0x8214081c, 0x01290805, 0x07041407, 0x05030910, 0x0b040704, 0x15100b0c, 0x14111314, 
    0x27280104, 0x050a2540, 0x320d0b0b, 0x0e080411, 0x002d380e, 0x08074506, 0x47001a2a, 0x72006600, 0x89007d00, 0x361c3d41, 0x3f161705, 0x16173601, 
    0x3316011f, 0x2f363732, 0x36372601, 0x8236013b, 0x820a8413, 0x013f2d07, 0x07062326, 0x17160706, 0x06070531, 0x27211582, 0x05685906, 0x82060721, 
    0x263e8434, 0x3736011f, 0x82310726, 0x2541844b, 0x31170607, 0x19840637, 0x0f262724, 0x63563701, 0x27362105, 0xe5652282, 0xfe5e0819, 0x090d1f34, 
    0x0c0b0910, 0x12080906, 0x0306070b, 0x07070306, 0x0d14030c, 0x1009080b, 0x0d040408, 0x10050c11, 0x3b582620, 0x0401023b, 0x0b0f8e01, 0x110a0207, 
    0x02060913, 0x050d2504, 0x06070504, 0x040f0e0e, 0x39010e10, 0xfe050411, 0x050f20da, 0x0f200e02, 0x510e0304, 0x050f0e03, 0x1c820208, 0x10550826, 
    0x070e0d06, 0x88410484, 0x27450818, 0x0f090207, 0x0b03020a, 0x08090f12, 0x090c140b, 0x1011010a, 0x0b150e0e, 0x05040b0c, 0x0c290b02, 0x583b3b02, 
    0x05051314, 0x0f030902, 0x0a0f0101, 0x08150103, 0x0d0e0f0e, 0x0506060e, 0x01090402, 0x0101492e, 0x836f8544, 0x88282079, 0xcf202688, 0x06070e20, 
    0x2004840d, 0x20008200, 0x0aab410b, 0x2a002232, 0x34002f00, 0x3e003900, 0x4e004600, 0x72006000, 0x281c9d45, 0x33152305, 0x37363732, 0x25078227, 
    0x23262726, 0x08823507, 0x04831520, 0x33152726, 0x011d2335, 0x27270482, 0x07222335, 0x82330706, 0x17162416, 0x45013b16, 0xfd5f11bf, 0x8207200c, 
    0x45332024, 0x013017bb, 0x1208378f, 0x2f030d0d, 0x0d033708, 0x4018120d, 0x90200082, 0x40210382, 0x20168410, 0x21158437, 0x61190808, 0x065b0d49, 
    0x41148706, 0x68301872, 0x110c0b28, 0x0c112838, 0x2828280b, 0x60282838, 0x10200584, 0xe0201588, 0x4e18ec45, 0x022005b7, 0x2005d346, 0x05075d30, 
    0x37363523, 0x08406531, 0x06171623, 0x07446507, 0x05272625, 0x4a262726, 0x17220582, 0x01823736, 0x07220d83, 0xd7462731, 0x2a174110, 0x3c470035, 
    0x0306070a, 0x33282814, 0x13282834, 0x0a060704, 0x4150483c, 0x4c353507, 0x06031201, 0x1b2d0a06, 0x1b01011b, 0x060a2d1b, 0x01120306, 0x47fc999c, 
    0xffb80ed3, 0xbf490620, 0x36172806, 0x34353637, 0x82272627, 0x09d06b08, 0x17141523, 0xb3381916, 0x95012018, 0x0bd449ff, 0x85060542, 0x18034212, 
    0xcc20fb94, 0x2208bd4c, 0x731b1212, 0x0342178e, 0x0062220e, 0x1d394393, 0x20150342, 0x08926936, 0x372bee82, 0x31343331, 0x37343322, 0x84363734, 
    0x17162101, 0x152e0184, 0x31301716, 0x31331530, 0x37313716, 0x33ad3716, 0x41185a43, 0x1d361442, 0x0f100105, 0x100f1818, 0x03050601, 0x02010101, 
    0x02030301, 0x00820e02, 0x03020224, 0x00820103, 0x97060324, 0x25a00603, 0x2e2d7041, 0x1c060264, 0x02021515, 0x061c1515, 0x82040102, 0x01012c65, 
    0x02020403, 0x0c01010c, 0x84040202, 0x22168277, 0xa3010403, 0x00002328, 0xe3440500, 0x00c32c06, 0x003e001c, 0x00860054, 0x4d0000b7, 0x342305b3, 
    0x41313037, 0x1721065f, 0x27018216, 0x07060714, 0x27312306, 0x8305b243, 0x37322311, 0xbe431516, 0x058b410b, 0x41113121, 0x230878c1, 0x0d0e14d0, 
    0x07010501, 0x06080b0a, 0x0f0e0c06, 0x0f0a0a01, 0x4ed00706, 0x0602023d, 0x17170101, 0x150d0e21, 0x4411e641, 0xde411321, 0x01260847, 0x0d0d0140, 
    0x010a0814, 0x10101001, 0x0f06060a, 0x11101817, 0x02040c0c, 0x05280180, 0x22120c05, 0x05011616, 0x404c362f, 0xb4fe2111, 0x41136c44, 0x042050ff, 
    0x240ae346, 0x00490030, 0x339b4361, 0x31072626, 0x27010f06, 0x5806fc4f, 0x272207c0, 0x59181731, 0x12850738, 0x8205894c, 0x11824128, 0x6943ff86, 
    0x0d393214, 0x04040c0c, 0x0c0b0d11, 0x07060304, 0x050e410e, 0x2a078312, 0x0c0c049b, 0x06070e0d, 0x82051203, 0x25078213, 0x0e0b0c04, 0x4f430410, 
    0x83cb202d, 0x04102649, 0x0e060704, 0x235f820e, 0x420e0311, 0x18206783, 0x4f825783, 0x0e420d24, 0x07821103, 0x060e0e26, 0x10040407, 0x2210cf45, 
    0x415d0046, 0x1526372f, 0x07011f06, 0x544c1706, 0x34352705, 0x3405012f, 0xb9183127, 0x12830a9a, 0x35363722, 0x4518ac4d, 0x7a3915d8, 0x01060507, 
    0x04242404, 0x07050601, 0x59080859, 0x05060601, 0x08085a06, 0x2306825a, 0x03242403, 0x232d1e41, 0x030303b9, 0x2b24f882, 0x0704042b, 0x30260a82, 
    0x04090904, 0x0a890a30, 0x00201e89, 0x21080082, 0xfff8ff06, 0x010802b8, 0x001c00c8, 0x005d0046, 0x00890073, 0x0100009d, 0x32313336, 0x14151617, 
    0x01820607, 0x2207222e, 0x36372231, 0x34373437, 0x31373631, 0x06221384, 0xc5451617, 0x200d8505, 0x09fb4727, 0x26070622, 0x36251984, 0x26173117, 
    0x08df5e07, 0x30861420, 0x31273625, 0x84011f05, 0x013f260d, 0x0f262736, 0x28628201, 0x31171617, 0x31170637, 0x20128216, 0x29148237, 0x26012f23, 
    0x06072627, 0x5782020f, 0x2005af44, 0x06f46f23, 0x31372c08, 0x140fab01, 0x0e0f0f14, 0x141b180d, 0x0b020101, 0x01060301, 0x022d0b06, 0x02030702, 
    0x14150d0e, 0x2907071f, 0x413e0b0a, 0x934b5453, 0x22300813, 0x05080904, 0x3833321e, 0x2d090108, 0x24253030, 0xfe130909, 0x030539be, 0x03060605, 
    0x0506011e, 0x02066209, 0x04030502, 0x0606038e, 0x0107610a, 0x38220b83, 0x1f840105, 0x1eb81d28, 0x07030a14, 0x82850a07, 0x011a0c25, 0x830f0eb2, 
    0x0a25080b, 0x01020707, 0x011d120a, 0x0c1a0101, 0x1e080713, 0x0e0d1514, 0x02070302, 0x53544b02, 0x0a0b3e41, 0x20070729, 0x3e138f13, 0x090109a9, 
    0x1d333337, 0x04090905, 0x24090912, 0x2e302f25, 0x04380557, 0x01020503, 0x820a6107, 0x821d2090, 0x03052884, 0x05096301, 0x841e0106, 0x3905210b, 
    0x022b1e83, 0x07dc6206, 0x140b0103, 0x850d191e, 0x060b2181, 0x240eeb42, 0x00510031, 0x1ca74c71, 0x27360724, 0x6c5f2631, 0x0ac24905, 0x0f273125, 
    0x42070601, 0x162005eb, 0x2d05096f, 0x36372735, 0x022f2627, 0x07222326, 0x1e9d3331, 0x20198d4c, 0x05c94969, 0x3e0dbb45, 0x052611fe, 0x1c040201, 
    0x04050207, 0x04232104, 0x1b070404, 0x04030104, 0x06021126, 0x8bc00204, 0x2222211d, 0x05221d8b, 0x19430205, 0x05e74919, 0x230d8e45, 0x010522cf, 
    0x1b2f6382, 0x03030525, 0x02121202, 0x25050303, 0x8205031b, 0x05222214, 0x7c1b9b05, 0x802e089f, 0x3000c001, 0x78004700, 0xc500aa00, 0x5b41e800, 
    0x27262207, 0x05ff4226, 0x3736372b, 0x27363130, 0x07060726, 0x069e5536, 0x25095747, 0x17161716, 0x71412731, 0x4a162016, 0x134e0625, 0x49162005, 
    0x1720202c, 0x822d2749, 0x06052350, 0x5d833107, 0xac820620, 0xad6b2620, 0x2aa48306, 0x05310732, 0x26013922, 0x82353035, 0x342726ab, 0x32333233, 
    0x08a55415, 0x31050144, 0x25023127, 0x4d3c3c21, 0x213c3c4b, 0x050c0607, 0x6a430305, 0x100a3805, 0x62454510, 0x10454663, 0x0d150a10, 0x0901020e, 
    0x0c050503, 0x414e0706, 0xbd2a13e8, 0x10040603, 0x0f17190f, 0x7f490111, 0x0f0d220d, 0x077f490e, 0x7b49a920, 0x03210820, 0x02a7fe06, 0x010b0606, 
    0x12120f01, 0x060e0e0e, 0x0a100e0e, 0x09070809, 0x01c80101, 0x07060b02, 0x27098202, 0x07080801, 0x0f0e1007, 0x0f341c82, 0x4d0e1211, 0x01262640, 
    0x40262601, 0x0d0e0604, 0x121e0e0d, 0x0231ab83, 0x3d3c5f03, 0x3c3d0202, 0x0202035f, 0x12150d0e, 0x221b831e, 0x42270406, 0x6720133a, 0x20259c49, 
    0x23c14903, 0x16010433, 0x0c1b1b12, 0x010c0102, 0x130f0d01, 0x05070e13, 0x2a5e8205, 0x57090101, 0x0c010101, 0x83121b1b, 0x01012ac1, 0x07050504, 
    0x0f13130e, 0x4b14820d, 0x2d2c0a8f, 0x51003f00, 0x00006c00, 0x31171601, 0x06280284, 0x36070607, 0x3736013d, 0x42057942, 0x15220771, 0x98421714, 
    0x0d566509, 0x23167a54, 0x31272603, 0x082ceb18, 0x18323321, 0x2109aac2, 0x5c183107, 0x30250823, 0x250e4d30, 0x0bdf4112, 0x0f251226, 0x0130304e, 
    0x20052048, 0x05924c50, 0x2007ab4d, 0x0db44da0, 0x121b502f, 0x19020112, 0x03051202, 0x05040809, 0x250a8212, 0x1b121201, 0x3c85c001, 0x41415628, 
    0x2f1c171b, 0x82412a1b, 0x1b2a280b, 0x1b171c2f, 0x48564141, 0xf020056f, 0x2118ba4d, 0x4b83b0fe, 0x02192d26, 0x09091201, 0x2d206683, 0x13456d83, 
    0x002d260c, 0x00590043, 0x303b4174, 0xf5471720, 0x0726300c, 0x17061506, 0x15061731, 0x011f1431, 0x47363716, 0x342406f7, 0x010f2627, 0x20424341, 
    0x0a0b4889, 0x06050725, 0x48aa0401, 0x0624090b, 0x215a0605, 0x20414541, 0x0d1e4895, 0x0303032b, 0x1e040407, 0x04090904, 0x0e3e4830, 0x41b3fe21, 
    0x05201455, 0x2b08834a, 0x00350008, 0x00580046, 0x25000072, 0x07065918, 0x20050441, 0x0ae64d36, 0x2317a342, 0x13311716, 0x09d97b18, 0x32333625, 
    0x18371617, 0x2011bb42, 0x09237207, 0x4205025f, 0x3121079c, 0x376e1801, 0x42892008, 0x29420984, 0x42012005, 0x243412aa, 0x0b2b0f01, 0x24241908, 
    0x0d0a0719, 0x15150e0a, 0x760d0a0e, 0x87078d5b, 0x73102007, 0xa94208d1, 0x58f0200c, 0xfe210742, 0x098e42dd, 0x2e1fb842, 0x0d0a0601, 0x0a0d1e1e, 
    0x12120a07, 0x4f23080b, 0x83210f7b, 0x4274872d, 0x00200ab7, 0x260cb342, 0x0030001a, 0x4a530041, 0x372032b3, 0x690f5841, 0x9a520c5a, 0x14d54b1d, 
    0x3a418a20, 0x0b082105, 0x20073a41, 0x0ded43da, 0x47198e47, 0xde430d88, 0x415f2005, 0x03200b19, 0x2e0c795a, 0x00060000, 0x01200000, 0x006001c0, 
    0x822b0015, 0x005727ff, 0x0083006d, 0x34191300, 0x02201314, 0x01221493, 0x78183437, 0x1d2c076f, 0x06071401, 0x2722012b, 0x17013d26, 0x80272bc0, 
    0x30110b0c, 0x940c0b11, 0x8d202006, 0x9d2b8e15, 0x0801211d, 0xc020558d, 0xf0200e8d, 0x002a0eba, 0x00000600, 0x4001e0ff, 0x4f41a001, 0x3237230d, 
    0x5a6b3117, 0x061f4105, 0x36373424, 0x1493023b, 0x22270127, 0x3d263127, 0x22208301, 0x87173201, 0xac409434, 0x8d58202b, 0x20f5cad7, 0x0d8c4160, 
    0x8b410d8d, 0x311d9d1d, 0x03000000, 0xe0ff0000, 0xa0010002, 0x39002400, 0xb7184e00, 0x15220ad1, 0x2e5f1716, 0x16372307, 0xe6641617, 0x27262106, 
    0x03260183, 0x06070623, 0x16831507, 0x07144e18, 0x33232622, 0x08ba5018, 0x18013b21, 0x08085f90, 0x48000120, 0x22213939, 0x0a150203, 0x3b020807, 
    0x3b58583b, 0x1602023b, 0x22030216, 0x48393921, 0x37441060, 0x06197607, 0x0786d020, 0x012e1788, 0x232301a0, 0x68453a3a, 0x07070216, 0x3e84680a, 
    0x0e824682, 0x6916022f, 0x233a3945, 0x00ff0123, 0x1b121201, 0x23498340, 0x800e0909, 0x8305cb43, 0x5a168806, 0x15200b33, 0x6429e582, 0x34370000, 
    0x2b263127, 0x21c78c01, 0x6d182735, 0xfd9008f5, 0x06071426, 0x2726012b, 0x0727e383, 0x17161706, 0x82373633, 0x37362202, 0x05114135, 0x37361323, 
    0x410c8631, 0xbf200a06, 0x0f208f82, 0x0121e18b, 0x120e4141, 0x110b0c36, 0x1e1c0d6f, 0x040d0e12, 0x160e0e04, 0x6f0d1c21, 0x01191925, 0x7f052141, 
    0x184108c4, 0x82e02007, 0x20d883df, 0x21ef8630, 0x2041e070, 0x16282605, 0x0a070702, 0x07204128, 0x0b11903b, 0x0b01170c, 0x1118110a, 0x17010110, 
    0x25191901, 0x3a3a4590, 0xfe012323, 0x823e8c90, 0x0025084e, 0x00030000, 0x02c0ff10, 0x00c0012f, 0x0021001c, 0x3700002e, 0x25373635, 0x1f323336, 
    0x14151601, 0x07060307, 0x05306323, 0x3435262c, 0x2725013f, 0x01371707, 0x13411737, 0x352a0805, 0x8f313734, 0x11011401, 0x0d120f0a, 0xca070c36, 
    0x1849170f, 0x0a0d0d0a, 0x180a0a32, 0xd71d5a01, 0x2efe9f55, 0x071f473f, 0xa382450a, 0x18488031, 0x0d08ca0e, 0x0d120d36, 0x12eefe0c, 0x820a1901, 
    0x322c8227, 0x9e1ddc19, 0x92fed655, 0x081e473f, 0x0a051602, 0x47080007, 0x1234089b, 0x3e002500, 0x58004b00, 0x72006500, 0x00008400, 0x33171601, 
    0x2905394c, 0x06232726, 0x16171615, 0x12902317, 0x23011f23, 0x0be24127, 0x37362129, 0x34353736, 0x18232627, 0x2026f05b, 0x0b056933, 0x100b6918, 
    0x9e01172b, 0x10100d02, 0x051b2b06, 0x24078203, 0x051b2a08, 0x25108f6c, 0x126fe0ae, 0x41182b14, 0x80200855, 0x2206b341, 0x7101a0fe, 0x602008c8, 
    0xfe210a9f, 0x0fd847a0, 0x0d0e0129, 0x3d100201, 0x84281724, 0x16252107, 0x0f8a0785, 0x0d534e24, 0x41181201, 0xa0290acf, 0xb809090e, 0x07010107, 
    0x2104a270, 0xde473801, 0x4100200f, 0x292e0a8b, 0x43003600, 0x5d005000, 0x77006a00, 0x40188a00, 0x40180bcf, 0x23200ac3, 0x0abc4018, 0x09e54018, 
    0x0b8b4e18, 0x21054343, 0x89192635, 0x4e18115b, 0x37200cbf, 0x07203398, 0x2405084e, 0x013b1617, 0x05de5332, 0x7f012721, 0x024406fc, 0x60b02105, 
    0x0d776418, 0x90fec022, 0x09994e18, 0x4e187020, 0x158a09b0, 0x94f0fe21, 0x332c8a16, 0x1a192260, 0x07060109, 0x070a900a, 0x19090206, 0xc0012219, 
    0x2105f347, 0x078580fe, 0x85404021, 0x86012007, 0x8960200f, 0x89302052, 0x9430207f, 0x8c158a68, 0x1314242b, 0x82070a20, 0x200a2500, 0x00011413, 
    0x2e083b57, 0x00c00180, 0x0023001a, 0x004b003e, 0x5e000056, 0x332005e8, 0x2105e442, 0x9e182627, 0x072c0b4b, 0x17160706, 0x07262733, 0x013d2601, 
    0x22057341, 0x18161714, 0x2d0d7d9e, 0x31232203, 0x16172322, 0x2627013b, 0x08842123, 0x26234a82, 0x18bc0127, 0x1809329e, 0x3309469e, 0x805a69f9, 
    0x18715997, 0x09660124, 0x07300701, 0x11201d01, 0x086e9e18, 0x1cc02408, 0x76031c1d, 0x75581d13, 0xff001d14, 0x1d1575b8, 0x02021611, 0x1a0b0116, 
    0x01071e2b, 0x211e0701, 0x18131c1c, 0x290b3c9e, 0x4f3811b2, 0x051b8301, 0x9e181001, 0xfe23176b, 0x83168af7, 0x16022401, 0x59021670, 0x80240cd7, 
    0xa4009200, 0x2c1f574a, 0x17060706, 0x15331531, 0x33141732, 0x82038416, 0x06072205, 0x2b178215, 0x06152207, 0x39231523, 0x14150601, 0x32202382, 
    0x16212386, 0x27218d17, 0x15352314, 0x33161706, 0x24050e74, 0x27262726, 0x082f5122, 0x2b5c0d83, 0x1520303d, 0x0102061b, 0x02010105, 0x01060401, 
    0x84020405, 0x04062108, 0x01220682, 0x16850404, 0x158c0620, 0x02010533, 0x0a151b06, 0x01010607, 0x010a0706, 0x05030302, 0x200d8704, 0x0daf4e70, 
    0x27276c5d, 0x01010b2c, 0x01020704, 0x03240082, 0x05040104, 0x80828682, 0x03210682, 0x21818201, 0x05820505, 0x03010122, 0x05211782, 0x201f8203, 
    0x82188602, 0x05062d12, 0x0708060b, 0x0908090c, 0x02020105, 0x0c869882, 0xe54e7c20, 0x0e1b4c18, 0xb2008024, 0xc341e300, 0x308f5283, 0x4249eb5b, 
    0x3d204d02, 0x5c228252, 0x2c423c24, 0x52442050, 0x605c2575, 0x05db4f28, 0xc001032f, 0x8b002500, 0xae009d00, 0x0000c500, 0x0a175a25, 0x23061722, 
    0x2511e967, 0x07260714, 0x69182731, 0x10440842, 0x3314210a, 0x44111244, 0x58440734, 0x44219407, 0x15201634, 0x11868e18, 0x2110ea4e, 0xf8183717, 
    0x06230851, 0x7826012f, 0x1f300587, 0x0bce0101, 0x1e1d1818, 0x17070f0e, 0x352f0803, 0x2711c25b, 0xa613110e, 0x0a070601, 0x20485544, 0x0d224f78, 
    0x424fda20, 0x152d2d0f, 0x050f0e11, 0x11080904, 0x17050f55, 0x0f820783, 0x7106042e, 0x080d0d1a, 0x1e1b1a09, 0x14080c59, 0x8b056450, 0x282c28ac, 
    0x0b030308, 0x44050907, 0x04212878, 0x09914402, 0x76440320, 0x5c012113, 0x200b7344, 0x0b9c4f03, 0x05058830, 0x12110909, 0x18050f10, 0x12590e02, 
    0x0f840f0f, 0xa7501520, 0x002e240f, 0x44520040, 0x362e1d8b, 0x37363137, 0x23262736, 0x06072221, 0x01821617, 0x62033121, 0x3a313c29, 0x030f2b2b, 
    0xfe0b0607, 0x07060bec, 0x2b2b0f03, 0x3627623a, 0x2001b02f, 0x070b3421, 0x0b070808, 0x01202134, 0x190c6901, 0x240c4347, 0x0060002e, 0x20f3b091, 
    0x7a2d4527, 0x32410020, 0x47385f11, 0x4118ff51, 0xd8200e5c, 0x204db044, 0x08ef4c04, 0x2e001a26, 0x5b004400, 0x24308f41, 0x31072603, 0x41dd5d06, 
    0x5d115941, 0x324139db, 0x3d01210e, 0x5d0e9755, 0x0f411ad6, 0x4693430d, 0x4505105e, 0x94440a67, 0x06a04411, 0x43126042, 0x7d200e93, 0x28809118, 
    0x430f0541, 0x3a200c95, 0x0e779118, 0x3205b746, 0x00c00180, 0x004d003f, 0x005f0052, 0x2100006c, 0x5e311516, 0x262705c7, 0x34272627, 0x18353437, 
    0x83089a8f, 0x2223270e, 0x11352627, 0x41182726, 0x162509ef, 0x11171617, 0x06fc5e21, 0x03012b25, 0x82311716, 0x11232c10, 0x37363736, 0x35330733, 
    0x83071523, 0x0609532c, 0x15251529, 0x2b060714, 0x83333501, 0x1d022f31, 0x0e0e0201, 0x0d0e1414, 0x03c50201, 0x0a850d01, 0x0e430326, 0x0f010909, 
    0x24068850, 0x12121b20, 0x07704d01, 0x836d4321, 0x83c0202b, 0x82602029, 0x20502100, 0x26052d46, 0x09400120, 0x83200e09, 0x0302230d, 0x23830605, 
    0x08252283, 0x08010106, 0x200d8808, 0x23238208, 0x010f5001, 0x2305b745, 0x1b121201, 0x07694219, 0x51840120, 0x01f0fe23, 0x232c8310, 0xe0303060, 
    0xa0202382, 0xe0215b82, 0x820584c0, 0x0000330d, 0x00000400, 0x4002c6ff, 0x1b00c001, 0x3a002a00, 0xe5474600, 0x18272006, 0x220e4da6, 0x82060706, 
    0x173130f1, 0x34373611, 0x1736013f, 0x06111716, 0x5201010f, 0x0c1905dd, 0x2722094c, 0xb0471635, 0x15300806, 0x19111101, 0x01131418, 0x32222301, 
    0x01222234, 0x19131301, 0x09061118, 0x058f0609, 0x0d740105, 0x01010a09, 0x6ffe910e, 0x0508047b, 0x0a0c7f05, 0x01260e83, 0x1722c171, 0x02821711, 
    0x14892128, 0x25252223, 0x3983331c, 0x22223708, 0x25251c33, 0x08142322, 0x2f01c008, 0x02020a0a, 0x0707052e, 0x10f1fe0d, 0x3c013a06, 0x0a141631, 
    0x0333fc0a, 0x010d0706, 0xfe06110e, 0x31c237c3, 0x1b14141b, 0xeb4df931, 0x28df8506, 0x002c001a, 0x004b003b, 0x0aa75358, 0xc548d383, 0x20ba8209, 
    0x0c1e5717, 0x82141521, 0x8a1720cc, 0x23fd82ef, 0x15171621, 0x3f28ef86, 0x31171601, 0x15373617, 0x3122f587, 0xe5899801, 0x19181123, 0x82fd8213, 
    0x20c383bb, 0x05e15478, 0x8a200585, 0x0523fe88, 0x88ecfe05, 0x047b27fd, 0x2117b208, 0xfe8221c0, 0x01111723, 0x41f28748, 0x20200d08, 0x0bc56118, 
    0x09411c20, 0x0a2f210c, 0x08410082, 0x16312609, 0x311b9714, 0x050d41f9, 0x00820020, 0xfeff0235, 0xfc01beff, 0x1b00bc01, 0x00002900, 0x37270701, 
    0x180f2627, 0x7f0a99e0, 0x15230560, 0x18310714, 0x080ba3e0, 0x0107173d, 0x7482a4e0, 0x5711100e, 0x0e0e1110, 0x1d1d1656, 0x1c0f0d16, 0x1c1c2425, 
    0x664afa1c, 0x09090d19, 0x4a150502, 0x01408240, 0x7482a620, 0x550e0e0d, 0x11100f0f, 0x0d151556, 0x831b1b0f, 0x49fd2127, 0x08a5e018, 0x41824124, 
    0x87820400, 0x0202c02f, 0x0b00c001, 0x3c001d00, 0x00004800, 0x066c5213, 0x36011f25, 0x71061737, 0x1720060e, 0x077c4818, 0x1707172c, 0x2f060716, 
    0x27060701, 0xb3823526, 0x3f363729, 0x32333602, 0x8216021f, 0x13200817, 0x010f2223, 0x36371716, 0xe0272627, 0x7809044b, 0x0504040a, 0x20402e6f, 
    0x0232314b, 0x4b313202, 0x35080787, 0x0108265d, 0x2f070505, 0x0505072f, 0x03052609, 0x18340702, 0x03070703, 0x02073418, 0x77920503, 0x404a0509, 
    0x04056f2e, 0x3d010b04, 0x0801087b, 0x2a9f0808, 0x418b1d0b, 0x27084983, 0x0735259d, 0x19030404, 0x04040319, 0x05253507, 0x08010607, 0x2f07072f, 
    0x07060108, 0x083d0105, 0x9f2a0b7a, 0x01080708, 0x220e6b6f, 0x613e002c, 0x25201c85, 0x61220149, 0xfe211954, 0x35b34eb0, 0x624e5020, 0x0ce3481b, 
    0xbf822520, 0x1ecf9718, 0x09f86518, 0x15162725, 0x45060714, 0x1683064e, 0x07474a18, 0x9107d55b, 0x1749461f, 0xdf73c020, 0x06802208, 0x22ad8506, 
    0x5b022406, 0x2427089c, 0x12121ba6, 0x8d240201, 0x1883481a, 0xd7737020, 0x08ca2207, 0x0565450a, 0x10080a23, 0x8342832a, 0x102a2251, 0x8f06857a, 
    0x0acf791c, 0x0b00c535, 0x2a001600, 0x36130000, 0x1716011f, 0x36132113, 0x8903013f, 0x321722fa, 0x056a4617, 0x084a3c19, 0xb521332f, 0x04500b0b, 
    0xf0fe2801, 0x50040128, 0xad6c181d, 0x85c82009, 0xc0fe2182, 0x01310785, 0x0abb0140, 0x0504500a, 0x4201befe, 0xfe500405, 0x07a974f5, 0x185bb020, 
    0x00022d0d, 0x02c0ff00, 0x00c50102, 0x0029000a, 0x2a067373, 0x33010f26, 0x06210737, 0x83161507, 0x17162198, 0x35249385, 0x37362726, 0x8c52a282, 
    0xf6220805, 0x1103020c, 0x98cc1213, 0x20fe0663, 0x0f01010f, 0x2121010f, 0x01061336, 0x0610e010, 0x20213613, 0x15831101, 0x0e83012a, 0x09091111, 
    0x8262980c, 0x2f056953, 0x162f2f3e, 0x0211211a, 0x1a211102, 0x3e2f2f16, 0x20213982, 0x7386820e, 0x152a0b8b, 0x00004200, 0x31373611, 0x57183736, 
    0x35220e72, 0x15823413, 0x82353321, 0x58372088, 0x162905f2, 0x15171617, 0x07060706, 0x5aaf8223, 0x22290948, 0x013d2627, 0x1b121201, 0x05204701, 
    0xfe3c0982, 0x12121be0, 0x0909a001, 0x1716010e, 0x090e9022, 0x11121c09, 0x1b1b0101, 0x010f9029, 0x20053741, 0x21068240, 0xc4418001, 0x88402007, 
    0xe0fe2108, 0x10241882, 0x01161722, 0x7b283d82, 0x2018180b, 0x1b1b2920, 0x1020ba82, 0x200ae958, 0x25008200, 0xff000009, 0x018201c0, 0x0005003f, 
    0x0016000b, 0x0031001c, 0x004e003c, 0x005e0054, 0x17163700, 0x35232726, 0x06373633, 0x05be4207, 0xbd832320, 0x33241682, 0x21372726, 0x14226818, 
    0x36272629, 0x17163337, 0x18270706, 0x2310797d, 0x23373637, 0x3b821782, 0x83272621, 0x09822c3b, 0x27020c2c, 0x2b0c0227, 0x18065e0a, 0x2007cc55, 
    0x24128229, 0xfe772c09, 0x525818c0, 0x1201240d, 0x18301b12, 0x27080540, 0x2536700f, 0x24010124, 0x09f99218, 0x092c2922, 0x40254882, 0x0807022e, 
    0x2a4b8306, 0x1d1531f0, 0x1d292029, 0x186f3115, 0x2507c755, 0x31291db5, 0x48836a15, 0x0fd5fc18, 0x4360fe21, 0x8a18071b, 0x2a29105b, 0x1d293115, 
    0x14142166, 0x32468306, 0xff040000, 0x01bdfffe, 0x00bf01ff, 0x001b000d, 0x18510037, 0x220fefe6, 0x46170109, 0x073c0b40, 0x34352627, 0x3336013f, 
    0x30011f32, 0x07153023, 0x3f161706, 0x30313001, 0x22011f37, 0x34220d88, 0xd27b1733, 0x37320809, 0x12ed0117, 0x39723912, 0x131a1a13, 0x0040fe18, 
    0x0aff72ff, 0x0a0e680e, 0x041e0309, 0x5792cc0a, 0x0f4e0e0e, 0x140f1313, 0x0a0a4001, 0x01400b0b, 0x0987cd2d, 0x1a861420, 0x2d925724, 0x3e839501, 
    0x12244582, 0xcafe1812, 0x04244384, 0x090b041e, 0xfa224883, 0x40835792, 0x0e0e4e22, 0x0b234382, 0x850a0a0b, 0x20098543, 0x821a8614, 0x086b5343, 
    0xc0018038, 0x34002000, 0x58004600, 0x35110000, 0x16011f36, 0x2627021f, 0x06823337, 0x0c821620, 0x0706072a, 0x26252706, 0x3526012f, 0x1420b419, 
    0x07142523, 0x07134531, 0x32333622, 0x1720ec82, 0x08bd0519, 0x3f072d45, 0x11231202, 0x29801106, 0x13281203, 0x186c6d09, 0x03112313, 0x423f1603, 
    0x0d11d6fe, 0x60020a52, 0x2005f042, 0x063044fd, 0xfe400223, 0x0b194460, 0x0c824818, 0x19012108, 0x08011163, 0x272f1004, 0x01031192, 0x0720c20f, 
    0x15101b10, 0x11170a16, 0x540c054d, 0xe7fe0d09, 0xb2633a8b, 0x185f8506, 0x770c6852, 0x832f086f, 0x2100a001, 0x00003500, 0x013b3601, 0x82161716, 
    0x060524ef, 0x7522012b, 0x1f2905f7, 0x26273701, 0x013f3635, 0x20098236, 0x2f611801, 0x01240812, 0x391f1be5, 0x070b0b15, 0xeffe471d, 0x0f890807, 
    0x0e09490a, 0x390e0e20, 0x01089364, 0x1b182e08, 0x1bfe68c3, 0x02219282, 0x84848540, 0x82013fe4, 0x0f10010e, 0x89254b14, 0x0f550b03, 0x0607100a, 
    0x055f3119, 0x17050909, 0x35490a0c, 0x2a855efe, 0x8b440585, 0x01b92e05, 0x00c001c7, 0x0038002c, 0x37272100, 0x249c8236, 0x3627010f, 0x054b7937, 
    0x07222335, 0x16111506, 0x37363317, 0x07173335, 0x16011f06, 0x8217013f, 0x27362203, 0xcf4d1801, 0x01353f09, 0x0e6060b8, 0x1111170e, 0x1323435f, 
    0x22090913, 0x0d862c21, 0x15020909, 0x2a01161f, 0x1a846171, 0x1160602b, 0x0f0e1711, 0x115797fe, 0x2100820b, 0x10835711, 0x0e0e162c, 0x24124460, 
    0x1a2b2c23, 0xcb820119, 0x16f8fe27, 0x38160202, 0x202b8470, 0x2154860e, 0xc1497001, 0x47502005, 0x24330a5f, 0x47003500, 0x00005b00, 0x22230605, 
    0x27263527, 0x65150706, 0x886709b7, 0x07062305, 0x19850706, 0xd3610320, 0x6b3f200e, 0x984d06a9, 0x1607230a, 0x74473117, 0x087e7105, 0x6001152c, 
    0x2d33332d, 0x010f0f01, 0x8118233a, 0x23210fe8, 0x2017833a, 0x0f166386, 0xa44d6320, 0x186d200f, 0x2c0f389d, 0xcd13132d, 0x0f01010f, 0x3a3a22be, 
    0x0b9d5248, 0x3a3a4824, 0x1983be22, 0x0001cd22, 0x4d0ce461, 0x86240bb0, 0x010d0e14, 0x20205283, 0x9f590888, 0x057b7408, 0x3d002826, 0x61004f00, 
    0x180ead65, 0x230d335d, 0x16171611, 0x2721fb83, 0x27f68306, 0x31272607, 0x07262726, 0x29064569, 0x36373233, 0x14373137, 0x7d583117, 0x251a8205, 
    0x06072223, 0x26832315, 0x14200984, 0x6606b14c, 0xdc1808de, 0x36281077, 0x0a0c0b26, 0x0f452f09, 0x3024e882, 0x0c0e0f01, 0x4105a470, 0x602f070b, 
    0x0d0f0809, 0x01010909, 0x0f0d0909, 0x86600908, 0x18158707, 0x32181183, 0x2a01a0fe, 0x0c0b090a, 0x0f010233, 0x1011010f, 0x700f1718, 0x14260568, 
    0x0d0e0e0d, 0xdd42a114, 0x0de9420b, 0xcb610020, 0x80023305, 0x2700a001, 0x33002e00, 0x4a003800, 0x00005c00, 0x94752325, 0x82088907, 0x35272cf1, 
    0x37363736, 0x011f1621, 0x83011d16, 0x33252221, 0x27208235, 0x23272115, 0x35233315, 0x744b0482, 0xd34e1811, 0x50022b11, 0x1b1b0110, 0x1b1b2929, 
    0x08878001, 0x14102108, 0x01010d0e, 0x011f1414, 0x6e141d89, 0x0e0d0110, 0x60f0fd14, 0x01010758, 0xa15150e1, 0xa06060e1, 0x054f2084, 0x201e8306, 
    0x0b9518fe, 0x70591808, 0x50841808, 0x2a26830f, 0x14141fe8, 0x84160101, 0x836c1811, 0x60c02527, 0x60580701, 0x90200082, 0x180f8142, 0x32106160, 
    0x00000400, 0x8002e0ff, 0x4600a001, 0x5d005300, 0x64006600, 0x23260533, 0x3d262722, 0x946b3601, 0x14152c06, 0x17363707, 0x33010f16, 0x4f161716, 
    0x1f8205c0, 0x07013f25, 0x42010f06, 0x3520055f, 0x30053949, 0x27343527, 0x07222326, 0x07170706, 0x32171615, 0x8242823f, 0x0731330c, 0x15141533, 
    0x36272623, 0x36210537, 0x17162137, 0xcd5c0706, 0x071c4106, 0x127b0427, 0x12060e0d, 0x05bc4154, 0x0a108036, 0x5e0c0509, 0x150e2912, 0x15151f29, 
    0x12130101, 0x0107551f, 0x07fc7218, 0x08012039, 0x1a0e0304, 0x01163110, 0x16282888, 0x02160202, 0x0cb4fe50, 0x8336010a, 0x5001200b, 0x2b410715, 
    0x1f082807, 0x0d04251f, 0x8235120e, 0x820d2040, 0x0e0c3660, 0x4f1d260f, 0x01231947, 0x1e151401, 0x19192148, 0x29291a09, 0x367a8508, 0x0748b020, 
    0x2e190401, 0x17090e33, 0x04042820, 0x02161602, 0x83181830, 0x08df4606, 0x24056f43, 0x00660034, 0x1c3b5397, 0xe9771720, 0x052e4111, 0xb7753120, 
    0x4beb752e, 0x18f6a318, 0xc9593f20, 0x0b46215f, 0x161ea418, 0xe0545e20, 0x0029084d, 0xff070000, 0x02c0ffff, 0x00c00182, 0x00270022, 0x0031002c, 
    0x003b0036, 0x01000040, 0x06212726, 0x17060307, 0x15213316, 0x05f84423, 0x3736333a, 0x27262734, 0x32213523, 0x03273637, 0x27231707, 0x23172333, 
    0x07233337, 0x032b0482, 0x23073337, 0x17333733, 0x82273323, 0x024d0804, 0xfe1a063f, 0x3f061941, 0x0f090903, 0x142fff00, 0x01010d0e, 0x010fdf0f, 
    0x30140e0d, 0x0a0f0001, 0x39400309, 0x590a6213, 0x0a8c0a8a, 0x620aa978, 0x168c5913, 0xa3720b67, 0xac0b960b, 0x16670bdd, 0x18a60172, 0xfe180202, 
    0x0c0b0fc0, 0x23358340, 0x0e02010f, 0x40274583, 0x010e0c0c, 0x84602640, 0x00ff2200, 0x82008470, 0x820220cb, 0x02de28cb, 0x00a30141, 0x8341002e, 
    0x310722c1, 0x059b6e06, 0x21058f51, 0xc6820726, 0xf9461720, 0x37162505, 0x31323332, 0x0864d618, 0x0520d582, 0x45071950, 0x500808e6, 0x0f380217, 
    0x2b2c2324, 0x12123029, 0x2c2b2930, 0x070f2423, 0x05060101, 0x3f281314, 0x011b3536, 0x361a0101, 0x14284036, 0x01060513, 0xe8fe0701, 0x1f1d1913, 
    0x2219190c, 0x19230708, 0x1c1f0c19, 0x0001131a, 0x12050501, 0x312f2512, 0x12262e31, 0x32278411, 0x2821210f, 0x0c3a2529, 0x0d03030d, 0x28253a0d, 
    0x82212128, 0x6f2b0856, 0x111c161d, 0x1e2c2d35, 0x2d1d0606, 0x1b11362c, 0x01001d17, 0xc0fffdff, 0xc0010002, 0x00003600, 0x1f161701, 0x06171601, 
    0x4a06010f, 0x22200518, 0x82052f7f, 0x25bc820f, 0x36013f26, 0x905a3435, 0x821f8206, 0x3237210e, 0x6808ea82, 0x135d0131, 0x223a270b, 0x52160102, 
    0x01030115, 0x171e1213, 0x20182d14, 0x43080908, 0x0a101013, 0x091c0f0f, 0x040c2c0b, 0x15111103, 0x1f1e2d48, 0x10161f14, 0x91010611, 0x150f2845, 
    0x111c250f, 0x321b113b, 0x0114141d, 0x01142610, 0x07030d02, 0x1c1c1008, 0x14121031, 0x15124610, 0x010d0d15, 0x28230105, 0x0d0d0118, 0x08f34c15, 
    0x2608af84, 0x0023000d, 0x00470035, 0x006b0059, 0x008f007d, 0x130000a1, 0x16311732, 0x3523011d, 0x3b363734, 0x37360301, 0x18373631, 0x200f925f, 
    0x10a55133, 0xe04a3720, 0x4a332010, 0x332010e0, 0x07202390, 0x17202390, 0x27202390, 0xc03c2390, 0x8009090e, 0x400e0909, 0x1b1b01c0, 0x1b298029, 
    0x0d01011b, 0x14e0140e, 0xa0010d0e, 0x0fba6018, 0x244ba020, 0x62198c18, 0x2c85067a, 0x268c0c8c, 0x82c00121, 0x60602121, 0xff218082, 0x82778400, 
    0xbf4f1880, 0x01d02108, 0x0ec96118, 0x4706aa4b, 0x0b910bbe, 0x0c915418, 0x00200c99, 0x2f088b4b, 0x00c00100, 0x00360031, 0x16332500, 0x06171617, 
    0x21051b6d, 0xb7622621, 0x37362205, 0x055f6736, 0x8507424a, 0x07062123, 0x27080782, 0x1521011f, 0x6e013521, 0x201f3022, 0x011e0201, 0xfe140e0d, 
    0x0d0e14a0, 0x01021e01, 0x22301f20, 0x010f0f17, 0x01131202, 0x2d07c246, 0x02121301, 0x170f0f01, 0x01c0fe32, 0x2283c040, 0x330c2122, 0x39832f83, 
    0x210c3322, 0x1f834683, 0x19141b23, 0x070d4122, 0x14192223, 0x2a47831b, 0x002020a0, 0xff140002, 0x822c02bb, 0x001e25af, 0x05000027, 0x2c08c753, 
    0x2627013f, 0x023f3637, 0x1f163736, 0x08988202, 0x17010f61, 0x27173127, 0x31012f37, 0x03cf0111, 0x81111010, 0x0f101280, 0x0e681902, 0x90130606, 
    0x14130a40, 0x13904009, 0x680d0507, 0x1670af18, 0x1b387d5b, 0x090b0c13, 0x0b094444, 0x6693130c, 0x0312130e, 0x01118416, 0x16841101, 0x0e131203, 
    0x3c639366, 0x72135a7e, 0x0000dffe, 0xff200004, 0x82a001c0, 0x00303483, 0x00400035, 0x0100004b, 0x27343523, 0x06232726, 0x45070607, 0x11200531, 
    0x17228382, 0x1c4c1533, 0x2e078706, 0x37363736, 0x26272611, 0x1533012f, 0x18133523, 0x2009f958, 0x290a8935, 0x0e307001, 0x1460140e, 0xd4180d0e, 
    0x102609f1, 0x0f200f01, 0x05848001, 0x26052249, 0xc0140e0d, 0x4fa06060, 0x098909be, 0x50400122, 0x21075141, 0x27820150, 0x8300ff21, 0x1810200e, 
    0x20090cba, 0x20158310, 0x24158401, 0xfe505050, 0x07a94fb0, 0xc4515f82, 0x21e38305, 0x7f44ff00, 0x001a2605, 0x003e002c, 0x1cc34750, 0x24834618, 
    0x10aa4718, 0x6617a353, 0xef710629, 0x4972181b, 0x0c264c0c, 0x8e183920, 0xd8590975, 0x0c80430c, 0x3f8bf020, 0x12121b23, 0x8f431801, 0x00142d0a, 
    0x001e0019, 0x00370027, 0x11000044, 0x2008f06d, 0x93aa1815, 0x11240808, 0x33152317, 0x35330735, 0x36171523, 0x06272637, 0x37171607, 0x33363711, 
    0x16011f32, 0x010f1415, 0x37313534, 0x0820b118, 0x37212322, 0x4a061e52, 0x402008eb, 0x20200083, 0x2b07f96f, 0x0d0a4b80, 0x0a5a0a0d, 0x6997d30a, 
    0x2405ca43, 0x01c0d7fe, 0x440a86a0, 0x1b2a058a, 0x8001291b, 0xc0404020, 0x48184040, 0x182408cd, 0x0a4b0601, 0x0d253782, 0x05d4090d, 0xd1551905, 
    0x54c02007, 0x0032055b, 0x01400211, 0x00360060, 0x00950083, 0x37323700, 0x02833631, 0x01473220, 0x36332905, 0x30373637, 0x31322737, 0xb6830883, 
    0x82323321, 0x2f262511, 0x06232601, 0x074ab518, 0x05331622, 0x82063a47, 0x07054ce1, 0x86313021, 0x83072021, 0x200d831b, 0x222f8322, 0x4c150607, 
    0xaf5907f5, 0x20078e07, 0xe9a01835, 0x17480810, 0x0d0d1ac0, 0x0e190b08, 0x08060808, 0x1b1a0d0d, 0x01050e0f, 0x1305018d, 0x12132013, 0x0c040327, 
    0x0101090a, 0x1a1a2618, 0x1427283c, 0x031f1813, 0x80011b14, 0x0a141802, 0x0f08060b, 0x10090c0d, 0x12241d11, 0x0d0a0112, 0x23220b85, 0x0b821312, 
    0x130a0c35, 0x0a0a0f14, 0x080f0809, 0x0f131312, 0x21211818, 0x870f1818, 0x13132207, 0x22188212, 0x691ffe09, 0x80320fc4, 0x0f080807, 0x07050502, 
    0x01070709, 0x01060908, 0x08820374, 0x01090427, 0x180e0909, 0x200f8207, 0x2b008215, 0x342b1c03, 0x06194d0c, 0x05050604, 0x0a289a82, 0x01060707, 
    0x03090a01, 0x08202582, 0x09350a87, 0x0604040e, 0x090d1107, 0x0b06050a, 0x08070809, 0x070a0a07, 0x26058208, 0x0905060b, 0x42ad0d09, 0x21081077, 
    0xff000003, 0x014002e0, 0x000a00a0, 0x009c004f, 0x15300100, 0x14313031, 0x35151431, 0x15333507, 0x01833736, 0x082f5e18, 0x4f066541, 0x53470784, 
    0x32332306, 0x80411617, 0xe4491808, 0x16152207, 0x41018217, 0x172038c4, 0x4b187783, 0xcc410746, 0x01352a06, 0x1ac08040, 0x01070e0e, 0x0b024702, 
    0x1a1b0126, 0x1a192e29, 0x4c06ac4c, 0x022d067f, 0x292c1919, 0x02011b1b, 0x0e0d0702, 0x46b9411a, 0x01400122, 0x042a0082, 0x01605fff, 0x01080807, 
    0xfb46e502, 0x1a29280b, 0x1d01011b, 0x465c271e, 0x0d290bf1, 0x011d1d26, 0x291b1b01, 0x228882e5, 0x413e0708, 0x01202dbe, 0x09236682, 0x84070809, 
    0x060b3e07, 0x0d090a05, 0x03000000, 0xb9fff9ff, 0xc7018702, 0x27001c00, 0x00003900, 0x31373613, 0x05ec5a36, 0x74641720, 0x16172e05, 0x01270607, 
    0x1f363726, 0x37360701, 0x06d04c05, 0x2c443320, 0x17162305, 0x5a433736, 0xd7313705, 0x10151516, 0x0a0f0f0a, 0x1b23231a, 0x8b04011b, 0x130f0c10, 
    0x0583b0fd, 0x48b03308, 0x13011802, 0x324a4b32, 0x01600232, 0x01020e0f, 0x102f2020, 0x21100101, 0x01011717, 0x20212431, 0x250d0d17, 0x39383838, 
    0x6d131626, 0x0c10130f, 0x0583d001, 0x23b08a3a, 0x0231d736, 0x4c313202, 0x0e02020e, 0x01202030, 0x010f0f01, 0x23161701, 0x240e9b4d, 0x0051003b, 
    0x1cd74568, 0x07061722, 0x2505987e, 0x1f32013b, 0x904d1601, 0x464c1806, 0x31072208, 0x43e46027, 0x01098a3f, 0x14080707, 0x2b042b29, 0x07081429, 
    0x0a090107, 0x17181011, 0x18171c1c, 0x040a1110, 0x37ca7e07, 0x12126c3d, 0x04050508, 0x070f0f07, 0x08050504, 0x11121212, 0x010c0c11, 0x110c0c01, 
    0x60d91211, 0x012e29fb, 0xe0ff1800, 0xa401a801, 0x00003400, 0xd04f0625, 0x5f491806, 0x26072107, 0x26240983, 0x36372627, 0x1f270183, 0x36371601, 
    0x8532012f, 0x1617210d, 0x6b080183, 0x1c8a0107, 0x070d0503, 0x05141405, 0x1a1a081e, 0x13061e08, 0x0d070514, 0x1e1c0404, 0x1515080b, 0x561b1f1d, 
    0x0905080b, 0x03010219, 0x13141103, 0x15151d15, 0xeb1e0b08, 0x3d3e342a, 0x0101141d, 0x021a7913, 0x13791a02, 0x1d140101, 0x2a343e3d, 0x161e3829, 
    0x0f060816, 0x0c0a0639, 0x01011008, 0x07060e02, 0x16160805, 0x0028391e, 0x2e08e341, 0x00c30181, 0x0019000d, 0x003a0027, 0x83171300, 0x4d26209c, 
    0x1f230504, 0x82273602, 0x822320af, 0x250721c9, 0x0721a082, 0x20b28217, 0x24138337, 0x27372313, 0x24178407, 0x36211716, 0x08248337, 0x1a677369, 
    0x49292424, 0x052e4141, 0x85070302, 0x0b0c1bee, 0x2c0c0b2f, 0x01222f2f, 0x08040912, 0x0708661b, 0x1f010106, 0xcf06391f, 0xcd493c41, 0x010d0e14, 
    0x20020f01, 0x0d01010f, 0x3701140e, 0x2d2c3e25, 0x1e1d0317, 0x08070738, 0x5e573003, 0x04134746, 0x4e2e2e01, 0x4d1f187c, 0x0503255a, 0x40490804, 
    0x7dfe2c40, 0x83c816b2, 0x010f2630, 0x0e150d02, 0x068f520e, 0x01c0012f, 0x003d00a0, 0x00570042, 0x0061005c, 0x06df6e66, 0x14011d26, 0x15230607, 
    0x210ce759, 0x13822335, 0x23096f74, 0x27223533, 0x2c0a5874, 0x37343315, 0x07013b36, 0x23353315, 0x84388305, 0x84248410, 0x18232038, 0x230aee6b, 
    0x33152335, 0x5a077e47, 0xc0230910, 0x560e0909, 0x148e0649, 0x20203024, 0x1382f0fe, 0x8306fe44, 0x21128206, 0x16826001, 0x2020c024, 0x3886a001, 
    0xc3444099, 0x20368208, 0x82458a50, 0x20f02117, 0x01240083, 0x00202040, 0x02330082, 0xc0fffcff, 0xc0010402, 0x2f001d00, 0x03250000, 0x65232726, 
    0x23200bf4, 0x2b05b34f, 0x37362117, 0x22032736, 0x27263127, 0x08069544, 0x07141523, 0xfe012306, 0x3c180749, 0x1b1b0106, 0x1b1c2929, 0x183b0601, 
    0x0e064907, 0xa001180e, 0x060e0e18, 0x216e82fe, 0xd6450101, 0x01022608, 0x0e011924, 0x07824b12, 0x010f112f, 0x1adcfe19, 0x01011413, 0x011a1314, 
    0x8227883e, 0x02002435, 0x18ff0d00, 0x8207fbb0, 0x18172097, 0x211ffbb0, 0xb54e0627, 0x17332805, 0x07060716, 0x1828e823, 0x2a1a05b1, 0x24151434, 
    0x0e021415, 0x82020ea4, 0x10012209, 0x0fb11875, 0x05a42f18, 0x1d1c0905, 0x25959525, 0x00091c1d, 0xbf4a0007, 0x058f4e07, 0x6f005226, 0xae008e00, 
    0x0dd74c19, 0x17352324, 0x1f1a1716, 0xa14e1206, 0x07e64405, 0x24821620, 0x0f14133c, 0x06152202, 0x022f2223, 0x3f343526, 0x32333602, 0x1f331417, 
    0x17151601, 0x118e012f, 0x272a2a87, 0x1516021f, 0x15220714, 0x3a91010f, 0x07142723, 0x83199531, 0x42602054, 0x80200634, 0x250d894e, 0x291b1b01, 
    0x8e4e4080, 0x02e02b0f, 0x02010c1e, 0x0c020201, 0x0a82021e, 0x0a820220, 0x0a820120, 0x0e8d4c20, 0x08202487, 0x01211682, 0x20319101, 0x83149314, 
    0x06894a2b, 0x80606022, 0x994e7e83, 0x1b292509, 0x00ff011b, 0x210f9f4e, 0x87837001, 0x84010121, 0x83928488, 0x02022557, 0x020c1e2e, 0x7c860082, 
    0x25820a85, 0x16836420, 0x0c21bc82, 0x20328d1e, 0x83139232, 0x0200232a, 0x5b5d0000, 0x00252506, 0x01000032, 0x08b96118, 0x834a0620, 0x16172105, 
    0x280cb848, 0x27362736, 0x35012f26, 0x081e8223, 0x33150730, 0x37363736, 0x1f195001, 0x1f19191f, 0x1b3c191e, 0x2314141a, 0x101b3024, 0x0b0a0a0b, 
    0x24301b10, 0x01141424, 0x3c1a1a02, 0x17222010, 0x04840116, 0x40012b08, 0x0c0a0901, 0x01090a0c, 0x3d303003, 0x22333433, 0x08020123, 0x05010105, 
    0x23010208, 0x34333322, 0x0330313c, 0x16012060, 0x04842217, 0x00319482, 0x021c0000, 0x00640140, 0x25000044, 0x14151716, 0x287e8207, 0x30272627, 
    0x26313031, 0x208b8227, 0x560f8531, 0x3521053d, 0x211a8234, 0x4e6c3435, 0x05897305, 0x37363123, 0x05117236, 0x023ad685, 0x10022717, 0x181e1a10, 
    0x1d0a0a17, 0x0a0b1cd0, 0x1a1e1817, 0x27021010, 0x18980707, 0x2d15b43f, 0x15151c04, 0x0e0e0606, 0x02021b1b, 0x0e0e1b1b, 0x15150606, 0x152d041c, 
    0x04070705, 0x261d9716, 0x07070416, 0x43030005, 0x1027083f, 0x36002400, 0x4a350000, 0x1722054f, 0xad822611, 0x06072226, 0x07062515, 0x2222c682, 
    0xab821115, 0x5e07cb75, 0x3054059f, 0x05884105, 0x2719023d, 0x2f303f3f, 0x0d283e3d, 0xe2010908, 0x2e3e3d28, 0x3f3f3001, 0x09021828, 0x18820d08, 
    0x080f4c9e, 0x17d5e523, 0x0b0b0104, 0x1d0b011e, 0x07010c0b, 0x011b0c08, 0x011d0b0c, 0x0b1ef6fe, 0x1704010b, 0x07080cd5, 0x0fdc5760, 0x2b0b3360, 
    0x005d002e, 0x17161300, 0x11171631, 0x22208583, 0x576e9082, 0x37342105, 0x3521b782, 0x20a88234, 0x24058a26, 0x33363736, 0x222e8317, 0x57071415, 
    0x058505b5, 0x16070623, 0x823f8515, 0x4ed81805, 0x82322009, 0x18b8212b, 0x2905484f, 0x0f101618, 0x1b080803, 0x98821212, 0x0d0e0f36, 0x0e0e150c, 
    0x0e02160e, 0x0f03150d, 0x15c81610, 0x16020e0d, 0x15241182, 0x0f0e0d0c, 0x1224d482, 0x08081b12, 0x3e8b1983, 0x01c00127, 0xfe18100f, 0x83138370, 
    0x8201203c, 0x0a0b2a25, 0x1a141409, 0x0a131318, 0x27c48212, 0x09080611, 0x06101117, 0x32364a82, 0x17111006, 0x11060809, 0x12161711, 0x1813130a, 
    0x0914141a, 0x80830b0a, 0x49836983, 0x86900121, 0x00002349, 0x4b7a0005, 0x00312c07, 0x0047003a, 0x005d0052, 0x82331300, 0x011f21c1, 0x1d23e382, 
    0x58070601, 0x3d2208a3, 0x0b8a2101, 0x35272623, 0x05e16134, 0x3133362c, 0x010f0615, 0x27262721, 0x2f821723, 0x08aa5f18, 0x36330723, 0x24138237, 
    0x17160706, 0x09aa6225, 0x1fb6a534, 0x230a1918, 0x020b0b12, 0x0e09091e, 0x09090e20, 0x088600ff, 0x0b021e33, 0x0a23120b, 0x161f1819, 0x26011a08, 
    0xb616081a, 0x3660182b, 0x88602608, 0x02021620, 0x21048416, 0x0a885001, 0xa001202e, 0x651d1112, 0x14101007, 0x39122550, 0x21052647, 0x07853030, 
    0x25123933, 0x10101450, 0x111d6507, 0x14014012, 0x01144b4b, 0x09c575b0, 0xe7182020, 0x00201028, 0x03200082, 0x002a0382, 0x80010002, 0x42002900, 
    0x0b464d00, 0x4815200b, 0x32230520, 0x54151617, 0x21200998, 0x2108e95a, 0xf2180533, 0x16240b4e, 0x35373617, 0x21050241, 0x0a410535, 0x45502009, 
    0xbc4506b4, 0x18102007, 0x2711f279, 0x01300110, 0x20010f0f, 0x2020fa83, 0xfe220989, 0x0c4160e0, 0x53012008, 0x38780caf, 0x83e0200c, 0x8a298450, 
    0x2045843b, 0x83058340, 0x05003303, 0xc6ff0300, 0xb8016502, 0x4c002400, 0x5e005500, 0xe7826700, 0x011f3233, 0x14173637, 0x010f0617, 0x06020f06, 
    0x013f2627, 0x83dc8227, 0x36372105, 0x33261b83, 0x16011f31, 0x04821617, 0x07232182, 0x85012f06, 0x0607211d, 0x36230b88, 0x8236013f, 0x07313343, 
    0x17010f26, 0x012f2627, 0x36371607, 0x06072627, 0x04830517, 0x39080c83, 0x1d040bb0, 0x01070b4c, 0x2b29121a, 0x0824140e, 0x05010a09, 0x01030b4e, 
    0x05284208, 0x4c0b0706, 0xd00b041d, 0x0f101988, 0x081b0703, 0x0b0b0423, 0x060e0f0d, 0xf7080306, 0x0b830508, 0x070d5508, 0x0b240306, 0x170f3023, 
    0x0b101917, 0x05ca2007, 0x64870b01, 0x14030816, 0x14030717, 0x07160401, 0x08151504, 0xb8011504, 0x03174a0a, 0x0d010108, 0x2e0e3c18, 0x0407214a, 
    0x0d4f0b05, 0x070a0a02, 0x0909452d, 0x4a170308, 0x08235c0a, 0x541a1313, 0x0d842416, 0x04206082, 0x1f266a83, 0x060d1f42, 0x0b840407, 0x06238333, 
    0x09081645, 0x09033e07, 0x0a3a362f, 0x03932403, 0x22678314, 0x85140816, 0x07162162, 0x2f063f43, 0x00a00180, 0x0036002f, 0x004e003d, 0x2500005f, 
    0x09838f18, 0x26272622, 0x8405ed53, 0x076c4a08, 0x36013f3c, 0x013b3637, 0x16011f16, 0x15171617, 0x010f2225, 0x17233533, 0x2b262733, 0x47181501, 
    0x06200a5e, 0x36221d82, 0xbc492137, 0x2e108509, 0x09098002, 0x1a07210e, 0x1a24241a, 0x8782071a, 0x21210808, 0x0b09090e, 0x0c29130b, 0xb61e1718, 
    0x31641e2d, 0xfe011f1f, 0x1f08152b, 0xad653571, 0x510f0a43, 0x08166cfd, 0x0c040127, 0xfe0c2121, 0x21108ec0, 0x42823080, 0x16162327, 0x16160101, 
    0x82078723, 0x1570396b, 0x6808100f, 0x0111101b, 0x23077d23, 0xe0013123, 0x60604c14, 0xd0600c54, 0x230b126c, 0x1e02021e, 0x4a430f8f, 0xff002a05, 
    0x014002c0, 0x005500c0, 0x9f77186d, 0x0ca07e09, 0x36013d26, 0x36353337, 0x0b099818, 0x22061047, 0x4f070615, 0x35270516, 0x2b262734, 0x5d321501, 
    0xe7660535, 0x36112209, 0x263b8237, 0x1706010f, 0x63331716, 0x362505e3, 0x23272627, 0x34058237, 0x00013107, 0x0112121b, 0x19192510, 0x16160201, 
    0x100f1902, 0x27028301, 0x0120010f, 0x10010f0f, 0x19200283, 0x075b5b18, 0x110b0c22, 0x21068362, 0x3e44e0fe, 0x12013005, 0x3aa01b12, 0x04030870, 
    0x03193b0a, 0x830a0909, 0x3a0b210a, 0x0b230a82, 0x83c00108, 0x01c02e1d, 0x20251919, 0x16020216, 0x1514087c, 0x6cdb181b, 0x5f302008, 0x202906b4, 
    0x0814151b, 0x14141f7c, 0x23658301, 0x0c0b1120, 0x0c007518, 0x27054066, 0x0b076054, 0x0b4b0109, 0x0989e982, 0x2e05c348, 0xc0010002, 0x35001400, 
    0x27250000, 0x82222326, 0x14152ce6, 0x3716011f, 0x36013f32, 0x59273435, 0x352505da, 0x07141523, 0x0a1a6e06, 0x37363523, 0x2c258236, 0x01071407, 
    0x130fd0f1, 0x0ed00f12, 0x2007820e, 0x27078213, 0x0960560f, 0x41010809, 0x2c059a4b, 0x5f0d090a, 0x09080901, 0x04010760, 0x202484e2, 0x21248212, 
    0x2d83010f, 0x1e0f1228, 0x04050754, 0x4b45340a, 0x0e502d06, 0x0b340909, 0x54060304, 0x05070705, 0x0b7f7418, 0x4b002e22, 0x48189f82, 0x26220810, 
    0xb2412327, 0x37362105, 0x24050768, 0x33171637, 0x22048236, 0x82061716, 0x160721a6, 0x1721ad82, 0x28138205, 0x31303130, 0x30072627, 0x07315823, 
    0x37333223, 0x203b8231, 0x09576715, 0xd2122530, 0x121b2512, 0x1e020112, 0x1201021e, 0x10881b12, 0x262c0c83, 0xfe260606, 0xd2080fe0, 0x01020125, 
    0x25074745, 0xd2250202, 0x22190f08, 0x3890081b, 0x2f821087, 0x0f0d452b, 0x09440d0f, 0x01400f08, 0x07735301, 0x4e824020, 0x00040023, 0x06cb5f00, 
    0x2100102a, 0x43003200, 0x21130000, 0x1f37bd19, 0x33162532, 0x36013f32, 0x0726012f, 0x07011f06, 0x26271706, 0x22058a5b, 0x82373233, 0x36372515, 
    0x80018027, 0x1d59bd19, 0x06fefe22, 0x0c867719, 0x5c0c0c28, 0x0c300e0e, 0x1683300c, 0x220c0c29, 0x010b0b22, 0x1800ff60, 0x2709e1b5, 0x0001f0fe, 
    0x0f01e0fe, 0x26084546, 0x62010f10, 0x84300606, 0x0e0e2635, 0x0e0e2222, 0x823e827c, 0x9477190e, 0x03002107, 0xbb2adb82, 0xc5010002, 0x23001000, 
    0xd9823700, 0x5c183620, 0x27240a9d, 0x05013f36, 0x8205445c, 0x270d83c8, 0x013f1617, 0x17370717, 0x372d148e, 0x1817e931, 0x01010dda, 0x1718da0d, 
    0x220783db, 0x8b0901db, 0x9835280e, 0x35982525, 0x8f3598cd, 0xbb012914, 0x07650a0a, 0x6507100e, 0x10240783, 0xe565070e, 0x18280d8b, 0x46101046, 
    0x1846ae18, 0x0020148f, 0x0b134218, 0x4b001127, 0x00005d00, 0x1a581837, 0x07274408, 0x2006455c, 0x54af8216, 0x072305f0, 0x83012b06, 0x0923431c, 
    0x5c078c45, 0x39550568, 0x19032008, 0x830c7560, 0x4cb02032, 0x50280fb7, 0x3d09090e, 0x230b2a2b, 0x24051f44, 0x2b2a0b23, 0x0549433d, 0x80201592, 
    0x240b2569, 0x01242536, 0x0f934dc0, 0x82000121, 0x8a449d3c, 0x00ff2170, 0x310f7a69, 0x00000100, 0x8002b8ff, 0x5200c001, 0x06250000, 0x93473107, 
    0x013d2905, 0x013f1617, 0x07012f36, 0x1f20c582, 0x3220c482, 0x088ed518, 0x27262723, 0x05745234, 0x2e079062, 0x013d3637, 0x16333736, 0x1f141517, 
    0x86363501, 0x17162116, 0x5a080182, 0x02800215, 0x3c312525, 0x56141320, 0x03090506, 0x02a8a805, 0x09020101, 0x03030302, 0x20131456, 0x2525313c, 
    0x45210402, 0x100e0203, 0x141e1d10, 0x07210113, 0x0f100f01, 0x01210701, 0x1d1e1413, 0x020e1110, 0x04214502, 0x1b1a2f1c, 0x180a0f0c, 0x3a581f18, 
    0x060d0603, 0x83707005, 0x0d210842, 0x3a010103, 0x18181f58, 0x1b0c0f0a, 0x0f0f2f1a, 0x04046d7a, 0x010f0f18, 0x1c131201, 0x0805163c, 0x290a82ab, 
    0x0508ab0f, 0x131c3c16, 0x59820112, 0x03041826, 0x0f0f7a6d, 0x270a774c, 0x00410022, 0x3700004e, 0x2008435b, 0x3ccf8332, 0x23262734, 0x23272635, 
    0x22150706, 0x011d0607, 0x33161714, 0x37362305, 0x27262726, 0x07975c15, 0x814c2120, 0x85212005, 0x33252316, 0x32863736, 0xa0171629, 0x280f010c, 
    0x410c010f, 0x012305e6, 0x6b0f400f, 0x013206f5, 0x022f0130, 0x51373602, 0x01252436, 0x36242501, 0xcb52f0fe, 0xe0012105, 0x2605cb52, 0x07d098fe, 
    0x84070101, 0x10802104, 0x0f251382, 0x0e090910, 0x8c4882e0, 0x3580270c, 0x3637514b, 0x42834002, 0x0d224a84, 0x2c83140e, 0x20204c83, 0x095e4218, 
    0x00820020, 0x00000231, 0x82022000, 0x30008001, 0x00003500, 0x49331501, 0x162505a7, 0x2306010f, 0x20d18321, 0x21d58235, 0x6d183635, 0xd6420892, 
    0x08467405, 0x15230734, 0x20013517, 0x320e0f51, 0x06070ea7, 0x1c14b708, 0x6783fdfe, 0x011c4323, 0x20768201, 0x06e363b0, 0xec858020, 0x30c0202f, 
    0x20400130, 0x02241907, 0xce0c0b0b, 0x24228316, 0x1e0e1e15, 0x699a8441, 0x41230cbd, 0x82005615, 0x51002090, 0x3c200743, 0x20068342, 0x83958407, 
    0x27262190, 0x06869684, 0x33201186, 0x8405fc56, 0x07062106, 0x13830686, 0x0100022f, 0xfe1f1514, 0x14141f91, 0x11100101, 0x3f9f821b, 0x0e1f1414, 
    0x12010115, 0x22101b12, 0x01011617, 0x2908070e, 0x06011b1b, 0x12121b06, 0x0e150101, 0x1c252a84, 0x0110111b, 0x820a8408, 0x141b252f, 0x24150513, 
    0x12210d83, 0x2b25841e, 0x1a221716, 0x1b010214, 0x0f11291b, 0x1e224983, 0x26820112, 0x05152425, 0x441b1413, 0x0f370c53, 0x37002500, 0x16010000, 
    0x012b0607, 0x3f262722, 0x16373601, 0x5b07011f, 0x491808dd, 0xa8660bce, 0x074b4205, 0x2627263c, 0x099b0127, 0xc0120a08, 0x09080a12, 0x12120960, 
    0x0c7b6009, 0x1190110b, 0x06860c0b, 0x44e0fe21, 0x012e0f10, 0x0f101010, 0xa00f110f, 0x0f01010f, 0x2a8988a0, 0x48203183, 0x8210ed43, 0x0d00379a, 
    0xf301c0ff, 0x2a00c001, 0x07250000, 0x15012f06, 0x26230706, 0x0a833527, 0xb384af82, 0x27011f22, 0x1805cf43, 0x3409e98a, 0x0d18e901, 0x16028114, 
    0x80021630, 0x09180d14, 0x12818112, 0x20128309, 0x20138401, 0x38138481, 0x0a128180, 0x09122a55, 0x0216954b, 0x4b951602, 0x142a1209, 0x0d4a4b0c, 
    0x22139014, 0x55140c4b, 0xc022057b, 0x8b820002, 0x31001a22, 0x0a859a18, 0x53630620, 0x11a77d06, 0x2306486a, 0x15060706, 0x2307325a, 0x2f262734, 
    0x08583c19, 0x20081769, 0x82661807, 0x32052410, 0x67363137, 0x15250711, 0x33161714, 0x72239027, 0xe82719a8, 0x02161602, 0x470b0b12, 0x0b2307e3, 
    0x4288120b, 0x058505ed, 0x8506e148, 0x5501200c, 0x1a8c0cc0, 0x2918e171, 0x0216cd25, 0x07cd1602, 0x5d191010, 0x75200c95, 0x200b2e43, 0x18f57230, 
    0x200d6871, 0x084f4302, 0x31001a22, 0x411cbd73, 0x2720154f, 0xaf2c0741, 0x000022d2, 0x088b5c09, 0x25001430, 0x46003500, 0x67005600, 0x88007700, 
    0x7a189800, 0x7e531613, 0x42352009, 0x35200598, 0x6905b442, 0x17200813, 0xd8089f53, 0xe0012220, 0x052555fe, 0x291b1b23, 0x21098801, 0xd769b0fe, 
    0x400f2408, 0x8401010f, 0x06356a04, 0x1a8d8020, 0x0d440d23, 0xa9118701, 0x22508b1a, 0x8201a001, 0x63ff207c, 0x012008be, 0x73180984, 0x20210985, 
    0x2080820f, 0x05b94f20, 0x850e1421, 0x6020216d, 0x1d840988, 0x820d5e21, 0x87422084, 0x5e422113, 0x598e1dab, 0x00820020, 0xcb410a20, 0x0036330c, 
    0x00580047, 0x007d006d, 0x009d008d, 0x250000ad, 0x4c180621, 0xef180734, 0x0520094d, 0x200fac41, 0x2010b133, 0x21589603, 0x336c2623, 0x17162505, 
    0x17151716, 0x180e2542, 0x2108db49, 0x1f843736, 0x1f8e3720, 0xfe000222, 0x41058673, 0x122309e2, 0x6bfe1b12, 0x0f2309ba, 0x41010f40, 0x0d9b0dba, 
    0x42fe3021, 0x43820526, 0x12730120, 0x21578205, 0x2342b0fe, 0x0d16420f, 0xfc410d8c, 0x01a0210b, 0x09744782, 0x24468205, 0x12121b20, 0x087e6301, 
    0x4105f841, 0x0d9b0dca, 0x01500122, 0xeb854382, 0x40295582, 0x011b1b29, 0x01010fb0, 0x09cf6e0f, 0x27420220, 0x200d8d0d, 0x082b8d02, 0x0000002d, 
    0xfffeff07, 0x018202bc, 0x000800c0, 0x00420031, 0x0072005e, 0x00910080, 0x07063700, 0x36170631, 0x2707013f, 0x31303134, 0x82323336, 0x05c74701, 
    0x20059c6c, 0x05c45006, 0x32331623, 0x05f04537, 0x06240682, 0x06270607, 0x080d9718, 0x27262525, 0x5d072631, 0xe85c050f, 0x82372005, 0x013f2a40, 
    0x27262736, 0x31373605, 0x4f148336, 0x072505e4, 0x33343726, 0x232f8317, 0x16171637, 0x06217b82, 0x204e8227, 0x56168226, 0x268206e9, 0x1bcf3408, 
    0x12011010, 0x206f0820, 0x01026459, 0x1f150101, 0x1b0f1d1c, 0x68742424, 0x03080912, 0x24240820, 0x06232d2c, 0x26121504, 0x61062222, 0x160d0301, 
    0x82011017, 0x0d250806, 0x09091111, 0x439e0103, 0x154c4a4b, 0x20040e0f, 0x271b1a06, 0x30212127, 0x09292831, 0x09080320, 0x03effe12, 0x8325860d, 
    0x82112035, 0x2a452d5c, 0x21021819, 0x0c2d4343, 0x832c2221, 0x49084a8e, 0x1409cb03, 0x0c131914, 0x03b3322b, 0x04051531, 0x06051601, 0x13120b39, 
    0x2029b316, 0x01131220, 0x180b291a, 0x07891a18, 0x03050e05, 0x11060609, 0x03020909, 0x25100d0e, 0x0c0d0d25, 0x150f0e03, 0x2d2e2cb5, 0x05072021, 
    0x5c821211, 0x1316b325, 0x83610a13, 0x82042023, 0x05063684, 0x0904040e, 0xc7010506, 0x29201f09, 0x1a0a0d29, 0x06151527, 0x83148498, 0x83032048, 
    0x050637a9, 0x00000400, 0x4001c0ff, 0x1400c001, 0x38002600, 0x00004a00, 0xd7561601, 0x27262308, 0x1e512726, 0x69032005, 0x35211036, 0x3b7e1836, 
    0xd72a190f, 0x1b003112, 0x02011212, 0x44442d2d, 0x01022d2d, 0xc01b1212, 0x6f088e44, 0x0f970f5f, 0x21052651, 0x4183e0fe, 0x63774983, 0xc0fe2105, 
    0x45085c45, 0x2020066d, 0xe020108f, 0x0020108f, 0x0c0b5b18, 0x3c00372a, 0x87007500, 0xd300c100, 0x1720f382, 0x4a054865, 0x072006f3, 0x21066d71, 
    0x08872307, 0x2006d557, 0x051a4b33, 0x30052b4b, 0x07311716, 0x15232733, 0x16171607, 0x011f3617, 0x29088416, 0x06070615, 0x010f1607, 0x9c182706, 
    0x0624084e, 0x3726012f, 0x2908e455, 0x36013f26, 0x36373617, 0x17191737, 0x25211193, 0x05b06a36, 0x31204db0, 0x26110871, 0x504da301, 0x4809090e, 
    0x16280593, 0x28282121, 0x3f172121, 0x16200886, 0x1e821685, 0x0d01a03d, 0x2060140e, 0x30808313, 0x04147850, 0x0f100b0b, 0x060b0d0b, 0x02021303, 
    0x82060313, 0x100f2b0a, 0x15040b0b, 0x0b051210, 0x1a85110a, 0x02021423, 0x261a8514, 0x050b0a11, 0x41081112, 0x01240fbb, 0x10140420, 0x1a844b98, 
    0x66894b87, 0x7e444b82, 0x22508708, 0x8266a601, 0x824020a2, 0x080e2503, 0x111e0109, 0x1e200082, 0x01230585, 0x820e0809, 0x824020c3, 0x84502003, 
    0x6619242d, 0x87804040, 0xa84b82b2, 0x02142281, 0x09c44701, 0x20064c42, 0xa8968c9b, 0x423b204a, 0x07521072, 0x00412d09, 0x00580046, 0x0100006a, 
    0x011f1633, 0x210c6e42, 0x065a012b, 0x27262505, 0x37342726, 0x11e34118, 0x36373422, 0x250b7842, 0x15231731, 0x3c5e2733, 0xdec21811, 0x01172710, 
    0x141e6110, 0x0542316c, 0x01212108, 0x0833c918, 0x0a894220, 0x0b422120, 0x5161240d, 0x41c14c9d, 0x119011d1, 0x1701a023, 0x079c4188, 0x08090926, 
    0x201f3008, 0x08205384, 0x0b890082, 0x2005b34a, 0x20628240, 0x22418370, 0x43606040, 0x354111ba, 0x18002010, 0x370a777f, 0x000c0003, 0x00340022, 
    0x3700004b, 0x17372317, 0x27260706, 0x17163736, 0x1550a518, 0x27260532, 0x06010f06, 0x013f1617, 0x37161733, 0x17012f36, 0x26054968, 0x17161716, 
    0x4f163732, 0x062b05a3, 0x15d01507, 0x02d0152a, 0x83021616, 0x59602003, 0x13470842, 0xc0013708, 0x0f07e6fe, 0x0848070e, 0x050c1512, 0x150b065a, 
    0xba480712, 0x244e0d0b, 0x0e112307, 0x3c850a07, 0x2a2ad223, 0x2609852a, 0x01f81602, 0x7a1b1212, 0x8d360fff, 0x0c01010c, 0x070c1590, 0x120b0b12, 
    0x90150c07, 0x14010427, 0x49831f14, 0x02080824, 0x3c839016, 0x474e1c20, 0xc0012c07, 0x1900c001, 0x42003600, 0x18250000, 0x23186491, 0x013f3625, 
    0x2306e94a, 0x15171633, 0xc64df282, 0x26232f06, 0x21133527, 0x35262722, 0x33363734, 0x4e821521, 0x91180d20, 0xfe231445, 0x180f01d0, 0x2013dcf1, 
    0x08ba56f0, 0x18702021, 0x2a112591, 0x5209120d, 0x0ec0160e, 0x82300101, 0x300e2803, 0x0f200d02, 0x82700101, 0x700f2603, 0xfe200f01, 0x06ee41d0, 
    0x44180020, 0x112809cf, 0x32002000, 0x56005100, 0x4446cf82, 0x49172010, 0xc28205af, 0x0622c682, 0x0e832707, 0x16152332, 0x21171617, 0x35342726, 
    0x32373534, 0x27263517, 0x08472a19, 0xf76c0620, 0x21152208, 0x2ee08236, 0x33352327, 0x3df00115, 0x02022829, 0x873d2928, 0xa6cf1807, 0x82e0200c, 
    0x01c02b9e, 0x01140e0d, 0xb0012738, 0x0a830808, 0x97185020, 0x3c4408b7, 0x19682805, 0xa0292323, 0x8be0a0a0, 0x184d8345, 0x3508afcf, 0x010f0f01, 
    0x300f0120, 0x0d0e1490, 0x03412f01, 0xa0050503, 0x3c6d3101, 0x8330200c, 0x1e702754, 0x30601111, 0x00820030, 0x000c2308, 0x02c0ff00, 0x00c00180, 
    0x003b002e, 0x00550048, 0x006f0062, 0x0089007c, 0x00a30096, 0x00bd00b0, 0x055c0100, 0x056c470e, 0x460dc758, 0x1623076c, 0x52171517, 0x16260591, 
    0x37363317, 0x6e520535, 0x5a33200a, 0xfe6d0526, 0x5d252006, 0x25200b44, 0x2720338b, 0x0c595318, 0x0720198b, 0x33a64d8b, 0x70e00122, 0x0eaba318, 
    0x140e0d28, 0x16160210, 0x04844002, 0x0e820120, 0x21836020, 0x0a0e5318, 0x674afe20, 0x010f2405, 0x18200f01, 0x210a6253, 0x11849001, 0x53180484, 
    0x2d8a0b90, 0x8a0a775d, 0x4201202c, 0x4d8205c4, 0x18010f21, 0x200c3e53, 0x05144b0f, 0x00205182, 0x83086271, 0x40012108, 0x48259183, 0x16020216, 
    0x20058548, 0x20c48730, 0x956d8a90, 0x20b18a56, 0x20b08950, 0x09115e10, 0x53187020, 0x988a14ed, 0x2b94d020, 0xff02002f, 0x01e1ffff, 0x00a101ff, 
    0x00670024, 0x05f04e00, 0x07063125, 0x67061716, 0x3325054c, 0x37363736, 0x54058416, 0x2621056e, 0x053f7127, 0x3527262f, 0x26012f26, 0x011f3637, 
    0x17163132, 0xc7631816, 0x012f2507, 0x27263134, 0x37201782, 0x82054e42, 0x0607221a, 0x06617a27, 0x3a5c1720, 0x01073705, 0x393a4700, 0x02012222, 
    0x14140c37, 0x01020403, 0x24243206, 0x52193113, 0x21080942, 0x3e473a39, 0x12022307, 0x0c0d0212, 0x07051104, 0x0c010412, 0x09090b0b, 0x04040201, 
    0x13100615, 0x1d850313, 0x100b0827, 0x09120804, 0x3c1a8508, 0x13061003, 0x01031415, 0x1c1b01a1, 0x4b3a2f2f, 0x1c1b2738, 0x04040502, 0x10111101, 
    0x30138313, 0x2f3a3a2e, 0x011c1c2f, 0x0a0820fb, 0x12020212, 0x267b820b, 0x04111108, 0x82020502, 0x04052d00, 0x01060403, 0x0d0c0301, 0x0909201f, 
    0x01211f84, 0x211e8304, 0x1d820104, 0x02062008, 0x02050304, 0x1f0d0d04, 0x03000000, 0xc0ffffff, 0xc0018102, 0x5e001b00, 0x00008300, 0x82272601, 
    0x070621f6, 0x620d3a41, 0x14820524, 0x07061522, 0x24123041, 0x27363134, 0x24304126, 0x7c410520, 0x31302505, 0x15143122, 0x2105b547, 0x5d831716, 
    0x32171626, 0x30273637, 0x26237b82, 0x18a00127, 0x3207f55a, 0x0c0e2901, 0x0203010d, 0x253a0502, 0x3b583a2f, 0x4192023b, 0x2408334d, 0x14151207, 
    0x274a0103, 0x36360201, 0x02010152, 0x11513433, 0x33453232, 0x0536252a, 0x03030202, 0x010c0c0b, 0x2f461810, 0x2d3c3307, 0x01101019, 0x02050404, 
    0x02011716, 0x2a4b3132, 0x6441091f, 0x03012113, 0x41096541, 0x01250685, 0x11120704, 0x0e654104, 0x3e2ee222, 0x1b31151a, 0x2c0bc371, 0x00410011, 
    0x0057004c, 0x2f062500, 0x05c64501, 0x36373632, 0x06073537, 0x27263723, 0x26272635, 0x2326012b, 0x220dee6f, 0x6a220706, 0x152d050a, 0x1d060706, 
    0x21351701, 0x34353715, 0x0af06027, 0x21060361, 0xcf820706, 0x16190033, 0x0e0d01d1, 0x14a00114, 0xd1010d0e, 0x0dee1916, 0x210f8311, 0xf182014d, 
    0x0b294019, 0x0121c582, 0x2923834d, 0x60120d11, 0x12604001, 0x2455c2fe, 0x010f2105, 0x078db118, 0x1f240983, 0xd5971001, 0x3505ff43, 0x97d6140d, 
    0x0d0afe0f, 0x0e0e142c, 0x03030301, 0x0b0b0b04, 0x04820101, 0x02040424, 0x64830103, 0x0a0d2c2f, 0x460a170f, 0x0a46b9b9, 0x015c0f17, 0x2b40830e, 
    0x0140010e, 0x02010e0f, 0x00010f0d, 0x2d056b57, 0x0002e0ff, 0x1600a001, 0x00002100, 0xbd5f2301, 0x16112505, 0x21171617, 0x088dab18, 0x85730720, 
    0xc0d0220a, 0x89cb8440, 0x2c0983d5, 0x0215a180, 0x17a01502, 0x01160202, 0x05f25b60, 0x20202589, 0xd72ab083, 0x02151601, 0x01161601, 0x83630200, 
    0x00162208, 0x42739a2f, 0x7a8505fb, 0x25051344, 0x06171633, 0x81960107, 0x15033826, 0x153a0116, 0x38218682, 0x20668203, 0x838b9b38, 0x3a15211c, 
    0x30849183, 0x82023921, 0x03002330, 0xb75ffaff, 0x00182406, 0x197f002a, 0x430aabff, 0x2629059e, 0x3d26012f, 0x37262701, 0x42ce1831, 0x36272e11, 
    0x16173233, 0x26273637, 0x27263527, 0x05287606, 0x2b053962, 0x30071617, 0x16071615, 0x22270607, 0x26260182, 0x06072627, 0x2e833217, 0x16151724, 
    0xe7193617, 0x302409e2, 0x31223123, 0x21081e82, 0x35313037, 0x37363734, 0x190b0431, 0x0b19b001, 0x3d6a100a, 0x01012827, 0x40020312, 0x0a0fb70d, 
    0xf5473c02, 0x02292305, 0x43482902, 0xa32c0805, 0x0e0c0a09, 0x0e02050f, 0x0f010909, 0x0a09010f, 0x12040114, 0x0f020e0e, 0x01010508, 0x07050102, 
    0x010e0e0a, 0x0f030301, 0x010d0305, 0x0b211182, 0x2326840d, 0x11021509, 0x01232e82, 0x8206080f, 0x01032615, 0x010116a9, 0x30821a16, 0x04033c24, 
    0x050e0e02, 0x0f090202, 0x0a0f0101, 0x1c090501, 0x02070817, 0x03040402, 0x82030102, 0x01042360, 0x70820105, 0x060e0e33, 0x0c030302, 0x0e02020e, 
    0x0a04020b, 0x0709181b, 0x22008204, 0x82020101, 0x0ad35a1c, 0x72006529, 0x00007e00, 0x18171613, 0x241517b9, 0x1d161732, 0x26048901, 0x2b060714, 
    0x83233501, 0x33152101, 0x23210182, 0x08dc7135, 0x33352322, 0x23210182, 0x20018415, 0x06eb6c22, 0x4c353321, 0x332a0791, 0x13373635, 0x06310722, 
    0x1482011d, 0x23262723, 0x21068527, 0x11820722, 0x02167828, 0x16160228, 0x04833002, 0x0e220984, 0x8b4c0909, 0x20402108, 0x50200083, 0x2007fb4b, 
    0x570e8450, 0x26850639, 0x88160222, 0x40202d82, 0x20200c82, 0x0b820483, 0x02c00127, 0x16080816, 0x20058d02, 0x06854c68, 0x07826020, 0x25826020, 
    0x6080a025, 0x47a08060, 0x302008d5, 0x1c860f85, 0x65832083, 0x02166824, 0x1382f0fe, 0x82303021, 0x20302131, 0x2205024d, 0x18030020, 0x2908177c, 
    0x0055003a, 0x25000067, 0x73772726, 0x54d28405, 0x34200530, 0x27059a68, 0x07141507, 0x35272623, 0x23200e88, 0x2a062c5d, 0x3f363316, 0x07273601, 
    0x83312726, 0x5d352002, 0x105d052f, 0x07142105, 0x07202482, 0x12c8c418, 0x1409fd2f, 0x110b0c40, 0x010c0b11, 0x01091409, 0x260a820b, 0x0a010c0c, 
    0x84020814, 0x010b3515, 0x0809143f, 0x261b660e, 0x3a572b25, 0xfd080e66, 0x0d16151b, 0x16220082, 0x09891b15, 0x270b9358, 0xd001128d, 0x010b0c10, 
    0x86253e82, 0x08010109, 0x200c86af, 0x210c82ae, 0x0c868609, 0x1201d031, 0x1d6e1013, 0x3b01100f, 0x6d13106e, 0x820f1001, 0x1805910a, 0x200caf45, 
    0x20008200, 0x0b4d1802, 0x00382c08, 0x2500004b, 0x27363727, 0x62010f26, 0x27200562, 0x6006bf60, 0x163206c5, 0x37333233, 0x32171607, 0x1617013f, 
    0x27373633, 0xce601617, 0x27262a06, 0x27172707, 0x37073707, 0x08158227, 0x3717373c, 0x17071707, 0x2a6ef001, 0x0c090904, 0x0d05235e, 0x5e22050b, 
    0x0409090d, 0x020e6e2a, 0x4b620c02, 0x0c050407, 0x046c0202, 0x06081102, 0x08064444, 0x6c040211, 0x0806060e, 0x1682624b, 0x9d0e5808, 0x21210234, 
    0x2f233302, 0x0f2d1435, 0x35132d10, 0x10f5242f, 0x08070e68, 0x0d6b3c06, 0x063c6b0d, 0x680e0807, 0x0c0c0310, 0x0a533507, 0x71180b0a, 0x59070112, 
    0x12010759, 0x0b021871, 0x35530b0b, 0x030c0c07, 0x2a360c6d, 0x280c362a, 0x1d320819, 0x321d3333, 0x82281908, 0x00012aef, 0x02c0ff10, 0x00c00130, 
    0x23ed827c, 0x07063307, 0x2b05a162, 0x35262733, 0x35343734, 0x37362733, 0x33230182, 0x5a161716, 0x1420069c, 0x2208097e, 0x67060737, 0x36200609, 
    0x2f070967, 0x16373613, 0x36371317, 0x010f1617, 0x06171617, 0x07240583, 0x17012f06, 0x27254584, 0x37262726, 0x204f8234, 0x21078234, 0x4d773736, 
    0x074b0805, 0x14171433, 0x02071615, 0x21283b2b, 0x54554142, 0x28214141, 0x2f01053b, 0x1b1c0b29, 0x0805042a, 0x0a030505, 0x01063802, 0x0a0a1906, 
    0x1a1b0806, 0x051b0225, 0x14030405, 0x0101062a, 0x03142a06, 0x1e050504, 0x0706010c, 0x8f1e0c01, 0x021b2917, 0x081b1a25, 0x190a0a06, 0x39243e82, 
    0x05030a01, 0x04374e82, 0x0b1c1b2a, 0x01012f29, 0x483b9b05, 0x01022b2b, 0x3b482b2c, 0x82051a1a, 0x29350853, 0x1d2a2932, 0x07070104, 0x461a1908, 
    0x0807052c, 0x1e1f1705, 0x1a1a2521, 0x03134208, 0x22060404, 0x06060208, 0x06210902, 0x15030404, 0x01072001, 0xe0fe0701, 0x21198315, 0x19890921, 
    0x08411238, 0x21251a1a, 0x05171f1e, 0x2b050708, 0x08191a47, 0x03010707, 0x5e822a1e, 0x1a22ad83, 0xd344001a, 0x06134f05, 0xa6009a22, 0x421c134f, 
    0x36250556, 0x16170637, 0x20038317, 0x05d26437, 0x07118618, 0x21077b41, 0xff5e3637, 0x30332305, 0x7f413231, 0x14152105, 0x21057f41, 0x81412223, 
    0x36272705, 0x16273637, 0x44820717, 0x16013f24, 0x01823015, 0x1506072e, 0x31141714, 0x37323316, 0x06373130, 0x2006fd41, 0x240f8317, 0x34012f36, 
    0x20018231, 0x25774f37, 0x15c52a08, 0x04040606, 0x0d1f101b, 0x16130404, 0x021f0a09, 0x0101010b, 0x08010102, 0x12030312, 0x03020208, 0x01050c02, 
    0x05010303, 0x2816820e, 0x08020102, 0x11030311, 0x080b8409, 0x020d0127, 0x16080b1f, 0x0d040413, 0x041b101f, 0x15060604, 0x01032505, 0x03020304, 
    0x1d1d0a18, 0x1d1d2929, 0x0302180a, 0x22128205, 0x4ffb0525, 0xb02122c9, 0x2c448316, 0x1511201a, 0x180f1717, 0x21081e20, 0x228b8407, 0x83040e01, 
    0x0e042c82, 0x02020203, 0x04046f08, 0x82010970, 0x21158509, 0x0a820f03, 0x2208012d, 0x18201e08, 0x1517170f, 0x831a2011, 0x162108d2, 0x01011010, 
    0x02030320, 0x01030102, 0x18172615, 0x18180101, 0x05021526, 0x01200405, 0xfe101001, 0x071c50e0, 0x082b4718, 0xc0014035, 0x2f002000, 0x45003a00, 
    0x00005500, 0x3625013d, 0x44150517, 0x152d053e, 0x0f060714, 0x012f0601, 0x3d262726, 0x055e4401, 0x51262521, 0xea4106db, 0x36072205, 0x30108627, 
    0x06072602, 0x3716011f, 0x05022f36, 0x013f3635, 0x080c8236, 0x25151726, 0x01310726, 0x01090a16, 0x060e2717, 0x0b2f0e02, 0x0af0110a, 0x0a11f00a, 
    0x020e2f0b, 0x01270e06, 0x2b040424, 0x1f820984, 0x2c0c0128, 0x06010c64, 0x1083560e, 0x83c95721, 0x562f0830, 0x0c01060e, 0xf2fe7b57, 0x0ff01f02, 
    0x021ff00f, 0x1212f2fe, 0x02522ad1, 0x0a2a5202, 0x050e0e03, 0x0d10890e, 0x0236040d, 0x0d043602, 0x8289100d, 0x030e2810, 0x02024e0a, 0x820e050c, 
    0x21228408, 0x0b833a0c, 0x04841820, 0x33831e20, 0x04841820, 0x214f682f, 0x05500c22, 0x220c5005, 0x06064f21, 0x07737300, 0x1300c431, 0x00003600, 
    0x021f3613, 0x07161715, 0x82210706, 0x013f29fe, 0x07013f35, 0x35331533, 0x30220389, 0xe3823033, 0x363c2088, 0x35313231, 0xac110ff0, 0x05143103, 
    0x40fe1907, 0x14050816, 0xb0ac052f, 0x30402840, 0x25080382, 0x12300101, 0xfe170805, 0x05081740, 0x01013012, 0x0808bc01, 0x1b010262, 0x0117170d, 
    0x0d171701, 0x6202011b, 0x0084c0dc, 0x01c43d08, 0x16160e20, 0x16160101, 0xc401200e, 0x05000000, 0xc0ff2000, 0xc0016002, 0x25001100, 0x4c003500, 
    0x00005100, 0x012f2217, 0x16171415, 0x37322133, 0x07013d36, 0x36112306, 0x37363137, 0x2805ff47, 0x06072221, 0x3533011d, 0x21088517, 0xc2821617, 
    0x26273424, 0x0f852523, 0x2005f550, 0x08696333, 0x82230721, 0x0fc033d9, 0x0909840d, 0x0e00010e, 0x0d840909, 0x1212010f, 0x0f82e01b, 0x82c0fe21, 
    0x8060220f, 0x221683ff, 0x82090997, 0x85228202, 0x111a2314, 0x1d830312, 0x20262582, 0x09014040, 0xff468c64, 0x648c2705, 0x1b010109, 0xe36c1212, 
    0x20c02207, 0x25228240, 0x0606720c, 0x21820c72, 0x0c826020, 0x10012025, 0x82861910, 0x223f8308, 0x51404080, 0x08220daf, 0xe9821c00, 0x4d003933, 
    0x9c006100, 0xb900a500, 0xe100cd00, 0x0000ea00, 0x05325101, 0x27353323, 0x20ec8232, 0x059c7c35, 0x06070628, 0x16171407, 0x1c871733, 0x1c923720, 
    0x13912120, 0xb7603b20, 0x21448e05, 0x316f0623, 0x835d8206, 0x2223220b, 0xbe631827, 0x17162408, 0x7f331716, 0x162005f7, 0x27063877, 0x33352327, 
    0x37363736, 0x05202d82, 0x23207f9b, 0x44877fa7, 0x0120022f, 0x010f200f, 0x090e8040, 0x0e0e0209, 0x22038302, 0x860e0909, 0x8da02015, 0xe0fe2115, 
    0xc0200f8d, 0x70200e8d, 0x3b824882, 0x5184c020, 0x08841b83, 0x1b1b0124, 0x4152c029, 0x010f2205, 0x05fd6460, 0x29c07029, 0x01011b1b, 0x8430fe0f, 
    0x40402122, 0x578e488d, 0x1d8d6020, 0x33858020, 0x22050752, 0x82319090, 0x170f2b72, 0x17020217, 0x090d0f17, 0x6182310a, 0x15900f20, 0x0d8d238d, 
    0x0f012123, 0x20618290, 0x203883b0, 0x201a82b0, 0x83418490, 0x014021a0, 0x200a6e65, 0x82c88340, 0xb010201b, 0x79928660, 0x802d084b, 0x2200c101, 
    0x5e004e00, 0x00006e00, 0x05f74701, 0x16313023, 0x05246417, 0x48262121, 0x37240564, 0x37363130, 0x33270182, 0x27260331, 0x6b150706, 0x332108b7, 
    0x64328221, 0x354d0662, 0x35232505, 0x07012f34, 0x35232383, 0x711f3603, 0x13820591, 0x3f363726, 0x15330701, 0x2f081782, 0x2b061714, 0x26272601, 
    0x90011127, 0x211a0508, 0x04052921, 0x012d0304, 0x9cfe1d01, 0x2d01011d, 0x05040403, 0x1a212129, 0x02700904, 0x30021616, 0x78056043, 0x302007b7, 
    0x31081383, 0x19181840, 0xda400116, 0x19100a0a, 0x0ea00e0f, 0x4610190f, 0x06021ea0, 0x14400c0a, 0x01010d0e, 0x1a2206c0, 0x03031b19, 0x371f0302, 
    0x2b1e1e2b, 0x0a821f37, 0x191b0326, 0xfe06221a, 0x18058053, 0x850dc16b, 0x3b270813, 0x1515121e, 0x483b1e12, 0x0606b301, 0x1d1c140c, 0x20020220, 
    0x0c141c1d, 0x2512899b, 0x050d0e80, 0x140e0d01, 0x82003001, 0x00032100, 0x29053f66, 0x001200c3, 0x009c007e, 0x476b0100, 0x28fb8305, 0x06010f26, 
    0x021f1415, 0x22078206, 0x8236012b, 0x46ec82e8, 0x3729062b, 0x17161716, 0x07060714, 0x06b74b27, 0x67413320, 0x05d94905, 0x15212784, 0x52228214, 
    0x262c053c, 0x3f363327, 0x32333601, 0x011d1617, 0xc6503082, 0x06072105, 0x23880c82, 0x34823520, 0x06372722, 0x2305f64b, 0x06072627, 0x3f851984, 
    0x013d3622, 0x072c1d82, 0x04036901, 0x03160304, 0x07071603, 0x42080583, 0x181e2933, 0x112f0f0a, 0x18190809, 0x0b283821, 0x0a091b0c, 0x0e14110d, 
    0x0e0e010d, 0x05091f15, 0x04100404, 0x121b2109, 0x12010112, 0x1e431b12, 0x01020f1e, 0x0f060504, 0x3b23240f, 0x01242436, 0x84161101, 0x10370841, 
    0x0a010b0a, 0x141e0b0a, 0x05040b15, 0x04050105, 0x262f1514, 0x01011d1c, 0x2a2b1c1c, 0x1926272b, 0x090b0219, 0x0d010509, 0x271b1a0d, 0x0115163a, 
    0x08080101, 0x82830109, 0x22908488, 0x84160606, 0x01823a07, 0x220a191c, 0x17162029, 0x0e240805, 0x0606140b, 0x0d01010b, 0x0d15140e, 0x2432820e, 
    0x22080707, 0x83898407, 0x1b023591, 0x03021f1b, 0x07020105, 0x1a22231d, 0x2501011a, 0x1d233624, 0x0a264083, 0x0a640f0b, 0x38820707, 0x02040f25, 
    0x4c260601, 0x19240651, 0x2b642519, 0x7c219482, 0x0853821f, 0x06030d2c, 0x020c0807, 0x11111112, 0x0f0e0201, 0x24030307, 0x0504040a, 0xff030000, 
    0x02c0fffc, 0x00c00184, 0x00d400cb, 0x250000dd, 0xc9760726, 0x30272107, 0x20056d7a, 0x06544137, 0x37361725, 0x76062726, 0x262506f7, 0x37272627, 
    0x4e018236, 0x142607be, 0x23260717, 0x60180722, 0x16240ab2, 0x011f1617, 0x07212f84, 0x832d8206, 0x4149823b, 0x004208a6, 0x83302005, 0x251f856d, 
    0x16170607, 0x1f823637, 0x20058643, 0xff811832, 0x86438508, 0x16372485, 0x43373233, 0x1f5405a6, 0x27262205, 0x850f8236, 0x33162133, 0x32219283, 
    0x23458231, 0x01273637, 0x06231a85, 0x5a162507, 0x2d0806ca, 0x13197102, 0x09160e12, 0x03040306, 0x01010e04, 0x1b0f0202, 0x070f0e19, 0x0216080f, 
    0x0f191602, 0x080e080e, 0x110b110a, 0x1a111911, 0x7c411011, 0x120b2608, 0x191f1f1a, 0x08926613, 0x82100121, 0x1119251e, 0x0a100c11, 0x0f223082, 
    0x3d83190e, 0x010c092e, 0x0f0e0801, 0x020f1b18, 0x0e010102, 0x21086082, 0x16090603, 0x1913120e, 0x15090613, 0x0c070706, 0x100d0d0a, 0x09180c0b, 
    0x03030409, 0x10072518, 0x37831510, 0x1616212f, 0x0a050c0d, 0x050a0b0b, 0x16160d0c, 0x3e138321, 0x07101015, 0x03031825, 0x18090904, 0x0c100b0c, 
    0x16010a0d, 0x0609150a, 0x0f4ffe13, 0x830f0101, 0x00012103, 0x64300987, 0x0a070809, 0x07020511, 0x16150f06, 0x03030101, 0x0e23b882, 0x82170e0e, 
    0x021622d1, 0x29098501, 0x14141119, 0x11032212, 0xde421a12, 0x0f142607, 0x25080825, 0x0802670f, 0x11121a2c, 0x14122203, 0x02191114, 0x34821702, 
    0x16020122, 0x30088982, 0x0d020117, 0x01010d0d, 0x02020310, 0x0f151502, 0x05020706, 0x08070a11, 0x13160909, 0x02030305, 0x06070709, 0x120a0501, 
    0x060d1111, 0x1e1e0d15, 0x2a74851d, 0x1e1e1817, 0x15010115, 0x82181e1e, 0x37488341, 0x0d1e1e1d, 0x110d0615, 0x050a1112, 0x08060601, 0x13050611, 
    0x0c010a15, 0x0f22cc85, 0x08872001, 0x874c0020, 0x80023705, 0x1f00be01, 0x37002b00, 0x37130000, 0x16011f36, 0x1617011d, 0x2f511517, 0x05995b0c, 
    0x3707312f, 0x27262315, 0x36352726, 0x23053137, 0x35268335, 0x07060706, 0x0b4ce931, 0x29094c0b, 0x01600116, 0x1a1c1212, 0x08821213, 0x01281728, 
    0x5067d009, 0xd4820e14, 0x37021837, 0x01186750, 0x140e0d01, 0x094c6901, 0x0d094c09, 0x1b0e186d, 0x08a25ce5, 0x1be5602a, 0x0d6d180e, 0xee38f309, 
    0x5c282483, 0xeeb60f1b, 0x5c1b0f38, 0x8b553d83, 0x01e02c05, 0x00a001c0, 0x00290015, 0x6151003d, 0x21200ccf, 0x11269183, 0x37363736, 0xb5510521, 
    0x74c21805, 0x27342808, 0x14172326, 0x49163117, 0x22250995, 0x011d0607, 0x71279237, 0xea5c095d, 0x00ff210b, 0x85051c46, 0x07471805, 0x8dc3180c, 
    0xa001210c, 0x2013245d, 0x069f51c0, 0x31860686, 0x2006dd49, 0x514d83c0, 0x5f8207a3, 0x2523e794, 0x4b310706, 0xb362052f, 0x16212c05, 0x11171617, 
    0x31273403, 0x82012b26, 0x14152acb, 0x013b1617, 0x35363732, 0x07f96907, 0xfa820e85, 0x17012b22, 0x01212792, 0x20a9c0c0, 0x0a591820, 0xc0fe2211, 
    0x26294101, 0x00000033, 0xff000002, 0x018101c0, 0x001100c0, 0x0100003d, 0x07764a36, 0x23054255, 0x16071716, 0x09798018, 0x28058151, 0x010f0607, 
    0x1f161706, 0x070d6b01, 0x35823b20, 0x012f3626, 0xff001737, 0x11218d83, 0x1cbb1812, 0x0b1e2908, 0x580d1010, 0x0a01020d, 0x3a2c0883, 0x26271927, 
    0x0a123112, 0x5c2d2109, 0x28054a6c, 0x0a091bd0, 0x18236e12, 0x71621901, 0x0caa2110, 0x48203582, 0x3e833683, 0x1d2e2f2e, 0x5c200503, 0x15232222, 
    0x110b0c23, 0x02273c82, 0x6e151617, 0x82001d41, 0x83022000, 0x800227c3, 0x3000c801, 0xc3826000, 0x26055142, 0x27260706, 0x473f3435, 0x07310593, 
    0x31303122, 0x011d0607, 0x15070607, 0x17161714, 0x18188232, 0x8208b971, 0x012f2127, 0x26202183, 0x06251e82, 0x1d16011f, 0x233d8501, 0x06232627, 
    0x16203583, 0x3a08ee83, 0x37363316, 0x26013d36, 0x0e100127, 0x0f010909, 0x4e0e010f, 0x0b030306, 0x7501111a, 0x01155a10, 0x04110807, 0x1726b304, 
    0x09090117, 0x5a5a010e, 0x12017510, 0x03030b19, 0x550e4e06, 0x0e2005bd, 0x172c3683, 0x04b32617, 0x07081104, 0x00011501, 0x21082882, 0x01010f50, 
    0x171a4d0f, 0x0c0d0b82, 0xb0160d07, 0x1d511d18, 0x09601609, 0x01010a0b, 0x1e1e0b2f, 0x35828028, 0x511ea22f, 0x15b0181d, 0x0d0c070c, 0x1b17810c, 
    0x3633834c, 0x0a090d51, 0x0d090801, 0x1e1f287f, 0x0101310c, 0x60080b0b, 0x18000817, 0x2a08b7ab, 0x00c001bf, 0x00340019, 0x6a610055, 0x15200af5, 
    0x58054a4c, 0x2208052a, 0x27262734, 0x010f1607, 0x22071417, 0x14072735, 0x37352623, 0x023f2627, 0x1f323336, 0x17322702, 0x41060716, 0x07270501, 
    0x17161716, 0x83363732, 0x080b7511, 0x35211323, 0x06cf6421, 0x60012322, 0x2106256a, 0xfd820f0f, 0x010d3908, 0x1b1b2940, 0x291b1b01, 0x1503051b, 
    0x1a010405, 0x0504011a, 0x1d050315, 0x0202010d, 0x6d1d0d01, 0x02051e24, 0x090b0603, 0x01191925, 0x25191901, 0x03060b09, 0x241e0502, 0x07d66218, 
    0xe0fe8823, 0x068f4301, 0x01c0012f, 0xfe140e0d, 0x510e16e0, 0x0a0e1109, 0x85568309, 0x02aa3d5f, 0x041c1405, 0x0d0d0101, 0x1c040101, 0x04020514, 
    0x1a02021a, 0x04146204, 0x03010606, 0x5e835683, 0x06010329, 0x01140406, 0x83332222, 0x88fe215c, 0x33063844, 0x02000000, 0xc0fffaff, 0xc6010002, 
    0x5b001c00, 0x27250000, 0x4908be49, 0x37200758, 0x25058051, 0x012f3435, 0xda5b0706, 0x05095d0d, 0x2f233182, 0x5d272201, 0x3a082107, 0x092a77f4, 
    0x4631310b, 0x1f373845, 0x310a081e, 0x3e534630, 0x10100c78, 0xe20c0c0c, 0x12022608, 0x0d0f0212, 0x07051105, 0x0c0e0512, 0x020a0a0d, 0x18050502, 
    0x11020106, 0x85031312, 0x0c09271e, 0x12080411, 0x1c84070c, 0x1304043c, 0x15151606, 0x3e780403, 0x31304653, 0x1f1e080a, 0x46453837, 0x090b3131, 
    0x5282772a, 0x20085782, 0x080822be, 0x12020212, 0x02050309, 0x04111108, 0x02030502, 0x05070302, 0x02070404, 0x0e0d0401, 0x231f841f, 0x01091301, 
    0x11237482, 0x83010504, 0x0404281d, 0x04020604, 0x59220d0e, 0x0028065b, 0x1100c601, 0x49002f00, 0x0a295618, 0x37343530, 0x17323336, 0x06011516, 
    0x2f223123, 0xfd830601, 0x0aafa418, 0x82071621, 0x0714221b, 0x0a275d03, 0x08161e19, 0x82363721, 0x08ec2501, 0x080c0c08, 0x05830082, 0x0c080122, 
    0xc695ac82, 0x1801ce3a, 0x18242519, 0x0e010118, 0x0c12120f, 0x03050403, 0x0f12130c, 0x1001010e, 0x4b823f88, 0x0cbcfe23, 0x175d410c, 0x243e0123, 
    0x083f8219, 0x24191827, 0x181b1a14, 0x04040d18, 0x1b18180d, 0x0400141a, 0xc0ff1a00, 0xc0012002, 0x21000c00, 0x3e003100, 0x34010000, 0x05c84537, 
    0x3315072a, 0x35370335, 0x06071523, 0x28050842, 0x013f3233, 0x3f363726, 0x83108501, 0x8236200e, 0x1307241f, 0x58072223, 0x2e080899, 0x02083f01, 
    0x090e7f06, 0x48a00109, 0x1e57a049, 0x0e120908, 0x1f191617, 0x0b16151b, 0x5668280b, 0x1208091e, 0x1b1f3420, 0xc0013273, 0x8280a101, 0x09c02828, 
    0xa0010e09, 0x82020d11, 0x20203507, 0x9f37eafe, 0x231741af, 0x0d172124, 0x2a11130c, 0x27202e2d, 0x31280e84, 0x41265713, 0x0f01afcf, 0x37822684, 
    0xf3440020, 0x02c12806, 0x00bf0140, 0x834d0023, 0x312721bb, 0x0625bc82, 0x26270307, 0x09974527, 0x1716172d, 0x37363332, 0x37323313, 0x19073536, 
    0x220bbb33, 0x821f1415, 0x141523cd, 0xcd831617, 0x8209e642, 0x27342327, 0x6a824002, 0x0718e027, 0x130a495b, 0x056e4740, 0x0a672c29, 0x15020213, 
    0x83c76a06, 0x0d0a250f, 0x29290a0d, 0x09230583, 0x1a2a2a09, 0x830d6239, 0xa0013c0f, 0x0109080e, 0x9295fe17, 0x09090111, 0x0a090d0d, 0x030111ce, 
    0x08a80115, 0x95c90e09, 0x21528932, 0xcf450400, 0x00c42a06, 0x002f0016, 0x004f003f, 0x05705300, 0x08491120, 0x3611290b, 0x2617013f, 0x0623010f, 
    0x1726c983, 0x3f161733, 0xc5783301, 0x27232205, 0x05845517, 0x011d162d, 0x07060706, 0x11211123, 0x46272623, 0x332b060f, 0x01011f32, 0x790a0a36, 
    0x7160011c, 0x6033076f, 0x10791c01, 0x20100706, 0x1010040b, 0x10200b04, 0x87110607, 0xba11280b, 0x0707051c, 0x830c4005, 0xfe40292c, 0x121b4080, 
    0x400c0112, 0x1c2a1383, 0x0808bc01, 0xfe241865, 0x874780a5, 0x01803007, 0x6518245b, 0x1c080878, 0x1d1b0a02, 0x841c020a, 0x1b1d2109, 0x79270982, 
    0x47050520, 0x8484130d, 0xfe0b222a, 0x284f83f5, 0x470d1384, 0x00200505, 0x08f3860b, 0x0300c028, 0x1b000700, 0x23001f00, 0x3e002a00, 0x68004300, 
    0x70006c00, 0x37250000, 0x013f1723, 0x22010727, 0x07063107, 0xb2411611, 0x11372105, 0x232fd682, 0x37172305, 0x07273707, 0x2737013b, 0x93170723, 
    0x21012822, 0x13112111, 0x41333736, 0x33200518, 0x93563f82, 0x012b2905, 0x22230607, 0x2223012f, 0x25054358, 0x3307013f, 0x50820727, 0x1240012a, 
    0x243f1224, 0xb1fe1212, 0x24109a67, 0x12132573, 0x230382c6, 0x21214242, 0x01210282, 0x36218f31, 0x800130fe, 0x064380fe, 0x061d3c0c, 0x1d050c0b, 
    0x06060c3c, 0x821d1d06, 0x22118304, 0x83070b0c, 0x07052111, 0x7c341183, 0x3d132411, 0x51131225, 0x01371e1e, 0x38011f1e, 0xfe0e0909, 0x28067542, 
    0x090ec001, 0x1e1ec909, 0x2318826f, 0x38373738, 0xfe361c91, 0xfec00120, 0x0a260140, 0x0a0a3101, 0x0b0a0131, 0x0b30310a, 0x0c830b0a, 0x10820b20, 
    0x0a0b3129, 0x371d1d28, 0x4f001e1e, 0x803508c7, 0x9100c001, 0x9b009600, 0x37010000, 0x33363736, 0x1f161732, 0x82028201, 0x06e86d07, 0x82070621, 
    0x012b2201, 0x82188415, 0x33302513, 0x15141716, 0x07211584, 0x4d178222, 0xd37c05c5, 0x510a960a, 0x3525054f, 0x26232223, 0x21018327, 0x6f823534, 
    0x3f363723, 0x82028201, 0x46138415, 0x2b08053a, 0x33363336, 0x31373637, 0x35331507, 0x35210723, 0x18011521, 0x0502021a, 0x02050604, 0x3d331902, 
    0x03020317, 0x06010103, 0x01020101, 0x082a0782, 0x200c0807, 0x03021d26, 0x0e830304, 0x0402032e, 0x03020505, 0x122d2027, 0x28160201, 0x20050657, 
    0x32068ca0, 0x01021628, 0x27202d12, 0x04060203, 0x01020304, 0x82030401, 0x261d2706, 0x09070c20, 0x44820107, 0x06351282, 0x01010403, 0x3d170202, 
    0xc1c13932, 0xfe410140, 0x11aa01bf, 0x27118202, 0x24110201, 0x02020710, 0x08212382, 0x823e820a, 0x38052581, 0x0a0c1a09, 0x03213882, 0x20508205, 
    0x28008204, 0x23420103, 0x1612050c, 0x06b74702, 0x078f2020, 0x12160228, 0x42230c05, 0x2c820301, 0x06220282, 0x47820305, 0x1a0c0a25, 0x83053809, 
    0x04042447, 0x8204080a, 0x07270861, 0x406a2410, 0x4040e040, 0x00000200, 0x3f02e3ff, 0x1800a501, 0x00003100, 0x010f2601, 0x06070623, 0x17161507, 
    0x43013b16, 0x17200900, 0x5705bc57, 0x545905d6, 0x05bf5705, 0x132d0125, 0x4254870f, 0x5436079b, 0x070c0987, 0x01011206, 0x0e2fd512, 0x2f11110e, 
    0x0e111130, 0x0b842f0e, 0x842f3021, 0x9d01360b, 0x01780d08, 0x5f140d0d, 0x780d0d15, 0x14090308, 0x09147d01, 0x201c84dc, 0x20288430, 0x860b842f, 
    0x08575334, 0xc701402e, 0x2f001a00, 0x5b004100, 0x27370000, 0x2622a882, 0x6a7d1737, 0x14152a08, 0x16171617, 0x2736013f, 0x20bf8505, 0x20bb8214, 
    0x079c5605, 0x18072721, 0x241004b1, 0x21373313, 0x73e91811, 0x332f0813, 0x0c041b9f, 0x2d1a1a2d, 0x051a040c, 0x1319270b, 0x0c084745, 0x0a270a0c, 
    0xff400103, 0x0111121b, 0x010d0909, 0x09090e3f, 0x7f1c1212, 0x8209080e, 0x820d200e, 0x0e082c04, 0xfe129f2f, 0x1220017f, 0x18010f62, 0x080d74e9, 
    0x720e0221, 0x04020c3e, 0x0b054b49, 0x18080c3f, 0x6451130c, 0x01085165, 0x07180601, 0x1201320e, 0x82201a12, 0x82022046, 0x1d1f2547, 0x60011212, 
    0x56880882, 0x40a0012a, 0x0240a1fe, 0x3f010e0d, 0x0e290485, 0x06000015, 0xc0ff0000, 0x2e018201, 0x22000800, 0x54003700, 0x69006000, 0x51010000, 
    0x16220546, 0x726a011f, 0x05dc7c18, 0x6a070621, 0x3b430668, 0x26072705, 0x011f3637, 0x475b3637, 0x06072505, 0x012f2223, 0x26250582, 0x013f2627, 
    0x6ac41827, 0x0315210a, 0x17226086, 0x22501001, 0x01b02107, 0x0815996a, 0x1722d02a, 0x1e020116, 0x0f400f01, 0x01021e01, 0x76221716, 0x0e07040d, 
    0x070e6a6a, 0x4d4d0d04, 0x0a05040d, 0x6a6a0303, 0x050a0303, 0x01210f83, 0x09e75a06, 0x5b87b020, 0x4f300121, 0xc02007ba, 0x2817c46a, 0x12011001, 
    0x13201b12, 0x0833830d, 0x20130d21, 0x0112121b, 0x0d0e07af, 0x042e2e04, 0x21070e0d, 0x0a0e0721, 0x012e2e01, 0x060f0901, 0x43d12121, 0x402005ad, 
    0x00325889, 0x20000400, 0x2002c0ff, 0x3500a001, 0x4c004300, 0x5c185500, 0x35240a0f, 0x27262726, 0x3306744e, 0x16173233, 0x17161115, 0x36331716, 
    0x27343537, 0x37012b26, 0x2106a969, 0x27832306, 0x27233722, 0x2108cf78, 0x21520f35, 0x26333408, 0x16373627, 0x01070617, 0x1c1c0b43, 0x011d2122, 
    0x47291b1b, 0x058205ee, 0xef82bd83, 0x20209782, 0x2805f756, 0x222f110f, 0x409d0923, 0x25268340, 0x011b1b29, 0x0e414840, 0x87502007, 0x00012808, 
    0x12040501, 0x83562913, 0x084e781f, 0xa671ff20, 0x110d2105, 0x60215682, 0x282b8390, 0x1c0104ce, 0x40602d1c, 0x83278386, 0x4086224f, 0x07514150, 
    0x2f081451, 0xfffcff02, 0x01c401c0, 0x001e00c0, 0x25000039, 0x2120f182, 0x7d057b4e, 0x2120074b, 0x3f28e684, 0x36373201, 0x37362527, 0x2106c05a, 
    0x08821716, 0x6d43f783, 0x27332e05, 0x090fbd01, 0x149efe14, 0x09070f09, 0x064c690a, 0x0f01003c, 0x02010f1f, 0x07090a11, 0x2602b2fe, 0x27303030, 
    0x24013001, 0x36403625, 0x09822424, 0x12206d2a, 0x20120101, 0x700f0f0f, 0x7020b083, 0x0e820585, 0x182dd32e, 0xc5d0d0c5, 0x80802e17, 0x01242536, 
    0x80293283, 0xff020080, 0x02c0ffff, 0x22ab8241, 0x824f0025, 0x353621ab, 0x82052354, 0x67858405, 0x33250bcc, 0x37363736, 0x55cd8234, 0x342005c9, 
    0x36200d82, 0x08c85018, 0x16171426, 0x16333617, 0x32820582, 0x85361721, 0x234c081b, 0x01095701, 0x1b1a1212, 0x16160e11, 0x1b1b291c, 0x121d0101, 
    0x1b020111, 0x22ef291b, 0x14011616, 0x48de1f14, 0x14023434, 0x01052414, 0x13110601, 0x02363751, 0x12080902, 0x1b1a2912, 0x29112401, 0x05192423, 
    0x5f070203, 0x121b120f, 0x1124d782, 0x010e0e17, 0x2a083c82, 0x01020102, 0x2018180a, 0x011c1b29, 0x22171601, 0x03161620, 0x2b2c0c37, 0x22232948, 
    0x06050415, 0x36020302, 0x0c0d5236, 0x83070806, 0x06052b2e, 0x12032311, 0x05051f12, 0x00820005, 0x10000a26, 0xf001c0ff, 0x3708f382, 0x0013000b, 
    0x002f0021, 0x003b0037, 0x0053004b, 0x006f0061, 0x3d223700, 0x32373401, 0x0607011f, 0x26271727, 0x013f3435, 0x37340717, 0x15173330, 0x2f220714, 
    0x13272601, 0x36261484, 0x14173233, 0xb349010f, 0x17232307, 0x68182707, 0x272909f2, 0x35143735, 0x16373130, 0x24228215, 0x26031737, 0x212e8235, 
    0x0e84011f, 0x32172726, 0x2314011d, 0x47084a82, 0x34313637, 0x04041415, 0x4c4d0101, 0xd0d30201, 0x6c6a0107, 0xcb0104c8, 0xc3010207, 0x02030102, 
    0x03019702, 0x4f020107, 0x065f7152, 0x5f060807, 0x6464d1d9, 0x020478c8, 0x070201c3, 0x0113cc01, 0x6a6cd007, 0x070102b2, 0x022e2882, 0xae505102, 
    0x01020404, 0x83024d4c, 0x5282a204, 0x047a2d25, 0x83165801, 0x9c22081c, 0x01030fbe, 0x01074216, 0x02025701, 0x02012f01, 0x01620202, 0x8f020208, 
    0x07a83a31, 0xb01fa808, 0x6c83d0b0, 0x08015728, 0x01011642, 0x5c82022c, 0x9cbe1629, 0x02025c01, 0x82620108, 0x3101232c, 0x52827c8f, 0x2d7a0226, 
    0x00010101, 0x2c0a7b60, 0x001f000e, 0x1300002e, 0x15011f36, 0x051b4106, 0x17363523, 0x41f28225, 0xf3860537, 0x1736172e, 0x010f0615, 0x27262306, 
    0x17363735, 0xc4387982, 0x04040e02, 0x01011f98, 0x04a20107, 0x0404c6c6, 0x111110a5, 0x0e05a50f, 0x1f26a382, 0x0e040498, 0xa982c402, 0x01262b08, 
    0x10df7502, 0x145d0201, 0x0109c625, 0x77020525, 0x04040377, 0x09096503, 0x25040365, 0x25c60901, 0x01025d14, 0x0275df10, 0x00820001, 0xfeff0337, 
    0x4002c0ff, 0x1500c001, 0x49001e00, 0x36010000, 0x011f3237, 0x20038333, 0x2f818216, 0x23070607, 0x17372707, 0x17160706, 0x27263736, 0x23064f5c, 
    0x3d262722, 0x22219b82, 0x844b1827, 0x012f240b, 0x82363726, 0x1f1634ab, 0x33171601, 0x044d0117, 0x11070c13, 0x120e1434, 0x82021638, 0x45222512, 
    0x73177005, 0x2b073e44, 0x0e090920, 0x09090e20, 0x242c2b25, 0x22080a86, 0x03040e2d, 0x0e0d0607, 0x04040b0a, 0x70ce1807, 0x0113ac01, 0x120e160a, 
    0x22181602, 0x1f011617, 0x452c8b40, 0xe020088a, 0x2305bc44, 0x73131373, 0xe6340985, 0x0d0f3112, 0x02040b0c, 0x100d0706, 0x00410116, 0xfdff0300, 
    0x2b06fb57, 0x00480014, 0x3f000050, 0x17060701, 0xbb829a82, 0x52262721, 0x332e06da, 0x27262705, 0x16173335, 0x3f36013b, 0xc3823601, 0x22012b25, 
    0x821f0607, 0x011f232a, 0x2e821415, 0x22050b4a, 0x69160706, 0xa2080574, 0x2f262736, 0x07061701, 0x37262726, 0x075bae12, 0xdf0b0403, 0x1512780f, 
    0x09751115, 0x020c0504, 0x011a642d, 0x0d0a1c40, 0x0f0a121e, 0x094b0b08, 0x0205ee0f, 0x3b3d0302, 0x1a3b0808, 0x6c8e2d19, 0x0405446b, 0x1003010d, 
    0x2331f301, 0x11020323, 0x2e562011, 0x070b1206, 0x20c00307, 0x09090845, 0x2b2b2801, 0x01010c57, 0x0a08750e, 0x0e32220a, 0x0917251d, 0x121c1101, 
    0x050d6310, 0x19320504, 0x6d190707, 0x1f2f2f36, 0x10131206, 0x0d040101, 0x1f010210, 0x1d24311e, 0x0ce0101e, 0x08010111, 0x82000d08, 0x00012100, 
    0x2905c75a, 0x003c00c1, 0x15140100, 0xc6842326, 0x0621d082, 0x060c4e2b, 0x0629c382, 0x26272207, 0x06373435, 0x25cd8223, 0x36373635, 0x244e1637, 
    0x080b8405, 0x32333624, 0x02151617, 0x291c1a00, 0x090a1717, 0x57201d1e, 0x03030928, 0x11110101, 0x11121919, 0x1f080702, 0x0c830e0e, 0x070f3408, 
    0x090d0906, 0x12110129, 0x4444341b, 0x17013134, 0x010e0302, 0x19181314, 0x0a222a11, 0x090d0a28, 0x1a100606, 0x12011110, 0x07081712, 0x14130202, 
    0x82111913, 0x03032fab, 0x2f572809, 0x321a2322, 0x00433532, 0xb3860c00, 0x1300c028, 0x3f002a00, 0xe3705100, 0x00a1240a, 0x82b700ac, 0x3f2622c9, 
    0x087d7901, 0x06010f27, 0x31272627, 0x23bd8227, 0x22072223, 0x83067e42, 0x161727b4, 0x3627010f, 0x6c183117, 0x1a820793, 0x37262726, 0x05313736, 
    0x17203f83, 0x8206d34b, 0x312725f3, 0x06071625, 0x23200182, 0x25058348, 0x07011f36, 0x96481716, 0x37362306, 0x0c8b2133, 0x19980520, 0x262d4082, 
    0x37361127, 0x23111716, 0x27260706, 0x210a8335, 0x0a893315, 0x51015a08, 0x041f050f, 0x200a0909, 0x02010619, 0x0f124408, 0x09270202, 0x06060714, 
    0x1f091407, 0x0a040403, 0x1c1d1d1d, 0x0404050a, 0x090ab01e, 0x061f0409, 0x10010210, 0x02094312, 0x20190601, 0x0f050201, 0x0a0a0944, 0x01041004, 
    0x05155016, 0xfffe0101, 0x0102040e, 0x16501505, 0x24148201, 0x45090a0a, 0x53711813, 0x80012109, 0xfe200b89, 0x178b0b8a, 0x4843d820, 0x864d1807, 
    0x485f1808, 0x23013908, 0x0a4c120e, 0x13060403, 0x090a081c, 0x0d092d07, 0x102c0102, 0x4c100101, 0x03239982, 0x82030606, 0x4c2808c6, 0x0304064b, 
    0x0e124c0a, 0x090d0201, 0x0a09072d, 0xb8131c08, 0x062e0b13, 0x240a0203, 0x02021529, 0x1e050515, 0x0505130b, 0x292a8983, 0x03020a24, 0x02602e06, 
    0x0e833016, 0x8020048c, 0x30241493, 0x0f01010f, 0x2105dc49, 0x0b83f0fe, 0x0036048f, 0x00000500, 0x8001c0ff, 0x0300c001, 0x37001a00, 0x77005c00, 
    0xb1180000, 0x246d0a5f, 0x22232e0a, 0x07352627, 0x06230706, 0x17161507, 0x07c44133, 0x35272626, 0x37363736, 0x17200f83, 0x27053974, 0x34373633, 
    0x2726012f, 0x3b211682, 0x23268501, 0x1f140706, 0x06240a82, 0x37230607, 0x83062375, 0x8351820b, 0x293b833d, 0x35361714, 0x80800001, 0x6778b020, 
    0x83202008, 0x0e7f2709, 0x0160090a, 0xbe830807, 0x01070822, 0x1f870982, 0x2c210d82, 0x2a11830c, 0x02010a0c, 0x01010d16, 0x87120c0c, 0x1503210f, 
    0x74230f85, 0x82100701, 0x05232522, 0x23050707, 0x0c823c82, 0x01101024, 0x008280c0, 0x0e0d0123, 0xdfac1814, 0x8298200e, 0x200f222a, 0x8327850f, 
    0x8281841f, 0x85682042, 0x02062846, 0x100c1301, 0x870b0b11, 0x1202210e, 0x63210e84, 0x27388215, 0x27371507, 0x37270505, 0x1f240b85, 0x001f1a1a, 
    0x03320082, 0xbbff0000, 0xc0018001, 0x35002300, 0x00004700, 0x8b500613, 0x013f2507, 0x16011f36, 0x3721058b, 0x059b5036, 0x2011dd4c, 0x10ef4c33, 
    0x51ba2108, 0x01023433, 0x19080909, 0x0b2b0a0c, 0x0c0c290b, 0x2b0b0b29, 0x08190c0a, 0x02010909, 0x3a543838, 0x2307744c, 0x0e09090a, 0x350dec59, 
    0x393905c0, 0x0bf8fe51, 0x12080404, 0x0a300a08, 0x0b0b2d0a, 0x08820a2d, 0x04270e82, 0x10010b04, 0x66363753, 0x8f4a0618, 0x051c4608, 0x00220582, 
    0xd3820200, 0x4702c029, 0x2400c001, 0x18003400, 0x2b07c34c, 0x012f3627, 0x0f062726, 0x14151701, 0x1725d782, 0x07173732, 0x21088206, 0xe2823233, 
    0x26252725, 0x53060727, 0x2621073a, 0x08a1822f, 0x09071762, 0x1406070a, 0x312d1a06, 0x07324545, 0x15311560, 0x1507071d, 0x170e0e06, 0x07090a07, 
    0xfe0f0e5b, 0xf00406d7, 0x1c161515, 0x06d1171c, 0x16fc3006, 0x14050707, 0x302d1c25, 0x08300101, 0x151e0e30, 0x02011431, 0x11110515, 0x5b070717, 
    0x05041111, 0x1d16d107, 0x1515161d, 0x320505ef, 0x10000000, 0x08081f52, 0x1100082a, 0x23001a00, 0x35002c00, 0x7d007000, 0x9d008c00, 0xbf00ae00, 
    0xe100d000, 0x0301f200, 0x06130000, 0x35331507, 0x012b2726, 0x23210886, 0x64089033, 0x2520084a, 0x21201a87, 0x21381764, 0x935e012f, 0xac481805, 
    0x07b3640c, 0x1b852520, 0x2405f15e, 0x33161714, 0x20108e07, 0x883d863b, 0x2810c321, 0x0106e733, 0x11070120, 0x21068540, 0x0d8307e1, 0x85401021, 
    0x01582306, 0x09821007, 0x8547fe21, 0x0902211c, 0x22083c64, 0x64020d21, 0x712e0d3c, 0x010d0d14, 0x60010d02, 0x0d010110, 0x3c64140e, 0x17112507, 
    0x0a0b0102, 0x02230384, 0x89c0fd15, 0x0707280d, 0x16200109, 0x850a0102, 0x200e821c, 0x860d82cf, 0x0707232a, 0x0d9a400a, 0x1b9aa020, 0xcc83378d, 
    0x07787825, 0x8f070101, 0x85082005, 0x86082014, 0x700f2d19, 0xc009090e, 0x0f01010f, 0x0e0909c0, 0x2805c14c, 0x011b1b29, 0x0d0d0140, 0x23d28214, 
    0x0d0e140f, 0x1b220c82, 0x1b82291b, 0x1902202c, 0x0213130d, 0x0d131302, 0x0b890219, 0x08070c23, 0x210d8930, 0x0d8e080b, 0x0cb31a8c, 0x31065744, 
    0x010002c0, 0x001e00c0, 0x003e002f, 0x26273700, 0x865a3435, 0x15162f06, 0x33020f14, 0x013f2627, 0x010f0607, 0x16822733, 0x16021f2e, 0x2f06020f, 
    0x01372602, 0x16070621, 0x2c07f972, 0x31c82726, 0x10310606, 0x03050503, 0x34098310, 0x0a56d008, 0x24bc3808, 0x08906f11, 0x040c191f, 0x04190c04, 
    0x25078704, 0x20fe0901, 0x1473010f, 0x480f210a, 0x09853989, 0x16ca282a, 0x156ba917, 0xcc28fa26, 0x4183398b, 0x01ecfe23, 0x07bb450f, 0x5b010f21, 
    0x80200873, 0x1129c382, 0x5b002900, 0x00006700, 0xc0401813, 0x36072a10, 0x3536013f, 0x23262726, 0x2ecc8322, 0x1f161506, 0x32373201, 0x06232533, 
    0x89231507, 0x4a142016, 0x295f0565, 0x012f3406, 0x31343132, 0x3b161737, 0x17161501, 0x11373633, 0x82012726, 0x1617223b, 0x224f8233, 0x55f00727, 
    0xa0320f7c, 0x0129040c, 0x0a0a0c01, 0x0716161c, 0x0b010119, 0x00830140, 0x0f203208, 0x2f23010e, 0x0f151813, 0x011b0510, 0x09095709, 0x0a090d0d, 
    0x13012f13, 0x2f0d0b17, 0x120f0d02, 0xfe0f0101, 0x170101e1, 0x06180404, 0x01223419, 0x0f387d60, 0x01bf2408, 0x02029e0b, 0x1002040b, 0x02621b10, 
    0x10030c02, 0x0f017f01, 0x0c112f10, 0x046b140d, 0x560a0d04, 0x82090e53, 0x530e2a00, 0x012f131a, 0xf0091750, 0x2553820f, 0x010f4001, 0x5482c8fe, 
    0x5b820720, 0x8a356523, 0x20008200, 0xbf501802, 0x003b2a08, 0x01000044, 0x06310706, 0x05194107, 0x21683520, 0x12551905, 0x23f18208, 0x36171635, 
    0x4f07d250, 0x322007fb, 0x18058c5d, 0x3f0a17f3, 0x1c1e4802, 0x170b0b0b, 0x0f111e18, 0x16101602, 0x524b3502, 0x02023636, 0x02163016, 0x313f3f31, 
    0xcb500884, 0x28a58205, 0x190f0f01, 0x02010f89, 0x2ca2820f, 0x01600110, 0x1b040610, 0x0e061010, 0x27308216, 0x02012831, 0xe8442d2d, 0x3f250b83, 
    0x16010116, 0x2109833f, 0x2a8220a8, 0x09200f2a, 0x19600e09, 0x50031212, 0x87072e49, 0x05334dcf, 0x59005022, 0x3421cf82, 0x23cc8227, 0x34373627, 
    0x23059f75, 0x35070623, 0x2b05ba54, 0x3736011f, 0x14373635, 0x16150615, 0x20055446, 0x24e08217, 0x37012f36, 0x08406017, 0x36013d2a, 0x30313035, 
    0x011f013d, 0x21053854, 0xf3183537, 0x3f0808fc, 0x03094002, 0x11030304, 0x36780805, 0xa1012425, 0x18251c2c, 0x0d020119, 0x01010e10, 0x1e010110, 
    0x1605071a, 0x11201809, 0x16030909, 0x09098518, 0x080e1f0d, 0x13112309, 0x0c0b0b06, 0x40011321, 0x0e202682, 0x01370383, 0x04090d73, 0x0a040304, 
    0x01010914, 0x01362524, 0x19010120, 0x82382519, 0x0f01251b, 0x020c1438, 0x2b2f0082, 0x1413441b, 0x01011757, 0x55100c0b, 0x41861740, 0xa22f05db, 
    0x66012e20, 0x040b2607, 0x090d0505, 0x41134d15, 0x01290806, 0xc0ff0000, 0xc1014102, 0x674d1800, 0x17232108, 0x2322f583, 0x52183727, 0x1f270974, 
    0x27262301, 0x83352726, 0x34352805, 0x17362537, 0x82011f32, 0x3b362e08, 0x16173201, 0x1617011d, 0x40023107, 0x82b98201, 0x12123791, 0x51267b1b, 
    0x0d760c0c, 0x3c070809, 0x1f060a55, 0x12121b66, 0x89822001, 0x00010a22, 0x0a21d282, 0x06274e6a, 0x010c3528, 0x09090dc0, 0x1f83a001, 0x0d43402e, 
    0x08075d0c, 0x47530c09, 0x01340c09, 0xa0204582, 0x0e275083, 0x0109e00a, 0x82255e07, 0x3435823d, 0x0e0a2f79, 0xfeff0300, 0x4202ffff, 0x24008001, 
    0x48003600, 0x06894200, 0x17063123, 0x28018316, 0x013f3637, 0x1f163736, 0x06ee5d01, 0x82363721, 0x272622ba, 0xbf7a1803, 0x90212010, 0x01230811, 
    0x3f3e7b20, 0x02021515, 0x154b3132, 0x140b1111, 0x0a10100a, 0x11110b14, 0x32314b15, 0x15150202, 0x5a7b3e3f, 0xb4830835, 0x0121a683, 0x88098700, 
    0x01803c11, 0x2f302121, 0x2e2f5030, 0x08080101, 0x01122816, 0x16281201, 0x01010808, 0x82502e2f, 0x21212418, 0x5a00ff01, 0x079707c7, 0xff020036, 
    0x02e0fff8, 0x00a00108, 0x0015000f, 0x26032500, 0x03072223, 0x2121e583, 0x34d48236, 0x07231703, 0xf7013727, 0x0f0f09df, 0x0f11df09, 0x90012011, 
    0x3b068220, 0x304848f7, 0x01364f1f, 0xfe0c0c5e, 0x1b1d1ca2, 0x1d1c0102, 0x701a011c, 0x007b3540, 0x3708a75b, 0x005b00c0, 0x00650060, 0x0100006a, 
    0x16311716, 0x07061517, 0x15230706, 0x09288418, 0x867e1520, 0x05fc4109, 0x37237382, 0x96213533, 0x22232a17, 0x34352627, 0x21333637, 0x2a2e8a35, 
    0x35331507, 0x23350323, 0x83373315, 0x90012109, 0x2007f744, 0x07ef6230, 0x87306021, 0x88a02012, 0x00ff211b, 0x60201492, 0x20050142, 0x281b8a01, 
    0x20808090, 0x80c08080, 0x056f6080, 0x40836020, 0x09092023, 0x2029820e, 0x08677e20, 0x20200888, 0x2d8f1393, 0x40404024, 0x048280fe, 0x41404021, 
    0xe037052b, 0xa0018002, 0x11000800, 0xbe008f00, 0x36130000, 0x06272637, 0x84171607, 0x210c8304, 0x0d822225, 0x1617162e, 0x0706011d, 0x26352726, 
    0x06072627, 0x1d2a0183, 0x37322301, 0x27343536, 0xad702b26, 0x09b45d05, 0x2406f555, 0x36373623, 0x29238633, 0x34072223, 0x013d3635, 0x06823534, 
    0x27263723, 0x22478223, 0x4c22012b, 0x162905ed, 0x14150617, 0x1714011d, 0x22398315, 0x82331716, 0x49372038, 0x05200592, 0x0a084018, 0x22277683, 
    0x3330012f, 0x82013f32, 0x2544824a, 0x16011d06, 0x7882011f, 0x7f573120, 0xe0272105, 0x2007b451, 0x36088780, 0x010d7a01, 0x14220901, 0x0f0f0114, 
    0x09080101, 0x16052d0b, 0x41a00d0e, 0x5c39056b, 0x08050817, 0x110f1008, 0x0b100f11, 0x19180a0a, 0x1d0a2520, 0x0a0a014c, 0x221f850b, 0x82011918, 
    0x0b0f2b34, 0x221a1b0e, 0x1b1a2240, 0x0e820b0e, 0x10011025, 0x821d1e01, 0xa0320884, 0x1d33323f, 0x2e02011e, 0x66fe482e, 0x1b121201, 0x12121b40, 
    0x0d0d0101, 0x22060615, 0x08040301, 0x260c010e, 0x080c010d, 0x21010304, 0x0d150606, 0x5d67010d, 0x08666709, 0x090d4037, 0x22210a03, 0x010f701a, 
    0x0b5c0f01, 0x18050606, 0x16150d33, 0x06e7411b, 0x1417012b, 0x06020214, 0x02060808, 0x245d821d, 0x07131a26, 0x05d34106, 0x01010d38, 0x01100605, 
    0x08020101, 0x1d010f13, 0x11121211, 0x130f011d, 0x12820208, 0x171e1023, 0x299d852b, 0x331e1e01, 0x354a3f33, 0x98180b34, 0x8a830a82, 0x010e0331, 
    0x070d0604, 0x0b01010b, 0x04060d07, 0x83030e01, 0x030021b9, 0x28053846, 0x13008001, 0x2d001c00, 0x067b4400, 0x2509aa57, 0x27262726, 0xa4572615, 
    0x26372706, 0x26070627, 0x90513635, 0x17490805, 0x00010714, 0x02474770, 0x6d484803, 0x0348486d, 0x6f474802, 0x53353751, 0x51373553, 0x6f6f46b5, 
    0x36020b46, 0x36515236, 0x010b0237, 0x28280180, 0x283c623f, 0x28020228, 0x3f623c28, 0xe0012828, 0x01181601, 0x01161801, 0x2c148336, 0x17220e0c, 
    0x16010116, 0x0c0e2217, 0x3b978200, 0x01c0ff10, 0x00c001b0, 0x004c003a, 0x2500005e, 0x2f262723, 0x22232601, 0x1506010f, 0x26073d65, 0x17333233, 
    0x60170607, 0x16200547, 0x21058c48, 0x27823536, 0x16173723, 0x088b4217, 0x3120bc82, 0x230b1e4c, 0x010f1716, 0x22099f60, 0x82013f36, 0x012e08e2, 
    0x151a2c90, 0x0a0c4729, 0x0d271a21, 0x0b0e0909, 0x0b092709, 0x250e0303, 0x551f0106, 0x1601021b, 0x09160504, 0x1701021f, 0x0e14203d, 0x2f42371c, 
    0x19421805, 0x07e94308, 0x430f9e22, 0x4e301985, 0x0a080e1e, 0x35e00c1a, 0x03150b28, 0x100a1e14, 0x012c5382, 0x05071e07, 0x240d0c57, 0x05573313, 
    0x012c4d82, 0x07651501, 0x240f1b06, 0x011a294e, 0x1805e341, 0x2209694d, 0x83140e0d, 0x22de2154, 0x01281885, 0x1006151c, 0x0000001a, 0x09e36c18, 
    0x22000e25, 0x4e003000, 0x152006ff, 0x3521ee82, 0x22c78226, 0x84333513, 0x16212307, 0x2f461117, 0x37352e06, 0x06070615, 0x37362107, 0x27263736, 
    0x058a4421, 0x01500f22, 0xd0286282, 0x1b1b01e0, 0x0ff0fe29, 0x16258b82, 0x0f0e181f, 0x2b0f8320, 0x1f301001, 0x0f010120, 0xa001f0fe, 0x40232583, 
    0x8350010f, 0xa3fe358c, 0x1b29c03d, 0x1c14011b, 0x131ed0fe, 0x13040412, 0x201d1813, 0x01251183, 0x0f301f20, 0x219e8201, 0x6b180100, 0x0b2008cf, 
    0x363d9b82, 0x07160117, 0x26012706, 0x0f053137, 0x10500213, 0xfd130f0c, 0x010c10b0, 0xfe0c10b7, 0x676b1830, 0x33378407, 0xbeff0a00, 0xc2013602, 
    0x00007d00, 0x010f1625, 0x17022f06, 0x01260684, 0x27013f26, 0xfb5e1514, 0x05c15e05, 0x07353422, 0x2a831b89, 0x36202383, 0x26212682, 0x2209842f, 
    0x8227021f, 0x1f362234, 0x21408201, 0xfc553517, 0x33152705, 0x16173635, 0x48821617, 0x011d1423, 0x50208937, 0x45820530, 0x17010f39, 0x02011f16, 
    0x100d0333, 0x5018060e, 0x1c030836, 0x0e0f0f05, 0x5a261902, 0x2639076c, 0x0f0e0219, 0x031c050f, 0x18503608, 0x0d100e06, 0x0a041b03, 0x040a6969, 
    0x2f338e1b, 0x01361803, 0x0a180f0f, 0x0a012001, 0x360f0f17, 0x2e3a3798, 0x0304050e, 0x3e204d0d, 0x0e6e0c0a, 0x0f050402, 0x01022d62, 0x1b290202, 
    0x7483011b, 0x0c820220, 0x0f622d39, 0x0e020405, 0x3e0a0c6e, 0x030d4e20, 0x590d0604, 0x2a2b040b, 0x84590a05, 0x204e223b, 0x293b883f, 0x151c183e, 
    0x09010916, 0x04821818, 0x82141421, 0x01012343, 0x3f953e18, 0x590b0423, 0x20008200, 0x08675707, 0x28001f2c, 0x3a003100, 0x55004300, 0x57426700, 
    0x45142008, 0x172705fd, 0x36213316, 0x83353637, 0x34272503, 0x21373637, 0x5b080c4a, 0x089108c1, 0x18063721, 0x250f2d88, 0x31272611, 0x40833526, 
    0x16171623, 0x215c8315, 0xeb82287f, 0x0b060537, 0x05030504, 0x19010805, 0x0a010816, 0x11010707, 0xe3fe1c10, 0x07d5451f, 0x010f3f2d, 0x020e0e02, 
    0x0e400f01, 0x830e0202, 0x20088815, 0x072b41c0, 0x1c1b292d, 0x1b1c0101, 0x090a0d29, 0x430d0a09, 0x013d0586, 0x363602c0, 0x1619ac52, 0x0e0c2016, 
    0x01070608, 0x1b010215, 0xac271c1d, 0x1d32323f, 0x0fec5be0, 0xe0280f8f, 0x51373602, 0x02363652, 0x07834483, 0x1811e348, 0x290a0348, 0x0073006e, 
    0x00980085, 0x754d00a1, 0x32332806, 0x011f1617, 0x56343533, 0x0f24081a, 0x011d0601, 0x1d341683, 0x010f0601, 0x07062326, 0x06071423, 0x0706012b, 
    0x14151617, 0x23221d82, 0x0c822f22, 0x0c406418, 0x0a9d9c18, 0x73272621, 0x3b220805, 0xa04e3601, 0x36012805, 0x15333517, 0x18232733, 0x26111b4d, 
    0x36373605, 0x71333233, 0x17200bef, 0x2f07ee47, 0x12120160, 0x10146a1b, 0x6a300810, 0x0c070211, 0x20080082, 0x03050404, 0x0b11380a, 0x2b16010c, 
    0x243d1915, 0x0e09094f, 0x07050208, 0x0a170909, 0x060a0d0c, 0x32098207, 0x090e200e, 0x06070709, 0x0a0c0d0a, 0x06090917, 0x41080303, 0x08230568, 
    0x82060303, 0x120f2628, 0x6a279140, 0xc15b1810, 0x02082610, 0x041d1623, 0x2b178404, 0x25251919, 0x58011919, 0x16020216, 0x686d0383, 0x0b0b2805, 
    0x26227812, 0x820c0521, 0x0c073186, 0x15050c0c, 0x0b0c2216, 0x0e1b2d11, 0x2e02091b, 0x0722758c, 0x75870205, 0xaf829e97, 0x060d1727, 0xc0606081, 
    0xf3771801, 0x2ea8270e, 0x1804101a, 0x82832319, 0x8a820120, 0x84851820, 0x00021625, 0x60070000, 0x0d2d0a37, 0x29002000, 0x4a003e00, 0x00005000, 
    0x05a55801, 0x1737333c, 0x33072726, 0x31373607, 0x27343736, 0x06232734, 0x16150615, 0x011f1617, 0x60461723, 0x23372405, 0x41170722, 0x31080672, 
    0x36373233, 0x26272635, 0x17140527, 0x013b1631, 0x06070635, 0x33153715, 0x01070627, 0x291d1815, 0x510e201f, 0x180d425a, 0x36776742, 0x01012425, 
    0x0382fc01, 0x25243b08, 0x3b2d3036, 0x0d010220, 0x6603140e, 0x41320808, 0x01161722, 0x0f4d0f01, 0x31020a0a, 0xedfe4931, 0x1d0f0a0a, 0x6011111e, 
    0x0d0f7d99, 0x010cb401, 0x44241615, 0x32151d44, 0x3b8201b0, 0x02060622, 0x06210082, 0x30508306, 0x220c5ea0, 0x010d0e14, 0x014f0170, 0x1c221716, 
    0x24398214, 0x02313149, 0x294a82ad, 0x222318a9, 0xc9be9b29, 0xf7820605, 0x28050348, 0x00800180, 0x0031001f, 0x0aa96b43, 0x33171622, 0x21097c4c, 
    0x4f553633, 0x05272106, 0x4c10684c, 0xd018117a, 0x802a0b7e, 0x0e1b1229, 0x1b0e1c1c, 0x6d4c2813, 0x6ffe2008, 0x1b2108ec, 0x05f77312, 0x4c180120, 
    0x11880897, 0x12018024, 0xb95f1b12, 0x3d242806, 0x1c01011c, 0x4c02243d, 0xf02009a3, 0x24056a4c, 0x12010111, 0x08ef6d11, 0x89121b21, 0x05f34a0f, 
    0x02c22508, 0x00c40103, 0x003c0023, 0x00740059, 0x011f1300, 0x31303316, 0x3f323130, 0x30353602, 0x012f2635, 0x23262731, 0x222c1183, 0x1506020f, 
    0x34051714, 0x2326022f, 0x1f230c85, 0x84331602, 0x17012128, 0x1c820886, 0x82312221, 0x3015241e, 0x82010f23, 0x021f242e, 0x4e353736, 0x0525055c, 
    0x15070623, 0x82138307, 0x37322f62, 0x31043301, 0x04040215, 0x04311502, 0x0a880301, 0xfb010422, 0x01201782, 0x21881785, 0xd0fe0324, 0x6c18020d, 
    0x20080779, 0x0301010b, 0x1d0d0102, 0xc01d0202, 0x095c010e, 0x0b0b1209, 0x0e2be9fe, 0x090a7601, 0x0d0e092a, 0x248d820a, 0x31162b01, 0x823e8404, 
    0x8461822b, 0x0104220a, 0x886e84db, 0x22218656, 0x18021e30, 0x8709466c, 0x017f3709, 0x0a661c0f, 0x0809120c, 0x250d02fb, 0x0d0d0a6a, 0x0a092a0a, 
    0x0f533601, 0x00242a0c, 0x006e0049, 0x36211300, 0x05e34237, 0x20093a49, 0x66641832, 0x068b5608, 0x1b901720, 0x870a9570, 0x2125223f, 0x4d2e8622, 
    0xba70099c, 0x20248708, 0x055e6d20, 0x1b1b0123, 0x0a137129, 0x82072a7b, 0x18802007, 0x4f0a0fa3, 0x0683067e, 0x22070d46, 0x86fe0001, 0x86012020, 
    0x89468707, 0x07d64721, 0x20119357, 0x87129180, 0x2542182c, 0x8726850c, 0x7000201a, 0x05310807, 0x2000c501, 0x00002500, 0x0f262701, 0x07170601, 
    0x056b5326, 0x011f1427, 0x3f323316, 0x22e58201, 0x82163727, 0x27390807, 0x17372701, 0x44fb0107, 0x09170b0b, 0x26244c09, 0x139e1d26, 0x19145a13, 
    0x1d9e141a, 0x4d0f0706, 0x0a160c0b, 0x5ab8fe0a, 0x017a5a7a, 0x0a0a4477, 0x4d0b0c16, 0x1d06070f, 0x2f22839e, 0x9e13135a, 0x2426261d, 0x1709094c, 
    0xa2fe0b0b, 0x83822583, 0x63000421, 0xc02a05b3, 0x23001100, 0x7e004800, 0x89470000, 0x47212011, 0x0727109b, 0x07262736, 0x83062726, 0x06172cac, 
    0x06171607, 0x36331617, 0x85171637, 0x27362503, 0x27263736, 0x31260282, 0x23302726, 0x5d622330, 0x55338210, 0x34820509, 0x4d07214c, 0x502006dc, 
    0x200f1e54, 0x081c4f01, 0x77361987, 0x17131107, 0x0c19190c, 0x07111317, 0x16010116, 0x110d1107, 0x11830606, 0x10070623, 0x3a13850d, 0x1b1b01a7, 
    0x02010129, 0x22171601, 0x1a0e1726, 0x1f30211a, 0x1d020120, 0x83011212, 0x062b2619, 0x151e1509, 0x2602821e, 0x2b060915, 0x541b1b29, 0x4d54113d, 
    0x890b200f, 0x227e876e, 0x8302010d, 0x0102237f, 0x12850c01, 0x49838b20, 0x22080823, 0x27168217, 0x11101c1c, 0x301f2001, 0x83053e4e, 0x0a0c2518, 
    0x01140114, 0x14220282, 0x84830c0a, 0x7f660020, 0x43023905, 0x2000c001, 0x4d004000, 0x67005a00, 0x00007400, 0x31272625, 0x07222726, 0x4a055454, 
    0x162005cf, 0x21093856, 0x8a632726, 0x0623220c, 0x054d4107, 0x332a2282, 0x37363316, 0x010f2736, 0x3e421706, 0x26272305, 0xd2182307, 0x36200757, 
    0x01290c9c, 0x1516065f, 0x1c0f131e, 0x29ab8332, 0x0111121c, 0x22171601, 0xcc840001, 0x12122e08, 0x2737d91c, 0x0f0f0227, 0x0d0a081b, 0x29283c0d, 
    0x1c112a04, 0x02051313, 0x45050503, 0xe40b052b, 0x06110a20, 0x20080c06, 0x0e12120b, 0x200c9d60, 0x31268207, 0x0e13110a, 0x12121dde, 0x02250701, 
    0x291a1b01, 0x7d830101, 0x16162222, 0x26087583, 0x16151e21, 0x20080205, 0x1a1f3621, 0x05080f1a, 0x27270102, 0x0b2b133b, 0x011e1617, 0x0a330201, 
    0x1330cb01, 0x820b040e, 0x110a2104, 0x003b099d, 0xff050000, 0x02c0fffb, 0x00c00100, 0x00370028, 0x00510044, 0x0100005e, 0x42312330, 0xc2441b98, 
    0x26072108, 0x210b4b41, 0x0e8b2327, 0x0c983320, 0x82a00121, 0x16012ba7, 0x16262117, 0x211a1a10, 0x7a42202f, 0x22e98208, 0x4b1c2a3f, 0xd93505b3, 
    0x072f0b15, 0x0f050314, 0x04052f07, 0x15760903, 0x14082f0a, 0x270e8304, 0x15eb1408, 0x1306300a, 0x07220c84, 0x28837613, 0x04041322, 0x09232882, 
    0x42400113, 0x5e441860, 0x07e22c07, 0x0b157013, 0x09700f02, 0x87040909, 0x0b14210b, 0x003b0993, 0x20000700, 0x6002c0ff, 0x0e00c001, 0x64004300, 
    0x84007300, 0xa6009500, 0x42010000, 0x1720067e, 0x4805d679, 0x0b8305cc, 0x30313023, 0x06604f31, 0xfc462720, 0x07012408, 0x47141506, 0x01280502, 
    0x37343526, 0x35262726, 0x4205fd47, 0x17251ac7, 0x06010f22, 0x05df7415, 0x27263522, 0x8605b24f, 0x2734240e, 0x8b012b26, 0x0810931f, 0x0001232d, 
    0x11191e12, 0x0a0b0111, 0x06171012, 0x19018818, 0x192b2519, 0x0d342b21, 0x02040802, 0x03023f3f, 0x4b0d0209, 0x2b2b0209, 0x844b0902, 0x05142713, 
    0x0e0e170b, 0xed42a701, 0x0112360d, 0x22161701, 0x16230001, 0x12010117, 0x0c091c12, 0x02042008, 0x20058516, 0x20068460, 0x22058315, 0x9b0a0706, 
    0x3501390d, 0x10010116, 0x0e141911, 0x0c12070f, 0x25241c22, 0x02011819, 0x0c01181f, 0x9782838c, 0x84080421, 0x100d3097, 0x0b161a11, 0x331c1515, 
    0x0112121d, 0x44022608, 0x052505b7, 0x221d1516, 0x2d4b8217, 0x1d231616, 0xbd051516, 0x0706300b, 0x058f0217, 0x08070a22, 0x0c8f1289, 0x3e08fb42, 
    0x00c30184, 0x004f0019, 0x00790064, 0x1700008e, 0x16311716, 0x3732013b, 0x33013d36, 0x87171415, 0x07212a0b, 0x27262725, 0x27012b26, 0x09a26c36, 
    0x16232c82, 0x5a153217, 0x1f2a0501, 0x33171601, 0x17013f32, 0x8f533521, 0x3f162c05, 0x25273601, 0x2f061707, 0x75060701, 0x1f24068d, 0x33071602, 
    0x27231286, 0x5b262737, 0x12930502, 0x0901bf2a, 0x0e200d09, 0x0aa00909, 0x2e080785, 0x0101a1fe, 0x211613be, 0x50ed2621, 0x0c02020f, 0x2b2a0807, 
    0x01090606, 0x06040c02, 0x02010101, 0x080b4b02, 0x1f13090f, 0x36260a0d, 0x820a5f01, 0x05043c1a, 0x0c1b0d09, 0x10abfe07, 0x15070104, 0x10040813, 
    0x0b160704, 0x170a0504, 0x84700406, 0x07142213, 0x20148901, 0x20148507, 0x29148c14, 0x0e1f0406, 0x09090a09, 0xc76f400e, 0x7f803706, 0x12201dde, 
    0x14105112, 0x06081214, 0x07052b2a, 0x0d10110e, 0x81830304, 0x10632908, 0x01111c12, 0x4e6c2309, 0x0f080707, 0x070c0706, 0x0e0d0912, 0x02071710, 
    0x07020a0a, 0x02061017, 0x06061404, 0x06020414, 0x002013a7, 0x05210082, 0x05874700, 0x5f00c42d, 0x71006800, 0x83007a00, 0x55010000, 0x27210552, 
    0x22018326, 0x5b343107, 0x15260571, 0x33171611, 0xa2503736, 0x16172205, 0x200a8237, 0x21208206, 0x26823122, 0x15880720, 0x13973520, 0x22272623, 
    0x05bc4131, 0x53053721, 0x678207ab, 0x2005596b, 0x2d119017, 0x10012002, 0x27421311, 0x31222128, 0xc4485531, 0x0d023b05, 0x4c010f21, 0x292c3434, 
    0x13433030, 0x3a334601, 0x332d0130, 0x364b4933, 0x07832d36, 0x552d1090, 0x21212c33, 0x0e0b0208, 0x5e35361e, 0x088055fe, 0x2007b24f, 0x87088740, 
    0x82012e07, 0x0808131f, 0x02021e08, 0x02030e0d, 0x05374e22, 0x8330fe21, 0x22702d1e, 0x0d0e0202, 0x091a0303, 0x01192414, 0x022c0a82, 0x1a231d03, 
    0x0d0d0303, 0x3e1c0202, 0x452e1190, 0x0b010221, 0x0321050a, 0x04050f05, 0x31644a26, 0x8a382010, 0x052f5011, 0x30079347, 0x00c00140, 0x00150008, 
    0x005a0027, 0x007f0063, 0x06af6c00, 0x01152323, 0x05814123, 0x27341124, 0x8d182326, 0x1f24105e, 0x26272301, 0x2105ca4a, 0xf46f1411, 0x013d2605, 
    0x33163116, 0x05826117, 0x37363727, 0x012f3435, 0x06754335, 0x44833520, 0x3315272c, 0x07222335, 0x17331506, 0x33820607, 0x16371622, 0x35203985, 
    0x352d4186, 0xc0152311, 0x0f200f01, 0x60014001, 0x23088420, 0xfe0e0909, 0x53052363, 0x012006ff, 0xa0240782, 0x1a132d33, 0x13200182, 0x0d261d82, 
    0x01010a09, 0x09841d01, 0x07010927, 0x140e1529, 0x05494139, 0x20402022, 0x602b0882, 0x0a031f20, 0x08180e0a, 0x51090901, 0x15820603, 0x0f30c02b, 
    0xb00f0101, 0xfef001b0, 0x21098310, 0x1482d001, 0x27106b54, 0x13132d60, 0x00ff1a13, 0x65244f85, 0x382b0101, 0x38250a85, 0x513d0d10, 0x200b8215, 
    0x2203820e, 0x82c0a0c0, 0x9bdf297d, 0x010b0b10, 0x09080d1f, 0x82053d42, 0xa0012205, 0x07ff4a20, 0x01c0012b, 0x001800c0, 0x25000058, 0x05744423, 
    0x16170624, 0xb148013b, 0x2416820a, 0x26272635, 0x06454a27, 0x16072228, 0x06070615, 0x04832307, 0x484a1420, 0x2e228209, 0x1736013f, 0x0f161732, 
    0x17163301, 0x4c330716, 0x012c071f, 0x04273830, 0x800a0a0a, 0x0b040307, 0x04230a83, 0x82050604, 0x0b033e0c, 0x12010b45, 0x06061b12, 0x291b1b01, 
    0x010f0708, 0x10221716, 0x0112121b, 0x1415210b, 0x08148301, 0x04060d24, 0x0e80170a, 0x1d0c1011, 0x2007130d, 0x0d130a0d, 0x011b1b29, 0x21151401, 
    0x080b5a50, 0x086f0706, 0x08820a0a, 0x82040421, 0x8d0b2308, 0x3d831310, 0x83110f21, 0x14022623, 0x1617221a, 0x25608301, 0x19081013, 0x14832319, 
    0x1f08072e, 0x010d7016, 0x2d231709, 0x161b1d02, 0x23236283, 0x55081919, 0x802807ab, 0x2800a101, 0x6d004800, 0x2009d75b, 0x05435f07, 0xcc833520, 
    0x2105676d, 0x12861716, 0x51051644, 0x258b05cc, 0x218b1720, 0x06270724, 0x02843107, 0x273a2298, 0x38010726, 0x29474658, 0x0f010129, 0x01010f20, 
    0x3b3a2323, 0x39384748, 0x10862122, 0x4a2c2c28, 0x35025b4a, 0x0f862222, 0x1a111025, 0x8513141c, 0x2602290c, 0x3d013826, 0x1c1d3131, 0x01270f85, 
    0x46432b2b, 0x85022f2f, 0x1f1f2d4a, 0x01403434, 0x2c2d03a0, 0x6a584949, 0x0f2d5b82, 0x3b3c486b, 0x22022323, 0x47393923, 0x2c108370, 0x49495b70, 
    0xc0012a2a, 0x35262504, 0x2810836c, 0x12131a6e, 0x13120103, 0x2b1e851c, 0x01242538, 0x1f1f0360, 0x6b3e3333, 0x6c281e83, 0x042f2e43, 0x462d2e01, 
    0x40251e85, 0x1e1d3333, 0x05434501, 0xdeff0037, 0xa0018002, 0x22000d00, 0x4c003700, 0x00007b00, 0x31272601, 0x05d45e26, 0x35211526, 0x14170725, 
    0xa211a946, 0x23172312, 0x507b0706, 0x15212605, 0x33161714, 0x103c4717, 0x16153322, 0x0805815d, 0x26353725, 0x02200227, 0xe2432d2d, 0x022d2d43, 
    0x91fe1f02, 0x19080413, 0x14050918, 0x0d1b0805, 0x1b0d0505, 0xa4900508, 0xa0290812, 0x02010e20, 0xfd010e0d, 0x0d0909dd, 0x09090e41, 0x0d090abf, 
    0x09080e40, 0x14130120, 0x1a192620, 0x010f0101, 0x2c2d4401, 0x366e8302, 0x14154040, 0x0d03091b, 0x1b0a030d, 0x04030614, 0x19060619, 0x87070304, 
    0x141a2213, 0x21138f07, 0x138a1b09, 0x82029521, 0x0101245a, 0x829f6f0e, 0x47022060, 0x0d2e090d, 0x17212b60, 0x17020518, 0x0e402517, 0x475d0002, 
    0x00202e0b, 0x003e002f, 0x3700004f, 0x36171633, 0x08714337, 0x26072226, 0x06232627, 0x2406be4c, 0x17161716, 0x09ed4f07, 0x26373625, 0x7d212527, 
    0x342008d7, 0x07202982, 0x2109e64f, 0x10833736, 0x9c902408, 0x23313123, 0x201f303c, 0x1f200101, 0x13171b30, 0x3f292121, 0x3d3f2929, 0x02022829, 
    0x083d2928, 0x82070971, 0x71093800, 0x16020216, 0xf0fde001, 0x07070216, 0x16100209, 0x0a070602, 0x85bffe40, 0x4101211d, 0x0a251683, 0x01011fa0, 
    0x8347831f, 0x230c264f, 0x2b021514, 0x1f5d182b, 0x82b02008, 0x070a2937, 0x16160208, 0x15026002, 0x04830983, 0x15866020, 0x5b420b83, 0x05434c07, 
    0x24001228, 0x4e003600, 0xf5826600, 0x27263524, 0x92190706, 0x01200c08, 0x20102a4f, 0x103e6815, 0x27262723, 0x05594b31, 0x35203a8c, 0x2507a55f, 
    0x36373635, 0xc5433233, 0x07062b05, 0x01a00706, 0x1e010f0f, 0xe7450102, 0x1e022306, 0xc8560001, 0x05484c09, 0x45090e21, 0xa020095c, 0x1f32e987, 
    0x29280201, 0x28293d3d, 0x701f0102, 0x01161722, 0x43871f01, 0x01011f2e, 0x7d221716, 0x01010fd3, 0x210cd30f, 0x2307584f, 0x43010c21, 0x8707424c, 
    0x0cdf5007, 0x2505ed59, 0xa7301f20, 0x8a413425, 0x26332407, 0x83b0fea7, 0x1828244e, 0x820e14c0, 0xc0142300, 0x6e832818, 0x240f3741, 0x0042002a, 
    0x16374154, 0x83052b50, 0x251341ed, 0x41236741, 0x60201037, 0x21281941, 0x61411001, 0x137d261b, 0x0f01010f, 0x0b374113, 0x9319d320, 0xa3420b9b, 
    0x18184106, 0x41c00121, 0x00201c64, 0x250cbb5b, 0x0022000d, 0xc744003f, 0x06212806, 0x11070607, 0x820f1121, 0x232623ff, 0x306e3130, 0x05717605, 
    0x2317072a, 0x21070615, 0x23352726, 0x12646a18, 0xe0012708, 0x140e0d01, 0x0e14e0fe, 0x8001010d, 0x0b065865, 0x06090201, 0x100d0f38, 0x0f482512, 
    0x950c1013, 0xfe0f0110, 0x75180f60, 0x01200909, 0x35822b85, 0xbc5c0120, 0xd0fe3508, 0x70573001, 0x06010108, 0x0f130e30, 0x105c1f0d, 0x79130f0c, 
    0x60058845, 0xc7831175, 0x00feff2e, 0x01420200, 0x00520080, 0x00f800a9, 0x2605d950, 0x31303135, 0x82222326, 0x180620cb, 0x230ed08a, 0x27262726, 
    0x60691b85, 0x45c98205, 0x16200655, 0x36230782, 0x8a373637, 0x056c7407, 0x26152725, 0x87263127, 0x8f368552, 0x8c0f8f46, 0x32332156, 0x07875685, 
    0x25205686, 0x17206b8c, 0x1c867b86, 0x35205082, 0x6682c3a1, 0xc184e383, 0x17260230, 0x0d0a0c0c, 0x12010a0c, 0x12242413, 0x0b8f0112, 0x0b0c022e, 
    0x08070d17, 0x0a0b0203, 0x0f14260e, 0x0e438b18, 0x0e261429, 0x03020b0a, 0x860d0708, 0x12022346, 0x46872313, 0x12120222, 0x0c215289, 0x2a46960c, 
    0x0e181722, 0x0a0f2614, 0x8202030b, 0x00fe2146, 0x1d846496, 0x2321ab96, 0x22b78613, 0x87180b0c, 0x05d22eab, 0x09010807, 0x090a0209, 0x0a0a0102, 
    0x21098702, 0x09820309, 0x05070722, 0x2a83ce83, 0x090d0828, 0x01010708, 0x89180807, 0x0d2108d8, 0x83ce8308, 0x059023d6, 0x38820707, 0x0a090325, 
    0x830a0101, 0x21098938, 0x42860801, 0x21820820, 0x070a0d28, 0x0a070808, 0x00820809, 0x090d0926, 0x0d080702, 0xe2203e83, 0x03215b9a, 0x219d8804, 
    0x9d8d0902, 0x08070122, 0x00209d88, 0x04370082, 0xc0ff1e00, 0xc001a201, 0x23001100, 0x56004400, 0x013f0000, 0x6d060727, 0x3725064a, 0x2f363736, 
    0x60058201, 0x372c0e20, 0x26312726, 0x2306010f, 0x26012f22, 0x2705ee41, 0x1716011f, 0x36353315, 0x2205bd55, 0x1817010f, 0x3b099741, 0x2f262736, 
    0x3c1f9d01, 0x01010b34, 0x130d3009, 0x030d0b0d, 0x431b0a02, 0x01161722, 0x080b805a, 0x100ab940, 0x28290e10, 0x29283030, 0x0a10100e, 0x0e020309, 
    0xc0141229, 0x0e291214, 0x59090302, 0x0a1b1f3c, 0x0b0d0302, 0x300d130c, 0x0b010109, 0x361f2433, 0x0f0e0b35, 0x0810400c, 0x0e100f0b, 0x4c82fd24, 
    0x17212123, 0x25548317, 0x17162221, 0x37830e01, 0x1c1c1d23, 0x834a831d, 0x1c320852, 0x2626080d, 0x0a1c0d08, 0xb60e1010, 0x0e242035, 0x080b0f10, 
    0x0f0c4010, 0x00350b0e, 0xff000004, 0x010002c0, 0x000a00b8, 0x003f002d, 0x01000051, 0xfc823623, 0x16173623, 0x0604411f, 0xd3573320, 0x012b2206, 
    0x06fa5d15, 0x4e222321, 0x352805ab, 0x36013521, 0x37363137, 0x2007b95d, 0x56178226, 0x09830545, 0x32064a43, 0xffff0017, 0x2c1a1a03, 0x070c0b0a, 
    0x12018174, 0x46201b12, 0x202b05c7, 0x1f201111, 0x2b2e2929, 0x821f292a, 0x8001330b, 0x0d019ffe, 0x0d15140e, 0x150d0e0e, 0x010d0e14, 0x9b558101, 
    0x00012b0f, 0x1e2e2e38, 0x0a030206, 0x5d1920a9, 0x402f09f0, 0x1b232426, 0x0f0f0e1b, 0x231b1b0e, 0x18402624, 0x56091a70, 0x0f870f64, 0x2d077b45, 
    0x010002b8, 0x001400c0, 0x00580032, 0x5d551300, 0x32172308, 0xfe413033, 0x18372006, 0x20073449, 0x22e48233, 0x18171617, 0x280b228e, 0x26072726, 
    0x1d063107, 0x06505d01, 0x18222321, 0x820989b6, 0x36372112, 0x33064544, 0x010416da, 0x2b2b3e15, 0x01150306, 0x07011501, 0x064f3838, 0x25050241, 
    0x1e32333e, 0x304d011e, 0x26012c05, 0x50414127, 0x09080b34, 0x481d1001, 0x22080906, 0x02163016, 0x48323302, 0x0a1d1e29, 0x3b20210b, 0x15016001, 
    0x2b060217, 0x02143e2b, 0x384f1603, 0x86600738, 0x1e1e243f, 0x853e3332, 0x50270857, 0x26274141, 0x0702e301, 0x10320c07, 0x15200c05, 0x0d0e0d0d, 
    0x0215f614, 0x45f71601, 0x0a0c2a2a, 0x3f291e1d, 0x410d2f30, 0xc0210707, 0x28018201, 0x2f002200, 0x00003c00, 0xa7ba1913, 0xbc82182e, 0x48a0200c, 
    0x302b0648, 0x010d0e14, 0x0d0140fe, 0x8530140e, 0x66a0209f, 0xfe2105c2, 0x251983a0, 0x01010f50, 0x0484600f, 0x7fa00121, 0x2d840893, 0x22423984, 
    0xfea02106, 0x2208466c, 0x87401001, 0x010f2131, 0x2126b7ca, 0x26353736, 0xb7ab2127, 0x83200121, 0xe0fe21b8, 0x4020b9ab, 0x04823283, 0x0700002c, 
    0xbefffeff, 0xc0010b02, 0x9a182900, 0x47200813, 0x2605535e, 0x23263127, 0x44010f22, 0x172c058a, 0x36013f16, 0x16173233, 0x05070607, 0x37211287, 
    0x05f65725, 0x3736272b, 0x03070617, 0x07173727, 0x27048837, 0x1716013f, 0x17272607, 0x36211c82, 0x081e8235, 0x16f2013e, 0x2a2e2727, 0x040b1c27, 
    0x07210703, 0x1b0d0c0c, 0x0a110908, 0x0b040307, 0x030c9ffe, 0x07200703, 0x010c0d0c, 0x1414365c, 0x1403b219, 0x0f15100e, 0x1f3dae0d, 0x3c6b1f3d, 
    0x6f1f3c1f, 0x26080483, 0x0a0c2e15, 0x520e092d, 0x0103053c, 0x0107033d, 0x18172c65, 0x0d080f17, 0x0b370c0c, 0x11070403, 0x0d0b1004, 0x82d3070c, 
    0x370b2147, 0x43086583, 0x3b3a22ce, 0x3e030d3b, 0x013e0307, 0x27b8fe06, 0x40132612, 0x12271227, 0x27132543, 0x092dc411, 0x080f2e0d, 0x0908146c, 
    0x10140707, 0x0200000f, 0xbbfffeff, 0xc0010002, 0x33002000, 0x26010000, 0x07063107, 0x2327f183, 0x03012f22, 0x18161706, 0x2409bd5a, 0x26273637, 
    0x4b048227, 0x5f080553, 0x3716011f, 0x27263736, 0x2a010726, 0x1d292928, 0x050a0a37, 0x32050606, 0x0b040480, 0x0a318613, 0x390b0b0a, 0x16142566, 
    0x5c2f1010, 0x1f07080f, 0x21020126, 0x2a2a2408, 0x21211921, 0x1323011f, 0x38200a09, 0x05050b0b, 0x09f9fe32, 0x4107120a, 0x0a0b0b32, 0x1232390a, 
    0x2f2f3027, 0x20202318, 0x2a2a2782, 0x2108232a, 0x1e260201, 0xa9820807, 0x0a000022, 0x20062b45, 0x30a982c0, 0x0049003e, 0x005b0052, 0x006d0064, 
    0x007f0076, 0x21bb8288, 0xc1181732, 0x15200897, 0x2705e861, 0x06011d16, 0x21070607, 0x2720a682, 0x2206f361, 0x4435013b, 0x36240525, 0x013b3637, 
    0x16221c82, 0xc7833317, 0x21032322, 0x085d1519, 0x7a063721, 0x172006c1, 0x84079b61, 0x840c8327, 0x9a1e83f3, 0x43012011, 0x502c063b, 0x111219d8, 
    0x01011704, 0xfe1b1212, 0x3005645f, 0x12110417, 0x0d503818, 0x01010909, 0xe10d0909, 0x156418c0, 0x01102209, 0x210c8360, 0x0583a0fe, 0x89612020, 
    0x87602007, 0x87302008, 0xa2902008, 0xc0013111, 0x400e0909, 0x2009090e, 0x96180f0f, 0x1b460707, 0x2706cf5f, 0x96070746, 0x200f0f18, 0x30221e86, 
    0x0a540f01, 0x70fe2105, 0xe8200987, 0x105a8618, 0x11872020, 0x002008a3, 0x04380082, 0xc1ffffff, 0xc0010202, 0x37001d00, 0x6d005300, 0x23370000, 
    0x1f060706, 0x5d05b958, 0x7753056e, 0x35372605, 0x23262734, 0x06e96e37, 0x34353622, 0x2508ed58, 0x15070607, 0x5f181716, 0x062009db, 0x09994818, 
    0x2e821720, 0x27363528, 0x27363713, 0xa9772726, 0x3f162105, 0x20050a60, 0x3b428401, 0x091588c8, 0x3e1e0e07, 0x0a170909, 0x3e0a0c0d, 0x060d0a1e, 
    0x07011306, 0x87700a07, 0x2008198e, 0x01121310, 0x136c1602, 0x0a3e1e10, 0x170b0d0c, 0x1e3f0909, 0x15090209, 0x02011687, 0x0e1eed14, 0x300a8407, 
    0x0f131301, 0x0d093f1e, 0x0a160a0d, 0x01a13f0a, 0x202f8613, 0x202f820a, 0x242f843e, 0x07070a88, 0x84178e3f, 0x0217223c, 0x2d8a92be, 0x15891502, 
    0x1eadfe09, 0x01141310, 0x948a1502, 0x0a0d0c24, 0x0082003b, 0xffff0534, 0x4102e0ff, 0x0800a001, 0x12000d00, 0x3e001b00, 0x727c0000, 0x33173906, 
    0x33072325, 0x15233335, 0x33052733, 0x0f062337, 0x05170601, 0x17213723, 0x20050c41, 0x07b85233, 0x8a522120, 0x37310806, 0x35373633, 0x30022726, 
    0x04180111, 0x611a630c, 0x1a64e0fe, 0x7e65857e, 0x617bfe19, 0x030c631a, 0x02110218, 0xfe041420, 0x0f140400, 0x1c0f0101, 0x05545214, 0x06844020, 
    0x831c1421, 0x20012613, 0x0d5f1202, 0x26008680, 0x135f0b01, 0x55204002, 0xa0210521, 0x7a991810, 0x84a0200a, 0x07002133, 0x7f20bf84, 0x062cbf82, 
    0x20000b00, 0x40002900, 0x71005500, 0x2720c382, 0x3622b682, 0xc1832737, 0x17161725, 0x82013f36, 0x31162b05, 0x2f323530, 0x23272601, 0xd189011f, 
    0x3322cf90, 0x2f822726, 0x180bee50, 0x6c073141, 0xc466067b, 0x23518206, 0x16373130, 0x162b0682, 0x01070607, 0x3d650ea3, 0x82931e18, 0x1cbd27f2, 
    0x15090917, 0x00830115, 0x0c031827, 0xfe0c0c63, 0x07004143, 0xfe450123, 0x08fe8ccb, 0x022fd141, 0x16d23302, 0x36291e12, 0x01012120, 0x44432e2d, 
    0x18022d2d, 0x17122719, 0x1919261e, 0x190c0d01, 0x0f101003, 0x0227020f, 0x0e020301, 0x01180606, 0x1c7f4858, 0x8080481b, 0x091b1948, 0x84131308, 
    0x604f0867, 0x0a3e010b, 0x0b018038, 0x20021260, 0x200f0120, 0x129f010e, 0x0d02010f, 0x3a4b340f, 0x15141d49, 0x35312527, 0x2d432735, 0x2c02022c, 
    0x2e1e432d, 0x10e6252e, 0x29171701, 0x1e151514, 0x14151504, 0x022f0214, 0x1e040403, 0x00141e1e, 0x82000100, 0x00022f00, 0x2c008001, 0x15250000, 
    0x35230706, 0x038c1523, 0x35272625, 0x87333736, 0x17162303, 0x03853315, 0x0f233482, 0x84402050, 0x0f502501, 0x300f0101, 0xe0230284, 0x8430010f, 
    0x82f02002, 0x08de4109, 0x16880f20, 0x2a822484, 0xaf570020, 0x01802807, 0x003100c4, 0x45610056, 0x00230679, 0x56363713, 0x0620060b, 0x2105946e, 
    0x8c181714, 0x33260952, 0x36372627, 0x0583011f, 0x8305d04a, 0x2009852a, 0x4d7f1837, 0x21c2860a, 0xba823736, 0x83352621, 0x17313006, 0x07222726, 
    0x17161506, 0x06372733, 0x5233010f, 0x312405b0, 0x15333501, 0x17205e84, 0x70830882, 0x19c12331, 0x110c0e13, 0x0e1a161c, 0x0d150424, 0x4a99090e, 
    0x21080763, 0x0c111c16, 0x091c130e, 0x080a1405, 0x0a0a0409, 0x0514150a, 0x17239708, 0x23161f1e, 0x0114151e, 0x29830404, 0x20c02408, 0x0e0d01c0, 
    0x01040414, 0x141e1514, 0x070a0c08, 0x31160207, 0x070c9c1d, 0x0216311e, 0xfe0a0707, 0x8390c0d8, 0x84e02028, 0x01903327, 0x110c1289, 0x02140e13, 
    0x062f1c15, 0xe0171111, 0x3f830e12, 0x83400121, 0x0e153a23, 0x140c1113, 0x03091619, 0x1e090405, 0x0a05141e, 0x01481715, 0x1c28281c, 0x2f5e8301, 
    0x0e010a0e, 0x6151140d, 0x0d145161, 0x0e0a010e, 0x3b358583, 0x0708010a, 0x25011709, 0x250a010b, 0x07091701, 0x50dffe08, 0x22528380, 0x83508030, 
    0x03003053, 0xbefffeff, 0xc6018102, 0x4a004500, 0x4f004f00, 0x0f2805db, 0x37362701, 0x26012f36, 0x03820882, 0x16170624, 0x18700717, 0x011f2f05, 
    0x27363716, 0x37012f26, 0x33163332, 0x63433732, 0x22098206, 0x4d173332, 0xe6620538, 0x332a0808, 0x07173727, 0x0f067f02, 0x2716100f, 0x160a0a25, 
    0x72190e57, 0x570f1973, 0x250a0a16, 0x0f101627, 0x0703070e, 0x060407a2, 0x20820606, 0x05020231, 0x1f1f2804, 0x0b14140c, 0x04281f20, 0x82020205, 
    0x311a8222, 0x06a20704, 0x7095fe02, 0x58135f24, 0x70245f13, 0x1482100e, 0x1b650933, 0x96292b2a, 0x31300816, 0x28971608, 0x661b2b2a, 0x3a168209, 
    0x43030710, 0x0e100703, 0x6809070f, 0x28171601, 0x16284b4b, 0x09680117, 0x850f0e07, 0x0127081a, 0x27402e10, 0x40274747, 0x0000002e, 0xffffff02, 
    0x010102e0, 0x001400a0, 0x01000019, 0x06072221, 0x17161317, 0x82213316, 0x133721d8, 0x3908e782, 0x27210723, 0xdf010721, 0x090f41fe, 0x04380109, 
    0x01191112, 0x11121811, 0x09013804, 0xfe381009, 0x760114b2, 0x0ba00114, 0x9cfe0f0b, 0x10100f18, 0x6401180f, 0xc00b0b0f, 0x63558080, 0x01002d08, 
    0x001a00c0, 0x00990076, 0x250000a5, 0x19078018, 0x06072723, 0x24b3821d, 0x36013f32, 0x2307823b, 0x06010f14, 0x07200282, 0x1d220783, 0xeb6e1401, 
    0x32332906, 0x3316011f, 0x26012f36, 0x37282682, 0x16333736, 0x23070617, 0x84065f5f, 0x1417211c, 0x15213284, 0x20288214, 0x05f9773b, 0x13312725, 
    0x82222326, 0x21048433, 0x57842327, 0x16242086, 0x36171417, 0x31214882, 0x258a1801, 0x31072908, 0x22010002, 0x48393a22, 0x111c9e18, 0x21f67308, 
    0x040b0109, 0x04032a03, 0x03010a01, 0x1a0c0914, 0x12040109, 0x0d08090a, 0x04040812, 0x11040709, 0x040e0603, 0x150c0501, 0x1102010c, 0x01010f1d, 
    0x080b150f, 0x0a010305, 0x0607090c, 0x01020102, 0x12060607, 0x0b061710, 0x55373802, 0x090805ac, 0x110b0e07, 0x111c0b0f, 0x10131518, 0x13011c1b, 
    0x15130d10, 0x36010216, 0xfe192b2b, 0x0a0a20ef, 0x04840b0b, 0x8b91c020, 0xd034a385, 0x090b061a, 0x1c02010b, 0x050a0102, 0x05081403, 0x060a0309, 
    0x0e3e9282, 0x09080d04, 0x08080f01, 0x03041606, 0x060c030d, 0x110d0407, 0x0f0f0102, 0x03050801, 0x87820a05, 0x03050229, 0x07010102, 0x82080905, 
    0x221e2891, 0x063a3a56, 0x8204ccfe, 0x170a2a8f, 0x0b01010f, 0x04211412, 0x208e821a, 0x2a3f8202, 0x2d1d1c05, 0x0b20ff00, 0x840a0a0b, 0x00003104, 
    0x00000002, 0x01c00160, 0x00130020, 0x25000027, 0x126ab218, 0x13923520, 0x4da00121, 0xac6605c2, 0x180f890f, 0x550cdfa2, 0x73830cb7, 0x00e0ff25, 
    0x85a001c0, 0x14332a73, 0x23063107, 0x35262722, 0x1e531811, 0x93112007, 0x5b402013, 0x7b8208b2, 0x8b85518c, 0x30670120, 0x82939106, 0xff0238e3, 
    0x02bcfffc, 0x00c00100, 0x0041002f, 0x26270100, 0x010f2223, 0x74020f06, 0x07200828, 0x4f08b676, 0x3f220812, 0x02823601, 0x27343523, 0x0b386a01, 
    0x14153508, 0x01070607, 0x0d0a1ef7, 0x062e0a0c, 0x134c0c03, 0x0e253416, 0x241f0b07, 0x0505221a, 0x33342b2a, 0x05041825, 0x220e131e, 0x4c0d060d, 
    0x2f060725, 0xd9fe090a, 0x08077045, 0x0e0d1436, 0x01140e0d, 0x09091e99, 0x2408062f, 0x0c060d4c, 0x1d140e22, 0x241a0305, 0x292c3433, 0x1b210505, 
    0x060b1f24, 0x1634250f, 0x030c4c13, 0x0c0a2e06, 0xc7fe0a0d, 0x820f6350, 0x01003ad2, 0xe0ff0000, 0x9c010002, 0x00002b00, 0x011f3613, 0x06311407, 
    0x011f0617, 0x051c5216, 0x36012f24, 0x01821617, 0x52061521, 0x27200711, 0x08053646, 0x2024772c, 0x01034c33, 0x04700401, 0x3d030506, 0x1701045b, 
    0x2134342c, 0x2f010121, 0x10100cb4, 0x012fb40c, 0x34212101, 0x0b069401, 0x26824b4e, 0x6802043f, 0x06040404, 0x05044c62, 0x0a081a3f, 0x06362627, 
    0x0ba92c41, 0x412ca90b, 0x27263606, 0x278c820a, 0xffffff05, 0x010102be, 0x2505af52, 0x00670035, 0xd1760096, 0x32332105, 0x22057e75, 0x82070627, 
    0x37322187, 0x0eace018, 0x58343721, 0x15200680, 0x2b83aa83, 0x11830720, 0x27060723, 0x05914122, 0x37820720, 0x0b842320, 0x37220f83, 0x23821736, 
    0x27262725, 0x82363726, 0x8203820b, 0x22172109, 0x27271087, 0x27062326, 0x83160726, 0x4807202a, 0x062807dc, 0x36331617, 0x36371617, 0x03822a82, 
    0x1f012325, 0x510d0d01, 0x132a06c1, 0x6f010d0e, 0x0e0e0d14, 0x0585140d, 0x0d0e7f23, 0x86098215, 0x073b3121, 0x3e3d0908, 0x02040508, 0x08020307, 
    0x19190d07, 0x12270b83, 0x09090106, 0x843c3a0b, 0x01042317, 0x17860807, 0x08132c08, 0x0d1919fc, 0x03020807, 0x04040207, 0x0b3c3e09, 0x06020308, 
    0x13060511, 0x07080d12, 0x02080301, 0x3c080504, 0x09090b3a, 0x83120601, 0x3101240b, 0x840d0e14, 0x010d227a, 0x20938201, 0x820b8330, 0x820b8391, 
    0x90012319, 0x18850d14, 0x0e142108, 0x0e0e010e, 0x060ac415, 0x011a0405, 0x17070606, 0x090a0c19, 0x06060403, 0x0b3d3608, 0x18040606, 0x08211482, 
    0x3e148416, 0x06010105, 0x3e390805, 0x09030471, 0x17190c0a, 0x01060607, 0x0807041a, 0x0f32370a, 0x8403010f, 0x08162114, 0x18201482, 0x0b223e82, 
    0x0a82363d, 0x02000032, 0xc0fffeff, 0xc2010402, 0x3d003400, 0x27250000, 0x27061b53, 0x010f2627, 0x17060706, 0x25059963, 0x2f363736, 0x1a833501, 
    0x423f2621, 0x3327055c, 0x16173732, 0x8232013b, 0x012f210e, 0x08134d18, 0x46fe3208, 0x2019180c, 0x080e0d0f, 0x61ca0903, 0x09022424, 0x13ec0e09, 
    0x29070908, 0x0f1b1b23, 0x080c0403, 0x17170c05, 0x2e141a1e, 0x0d33100a, 0x060d2e09, 0x07b14db6, 0x1fa57334, 0x08061515, 0x09221414, 0x53244b03, 
    0x0e517953, 0xfb820909, 0x01521136, 0x1d131203, 0x050c0406, 0x10101908, 0x090d400d, 0x6e130f28, 0x2205774d, 0x82000117, 0xff012200, 0x2dc382fd, 
    0x00c00102, 0x01000021, 0x22230603, 0x86700327, 0x39058905, 0x37260327, 0x16213736, 0x01071617, 0x060257ff, 0x2d430206, 0x03050503, 0x0b832e22, 
    0x83232d21, 0x5727080b, 0x11090904, 0x0a0fc001, 0x9a010309, 0x07072dfe, 0x06ac6b01, 0x06c58506, 0x057cbb06, 0x10120105, 0x01010c0c, 0x820f0b0b, 
    0x05003372, 0xe0ff0000, 0xa0014002, 0x10000800, 0x36001600, 0x7b823c00, 0x82362121, 0x17323064, 0x17163715, 0x23171631, 0x23150535, 0x82333736, 
    0x15212408, 0x60331523, 0x35200532, 0x09c76f18, 0x35240983, 0x33253533, 0x20082b83, 0xf1fe4001, 0x4c3e3e27, 0x37201010, 0xb01f2d2d, 0x016000ff, 
    0x4060421d, 0xc0404001, 0x140e0d01, 0x053c6eb0, 0x01122408, 0x0d0e14b0, 0x2001c001, 0x60011d42, 0x223b2001, 0x7e020122, 0x201f0d79, 0x8099792d, 
    0x80803a46, 0x83502080, 0x08b96e21, 0x3d838020, 0x8020503e, 0x0080463a, 0xf7ff0200, 0xc201c0ff, 0x1200c801, 0x00002900, 0x07222125, 0x06011d06, 
    0x2b063348, 0x2726013d, 0x31072637, 0x27010f06, 0x24062045, 0x3721011f, 0x080c8236, 0xfe5f0129, 0x09080ee1, 0x0d090901, 0x090e2001, 0x4a1e0209, 
    0x12191a15, 0x310f1e15, 0x1e3c3c30, 0x013c0d1f, 0x02115120, 0x82201403, 0x0f1f2321, 0x06830a09, 0xd1022022, 0x19251283, 0x1e1f3b80, 0x2228830c, 
    0x821656d0, 0x00003334, 0x08000400, 0xf801c8ff, 0x11008601, 0x30002000, 0x8b824300, 0x56373221, 0x33210dd5, 0x568e822f, 0x172406cd, 0x013f3633, 
    0x16209985, 0x92840b82, 0x07060324, 0x2c442726, 0x32332905, 0x36373637, 0x0001012f, 0x22086f45, 0x83010d0e, 0x472a37f8, 0x0c0e0d09, 0x0a021045, 
    0x02860f09, 0x0e0ccb24, 0x2447090d, 0xa1828602, 0x45100237, 0x18181277, 0x04084712, 0x362e0d04, 0x040d2e36, 0x91470804, 0x05ca760e, 0x0e013008, 
    0x0e14140d, 0x0d71730e, 0x3b090202, 0x0a0b0e5e, 0x79172d01, 0x0d020209, 0x012d1771, 0x5e0e0b0a, 0x0bfffe3b, 0x710b0101, 0x070d0d0d, 0x82071515, 
    0x00713c06, 0xfffeff05, 0x018202c0, 0x000c00c0, 0x004e003c, 0x00910060, 0x07060100, 0x82171611, 0x113521a2, 0x2622b082, 0x9b633127, 0x010f2b05, 
    0x17161706, 0x14153716, 0xc0831617, 0x08673d20, 0x840a8505, 0x21d28211, 0x39453602, 0x6b07200a, 0x4b45067f, 0x2411820a, 0x2627011f, 0x22528c27, 
    0x8b330733, 0x06c86354, 0x27205f82, 0x28088482, 0x01273637, 0x0202153f, 0x07070a15, 0x07691701, 0x32151011, 0x07111015, 0x06050428, 0x090e140d, 
    0x080e0e09, 0x0a091009, 0x2906820d, 0x05050e0a, 0x0406060d, 0x25455627, 0x075d4105, 0x147f0130, 0x0d0e0e0e, 0x0d0d1515, 0x140d0d01, 0x458d287f, 
    0x1105052c, 0x0d090928, 0x100a090d, 0x07820801, 0x27090a26, 0x0f060510, 0x01314882, 0xfe1602c0, 0x07021630, 0xd0010a07, 0x14ac0216, 0x2800820c, 
    0x0b0d7a14, 0x0f06040c, 0x05d0479b, 0x85909021, 0x0b9b2807, 0x0b0c0402, 0x474c7a0d, 0x0f8f0f04, 0x8a7ac621, 0x30022246, 0x203e8560, 0x20078760, 
    0x35468430, 0xff030000, 0x02bafffa, 0x00c00100, 0x004c0047, 0x25000051, 0x56513727, 0x2223210b, 0x2b051f71, 0x07260701, 0x1f060706, 0x31220701, 
    0x2005215c, 0x05f75b16, 0x2734352c, 0x17373530, 0x37363716, 0x07822736, 0x48323321, 0x47820526, 0x17071722, 0x22081182, 0x51f70107, 0x2f0a0a30, 
    0x0b0d0d0b, 0x0d095030, 0x0961090e, 0x290a5109, 0x0d282c2c, 0x01126c0a, 0x520d0403, 0xa28206dd, 0x6b120138, 0x02150a0d, 0x500a1201, 0x090d0c0a, 
    0xfe090a61, 0x454945e5, 0x0483a449, 0x3050b829, 0x0b0d0e0a, 0x820a0a2f, 0x301b8247, 0x510a0c0d, 0x02011209, 0x6c0d0a15, 0x09090111, 0x2a48870e, 
    0x12010304, 0x280d0a6c, 0x82292c2c, 0x25298221, 0x430a0e0c, 0x46824a44, 0x444a4423, 0x20f3844a, 0x24f384b9, 0x002e0010, 0x0c475857, 0x26373625, 
    0x58272627, 0x03211d43, 0x06274d37, 0x2620fb82, 0x20073f61, 0x064c4d31, 0x83161721, 0x05794301, 0x0216d827, 0x293d1602, 0x82058228, 0x37362309, 
    0x44580851, 0x1b232517, 0x03030101, 0x0d3b1d85, 0x0101090a, 0x0706751c, 0x091f0407, 0x42333109, 0x01073c41, 0x01750601, 0x82160258, 0x29282246, 
    0x2505823d, 0x36375116, 0x054a6802, 0x58012005, 0xfe221047, 0x0f411ba6, 0x0a0a3b05, 0x03040d09, 0x06741b01, 0x3c070101, 0x31334241, 0x051f0909, 
    0x75060707, 0x4b5a0000, 0x80013105, 0x1100c001, 0x1b001600, 0x00002000, 0x11072301, 0x0f027818, 0x15333524, 0x04872333, 0xc0400123, 0x09bc7380, 
    0xa0230983, 0x84503030, 0xc0012202, 0x66631880, 0x1b80260a, 0xa0011212, 0x82008460, 0x0008246b, 0x88c0ff00, 0x001f2e6b, 0x002d0028, 0x003b0036, 
    0x19000045, 0x64718901, 0x17200510, 0x32316e87, 0x011d1617, 0x14153307, 0x012b0607, 0x15332335, 0x2f048423, 0x3d262722, 0x21152102, 0x3734013d, 
    0x013b3631, 0x93891682, 0x83c08021, 0x40e02f79, 0x20406040, 0x4009090e, 0x0e090940, 0x0e876020, 0xff000123, 0x22108300, 0x55800140, 0x12240662, 
    0x40011b12, 0xc021d384, 0x202c8540, 0x88378580, 0x83402039, 0x00202346, 0xc3840500, 0xc001c02e, 0x22001100, 0x4c003e00, 0x00007700, 0x260cf060, 
    0x26273435, 0x67061127, 0x93450505, 0x26352805, 0x07220527, 0x4d230631, 0x072205ac, 0x40721506, 0x50372005, 0x3720059f, 0xfe821082, 0x3f323328, 
    0x2f262701, 0x3a823301, 0x82170621, 0x09aa4421, 0x012f3426, 0x33303334, 0xd0442f82, 0x211b8407, 0x77448f01, 0x0e152107, 0x25080082, 0x01020e15, 
    0x020e600f, 0x14600e02, 0x0f010e0e, 0x0308f2fe, 0x05060804, 0x06060544, 0x44050505, 0x0d0b140e, 0x0a82010d, 0x095e2d35, 0x080c0b01, 0x1e5c090d, 
    0x6a2f0607, 0x04040f14, 0x424e1301, 0x0e2d0548, 0x5201013d, 0x0b01010b, 0x0dce110b, 0x20008209, 0x05015a0d, 0x220b3f46, 0x560140fe, 0x012a0603, 
    0x0f140e0d, 0x04050401, 0x61824404, 0x442e6682, 0x0c07060e, 0xaf040408, 0x120d095e, 0x61820707, 0x7509082b, 0x0e0e0f11, 0x4e131a06, 0x05dc4253, 
    0x82145921, 0x0c532564, 0x0c0b1110, 0x534f7385, 0x01402c08, 0x001100c0, 0x0055003d, 0x5c000063, 0xa21805a5, 0x06240c71, 0x23070607, 0x21053541, 
    0x477e012b, 0x16072809, 0x30171617, 0x18230331, 0x2e084451, 0x23052726, 0x27262737, 0x36132707, 0x7e36013f, 0x1525055f, 0x07011f14, 0x7e3f8233, 
    0x07200859, 0x4505107d, 0xd8280b37, 0x16020216, 0x01131945, 0x2c319a82, 0x4729151a, 0x1a200c0b, 0x01010d27, 0x35010403, 0x081c832b, 0x1fe0012c, 
    0x02011414, 0x61fcfe16, 0x0c12162b, 0x0634183e, 0x0b092805, 0x250e0303, 0x19551f05, 0x02172b6e, 0x203e1601, 0x211d0e14, 0x46180119, 0xfe2b10f6, 
    0x161602c0, 0x1509b202, 0x7e09090e, 0x0a250855, 0xfe010505, 0x3e1883f1, 0x1f141401, 0x5b300216, 0x84110b0c, 0x02050101, 0x05071e04, 0x240c0d57, 
    0x4c513214, 0x7e1a0706, 0xb0210564, 0x05334e00, 0x0180022b, 0x003700a0, 0x13000053, 0x78681932, 0x36332408, 0x18373637, 0x29080345, 0x06071415, 
    0x07061523, 0x2e530706, 0x27262706, 0x22352726, 0x21852627, 0x2005b942, 0x200f8221, 0x21368227, 0x39852133, 0x4d823320, 0x3f011d31, 0x23280305, 
    0x1e051623, 0x18393131, 0x57010f0f, 0x068206ff, 0x1b1b012a, 0x40c04029, 0x011b1b29, 0x2905d141, 0x0141021f, 0xfe251919, 0xc6450d17, 0xe9012306, 
    0xdb410216, 0xa0012805, 0x15150401, 0x82310723, 0x0f0f222c, 0x13581818, 0x83602009, 0x8220203e, 0x4f4d8300, 0xfe24061d, 0x19192598, 0x56826883, 
    0x45160221, 0x08210629, 0x26008200, 0xffffff04, 0x820002e0, 0x002426ef, 0x00720055, 0x0a8569a3, 0x80181620, 0xf8821a77, 0x20060c4d, 0x24d48217, 
    0x26371617, 0x081c4d27, 0x1716172b, 0x27060716, 0x07262726, 0x211d8216, 0x0f833330, 0x26224b82, 0x204b3527, 0x05546805, 0x36373622, 0x2405c463, 
    0x06371517, 0x214dad07, 0xdf500001, 0x37022f05, 0x0314140c, 0x06010203, 0x13242432, 0xf5503a31, 0x5924080b, 0x06062806, 0x030f0b0c, 0x01020d06, 
    0x0313080a, 0x03021301, 0x030f0f0b, 0x180f1003, 0x040e0909, 0x06070e06, 0x10321582, 0x0e010102, 0x99030f10, 0x010f0f01, 0x08080513, 0x09831305, 
    0x0b0a012a, 0x07232307, 0x77010a0b, 0x0d264883, 0x05030e0b, 0x489a010e, 0x48870220, 0x01a00135, 0x2f2f1c1b, 0x27374c3a, 0x03021c1b, 0x11010505, 
    0x85131011, 0x3a260813, 0x1b1c2f2f, 0x021ef001, 0x06050201, 0x01040e0f, 0x08030104, 0x02010407, 0x12180a0a, 0x02030808, 0x0e0e0603, 0x14820204, 
    0x19820620, 0x102a1482, 0x0f01010f, 0x06061a30, 0x0983301a, 0x050a602c, 0x2f2f0803, 0x0b040308, 0x45861060, 0xa0030d21, 0x03003245, 0xc0ff0000, 
    0xc0010002, 0x5b004b00, 0x00006d00, 0x05f04925, 0x012f3428, 0x26022f26, 0x3c452227, 0x011f2506, 0x15070607, 0x16220382, 0x22442717, 0x14152506, 
    0x05171617, 0x35202e84, 0x23201282, 0x23222a82, 0xb2502f22, 0x012f2606, 0x010f1737, 0x29238206, 0x36333027, 0x3736013f, 0x2e621735, 0x083d840c, 
    0x09cd0151, 0x0b0b090a, 0x156f0d01, 0x091b3f19, 0x09090e13, 0x13091d03, 0x01222910, 0x0201154a, 0x05112608, 0x050e1105, 0x1c0b0c05, 0x0f106c01, 
    0x010e1113, 0x05060908, 0x07080805, 0x040d5a07, 0x34130116, 0x13915442, 0x01a90301, 0x1f550403, 0x45743c02, 0x29080936, 0x140e0e0e, 0x080706c6, 
    0x530b0f11, 0x34150810, 0x090a0111, 0x3a07070d, 0x15060612, 0x19352712, 0x06111608, 0x0d0c080e, 0x52820101, 0x11120828, 0x0805850c, 0x6c820f07, 
    0x0204023c, 0x650f0721, 0x0f180505, 0x333e1e27, 0x0803035c, 0x01013d06, 0x15210c1c, 0x194fcd2d, 0x010e2105, 0x00200787, 0x07340082, 0xc0ff0000, 
    0xc0018102, 0x11000800, 0x23001a00, 0x6b006500, 0x4e063d78, 0x33290592, 0x17163736, 0x27260706, 0x83048323, 0x8723200c, 0x16252211, 0x0eeb7e1d, 
    0x1d7a1520, 0x2f222606, 0x013d2601, 0x05e16d23, 0x27262125, 0x44342726, 0x35350869, 0x37363736, 0x011f1633, 0x27311516, 0x33171523, 0x06211327, 
    0x504d1807, 0x2726210c, 0x088e5d1a, 0x1d5cc020, 0x87802010, 0x013a0811, 0x0e40010f, 0x0d0c0939, 0x01020b0a, 0x09373809, 0x0d0d0a09, 0x2b13360a, 
    0x1f20010b, 0x3000ff30, 0x1201201f, 0x09091d11, 0x0d01200e, 0x297b140e, 0x94025712, 0x4570406b, 0xe24cff45, 0x09ec4c08, 0x4f08005d, 0x078f074d, 
    0x0403962b, 0x1216351f, 0x02020a47, 0x22748309, 0x8336a848, 0x0909276f, 0x33191437, 0x38681a16, 0x1b223707, 0x0e6b0e1a, 0x14700909, 0x02010d0e, 
    0x0403cc25, 0xa04060ba, 0x704be0fe, 0x8759180f, 0x0026390b, 0x00450033, 0x37360100, 0x21272635, 0x16150706, 0x06153317, 0x16171407, 0x24057164, 
    0x36373621, 0x201d822f, 0x241e8236, 0x36053335, 0x39541837, 0x17352308, 0xaa182722, 0x172c09a7, 0x23060706, 0x010fb001, 0x60fe0f01, 0x103e0583, 
    0x1617011f, 0x09041327, 0x00011109, 0x04090911, 0x17172714, 0xfe101f01, 0x300701b0, 0x04840107, 0x2d448028, 0x2d02022d, 0x0787442d, 0x01900124, 
    0x3d84100f, 0x9f010f3a, 0x272e1c15, 0x10411a27, 0x01010c0c, 0x41100c0c, 0x2e27271a, 0x189f161b, 0x10203c83, 0xd8200484, 0x4705bc45, 0x274a089e, 
    0x04023005, 0x2000c401, 0x4a003c00, 0x00005300, 0x831f1625, 0x363729be, 0x26272627, 0x3523010f, 0x07210985, 0x25018306, 0x33361715, 0xc6822617, 
    0x35270729, 0x33170727, 0x82170617, 0x4c16202e, 0x2f220619, 0x52180701, 0x37200bf6, 0x08844218, 0x4c014408, 0x1f13202b, 0x08081615, 0x08080208, 
    0x454c4506, 0x08020206, 0x1d2a2421, 0x5302071d, 0x12340d0c, 0x6c151717, 0x3e60407f, 0x03040b6b, 0x0f0b7512, 0x0b350b0f, 0x3b9c750b, 0x15141495, 
    0x77151a1b, 0x41a4070d, 0xe03107e4, 0x0e141e01, 0x24211919, 0x02020920, 0x454b4506, 0x35558406, 0x2b201f0b, 0x04530c0c, 0x04031237, 0x603e6b0b, 
    0x156b7f3f, 0x4b821717, 0x0c340b22, 0x73234e82, 0x83953b1c, 0x14142549, 0xa5222077, 0x0a564018, 0xff04003f, 0x01c0fff9, 0x00c001c7, 0x0052003c, 
    0x00760064, 0x0f221300, 0x26270601, 0x3736013f, 0x2ddf8321, 0x012f0607, 0x15012b26, 0x16171633, 0x15611517, 0x23072a05, 0x23012f22, 0x012b0607, 
    0x21298326, 0x2c432726, 0x23352205, 0xae6e1817, 0x753b2008, 0x342105ef, 0x183b8327, 0x2010ea97, 0x07245417, 0x3307674c, 0x0c135733, 0x1012100d, 
    0x2a1b0d0c, 0x1a2a1201, 0x11110c0e, 0x24080c82, 0x29287113, 0x02011b1b, 0x03054223, 0x0d270803, 0x37803709, 0x08280d09, 0x42050302, 0x1b010223, 
    0x7128291b, 0x05b04749, 0x8c0d747d, 0x250c8513, 0x100f9001, 0x63820c10, 0x01012023, 0x24068220, 0x0f10100c, 0x2c428330, 0x421c2fa0, 0x01060606, 
    0x09373709, 0x23088201, 0xa02f1c42, 0x30217583, 0x0abd7d70, 0xef564382, 0x0caa560c, 0x0001002c, 0x01c0ff00, 0x00c40180, 0x39590030, 0x065d5306, 
    0x6d363721, 0x16200559, 0x854df282, 0x07d85405, 0x534d1620, 0x08058205, 0x02800131, 0x51513736, 0x01023637, 0x0c151110, 0x01010e0e, 0x1c1b1211, 
    0x01011212, 0x16110d0d, 0x04041011, 0x10100b27, 0x14130101, 0x1e1f251c, 0x82528102, 0x0832832a, 0x22232c3e, 0x06050c15, 0x121b5511, 0x13120113, 
    0x1211171b, 0x19191410, 0x0f3a2625, 0x21120505, 0x1f18191a, 0x00462b2b, 0xff020000, 0x02c0fffd, 0x00c60142, 0x002f0016, 0x26273700, 0x013f3637, 
    0x1f250286, 0x0f060701, 0x21028201, 0x08862701, 0xd5421720, 0x08218505, 0x27363762, 0x040e121d, 0x49451205, 0x4e2d142a, 0x2213195c, 0x16305569, 
    0x02724b2b, 0x4c711618, 0x5530162b, 0x120b2568, 0x4d5d0807, 0x492a142d, 0x03051245, 0x11150f0d, 0x1f091616, 0x50264b23, 0x13092b25, 0x57283026, 
    0x35244d29, 0x34184d01, 0x57284e24, 0x0d2a3028, 0x50252b03, 0x1f234b26, 0x10171609, 0x0c677e18, 0x207b8d18, 0x2005d65d, 0x05d25d16, 0x0f4b7f19, 
    0x081b4d18, 0x1a7b8d18, 0x0f01c02e, 0x340f0135, 0x0f37010f, 0x360f0101, 0x36200a84, 0x00200a82, 0x09ca6218, 0x187c8d18, 0x010faa22, 0x358a2a83, 
    0xfe210a84, 0x5d7d18e6, 0x00012108, 0x2905b357, 0x001e00a0, 0x07140100, 0xb1680631, 0x21232105, 0x3d229b82, 0x05822301, 0x3736352e, 0x17163736, 
    0x00021716, 0x071b0f0f, 0xfe363a82, 0x09090ec0, 0x0f0f1b07, 0x79434301, 0x01434379, 0x0d151001, 0xb942e00e, 0x0ee02c05, 0x2d33150d, 0x2d03032d, 
    0x4b00332d, 0x002a0627, 0x0c00a001, 0x00001500, 0x7c181535, 0x21290906, 0x05072201, 0x26272621, 0x20528227, 0x3f528301, 0x2c0100fe, 0xe9fe090c, 
    0x3c020002, 0x9fa05a3c, 0x090a090e, 0x01a10d09, 0x5bd90600, 0x00073e3f, 0x08174018, 0xc101412c, 0x48002b00, 0x17250000, 0x2b640706, 0x84501807, 
    0x2024831a, 0x27688223, 0x27263523, 0x15070623, 0x16200383, 0x0909bb18, 0x35373630, 0x01010002, 0xfe1b1212, 0x12121bbf, 0xc9822001, 0x00010a22, 
    0x0e925018, 0x8b820120, 0x0170202c, 0x0f01380f, 0x38010f30, 0x0a8a010f, 0x83a0a021, 0x9c501837, 0x090d241a, 0x8f280109, 0x21408535, 0x5b4b0200, 
    0x00a12406, 0x4b410024, 0xf7822657, 0x06152323, 0x20f38207, 0x60038335, 0x6642063d, 0x00012506, 0x22393a47, 0x09a98b18, 0x4a050221, 0xc88211f5, 
    0x42094b42, 0xa1200a61, 0x27057f4a, 0x1b27384b, 0x0405021c, 0x2406934a, 0x2f2e1c1c, 0x05934a3b, 0x5342eb20, 0x00003215, 0xfbff0300, 0x0002bbff, 
    0x1200c101, 0x31002700, 0x05d55a00, 0x5906304a, 0x07370676, 0x07273727, 0x06020f06, 0x3f16011f, 0x013f3602, 0x06010f27, 0x8237010f, 0x07172a09, 
    0x0aa0f701, 0x0a090d0d, 0x08068309, 0x09090a26, 0x2e3743a9, 0x1c07136d, 0x160a0a6c, 0x786d0b0c, 0x2d6e131b, 0x09073638, 0x0603124f, 0x01094409, 
    0x090a9f18, 0x0a223082, 0x068209a0, 0x4d0b0c3d, 0x6e2d3843, 0x6d781b13, 0x0a160c0b, 0x071c6c0a, 0x372e6d13, 0x12030637, 0x8207094f, 0x04003b2e, 
    0xd8fff6ff, 0xa5010202, 0x3a002800, 0x55004c00, 0x27250000, 0x26012f26, 0x84822627, 0x07200782, 0x0a829583, 0x3f161724, 0xa0823601, 0x23077644, 
    0x05272627, 0x2010a972, 0x24118c17, 0x23060716, 0x05dc4937, 0x07162d08, 0x1e42d801, 0x240b1008, 0x15301c23, 0x13294721, 0x11261413, 0x180e1c0c, 
    0x20452817, 0x21203719, 0x03050522, 0x02233d1b, 0xc7fe2503, 0x8205e34f, 0x09082305, 0x0c88800e, 0x09013908, 0x0e100e09, 0x0e0d0201, 0xfc100101, 
    0x3d1b0b16, 0x19070821, 0x0601152f, 0x1f1a1b01, 0x391a1834, 0x07181821, 0x2812060f, 0x230c0c16, 0x1f0f1c3e, 0x0f1f1f14, 0x0d09093c, 0x5f204288, 
    0x0e220c82, 0x12850908, 0x49847f20, 0x020d0e22, 0x2d074343, 0x018001d0, 0x001600b0, 0x13000028, 0x04770706, 0x064d5405, 0x2620c682, 0x0720f182, 
    0x9f4a1684, 0x36370805, 0x16173637, 0x2b36c007, 0x01191a2b, 0x52363602, 0x02373651, 0x2c1a1901, 0x1920352b, 0x01011313, 0x01010f0f, 0x0a1b1516, 
    0x01080a0d, 0x313102b0, 0x52374342, 0x83023636, 0x43372a2a, 0x02313142, 0x2f2e1f7a, 0x2824822a, 0x3334310f, 0x0a090b22, 0x4c88820c, 0x4022056b, 
    0x8782c001, 0x40002d2d, 0x23010000, 0x07222327, 0x7d011d06, 0x34240976, 0x11232627, 0x01261695, 0x06232726, 0x2b841107, 0x35233523, 0x25038233, 
    0x20702002, 0xf3820e50, 0x8d440920, 0x270f8f07, 0x0f0120fe, 0x09010f20, 0xc0252082, 0xa001c0c0, 0x5e098220, 0x8020063b, 0xfe213882, 0x21108ee0, 
    0xb4833001, 0x8270fe21, 0x4023081b, 0x005040e0, 0xff100006, 0x01f001e0, 0x001200a0, 0x00430027, 0x0077005d, 0x25000091, 0x07141516, 0x45212306, 
    0x322308d0, 0x82160717, 0x2a1386c7, 0x3734013d, 0x32213336, 0x5c262517, 0xea640719, 0x31302208, 0x22258506, 0x82150625, 0x32172ccb, 0x36331633, 
    0x34373637, 0x4d353427, 0x31210559, 0x20199827, 0x27199807, 0x0e0ee201, 0x80fe140e, 0x20057574, 0x08078201, 0x13050731, 0xc0fe1a13, 0x0513131a, 
    0xa0010704, 0x57fe0407, 0x01050506, 0x3d120202, 0x3c54543c, 0x0202123d, 0x06050501, 0x82fe0807, 0x43010708, 0x82020305, 0x03032d1c, 0x01040305, 
    0x04040201, 0x80040705, 0xb22213a6, 0x7685140e, 0x77230583, 0x82100704, 0x087b8273, 0x04071025, 0x04a80505, 0x07080605, 0x2a2a4307, 0x2a2a0101, 
    0x08070743, 0x03030606, 0x07046803, 0x02040405, 0x82040101, 0x82032070, 0x03022588, 0x20050101, 0x002715aa, 0x20000100, 0x8201c0ff, 0x35003a01, 
    0x15250000, 0x07060706, 0x26272223, 0x3d26012f, 0x013f3401, 0x36171615, 0x08cc4637, 0xdb5f3520, 0x011d2406, 0x18323736, 0x8208a767, 0x25242f3d, 
    0x21268836, 0x0a0f1622, 0x0f011e12, 0x634c010f, 0x0c220807, 0x0b11110b, 0x121a0e0c, 0x0b030d0d, 0x0d0e140e, 0x3660a001, 0x11012425, 0x0d131e11, 
    0x0e173010, 0x2c822d18, 0x4e600f21, 0xc8200771, 0x33822d82, 0x0115be26, 0x07110b0b, 0x00204583, 0x022c0082, 0xe0fffeff, 0xa0014302, 0x2d001500, 
    0x2625a582, 0x27263127, 0x06964607, 0xb2832720, 0x35211527, 0x21232617, 0x107e1822, 0x374d080d, 0x27363334, 0x28012002, 0x01343c27, 0x01115c11, 
    0x28273c34, 0x1f000201, 0xe0fd0a05, 0x0603050a, 0x3e1a1a01, 0x3c676b3d, 0x031c1c3d, 0xa7040801, 0x18353444, 0x01117c5a, 0x5a7c1101, 0x44343518, 
    0x0a714747, 0x0308090a, 0x10101110, 0x25d78201, 0x01041110, 0x574c0908, 0x01402b06, 0x002500c0, 0x00540042, 0x255f0069, 0x11172105, 0x15208b82, 
    0x20061566, 0x056d6b35, 0x36250687, 0x33373637, 0x14464707, 0x23272622, 0x0523cb83, 0x74310706, 0x2b8305bd, 0x16171627, 0x37360717, 0x83358231, 
    0x0714340a, 0x22012b06, 0x31352627, 0x0e141001, 0x111d010d, 0x83da0a12, 0x0f902108, 0x90209882, 0x01280585, 0xe0140e0d, 0x18010f78, 0x18231383, 
    0x8a100f01, 0x6801210a, 0x340b0c72, 0x01161722, 0x1b1a01e0, 0x1b276627, 0x0a0a011a, 0x0a0fda0f, 0x0533550a, 0x10c0fe27, 0x13241c1d, 0x204c8310, 
    0x21f38250, 0x04834001, 0x6b83d020, 0x558e0982, 0xd0206084, 0x200f6a72, 0x835483cd, 0x8254825d, 0x0400395b, 0xb8fff8ff, 0xc1010102, 0x88001100, 
    0xa2009500, 0x26010000, 0x07223123, 0x2406335b, 0x34353601, 0x053a4527, 0x31303123, 0x058c4d06, 0x31300724, 0x0b871530, 0x15862220, 0x1f8a1382, 
    0x44601d84, 0x30372305, 0xf2613631, 0x21098205, 0x0b873530, 0x158b3220, 0x33200b89, 0x17242d86, 0x01050716, 0x0805094e, 0x16170634, 0x0125011f, 
    0x16171617, 0x2736013f, 0x01012f26, 0x202019e9, 0x20a0fe18, 0x2c2c0d0b, 0x17600121, 0x0d0f3217, 0x09090b0d, 0x03090908, 0x05010103, 0x0f820e05, 
    0x12010a23, 0x200e8210, 0x200e8302, 0x271e820e, 0x0908080a, 0x09090c0b, 0x0b201a82, 0x2a8c0b83, 0x1c820920, 0x01202c8b, 0x0b361083, 0xfe08080c, 
    0x0b220169, 0x12191814, 0x010111cf, 0xc1010b13, 0x0e8bdefe, 0x1717a938, 0x2c21a0fe, 0x200b0d2c, 0x20186001, 0x0e5f1920, 0x02010505, 0x8c820303, 
    0x01090826, 0x0f0d0d0a, 0x01211083, 0x210f820f, 0x0d870b09, 0x0a231e82, 0x940b0b0a, 0x823b822a, 0x8aaa82c6, 0x0909322c, 0x01cc0b0b, 0x01130c22, 
    0x13cf1101, 0x0c141818, 0x88868284, 0x000b360d, 0xff200002, 0x01a001c0, 0x000b00c0, 0x37000037, 0x07060721, 0x052d4406, 0xeb4c2520, 0x15142405, 
    0x41140714, 0xd74505bf, 0x33372208, 0x08404426, 0x07142308, 0x60173233, 0x04630001, 0x0a090709, 0x63040807, 0x07092201, 0x01030307, 0x05040104, 
    0x0a090807, 0x0545e0fe, 0x01012805, 0x3a2b2901, 0x82292b3c, 0x09092508, 0x0508cea0, 0x08250082, 0x06047cce, 0x253a8207, 0x090a0101, 0x68820101, 
    0x0e03042b, 0x0f13130f, 0x0808010d, 0x252b833b, 0x083b2b29, 0x27470408, 0x02e02d06, 0x00a00180, 0x00210010, 0x2500003e, 0x2d05ce50, 0x36211716, 
    0x35373637, 0x21012726, 0x6f183311, 0x33230a8c, 0x82331711, 0x05416c17, 0x0811f34a, 0xfd700224, 0x01010fa0, 0x021b1212, 0x12121b00, 0xfe0f0101, 
    0x40800110, 0x140e0d01, 0x0e1460fe, 0xb040010d, 0xf8460f20, 0xf5991805, 0x1840200d, 0x230dfaad, 0x00ff2001, 0x26091279, 0x0001f0fe, 0x8d0f01f0, 
    0x82478531, 0x2fc783c3, 0x01000200, 0x00140080, 0x0026001d, 0x0100003c, 0x0620c582, 0x200fea5a, 0x06cd4a01, 0x0637152f, 0x33352307, 0x37151716, 
    0x06310714, 0x058e4c23, 0x24064547, 0x01011d16, 0x0a3a5ac0, 0x22085260, 0x8250e0fe, 0x500f25d8, 0x500f0180, 0xa0200982, 0x8207ab4c, 0x40012507, 
    0x0109090e, 0x0a084f18, 0x0120ff83, 0xfe21ff84, 0x82d782d0, 0x821020f0, 0x4f098203, 0x2f83069b, 0x2b083782, 0x02000040, 0xc0ff0000, 0xc6010002, 
    0x30001700, 0x36010000, 0x27263127, 0x17060726, 0x27260716, 0x15170706, 0x37361733, 0x35072726, 0x06200c82, 0x53053142, 0x2708067a, 0x37363736, 
    0xd1012327, 0x13020110, 0x0b11130e, 0x1e1a1115, 0x5b4e2737, 0x02012321, 0x1335912d, 0x16161111, 0x18312021, 0x78827982, 0x88182808, 0x17356464, 
    0x1d3a0166, 0x111c2121, 0x21140e0b, 0x01010c24, 0x4e5a2323, 0x2a3f3827, 0x1e17659a, 0x25262729, 0x83011919, 0x2733832b, 0x3f333303, 0x05000038, 
    0x2e06eb64, 0x000a00c1, 0x002e001c, 0x00510040, 0x82031300, 0x2537219f, 0x2721a882, 0x0ca94a13, 0x06071423, 0xbd231923, 0x26032723, 0x1716010f, 
    0x55521716, 0x26273305, 0x02636427, 0x01080706, 0x5051057c, 0x0a0d1b86, 0x54180909, 0x3020071d, 0x61200c8b, 0x85057e49, 0x1b713f05, 0x568e0f08, 
    0x19390856, 0x31310c01, 0x015c4c4b, 0x0984fe50, 0x69030706, 0x034f4f85, 0x4318d0fe, 0x0d20075c, 0x91202e82, 0x85053c5e, 0x18602012, 0x36087643, 
    0x0109090d, 0x3919016f, 0x8d555505, 0x5b1b0910, 0x2f304a4b, 0x4200000a, 0x1526094f, 0x30001a00, 0x5c183500, 0x21200caf, 0x3529f683, 0x37363736, 
    0x15230721, 0x52bd1833, 0x261a8a0b, 0x35211505, 0x47d00121, 0xfb4207b0, 0x0d012905, 0xa001140e, 0x10808010, 0xfe271793, 0xff0001f0, 0x83800100, 
    0x87402025, 0x23088420, 0xa0202040, 0x93541594, 0x001a2b0b, 0x00410027, 0x1f160100, 0xb4183301, 0x3b210f5b, 0x24ae8201, 0x03210733, 0x061f4706, 
    0x17032722, 0x26053b6a, 0x16171415, 0x82373633, 0x36372dc5, 0x2726012f, 0x01310706, 0x0709141c, 0x68064760, 0x2d08075f, 0x14090760, 0x8101fd78, 
    0x0e0d0215, 0x0e13f613, 0xb016020d, 0x110e0e50, 0x07072710, 0x2702170a, 0x0f0f1011, 0x090b0650, 0x01c00107, 0x60540e11, 0x110e270b, 0xaefe8001, 
    0x00820d14, 0x52011424, 0x29835047, 0x0a862631, 0x16020707, 0x0f0f2686, 0x07501110, 0x50070101, 0xc7a30af7, 0x994f1120, 0xb5112008, 0x120129c7, 
    0xfffe1b12, 0x0112121b, 0xc020c6ab, 0x3a833083, 0x98400121, 0x08775fc8, 0xc001c02c, 0x32001500, 0x52003e00, 0x8e580000, 0x26353405, 0x2326012f, 
    0x06010f22, 0x17161507, 0x34271716, 0x8235013b, 0x1d322303, 0x03823301, 0x012b1423, 0x23038215, 0x23013d22, 0x07200382, 0x27053b65, 0x27262726, 
    0x27071735, 0xdf50f183, 0x83352007, 0x36e03714, 0x01012425, 0x0c0b5414, 0x14550b0b, 0x25240101, 0x16052836, 0x03821005, 0x28210686, 0x07cb48a0, 
    0x6a19b720, 0x02240d1b, 0x90362021, 0x6e293083, 0x04200816, 0x16082004, 0x204c836e, 0x823a89e8, 0x58102209, 0x07b04810, 0x67991027, 0x2c2c1167, 
    0x05a7483b, 0x2c2c3b39, 0x00010011, 0x02e0ff00, 0x009f0180, 0x05000036, 0x26272223, 0x18231135, 0x5c081457, 0xa85c0580, 0x33112109, 0x14220b89, 
    0xe7830607, 0x2306072f, 0x0f98dc01, 0x0b600b0a, 0x0d7d0f0a, 0x21008209, 0x0a82610d, 0x7c211287, 0x2012880e, 0x22168220, 0x829c5c01, 0x05a7632b, 
    0x0b0f9c28, 0x0f0b0a0a, 0x0883a4fe, 0x0e090822, 0x1c832982, 0x82060021, 0x82c02093, 0x00c02e93, 0x00390011, 0x005d004b, 0x0081006f, 0x08117b00, 
    0x07061722, 0x2405384a, 0x31171617, 0x24ac8516, 0x07012f06, 0x064d4d17, 0x3d2dc482, 0x27262701, 0x36013f26, 0x011f3233, 0x056b4933, 0x2007bf54, 
    0x20368216, 0x66421827, 0x118e4a10, 0x295e2391, 0x07074611, 0x29090b24, 0x2f432b3c, 0x193c2b06, 0x53170201, 0x0d10100e, 0xaf18353e, 0x80281060, 
    0x0114141f, 0x1f141401, 0x02290787, 0x25240100, 0x24253636, 0x90078701, 0xf9601822, 0x074d4409, 0x44016f21, 0x012605fb, 0x1c312008, 0x8586110a, 
    0x12266f2a, 0x40131c1b, 0xe1300a0a, 0x57834f8b, 0x728b4820, 0x48207a83, 0x002021a0, 0x2d052768, 0xa001c001, 0x1a001500, 0x24001f00, 0xf94b2900, 
    0x2107300b, 0x27262726, 0x36373611, 0x23152137, 0x84353315, 0x35272104, 0x07210a82, 0x18058233, 0x2015d585, 0x20008280, 0x210382c0, 0x85188080, 
    0x402215b7, 0x1e828080, 0x00270585, 0x00150000, 0x84e0ff00, 0x00112483, 0x18350023, 0x380c9fd1, 0x00c500b3, 0x00e900d7, 0x010d01fb, 0x0131011f, 
    0x01550143, 0x00790167, 0x09896d00, 0x2006c04d, 0x0d885115, 0x06071424, 0xf0461123, 0x6fd11810, 0x20359111, 0x08f76d13, 0x6c185987, 0x072011ef, 
    0x03202390, 0xa1916bb4, 0x59902520, 0x91117252, 0x49c59123, 0x8750052e, 0x17322307, 0x47a31516, 0x47912391, 0x180c4458, 0x470cb6b0, 0x20200bf2, 
    0x510b5846, 0x1f850659, 0x2020198c, 0x598c338b, 0x338c198c, 0x3f8b4d8c, 0xec58fe20, 0x1801200c, 0x8d0cadbe, 0x18428c1b, 0x190c4a6e, 0x200d2c4c, 
    0x8d518c01, 0x98368c1b, 0x700120fa, 0x77990c11, 0x0dd6c718, 0x348c5b8c, 0x41600121, 0x348c1858, 0x4c41778d, 0x8c278c0c, 0x8cab8c19, 0x0c804119, 
    0x4106e157, 0x00201fce, 0x08200082, 0x3708db43, 0x002d001b, 0x0051003f, 0x00750063, 0x00990087, 0x37361100, 0x21373631, 0x2308ff48, 0x14110706, 
    0x21057b4d, 0xaa4a1135, 0x61701811, 0x43272011, 0x05431029, 0x43352011, 0x27202295, 0x01242390, 0x01221716, 0x23063f54, 0x010fb0fe, 0x45057141, 
    0xf5850681, 0xb742c020, 0x0cad4118, 0x41181642, 0x01240c5c, 0x16172250, 0x01236586, 0x85b0fe0f, 0x50012235, 0xb6bd18fe, 0x0bf7410c, 0x9b413e8c, 
    0x8bc0200c, 0x0c9d4326, 0x200cca42, 0x21008200, 0xcf4c0002, 0x00c12c05, 0x00360024, 0x07220100, 0x48232637, 0x272205bb, 0xf6701506, 0x54072005, 
    0x17260784, 0x27263536, 0x0a452726, 0x61013111, 0x010d232b, 0x27283d12, 0x127a0d02, 0x3e2c2d08, 0x272a0f85, 0x7b0d0128, 0x2c2c0912, 0x8b56623e, 
    0x09082408, 0x8241010e, 0x820a2015, 0x88258f15, 0x4ca78345, 0x00200849, 0x05290082, 0xbdffffff, 0xc2010302, 0x059b5200, 0x83006b22, 0x1622ad82, 
    0xaa4f011d, 0x36272706, 0x35373637, 0x0e8c1507, 0x013f3626, 0x01311736, 0x33241982, 0x33011f16, 0x1d22cd82, 0x514b1401, 0x83352007, 0x18332031, 
    0x7208e25f, 0x0520080a, 0x0f202783, 0x2305495e, 0x26272223, 0x16234383, 0x5125010f, 0xfa780590, 0x17362106, 0x24834c82, 0xf4013132, 0x1212010c, 
    0x12131a1c, 0x13120101, 0x1101601a, 0x02360c89, 0x0c0ea019, 0x090c57fe, 0x0a113e11, 0x0d151a0b, 0x150d0e0e, 0x377114c0, 0x441c2906, 0x010e0d14, 
    0x140d0e01, 0x01331885, 0x030b3829, 0x0a800805, 0x27040a0a, 0x03040b38, 0x83098008, 0xbdfe3c0a, 0x01011561, 0x1b1a1518, 0x130a0a13, 0x17161a1b, 
    0x60150101, 0xb9010b0c, 0x85900e0a, 0x2248833a, 0x89751338, 0x1860280c, 0x09032006, 0x8311d8fe, 0x83112060, 0x85702063, 0x8470201c, 0x8374892a, 
    0x01082f0e, 0x70070b0a, 0x0b080607, 0x090a095b, 0x08820670, 0x64945929, 0x161e1d17, 0x83030211, 0x02032973, 0x1d1e1611, 0x0a0a6417, 0x08f7d918, 
    0x1c00c327, 0x013f0000, 0x05766036, 0x84262721, 0x1716210a, 0x3405f24e, 0x26012f26, 0x166c1337, 0x29342c0f, 0x11351929, 0x180c2e08, 0x08b58265, 
    0x673d3e26, 0x07178067, 0x61160417, 0x3511082e, 0x34292919, 0x6c160f2c, 0x07170416, 0x67677f18, 0x01013d3e, 0x0c186517, 0x48079742, 0x1422050f, 
    0x936a2f00, 0x2726240d, 0x83212726, 0x37172168, 0x7c937e84, 0x4b05f44b, 0xfe2107fe, 0x3c0983c0, 0x080a366a, 0x1b1b3516, 0x05180308, 0x010b320d, 
    0x331f1e01, 0x030c4034, 0x010c020c, 0x0a296b60, 0x08325f18, 0x0418d02c, 0x351b1b09, 0x370a0816, 0x2782020b, 0x34402e08, 0x011e1f33, 0x0d320b01, 
    0x00080005, 0x02c0ff00, 0x00c0017f, 0x00250018, 0x003f0032, 0x0061004c, 0x00890073, 0x07062500, 0x11272623, 0x6ba28323, 0x352309bc, 0x84071523, 
    0x36352618, 0x17163337, 0x89b61815, 0x620c9008, 0xba630c7e, 0x22468805, 0x82341135, 0xb4ce19fd, 0x3627250c, 0x05333637, 0x4b051551, 0x10820608, 
    0x011f322b, 0x60010716, 0x0fa00f01, 0x954a1801, 0xa0012c08, 0x010d0e14, 0x0801f8a0, 0x9901081e, 0x89302004, 0xfeb7331a, 0x0e0d14a0, 0x0e0d0101, 
    0x14600114, 0x0e0d0e0e, 0xf945fe15, 0x680d2006, 0x0f3d075e, 0xdffe0905, 0x05040409, 0x08070546, 0x053f1605, 0x6a050909, 0x0f100405, 0x010f0101, 
    0x4d4b1830, 0x2244820a, 0x89073050, 0x94682079, 0x89b2200a, 0x99012115, 0x4c643d83, 0x0c21480f, 0x08d82408, 0x60080809, 0x5e1e0707, 0x08a00707, 
    0xff030009, 0x02c1fff9, 0x00c70187, 0x003a0016, 0x25000041, 0x18273723, 0x750a544f, 0x232406f0, 0x33372505, 0x200ad36b, 0x05655727, 0x27011d29, 
    0x17060726, 0x82331601, 0x01273027, 0x013d3627, 0x60010733, 0x2037132d, 0x82090e2f, 0xa00d2300, 0x06820a0e, 0x17010e26, 0x702eebfe, 0x21086645, 
    0x1d82a0fe, 0x0f137936, 0x4f02100c, 0x080b0807, 0xb5fe100d, 0x216d0652, 0x6b2b4020, 0x22822488, 0x9cd93522, 0x4506b545, 0x31080695, 0x100c5f24, 
    0x31fe0f13, 0x10110905, 0x08400301, 0x0072200a, 0x07000400, 0xf201ddff, 0x2300a001, 0x5a004000, 0x00005e00, 0x31331617, 0x36013f32, 0xa9823427, 
    0x010f0623, 0xe3561811, 0x280f8208, 0x07060722, 0x13011f06, 0x24ba8233, 0x36331716, 0x261c8237, 0x3637012b, 0x62272627, 0x132008a5, 0x6f065478, 
    0x3f22050c, 0x156f3301, 0x17372f09, 0x0e0a6823, 0x09570a0e, 0x0c0b0a01, 0x4a46090d, 0x0a203306, 0x090a0c0e, 0x58090101, 0x0e4a33d8, 0x7f150907, 
    0xcb82021f, 0x16210b84, 0x82cc827f, 0x50ad260c, 0x0a13130a, 0xdf5c1a50, 0x0a162716, 0x0d0a600a, 0x5782090d, 0x2e012322, 0xfe323185, 0x090b23d2, 
    0x0a0d0d09, 0x49760160, 0x01131310, 0x18821d03, 0x28410984, 0xaffe2d05, 0xa01010a0, 0x060c0c0d, 0x0c040406, 0x062a9682, 0x0c060705, 0x202a0d0c, 
    0x00820020, 0x08000422, 0x300f1b41, 0x31232613, 0x06010f22, 0x16171615, 0x013f3633, 0x0b561811, 0x05b27208, 0x2f363724, 0x1b411701, 0x41982039, 
    0x0924061b, 0x0a0d0c0b, 0x20101b41, 0x361b41a8, 0x41960121, 0xfe290a1c, 0x09090ed2, 0x010e0a09, 0x071c412d, 0x1b413620, 0x00053533, 0x02e0ff07, 
    0x00a00140, 0x00250012, 0x004b0038, 0x2500006e, 0x2207d846, 0x5c22012b, 0x33210521, 0x20129115, 0x20129111, 0x073b4213, 0x08ec9218, 0x07252322, 
    0x21137742, 0x99423316, 0x01072209, 0x06714b40, 0xd2835f20, 0x490e0821, 0x9f200609, 0x20220d85, 0xe882080e, 0x03430d20, 0xdfe02106, 0x86051342, 
    0xa0fe2106, 0x20105d41, 0x06964209, 0x0c0d0923, 0x0cb14a0a, 0x210ca44a, 0x63430001, 0x48fe200b, 0x55200cfd, 0x41127942, 0x00240979, 0x08000500, 
    0x230e3341, 0x2500006f, 0x0320fa91, 0x41112041, 0x12921246, 0x9d420320, 0x4232200b, 0x17290d9d, 0x37363732, 0x02012f34, 0x0d094120, 0x2741e020, 
    0x1b51410d, 0x9d42a820, 0x0c0a2207, 0x099d420e, 0x0b0c0d26, 0x58080109, 0x200c144a, 0x0c374501, 0x8c0c4041, 0x3601210c, 0x21071f41, 0x9842230b, 
    0x0e092605, 0x0a232e01, 0x05b64301, 0x00000037, 0xff070004, 0x01e101e0, 0x002200a0, 0x0047003e, 0x37000066, 0x0d934422, 0x93442720, 0x0a1b4206, 
    0xdb183720, 0x36220a84, 0x296c3637, 0x14072507, 0x37171617, 0x2305016b, 0x35133736, 0x25058061, 0x16170607, 0x765c1533, 0x42162005, 0x27210880, 
    0x22e38fd8, 0x42580901, 0x083b0723, 0x08088e0c, 0x0c0b0809, 0x220d1008, 0x01010e0e, 0x25251919, 0x0f011919, 0x6822180f, 0x182b0785, 0x10100e01, 
    0x04030c20, 0x42130906, 0x8745057b, 0x0b802106, 0x870b2742, 0x070841eb, 0x0908772d, 0x07090b0b, 0x230c1108, 0x83191413, 0x245c8354, 0x0a16151c, 
    0x07936869, 0x60c0fe2d, 0x08090a11, 0x0c0c0611, 0x182f110d, 0x2409295a, 0x0109090d, 0x22008200, 0x41080004, 0x232d0633, 0x48003f00, 0x00006700, 
    0x31373613, 0x07605434, 0x2016bc44, 0x42344117, 0x0109ee24, 0xc4445808, 0x0d0d290e, 0x0a210a09, 0x780a0c0e, 0x42393341, 0xc7440610, 0x0e092710, 
    0x0b232e01, 0x34411209, 0xff063740, 0x02c0fffe, 0x00c00140, 0x00330019, 0x004f0037, 0x005f0057, 0x51432500, 0x05f84605, 0x7606bd73, 0x262507e3, 
    0x010f0627, 0x0be44606, 0xfa753220, 0x17372505, 0x36331723, 0x26210b82, 0x05c44c27, 0x29085c62, 0x16333733, 0x23070617, 0x07861535, 0x0a370227, 
    0xa90a0d0d, 0x22058349, 0x83600909, 0xc02f0806, 0xa7fe0909, 0x15150950, 0x04045009, 0x0c0c0d05, 0x5a05060c, 0x06140a05, 0x04050d06, 0x13138104, 
    0x2250c326, 0x01011617, 0x16010a19, 0x42412117, 0x2027055b, 0x01010f20, 0x8330200f, 0xb7302505, 0x4aaa0909, 0x2305416d, 0xc0090960, 0x35265583, 
    0x010113c0, 0x4d83c013, 0x13235585, 0x82060201, 0x2d34230d, 0x4683602d, 0x12172423, 0x2d558314, 0xc00d0909, 0xc0090a0e, 0x010f0f01, 0x05846020, 
    0xff030029, 0x024100f9, 0x53660180, 0x0026062d, 0x31072201, 0xfa830706, 0x94182320, 0x21200fee, 0x2625f785, 0x37360527, 0x05be6731, 0x08bf8a19, 
    0x10756a18, 0xef012608, 0x13222228, 0x16020213, 0x04031b6f, 0x302f2321, 0x13142c2d, 0x26260d0b, 0x3d600133, 0x02022829, 0xfe3e2928, 0x0f755f51, 
    0x22af0129, 0x01011716, 0x83221617, 0x012008b1, 0x01231616, 0x23151460, 0x22272724, 0x2630312a, 0x17080825, 0x312c2c19, 0x011d1d31, 0x3d292801, 
    0x90204883, 0x22085f5f, 0x82011616, 0x50222131, 0x21225482, 0x46821721, 0x22171623, 0x25148222, 0x02000000, 0x0482feff, 0xa0018329, 0x43001a00, 
    0x84250000, 0x263122af, 0x07e74d27, 0x2705704c, 0x3f361716, 0x30072601, 0x2106445f, 0x01832726, 0x26313026, 0x14170607, 0x5f06ac6a, 0x5e08063a, 
    0x01273627, 0x0c0c04e9, 0x151d1414, 0x13131010, 0x1d151010, 0x0c0c1414, 0x71703905, 0x0a0a9039, 0x41212201, 0x415f5f41, 0x01222141, 0x03090a0a, 
    0x25251010, 0x5a5a3d3d, 0x25243e3d, 0x06011110, 0x3620b70a, 0x032d2d36, 0x0c0c0d01, 0x2d03010d, 0x2036362d, 0x15020215, 0x03070625, 0x83161516, 
    0x2e06820a, 0x07060703, 0x1e1e030b, 0x1d1e2727, 0x831d0202, 0x021e2307, 0xcf84070c, 0xfffffc2a, 0xa4018002, 0x31001000, 0x2320cf83, 0x1729c184, 
    0x22213316, 0x012f2627, 0x06b65f37, 0x0f060724, 0xc74b3201, 0x831c8206, 0x843420bd, 0x015d08d5, 0x3b352c05, 0x05112b2c, 0x02160e0e, 0x33334b22, 
    0x1ceb6238, 0x1b161605, 0x0e0d15bf, 0x01020702, 0x36400809, 0x2e2d3362, 0x0d0e1446, 0x200c0c01, 0x23bc3820, 0x472a2a01, 0x1b15151a, 0x1255321b, 
    0x0f101a9d, 0x0f052905, 0x0141150f, 0x2e542b01, 0x0d01191a, 0x1d0e140e, 0x051a191c, 0x06d75900, 0xc001802b, 0x16000d00, 0x00001f00, 0x0faa1935, 
    0x21352309, 0xae841315, 0x35331524, 0x04822333, 0x91822620, 0x2d2d022c, 0x2d444044, 0x80fe022d, 0x078310b0, 0x1030b023, 0x201483b0, 0x830c8360, 
    0x80802308, 0x07836001, 0xc0c02023, 0x24138320, 0x00000400, 0x055772ff, 0x23001126, 0x50003e00, 0x200eb577, 0x18578337, 0x21110e5a, 0x9b660611, 
    0x1716210a, 0x4105d041, 0x112005ea, 0x2011c642, 0x98581800, 0x0bf2731b, 0x2c570b8b, 0x2001250f, 0x291b1b01, 0x2a47498b, 0x1820200d, 0x2117c345, 
    0xed5780fe, 0x1800200f, 0x20090f5c, 0x24f582a0, 0x004d0037, 0x08ff525f, 0x16171624, 0x055c1517, 0x079d4309, 0xdd832320, 0x33053523, 0x24088235, 
    0x35333736, 0x06417d34, 0x27011d22, 0x2114ae6e, 0x9d7e3613, 0x5217200e, 0x442305c5, 0x49022d2d, 0xfe200673, 0x08525918, 0x21052d5a, 0x7c188040, 
    0x402308fc, 0x4d09090e, 0xe65206db, 0x64802006, 0x537d08c0, 0x22502808, 0x02011617, 0x52442d2d, 0x6b180649, 0x162908f9, 0xf0e02217, 0x0f0f0160, 
    0x06524701, 0x76e0c021, 0x128309a4, 0x0af1c418, 0x140e0d22, 0x00205083, 0x16240084, 0x01000e01, 0x00240984, 0x36001a00, 0x01240b86, 0x85001900, 
    0x02240b86, 0xab000500, 0x03240b86, 0xf1001f00, 0x04240b86, 0x45011900, 0x05240b86, 0xc5013200, 0x06240b86, 0x26021600, 0x0a240b86, 0x97022c00, 
    0x0b240b86, 0xf4021700, 0x10240b86, 0x34031300, 0x112a0b86, 0x54030500, 0x01000300, 0x87820904, 0x03823420, 0x01240b85, 0x51003200, 0x02241786, 
    0x9f000a00, 0x03240b86, 0xb1003e00, 0x04200b86, 0x11207782, 0x05240b86, 0x5f016400, 0x06240b86, 0xf8012c00, 0x0a240b86, 0x3d025800, 0x0b240b86, 
    0xc4022e00, 0x10240b86, 0x0c032600, 0x113e0b86, 0x48030a00, 0x6f004300, 0x79007000, 0x69007200, 0x68006700, 0x20007400, 0x63002800, 0x07822900, 
    0x1b824620, 0x11846e20, 0x77004126, 0x73006500, 0x6d200f82, 0x003c0782, 0x79706f43, 0x68676972, 0x63282074, 0x6f462029, 0x4120746e, 0x6f736577, 
    0x0000656d, 0x20223497, 0x52843600, 0x40827220, 0x09826520, 0x4c825320, 0x74826c20, 0x32826420, 0x202b408a, 0x72462036, 0x53206565, 0x82696c6f, 
    0x86258a1a, 0x205fb111, 0x2379822d, 0x0030002e, 0x00200383, 0x6b8cac8b, 0x2e362d25, 0xcf302e30, 0x825620bf, 0x007222ed, 0x22e78273, 0x826e006f, 
    0x823720f5, 0x8438208b, 0x00302489, 0x82390033, 0x00362495, 0x82350032, 0x41282019, 0x76201a39, 0x3a20458c, 0x36202d82, 0x2e3c4384, 0x29003000, 
    0x65560000, 0x6f697372, 0x3637206e, 0x30302e38, 0x36303933, 0x28203532, 0x7620e98c, 0x3a212285, 0x82e58420, 0x07464133, 0x200dd941, 0x41848236, 
    0x2d2105a0, 0x0ea04100, 0x2506e041, 0x65724636, 0x8b412d65, 0x00542206, 0x22998268, 0x82770020, 0x00622205, 0x24e78227, 0x006d0020, 0x2007826f, 
    0x20a38274, 0x28098270, 0x00750070, 0x0061006c, 0x220f8272, 0x82630069, 0x826e2011, 0x82732009, 0x2421832f, 0x006e0061, 0x200f8264, 0x20178274, 
    0x2427826f, 0x0069006b, 0x39d98274, 0x65685400, 0x62657720, 0x6d207327, 0x2074736f, 0x75706f70, 0x2072616c, 0xe5826369, 0x74657330, 0x646e6120, 
    0x6f6f7420, 0x74696b6c, 0x8482002e, 0x36827420, 0x76827020, 0x2f003a22, 0x66200182, 0x74206684, 0xb5427682, 0x842e200b, 0x826d207e, 0x74742b2e, 
    0x2f3a7370, 0x6e6f662f, 0xb6426174, 0x632e2205, 0x4218826f, 0x4242255a, 0x41002013, 0x1c410b2d, 0x00022106, 0x0421009c, 0x081e826b, 0x0200014a, 
    0x03010201, 0x05010401, 0x07010601, 0x14001300, 0x16001500, 0x18001700, 0x1a001900, 0x1c001b00, 0x09010801, 0x0b010a01, 0x44000c01, 0x46004500, 
    0x48004700, 0x4a004900, 0x4c004b00, 0x4e004d00, 0x50004f00, 0x52005100, 0x08078182, 0x5500548c, 0x57005600, 0x59005800, 0x5b005a00, 0x5d005c00, 
    0x0e010d01, 0x10010f01, 0x12011101, 0x14011301, 0x16011501, 0x18011701, 0x1a011901, 0x1c011b01, 0x1e011d01, 0x20011f01, 0x22012101, 0x24012301, 
    0x26012501, 0x28012701, 0x2a012901, 0x2c012b01, 0x2e012d01, 0x30012f01, 0x32013101, 0x34013301, 0x36013501, 0x38013701, 0x3a013901, 0x3c013b01, 
    0x3e013d01, 0x40013f01, 0x42014101, 0x44014301, 0x46014501, 0x48014701, 0x4a014901, 0x4c014b01, 0x4e014d01, 0x50014f01, 0x52015101, 0x54015301, 
    0x56015501, 0x58015701, 0x5a015901, 0x5c015b01, 0x5e015d01, 0x60015f01, 0x62016101, 0x64016301, 0x66016501, 0x68016701, 0x6a016901, 0x6c016b01, 
    0x6e016d01, 0x70016f01, 0x72017101, 0x74017301, 0x76017501, 0x78017701, 0x7a017901, 0x7c017b01, 0x7e017d01, 0x80017f01, 0x82018101, 0x84018301, 
    0x86018501, 0x88018701, 0x8a018901, 0x8c018b01, 0x8e018d01, 0x90018f01, 0x92019101, 0x94019301, 0x96019501, 0x98019701, 0x9a019901, 0x9c019b01, 
    0x9e019d01, 0xa0019f01, 0xa201a101, 0xa401a301, 0xa601a501, 0xa801a701, 0xaa01a901, 0xac01ab01, 0xae01ad01, 0xb001af01, 0xb201b101, 0xb401b301, 
    0xb601b501, 0xb801b701, 0xba01b901, 0xbc01bb01, 0xbe01bd01, 0xc001bf01, 0xc201c101, 0xc401c301, 0xc601c501, 0xc801c701, 0xca01c901, 0xcc01cb01, 
    0xce01cd01, 0xd001cf01, 0xd201d101, 0xd401d301, 0xd601d501, 0xd801d701, 0xda01d901, 0xdc01db01, 0xde01dd01, 0xe001df01, 0xe201e101, 0xe401e301, 
    0xe601e501, 0xe801e701, 0xea01e901, 0xec01eb01, 0xee01ed01, 0xf001ef01, 0xf201f101, 0xf401f301, 0xf601f501, 0xf801f701, 0xfa01f901, 0xfc01fb01, 
    0xfe01fd01, 0x0002ff01, 0x02020102, 0x04020302, 0x06020502, 0x08020702, 0x0a020902, 0x0c020b02, 0x0e020d02, 0x10020f02, 0x12021102, 0x14021302, 
    0x16021502, 0x18021702, 0x1a021902, 0x1c021b02, 0x1e021d02, 0x20021f02, 0x22022102, 0x24022302, 0x26022502, 0x28022702, 0x2a022902, 0x2c022b02, 
    0x2e022d02, 0x30022f02, 0x32023102, 0x34023302, 0x36023502, 0x38023702, 0x3a023902, 0x3c023b02, 0x3e023d02, 0x40023f02, 0x42024102, 0x44024302, 
    0x46024502, 0x48024702, 0x4a024902, 0x4c024b02, 0x4e024d02, 0x50024f02, 0x52025102, 0x54025302, 0x56025502, 0x58025702, 0x5a025902, 0x5c025b02, 
    0x5e025d02, 0x60025f02, 0x62026102, 0x64026302, 0x66026502, 0x68026702, 0x6a026902, 0x6c026b02, 0x6e026d02, 0x70026f02, 0x72027102, 0x74027302, 
    0x76027502, 0x78027702, 0x7a027902, 0x7c027b02, 0x7e027d02, 0x80027f02, 0x82028102, 0x84028302, 0x86028502, 0x88028702, 0x8a028902, 0x8c028b02, 
    0x8e028d02, 0x90028f02, 0x92029102, 0x94029302, 0x96029502, 0x98029702, 0x9a029902, 0x9c029b02, 0x9e029d02, 0xa0029f02, 0xa202a102, 0xa402a302, 
    0xa602a502, 0xa802a702, 0xaa02a902, 0xac02ab02, 0xae02ad02, 0xb002af02, 0xb202b102, 0xb402b302, 0xb602b502, 0xb802b702, 0xba02b902, 0xbc02bb02, 
    0xbe02bd02, 0xc002bf02, 0xc202c102, 0xc402c302, 0xc602c502, 0xc802c702, 0xca02c902, 0xcc02cb02, 0xce02cd02, 0xd002cf02, 0xd202d102, 0xd402d302, 
    0xd602d502, 0xd802d702, 0xda02d902, 0xdc02db02, 0xde02dd02, 0xe002df02, 0xe202e102, 0xe402e302, 0xe602e502, 0xe802e702, 0xea02e902, 0xec02eb02, 
    0xee02ed02, 0xf002ef02, 0xf202f102, 0xf402f302, 0xf602f502, 0xf802f702, 0xfa02f902, 0xfc02fb02, 0xfe02fd02, 0x0003ff02, 0x02030103, 0x04030303, 
    0x06030503, 0x08030703, 0x0a030903, 0x0c030b03, 0x0e030d03, 0x10030f03, 0x12031103, 0x14031303, 0x16031503, 0x18031703, 0x1a031903, 0x1c031b03, 
    0x1e031d03, 0x20031f03, 0x22032103, 0x24032303, 0x26032503, 0x28032703, 0x2a032903, 0x2c032b03, 0x2e032d03, 0x30032f03, 0x32033103, 0x34033303, 
    0x36033503, 0x38033703, 0x3a033903, 0x3c033b03, 0x3e033d03, 0x40033f03, 0x42034103, 0x44034303, 0x46034503, 0x48034703, 0x4a034903, 0x4c034b03, 
    0x4e034d03, 0x50034f03, 0x52035103, 0x54035303, 0x56035503, 0x58035703, 0x5a035903, 0x5c035b03, 0x5e035d03, 0x60035f03, 0x62036103, 0x64036303, 
    0x66036503, 0x68036703, 0x6a036903, 0x6c036b03, 0x6e036d03, 0x70036f03, 0x72037103, 0x74037303, 0x76037503, 0x78037703, 0x7a037903, 0x7c037b03, 
    0x7e037d03, 0x80037f03, 0x82038103, 0x84038303, 0x86038503, 0x88038703, 0x8a038903, 0x8c038b03, 0x8e038d03, 0x90038f03, 0x92039103, 0x94039303, 
    0x96039503, 0x98039703, 0x9a039903, 0x9c039b03, 0x9e039d03, 0xa0039f03, 0xa203a103, 0xa403a303, 0xa603a503, 0xa803a703, 0xaa03a903, 0xac03ab03, 
    0xae03ad03, 0xb003af03, 0xb203b103, 0xb403b303, 0xb603b503, 0xb803b703, 0xba03b903, 0xbc03bb03, 0xbe03bd03, 0xc003bf03, 0xc203c103, 0xc403c303, 
    0xc603c503, 0xc803c703, 0xca03c903, 0xcc03cb03, 0xce03cd03, 0xd003cf03, 0xd203d103, 0xd403d303, 0xd603d503, 0xd803d703, 0xda03d903, 0xdc03db03, 
    0xde03dd03, 0xe003df03, 0xe203e103, 0xe403e303, 0xe603e503, 0xe803e703, 0xea03e903, 0xec03eb03, 0xee03ed03, 0xf003ef03, 0xf203f103, 0xf403f303, 
    0xf603f503, 0xf803f703, 0xfa03f903, 0xfc03fb03, 0xfe03fd03, 0x0004ff03, 0x02040104, 0x04040304, 0x06040504, 0x08040704, 0x0a040904, 0x0c040b04, 
    0x0e040d04, 0x10040f04, 0x12041104, 0x14041304, 0x16041504, 0x18041704, 0x1a041904, 0x1c041b04, 0x1e041d04, 0x20041f04, 0x22042104, 0x24042304, 
    0x26042504, 0x28042704, 0x2a042904, 0x2c042b04, 0x2e042d04, 0x30042f04, 0x32043104, 0x34043304, 0x36043504, 0x38043704, 0x3a043904, 0x3c043b04, 
    0x3e043d04, 0x40043f04, 0x42044104, 0x44044304, 0x46044504, 0x48044704, 0x4a044904, 0x4c044b04, 0x4e044d04, 0x50044f04, 0x52045104, 0x54045304, 
    0x56045504, 0x58045704, 0x5a045904, 0x5c045b04, 0x5e045d04, 0x60045f04, 0x62046104, 0x64046304, 0x66046504, 0x68046704, 0x6a046904, 0x6c046b04, 
    0x6e046d04, 0x70046f04, 0x72047104, 0x74047304, 0x76047504, 0x78047704, 0x7a047904, 0x7c047b04, 0x7e047d04, 0x80047f04, 0x82048104, 0x84048304, 
    0x86048504, 0x88048704, 0x8a048904, 0x8c048b04, 0x8e048d04, 0x90048f04, 0x92049104, 0x94049304, 0x96049504, 0x98049704, 0x9a049904, 0x9c049b04, 
    0x9e049d04, 0xa0049f04, 0xa204a104, 0xa404a304, 0xa604a504, 0xa804a704, 0xaa04a904, 0xac04ab04, 0xae04ad04, 0xb004af04, 0xb204b104, 0xb404b304, 
    0xb604b504, 0xb804b704, 0xba04b904, 0xbc04bb04, 0xbe04bd04, 0xc004bf04, 0xc204c104, 0xc404c304, 0xc604c504, 0xc804c704, 0xca04c904, 0xcc04cb04, 
    0xce04cd04, 0xd004cf04, 0xd204d104, 0xd404d304, 0xd604d504, 0xd804d704, 0xda04d904, 0xdc04db04, 0xde04dd04, 0xe004df04, 0xe204e104, 0xe404e304, 
    0xe604e504, 0xe804e704, 0xea04e904, 0xec04eb04, 0xee04ed04, 0xf004ef04, 0xf204f104, 0xf404f304, 0xf604f504, 0xf804f704, 0xfa04f904, 0xfc04fb04, 
    0xfe04fd04, 0x0005ff04, 0x02050105, 0x04050305, 0x06050505, 0x08050705, 0x0a050905, 0x0c050b05, 0x0e050d05, 0x10050f05, 0x12051105, 0x14051305, 
    0x16051505, 0x18051705, 0x1a051905, 0x1c051b05, 0x1e051d05, 0x20051f05, 0x22052105, 0x24052305, 0x26052505, 0x28052705, 0x2a052905, 0x2c052b05, 
    0x2e052d05, 0x30052f05, 0x32053105, 0x34053305, 0x36053505, 0x38053705, 0x3a053905, 0x3c053b05, 0x3e053d05, 0x40053f05, 0x42054105, 0x44054305, 
    0x75074505, 0x3146696e, 0x07844132, 0x32393229, 0x46317506, 0x84324234, 0x3435220e, 0x22078431, 0x86393630, 0x84372007, 0x33352207, 0x21078536, 
    0x07854332, 0x27853320, 0x38323123, 0x223e8206, 0x84303841, 0x35312216, 0x85078634, 0x46312136, 0x31214685, 0x221f8530, 0x85443532, 0x8644201f, 
    0x31302107, 0x35213e83, 0x21268544, 0x07853235, 0x38363022, 0x30202685, 0xb4862687, 0x5e863020, 0x85353021, 0x8639201f, 0x85352007, 0x3531219d, 
    0x32223f85, 0x1f854230, 0x84333521, 0x46362107, 0x3721dd85, 0x20968644, 0x215f8535, 0xcd853532, 0x30363022, 0x30212784, 0x22278536, 0x86313630, 
    0x213f850f, 0x37853333, 0x85333321, 0x87332037, 0x8645202f, 0x8531202f, 0x4530219f, 0x35214f85, 0x86a78733, 0x85302097, 0x8632203f, 0x3131218f, 
    0x30202785, 0x30200f86, 0x28063641, 0x06413535, 0x35463175, 0x21368542, 0x5e863530, 0x5e863420, 0xb3413420, 0x35302205, 0x209e8530, 0x86ee8634, 
    0x863220de, 0x34302146, 0x34205e86, 0x22053e41, 0x83313130, 0x31332156, 0x34212e85, 0x204e8637, 0x22cd8543, 0x83423430, 0x4537211e, 0x3021b485, 
    0x21758534, 0x5c413831, 0x43302105, 0x37210f85, 0x05e34144, 0xb4863720, 0x8d863120, 0xad873720, 0x84364121, 0x313721bc, 0x37219c84, 0x20ac8542, 
    0x061a4237, 0x85343621, 0x3936215e, 0x36218585, 0x219c8536, 0xac853736, 0x86413621, 0x8535200f, 0x86312076, 0x323221ad, 0x22058341, 0x84313232, 
    0x32322157, 0x34228e85, 0x0f844633, 0x85343421, 0x3434212f, 0x21056341, 0x77853334, 0xc9423420, 0x34342206, 0x21968333, 0x3e864539, 0x31215686, 
    0x21fc8542, 0x3e853235, 0x87323521, 0x2146850f, 0xae853235, 0x7e863520, 0x41323521, 0x31210593, 0x20a68533, 0x07934132, 0x9e853120, 0x85443521, 
    0x86302096, 0x453021fe, 0x32204785, 0x32213786, 0x850f8732, 0x86322067, 0x4232205f, 0x322006f2, 0x32208786, 0x20079743, 0x05c24232, 0x70433220, 
    0x45312106, 0x7686c685, 0x34433622, 0x3322d583, 0x06833732, 0x85393621, 0x413621f3, 0x3521e485, 0x21a48531, 0x6b414337, 0x85422006, 0x3235214c, 
    0x20053341, 0x213d8530, 0xb3853835, 0x45443622, 0x39214583, 0x21458531, 0x2d853532, 0x86303321, 0x444121da, 0x35211e83, 0x22168538, 0x84433030, 
    0x066f410e, 0x32217b87, 0x05c74144, 0x85443221, 0x42332135, 0x33216b85, 0x215c8442, 0x3d874537, 0x75073628, 0x3045696e, 0x07863530, 0x4521aa84, 
    0x05ae4130, 0x43304521, 0x078205c2, 0x07828c84, 0x07823784, 0x07825e84, 0x35212f86, 0x203f8545, 0x20668435, 0x06c24345, 0x31200782, 0xca431785, 
    0x840f8205, 0x2007828e, 0x86178634, 0x86362077, 0x37362187, 0x38201786, 0x39200786, 0x7f860786, 0x7f863620, 0x7f863620, 0x83443621, 0x463921fd, 
    0x7e860e87, 0x85303721, 0x05fe4136, 0x37304523, 0x860f8632, 0x8637207e, 0x8637207e, 0x8637207e, 0x0564437e, 0x38304522, 0x39200f86, 0x39208e86, 
    0xd9418e86, 0x30452205, 0x20968641, 0x20778641, 0x204f8642, 0x202f8642, 0x202f8644, 0x208f8644, 0x43778645, 0x452105d4, 0x05af4531, 0x47850782, 
    0x25433120, 0x850f8205, 0x333121de, 0x31225785, 0xb7843034, 0x7a443120, 0x31452105, 0x82050746, 0x05764107, 0x86373121, 0x8538202f, 0x3831217f, 
    0x31206f85, 0x3121a786, 0x201f8639, 0x218f8541, 0x4f864231, 0x5f864220, 0x37864320, 0x21057b44, 0x2d423145, 0x41078205, 0x31200517, 0x2205a145, 
    0x86453145, 0x4146206f, 0x32210517, 0x44b78530, 0x45200605, 0x21060544, 0x8e433245, 0x32452205, 0x201f8638, 0x20678539, 0x05f14232, 0x43324522, 
    0x32225785, 0xd7834143, 0x30384622, 0x33229f85, 0xe7843142, 0xf7463320, 0x33452205, 0x20278546, 0x06074134, 0x29065544, 0x37343445, 0x46317506, 
    0xc6853939, 0x05423420, 0x41342006, 0x342106be, 0x057e4137, 0x84373421, 0x3445215e, 0x20061e41, 0x412f8734, 0x34200606, 0x2305be41, 0x30303046, 
    0x33224e83, 0x06833542, 0x44303522, 0x34210683, 0x05cb4336, 0x84453921, 0x853020a2, 0x842b82ea, 0x84078253, 0x860782b2, 0x8431201f, 0x41342043, 
    0x46220519, 0x44844532, 0x84453321, 0x43352215, 0x21598442, 0x06833335, 0x05423620, 0x30462105, 0x2006f444, 0x06f74633, 0xe1433320, 0x31302206, 
    0x21728443, 0x81843431, 0x44423520, 0x30462305, 0x44843232, 0x06843120, 0x84463321, 0x4133211c, 0x1c82ea84, 0x2105e645, 0x23843830, 0xa4863020, 
    0x84393221, 0x32302249, 0x20e08441, 0x202c8746, 0x20e18443, 0x22428444, 0x84363135, 0x33332224, 0x20078432, 0x05944230, 0x88304621, 0x8633200f, 
    0x86342017, 0x86352007, 0x20378507, 0x06864730, 0x86473020, 0x33302106, 0xcc427486, 0x41478205, 0xc4410629, 0x200f8205, 0x413f8644, 0x34210639, 
    0x878d8431, 0x069146c9, 0x26473120, 0x06d14407, 0x38343022, 0x35203685, 0x20053246, 0x06914630, 0x86353021, 0x07354886, 0x2006cc48, 0x05734232, 
    0x35304622, 0x21060b41, 0x66834235, 0x86413621, 0x8636208d, 0x863620cd, 0x057944cd, 0x36304622, 0x20052a41, 0x21658638, 0x35834336, 0x35323522, 
    0x0e45a384, 0x30462105, 0x82055744, 0x06324107, 0x84333721, 0x05474225, 0x39453522, 0x39200d83, 0x2006ff47, 0x058d4230, 0xc0862c82, 0x1e843720, 
    0x32443622, 0x42213384, 0x20068446, 0x206f8643, 0x061c4137, 0x21070d48, 0x78843038, 0x84374621, 0x86312025, 0x84382025, 0x4535218e, 0x3422ab84, 
    0x23844434, 0x20068446, 0x061b4731, 0x84383021, 0x383521f0, 0x38207686, 0x20066e41, 0x21518439, 0x36414333, 0x84392006, 0x483320ba, 0x3520056d, 
    0x22052943, 0x42393046, 0x31200547, 0x34211c84, 0x06014242, 0x84453921, 0x42422085, 0x36200537, 0x31205f85, 0x20064841, 0x20248641, 0x410f8741, 
    0xd7410658, 0x05744307, 0x33454620, 0x41078206, 0x41200697, 0x33204684, 0x20053f43, 0x06904735, 0x86413021, 0x844220ad, 0x443420ad, 0x462105a8, 
    0x05184430, 0x43304622, 0x35211684, 0x06d04231, 0x7b864320, 0x83354321, 0x433421a0, 0x4120a785, 0x6f476186, 0x44302006, 0x3021066d, 0x06024243, 
    0x67434320, 0x43302105, 0x20067341, 0x49738643, 0x30210652, 0x06224144, 0x2105fd44, 0x88433046, 0x06174b07, 0x86443021, 0x8644205f, 0x066b474f, 
    0x464b3020, 0x44302106, 0xef434f86, 0x48362006, 0x30210644, 0x06914145, 0x28434520, 0x06c64106, 0x20062648, 0x067a4233, 0x07483320, 0x46302106, 
    0x4122eb84, 0x55424137, 0x43ea8605, 0x372006ff, 0x85058b41, 0x453322f1, 0x22238332, 0x83354533, 0x39362206, 0x05314331, 0xa7864620, 0xa7864620, 
    0x22052547, 0x85463046, 0x393121f7, 0x3121e785, 0x05cd4230, 0x33303122, 0x35213e83, 0x20458441, 0x05b34534, 0x44314621, 0x31200653, 0x2305ab45, 
    0x30313146, 0x6c875d84, 0x7a843420, 0x15863620, 0x41313121, 0xd64205d5, 0x32312106, 0x31202c85, 0x20062e4a, 0x062e4a31, 0x6f493120, 0x32312106, 
    0x20052c42, 0x06974931, 0x06423120, 0x44312006, 0x312006c0, 0x20067749, 0x07774931, 0x83443221, 0x413920a2, 0x31210641, 0x215e8633, 0xf8843133, 
    0x06844520, 0x36433422, 0x46202485, 0x3121a884, 0x44638633, 0x312006af, 0x2006af44, 0x06af4431, 0x22067c47, 0x41333146, 0x744705b6, 0x31462106, 
    0x2006f443, 0x07814b31, 0x2105ba4a, 0x56863933, 0x20069f44, 0x069f4431, 0xfe4b3120, 0x34312106, 0x22056d41, 0x85433431, 0x066c4185, 0x2006254c, 
    0x06c64431, 0x2106d247, 0xb6443146, 0x49312006, 0x46210541, 0x06cc4c31, 0x41363121, 0x312005c4, 0x82053949, 0x05ff4117, 0xb2483120, 0x31462105, 
    0x8205f346, 0x050a4307, 0x42373121, 0x3122055c, 0x76843238, 0x2106db42, 0x1e863831, 0x20060d44, 0x06154533, 0xd8493320, 0x31462305, 0x2e833139, 
    0x86313521, 0x8639203d, 0x05f84865, 0xaa421e82, 0x39312105, 0x3320cc84, 0xbb431e87, 0x48352005, 0x462105ee, 0x06b44331, 0xb4433120, 0x45392005, 
    0xb44307c9, 0x42312206, 0x20638333, 0x055b4436, 0x36393622, 0x75460d83, 0x43312107, 0x4206c241, 0xdf4c0731, 0x43312006, 0x312006da, 0x42061c4b, 
    0xbe44078d, 0x43312106, 0xb948d786, 0x31462105, 0x2006eb43, 0x43f78731, 0x312006d3, 0x2006b343, 0x06b34331, 0xab433120, 0x43312006, 0x312106a3, 
    0x427e8645, 0xcc44063a, 0x49312006, 0x462105a8, 0x05514331, 0x644b3520, 0x46342105, 0x42202c87, 0x3522c283, 0x06843941, 0x5f423120, 0x41462006, 
    0x46200643, 0x38201d85, 0x43053241, 0x312106cd, 0x055d4246, 0x85303221, 0x30322943, 0x6e750731, 0x30324669, 0x22053645, 0x83353032, 0x4236224c, 
    0x20068432, 0x05354238, 0x7c433220, 0x31322106, 0x3222ee85, 0x1e843831, 0x25844120, 0x84373521, 0x86332033, 0x4c3220f3, 0x32210667, 0x206a8631, 
    0x20448632, 0x05d44133, 0x074f3220, 0x33322106, 0x36213684, 0x20a08443, 0x05eb4a36, 0x33324622, 0xe643cd85, 0x42322006, 0x322006fd, 0x2106fd42, 
    0x44863432, 0x2006dc41, 0x06e84d32, 0x44343221, 0x32200544, 0x20060e43, 0x060e4332, 0x8f4e3220, 0x47322006, 0x322006ce, 0x2006f742, 0x05ca4a32, 
    0x47324621, 0x322106c6, 0x20d98635, 0x20d98435, 0x06934435, 0xa7423220, 0x45382106, 0x20055c41, 0x05c94b32, 0x4b324621, 0x078205c9, 0xc94b8e86, 
    0x840f8205, 0x413420d3, 0x3720070a, 0x45053747, 0x32200601, 0x20054345, 0x05ae4b34, 0x38324622, 0x20050046, 0x061a4732, 0x1f4a3220, 0x32462105, 
    0x20063845, 0x053e4b32, 0x40410f82, 0x060b4a06, 0x41413221, 0xb14506bb, 0x41322106, 0x20053845, 0x06354232, 0x02473220, 0x46322006, 0x322006fa, 
    0x2106fa46, 0x23414534, 0x86422006, 0x063743cc, 0x944f3220, 0x46322006, 0x322106e5, 0x06b84142, 0x20060b43, 0x06034332, 0xec423220, 0x43322706, 
    0x31750638, 0x4c453346, 0x07454b06, 0x654a3220, 0x48362005, 0x36200551, 0x0c473c88, 0x36442105, 0x35213383, 0x4f7a8644, 0x34210618, 0x46ca8631, 
    0x322006c3, 0x20058b46, 0x078d4235, 0x2e864620, 0x2107d64a, 0x45833946, 0x2107384b, 0x7f423033, 0x46382005, 0x33210560, 0x202d8530, 0x062b4b33, 
    0xb5423320, 0x42332006, 0x3321064b, 0x056f4130, 0x84313321, 0x47342092, 0x33200687, 0x2106fa44, 0x4d853633, 0x20061143, 0x06904233, 0x37383322, 
    0xa4417384, 0x86332006, 0x433322d7, 0x20168335, 0x06b85033, 0x44433322, 0x46202584, 0x21054e43, 0x07874433, 0x2005ba41, 0x06df4333, 0xc14c3320, 
    0x33462105, 0x20061142, 0x06134733, 0x86323621, 0x454620ba, 0x342105d5, 0x05aa4130, 0xa8463420, 0x46342006, 0x342106a8, 0x20a38433, 0x06ad4433, 
    0x80533420, 0x46342006, 0xa84c0643, 0x34462106, 0x20054e49, 0x06954433, 0xf4453420, 0x51342006, 0x342006a4, 0x2205e442, 0x84334433, 0x066f48c2, 
    0x31363422, 0x41200e83, 0x42051f4a, 0x3420072c, 0x20066442, 0x05f34d34, 0x36344622, 0x20056c41, 0x05024f34, 0x54410f82, 0x51342005, 0x342206b9, 
    0x45833037, 0xf4523920, 0x43342006, 0x34200628, 0x4d062043, 0x4622061b, 0xa5443734, 0x37342105, 0x2105d945, 0xf8863734, 0x20067d48, 0x06af4434, 
    0x524e3420, 0x34462205, 0x05204138, 0x95413420, 0x46342006, 0x34200650, 0x2205654a, 0x83434136, 0x4d342075, 0x462005f0, 0x8206694d, 0x21d28407, 
    0xb3864539, 0x21063746, 0xec443934, 0x43342005, 0x342006e5, 0x20066646, 0x06604334, 0x2007704a, 0x060e5234, 0x39423422, 0x35205d83, 0x21064b44, 
    0xd4414234, 0x43342005, 0x34200627, 0x42078d41, 0x3420061a, 0x20063b46, 0x05d64e34, 0x0d444620, 0x46342007, 0x3420060c, 0x87067741, 0x37442175, 
    0x33205d83, 0x2106f74c, 0x6c844434, 0xc4423620, 0x43342006, 0x34200619, 0x20062946, 0x05cb4f34, 0x49344621, 0x3720066b, 0x2005b744, 0x06504234, 
    0x50423420, 0x49342006, 0x34200664, 0x20066449, 0x06f74534, 0x46463422, 0x34206c83, 0x2106764c, 0xa7423035, 0x30352105, 0x20054244, 0x057b4935, 
    0x55863920, 0x41303521, 0x35200575, 0x21068e42, 0x6d853035, 0x41303521, 0x352005bd, 0x3520a486, 0x21067b46, 0xb6423135, 0x31352105, 0x3521d284, 
    0x05484436, 0x84313521, 0x463921d2, 0x2105eb41, 0x9a483135, 0x31352105, 0x20053a42, 0x058f4335, 0x7c533520, 0x84302008, 0x313521a2, 0x33200683, 
    0x4b068946, 0x3522064c, 0x15834232, 0x5e544120, 0x32352106, 0x81496186, 0x43352006, 0x3620051f, 0x20064542, 0x06734935, 0x73493520, 0x49352006, 
    0x35200673, 0x20062f43, 0x06234e35, 0x86333521, 0x06234e91, 0x40503520, 0x35462305, 0x83844533, 0x83384121, 0x42312006, 0x352006a3, 0x21056b4a, 
    0x1c844639, 0x36313922, 0x4320ae84, 0x2005c042, 0x06884635, 0x41343521, 0x3420062a, 0x33213b84, 0x51b78545, 0x46210509, 0x05a04335, 0x5e4d3420, 
    0x07e55405, 0x424d3520, 0x34352106, 0xb7434b86, 0x41352006, 0x3920050a, 0x2205894b, 0x83353534, 0x41362070, 0x0e860702, 0x2006e24a, 0x06c84635, 
    0xd54f3520, 0x49352006, 0x35200661, 0x2006dd4f, 0x06a74e35, 0xf5443520, 0x49352006, 0x352006f0, 0x21053253, 0xf8493546, 0x44352006, 0x3620050d, 
    0x4306d94b, 0x352006f5, 0x2006b64e, 0x073f4235, 0x2106b64e, 0xed863635, 0xed843620, 0xb5473920, 0x88352006, 0x065f4136, 0x82052951, 0x05414364, 
    0x20082042, 0x4ef08636, 0x352006d8, 0x20066647, 0x063d4435, 0x47373521, 0x35200566, 0x20064544, 0x067d4a35, 0x7d4a3520, 0x47352006, 0x34290567, 
    0x75064631, 0x33364631, 0x21068433, 0x06833632, 0x84373321, 0x51332092, 0x33220556, 0x14844530, 0x29853020, 0x84433221, 0x05384f29, 0xfc423620, 
    0x30362205, 0x41148534, 0x37850566, 0x84303621, 0x3239214c, 0x39225a84, 0x22853932, 0x06843220, 0x22056c4c, 0x85443136, 0x06d5420d, 0x2006dd47, 
    0x06434935, 0x40463520, 0x53352006, 0x4621051c, 0x06ed4735, 0xed473520, 0x39352106, 0x33205a84, 0x21069d4d, 0x7e853935, 0x20054943, 0x05414336, 
    0x1f4b3620, 0x39352106, 0x31247f86, 0x696e7507, 0x5e414a82, 0x06735006, 0x41393521, 0x234c065e, 0x48352006, 0x35220630, 0xfc843141, 0x2105ba46, 
    0xd2843336, 0x49493620, 0x41352106, 0x4806bb43, 0x35200635, 0x50077143, 0x352206b1, 0xde844541, 0x32414520, 0x06b95505, 0x84423521, 0x4d362052, 
    0x36200510, 0x20052352, 0x21da8736, 0x32843742, 0x20068747, 0x06674835, 0x444b3520, 0x48352006, 0x3520066f, 0x20064f45, 0x061c5635, 0x4f453520, 
    0x43352106, 0xe3435b86, 0x41432006, 0x464f0520, 0x53352006, 0x462205c4, 0x64854335, 0x20051844, 0x20728539, 0x063b4f33, 0xe3473520, 0x49352006, 
    0x35200690, 0x22068245, 0x83304435, 0x34332299, 0x20068346, 0x05375539, 0x44354622, 0x4705e34e, 0x352006ac, 0x20067245, 0x06724535, 0x9c4b3520, 
    0x45362005, 0x352006b7, 0x2006cc57, 0x070a4135, 0xa7864520, 0x20067a45, 0x067a4535, 0xce5a3620, 0x85412005, 0x323521cd, 0x21051e42, 0xd2423136, 
    0x31362105, 0x21051445, 0x02433136, 0x32362805, 0x6e750731, 0x47364669, 0x362106f1, 0x441f8632, 0x362106e9, 0x20b28432, 0x057e5733, 0xb4413620, 
    0x33362206, 0x20c88342, 0x06fd4536, 0x7f433620, 0x44362006, 0x36210684, 0x20d88434, 0x06854c33, 0x044b3620, 0x48362006, 0x3620060f, 0x20062b44, 
    0x06134436, 0x13443620, 0x4d362006, 0x362006f4, 0x2006f543, 0x06f54336, 0xf5433620, 0x48362006, 0x36200613, 0x4405b452, 0x332006d4, 0x2006b146, 
    0x06ac4336, 0x36373622, 0x20053d47, 0x86068543, 0x06ea51cf, 0x54453620, 0x07b24506, 0x43383621, 0x94480553, 0x47362006, 0x362006ff, 0x2006ef47, 
    0x06404e36, 0x39383622, 0x39204d83, 0x4d06d24a, 0x352006d4, 0x2006e54b, 0x06f04236, 0xcb423620, 0x55362006, 0x33450669, 0x42362007, 0x34200525, 
    0x2005ae54, 0x06814341, 0xe74a3620, 0x45362006, 0x362206ca, 0x63833144, 0x35313422, 0xeb460684, 0x51362006, 0x3620068e, 0x21074c41, 0x1e844444, 
    0x84423721, 0x05fa5cde, 0x2007c945, 0x06cd4336, 0x35433620, 0x39392105, 0x34212484, 0x05294230, 0x41463621, 0x462006eb, 0x48069e41, 0x36200596, 
    0x2005a347, 0x06db4139, 0x84303721, 0x42332034, 0x342005fe, 0x2006394e, 0x44958537, 0x392006f9, 0x2005ec4d, 0x06004436, 0xb75a3720, 0x42372006, 
    0x3720063c, 0x2006bf50, 0x06444237, 0xf2593720, 0x46372006, 0x372006f7, 0x2106f746, 0x16433437, 0x44322005, 0x3720050a, 0x20063e42, 0x06564137, 
    0xeb543720, 0x5c372006, 0x33210591, 0x05054830, 0x2e423720, 0x46372006, 0x37200642, 0x20061642, 0x06224a37, 0xc5453720, 0x45372006, 0x372006c5, 
    0x2006dc5b, 0x066c5437, 0xad473720, 0x38372106, 0x20051243, 0x06f34137, 0x36383727, 0x46317506, 0x06a24d39, 0xfa413720, 0x45372006, 0x37200658, 
    0x2006cd49, 0x06cd4937, 0x86393721, 0x052450b5, 0xa5473920, 0x06304e06, 0x244d3720, 0x41372106, 0x21056441, 0xda484137, 0x5c372005, 0x124a05a0, 
    0x44372007, 0x372006f5, 0x2006f544, 0x06805c37, 0x5b503720, 0x4d372006, 0x3721063b, 0x05c64242, 0x44423722, 0x20057843, 0x20068330, 0x064f5c34, 
    0x014a3720, 0x4a372006, 0x37200601, 0x2006ab44, 0x06bb4437, 0x44433721, 0x37200504, 0x2005354c, 0x084c5d33, 0x4505fb42, 0x3720060f, 0x4c06094a, 
    0x372206de, 0x0e413445, 0x06254105, 0x2006fa42, 0x06694b37, 0x44453721, 0x37200540, 0x2006f755, 0x063b4d37, 0x47463721, 0x3720059a, 0x20056442, 
    0x07d14e39, 0x2006f149, 0x05f04f38, 0x41393521, 0x3820050e, 0x2006e149, 0x05f64638, 0xd7453320, 0x36332105, 0x2005e941, 0x05fc5738, 0x44443421, 
    0x7d4c0583, 0x46382006, 0x38200695, 0x20067542, 0x06754238, 0x4b323821, 0x38200576, 0x20066d42, 0x054d4938, 0x6d453620, 0x5e382006, 0x38200690, 
    0x2006e548, 0x068d4438, 0x85363821, 0x5b3820e0, 0x35200554, 0x20062542, 0x06304438, 0x3d423820, 0x87382006, 0x063d4217, 0x314c3820, 0x42382006, 
    0x3820063d, 0x2006314c, 0x06314c38, 0x41443820, 0x43382006, 0x382006ed, 0x2006c645, 0x066d4638, 0x9f453820, 0x31422706, 0x696e7507, 0xde433846, 
    0x46382306, 0x00820046, 0xffff0126, 0x01000200, 0x0c200982, 0x16200382, 0x0d830382, 0x6a040322, 0x04201382, 0x04820d84, 0x01200282, 0x00240382, 
    0x2bf3cbda, 0xde2b0783, 0x00b40927, 0xde000000, 0x05b40927, 0xa5defffa, 0x00000056, 
};

