// File: 'fontA.ttf' (353824 bytes)
// Exported using binary_to_compressed_c.cpp
static const unsigned int ubuntu_compressed_size = 236600;
static const unsigned int ubuntu_compressed_data[236600/4] =
{
    0x0000bc57, 0x00000000, 0x20660500, 0x00000400, 0x00010025, 0x82150000, 0x043a0804, 0x53445000, 0x0f584749, 0x05004873, 0x0000f04c, 0x50473019, 
    0xc806534f, 0x0300662b, 0x010044e6, 0x5347fa2f, 0x436d4255, 0x050076eb, 0x00004016, 0x544cb036, 0x32e14853, 0x4082e035, 0x0000f830, 0x534ff404, 
    0x2e89322f, 0x0000a9f9, 0x5582d801, 0x56604808, 0xef584d44, 0x00c5f7d8, 0x00ec1a00, 0x63d61600, 0xb270616d, 0x00c06a7b, 0x007cbc00, 0x63a80500, 
    0x2d207476, 0x00062424, 0x003ccb00, 0x66140200, 0x766d6770, 0x00c444bd, 0x0024c200, 0x67230600, 0x00707361, 0x82090019, 0x8234207f, 0x102c084f, 
    0x66796c67, 0x930c3b69, 0x14e10000, 0x2c510200, 0x786d6468, 0x97906b56, 0xc4310000, 0xb88a0000, 0x64616568, 0x8d874900, 0x5c010000, 0x36212f82, 
    0x23108268, 0x4811b410, 0x94200f82, 0x24280f82, 0x78746d68, 0x61c1aca7, 0x382f6b82, 0xc0130000, 0x6e72656b, 0x9f9a897f, 0x82320300, 0x727b28cf, 
    0x61636f6c, 0x827e5006, 0x50cd21bb, 0xc4281f82, 0x7078616d, 0xd108970a, 0xb8203f82, 0x203b3f82, 0x656d616e, 0x34314924, 0xb4ad0300, 0xc70b0000, 
    0x74736f70, 0x9dd4c658, 0x82b90300, 0xb52c2ccf, 0x70657270, 0xe7c24641, 0x82c80000, 0xf1022373, 0x35820100, 0xcccc002e, 0x2e618832, 0xf53c0f5f, 
    0xe8031900, 0xc9231183, 0x8358b68a, 0xa0ca2b07, 0x59ff7dc0, 0x980d43ff, 0x0f82c203, 0x02000922, 0x05833185, 0xffa40327, 0x0d1c0043, 0x221f82b7, 
    0x86980d5d, 0x85248217, 0xf0042102, 0x04291183, 0x000201f0, 0x00a4000e, 0x2c39820a, 0x002f0010, 0x05000059, 0x00f90620, 0x241d8205, 0x015a0203, 
    0x24098290, 0x02bc0200, 0x2035828a, 0x3907858c, 0x4f00dd01, 0x0000fa00, 0x04050b02, 0x03020603, 0x00e00402, 0x0050ff02, 0x23825b20, 0x44380284, 
    0x00414d41, 0xfb000040, 0xff080304, 0x03380047, 0x20bd00a4, 0x569f0000, 0x0223cd82, 0x82b50208, 0x00202624, 0x00f40103, 0x22098232, 0x82e70000, 
    0x3f038205, 0x47001401, 0x4800a201, 0x31009b02, 0x3d003402, 0x32005a03, 0x2e009a02, 0x4800f100, 0x4e004401, 0x07240382, 0x2500e001, 0x35281b82, 
    0x2600f600, 0x1a002b01, 0x38240782, 0xe8ff8001, 0x32201382, 0x5d200382, 0x38200382, 0x37200382, 0x28200382, 0x41200382, 0x3f200382, 0x3c200382, 
    0x33201386, 0x03822f83, 0x0f822620, 0x03873520, 0x00940135, 0x00b60313, 0x00970241, 0x00830208, 0x006c0256, 0x82c9023a, 0x823b2007, 0x82192003, 
    0x82a02003, 0x00c1240f, 0x820d0156, 0x82f42003, 0x82752023, 0x00072813, 0x00670356, 0x82d80243, 0x820a2007, 0x8660201f, 0x081b8307, 0x21001422, 
    0x10003502, 0x5100b002, 0x0a009002, 0x1c00a103, 0x17007702, 0x06005602, 0x21003d02, 0x60004901, 0x0782b383, 0x83820820, 0xec012f34, 0x7801fcff, 
    0x0a023d00, 0x4d022b00, 0xd1015000, 0x07823300, 0x2f02332a, 0x82013300, 0x42025000, 0x3b2a0f82, 0xfd005000, 0xfd004200, 0x2782bcff, 0x11015026, 
    0x5d034e00, 0x3e201b82, 0x4e200382, 0x50202f84, 0x2f833383, 0xbe012108, 0x92012800, 0x3e024a00, 0xf6014a00, 0x09031000, 0xff011200, 0xf1011000, 
    0xd7010200, 0x4d012400, 0x17201f82, 0x4d208382, 0x3422cb82, 0x83822a00, 0xeb002d22, 0x822e9782, 0xa101bcff, 0xe4032100, 0xdc016200, 0x03842700, 
    0x34007827, 0x3200cb04, 0x27d38202, 0x1e002301, 0x3a00e103, 0x3c202b82, 0xa1222f84, 0x2f833c00, 0x0068012b, 0xfff00134, 0xffe403fe, 0x24c782fe, 
    0x00f70217, 0x24838417, 0x03280023, 0x829b82b3, 0x410020f7, 0x6b8206df, 0x8f415620, 0x822c2006, 0x01112107, 0xec228783, 0x37822b00, 0x2e03232c, 
    0x85014100, 0xf3012600, 0x1b821e00, 0x2b013524, 0x13841a00, 0x2e007826, 0x1a004c01, 0x67261384, 0x67011e00, 0x2f822000, 0x44027f22, 0x8626fb82, 
    0xf6002b00, 0x0f823800, 0x17824520, 0x77823220, 0x3f822b20, 0x6a032824, 0x03863200, 0x94012026, 0x97021c00, 0x0392eb82, 0x00a7032b, 0x006c0206, 
    0x003b023a, 0x23038b56, 0x0f000d01, 0x44240382, 0xffff0d01, 0xee240382, 0x1300d602, 0x2307eb41, 0x3a000a03, 0x9782038b, 0x0f835020, 0x00b00223, 
    0x82038c51, 0x610221f7, 0x6f205782, 0x0a23a782, 0x92022b00, 0x5b032903, 0xd1012c00, 0x2f023300, 0x0023038d, 0x820700fd, 0x003c2403, 0x82f7fffd, 
    0x02e62203, 0x411f824d, 0x4e2007eb, 0x038b0b82, 0x35003423, 0x200f8302, 0x05f3413e, 0x07860220, 0x00f10123, 0x20378202, 0x83078450, 0x8f7f83fb, 
    0x84fb8207, 0x2007977f, 0x20bf82c9, 0x836f826e, 0x208383ff, 0x200f823b, 0x9f0f822f, 0x00a02407, 0x8242023a, 0x20079727, 0x204782c1, 0x2ab7823b, 
    0x021300db, 0x0106003b, 0x82e3ff0d, 0x82db20e7, 0x82f92007, 0x01f12407, 0x8201000d, 0x82f92007, 0x00112407, 0x820900fd, 0x824b2007, 0x82502007, 
    0x03422c03, 0x01560000, 0x014200fe, 0x820800f4, 0x02bc2223, 0x244b8275, 0x0250000a, 0x200782e8, 0x20078219, 0x231f8207, 0x023b0011, 0x27200785, 
    0x1c220784, 0x07844e00, 0x07827120, 0xfeff1928, 0x03001f01, 0x2f82d802, 0x2f823e20, 0x0325078e, 0x02070048, 0x8603823e, 0x0a032117, 0x4e22cb82, 
    0x078f3300, 0x01217783, 0x823f8282, 0x2007827f, 0x270f8812, 0x01210014, 0x022800be, 0x3527078f, 0x92011000, 0x8f024a00, 0x00b02407, 0x823e0251, 
    0x3707a617, 0x1c00a103, 0x12000903, 0x06005602, 0x0200f101, 0x21003d02, 0x2400d701, 0x0121078f, 0x879b8211, 0x27738683, 0xbcfffd00, 0x74007801, 
    0x34200382, 0x2e200382, 0x39200382, 0x80200382, 0x55200382, 0x47200382, 0x24200382, 0x078f5f87, 0x00276f87, 0x0159ff94, 0x821d0067, 0x82182003, 
    0x82282003, 0x86252003, 0x82202003, 0x861f2007, 0x8232201b, 0x05ab4307, 0x95006721, 0x00c22627, 0x00a40306, 0x06a74341, 0x07861e20, 0x07822020, 
    0x03822820, 0x178a2520, 0x18201383, 0xdb430f86, 0x872f8307, 0x832f8f17, 0x3813872b, 0x00490220, 0x008b0229, 0x00b90208, 0x00030256, 0x00100313, 
    0x00340234, 0x23c78335, 0x3800f600, 0x0c260b82, 0x1e004c02, 0x0f457101, 0x081b4608, 0x00280229, 0x0008031e, 0x86830250, 0x82972003, 0x25038207, 
    0x50000904, 0x0b821d04, 0x32003430, 0x0f007501, 0x1900ef01, 0x1900f801, 0x07821502, 0x1a00f02e, 0x33002202, 0x0f00d701, 0x31002602, 0x2f200b82, 
    0x41281341, 0x3b410557, 0x00782621, 0x00f90096, 0x24038214, 0x00780140, 0x081f478f, 0x1a002b2a, 0xe8ff8001, 0x4100b603, 0x230b6746, 0x28004d01, 
    0x08220382, 0xe7822301, 0x200baf45, 0x24178223, 0x01470014, 0x201782f3, 0x280b82f3, 0x021c0094, 0x0206004d, 0x22bb82e8, 0x8256006b, 0x8250200b, 
    0x020a2403, 0x8214006c, 0x02192603, 0x013a0097, 0x050f44fc, 0x002e0327, 0x0071020e, 0x221f822e, 0x82460233, 0x003b2813, 0x00c10225, 0x823c0238, 
    0xff192e0b, 0x00a002e4, 0x008a023a, 0x007b0308, 0x22a38250, 0x82450156, 0x4398202f, 0x012905ab, 0x010e001f, 0x031000fe, 0x200f82cf, 0x222b82d8, 
    0x4550003e, 0x02290753, 0x0433004e, 0x03390000, 0x20478235, 0x238782c6, 0x0250004d, 0x34055747, 0x00be011f, 0x00330227, 0xff1e0121, 0x009201a4, 
    0x0050024a, 0x3007840f, 0x02100035, 0x025100c6, 0x034a0055, 0x02340010, 0x200b82b6, 0x22c782a0, 0x4303003a, 0x37280817, 0x37021900, 0xd7013200, 
    0xda34e782, 0x21020800, 0x1a022800, 0xf0011a00, 0xcf011c00, 0x3b022f00, 0x1734a782, 0xe3016000, 0x39026000, 0x14012c00, 0x0a054700, 0xa4045600, 
    0x28280382, 0xfa033300, 0x08035600, 0x1224af82, 0xcb044e00, 0xd9200b82, 0x3f200382, 0x53459b82, 0x0d012706, 0xfd000000, 0x2744f9ff, 0x43022007, 
    0x022126cf, 0x45e7822f, 0x03290e97, 0x030600a7, 0x022c005b, 0x057b44be, 0x82a00221, 0x82422007, 0x05eb4427, 0x8b443520, 0x23db8210, 0xfdffd701, 
    0xbc207f82, 0x3787b38b, 0x82210421, 0x828320b7, 0x06d34403, 0x6f860220, 0xb3886787, 0x0220878e, 0x230ee745, 0xb6ff0d01, 0xae206382, 0x0320eb82, 
    0xfb200782, 0x75268790, 0x82015400, 0x0b451400, 0x0f034108, 0x10001728, 0x0c00b401, 0x8b82c102, 0x35003b24, 0x0782a402, 0xd782d720, 0x31009e26, 
    0x34004f02, 0x8708ab41, 0x8f7f8687, 0x440f8f67, 0x0127079b, 0x02fcff9a, 0x835000ce, 0x9d032307, 0x03833300, 0x0a26eb82, 0x3a008102, 0x6782dd01, 
    0x13001424, 0x83826c02, 0x2300be26, 0x2600d501, 0x0e261382, 0x0a00a101, 0x17829002, 0x0382ca20, 0x08008c24, 0x93825302, 0x2b823e20, 0x0500032c, 
    0xd6ff2301, 0x3a001103, 0x0f824d02, 0x13008236, 0x0e008e01, 0x10006a02, 0x0e000502, 0xfdffd701, 0x36007801, 0x14200382, 0x5f200382, 0x21200382, 
    0x3d200382, 0x1c200382, 0x2220038a, 0x5d200b82, 0x41200382, 0xff230385, 0x857801fe, 0x086f4803, 0x8f82ef20, 0x7382fd20, 0x67826c20, 0x21001434, 
    0x56000d01, 0xeeff0d01, 0x0800f401, 0x0d001304, 0x1b820204, 0x7382ed20, 0xbf417520, 0x004b2406, 0x82bb0214, 0x8297200b, 0x416b20ab, 0x012105d7, 
    0x200782fd, 0x2c2382d3, 0x0356003b, 0x02180089, 0x021d003c, 0x832f86d8, 0x00c32837, 0x0067030d, 0x4ac10243, 0x3f8306a7, 0x73866020, 0x37823520, 
    0x03295382, 0x02380060, 0x02170077, 0x241782ce, 0x033a0077, 0x202b82d7, 0x240b82ea, 0x031000d6, 0x20078258, 0x222f8468, 0x82060419, 0x007b3407, 
    0x000a0224, 0x0053022b, 0x0024023e, 0x00a20150, 0x825b0250, 0x002f2c47, 0x00fb0233, 0x00e9010f, 0x8255022c, 0x20038313, 0x24078219, 0x020d0056, 
    0x207f82db, 0x06af4a4a, 0x07824220, 0x2106eb4a, 0xff82cf01, 0x0200f128, 0x3200fe02, 0x4382ff01, 0x15272383, 0x37032e00, 0x83035000, 0x82562027, 
    0x82f62013, 0x8210202f, 0x00f22467, 0x822b0322, 0x0024220b, 0x0833491f, 0x06003b22, 0x01277f83, 0x013300f2, 0x4b2800be, 0xe7260627, 0xbcfffd00, 
    0xf7825f03, 0x2f825320, 0x02202382, 0x8f828783, 0x6b830120, 0x13823f20, 0xab824c20, 0x0220db82, 0xff425f82, 0x00f12408, 0x8234020a, 0x82e9206f, 
    0x826020e3, 0x00752823, 0x000c0213, 0x8260020e, 0x24af830f, 0x015600fd, 0x241782ac, 0x0113000a, 0x201782aa, 0x20178270, 0x2aa78220, 0x03180099, 
    0x020f0007, 0x841d003c, 0x829020fb, 0x82222017, 0x82c32027, 0x826b2007, 0x82812007, 0x822c2047, 0x82e3202f, 0x825f205b, 0x82d42003, 0x218b8217, 
    0x07822f03, 0x50009028, 0x56000804, 0x47825c03, 0x3a001224, 0x97826102, 0x24078f49, 0x01100035, 0x202f82cf, 0x20e38256, 0x28078af6, 0x0217008d, 
    0x0310000d, 0x2013824e, 0x20038295, 0x2437828a, 0x022e0020, 0x2407827e, 0x02270015, 0x2057827f, 0x204f823b, 0x23938243, 0x030c009e, 0x01210786, 
    0x061f420d, 0x1782fb20, 0xbb857720, 0x00d40223, 0x2273820d, 0x82c1020d, 0x824a200f, 0x85d220ab, 0x2c4b829b, 0x00150241, 0x0083032e, 0x00ef0243, 
    0x443b8343, 0x3f440737, 0x0827440f, 0x3800c126, 0x36002f02, 0x07844b82, 0x00890324, 0x6b830218, 0x44071741, 0x022106a7, 0x866386d8, 0x0fcf4307, 
    0x2e088f41, 0x0119006c, 0x022200f2, 0x0114004b, 0x900200f1, 0x84772007, 0x012e26ef, 0x015600fd, 0x20ef82a2, 0x24578258, 0x045000f6, 0x26e7826a, 
    0x02feffe4, 0x4e250034, 0x3020060b, 0x0f240782, 0x2a007801, 0x8320bb84, 0x33822f82, 0x008b0223, 0x22bb8408, 0x4321003d, 0xe784071b, 0x47827520, 
    0x08008c23, 0x06e34d03, 0x00280223, 0x20938425, 0x201782bb, 0x20038260, 0x202f8233, 0x058f4135, 0x37073743, 0x41002f03, 0x34001003, 0x33005e02, 
    0x50006302, 0x1200f701, 0x33004d02, 0x37220782, 0x1782bb01, 0x50003e2c, 0x37005a02, 0x4e001101, 0x1f821902, 0x3f82fd20, 0x07824420, 0x1000f628, 
    0x3200d601, 0x37824e02, 0x23824220, 0x4a005324, 0x0b82c001, 0x3b826520, 0x2382bd20, 0x4a004024, 0x0b820203, 0x1000ff24, 0x0b820803, 0x39004622, 
    0x7a28c384, 0x0503e3ff, 0x5101e3ff, 0x0d280382, 0x2303eeff, 0xd402e3ff, 0x56240382, 0x26030600, 0x5e200782, 0x02207b85, 0x01277782, 0x01390011, 
    0x82e6ff11, 0x84b92003, 0x20538267, 0x21038602, 0x1b824603, 0x8e00782a, 0x77007801, 0xf6ff7801, 0x5e20bf84, 0x03977f82, 0x2906474d, 0xd7ff0d03, 
    0xd6fffe02, 0x0782d502, 0xdcfff02a, 0xd4ff9702, 0xd4ffa102, 0xf720ef84, 0x038ee782, 0x827a0221, 0xff7a2827, 0xff3803dc, 0x822903d7, 0x82222007, 
    0x823d2007, 0x839f8237, 0x210397a3, 0x27820003, 0x2f820020, 0x0782be20, 0x0782af20, 0x0782a820, 0x0782c320, 0xd4ff7123, 0x82038203, 0x823e20db, 
    0x822f2003, 0x82d820db, 0x82c32003, 0x8603200b, 0x82fa200b, 0x01fa2407, 0x82d7ff4c, 0x02dc2203, 0x2407820a, 0x01dcfffb, 0x208782f4, 0x2007820f, 
    0x82ab82bd, 0x4d022003, 0x0f860f4f, 0x82140321, 0x82382067, 0x82f62067, 0x82e72007, 0x82ad2007, 0x82c82007, 0x0a3b41af, 0x8c074341, 0x82bf2007, 
    0x8263202b, 0x82972003, 0x824d2003, 0x004623a3, 0x039b0339, 0x57821720, 0x2b823a20, 0x0782f820, 0x0782e920, 0x0782af20, 0x0782ca20, 0x3b826520, 
    0xd4ff8222, 0x41078f41, 0x27410757, 0x20db8207, 0x20eb82f8, 0x41bf882b, 0x6f830acf, 0x231fc741, 0x0800ac03, 0x04250383, 0x04d7ff22, 0x206f8213, 
    0x200782ea, 0x20078205, 0x207782ac, 0x417782b6, 0x04211e97, 0x242f8215, 0x04dcff15, 0x200782d3, 0x200782c4, 0x200782bd, 0x230782d8, 0x04d4ff86, 
    0xf39c0382, 0x39004624, 0x2f822c04, 0xdcff4f24, 0x07820d05, 0x3782fe20, 0x0782c420, 0x0782df20, 0x3f827a20, 0xf7899720, 0xcb4fc794, 0xe7ff2208, 
    0x830b8202, 0x780127c7, 0x11017800, 0x07845a00, 0x20059747, 0x14534221, 0xdeffb42a, 0xe1ffb402, 0xdeff3a03, 0xe1240382, 0x5600d603, 0x10203382, 
    0x1b200382, 0x37240382, 0xf9ff1101, 0xf1200382, 0xb9200382, 0x0f830386, 0x0d01e42c, 0x0d010300, 0x8601fcff, 0x0382deff, 0x2b82e120, 0x37861a20, 
    0xff413720, 0x0040240c, 0x8653024a, 0x06934103, 0x00560223, 0x20038406, 0x2a7382e4, 0x02e1ff0e, 0x01dcff9f, 0x85f6ff78, 0x2f002103, 0x20142b41, 
    0x202b8271, 0x20a78242, 0x26078273, 0x04e1ff45, 0x82340025, 0x826e206f, 0x836f2003, 0x43f784f3, 0xdc200583, 0x430f8343, 0x03201f33, 0x081f7342, 
    0x08009727, 0x5600c102, 0x34001003, 0x43003402, 0x1d000e03, 0x1d009206, 0x4900d103, 0x1900b70d, 0x0a00c301, 0xf0040000, 0x20008e01, 0x3d0f8ea4, 
    0x010c0101, 0x0113012f, 0x280f1c01, 0x1b2001b8, 0x26191180, 0xad012001, 0x135e9713, 0x2c852a7a, 0x17010b2e, 0x21011001, 0x01c4c428, 0x111c78c8, 
    0x0d271482, 0x5aaf1c0e, 0x82096401, 0x2002820a, 0x20068481, 0x8205840c, 0x82022004, 0x010d294c, 0x01017a01, 0xac0d0112, 0x08211584, 0x25778d01, 
    0x05050508, 0x00842f01, 0x01227b83, 0x0082b801, 0x19111522, 0x01220083, 0x00821319, 0x0b203d82, 0x0c220084, 0x00821017, 0x0082c420, 0x111c0122, 
    0x01220083, 0x00821c11, 0x64016424, 0x01830b2f, 0x85171321, 0x01012301, 0xa5820115, 0x03821020, 0x10010e24, 0x0185210f, 0x14282825, 0x87c4b828, 
    0x83c42001, 0x8220208c, 0xc81b219e, 0x2d260182, 0xa71c2b1b, 0x01831c11, 0x011c0125, 0x8311191c, 0x82202001, 0x212182fc, 0xc182010d, 0x830ead21, 
    0x1c132101, 0x01270187, 0x7a5a5e1c, 0x83092a64, 0x01012401, 0x410ead0d, 0x5e21084b, 0x2101835a, 0x5c41647a, 0x82108210, 0x200294ea, 0x201b8230, 
    0x2030842d, 0x2605832b, 0x13130131, 0x41104b4b, 0x0220053f, 0x13844893, 0x82070721, 0x094c4106, 0x08242883, 0x12010108, 0x0a25ae82, 0x15012f01, 
    0x261e8213, 0x1c012801, 0x83370112, 0x01a72209, 0x24d98266, 0x10120119, 0x83d8820d, 0x01953011, 0x2d0c0aad, 0x2a017a01, 0x0a010109, 0x88090b0a, 
    0x8228206b, 0x010c281e, 0xb80b2f04, 0x8a1119c4, 0x0b2f2cf5, 0x0c010b2f, 0x210f0113, 0x82190120, 0x0a012101, 0x28262882, 0x0101210f, 0x19831c11, 
    0x84111921, 0x01102421, 0x83c4b810, 0x1119223a, 0x836b8220, 0x010b2240, 0x82548328, 0x2027826a, 0x05604101, 0x7a11192b, 0x09110964, 0x102f8282, 
    0x2aac8217, 0x0e011709, 0x1c161314, 0x82080101, 0x11112101, 0xfc915b83, 0x01b8b82a, 0x20071401, 0x2f06121d, 0x0130e882, 0x1d016401, 0x8001201d, 
    0x26061928, 0x5412ad13, 0x32214782, 0x23968314, 0x160b2613, 0x2908d582, 0x132f6810, 0x55011c13, 0x01211113, 0x8064d217, 0x3d0b0101, 0x0b200115, 
    0x10012e0e, 0x0e012810, 0xc4c4c40d, 0x1c28010c, 0x6a826413, 0x01190a3e, 0x261d8966, 0x01260120, 0x01010901, 0x60672305, 0x09112f01, 0x12019e7b, 
    0x13012b13, 0x16820182, 0xad171329, 0x7aa97ad2, 0x821213a9, 0x0b23245e, 0x8228010d, 0xb8132817, 0x23016864, 0x82280f11, 0x0b1326eb, 0x2fb8427c, 
    0x21e7820b, 0x6282010c, 0x82012821, 0x012f261a, 0x1d131d0a, 0x26f78213, 0x01011901, 0x8364120e, 0x0b012101, 0x20244182, 0xac01010c, 0x2f207b82, 
    0x01290382, 0xb801282a, 0x11801320, 0x28cd8231, 0x547aad01, 0x0f2d3d13, 0x3318822e, 0xc8321c0b, 0xaf01011c, 0x1621110a, 0x2fde0901, 0x777f0180, 
    0xb82f3083, 0x327a1222, 0xc81c010f, 0x2f11c8c8, 0x82772f2f, 0x860f202a, 0x2f2f2700, 0x01012319, 0x41411b2f, 0x01312209, 0x2200861c, 0x840d0101, 
    0x84368216, 0x820c8402, 0x841120f3, 0x200d8400, 0x844e8230, 0x82212002, 0x8677200e, 0x01012200, 0x240d8220, 0x0f0f012b, 0x824b8201, 0x21748273, 
    0x70867777, 0x2c231382, 0x83120101, 0x20668519, 0x82d9820c, 0x8601202e, 0x1777273c, 0x01011e01, 0x3d820103, 0x5d833184, 0x00840120, 0x09832e84, 
    0x04821d20, 0xc8229084, 0x1984b8b8, 0x16282383, 0x7a2f2f16, 0x2728017a, 0x19848887, 0x2f21da82, 0x83098211, 0x87cc85e0, 0x282f2e9c, 0x0128012d, 
    0x0001015a, 0x00050001, 0x262d8405, 0x01060605, 0x84030305, 0x8200200b, 0x04243400, 0x0d3809ae, 0x004c12c2, 0x00c808c1, 0xff0b0008, 0x840900fd, 
    0x000a2205, 0x220b820c, 0x820d000b, 0x840c2005, 0x000d2205, 0x220b820e, 0x820f000e, 0x000f2205, 0x22058210, 0x82110010, 0x00112205, 0x20058212, 
    0x28058412, 0xff140013, 0x001400fc, 0x22058215, 0x82160015, 0x84162005, 0x00172605, 0x00fbff18, 0x26058418, 0xff190019, 0x841a00fa, 0x001b2205, 
    0x200b821b, 0x2205841c, 0x821c001d, 0x001e220b, 0x2205821d, 0x821e001f, 0x00202805, 0x00f9ff20, 0x82210021, 0x84222005, 0x00232205, 0x220b8222, 
    0x82240024, 0x00252205, 0x20058225, 0x28058426, 0xff260027, 0x002800f8, 0x22058227, 0x82290029, 0x002a2605, 0x00f7ff2a, 0x2205842b, 0x822b002c, 
    0x002d220b, 0x2205822c, 0x822d002e, 0x002f2205, 0x2205822e, 0x822f0030, 0x00312205, 0x26058230, 0xff310032, 0x843300f6, 0x00342205, 0x220b8232, 
    0x82330035, 0x00362805, 0x00f5ff34, 0x82360037, 0x00382205, 0x22058237, 0x82380039, 0x003a2205, 0x28058239, 0xff3a003b, 0x003c00f4, 0x2205823b, 
    0x823c003d, 0x843e2005, 0x003f2205, 0x220b823e, 0x823f0040, 0x00412205, 0x26058240, 0xff420042, 0x844300f3, 0x00442205, 0x220b8243, 0x82440045, 
    0x00462605, 0x00f2ff45, 0x22058447, 0x82470048, 0x8449200b, 0x004a2205, 0x280b8248, 0xff49004b, 0x004c00f1, 0x2205824a, 0x824b004d, 0x824e2005, 
    0x00f02805, 0xff4d004f, 0x845000f0, 0x00512205, 0x220b824f, 0x82500052, 0x84532005, 0x00542205, 0x280b8251, 0xff520055, 0x005600ef, 0x22058253, 
    0x82550057, 0x00582205, 0x20058256, 0x22058459, 0x8257005a, 0x005b280b, 0x00eeff58, 0x8259005c, 0x005d2205, 0x2205825a, 0x825b005e, 0x005f2805, 
    0x00edff5c, 0x825e0060, 0x84612005, 0x00622205, 0x220b825f, 0x82600063, 0x00642605, 0x00ecff61, 0x22058465, 0x82620066, 0x0067220b, 0x22058263, 
    0x82660068, 0x84692005, 0x006a2805, 0x00ebff67, 0x8268006b, 0x006c2205, 0x28058269, 0xff6a006d, 0x006e00ea, 0x2005826b, 0x2205846f, 0x826c0070, 
    0x0071220b, 0x2805826d, 0xff6e0072, 0x007300e9, 0x2205826f, 0x82700074, 0x00752205, 0x22058271, 0x82720076, 0x00772205, 0x22058273, 0x82740078, 
    0x00792205, 0x28058275, 0xff77007a, 0x007b00e8, 0x22058278, 0x8279007c, 0x827d2005, 0x00e72a05, 0xff7a007e, 0x007f00e7, 0x2205827b, 0x827c0080, 
    0x00812205, 0x2005827d, 0x22058482, 0x827e0083, 0x0084260b, 0x00e6ff80, 0x22058485, 0x82820086, 0x0087220b, 0x22058283, 0x82840088, 0x84892005, 
    0x008a2205, 0x220b8285, 0x8286008b, 0x008c2805, 0x00e5ff87, 0x8289008d, 0x828e2005, 0x00e32a05, 0xff8a008f, 0x009000e3, 0x2005828b, 0x22058491, 
    0x828d0092, 0x0093220b, 0x2205828e, 0x828f0094, 0x00952205, 0x22058290, 0x82910096, 0x00972205, 0x22058292, 0x82930098, 0x00992205, 0x22058294, 
    0x8295009a, 0x009b2205, 0x28058296, 0xff97009c, 0x009d00e2, 0x20058298, 0x2805849e, 0xff99009f, 0x00a000e1, 0x2605829b, 0xff9c00a1, 0x84a200e0, 
    0x00a32205, 0x220b829d, 0x829e00a4, 0x00a52205, 0x2205829f, 0x82a000a6, 0x00a72205, 0x220582a2, 0x82a300a8, 0x84a92005, 0x00aa2205, 0x280b82a4, 
    0xffa500ab, 0x00ac00df, 0x220582a6, 0x82a700ad, 0x00ae2205, 0x280582a8, 0xffa900af, 0x00b000dd, 0x220582aa, 0x82ab00b1, 0x00b22205, 0x220582ac, 
    0x82ad00b3, 0x00b42205, 0x220582ae, 0x82af00b5, 0x00b62205, 0x220582b0, 0x82b100b7, 0x00b82205, 0x220582b2, 0x82b400b9, 0x84ba2005, 0x00bb2805, 
    0x00dcffb5, 0x82b600bc, 0x84bd2005, 0x00be2205, 0x220b82b7, 0x82b800bf, 0x00c02805, 0x00dbffb9, 0x82ba00c1, 0x00c22205, 0x280582bb, 0xffbc00c3, 
    0x00c400da, 0x220582bd, 0x82bf00c5, 0x84c62005, 0x00c72205, 0x220b82c0, 0x82c200c8, 0x05894405, 0xfeff0822, 0x04890410, 0x13091086, 0x21268904, 
    0x0900f9ff, 0x05822500, 0x2a000a28, 0x0b00f7ff, 0x05822d00, 0x31000c2e, 0x0d00f6ff, 0xf5ff3400, 0x39000e00, 0x20080582, 0xff3e000f, 0x001000f4, 
    0x00f3ff42, 0xff450011, 0x001200f2, 0x00f1ff49, 0xff4d0013, 0x001400f0, 0x3a058250, 0xff560015, 0x001600ef, 0x00eeff59, 0xff5e0017, 0x001800ed, 
    0x00ecff61, 0x82660019, 0x001a3405, 0x00ebff69, 0xff6d001b, 0x001c00ea, 0x00e9ff71, 0x8275001d, 0x001e2805, 0x00e7ff79, 0x827d001f, 0x00202805, 
    0x00e6ff80, 0x82850021, 0x00222805, 0x00e3ff89, 0x828d0023, 0x00242205, 0x22058291, 0x82950025, 0x00262e05, 0x00e2ff98, 0xff9d0027, 0x002800e0, 
    0x2e0582a2, 0xffa50029, 0x002a00df, 0x00ddffa9, 0x82ad002b, 0x002c2205, 0x340582b1, 0xffb6002d, 0x002e00dc, 0x00dbffb9, 0xffbd002f, 0x003000da, 
    0x340582c2, 0xffc50031, 0x003200d9, 0x00d8ffc9, 0xffcd0033, 0x003400d7, 0x2e0582d1, 0xffd50035, 0x003600d6, 0x00d4ffd9, 0x82dd0037, 0x00382805, 
    0x00d3ffe1, 0x82e60039, 0x003a2805, 0x00d1ffea, 0x82ee003b, 0x003c2805, 0x00d0fff1, 0x82f5003d, 0x003e2e05, 0x00cffff8, 0xfffd003f, 0x014000cd, 
    0x22058202, 0x82050141, 0x01422805, 0x00cbff09, 0x820d0143, 0x01442805, 0x00caff11, 0x82160145, 0x01462805, 0x00c7ff1a, 0x821d0147, 0x01482805, 
    0x00c6ff21, 0x82250149, 0x014a2205, 0x28058229, 0xff2e014b, 0x014c00c4, 0x2e058231, 0xff36014d, 0x014e00c3, 0x00c1ff3a, 0x823d014f, 0x01502205, 
    0x2e058241, 0xff460151, 0x015200c0, 0x00beff4a, 0x824d0153, 0x01542805, 0x00bdff52, 0x82560155, 0x01563405, 0x00bcff59, 0xff5d0157, 0x015800bb, 
    0x00baff61, 0x82650159, 0x015a2e05, 0x00b8ff6a, 0xff6d015b, 0x015c00b7, 0x22058271, 0x8276015d, 0x015e2805, 0x00b4ff79, 0x827d015f, 0x01602205, 
    0x22058282, 0x82850161, 0x01622e05, 0x00b3ff89, 0xff8e0163, 0x016400b1, 0x2e058292, 0xff950165, 0x016600b0, 0x00aeff99, 0x829d0167, 0x01682805, 
    0x00adffa1, 0x82a60169, 0x016a2805, 0x00abffaa, 0x82ad016b, 0x016c2805, 0x00aaffb2, 0x82b6016d, 0x016e2e05, 0x00a9ffb9, 0xffbe016f, 0x017000a7, 
    0x220582c2, 0x82c60171, 0x01722805, 0x00a5ffc9, 0x82ce0173, 0x01742805, 0x00a4ffd1, 0x82d70175, 0x01762805, 0x00a2ffda, 0x82de0177, 0x01782805, 
    0x00a1ffe3, 0x82e50179, 0x017a2e05, 0x00a0ffe9, 0xffee017b, 0x017c009e, 0x220582f2, 0x82f5017d, 0x017e2805, 0x009bfffa, 0x82fe017f, 0x02802205, 
    0x2e058201, 0xff060281, 0x0282009a, 0x0098ff0a, 0x820e0283, 0x02842805, 0x0097ff12, 0x82160285, 0x02862205, 0x2e05821a, 0xff1e0287, 0x02880095, 
    0x0094ff22, 0x82270289, 0x028a2e05, 0x0092ff2a, 0xff2e028b, 0x028c0091, 0x22058232, 0x8236028d, 0x028e2805, 0x008fff3a, 0x823e028f, 0x02902205, 
    0x3a058241, 0xff470291, 0x0292008e, 0x008dff49, 0xff4e0293, 0x0294008c, 0x008bff52, 0x82560295, 0x02962805, 0x0088ff5a, 0x825e0297, 0x02982205, 
    0x2e058262, 0xff660299, 0x029a0087, 0x0085ff6b, 0x826e029b, 0x029c2205, 0x28058273, 0xff76029d, 0x029e0084, 0x2805827a, 0xff7e029f, 0x02a00082, 
    0x2e058283, 0xff8602a1, 0x02a20081, 0x007fff8a, 0x828e02a3, 0x02a42205, 0x2e058292, 0xff9702a5, 0x02a6007e, 0x007cff9b, 0x829f02a7, 0x02a82805, 
    0x007bffa2, 0x82a602a9, 0x02aa2e05, 0x007affa9, 0xffaf02ab, 0x02ac0078, 0x220582b3, 0x82b602ad, 0x02ae2e05, 0x0076ffba, 0xffbe02af, 0x02b00075, 
    0x220582c2, 0x82c702b1, 0x02b22805, 0x0072ffca, 0x82ce02b3, 0x02b42205, 0x280582d2, 0xffd602b5, 0x02b60071, 0x2e0582da, 0xffde02b7, 0x02b8006f, 
    0x006effe2, 0x82e602b9, 0x02ba2805, 0x006cffea, 0x82ef02bb, 0x02bc2205, 0x2e0582f2, 0xfff602bd, 0x02be006b, 0x0069fffb, 0x82ff02bf, 0x03c02805, 
    0x0068ff02, 0x820603c1, 0x03c23405, 0x0067ff0a, 0xff0e03c3, 0x03c40066, 0x0065ff13, 0x821703c5, 0x03c62e05, 0x0063ff1a, 0xff1e03c7, 0x03c80062, 
    0x10058222, 0x89042712, 0x00820020, 0x00001c3a, 0x270bf404, 0x03030006, 0x06070503, 0x04030709, 0x03060504, 0x06040305, 0x03210088, 0x2b0a8203, 
    0x07070a05, 0x06060807, 0x06030808, 0x08272782, 0x07090709, 0x82080506, 0x06072c05, 0x06040404, 0x06060405, 0x82060605, 0x222e8205, 0x82060903, 
    0x05042900, 0x09050605, 0x04050506, 0x03234d83, 0x820b0504, 0x060e270a, 0x03030b03, 0x0d820505, 0x05080425, 0x85070a03, 0x0503245d, 0x83040904, 
    0x0404212e, 0x87844e84, 0x0a0a0525, 0x8407040a, 0x070a2100, 0x06205082, 0x0323a482, 0x83090808, 0x09062200, 0x82008208, 0x8217831b, 0x87052096, 
    0x83b6881f, 0x20518208, 0x82ae8207, 0x07052103, 0x08210184, 0x88c38207, 0x06082122, 0x5b830189, 0x22820386, 0x82070321, 0x0306211a, 0x04220184, 
    0x26850306, 0x13820920, 0x83060921, 0x04072101, 0x06200183, 0xde835e82, 0x00820520, 0x08244889, 0x07090906, 0x06221984, 0x1e820305, 0x04030522, 
    0xb8840086, 0x02201b82, 0x06890f86, 0xec82e983, 0x06200292, 0x0925b082, 0x06030206, 0x05914106, 0xf2820920, 0x0c0b0724, 0xf0820406, 0x82060521, 
    0x834b9004, 0x83032010, 0x04052273, 0x2d1c840a, 0x0b050403, 0x05050303, 0x07080604, 0x3f820606, 0x09080622, 0xcc820882, 0x09231082, 0x82070404, 
    0x830b20e5, 0x0b0625b5, 0x0706080a, 0x03245482, 0x05040604, 0x08221182, 0x0d820608, 0x0682c382, 0x03060522, 0x0e270282, 0x090b0c0d, 0x820b0e06, 
    0x03032240, 0x0a3e4109, 0x07223782, 0x30820a06, 0x09224183, 0x31820906, 0x2c820320, 0x0c060823, 0x22118307, 0x8409080a, 0x07a54121, 0x20074441, 
    0x21428208, 0x21820506, 0x82070821, 0x41958378, 0x2d820560, 0x08050524, 0xee820905, 0x07060523, 0x20008205, 0x21218207, 0x73820607, 0x07040722, 
    0xf68dcb82, 0x46820620, 0x03251c82, 0x080b0b06, 0x84538207, 0x208482e4, 0x220d8208, 0x82090809, 0x0605223a, 0x82418209, 0x2151821e, 0x8b82070c, 
    0x06070525, 0x82070509, 0x83092009, 0x05052293, 0x82078305, 0x0608216f, 0xf4820984, 0x03030524, 0x15820a03, 0x82050721, 0x0907215e, 0x2f834e83, 
    0x0623d982, 0x82060705, 0x23058219, 0x06070708, 0x07236382, 0x840b0709, 0x050522ab, 0x20018307, 0x21658206, 0x1b820706, 0x19820920, 0x09090322, 
    0xa3842484, 0x03090923, 0x217d8207, 0x5382080a, 0x09231082, 0x82050609, 0x859a82ff, 0x073842f7, 0x65820720, 0x0d080923, 0x211d820b, 0x75850406, 
    0x39820820, 0x08090723, 0x82cd8206, 0x8358827f, 0x23268263, 0x06040706, 0x05220682, 0x7a830606, 0x0920a582, 0x09221882, 0x27820304, 0x06247782, 
    0x06040404, 0x09200082, 0x07200782, 0x08200088, 0x07210082, 0x82168207, 0x07072202, 0x85008209, 0x2394820b, 0x0a0a0b08, 0x5f410282, 0x051e4109, 
    0x09251f85, 0x0a0b0b09, 0x820b850b, 0x0a0a212b, 0x8405d242, 0x21198305, 0x55850a0a, 0x09207386, 0x0a237087, 0x820b0c0a, 0x870a201f, 0x0c0c2439, 
    0x820d0d0e, 0x82388402, 0x200f8204, 0x880f830e, 0x070725a0, 0x0403040a, 0x06224685, 0x77820808, 0x03209088, 0x83054f43, 0x8207204a, 0x070724c2, 
    0x82070908, 0x264a841c, 0x090a090a, 0x8204040c, 0x080822d2, 0x86198208, 0x82b685cc, 0x09082b9c, 0x0b130906, 0x00000527, 0xf3442a0c, 0x07082305, 
    0x5082080a, 0x03070625, 0x89050305, 0x0303217e, 0x05220b82, 0x7a82070b, 0x08060732, 0x08060308, 0x09090b06, 0x06080907, 0x0b070807, 0x04261b82, 
    0x06070405, 0x09820605, 0x07050727, 0x06030307, 0x26158303, 0x06060507, 0x82090507, 0x82bd8218, 0x05042916, 0x0506060c, 0x0c03060f, 0x20058043, 
    0x821b820c, 0x255d8328, 0x06030708, 0x41820a05, 0x04200482, 0x052ac082, 0x05030807, 0x0a060504, 0x87860a0a, 0x07080b22, 0x03200082, 0xdb840082, 
    0xf3447e84, 0x820a200b, 0x8263821d, 0x82b7891f, 0x82052009, 0x07062190, 0x08200182, 0x9b42aa82, 0x08874105, 0x15871e82, 0x09070822, 0x3c82b682, 
    0x09250285, 0x08030606, 0x44058306, 0x042006f3, 0x2282ed82, 0x03820a20, 0x08210985, 0x20018305, 0x86008306, 0x234a8962, 0x090b0708, 0x03217687, 
    0x217b8206, 0x00860503, 0x83090b21, 0x05072101, 0x2012f344, 0x12ee440b, 0x07291284, 0x09060808, 0x07030207, 0x05fd4507, 0x08080929, 0x0d0c0909, 
    0x82060407, 0x06072100, 0xfd431682, 0x290d840d, 0x05030305, 0x05050404, 0x0682040b, 0x04030425, 0x82030c06, 0x07052389, 0xf4820809, 0x50820720, 
    0x08830a20, 0x0607082c, 0x050b0808, 0x04060804, 0xd7820b06, 0x0c070923, 0x24c6820a, 0x03070506, 0x82c08205, 0x82082011, 0x07062226, 0x82c48307, 
    0x06033103, 0x0e0f0307, 0x06090c0d, 0x070a0c0f, 0x09030306, 0x82065441, 0x82578234, 0x0a0b21e9, 0x5f820a83, 0x82090721, 0x232c8335, 0x080d0708, 
    0x0b210b83, 0x8305830a, 0x05a541af, 0x07225c82, 0x01820508, 0x06214282, 0x83358205, 0x2041829a, 0x08624107, 0x05050726, 0x0b0b0509, 0x05217d84, 
    0x82238206, 0x2274828b, 0x82080709, 0x6106209c, 0x07220ef1, 0x3c820907, 0x06030322, 0x08209d82, 0x84839684, 0x09070b23, 0x20e18209, 0x825b8208, 
    0x2a0d823c, 0x090b0b08, 0x0c07070a, 0x82070608, 0x823383e0, 0x05104291, 0x41826d82, 0x82090921, 0x82062014, 0x201f8222, 0x22e18206, 0x820a0a03, 
    0x86052021, 0x09062295, 0x22398307, 0x82060506, 0x440b2011, 0x082105c8, 0x23b18408, 0x0a0c080a, 0x36821d82, 0x2305f344, 0x0608080a, 0x0726d582, 
    0x080a080a, 0x80820b03, 0x03821c83, 0x090b0623, 0x21518203, 0x63820b06, 0x45831f83, 0x57820720, 0x82055642, 0x8406208a, 0x0805213f, 0x0a23f182, 
    0x820c0e09, 0x8302820d, 0x0807254b, 0x07080309, 0xc4412f82, 0x070b2205, 0x05514109, 0x07070524, 0x35820604, 0xee420620, 0x06092306, 0x2b820b09, 
    0x82030421, 0x820a208f, 0x0404226a, 0x23198204, 0x05050b07, 0x210ad243, 0x3d820808, 0x84060821, 0x08082200, 0x2000820a, 0x24008607, 0x0b0c0909, 
    0x4402820b, 0x1e850ff3, 0x0c0a0925, 0x850c0b0c, 0x0707260b, 0x0a0b0a08, 0x8500860b, 0x0b0a2519, 0x06060707, 0x04209182, 0x0d827384, 0x0b232b85, 
    0x820d0d0b, 0x220f8839, 0x820f0d0d, 0x0e0e2100, 0x0b233c86, 0x84100d0d, 0x842d850f, 0x050b2205, 0x83b28703, 0x820c20a1, 0x2093850c, 0x054f4303, 
    0x09222a89, 0x1c820809, 0x91824a85, 0x05050d22, 0x2005c645, 0x85e48207, 0x359c88cc, 0x09070908, 0x052a0b14, 0x2e0d0000, 0x03030007, 0x07090504, 
    0xf344090b, 0x090c2418, 0x83090908, 0x0703224c, 0x23278208, 0x080a080a, 0xf3440d83, 0x2b168209, 0x08050808, 0x07030308, 0x08070b04, 0xfd830b82, 
    0x07070928, 0x04040406, 0xa9820707, 0x06060d27, 0x04071005, 0x2ab5840d, 0x0a050d06, 0x070c0406, 0x82070403, 0x06042600, 0x06050b05, 0x24048207, 
    0x05050704, 0x23458205, 0x06060505, 0x0520c782, 0x2005e344, 0x4347820c, 0x0921062d, 0x2100830a, 0x18830a07, 0x82080721, 0x203e8284, 0x82708407, 
    0x0303227a, 0x82138208, 0x8507207c, 0x05914218, 0x82075142, 0x05004307, 0x20822482, 0xd4820b82, 0xf1440586, 0x03032208, 0x2169820a, 0x05820708, 
    0x83070421, 0x07052101, 0x2306f344, 0x0709070b, 0x0a20f783, 0xe982db82, 0x06070522, 0x628a0189, 0x830b0721, 0x201b84ac, 0x44208304, 0x07210ff3, 
    0x0eb14302, 0x0c20ea82, 0x9105b241, 0x08082105, 0x07267382, 0x08070302, 0x00830705, 0x09297b82, 0x070e0d09, 0x07070605, 0x20018206, 0x834b9007, 
    0x06f34410, 0x05040c23, 0x27008204, 0x040d0605, 0x05060604, 0x0820e982, 0xaa820082, 0x08080a23, 0x24cc8208, 0x0b080907, 0x22dc8205, 0x820d0704, 
    0x080a2465, 0x82090b0d, 0x07062517, 0x05070504, 0x0a201b82, 0x21058844, 0xf7440607, 0x82042005, 0x0f112618, 0x070a0d0e, 0x23288210, 0x0a030307, 
    0xac439b82, 0x20088308, 0x833f820c, 0x080a2641, 0x0607080a, 0x222c8203, 0x840e0809, 0x0b0c2124, 0x07242c85, 0x03080708, 0x0a200082, 0x08232182, 
    0x83050805, 0x06072535, 0x09090809, 0x06216b82, 0x41e18209, 0x3f820560, 0x0a05072b, 0x090b0b05, 0x08070608, 0x26bc8606, 0x0a040707, 0x82050808, 
    0x24f58ef9, 0x070a0707, 0x20918208, 0x209d8207, 0x83d98208, 0x42092084, 0x09220514, 0xc782090b, 0x0b205982, 0x0d27d182, 0x080b090e, 0x82080d08, 
    0x0805252c, 0x08060908, 0x09210982, 0x82008208, 0x820b20ef, 0x0b0b2514, 0x05070a08, 0x65820982, 0x82060521, 0x821082a7, 0x08072216, 0x20af8209, 
    0x8205820a, 0x27d9822f, 0x07080607, 0x06070a0c, 0x83051646, 0x090b2217, 0x82e1840d, 0x07072147, 0xb7823182, 0x08220582, 0x01820b08, 0x0c830320, 
    0x24056842, 0x090b0708, 0x05294103, 0x07205382, 0x0922a282, 0x4d820607, 0xf7858182, 0x8206e541, 0x2286823b, 0x820d0f0a, 0x05072122, 0x2205b345, 
    0x82030a09, 0x0709224f, 0x250e820a, 0x070b0707, 0xbd830a0b, 0x08213e82, 0x24718304, 0x08080806, 0x823e8206, 0x206f8218, 0x05f3440a, 0x07070825, 
    0x82040404, 0x0b072405, 0x82050505, 0x28028421, 0x0a0b0909, 0x09090a09, 0x82008407, 0x0a0b2154, 0x27088d44, 0x0c0c0a0a, 0x0b0b0d0c, 0x8309f344, 
    0x83062024, 0x253b825d, 0x0d0d0b0a, 0x1f450d0c, 0x420b2008, 0x198509b6, 0x080c0b22, 0x74826c83, 0x0b210783, 0x826e840b, 0x0c0c2304, 0x39820e0e, 
    0x22082d45, 0x82100e0e, 0x0f0f2100, 0x2707ef42, 0x11110e0e, 0x0f0f1010, 0x09202f86, 0x0c220082, 0xb2820405, 0xaf826a84, 0x440d0b21, 0x6c8513f3, 
    0x090a0a22, 0x8208f344, 0x050e2450, 0x82090905, 0x87e08213, 0x829c87cc, 0x0a073317, 0x062e0d16, 0x350f0000, 0x03030008, 0x080a0604, 0x68820a0d, 
    0x04080724, 0xe4860406, 0x04218483, 0x21058204, 0x47820e06, 0x08090b2c, 0x08030b0a, 0x0b0d0809, 0xde82090c, 0x090a092c, 0x0909080d, 0x08050605, 
    0x16820607, 0x06090929, 0x03030909, 0x820d0408, 0x092708b4, 0x09060706, 0x07080d07, 0x05040507, 0x05040808, 0x07070f06, 0x04081206, 0x0604040f, 
    0x0f070506, 0x04070b06, 0x8303090e, 0x0407275d, 0x060c0607, 0x04820807, 0x05080527, 0x0a090605, 0x23218204, 0x0d0d0d07, 0x4b835082, 0x830a0e21, 
    0x82032005, 0x0b0b2200, 0x2200830c, 0x820a0c08, 0x41148200, 0x86830526, 0x03217a83, 0x05234503, 0x84080921, 0x44072007, 0xb14205e5, 0x080a2605, 
    0x090b080a, 0x8218840b, 0x20218204, 0x83c0820a, 0x44158303, 0xd9820af3, 0x08090423, 0x21b3820b, 0x01820408, 0x04080622, 0x2005a149, 0x213c820d, 
    0x0183090c, 0x2106c94e, 0x944c0807, 0x834a8708, 0x0d0d2107, 0x7a837682, 0x08040724, 0x944e0907, 0x06062206, 0x82ce8206, 0x44092002, 0x072112f3, 
    0x911b850e, 0x0a092905, 0x080c080a, 0x09080402, 0x21059141, 0x1182090c, 0x08101025, 0x83080706, 0x0808217c, 0x840efd43, 0x0406290e, 0x05050604, 
    0x050e0606, 0x05290682, 0x0f070504, 0x07070404, 0x23fb8606, 0x0c0b080a, 0x0d82ff82, 0x0a0a0826, 0x0a05060d, 0x0f2ae382, 0x0c0c090b, 0x0b0d0f09, 
    0x56820909, 0x08060423, 0x231e8206, 0x090a0a0c, 0x0922c982, 0x6b820707, 0x04090722, 0x132d0282, 0x0c0f1012, 0x0c0f1208, 0x03030809, 0x063e410c, 
    0x07820a20, 0x82090821, 0x0d0e2101, 0x09240a83, 0x0c090c08, 0x04203882, 0x0a232c82, 0x830a1009, 0x0d0e2153, 0x21821182, 0x4107c541, 0x3a840744, 
    0x090b0724, 0x6a840b0a, 0x60412182, 0x820c2005, 0x0b06243f, 0x820d0d06, 0x09082207, 0x83bc8207, 0x0809228b, 0x20738204, 0x200f8206, 0x22008d06, 
    0x820b0909, 0x0303253a, 0x0b0f1008, 0x4b82b882, 0x0923e482, 0x820b090d, 0x0b0d220d, 0x2695840c, 0x090b080d, 0x820b0e0e, 0x0a0e2151, 0x06272c82, 
    0x070b0909, 0x41080909, 0x08280514, 0x080b0707, 0x0c0b0809, 0x07224882, 0xa682080c, 0x07070625, 0x82030303, 0x827e8280, 0x8209202a, 0x822a8319, 
    0x06082b1a, 0x08090608, 0x07090b0d, 0x5982080a, 0x820b0821, 0x0a0c2517, 0x090c0d0f, 0x8305d745, 0x0a0d2117, 0x1d821b82, 0x0d090d24, 0x2a820309, 
    0x0b202484, 0x0e222082, 0x2941030a, 0x82092005, 0x840b2069, 0x07092145, 0x61824184, 0x47090c21, 0x0828083a, 0x0b0d0608, 0x0b080f11, 0x36820882, 
    0x09090a2a, 0x09030c0b, 0x080b0d09, 0x0820cd82, 0x08200882, 0x27065141, 0x05090907, 0x07090808, 0x3c820782, 0x0b09062e, 0x090d0b08, 0x03050c0a, 
    0x0c090b0c, 0x05226a82, 0xcd820505, 0x060d0924, 0xf9420606, 0x09092407, 0x830b0a0b, 0x8308208c, 0x0a0a2200, 0x8700820c, 0x0c0c221b, 0x2100820e, 
    0x56420d0d, 0x84238309, 0x2522825d, 0x0f0f0c0c, 0x2b870f0e, 0x420d0b21, 0x198509b6, 0x090d0d23, 0x208c8209, 0x82738609, 0x232b850d, 0x10100e0e, 
    0x0e203982, 0x09290d85, 0x13101009, 0x11131212, 0x07ef4211, 0x13111023, 0x200f8213, 0x23a18912, 0x04060e09, 0xa183b287, 0x0c820f20, 0x03219385, 
    0x8c0a8203, 0x0a0c21cc, 0x82085c43, 0x06102150, 0x0c21e882, 0x87e0830b, 0x3b9c88cc, 0x0c080c0b, 0x07350e19, 0x38100000, 0x04040008, 0x090b0704, 
    0x05040b0e, 0x04090805, 0x7e896f82, 0x82040421, 0x0f06230b, 0x46820a0b, 0x0b0b0930, 0x080a0803, 0x0a0c0b0d, 0x09090a0c, 0xd683090b, 0x05060524, 
    0xf3440809, 0x201c820e, 0x06f34406, 0x0405083d, 0x04090905, 0x08100705, 0x09140608, 0x04041005, 0x08060707, 0x070c0610, 0x84090f05, 0x0409245d, 
    0x820d0608, 0x30048241, 0x06060905, 0x040a0906, 0x08070606, 0x060e0e0e, 0x2100840b, 0xf3440b0f, 0x8309200e, 0x090b24d5, 0x84080a0a, 0x080e2100, 
    0x09201f87, 0x2105074a, 0x10830a09, 0x07090724, 0x018c080b, 0x48840a20, 0xca44dc86, 0x44058505, 0x0a250ef3, 0x08090c08, 0x23018204, 0x09060805, 
    0x2108f344, 0xf783090c, 0x0a0a0c23, 0x42018306, 0x062106a0, 0x8b018209, 0x0d0d214a, 0x20076a45, 0x44088204, 0xb04312f3, 0x210d820d, 0xea820f07, 
    0x09280294, 0x0d080b0a, 0x09040209, 0xb5836482, 0x0b287b82, 0x0911110b, 0x09080806, 0x09200183, 0x10834b90, 0xf3440420, 0x050f2305, 0x00820506, 
    0x10080625, 0x82080405, 0x0a0c24c7, 0x820a0909, 0x0d0b2150, 0x09290882, 0x0b09090b, 0x05060d0a, 0x20e5820b, 0x26d9820f, 0x0d10090c, 0x820a090b, 
    0x060521b2, 0x1b822c82, 0x26820b20, 0x09090822, 0x092e6a82, 0x04090708, 0x15040908, 0x0c101113, 0x28821408, 0x03030824, 0xf5890a0c, 0x080b0926, 
    0x0e0f080b, 0x0a201083, 0x2005f344, 0x222c8308, 0x8311090b, 0x82198224, 0x4421822c, 0x0a2008f3, 0x83054441, 0x0709212f, 0x0c210582, 0x2067820b, 
    0x416c820b, 0xa9820560, 0x0a07073a, 0x0b0d0d07, 0x0a08080a, 0x07080807, 0x0a0a0b0a, 0x0d050809, 0x09060a09, 0x200c9455, 0x28008206, 0x080c0909, 
    0x0303090a, 0x839d8208, 0x822b826f, 0x090d2884, 0x0b0a0b0b, 0x820c0b0d, 0x09092105, 0x0a280d82, 0x0e0c1010, 0x0a0f0a0a, 0x07272c82, 0x080d090a, 
    0x82090a0a, 0x820a202e, 0x0707267a, 0x0909080d, 0x237d820c, 0x090d0808, 0x072b0082, 0x03030708, 0x090e0e03, 0x82070a09, 0x0c0a2418, 0x83090c09, 
    0x82848256, 0x090a281a, 0x08090d0d, 0x820a090b, 0x26338201, 0x110b0d0a, 0x820a0d0e, 0x090721bf, 0x08220183, 0x04470b0e, 0x0a0d2705, 0x0d030a0d, 
    0x3a820a0d, 0x83090b21, 0x0b0e222e, 0x05294103, 0x0e820920, 0x45840b20, 0x0b080925, 0x820a0b0a, 0x45618245, 0x09260835, 0x0c0e0708, 0x24821012, 
    0x0b060922, 0x0929af83, 0x0a030c0b, 0x090b0d0a, 0x205a820c, 0x82cd8209, 0x292d8255, 0x0a090708, 0x09080905, 0x70820807, 0x060a0722, 0x0b21d482, 
    0x214d820d, 0x2a820305, 0x20820d20, 0x05050524, 0x2f82090a, 0x06060623, 0x4e00860a, 0x08200769, 0x54820084, 0xcc820d20, 0x21061243, 0x754e0c0c, 
    0x0ff34405, 0x0d243a85, 0x0f10100d, 0x2109f344, 0xf4440f0e, 0x24198309, 0x0a0e0e10, 0x05f3440a, 0x74820a20, 0x850d0d21, 0x0a0a2335, 0xc7490f0f, 
    0x28648605, 0x14111109, 0x13141314, 0x07f34413, 0x15121127, 0x12141414, 0x23a08813, 0x060f0b0b, 0x8308f344, 0x441020af, 0x648313f3, 0x0c090924, 
    0xf3440b0d, 0x0d0e2607, 0x06110d0e, 0x24308206, 0x0b0c0c0c, 0x84cc870b, 0x829c82b6, 0x0d093c17, 0x0738101b, 0x3c110000, 0x04040009, 0x0a0b0705, 
    0x06040b0f, 0x040a0806, 0x86070406, 0x2106827e, 0x04820404, 0x83100721, 0x090a2d42, 0x09050c0b, 0x0c0f090b, 0x0b0d0a0d, 0x0b246e82, 0x0a0b0a0f, 
    0x2c059355, 0x0a090a09, 0x0a0a070a, 0x04090303, 0x2031820f, 0x051a420a, 0x08090927, 0x0a060506, 0x365f820a, 0x06080811, 0x11050915, 0x07070404, 
    0x06110806, 0x1005080d, 0x8205040b, 0x050b2d36, 0x070e0608, 0x0e060a08, 0x060a0606, 0x87840382, 0x0f0f0825, 0x840b070f, 0x0c102100, 0x05205183, 
    0x0c220082, 0x00830d0c, 0x820d0a21, 0x05cc42d5, 0x00820920, 0x44820f20, 0x03217a83, 0x82b78903, 0x82092009, 0x21ae82b0, 0x3d48090b, 0x0b0c2107, 
    0x24864884, 0xbc820b20, 0x23056f42, 0x03050a0b, 0x03260187, 0x0409090d, 0x0583090b, 0x09040927, 0x09060905, 0x05884304, 0x0c0a0e23, 0x82f7820a, 
    0x070b2103, 0x09200183, 0x21057644, 0x01820907, 0x05852185, 0x0b0d0f25, 0x83080a09, 0x82052001, 0x04072122, 0x21079644, 0x01830d0f, 0x46090b21, 
    0x158705a8, 0x08210783, 0x94ea8210, 0x0b0a2a02, 0x0a0d090c, 0x0a0a0403, 0x2bb48306, 0x0b0b0d09, 0x12120c0c, 0x0908060a, 0x821df344, 0x10072356, 
    0x06820706, 0x08060533, 0x08050511, 0x0c0a0708, 0x0b0a0a0b, 0x0c090b0b, 0x8208820e, 0x0c0926cc, 0x06060e0b, 0x20e5820b, 0x2ad98211, 0x0e120a0d, 
    0x090b0a0c, 0x82050a08, 0x820920d0, 0x820c2011, 0x0a082326, 0x6b83080a, 0x02821582, 0x1214162d, 0x15090d11, 0x090b0e11, 0x820d0305, 0x21f18542, 
    0x37820a0c, 0x10090b23, 0x823f820f, 0x0a0d2209, 0x2035820d, 0x232c8204, 0x0b120a0b, 0x19821382, 0x21840d20, 0x00820a20, 0x83030521, 0x220f823a, 
    0x83070b07, 0x8209203e, 0x840b2005, 0x090b226a, 0x0660410a, 0x16821d82, 0x0f0f0728, 0x09080b0b, 0xbc82080b, 0x09212184, 0x20368405, 0x0b885a09, 
    0x0620e182, 0x09203682, 0x05219182, 0x239d8209, 0x0c090c0b, 0x0a2ee484, 0x0c0c0a0f, 0x0c0f0c0b, 0x0c0a0c0d, 0x0d820909, 0x10100b27, 0x0b0a0f0c, 
    0x23678211, 0x0a0a0709, 0x8205f344, 0x0a0a2eaa, 0x0d090709, 0x0e090a09, 0x090d0a0e, 0x2a098208, 0x08070a0a, 0x03030308, 0x820a0e0f, 0x410a2016, 
    0x0c2006f8, 0x2b84c382, 0xeb820720, 0x354c0e20, 0x080b2205, 0x231d820d, 0x0f120b0e, 0x09210782, 0x82198209, 0x0e0a245d, 0x82090b0b, 0x25078201, 
    0x0f050b0e, 0x2b470b0d, 0x20368306, 0x23178205, 0x0a0f1009, 0x0c213582, 0x2334820a, 0x0c080a08, 0x20095842, 0x05164408, 0x49820b20, 0x130d0f23, 
    0x227d8211, 0x820b060a, 0x262e8231, 0x0b0b050d, 0x82090c0f, 0x090a27cd, 0x0d0a0f0b, 0x1d820a0d, 0x0a080925, 0x8209050a, 0x310782a3, 0x060a080a, 
    0x0d090d0a, 0x0d0b0b0f, 0x0d0e0506, 0x20820e0b, 0x05050523, 0x2000820a, 0x0ff3440f, 0x55820d20, 0x0b226b84, 0x00820e0b, 0x82061143, 0x05754e55, 
    0x02843682, 0x83060621, 0x08082124, 0x0d251f85, 0x1011110e, 0x250b8510, 0x0f0c0a0a, 0xb4420e10, 0x23198507, 0x0a0a0f0f, 0x0a208c82, 0x0d827386, 
    0x10252b85, 0x11121210, 0x22398912, 0x82151212, 0x14142100, 0x12273d87, 0x15161613, 0x44141315, 0x10220af3, 0xb2870506, 0x0e0c0c24, 0xf344110e, 
    0x05052308, 0xcc8e0707, 0x0f820b20, 0x0e254a85, 0x06120e0f, 0x21ff8206, 0xe0820c0d, 0x100d0d22, 0x0f210082, 0x3e9c870f, 0x0a0d0c0b, 0x3c101d0d, 
    0x13000008, 0x04000a43, 0x0d080504, 0x050d100b, 0x0b090606, 0x44050705, 0x0b20066b, 0x05210082, 0x22048205, 0x820d1208, 0x0a0b277a, 0x0a060d0d, 
    0xeb820a0c, 0x0c0f0c3d, 0x0b0d0a0a, 0x0b0c0c13, 0x0b060706, 0x0b0a0709, 0x070b0b0a, 0x04040b0b, 0x8210050a, 0x070b2931, 0x0a0b0808, 0x09090a0f, 
    0x1682bd82, 0x08082308, 0x07090913, 0x13060a17, 0x08080404, 0x07130907, 0x1206080e, 0x0b05040c, 0x050a0b0b, 0x070f0709, 0x04820b09, 0x070b0630, 
    0x0c0b0707, 0x08070705, 0x11111109, 0x00840d08, 0x0b0c1222, 0xda820082, 0x410e0621, 0x0b220566, 0x00820d0f, 0x820c0c21, 0x820a2084, 0x82102000, 
    0x0584507b, 0x220c1253, 0x44090b09, 0x9a4305a4, 0x0c0e2107, 0x82083755, 0x0b0d2128, 0x06210189, 0x27018704, 0x0a0a0f04, 0x0e0a0c05, 0x0a210582, 
    0x24018205, 0x0e050a07, 0x2001830b, 0x21058210, 0x01830b0f, 0x83070c21, 0x05d74401, 0x48890585, 0x130b0d23, 0x05084d0f, 0x05090b22, 0xca821c83, 
    0x00840720, 0x830f1321, 0x090c2201, 0x0c675903, 0x09210c83, 0x94ea8212, 0x0c0b2a02, 0x0b0f0a0d, 0x0b0b0503, 0x2cb08207, 0x0c0f0a0b, 0x140d0d0c, 
    0x09070b14, 0x058d430a, 0x10834b90, 0x07050528, 0x07070606, 0x06820612, 0x092b0882, 0x09050613, 0x0e0b0809, 0x820b0b0c, 0x0e0a223f, 0x8208820f, 
    0x0d0a26fb, 0x0607100c, 0x3ae3820d, 0x0f0b0e14, 0x10130b0f, 0x0a0c0b0d, 0x08050b08, 0x0d0a080b, 0x0d0d0f0b, 0x82090b0b, 0x226b8302, 0x82050b09, 
    0x17192602, 0x0a0f1314, 0x23288217, 0x0f04060a, 0x250a3e41, 0x0d0a0d0b, 0x3f82120a, 0x0f224183, 0x35820f0b, 0x2c820520, 0x140b0d24, 0x1b820e0c, 
    0x82101221, 0x2021822c, 0x2100820b, 0x3a830406, 0x0c0b0f26, 0x0d070c07, 0x0a214282, 0x21058208, 0x31820d0e, 0x0b0a0d22, 0x62413982, 0x08092b06, 
    0x1212080e, 0x0a090c0d, 0xbc82080c, 0x820d0c21, 0x060a21b3, 0x08223682, 0x885a0a0c, 0x2bef830b, 0x0a0e0b0b, 0x06060a0c, 0x0e14140a, 0x0d236f83, 
    0x820a0c0c, 0x0e0b27d1, 0x100d0c0e, 0x0e830f0d, 0x0c100b24, 0x1e820c0e, 0x0c0c1026, 0x0b0a0c14, 0x0b21e582, 0x06074a0e, 0x820b0b21, 0x0e09210e, 
    0x12261482, 0x0a0e0b12, 0x86820f09, 0x09080b2c, 0x04040408, 0x0a0b1010, 0x5e82090b, 0x0e229782, 0x56820e0b, 0x2b820c20, 0x0c080a29, 0x0b0e100a, 
    0x820a0c09, 0x26158259, 0x0c0f0b0e, 0x820f1014, 0x05bf441d, 0x0d221d82, 0x01820a0c, 0x82100b21, 0x0f06227e, 0x298d820e, 0x0e0b0d0c, 0x110a0c0b, 
    0x2941060e, 0x820b2005, 0x0b0d22f9, 0x2145820f, 0x5982090b, 0x3842f786, 0x0a0c2d07, 0x0e10080a, 0x0c0b1315, 0x0d070b0b, 0x0b284983, 0x0c060f0d, 
    0x0a0e100c, 0x0b25cd82, 0x0c100c0a, 0x826f830f, 0x0b0b268c, 0x0b0a0a06, 0x82a4820a, 0x82082090, 0x100e26bf, 0x060f0c0d, 0x27758206, 0x0b0a0c0f, 
    0x0b060606, 0x10240082, 0x0c070707, 0x0d250086, 0x0e0f0f0d, 0x0785490e, 0x100c0c25, 0x82100f0f, 0x22028422, 0x82120f0f, 0x11112100, 0x20099147, 
    0x2100820a, 0x1c840808, 0x100f0b26, 0x12121313, 0xc0820b85, 0x10111022, 0x19850087, 0x0c111125, 0x820a0a0c, 0x20738591, 0x26708610, 0x1412120c, 
    0x89141314, 0x14142739, 0x18171717, 0x3d871616, 0x19151423, 0x880f8318, 0x0d0d27a0, 0x07050712, 0x6a840707, 0x100d0d24, 0x0c821310, 0x0a829387, 
    0x1e821986, 0x0e0c0c24, 0x11820d0f, 0x11204a84, 0x14229182, 0xe0870707, 0x9c87cc87, 0x0b3b1782, 0x4312200f, 0x14000009, 0x05000a46, 0x0d080605, 
    0x050d110b, 0x0b0a0606, 0x86050705, 0x09f344e4, 0x0d0d1324, 0xe7820e0c, 0x060e2008, 0x120a0d0a, 0x100c100f, 0x0e0a0b0d, 0x0c0d130d, 0x0708070b, 
    0x0a080a0b, 0x0b0c0a0c, 0x820c0c08, 0x12062140, 0x0838bc83, 0x0a0c0809, 0x09090a0f, 0x0b070607, 0x0808050b, 0x080a0a14, 0x14060b19, 0x35057448, 
    0x090f0814, 0x050c1306, 0x0b0b0b06, 0x080a060a, 0x0b0a0810, 0x4a821007, 0x08070729, 0x08050d0c, 0x440a0907, 0x132009f3, 0x2009f344, 0x22dd840f, 
    0x820e100b, 0x08f34400, 0x820a1121, 0x060b2145, 0x36410082, 0x05f55306, 0x440c0921, 0x775511f3, 0x0d0b2209, 0x2201850c, 0x820f0c0e, 0x08e641b6, 
    0x0a0a0f26, 0x0f0a0d05, 0x06209583, 0x07239982, 0x820f060b, 0x0c0f2220, 0x82058211, 0x100c24f7, 0x83080d0c, 0x090b2101, 0xf3440183, 0x0c0e2105, 
    0xf3440188, 0x090b230b, 0x3b56080a, 0x1af34408, 0xf0441320, 0x29148214, 0x0a0e0d0c, 0x05030b10, 0xff410c0b, 0x0d102105, 0x15250082, 0x0a070b15, 
    0x058d430a, 0x2a13f344, 0x08050508, 0x08070606, 0x82080713, 0x0706281e, 0x0606140a, 0x82080a0a, 0x820c20be, 0x0a0d3e00, 0x0c0d100e, 0x0b0e0b0c, 
    0x110d0d0b, 0x0a0d0708, 0x0f140a06, 0x0c10100b, 0x0c0e1014, 0x28d3820d, 0x080b0806, 0x100c0e0a, 0x2322820e, 0x090b0b09, 0x0a2f0382, 0x0a060b09, 
    0x181a060b, 0x0b101415, 0x82111419, 0x10062134, 0x0c27f389, 0x0d0a0d0b, 0x8211130a, 0x0d0c293f, 0x100c100a, 0x05090b0c, 0x0d242c82, 0x0f0d150c, 
    0x13221182, 0x05821011, 0xa5410d20, 0x24218308, 0x080d080d, 0x2142820e, 0x0582090b, 0x820d0f21, 0x411f8331, 0x10290560, 0x08090c0c, 0x1414080e, 
    0x2613820d, 0x0a09090c, 0x820e0d08, 0x820a2021, 0x080d2573, 0x08090a0c, 0x0b25008d, 0x0c0a0f0b, 0x22e4820b, 0x820f1515, 0x822a826f, 0x120b28e4, 
    0x0d0f0f0b, 0x820e120e, 0x0a0c23d5, 0x4182120c, 0x0f141424, 0x92820c11, 0x082a2c82, 0x0a0e0b0c, 0x0c0b0c0c, 0x00820c0d, 0x09080a2e, 0x0b0c0a10, 
    0x0f0c1211, 0x0b100a0b, 0x08300082, 0x0606090a, 0x0c111106, 0x0c090c0b, 0x100c0f0c, 0x0f201982, 0x0c20c382, 0x0a2e7d82, 0x130b0c09, 0x0d0a0b0f, 
    0x0d0c0d0b, 0xc3820f0b, 0x150d1022, 0x0c21e182, 0x05f3440a, 0x110b0d23, 0x2b1b820d, 0x110c0d0b, 0x060d110d, 0x0b0d0e12, 0x24051d42, 0x0e130b0d, 
    0x05294106, 0x0e0b0b22, 0x12260182, 0x0b0a0b0e, 0x58420f09, 0x05e14e08, 0x0d090c2f, 0x11080a0b, 0x0b14170f, 0x080b0b0c, 0x8231820d, 0x0610262e, 
    0x0f120d0d, 0x20cd820b, 0x21cd830b, 0x8a821010, 0x0b228c82, 0x0f82070c, 0x0c209282, 0x092aa882, 0x100a100c, 0x0f0d0d10, 0x27820607, 0x0a0c1024, 
    0xeb44070b, 0x08102305, 0xf3440808, 0x0f0f210b, 0x0a205582, 0x0d250083, 0x1010100d, 0x09f34411, 0x00821320, 0x42121221, 0x23820956, 0x09090b22, 
    0x10253b85, 0x13141410, 0x240b8513, 0x110e0c0c, 0x09f44412, 0x19831120, 0x82121121, 0x0b0a2193, 0x23837482, 0x2b85a183, 0x15131327, 0x13151415, 
    0x27658713, 0x18191515, 0x17171918, 0x02847982, 0x1a161523, 0x200f821a, 0x212d8518, 0x00820d0c, 0x05081322, 0x3084b282, 0x110e0e24, 0x0c821411, 
    0x4f599385, 0x822a8606, 0x100f2206, 0x841c820d, 0x82122047, 0x08152291, 0x26d28208, 0x0d0f0f0f, 0x850f0f0d, 0x861020cc, 0x0e0d3e9c, 0x22100b10, 
    0x00094612, 0x0b4a1500, 0x06050500, 0x120c0e09, 0x0707050e, 0x07050c0a, 0x08204105, 0x050c0c23, 0x2e588205, 0x0e0d1408, 0x0b0c0f0d, 0x0b060f0e, 
    0x82120b0d, 0x0d103467, 0x0d0e0c0b, 0x0c0c0d13, 0x0c070807, 0x0c0b080a, 0x820c0c0b, 0x06062336, 0xf344070b, 0x0a0b250a, 0x0706070a, 0x08384582, 
    0x0a0a1509, 0x060b1a08, 0x09050515, 0x150a0809, 0x06091008, 0x06050c14, 0x0c295d82, 0x11080a06, 0x070c0a08, 0x824a8211, 0x0e0c21c0, 0x0926f082, 
    0x1212120a, 0x00830d08, 0x82140e21, 0x0c0c2266, 0x20008206, 0x05f3440f, 0xf3440c20, 0x0d0d2205, 0x2000840b, 0x857b8212, 0x884d831f, 0x0c0a2303, 
    0xae820d0a, 0x90480e20, 0x0d0f2208, 0x201c880f, 0x08b2430c, 0xf3440f20, 0x0b10250d, 0x0b0d050b, 0x07280582, 0x060b070b, 0x070b080b, 0x2005f344, 
    0x14f34412, 0x0822f382, 0xf144080c, 0x22548208, 0x820c0f13, 0x23038378, 0x0c090b06, 0x2110f344, 0xb043030a, 0x210d820d, 0xea821409, 0x0c280294, 
    0x100b0f0e, 0x0c05030c, 0xb9836682, 0x0e0e1030, 0x16160f0f, 0x0b0a080c, 0x0a0b0a0b, 0x4b900b0c, 0x05271083, 0x07070805, 0x44140807, 0x082205f3, 
    0xf344150a, 0x0d102905, 0x0d0d0c0c, 0x110f0b0e, 0xcc820882, 0x0e0e0b26, 0x0e070814, 0x142ae582, 0x10100c0f, 0x0f11160c, 0xb2820d0c, 0xd0820620, 
    0x0d0f0c26, 0x0c0e0f10, 0x0c21c582, 0x226b830a, 0x82060c0a, 0x191b2b02, 0x0b101516, 0x0d11151a, 0xf344060b, 0x2437820c, 0x12140b0d, 0x20fe820f, 
    0x20b0820d, 0x20388210, 0x232c8205, 0x0e160c0e, 0x19821382, 0x21841020, 0x00820c20, 0x00820620, 0x820df344, 0x236a8421, 0x0c0c0b0d, 0x3408f344, 
    0x090f090a, 0x0d0e1616, 0x090d0b0a, 0x0e090a0a, 0x0c0d0e0f, 0x2373820b, 0x0b0d080d, 0x8806c555, 0x203682fb, 0x2791830b, 0x1016160b, 0x0f0c0f0d, 
    0x0c29e484, 0x0f0f0c13, 0x0f120f0d, 0x360f8210, 0x0d120c0c, 0x15140d0f, 0x0d0d120f, 0x0d0b0d16, 0x0c0d090c, 0x820d0a10, 0x820f2009, 0x0b0c2e92, 
    0x0b100a0a, 0x12120b0c, 0x0a0b100d, 0x22118311, 0x82090a09, 0x121226a7, 0x0a0d0b0c, 0x8451820c, 0x242f8397, 0x0b090b0c, 0x26eb8209, 0x0e0a0c11, 
    0x820c0f0b, 0x24588246, 0x12160e11, 0x411d8211, 0x0e2505f8, 0x0e0e120b, 0x295b820b, 0x120e120c, 0x1013060e, 0x88820b0d, 0x0d244482, 0x0610130b, 
    0x0b221782, 0x53821214, 0x0c0f0c24, 0x31831013, 0x0d201c82, 0x0c205f84, 0x28072e50, 0x090b0b0d, 0x15181012, 0x2400820c, 0x0b0e0d08, 0x822e820e, 
    0x120e2339, 0xcd820c0f, 0xcd830c20, 0x83101021, 0x090b316f, 0x0b070d0c, 0x0a0a0c0b, 0x090d0c0c, 0x100c090d, 0x0d2ac483, 0x11060710, 0x0d110c0f, 
    0xf3440c0b, 0x08122206, 0x054a4308, 0x00830d20, 0x0f0f0f26, 0x0b0e0d10, 0x0d220084, 0x0082110d, 0x02845282, 0x14101022, 0x13210082, 0x09f34413, 
    0x09202483, 0x2506f344, 0x15151111, 0x28841414, 0x0f220482, 0xb3421312, 0x21198508, 0x93821312, 0x820c0b21, 0x221e8274, 0x8412120c, 0x2504826c, 
    0x16161414, 0x39891615, 0x1a161627, 0x181a191a, 0x273e8718, 0x1b1b1716, 0x19181a1a, 0x07822f87, 0x06081423, 0x06a64508, 0x820f0f21, 0x13f3445d, 
    0x0c0d0d22, 0x10220082, 0x1c820e10, 0x13204a84, 0x16209182, 0x1021e883, 0x87e08310, 0x3e9c88cc, 0x100c100f, 0x094a1623, 0x51170000, 0x0505000c, 
    0x0d0f0a06, 0x07060f14, 0x060d0b07, 0x89090608, 0x0606217e, 0x26080b82, 0x0f0f1609, 0x0c0d100e, 0x0c06100f, 0x11120c0e, 0x0e120e12, 0x0e100c0c, 
    0x0d0e0f17, 0x0d080908, 0x0e0c090b, 0x820d0e0b, 0x06063136, 0x0d14070c, 0x090e0e0e, 0x0a0d090a, 0x0b0a0c11, 0x0d3abd82, 0x0a09050d, 0x090b0b17, 
    0x17070c1c, 0x0a0a0505, 0x09170b08, 0x16070a11, 0x5d83050e, 0x0b060c29, 0x0b091309, 0x8213080d, 0x08082d4a, 0x060f0d09, 0x0b0a0809, 0x09141414, 
    0x2105a74f, 0x83820e16, 0x82060d21, 0x11112100, 0x0d22dd84, 0x00821012, 0x2405ea49, 0x140c0c0c, 0x201f870b, 0x207a830e, 0x8305820e, 0x0e0a2210, 
    0x05ae440a, 0x24059c4e, 0x0e100b0e, 0x85498411, 0x0d0f21dd, 0x10220185, 0x5b84110d, 0x2706e949, 0x060c0c12, 0x0c110c0e, 0x2405c14e, 0x070c080c, 
    0x22208211, 0x82130d11, 0x23f78305, 0x090e0e12, 0xe0420183, 0x090c2105, 0x10210183, 0x2501890d, 0x0a0e1117, 0x01830b0d, 0x22820620, 0x24067c58, 
    0x17090909, 0x20018311, 0x12f3440e, 0x82150a21, 0x290294ea, 0x0c100f0d, 0x06030d12, 0xb2420e0d, 0x0f122b05, 0x1810100f, 0x0b090d18, 0x62830c0c, 
    0xf3440d20, 0x06092a13, 0x07070906, 0x08160908, 0x281e8209, 0x170b0807, 0x0b0b0607, 0x20fb8209, 0x2600820e, 0x13110c0f, 0x820d0e0e, 0x0f0c26b0, 
    0x0709140f, 0x38e7820f, 0x120d1116, 0x13180e12, 0x0c0e0e10, 0x09070d0a, 0x100c090d, 0x1010120e, 0x24c5820d, 0x0d0b0b0d, 0x3203820c, 0x060d0b06, 
    0x17181b1e, 0x171c0c12, 0x060c0f13, 0x890e1206, 0x0f0d32f3, 0x160c0f0c, 0x0f0e1014, 0x120c0e0d, 0x0d0e120e, 0x242c830b, 0x0f180d0f, 0x231b8211, 
    0x0e121416, 0xa5412183, 0x23218307, 0x090e090e, 0x0c214083, 0x2105820a, 0x31820f11, 0x0d0c0f23, 0x0560410d, 0x0e0e1233, 0x0911090a, 0x0f0f1616, 
    0x0a0e0c0b, 0x0f0a0b0b, 0x21218210, 0x4682070c, 0x0c0e0924, 0x008d090b, 0x110d0d24, 0x91820e0c, 0x18180c23, 0x82e58211, 0x27e4822a, 0x110d160d, 
    0x12100e11, 0x0e380182, 0x140e0c0e, 0x160f110f, 0x0e141117, 0x0c0f180e, 0x0e0a0d0e, 0x0e0b100d, 0x11321782, 0x0e0d0e0d, 0x120a0a0b, 0x120c0d0c, 
    0x0c110e13, 0xa583130b, 0x0a0b0a28, 0x14060606, 0x7e820d14, 0x53820d20, 0x110e1224, 0x2f83110d, 0x0a0c0e2d, 0x0d0e0a0c, 0x0b0d1116, 0x82100d0f, 
    0x821120ef, 0x0f13221d, 0x21e18218, 0x19820b0e, 0x0a0e0a26, 0x0f130c0f, 0x2705e444, 0x0f130f13, 0x0f101606, 0x10203a82, 0x0f240382, 0x0611140c, 
    0x21052941, 0xf5820d0d, 0x10160d26, 0x0b0d0b0d, 0xf7854183, 0x0e0b0e22, 0x41833f82, 0x140a0c25, 0x82171a11, 0x090d229b, 0x2c31820f, 0x12100d0d, 
    0x120f0e06, 0x10120d11, 0x2193820e, 0x6f830f14, 0x8c820c20, 0x070e0d29, 0x0a0d0c0c, 0x830d0e0b, 0x120d343a, 0x0f12120c, 0x0608120f, 0x130e1112, 
    0x070d0c0e, 0x820e0707, 0x091224cf, 0x860e0909, 0x221e8200, 0x82111111, 0x830c2055, 0x0f0f2400, 0x58121313, 0x1222084d, 0x00821612, 0x44141421, 
    0x082107f3, 0x21238308, 0x3a850a0a, 0x17131225, 0x43161617, 0x9182053c, 0x44151421, 0x198409f4, 0x0e151426, 0x0d0c0c0e, 0x0e257482, 0x120d0d0e, 
    0x27358512, 0x16160e0e, 0x18171818, 0x18283989, 0x1c1c1c18, 0x121b1b1d, 0x19270086, 0x1c1d1e19, 0x881b1a1d, 0x0f0f24a0, 0x82060916, 0x246a84b2, 
    0x13131010, 0x850c8217, 0x83062093, 0x09092117, 0x64831983, 0x110e0e24, 0x1c820f12, 0x14264984, 0x18131413, 0xe0820909, 0xe0831220, 0xb685cc87, 
    0x0f151439, 0x120d1210, 0x0a511627, 0x54180000, 0x0606000c, 0x0e100a07, 0x82061015, 0x060e23e4, 0x20410608, 0x0e0e2308, 0x8a820606, 0x170a2608, 
    0x110f0f0f, 0x11100d0e, 0x0c0f0c06, 0x0f121114, 0x0c0d0f13, 0x0f171011, 0x09080e0e, 0x090c0e08, 0x0e0b0e0d, 0x2436820d, 0x070d0606, 0x2c318216, 
    0x0a0b090e, 0x0c130c0e, 0x07080b0b, 0x38458208, 0x0b180a09, 0x0d1d090b, 0x06061807, 0x0c090a0a, 0x0b120918, 0x060e1707, 0x292b8207, 0x090c070c, 
    0x0e0c0914, 0x4a821408, 0x0909092d, 0x0906100e, 0x150c0b09, 0x820a1515, 0x0f0f2376, 0x66821610, 0xf3444382, 0x820e2009, 0x111125d4, 0x0d0f0f0e, 
    0x15200084, 0x5c09f344, 0x0b2a0bfe, 0x0d0f0b0e, 0x0d100d0f, 0x01850b0f, 0xc3821120, 0x870d0e21, 0x0e102101, 0x11220185, 0xe582120e, 0x02855c82, 
    0x0c0c1227, 0x120d0f06, 0x06f3440d, 0x070d0924, 0x01830e11, 0x05821420, 0x21059a42, 0x0183090f, 0x4405d744, 0x218505f9, 0x17210585, 0x07624513, 
    0x0b0d0724, 0x23600a0c, 0x13172108, 0x0e220183, 0xb043040b, 0x210d820d, 0xea82160b, 0x0e2a0294, 0x130c1110, 0x0e06040e, 0xd883090e, 0x0f130d2d, 
    0x1910100f, 0x0c090e19, 0x820c0d0c, 0x900d2080, 0x2810834b, 0x08090606, 0x17090808, 0x2d068308, 0x180c0907, 0x0c0c0707, 0x0f120e0a, 0x3f820e0e, 
    0x14110c22, 0xcc820882, 0x100d2208, 0x08091410, 0x0c070d10, 0x120e1116, 0x14190e12, 0x0d0f0e11, 0x0a070e0b, 0x110c0a0d, 0x1011130e, 0x25c9820e, 
    0x0d0b0b0e, 0x15820c0d, 0x070e0c31, 0x181a1d1f, 0x181d0d13, 0x060d0f14, 0x890e1206, 0x0f0d21f5, 0x16240182, 0x100e1115, 0x12224182, 0x3882120e, 
    0x2c820620, 0x190e102a, 0x100e110f, 0x1215160d, 0x0f221782, 0x01820e0d, 0x00820620, 0x0f232183, 0x83090f09, 0x0a0d2140, 0x6a842182, 0xf3441f83, 
    0x0a0b2f08, 0x16160a11, 0x0d0b0f10, 0x0b0b0b0f, 0x2183100a, 0x13070c26, 0x0f0a0f0e, 0x2310f344, 0x0c120e0e, 0x0c239183, 0x82121919, 0x0f112f6f, 
    0x110c0f0f, 0x110e160e, 0x14110f11, 0x0f821211, 0x3005f344, 0x15111818, 0x0f190f0f, 0x0a0d0e0d, 0x0c120d0e, 0x218f820e, 0x00820e13, 0x0b0a0b22, 
    0x0d2e0d82, 0x120e1414, 0x0d130c0d, 0x0a0e0d0d, 0xa7820b0c, 0x82141521, 0x0e0b2321, 0xd182110e, 0x120e1323, 0x2ce5820f, 0x0d0a0c0e, 0x160d0f0a, 
    0x100c0e13, 0x83d5830d, 0x10142b71, 0x0f131519, 0x0a0c0b0f, 0x17830c0e, 0x10101423, 0x282b830d, 0x10141014, 0x0f121606, 0x8288820d, 0x21368244, 
    0x29410612, 0x0d0e2205, 0x21018211, 0x2f821216, 0x210af344, 0x3a420c0f, 0x0d0f2705, 0x12150a0c, 0x9a82181b, 0x82090e21, 0x0e102acc, 0x0613110e, 
    0x1114100f, 0x82cd820d, 0x0f142233, 0x826f8214, 0x0e0b246b, 0x850d070e, 0x0b0e3707, 0x120e0a0f, 0x0f14120c, 0x0608130f, 0x130e1113, 0x070e0c0f, 
    0x44830707, 0x09091422, 0x20063e48, 0x2600820f, 0x12111114, 0x840c100f, 0x820f2000, 0x14132149, 0x27073543, 0x17171212, 0x15151716, 0x27055f44, 
    0x08080707, 0x0d0c0c0d, 0x2705e758, 0x14130e0e, 0x17171818, 0x11222b87, 0xa7471615, 0x26198508, 0x0f0f1615, 0x820e0c0c, 0x58738474, 0x172508a3, 
    0x18191917, 0x27398919, 0x1d1e1919, 0x1c1c1e1d, 0x1a233e87, 0x831f1f1a, 0x879a820f, 0x09172202, 0x84b28207, 0x1111246a, 0x44181414, 0xe6430ff3, 
    0x13122209, 0x841c8210, 0x1415244a, 0x83191415, 0x121321e8, 0xcc87e083, 0x11359c88, 0x28130e13, 0x000b5418, 0x0d581900, 0x07060600, 0x150e110a, 
    0x07f34411, 0x8306d845, 0x06062159, 0x26080582, 0x1011180a, 0x0d0e1210, 0x0d061211, 0x12160d10, 0x10130f13, 0x10110c0d, 0x0e0e1017, 0x0e080a08, 
    0x0f0d090c, 0x820e0f0c, 0x05f34436, 0x0a28ba82, 0x0c0e0a0b, 0x0c0c0d13, 0x2707f344, 0x090c0c19, 0x19070d1f, 0x2505f344, 0x0b130919, 0xf3441807, 
    0x070e2505, 0x0a14090c, 0x2009f344, 0x05f3440f, 0x16161624, 0x0084110a, 0xf3446683, 0x12122205, 0x22008313, 0x8211130e, 0x0f0e2300, 0x00840d10, 
    0x850c1521, 0x060623a9, 0x7a820e0f, 0x05820f20, 0x0c241083, 0x0d110c0f, 0x10200183, 0x2206334d, 0x62121012, 0xb2430a16, 0x44122007, 0x13250df3, 
    0x10060d0d, 0x2105820d, 0x01830d07, 0x070d0922, 0x20058843, 0x82268215, 0x130f24f7, 0x830a100f, 0x1af34401, 0x4406364f, 0x0c2014f3, 0x2012f344, 
    0x94ea8217, 0x100f2a02, 0x0e140d11, 0x0f0e0604, 0x30d08309, 0x1010130e, 0x1a1a1111, 0x0d0c090e, 0x0c0e0c0d, 0x08f2640e, 0x440cfb44, 0x0a2f05f3, 
    0x080a0818, 0x09070808, 0x0707190c, 0x820a0c0c, 0x0f0f21b8, 0x0d253f82, 0x0f101412, 0x26cc820f, 0x1610110d, 0x82110809, 0x12182ae5, 0x0f13130e, 
    0x0f12151a, 0x07f34410, 0x140f1225, 0x830e1011, 0x0c0c2362, 0x03820d0e, 0x0e0c0732, 0x1b1e2007, 0x1f0d1319, 0x0d111519, 0x0f130606, 0x27074041, 
    0x110e0e11, 0x170d110d, 0x112a3f82, 0x130d100e, 0x0e0f130f, 0x2c82060c, 0x1a0e1124, 0x1b821210, 0x82151721, 0x4121822c, 0x218307a5, 0x100a1023, 
    0x2140830a, 0x21820b0d, 0x82111221, 0x0d112331, 0x60410e0e, 0x82132005, 0x120a2a0d, 0x1118180a, 0x100d0c10, 0x2dbc820b, 0x0f101210, 0x14070d0e, 
    0x0f0a100f, 0xed8c0c0d, 0x82090921, 0x100d2136, 0x0d369182, 0x10131a1a, 0x11110f12, 0x120d100f, 0x120e180e, 0x16121012, 0x0e821312, 0x140f0c38, 
    0x18101210, 0x0f151219, 0x0d101a10, 0x0f0a0e0f, 0x0f0c120e, 0xaa820d0f, 0x0f0e0f24, 0xfb4e0a0c, 0x0d132307, 0xa583140c, 0x2805f344, 0x0d0e1516, 
    0x0f0e0c0f, 0x20268212, 0x829b8213, 0x0d0f2e39, 0x100b0d0b, 0x0e13180e, 0x120e100c, 0x82038210, 0x1014291d, 0x0f14161a, 0x0a0c0c10, 0x2e05f344, 
    0x0e101115, 0x0e100d10, 0x11151115, 0x85121806, 0x0f122624, 0x13170d10, 0x05294106, 0x120e0e22, 0x18210182, 0x202f8312, 0x825f8512, 0x0c102163, 
    0x2705974c, 0x0a0d0d10, 0x191c1315, 0x09218983, 0x28498311, 0x0613120e, 0x12161010, 0x82cd820e, 0x10142333, 0xbd831414, 0x0e0b0d25, 0x820d070f, 
    0x0f0c3ba3, 0x0f0b0f0e, 0x0d120e0a, 0x10111414, 0x14060813, 0x0f140e12, 0x07070e0d, 0x45820f07, 0x230bf344, 0x14141111, 0x25091d67, 0x14151010, 
    0x22821514, 0x13210284, 0x05914913, 0x250af344, 0x0b0d0d0d, 0x00840f0b, 0x19151425, 0x45181819, 0x1621081f, 0x099f4c17, 0x16211984, 0x21938216, 
    0x74820e0d, 0x0e0f0f23, 0x84a1830e, 0x180f2236, 0x05cb4e18, 0x1a283987, 0x1e1f1f1a, 0x141d1d1f, 0x1b240086, 0x1f20201c, 0x2d850f82, 0x82110f21, 
    0x44182000, 0x15220bf3, 0xf3441915, 0x0a0a210a, 0x83060d45, 0x0e0e2464, 0x44111413, 0x162607f3, 0x1b151615, 0xe0820909, 0xe0831320, 0xb685cc87, 
    0x16162108, 0x0e141211, 0x58182a14, 0x1b00000b, 0x06000e5f, 0x120b0706, 0x0712170f, 0x0f0d0909, 0x0a070907, 0x06827e86, 0x82070721, 0x1a0b3304, 
    0x13111112, 0x13120f0f, 0x0e110e06, 0x10151418, 0x6e821115, 0x111b1038, 0x0a090f10, 0x0a0d0f09, 0x100d100e, 0x0f100a0f, 0x070e0606, 0x00821018, 
    0x0c0a2608, 0x150c100b, 0x090d0c0e, 0x0f0f0908, 0x1b0b0906, 0x210a0d0d, 0x061b080e, 0x0a0b0b06, 0x150a1b0d, 0x101a080c, 0x3b5d8306, 0x0a0d080e, 
    0x0f0d0b16, 0x090a1609, 0x0a0a0a0f, 0x0a071110, 0x180d0c0a, 0x120b1818, 0x19210084, 0x82838211, 0x0606245a, 0x83151414, 0x150f2200, 0x21008213, 
    0x84821010, 0x00820e20, 0x870d1721, 0x8378821f, 0x07f55302, 0xae440c20, 0x05f94405, 0x130d1125, 0x89101411, 0x101221d9, 0x13220185, 0x5b84140f, 
    0x2a05e649, 0x0e0e1506, 0x140e1107, 0x82070e0f, 0x0e082601, 0x14070f0a, 0x20018310, 0x82058217, 0x151024f7, 0x830a1110, 0x06c35301, 0x820e0b21, 
    0x10132101, 0x1b230189, 0x4f0c1015, 0x07200534, 0x0b202282, 0xd282ca82, 0x1b210282, 0x22018315, 0x63040c10, 0x0c830c4f, 0x82190c21, 0x290294ea, 
    0x0e131210, 0x07040f15, 0x9141100f, 0x11152c05, 0x1c121211, 0x0d0a0f1c, 0x820d0e0e, 0x900f2064, 0x2810834b, 0x090a0707, 0x1a0a0909, 0x2d068309, 
    0x1b0d0a08, 0x0d0d0708, 0x1114100b, 0x3f821010, 0x16140e22, 0x0f290882, 0x120f0f13, 0x090a1912, 0x38e58212, 0x1510141a, 0x161c1015, 0x0e111013, 
    0x0b080f0c, 0x130e0b0f, 0x12131510, 0x2162830f, 0x06820d0d, 0x080f0d33, 0x23070f0d, 0x151b1d20, 0x161b210e, 0x06060e12, 0x29f38a15, 0x120e120f, 
    0x1317190e, 0x41821210, 0x15101525, 0x830d0f10, 0x1012252c, 0x1014111d, 0x15201983, 0x12210582, 0x07a5410e, 0x11242183, 0x130a110a, 0x0e264282, 
    0x120f130c, 0x31821214, 0x60411f83, 0x10152e05, 0x130b0c10, 0x1218180b, 0x110e0d11, 0x2dbc820c, 0x10121312, 0x15080e10, 0x110b1110, 0xf58e0d0e, 
    0x140f0f24, 0x9182110e, 0x1c1c0e23, 0x306f8214, 0x11111213, 0x1a0f140e, 0x1114140f, 0x15131813, 0x37938213, 0x13111610, 0x141b1b11, 0x1c111117, 
    0x0f100e11, 0x140f100b, 0x0f10100d, 0x1030aa82, 0x0c0d1010, 0x100e140c, 0x1017170e, 0x160d0e14, 0x0b2ea583, 0x06060c0d, 0x0f171706, 0x100c100f, 
    0x26821410, 0x140e1322, 0x102c4783, 0x0c0e0c0e, 0x151a0f11, 0x0f120d0f, 0x0f215982, 0x231d8214, 0x171c1216, 0x0d239a82, 0x82100c0e, 0x0e123101, 
    0x0f121217, 0x0f110e11, 0x12171217, 0x11141a06, 0x13202482, 0x11242682, 0x0615190e, 0x22052941, 0x82130f0f, 0x141a2501, 0x0d0f0d0f, 0xf7854183, 
    0xd7531120, 0x0e113006, 0x14170b0e, 0x0e0f1b1f, 0x120a0f0f, 0x82120e11, 0x06152b2e, 0x14181211, 0x1013150f, 0xcd820e0f, 0x6f821620, 0x9c82b282, 
    0x0f820720, 0x820d0c21, 0x110c22c5, 0x30bf820c, 0x11121614, 0x16060915, 0x10161014, 0x0707100e, 0x24198207, 0x0a0a1610, 0x8307830a, 0x12122603, 
    0x14141515, 0x06794e12, 0x16111122, 0x4d580082, 0x1a152608, 0x181a1919, 0x07f34418, 0x0e090922, 0x0c210082, 0x251f850c, 0x1b1b1615, 0x0b851a19, 
    0x13101024, 0xab471917, 0x26198508, 0x10101817, 0x82100e0e, 0x20238374, 0x08975d16, 0x1d191925, 0x891c1b1c, 0x1c1c2239, 0x21008221, 0x78821f1f, 
    0x1d270284, 0x2123231e, 0x86201f22, 0x82122059, 0x0a192200, 0x24b28707, 0x16161313, 0x081f771b, 0x0b060623, 0x24cc8a0b, 0x15141010, 0x840f8212, 
    0x17182647, 0x0a1d1718, 0x20e0870a, 0x87cc8615, 0x13123f9c, 0x2d150f15, 0x000c5f1b, 0x0e621c00, 0x08060600, 0x1810130c, 0x09090713, 0x0907100d, 
    0x855e0b07, 0x08c08508, 0x131b0b26, 0x10141112, 0x0714130f, 0x190f120e, 0x16111614, 0x130f0f12, 0x11121b13, 0x090b0910, 0x0f0b0e10, 0x10100d10, 
    0x07263682, 0x19080f07, 0x0b821110, 0x0b0c3308, 0x0e150d10, 0x08090d0e, 0x07101009, 0x0d1c0c0b, 0x0f220b0d, 0x07071c08, 0x0e0a0c0c, 0x0c150b1c, 
    0x06111b08, 0x10101008, 0x0b0e080f, 0x100e0b17, 0x4a821709, 0x0b0a0a2e, 0x0b071210, 0x180e0c0a, 0x130b1818, 0x1a210084, 0x82258211, 0x07072389, 
    0xdd841414, 0x83161021, 0x11112317, 0x00840f11, 0x7b821820, 0x07246382, 0x10100707, 0x11211482, 0x23808311, 0x100e1010, 0x44063748, 0x142007f3, 
    0xd989c382, 0x2207a644, 0x84141014, 0x06e8415b, 0x0e0e1629, 0x150f1207, 0x84080f0f, 0x0f0a2201, 0x05f34408, 0x26821820, 0x1124f782, 0x0b121116, 
    0x92470183, 0x05344f05, 0x210df344, 0xe9520e11, 0x82082005, 0x630b2022, 0xf34408f6, 0x0e112105, 0x2111f344, 0xf0441a0d, 0x26148214, 0x0e141210, 
    0x82041016, 0x830a20d6, 0x160f2db7, 0x13131212, 0x0a101d1d, 0x0e0f0e0e, 0x0817f344, 0x07070b4a, 0x0909090b, 0x0b091b0b, 0x08090909, 0x081c0e0a, 
    0x0b0e0e08, 0x10111510, 0x13111110, 0x1217140e, 0x14101010, 0x12130f10, 0x13090b19, 0x1b0e080f, 0x16161014, 0x14171d11, 0x0c0f1210, 0x100b0810, 
    0x11140f0b, 0x10131316, 0x103ac782, 0x0f0f0d0d, 0x08100d0e, 0x2408100e, 0x161d1e21, 0x171c220f, 0x07070f13, 0xf5891116, 0x0f131027, 0x181a0f13, 
    0x28128214, 0x11160f12, 0x0d101116, 0x242c8207, 0x121e1013, 0x231b8214, 0x1116181a, 0xc5412183, 0x23218307, 0x0b120b12, 0x0f214083, 0x2121820c, 
    0x31821314, 0x100f1323, 0x05604110, 0x1111163e, 0x0b140b0e, 0x12131d1d, 0x0c110f0d, 0x120c0d0d, 0x10111214, 0x1016080e, 0x0e110b12, 0x2006b95a, 
    0x2400870b, 0x0e151010, 0x26918211, 0x151d1d0e, 0x82101312, 0x1222084c, 0x1910140e, 0x12131310, 0x16141914, 0x0f111114, 0x14121710, 0x141c1b12, 
    0x1d111118, 0x0f110f12, 0x3383110c, 0x110f1125, 0x82111015, 0x0e0d2ce5, 0x0f100e15, 0x15111717, 0x82170e0f, 0x0c102f86, 0x07070c0e, 0x10181807, 
    0x100e110f, 0xd1821410, 0x140f1625, 0x820f1211, 0x820c2084, 0x190f253c, 0x120e1015, 0x10271183, 0x11141115, 0x821d1217, 0x0d1124e1, 0x82110d0f, 
    0x0f122501, 0x0f121318, 0x10270182, 0x13171317, 0x83151907, 0x82142028, 0x0f122444, 0x4107161a, 0x53820529, 0xa2821020, 0x10244582, 0x1311130d, 
    0x03825f83, 0x0e216b82, 0x27018210, 0x0c0e0f12, 0x1c201518, 0x0b339b83, 0x120e1213, 0x16141010, 0x19121207, 0x14160f14, 0x820f1011, 0x16162270, 
    0x2a2d8311, 0x0811100c, 0x0d100e0f, 0x8310110d, 0x26d4827a, 0x12131717, 0x82070916, 0x82172027, 0x08082220, 0x25df8208, 0x0b0b1710, 0x0086110b, 
    0x16131327, 0x13151415, 0x05754913, 0x17121224, 0x415d1617, 0x16162708, 0x1b1a1a1b, 0x36821919, 0x09270284, 0x0e0e0f09, 0x850c0c0f, 0x1716263a, 
    0x1b1a1c1c, 0x24008610, 0x181a1814, 0x85008617, 0x19182119, 0x0e229382, 0x73821010, 0x17217482, 0x23358517, 0x1a1a1111, 0x8605af53, 0x1d102838, 
    0x2222231d, 0x86202023, 0x1e17243c, 0x8224241f, 0x8821200f, 0x131324a0, 0x82080b1a, 0x243084b2, 0x17171313, 0x840c821c, 0x07082190, 0x83054f43, 
    0x82112019, 0x11112464, 0x82131615, 0x264a841c, 0x17191719, 0x870b0b1e, 0x87cc87e0, 0x14133a9c, 0x2f161016, 0x000d621b, 0x0f661d00, 0x08070700, 
    0x1910130c, 0x09090713, 0x13f3440e, 0x1c0c2d08, 0x15121313, 0x14131011, 0x0f120f09, 0x12171519, 0x0f0f1217, 0x121b1314, 0x0b0a1111, 0x0b0e100a, 
    0x110d110f, 0x11110b10, 0x080f0707, 0x2908fa82, 0x0d0b1111, 0x190f110c, 0x0a0e0f0f, 0x10100a08, 0x1d0c0b07, 0x240b0e0e, 0x071d080f, 0x0a0c0c07, 
    0x160b1d0e, 0x111b080d, 0xbd830807, 0x0b0e0828, 0x100e0b18, 0x4a821809, 0x0b0a0a2e, 0x0b071311, 0x190e0d0a, 0x130c1919, 0x66830084, 0x09111122, 
    0x15210082, 0x22dd8415, 0x82141710, 0x12112100, 0x0f208482, 0x19200082, 0x2008f344, 0x44008511, 0x0f2305f9, 0x84130f11, 0x0d122101, 0x15200185, 
    0x1121c382, 0x21018710, 0x01851113, 0x15111425, 0x87070911, 0x16072901, 0x12070f0f, 0x0f10160f, 0x2305f344, 0x1508100b, 0x15222082, 0x05821811, 
    0x44058758, 0x0d2106f3, 0x2101830f, 0x01820f0c, 0x89111421, 0x191b2101, 0x2205bd51, 0x82080e11, 0x440c2020, 0x192109f3, 0x2101821b, 0xf3440f11, 
    0x191b2112, 0x11290096, 0x170f1413, 0x10070410, 0x05854611, 0x82131721, 0x1f1e2b00, 0x0f0e0b10, 0x0e100e0f, 0xf1481010, 0x440e840e, 0x1c2207f3, 
    0x0f820b0a, 0x0e0a0833, 0x0e08081d, 0x16110c0e, 0x12111112, 0x150f1312, 0x82088218, 0x131026b0, 0x090b1913, 0x32e78213, 0x1711151d, 0x181e1117, 
    0x0f121115, 0x0c08100d, 0x820f0c10, 0x14142311, 0x62821111, 0x03830e20, 0x08110d33, 0x2508110e, 0x171e1f22, 0x181d240f, 0x07090f13, 0x29f38a17, 
    0x130f1310, 0x14191b0f, 0x41821311, 0x17111726, 0x070e1011, 0x13252c82, 0x15131f11, 0x20198311, 0x27058217, 0x10110f13, 0x07091011, 0x17263a83, 
    0x120b1211, 0x4282140b, 0x820d1021, 0x13152105, 0x1f836a82, 0x2e056041, 0x0f111117, 0x1d0c150c, 0x0e13131d, 0x820d120f, 0x831320bc, 0x080f2121, 
    0x0c224682, 0x725c0f12, 0x870b2006, 0x11113100, 0x0f120f16, 0x1e0f0909, 0x1512161e, 0x12131411, 0x1139e482, 0x1515111b, 0x14191512, 0x12121417, 
    0x1219110f, 0x1d1f1215, 0x12121915, 0x200d821e, 0x06f34410, 0x15111023, 0x28008211, 0x150f0d0d, 0x170f110f, 0x2d488218, 0x1010180e, 0x0e0c1110, 
    0x0707070d, 0xb1821919, 0x41110f21, 0x122105f8, 0x20478216, 0x2d988212, 0x10120c0f, 0x0e11151b, 0x12161013, 0x63821013, 0x13181128, 0x1217191e, 
    0xf3440d12, 0x0f132805, 0x10131319, 0x82130f13, 0x13182517, 0x12151b09, 0x14202482, 0x13244482, 0x09161a0f, 0x22052941, 0x82141011, 0x4f458301, 
    0xf7850501, 0x110e1222, 0x11208682, 0x0f25cc82, 0x2116190c, 0x05f3441d, 0x11293182, 0x09171411, 0x15191312, 0x25cd8210, 0x19110f10, 0x6f821712, 
    0x0d232b82, 0x82081111, 0x0e0f210f, 0x1235c583, 0x0f15110d, 0x12131717, 0x17090a16, 0x12171115, 0x0808110f, 0x25198208, 0x0b0b1711, 0x0086120b, 
    0x17131326, 0x13161516, 0x23066d53, 0x17181212, 0x3643f782, 0x16112805, 0x1b1b1c16, 0x441a1a1c, 0x0824055f, 0x0f0a0a08, 0xdb5d0082, 0x11112705, 
    0x1d1d1817, 0x2a861c1b, 0x19141125, 0x8717191b, 0x25198400, 0x12121a19, 0x91820f0f, 0xa1827385, 0x1b257285, 0x1d1e1f1b, 0x2739891e, 0x23241e1e, 
    0x22222423, 0x1f273c87, 0x23252620, 0x88222124, 0x131324a0, 0x45080b1b, 0x142307a6, 0x44181814, 0x092209f3, 0x00830b09, 0x11238487, 0x44171511, 
    0x1a2608f3, 0x1f181a18, 0xe0870b0b, 0xb685cc87, 0x1a192108, 0x10171413, 0x661d3117, 0x1e00000d, 0x07000f69, 0x140d0807, 0x07141a11, 0x110e0a0a, 
    0x0c070907, 0x07215389, 0x080b8207, 0x141d0c26, 0x11151313, 0x09151410, 0x1b10130f, 0x17121716, 0x15111013, 0x11131b13, 0x0a0c0a11, 0x100b0f11, 
    0x11120e12, 0x07253682, 0x19081007, 0x20bd8211, 0x0af3440c, 0x11112b08, 0x1e0d0b07, 0x250b0e0e, 0x071e0910, 0x0b0d0d07, 0x170b1e0f, 0x111c090d, 
    0x11110807, 0x0f081211, 0x0f0c180b, 0x0b180911, 0xd182110a, 0x0713112b, 0x0f0d0b0b, 0x0c1a1a1a, 0x22008414, 0x8211131c, 0x82092000, 0x16162200, 
    0x22008317, 0x82151711, 0x12112300, 0x00841013, 0x820e1a21, 0x0711211e, 0x12200082, 0x12207a83, 0x10830582, 0x0f120f24, 0x01831014, 0x850e1321, 
    0x13152301, 0xd9891216, 0x2207a644, 0x44161115, 0x17290bf3, 0x13080f0f, 0x10101610, 0x25018208, 0x100b1009, 0x20821608, 0x19111622, 0xf7820582, 
    0x12171224, 0x01830c13, 0x8205cb49, 0x110c22f3, 0x0515450c, 0xf3440585, 0x0d10230a, 0xea680c11, 0x441b2008, 0x376d07f3, 0x210c830c, 0xea821c0e, 
    0x12290294, 0x180f1514, 0x11070411, 0x05a64712, 0x13131730, 0x201f1414, 0x0f0f0b11, 0x0e100f10, 0x4b901011, 0x072a1083, 0x0a0a0b07, 0x0a1d0c09, 
    0x07820a0c, 0x1e0f0b2c, 0x0f0f0809, 0x1316120c, 0x3f821212, 0x18160f3d, 0x11111213, 0x14101115, 0x0a0b1b14, 0x0f081014, 0x1711161f, 0x191f1217, 
    0x82131215, 0x820920b2, 0x151128d0, 0x14151812, 0x470e1111, 0x0f2305b9, 0x8208110e, 0x24272e02, 0x10171f20, 0x14191e25, 0x17070910, 0x33f58912, 
    0x14101411, 0x151a1c10, 0x13111412, 0x17121710, 0x080e1112, 0x14242c82, 0x16132011, 0x1c231b82, 0x8312171a, 0x82112021, 0x07092100, 0x44413a83, 
    0x26408305, 0x11150d10, 0x82141614, 0x10142331, 0x60411111, 0x303f8205, 0x0c160c0f, 0x13141d1d, 0x0d13100e, 0x140d0e0e, 0x27218215, 0x1218090f, 
    0x10130c13, 0x0811f344, 0x130f174c, 0x0f090910, 0x13161f1f, 0x14151216, 0x160f1313, 0x16111b11, 0x1b151316, 0x12151715, 0x19121113, 0x1e131613, 
    0x121a161e, 0x10131f13, 0x120d1012, 0x120f1511, 0x15121012, 0x12111212, 0x170f0d0e, 0x1910120f, 0x10171219, 0x8682180f, 0x0f0d112f, 0x0707070d, 
    0x10111a1a, 0x12110f12, 0x20d18216, 0x30058217, 0x12121013, 0x0d100d0f, 0x161c1013, 0x10140f11, 0x2f598216, 0x12161216, 0x1a1f1418, 0x0e131218, 
    0x0f110d11, 0x19301783, 0x13101414, 0x19111310, 0x09141914, 0x1013151b, 0x3e849482, 0x09161b22, 0x21052941, 0xfb831111, 0x82151b21, 0x830e202f, 
    0x22f78541, 0x84120f13, 0x10132801, 0x171a0d0f, 0x82111e22, 0x140b2400, 0x82140f13, 0x0917292e, 0x161b1413, 0x12151711, 0x19231482, 0x82181813, 
    0x0f12248a, 0x4412110d, 0x123305f3, 0x120d1211, 0x0f17110d, 0x13141717, 0x18090a17, 0x44181116, 0x2f8305f3, 0x260bf344, 0x17171414, 0x44141716, 
    0x132606f3, 0x18181913, 0x00861119, 0x1d171725, 0x441d1c1c, 0x10250bf3, 0x0d100f0f, 0x058d440d, 0x1e191825, 0x861d1c1e, 0x1511232a, 0xf3441c1a, 
    0x21198508, 0xf3441b1a, 0x82122007, 0x44172074, 0x1c2508f3, 0x1e1f201c, 0x2839891f, 0x25251f1f, 0x23232524, 0x27008617, 0x26272120, 0x23222525, 
    0x12216585, 0x20008214, 0x09f3441c, 0x19151524, 0xe7491d19, 0x09092308, 0x0d450c0c, 0x21648306, 0xca821111, 0x2607e749, 0x191a191a, 0x870b0b20, 
    0x87cc87e0, 0x15143f9c, 0x32171118, 0x000e691d, 0x10702000, 0x09070700, 0x1b12150d, 0x0a0a0815, 0x0a08120f, 0x7e860c08, 0x08210682, 0x26048208, 
    0x15151e0d, 0x82121714, 0x09500860, 0x1d111410, 0x19131917, 0x16131114, 0x13141f15, 0x0b0c0b12, 0x110c1012, 0x12130f13, 0x0913130c, 0x1d0a1109, 
    0x13131312, 0x120d0e0c, 0x10101911, 0x0b090b0f, 0x0c081212, 0x0f0f200d, 0x0911270c, 0x0d080820, 0x20100c0d, 0x090e180c, 0x0907131e, 0x13295d82, 
    0x1a0c1009, 0x0a12100c, 0x2e4a821a, 0x130c0b0b, 0x0b0c0815, 0x1c1c100e, 0x84150d1c, 0x141e2100, 0x12212582, 0x22008209, 0x83191717, 0x19122200, 
    0x22008216, 0x41141313, 0x1b210580, 0x201f870f, 0x207a8313, 0x83058213, 0x13102210, 0x05964310, 0x850f1421, 0x14172301, 0xd9891317, 0x85131621, 
    0x13172301, 0x15571317, 0x26b3820a, 0x18111408, 0x820a1111, 0x11092401, 0x420a110c, 0x1b230590, 0x82121712, 0x191324f7, 0x830c1413, 0x05c15701, 
    0x830d1321, 0x12162101, 0x1f230189, 0x42101319, 0x092405ba, 0x0d130e11, 0x2108ea68, 0x0183191f, 0x05101322, 0x2210a744, 0x961c1e0e, 0x15132900, 
    0x12191016, 0x13120805, 0x2f059141, 0x16151519, 0x12222116, 0x1110100c, 0x120f1110, 0x8b084c6a, 0x080c2a53, 0x0a0a0c08, 0x0b1e0c0a, 0x3316820c, 
    0x20100c09, 0x10100909, 0x1418130d, 0x14141313, 0x1a171015, 0xcc820882, 0x1516112a, 0x150a0c1f, 0x1f100a11, 0x192ad982, 0x171a2113, 0x0e111413, 
    0xd2830912, 0x19131725, 0x82121616, 0x0f1228c7, 0x1011110f, 0x8209120f, 0x26292e02, 0x11192122, 0x151b2027, 0x19090911, 0x29f38913, 0x15111512, 
    0x161b1e11, 0x41821613, 0x19131926, 0x080f1213, 0x16242c82, 0x17152213, 0x1e231b82, 0x8313191b, 0x07a54121, 0x14232183, 0x830c140c, 0x0e112640, 
    0x17161317, 0x22318215, 0x41121115, 0x19320660, 0x0d101313, 0x21210d17, 0x110f1515, 0x0f0f0e14, 0x2183150d, 0x73821020, 0x140d1525, 0x8d0c0f11, 
    0x12122400, 0x82141018, 0x21102491, 0x82141821, 0x1415214d, 0x1229e482, 0x1717121d, 0x171d1714, 0x3b938219, 0x141d1313, 0x201e1417, 0x14141b17, 
    0x13111421, 0x12130d12, 0x13131017, 0x13171311, 0x0f2d0082, 0x1019100f, 0x1b191113, 0x10111813, 0x28a5821a, 0x0e100d13, 0x1c090909, 0x2121821b, 
    0x24821210, 0x18131922, 0x39820182, 0x0e101331, 0x11140e11, 0x1012181e, 0x14171115, 0x82181215, 0x151a291d, 0x13191c21, 0x0f130f14, 0x11332f82, 
    0x151b1115, 0x11141115, 0x151b1314, 0x1d09151b, 0x5f111417, 0x142405b3, 0x09181d11, 0x22052941, 0x82171212, 0x171d2501, 0x0f121012, 0x58421c83, 
    0x06225506, 0x10111430, 0x24181b0d, 0x12111220, 0x15150c12, 0x2e821510, 0x14091923, 0x822f8215, 0x831220cd, 0x821920cd, 0x242d826f, 0x0a13120e, 
    0x08ba8211, 0x13130f22, 0x0f140e13, 0x1b101912, 0x1914151b, 0x171a090b, 0x10131a13, 0x0a0a0a12, 0x12121213, 0x0c0c0c1b, 0x02842182, 0x19151526, 
    0x15181718, 0x25066d53, 0x1a1a1414, 0x14431b1a, 0x19192707, 0x1f1e1e1f, 0x36821c1c, 0x0b270284, 0x1010110b, 0x840e0e11, 0x19132638, 0x1e20201a, 
    0x232b871f, 0x1b1d1c17, 0x19220087, 0x1982211a, 0x131d1c26, 0x12101013, 0x13207482, 0x1b217482, 0x2935851b, 0x1e1e1313, 0x21202122, 0x39871e1e, 
    0x28212127, 0x25282727, 0x233d8725, 0x29292322, 0x26200f82, 0x15202f86, 0x1e220082, 0xb282090c, 0x16243084, 0x1f1a1a16, 0x90840c82, 0x68090a21, 
    0x1983052b, 0x13246483, 0x15191813, 0x4a841c82, 0x1c1b1c26, 0x0c0c221b, 0x1920e082, 0xcc87e083, 0x153f9c87, 0x19121917, 0x0e701f36, 0x74210000, 
    0x08080011, 0x13160e09, 0x0b08161c, 0x0813100b, 0x860d080a, 0x2106827e, 0x04820808, 0x161f0d3f, 0x13181415, 0x09171612, 0x1d111511, 0x1a141a18, 
    0x17131215, 0x13151f15, 0x0b0d0b13, 0x06f34413, 0x09233682, 0x820a1109, 0x132908fa, 0x0d0f0d13, 0x111b1113, 0x090b1012, 0x0813130b, 0x10210e0d, 
    0x12280c10, 0x0808210a, 0x100c0e0e, 0x0f190c21, 0x08131f0a, 0x2c5d8209, 0x0c100913, 0x13100d1b, 0x0b0c1b0a, 0x2bc08213, 0x0c081513, 0x1d100f0c, 
    0x160d1d1d, 0x1f210084, 0x25258414, 0x18090909, 0x00831a18, 0x171a1322, 0x13220082, 0xf3441514, 0x441c2005, 0xb88909f3, 0x12131322, 0x1121b082, 
    0x44018216, 0x142405f1, 0x1815180f, 0x19831584, 0xf3441b82, 0x44182008, 0x11260cf3, 0x11150811, 0xf3441219, 0x0a122307, 0x01831318, 0x05821c20, 
    0x83131a21, 0x0d152101, 0xd7440183, 0x05f34405, 0x8505d342, 0x1b1f2505, 0x10131213, 0x09220183, 0xf3440f12, 0x1f1b210b, 0x13220182, 0xb0430512, 
    0x220d820d, 0x961d1f0f, 0x15132a00, 0x131a1117, 0x13130805, 0x2dd8830c, 0x15151a12, 0x23221717, 0x11100c13, 0x01821012, 0x4b901220, 0x082a1083, 
    0x0b0b0c08, 0x0b1f0d0a, 0x07820b0d, 0x21100c33, 0x1010090a, 0x1419130d, 0x14141313, 0x1b181116, 0x284c8215, 0x16121317, 0x0b0c1e15, 0x2ae78216, 
    0x1a131821, 0x1b22131a, 0x82151317, 0x0d092ab2, 0x17130d14, 0x16171a14, 0x3ac58213, 0x12101013, 0x130f1012, 0x09131009, 0x2223272b, 0x2128111a, 
    0x0911161b, 0x89131a09, 0x16122bf5, 0x1f111611, 0x1613171c, 0xb0821513, 0x38821a20, 0x2c820820, 0x23131625, 0x83131815, 0x821a2019, 0x11162605, 
    0x12131213, 0x41008209, 0x40830744, 0x820e1221, 0x16182435, 0x83101314, 0x0560411f, 0x122f3f82, 0x210e180e, 0x10151621, 0x0f0f1412, 0x83160e10, 
    0x0a112721, 0x0d15131a, 0xd4741114, 0x24fd8608, 0x11191313, 0x23588214, 0x19222211, 0x20086f82, 0x15141617, 0x1f131811, 0x15181813, 0x1a171d17, 
    0x13141417, 0x18151d13, 0x18212015, 0x2214141c, 0x2a2c8215, 0x1a12140e, 0x12141410, 0x82131714, 0x110f2300, 0x9c821b12, 0x141c1b2d, 0x1b101119, 
    0x13121212, 0x820f100e, 0x1c1c2ea7, 0x12141213, 0x14181313, 0x1319131a, 0x29568219, 0x0e111314, 0x12150e11, 0xaf821b1f, 0x14171230, 0x14181215, 
    0x161b1418, 0x141a1c22, 0x2b510f14, 0x11162505, 0x1215161c, 0x13270182, 0x161c161c, 0x831a1f09, 0x82172024, 0x12152444, 0x4109181e, 0x13220529, 
    0x01821712, 0x131a1f25, 0x83101310, 0x21f78541, 0x99421014, 0x12152705, 0x191c0e11, 0x9a822125, 0x160c1331, 0x13151115, 0x091a1713, 0x181d1615, 
    0x82171a12, 0x20cd82cc, 0x276f821b, 0x0f111311, 0x120a1413, 0x10240782, 0x0f141313, 0x1b333e82, 0x161b1b11, 0x090b1a15, 0x1b13181b, 0x0a131114, 
    0x82130a0a, 0x0c1b2400, 0x86140c0c, 0x16162700, 0x1918191a, 0x3a431616, 0x15152405, 0x441a1b1b, 0x1927089d, 0x1f1f2019, 0x441d1d20, 0x26820af3, 
    0x820f0f21, 0x25028242, 0x21211b1a, 0x0b85201f, 0x1d239182, 0x861b1c1e, 0x1b1a2200, 0x26198222, 0x14141e1d, 0x82131111, 0x20738474, 0x2870861b, 
    0x231f1f14, 0x1f222122, 0x2739871f, 0x28292222, 0x26262928, 0x1b243c86, 0x2a2b2423, 0x27200f82, 0x1624a088, 0x090c1f16, 0x2407a645, 0x1b1b1717, 
    0x0af34420, 0x860d0d21, 0x14142119, 0x18225083, 0xf344161a, 0x1c1d2607, 0x0c231c1d, 0x87e0870c, 0x3f9c87cc, 0x131a1716, 0x741f381a, 0x2300000f, 
    0x0800127b, 0x170f0a08, 0x08171e14, 0x14110b0b, 0x0d090b09, 0x06827e86, 0x82090921, 0x0e5a0804, 0x16171721, 0x18131419, 0x16120919, 0x1b191f12, 
    0x13161b15, 0x1f171815, 0x0c141516, 0x11140c0d, 0x1015120d, 0x140e1415, 0x12090914, 0x15141f0a, 0x100e1515, 0x1d13140e, 0x0c101212, 0x14140c0a, 
    0x230f0d08, 0x2b0d1111, 0x08230a13, 0x0d0f0f08, 0x1b0d2311, 0x15210a10, 0x5d820a08, 0x110a1529, 0x110e1c0d, 0x821c0b14, 0x0d0d2d4a, 0x0917140d, 
    0x11100d0d, 0x0e1f1f1f, 0x2205fd4a, 0x84141621, 0x09092489, 0x831b1919, 0x1b142200, 0x23008218, 0x12161515, 0x1e210084, 0x201f8710, 0x05d75d15, 
    0x83151421, 0x15122310, 0x01841712, 0x85101621, 0x16192201, 0x095e5f19, 0x86181421, 0x14192201, 0x49b6821a, 0x1b2908e9, 0x16091212, 0x12131a12, 
    0x2401840a, 0x190a130d, 0x20018314, 0x5805821d, 0x16210587, 0x2101830e, 0x01831013, 0x830e1521, 0x834a8701, 0x1d1f2507, 0x10141215, 0x0a240183, 
    0x0e151013, 0xd282ca82, 0x1f210282, 0x2201831d, 0x82051215, 0x21028d0b, 0xea822110, 0x142a0294, 0x1b121817, 0x14090514, 0xd0830d15, 0x171b132d, 
    0x24181817, 0x110d1425, 0x82111312, 0x084c6a7e, 0x2308508c, 0x0b0d0909, 0x210d0b0b, 0x0c0c0d0c, 0x110d0a0c, 0x110a0a23, 0x1a150e11, 0x16151516, 
    0x19121716, 0x1415161c, 0x1326cc82, 0x0d1f1718, 0xe582170b, 0x1419212e, 0x24151b1b, 0x1615191d, 0x0a141013, 0x1526de82, 0x181b1519, 0xc5821418, 
    0x11101425, 0x82111313, 0x14113115, 0x252a2d0a, 0x2b131b24, 0x12171d22, 0x151b0909, 0x1427f589, 0x12171217, 0x82191e21, 0x12162812, 0x151b151b, 
    0x82091014, 0x1418242c, 0x82191725, 0x1e21231b, 0x2183151b, 0x8307a541, 0x82162021, 0x26408365, 0x14190f13, 0x82171918, 0x12172331, 0x60411414, 
    0x151b3205, 0x190e1215, 0x1721210e, 0x16131116, 0x0f111010, 0x23218317, 0x151b0a12, 0x12213682, 0x2eed8c10, 0x14140d0d, 0x1316121a, 0x25120909, 
    0x82161a24, 0x16172183, 0x2508e482, 0x19142114, 0x1f191619, 0x15181b19, 0x1f151516, 0x23161916, 0x161e1923, 0x12162416, 0x150f1315, 0x15111a14, 
    0xe7821315, 0x15141526, 0x1b121110, 0x1d271482, 0x121b151d, 0x82131c11, 0x110f2ca6, 0x09090910, 0x13141e1e, 0x82141215, 0x22978224, 0x82151a14, 
    0x12153139, 0x160f120f, 0x141c2113, 0x19131711, 0x1a131615, 0x1d291d82, 0x1c1e2417, 0x15101615, 0x32518211, 0x1e121713, 0x16131717, 0x1d141613, 
    0x09171d17, 0x82161a21, 0x82192028, 0x13162426, 0x41091a20, 0x14220529, 0x01821914, 0x141a2125, 0x83101411, 0x23f7851a, 0x12151116, 0x16280183, 
    0x1e0f1213, 0x1423281b, 0x0d218a82, 0x82318217, 0x091b262e, 0x191f1716, 0x20cd8213, 0x22cd8314, 0x83151b1c, 0x14102829, 0x12130a15, 0x83101314, 
    0x10152fc5, 0x1b121b14, 0x1b16171d, 0x191c090c, 0xba821c15, 0x0a0a0a2b, 0x14141415, 0x0d0d0d1d, 0x28008615, 0x1b1b1717, 0x18171a19, 0x24008412, 
    0x1c1d1616, 0x0935621c, 0x21221b26, 0x1f1f2221, 0x2107f344, 0x24830c0c, 0x85101021, 0x1d1c253a, 0x22212323, 0x02844e82, 0x201e1923, 0x07aa471e, 
    0x241d1c22, 0x1e211982, 0x2293821f, 0x82141412, 0x21748273, 0x35851d1d, 0x21151529, 0x23252521, 0x84212124, 0x27048236, 0x2b2b2525, 0x29292b2a, 
    0x25273d87, 0x2b2d2d27, 0x8829282c, 0x171724a0, 0x820a0d21, 0x243084b2, 0x1d1d1818, 0x850c8222, 0x09092393, 0x19860e0e, 0x64821520, 0x1a151524, 
    0x0f82171b, 0x1f264a84, 0x251d1f1d, 0xe0870d0d, 0xcc861b20, 0x17379c87, 0x1b141b19, 0x107b233b, 0x82250000, 0x09090013, 0x15190f0a, 0x82091920, 
    0x091524e4, 0x860e090b, 0x2106827e, 0x04820909, 0x230f2608, 0x1a171819, 0x1a191415, 0x13171309, 0x171d1b1f, 0x1514171d, 0x17231719, 0x0e0c1515, 
    0x0e12150c, 0x16111613, 0x08368215, 0x13090931, 0x1615210a, 0x110e1616, 0x1d13150f, 0x0c111313, 0x15150c0a, 0x250f0d09, 0x2d0e1212, 0x09250b14, 
    0x0d0f0f09, 0x1c0e2512, 0x15230b11, 0x82150a09, 0x120a2800, 0x120e1e0e, 0x821e0b15, 0x0d0d2e4a, 0x0918150e, 0x12110d0e, 0x0f202020, 0x83008419, 
    0x24438266, 0x1b090909, 0x21dd841b, 0x17831d15, 0x17171522, 0x21053a46, 0x44821120, 0x1e821520, 0x83160921, 0x8216207a, 0x22108305, 0x4c131613, 
    0x21560533, 0x11172405, 0x6b1b171a, 0x19210afe, 0x22018515, 0x841b151a, 0x06f5443b, 0x13131c29, 0x1c131709, 0x820a1314, 0x130b2401, 0x420a140e, 
    0x1f200590, 0x1d212682, 0x21018316, 0x01830e17, 0x83111421, 0x0f152101, 0x48850183, 0x23230585, 0x4f13151d, 0x0a260552, 0x0f151114, 0x00860e09, 
    0x831d2321, 0x13152101, 0x2211f344, 0x96202211, 0x18162b00, 0x151d131a, 0x16150905, 0x0082150e, 0x181d142d, 0x26191918, 0x120e1527, 0x82121413, 
    0x4314207e, 0x0e840efd, 0x09090e29, 0x0b0c0c0e, 0x820c230e, 0x0b0c3406, 0x0b25120d, 0x0f12120a, 0x16171c16, 0x19171716, 0x821e1b13, 0x1a152908, 
    0x18191415, 0x190c0e21, 0x232ae582, 0x1d1d151b, 0x1a1e2616, 0xb2821716, 0x160f0b2a, 0x161a150f, 0x15181a1d, 0x153ac782, 0x14141211, 0x0a151112, 
    0x300a1512, 0x1d26272c, 0x1f242d14, 0x09091319, 0xf589161d, 0x13191527, 0x20231319, 0x2812821a, 0x161d1317, 0x1115161d, 0x242c8209, 0x18271519, 
    0x211b821b, 0x2c822023, 0xa5412182, 0x07444107, 0x1915192a, 0x1a101415, 0x191b1915, 0x19233182, 0x41151513, 0x3f820560, 0x1b0f133b, 0x1923230f, 
    0x17141218, 0x0f121111, 0x16181a18, 0x1d0b1315, 0x170f1816, 0x06a16413, 0x08065741, 0x150e0e61, 0x17131c15, 0x13090914, 0x171c2627, 0x191a161b, 
    0x1b131817, 0x1b152315, 0x1f1a171b, 0x171a1d1a, 0x1f161517, 0x23171b17, 0x17201b25, 0x13182617, 0x160f1416, 0x16121d15, 0x1b161416, 0x16151616, 
    0x1d131111, 0x1f141613, 0x141c161f, 0x15141e12, 0x120f1515, 0x09090911, 0x14151f20, 0x82151316, 0x161d3a24, 0x171c151a, 0x16171317, 0x10131013, 
    0x1d231417, 0x14181215, 0x1518171a, 0x271d821b, 0x2026181e, 0x1117171d, 0x2505f344, 0x181f1318, 0x01821418, 0x191f1529, 0x2309191f, 0x8214171d, 
    0x24268288, 0x1c201418, 0x05294109, 0x1a151522, 0x45830182, 0x83111521, 0x21f78541, 0x6d511217, 0x13142f06, 0x2a1c200f, 0x15131525, 0x18190e15, 
    0x2e821813, 0x17091d26, 0x141b1f18, 0x1529cd82, 0x171f1515, 0x17161d1e, 0x288c8213, 0x140a1615, 0x11131513, 0x36c58216, 0x1d151017, 0x191f1d13, 
    0x090c1d17, 0x1e151b1e, 0x0a151316, 0x83160a0a, 0x0e0e232f, 0x0086160e, 0x20063962, 0x053a4319, 0x1e171725, 0x821f1e1e, 0x27028422, 0x23231c1c, 
    0x21212423, 0x8209f344, 0x10142225, 0x253a8510, 0x25261e1d, 0x28842423, 0x1a220482, 0xa7472220, 0x1f1d2108, 0x20241983, 0x13161621, 0x7382b282, 
    0x8b627482, 0x23232709, 0x26252727, 0x39872323, 0x2e272727, 0x2b2e2d2d, 0x273e872b, 0x2f302928, 0x2b2a2e2d, 0x1924a088, 0x0a0e2319, 0x3084b282, 
    0x1f1a1a24, 0x0c82241f, 0x8609f344, 0x82162019, 0x15152464, 0x82191d1b, 0x264a840f, 0x1f211f21, 0x870e0e27, 0x87cc87e0, 0x1a19359c, 0x3e1d151d, 
    0x00118226, 0x13852600, 0x0a090900, 0x21151910, 0x2008f344, 0x0ff3440f, 0x19242d08, 0x161b1818, 0x0a1b1a14, 0x22141813, 0x1e171e1c, 0x1a161418, 
    0x16182318, 0x0d0f0d16, 0x140e1315, 0x15161216, 0x0a16160f, 0x200b140a, 0x0f39bc83, 0x14160f11, 0x1214131f, 0x150d0b0d, 0x10100915, 0x0e121226, 
    0x260b142f, 0x2a0b8209, 0x0e26130e, 0x240b111d, 0x820a0916, 0x0b162c69, 0x0f1f0e13, 0x1f0b1513, 0x82150d0e, 0x191629c0, 0x110e0e09, 0x21212113, 
    0x2106f344, 0x51831824, 0x1c22f483, 0x00831e1c, 0x1a1e1522, 0x16230082, 0x84141817, 0x12212100, 0x15204582, 0x36411f83, 0x84152006, 0x16142307, 
    0x01841914, 0x85121821, 0x181b2501, 0x1516161c, 0x1a210187, 0x22018516, 0x821c161b, 0x055241b6, 0x1d290582, 0x180a1313, 0x14141c14, 0x2301840b, 
    0x1c0b140e, 0x1c222082, 0x05822016, 0x83161e21, 0x0f182101, 0xf3440183, 0x0f162105, 0x48850183, 0x23250585, 0x1614161f, 0x25018312, 0x1611140a, 
    0xf3440a0f, 0x231f2108, 0x16220182, 0xab430614, 0x22088708, 0x96212311, 0x19162600, 0x151e141a, 0x07f34406, 0x181d152e, 0x27191918, 0x130e1528, 
    0x15131413, 0x4b90f582, 0xf3441083, 0x240f3405, 0x0d0d0f0d, 0x130e0b0d, 0x130a0b26, 0x1c160f13, 0x82161618, 0x1c13223f, 0x0808821f, 0x161b1625, 
    0x21191a14, 0x14190c0e, 0x1c24130b, 0x161e1e16, 0x161b1f27, 0x15111418, 0x0f170f0b, 0x1e171b16, 0x82161a1a, 0x121639c5, 0x13141512, 0x120b1612, 
    0x2d310a16, 0x141d2728, 0x1920252f, 0x1e0a0a14, 0x83063e41, 0x191527f5, 0x24141914, 0x12821b21, 0x1e141824, 0x38821e16, 0x1a252c83, 0x1c182816, 
    0x20198316, 0x2605821e, 0x15161419, 0x820a1516, 0x07444100, 0x2f821a20, 0x82111421, 0x191c2135, 0x1f833182, 0x82056041, 0x10143c3f, 0x2626101b, 
    0x14121819, 0x12121118, 0x191b1910, 0x0b141617, 0x0f18161e, 0x8e121417, 0x16162bf5, 0x1418131d, 0x28130a0a, 0x6f821c27, 0x191b2e08, 0x1b131818, 
    0x1c162216, 0x221b181c, 0x171b1e1b, 0x22161618, 0x25181b18, 0x17211c26, 0x14182718, 0x17101517, 0x17131e15, 0x1d171417, 0x34008216, 0x1e141212, 
    0x20141613, 0x141d1720, 0x15151f13, 0x13101615, 0x2aa78211, 0x14162021, 0x16161417, 0x821e171c, 0x171c2103, 0x162c3982, 0x10141013, 0x1e221518, 
    0x15191316, 0x29086982, 0x1c171c15, 0x27191f17, 0x18171e21, 0x16121612, 0x19141614, 0x19192014, 0x18141815, 0x20192016, 0x1e220a19, 0x171c1518, 
    0x8682161b, 0x1d231423, 0x0529410a, 0x1b151622, 0x45830182, 0x83121621, 0x20f78541, 0x83848218, 0x14182741, 0x1d211013, 0x8982262b, 0x190e1533, 
    0x16191318, 0x0a1e1b16, 0x1c221918, 0x171b1e15, 0x20cd8315, 0x054b4a1e, 0x17161124, 0x3582140b, 0x1616123b, 0x12171117, 0x1e131e16, 0x1d181920, 
    0x1c1f0a0d, 0x13171f16, 0x0b0b0b16, 0x22008216, 0x4d0e0e20, 0x17210632, 0x05e97517, 0x441a1921, 0x182505f3, 0x1e1f1f18, 0x84228220, 0x1d1d2702, 
    0x25242424, 0x1e562121, 0x0d0d2707, 0x14131314, 0x1c841111, 0x1f1e1626, 0x25242627, 0x91820b85, 0x47232121, 0x198508a9, 0x17222126, 0x16131317, 
    0x73847482, 0x27088b62, 0x28282424, 0x24242726, 0x28273987, 0x2e2e2f28, 0x872c2c2f, 0x2a29233e, 0x0f823131, 0xd44d2d20, 0x24a08205, 0x0e241919, 
    0x84b2820a, 0x1a1a2430, 0x82251f1f, 0x2393850c, 0x0f0f0a0a, 0x17211986, 0x221f8317, 0x821a1e1c, 0x264a840f, 0x20222021, 0x870e0e28, 0x87cc87e0, 
    0x1b193f9c, 0x401e151e, 0x00118526, 0x148c2800, 0x0b090900, 0x22171b11, 0x0d0d0a1b, 0x0c0a1713, 0x7e860f0a, 0x0a210682, 0x0804820a, 0x1b261026, 
    0x171d191a, 0x0c1c1b15, 0x22151914, 0x1f181f1d, 0x1c181519, 0x1819251a, 0x0d0f0d17, 0x150f1417, 0x16181318, 0x3d083682, 0x0b150a0a, 0x18181722, 
    0x10120f18, 0x141f1617, 0x0b0d1314, 0x0917170d, 0x13281110, 0x15310f13, 0x0909280c, 0x140e1111, 0x121e0f28, 0x0918260c, 0x1717170b, 0x0f140b18, 
    0x17141021, 0x4a82210c, 0x0f0e0e2e, 0x0f0a1a17, 0x2314120e, 0x1b102323, 0x25210084, 0x21258219, 0x00820c17, 0x1f1d1d22, 0x17220083, 0x00821c1f, 
    0x19181822, 0x21059b45, 0x13451322, 0x83182007, 0x8218207a, 0x21308305, 0x2b4d1814, 0x05ed4906, 0x1d131927, 0x17181d19, 0x21018716, 0x0185171b, 
    0x1d171c23, 0x05427617, 0x0a200583, 0x0a26b382, 0x151e1519, 0x01840b15, 0x0b150f23, 0x2220821d, 0x8222171d, 0x24f78205, 0x19181f18, 0x4c01830f, 
    0x18210586, 0x21018310, 0x0189171c, 0x181f2523, 0x05e95214, 0x12150b26, 0x0f0a1018, 0x25210086, 0x2001831f, 0x12f34418, 0x82251221, 0x2a0294ea, 
    0x151c1a17, 0x0a06171f, 0x830f1817, 0x1f1622d0, 0x2800821a, 0x0f172a29, 0x14151414, 0x43f58216, 0x0e840efd, 0x0a0a0f29, 0x0c0d0d0f, 0x820d260f, 
    0x0c0d3706, 0x0c28140e, 0x1014140b, 0x18191e18, 0x1b191918, 0x19211d14, 0xb0821718, 0x1b152208, 0x0d0f241a, 0x140b151b, 0x1f171d28, 0x2129181f, 
    0x1519181c, 0x100b1712, 0x1c181019, 0x1b1c1f18, 0x21c78217, 0x66821317, 0x17131423, 0x2e02820b, 0x292b3034, 0x2731151f, 0x0c151b21, 0x89181f0a, 
    0x1b1633f3, 0x25151b15, 0x1b181c22, 0x1f151917, 0x17181f18, 0x2c820a13, 0x2a171b25, 0x83171d1a, 0x181f2119, 0x17252183, 0x0c161716, 0x413a830a, 
    0x40830544, 0x1c111526, 0x1b1d1b17, 0x1b233182, 0x41161715, 0x1f3f0560, 0x10141818, 0x2828101d, 0x15131a1b, 0x13131219, 0x1a1d1a11, 0x0c151718, 
    0x101a181f, 0x41131519, 0x06870651, 0x17176108, 0x1519141e, 0x2a140c0c, 0x1d191e29, 0x191b1c17, 0x171d141a, 0x1d1d1724, 0x1c221c19, 0x19181c1f, 
    0x19221718, 0x2826191d, 0x1919221d, 0x18151929, 0x16181116, 0x1818141e, 0x171d1815, 0x13181718, 0x14201414, 0x21201517, 0x14151e18, 0x16161620, 
    0x12141117, 0x230a0a0a, 0x18151722, 0x1d181714, 0x1e23d182, 0x82181e18, 0x14182e39, 0x19111511, 0x171e2516, 0x1e161a14, 0x82038219, 0x1a21231d, 
    0xd1822229, 0x1418132b, 0x16181618, 0x1a22151a, 0x3505821a, 0x1b21171a, 0x240c1b21, 0x1d16191e, 0x1d171c18, 0x23151a18, 0x29410c1e, 0x16172205, 
    0x2001821c, 0x22458224, 0x841d1317, 0x821f205f, 0x14192263, 0x27018417, 0x11141519, 0x282d1e22, 0x172f9b82, 0x141a1b0f, 0x1c17171a, 0x1a190c1f, 
    0x82161d22, 0x181725cd, 0x21192218, 0x28054b4a, 0x0b181712, 0x16171415, 0x30c58213, 0x17131912, 0x22201420, 0x0d1f191b, 0x181d200c, 0x2bba8220, 
    0x180b0b0b, 0x22171717, 0x180f0f0f, 0x1b260086, 0x1d1f1f1b, 0x6d531b1e, 0x19192506, 0x21202021, 0x26083562, 0x2526261f, 0x44232327, 0x152509f3, 
    0x12151414, 0x253a8512, 0x28292120, 0x2b872726, 0x25231c23, 0x85008722, 0x24232719, 0x14141818, 0x73821717, 0x22217482, 0x29358522, 0x26261818, 
    0x29282a2a, 0x39872626, 0x312a2a27, 0x2e323131, 0x233d872e, 0x33342c2b, 0x2f200f82, 0x1b24a088, 0x0b0f261b, 0x3084b282, 0x211c1c24, 0x0c822721, 
    0x0c239385, 0x8610100c, 0x82182019, 0x18182464, 0x821b1f1e, 0x264a840f, 0x21232123, 0x870f0f2a, 0x861f20e0, 0x3f9c87cc, 0x171f1c1b, 0x8c28431f, 
    0x2a000012, 0x0a001593, 0x1c120c0a, 0x0a1c2418, 0x18140e0e, 0x100a0c0a, 0x06827e86, 0x820a0a21, 0x11260804, 0x1a1b1c28, 0x1c17181e, 0x1a150c1e, 
    0x211f2616, 0x161a211a, 0x271a1d18, 0x0e18181b, 0x15180e10, 0x14191610, 0x36821719, 0x0a0a2d08, 0x18240b16, 0x10191919, 0x16181113, 0x14161521, 
    0x180e0c0e, 0x12100a18, 0x1014142a, 0x2a0c1634, 0x12120a0a, 0x102a150f, 0x280c1320, 0x18206b82, 0x0c280082, 0x10221015, 0x220c1815, 0x0f2e4a82, 
    0x1b18100f, 0x130f100a, 0x25252515, 0x00841c11, 0x841a2721, 0x0c0c2525, 0x211f1e0c, 0x18220083, 0x00821d21, 0x1a1a1823, 0x22008416, 0x82171424, 
    0x820a2000, 0x83192000, 0x8219207a, 0x22308305, 0x49161916, 0x1a2105a2, 0x25018514, 0x191e1a1e, 0x01871718, 0x85181c21, 0x181e2301, 0xf344181f, 
    0x1520290a, 0x161a0b15, 0x0b16171f, 0x0c250182, 0x0b171016, 0x2220821f, 0x8223181f, 0x19212105, 0x1a210183, 0x4c018310, 0x18210586, 0x21018311, 
    0x0189181d, 0x18212725, 0x83141816, 0x160b2401, 0x67111813, 0x10240558, 0x21271010, 0x18220183, 0xb1430616, 0x0f0f240e, 0x96252713, 0x1b192a00, 
    0x1821161d, 0x19180a06, 0x2ed08310, 0x1b1b2117, 0x2c2b1c1c, 0x15151018, 0x82171516, 0x824b90f5, 0x0a102910, 0x0e0e100a, 0x0e28100c, 0x2f080682, 
    0x150f0c0e, 0x150c0c2a, 0x1f191115, 0x1a19191a, 0x1e151c1a, 0x18191a22, 0x17181e18, 0x10251b1c, 0x0b161c0e, 0x181f2a15, 0x2b192121, 0x1a191e22, 
    0x0c2ab282, 0x18111911, 0x1d21191e, 0xc582181b, 0x82141821, 0x13153566, 0x18140c18, 0x2d32360c, 0x3416212b, 0x161c2329, 0x19210a0c, 0x1733f389, 
    0x161c161c, 0x191d2427, 0x161a181c, 0x19211921, 0x820b1418, 0x181c252c, 0x181f1b2c, 0x21211983, 0x25218319, 0x17181718, 0x3a830a0c, 0x1a192125, 
    0x83101a10, 0x12162640, 0x1f1c181e, 0x2331821c, 0x1718161c, 0x82056041, 0x11163c3f, 0x2828111e, 0x16141b1c, 0x1414131a, 0x1b1e1c12, 0x0c161819, 
    0x111b1921, 0x6e14161a, 0x09840957, 0x20181825, 0x82161a15, 0x2c3a08e4, 0x1f1a1f2b, 0x1a1c1d19, 0x181e151b, 0x1f1f1826, 0x1e261e1a, 0x1a1a1d21, 
    0x1b241918, 0x2a2a1b1e, 0x1a1a241e, 0x19161b2b, 0x17191217, 0x19191520, 0x191f1917, 0x14191819, 0x0d821614, 0x2322163a, 0x15162019, 0x17171722, 
    0x13151218, 0x240a0a0a, 0x19171824, 0x1e191816, 0x1f37d182, 0x1a1a1f19, 0x15191a16, 0x1a121612, 0x18202717, 0x1e171c15, 0x82171b1b, 0x22192863, 
    0x21242b1c, 0x44141a1a, 0x1b3d05f3, 0x1b1c2416, 0x1b161b17, 0x231c2318, 0x20260c1c, 0x1a1e171b, 0x191e191e, 0x2028161b, 0x0529410c, 0x1e171822, 
    0x26200182, 0x18214582, 0x82598214, 0x23f9835f, 0x1619151a, 0x1b280183, 0x24121516, 0x182a2f20, 0x102e0082, 0x1b151b1c, 0x211e1818, 0x261b1a0c, 
    0xcd82171f, 0x24241482, 0x1921211b, 0x15292d82, 0x0b191813, 0x16181517, 0x37c58214, 0x18131a13, 0x22201520, 0x0e201b1c, 0x181e220c, 0x18151922, 
    0x190b0b0b, 0x22242f82, 0x19101010, 0x1c270086, 0x1e20211c, 0x481c1c20, 0x1b25052e, 0x2222231b, 0x84228223, 0x20202702, 0x28272828, 0x5f442525, 
    0x0b0b2905, 0x15160e0e, 0x13131615, 0x21253a85, 0x282a2b23, 0x82288429, 0x241e2204, 0x203a8227, 0x85008422, 0x26252619, 0x15151919, 0x20748218, 
    0x21748219, 0x35852222, 0x27191929, 0x2a2c2c27, 0x8728272b, 0x2c2c2739, 0x34333334, 0x3a843131, 0x2d270482, 0x3336362e, 0x88313034, 0x1c1c24a0, 
    0x820b1027, 0x243084b2, 0x23231d1d, 0x440c8229, 0x198609f3, 0x18246483, 0x1c211f18, 0x4a840f82, 0x25232526, 0x10102d23, 0xcc87e087, 0x20089c87, 
    0x18211e1c, 0x93284721, 0x2e000013, 0x0b0017a2, 0x1f130d0b, 0x0b1f271a, 0x1a160f0f, 0x120b0d0b, 0x2100881a, 0x0a820b0b, 0x2c135708, 0x211d1e1f, 
    0x201f191a, 0x181d170c, 0x1c242128, 0x1a181d24, 0x1d2b1e20, 0x120f1a1a, 0x11171a0f, 0x1b151b18, 0x1a1b121a, 0x0d180c0c, 0x1b1b1a28, 0x1215121b, 
    0x1824181a, 0x0d0f1617, 0x0b1a1a0f, 0x162e1312, 0x18381116, 0x0b0b2e0d, 0x17111313, 0x1523112e, 0x6b822c0d, 0x1a3b5d82, 0x2511170d, 0x0d1a1712, 
    0x1a0f1125, 0x1b111111, 0x11110b1e, 0x28281715, 0x841f1328, 0x20668300, 0x245a821a, 0x21210c0c, 0x22008324, 0x8220241a, 0x1c1a2300, 0x0084181d, 
    0x83152821, 0x820c2045, 0x831b2000, 0x821b207a, 0x22108305, 0x44171b17, 0x1d2105ae, 0x23018515, 0x1b211d21, 0x1a22d888, 0x01851b1f, 0x221a2022, 
    0x055c5b84, 0x17232906, 0x181d0c17, 0x0d181922, 0x11240184, 0x1a210d19, 0x27200183, 0x24210582, 0x2101831b, 0x0183121d, 0x83151821, 0x121a2101, 
    0x20210183, 0x2501891a, 0x171a242b, 0x0183161a, 0x15180d24, 0xea68121a, 0x242b2108, 0x1a220183, 0x4f180717, 0x1521102c, 0x94ea822b, 0x1e1b2b02, 
    0x1a241820, 0x1b1a0b07, 0x00821a11, 0x1e241930, 0x301f1f1e, 0x17111a30, 0x19171917, 0x58651916, 0x2a538c08, 0x0f110b0b, 0x2c120d0f, 0x820f120f, 
    0x17113507, 0x170d0d2e, 0x221b1317, 0x1d1b1b1c, 0x21171f1d, 0x1b1b1d25, 0x1934b082, 0x11281e1f, 0x0d181f0f, 0x1a212c17, 0x2f1b2424, 0x1d1b2126, 
    0x0d2ab282, 0x1a121b12, 0x20241b21, 0xc5821a1d, 0x82161a21, 0x15173566, 0x1a160d1a, 0x31373b0d, 0x3818242f, 0x181f262d, 0x1b240c0c, 0x1a29f389, 
    0x181f181f, 0x1b20282b, 0x2641821f, 0x1b241b24, 0x820c161a, 0x1b1f252c, 0x1a211e31, 0x24211983, 0x4121831b, 0x444107a5, 0x26408307, 0x1a201419, 
    0x821f211f, 0x181f2331, 0x60411a1a, 0x3c3f8205, 0x13211317, 0x1d1f2c2c, 0x151d1816, 0x1e131616, 0x1a1b1e21, 0x1b240d18, 0x181c121e, 0x26ed8c16, 
    0x1a1a1111, 0x821d1723, 0x17350891, 0x1d222f30, 0x1f201b21, 0x21171e1c, 0x211a2a1a, 0x28211d21, 0x1c202420, 0x261b1a1d, 0x2c1d211d, 0x1c27212e, 
    0x181d2f1d, 0x1c13191b, 0x1b17241a, 0x211c191b, 0x2300821b, 0x22171615, 0x35081482, 0x231c2626, 0x19251718, 0x131a1a1a, 0x0c0c1517, 0x1a27280c, 
    0x1a171b19, 0x241c211b, 0x221b231b, 0x1c181d1c, 0x1814171b, 0x2b191d14, 0x1e171a25, 0x1d1d2019, 0x4282221a, 0x1e252b08, 0x1c24282f, 0x161a151d, 
    0x181a181a, 0x1e27181e, 0x191d191e, 0x1f261a1d, 0x2a0c1f26, 0x21191d24, 0x211b201c, 0x2a191d1b, 0x29410c23, 0x1a1a2105, 0x2a26fb83, 0x1a171a24, 
    0x1a822116, 0x1d21f785, 0x05794c17, 0x17191d28, 0x34232713, 0x00821a2e, 0x1e1f1124, 0x2e821e17, 0x1d0c2426, 0x1921281e, 0x1482cd82, 0x251d2625, 
    0x821c1c24, 0x1a14282d, 0x17190d1c, 0x8316181b, 0x141c35c5, 0x2418221b, 0x241d1f26, 0x21250c10, 0x171c251a, 0x0d0d0d1a, 0x1b231982, 0x48111126, 
    0x1c2a063e, 0x241f1f1c, 0x1f232123, 0x0084171f, 0x261d1d25, 0x82262525, 0x27028452, 0x2b2c2323, 0x29292c2b, 0x02843682, 0x180f0f27, 0x14181717, 
    0x27438314, 0x26241b1b, 0x2d2b2e2f, 0x1b260b85, 0x2a28201b, 0x00862627, 0x28211985, 0x21938229, 0x74821a17, 0x26217384, 0x2700861c, 0x30312b2b, 
    0x2c2b2f2e, 0x04826284, 0x39303027, 0x35393838, 0x243c8635, 0x3b333126, 0x200f823b, 0x202e8636, 0x2200821f, 0x820d112b, 0x243084b2, 0x26262020, 
    0x840c822d, 0x0c0d2490, 0x8212120c, 0x2484870c, 0x24221a1a, 0x840f821f, 0x2629264a, 0x11312729, 0x87e08711, 0x3f9c87cc, 0x1a24201f, 0xa22c4d24, 
    0x32000015, 0x0c0019b0, 0x21150e0c, 0x0c212b1c, 0x1c181010, 0x130c0e0c, 0x21092f66, 0x0b820c0c, 0x30145a08, 0x241f2021, 0x23221b1d, 0x1a1f190d, 
    0x1e27242d, 0x1d1b1f27, 0x202f2322, 0x13101d1d, 0x13191c10, 0x1d171d1a, 0x1d1d131c, 0x0e1a0d0d, 0x1d1e1d2b, 0x1416131d, 0x1a271b1d, 0x0e111819, 
    0x0c1c1c11, 0x18321514, 0x1b3d1318, 0x0c0c320f, 0x19121515, 0x16261332, 0x0c1d2f0f, 0x3b5d820e, 0x13190e1d, 0x1c191329, 0x1113290e, 0x1312121c, 
    0x130c201d, 0x2c191612, 0x21142c2c, 0x2f220084, 0x00821d1f, 0x2422f483, 0x00832724, 0x22271c22, 0x1d230082, 0x841a1f1e, 0x172b2100, 0x1c204582, 
    0x1d221f83, 0x00831e1d, 0x80821c20, 0x191d1d24, 0xae44191d, 0x171f2105, 0x24200185, 0x1d21c382, 0x2101871c, 0x01851d22, 0x251d2322, 0x5241b682, 
    0x29058205, 0x0d191a26, 0x1b251a1f, 0x01840e1a, 0x0e1b1224, 0x01831d24, 0x05822a20, 0x1e24f782, 0x131f1e27, 0x1b210183, 0x21018316, 0x0183141d, 
    0x05854885, 0x82272f21, 0x1d182178, 0x0e250182, 0x141d161b, 0x0537510d, 0x2f131323, 0x23018327, 0x1207191d, 0x1721008f, 0x94ea822f, 0x211d2a02, 
    0x1c271a23, 0x1d1c0c07, 0x30e18312, 0x2020271c, 0x35342121, 0x1919131c, 0x181b191b, 0x0858651c, 0x2108528b, 0x130c0c13, 0x130e1010, 0x10131030, 
    0x120f1111, 0x0e0f3219, 0x1d141919, 0x1d1d1f25, 0x19211f1f, 0x08822924, 0x1d231d29, 0x2c21221b, 0x82211013, 0x313608e5, 0x27271d24, 0x2429331e, 
    0x161b1f1d, 0x1e140e1c, 0x1e241d14, 0x1d212327, 0x1c1c181d, 0x1b1b1818, 0x0e1d1719, 0x410e1c18, 0x2733353b, 0x2a313d1b, 0x0d0d1a21, 0xf5891e27, 
    0x1a211c27, 0x2b2f1a21, 0x28128223, 0x1e271a1f, 0x181c1e27, 0x252c820d, 0x20351d22, 0x19831d24, 0x831e2721, 0x1c1d2421, 0x820d1c1d, 0x35218300, 
    0x131f131f, 0x1d221d22, 0x1d23161b, 0x1e222422, 0x1a21181d, 0x60411c1d, 0x1e273f05, 0x2415191d, 0x21313115, 0x1f1b1820, 0x15181716, 0x1e212421, 
    0x270f1a1d, 0x1f14201d, 0x9064181a, 0x080b820b, 0x261d1d20, 0x0d1b1f19, 0x3334190d, 0x1d241f25, 0x201f2123, 0x2d1d2419, 0x1f24241d, 0x27232d23, 
    0xef821e23, 0x202b3108, 0x32312024, 0x1f1f2b24, 0x1e1a2034, 0x1c1e151b, 0x1e1e1827, 0x1d231e1b, 0x171d1d1e, 0x1a271917, 0x2a281b1d, 0x191a261e, 
    0x1c1c1b29, 0x1619151d, 0x2b31a782, 0x1e1b1d2b, 0x241d1d19, 0x261e271e, 0x1f1e251e, 0x2598831a, 0x1b1f151a, 0xaf82272d, 0x231b2a08, 0x251c201f, 
    0x291e241e, 0x272b3421, 0x1d171f1e, 0x1d191d17, 0x2a1a2119, 0x201b2121, 0x2a1d201b, 0x0d222a22, 0x1b20272d, 0x26678224, 0x1b201e24, 0x410d252e, 
    0x1d220529, 0x0182231c, 0x45822d20, 0x24181c22, 0xf7854182, 0x3d821f20, 0x03821d20, 0x191b203a, 0x39262b15, 0x1c1d1c32, 0x2021131c, 0x1d1d2119, 
    0x1f0d2723, 0x1c242d21, 0x1c25cd82, 0x202b1d1d, 0x826f8229, 0x1d163c29, 0x191b0e1e, 0x1e181b1d, 0x1f161e1d, 0x1a271d17, 0x20212b27, 0x280d1127, 
    0x82281d24, 0x0e0e24ba, 0x821d1e0e, 0x1313232f, 0x00861e13, 0x27212127, 0x21262426, 0x05554922, 0x29202024, 0x415d2828, 0x26262708, 0x302f2f30, 
    0x69562c2c, 0x1a112608, 0x161a1919, 0x253a8516, 0x32332927, 0x4e82302f, 0x23240284, 0x2b2a2e2b, 0x28200086, 0x31281983, 0x1e1e2d2b, 0x1d1d1919, 
    0x74827382, 0x852b2b21, 0x1e1e2735, 0x34352f2f, 0x39893332, 0x3e343427, 0x3a3e3d3d, 0x283c863a, 0x4137352b, 0x393e3d40, 0x24a0883b, 0x132f2121, 
    0x85b2820e, 0x29232367, 0x0c823129, 0x0d239385, 0x8614140d, 0x821e2019, 0x1d1d2464, 0x82222725, 0x264a840f, 0x2a2c2a2c, 0x87131335, 0x87cc87e0, 
    0x23213f9c, 0x54271c27, 0x0017b031, 0x1bbe3600, 0x0f0c0c00, 0x2e1e2417, 0x12120d24, 0x0f0d1e1a, 0x7e86150d, 0x0d210682, 0x0804820d, 0x2433164b, 
    0x1f272123, 0x0f26241d, 0x2f1c221b, 0x2a212a27, 0x251f1d22, 0x1f223325, 0x1215121f, 0x1c141b1e, 0x1e201920, 0x0d1f1f15, 0x2f0e1c0d, 0x2020201f, 
    0x1f161815, 0x1b1c291b, 0x120f1219, 0x150d1e1e, 0x1a1a3617, 0x101d4214, 0x05744836, 0x29143628, 0x1f331018, 0x5d820f0c, 0x1b0f1f3b, 0x1b152c14, 
    0x142c0f1e, 0x13131e12, 0x0d231f14, 0x1b181314, 0x162f2f2f, 0x22008424, 0x821f2132, 0x820f2000, 0x27272200, 0x2200832a, 0x82252a1e, 0x211f2300, 
    0x00841c22, 0x82192e21, 0x0d1e2145, 0x20200082, 0x20237a83, 0x82201e20, 0x1b1f252f, 0x1c241b20, 0x314d0183, 0x22272507, 0x1e1f2027, 0x24210187, 
    0x2401851f, 0x1f271f26, 0x85f4820f, 0x820d2003, 0x220e26b3, 0x1c1d281c, 0x2501820e, 0x1d141c0f, 0x2082270e, 0x2d1f2722, 0x2a210582, 0x21018320, 
    0x01831522, 0x83181d21, 0x161f2101, 0xab530183, 0x25058505, 0x1b1f2933, 0x0183191f, 0x181d0f26, 0x140e161f, 0x33210086, 0x22018329, 0x43081b1f, 
    0x13230eb1, 0x82321813, 0x2a0294ea, 0x1c262320, 0x0d081e2a, 0x8314201e, 0x2a1e22e1, 0x2b008223, 0x141e3938, 0x1b1d1b1b, 0x1d1e191d, 0x10824b90, 
    0x0d142e08, 0x1212140d, 0x1233150f, 0x12121215, 0x361b1310, 0x1b1b0f10, 0x21282016, 0x21212020, 0x2c271b24, 0x1f1f2022, 0x241d1f26, 0x12142f23, 
    0x38e58224, 0x2a1f2735, 0x2c37202a, 0x1d222026, 0x160f1e18, 0x261f1620, 0x23252a20, 0x3ac5821f, 0x1d1a191f, 0x1f191b1d, 0x0f1f1a0f, 0x37394046, 
    0x35421d2a, 0x0f1c242d, 0x89202a0d, 0x241e33f5, 0x321c241c, 0x2420262e, 0x2a1c221f, 0x1f202a20, 0x2c820e19, 0x391f2425, 0x831f2723, 0x202a2119, 
    0x1f252183, 0x0f1e1f1e, 0x253a830d, 0x1522202a, 0x40831522, 0x26181d26, 0x2427251f, 0x24233182, 0x411e1f1c, 0x3f820560, 0x27161b3c, 0x24333316, 
    0x211d1a23, 0x171a1918, 0x20232723, 0x2a101c1f, 0x21152320, 0x4965191c, 0x08098409, 0x291f1f61, 0x0f1d211b, 0x37381b0f, 0x20272228, 0x23212426, 
    0x311f271b, 0x2227271f, 0x2a262f26, 0x1f212126, 0x27222f20, 0x27363522, 0x3821212e, 0x1e201c22, 0x291e2117, 0x1d20201a, 0x20202920, 0x1919201f, 
    0x201c2b1b, 0x202d2e1d, 0x2c1b1d29, 0x1f1e1e1e, 0x0d181b17, 0x2e2f0d0d, 0x1b201d1f, 0x8227201f, 0x293f08d1, 0x2221281f, 0x1b20211c, 0x22171c17, 
    0x1f2a321d, 0x261d231a, 0x281e2321, 0x2c202721, 0x2a2e3823, 0x1f192121, 0x1f1b1f19, 0x2e1c231b, 0x221d2324, 0x2d1f231d, 0x0f242d24, 0x1d222931, 
    0x82262127, 0x1d222444, 0x410f2931, 0x1f220529, 0x0182261e, 0x1f293126, 0x27191f1a, 0xf9835f84, 0x201b2122, 0x223a0184, 0x2e171b1d, 0x1e363d29, 
    0x141e1e1f, 0x231b2324, 0x2a261f1f, 0x2f23220f, 0xcd821e27, 0x1f1f1e25, 0x822d222f, 0x242b826f, 0x0e211f18, 0x0873821d, 0x1f201921, 0x17211820, 
    0x2b1c2b1f, 0x2a22242d, 0x272b0f12, 0x1b212c1f, 0x0e0e0e1f, 0x1f1f1f20, 0x4814142d, 0x2129063e, 0x2a242421, 0x24292729, 0x052a4924, 0x2d222225, 
    0x822d2b2c, 0x27028422, 0x33342929, 0x30303433, 0x2a055f44, 0x12120e0e, 0x1c1b1b1c, 0x84201818, 0x2d2b2500, 0x34333637, 0x04822884, 0x322f2624, 
    0x00862d2e, 0x2f261985, 0x1b212130, 0x74821f1b, 0x74822020, 0x212d2d22, 0x33270086, 0x36383933, 0x87333338, 0x38382739, 0x43424243, 0x3c863f3f, 
    0x3c3a2d28, 0x43424546, 0x2e863f3e, 0x00822420, 0x0f143322, 0x3084b282, 0x2d252524, 0x0c82352d, 0x0f239385, 0x8615150f, 0x24648319, 0x2a281f1f, 
    0x840f8224, 0x2d30264a, 0x14392d30, 0x87e08714, 0x3f9c87cc, 0x1e2a2624, 0xbe355b2a, 0x3a000018, 0x0d001dcc, 0x2718100d, 0x0e273221, 0x211c1313, 
    0x160e120e, 0x06827e86, 0x820e0e21, 0x17670804, 0x24252637, 0x271f2129, 0x241d1029, 0x2d2a321e, 0x1f242d23, 0x36282822, 0x13212225, 0x1d211316, 
    0x1b221e16, 0x22162022, 0x1e0f0f21, 0x22213310, 0x1a162222, 0x2d1d2117, 0x131b1d1e, 0x21211310, 0x3a18170e, 0x47161c1c, 0x0e3a111f, 0x1518180e, 
    0x2c163a1d, 0x2237111a, 0x2121100d, 0x1d102221, 0x1d172f16, 0x822f1221, 0x15152e4a, 0x0e252216, 0x1d1a1516, 0x17333333, 0x21008426, 0x25822436, 
    0x82102121, 0x2a2a2100, 0x2122dd84, 0x0082282d, 0x24232223, 0x2200841e, 0x82201b32, 0x820f2000, 0x83222000, 0x8222207a, 0x24308305, 0x261d221d, 
    0x4c01831e, 0x24270539, 0x2a24291b, 0x87202122, 0x22272101, 0x29250185, 0x10212a21, 0x2001870f, 0x26b3820f, 0x2b1e240f, 0x84101e1f, 0x1f152301, 
    0x20822a10, 0x31212a22, 0x2d210582, 0x21018322, 0x01831624, 0x831a1f21, 0x17222101, 0x28210183, 0x25018921, 0x1d222d36, 0x01831b21, 0x1a1f1026, 
    0x160f1722, 0x36210086, 0x2201832d, 0x5f091d22, 0x09860913, 0x82361a21, 0x2a0294ea, 0x1e282622, 0x0e09212d, 0x83152221, 0x2d202ed0, 0x27272525, 
    0x16213d3c, 0x1d1f1d1d, 0x90f58220, 0x2910824b, 0x160e0e16, 0x16121313, 0x06821337, 0x15111334, 0x10113a1d, 0x22171d1d, 0x2222242b, 0x1d262424, 
    0x08822f2a, 0x21292129, 0x3326271f, 0x82271316, 0x2a3838e5, 0x222d2d21, 0x2229303b, 0x211a1f24, 0x17231711, 0x2d232922, 0x82212628, 0x1b213ac5, 
    0x1d1f201b, 0x1c10211b, 0x454b1021, 0x1f2d3b3e, 0x26303947, 0x2d0f101e, 0x33f38922, 0x261e2620, 0x2932361e, 0x24222722, 0x2d222d1e, 0x0f1b2122, 
    0x27252c82, 0x2a253d22, 0x21198321, 0x2183222d, 0x21202125, 0x830f1020, 0x222d253a, 0x16241624, 0x1f264083, 0x27212919, 0x3182272a, 0x211e2623, 
    0x05604120, 0x22222d3f, 0x182a181d, 0x25263939, 0x1a241f1c, 0x26181c1b, 0x21232629, 0x222e111e, 0x1e241725, 0x774b181b, 0x2120080e, 0x241e2c21, 
    0x1d10101f, 0x242b3c3d, 0x2629222a, 0x2a1e2524, 0x2a213421, 0x3229242a, 0x23292d29, 0x3239ef82, 0x3a252a25, 0x24322a3a, 0x1e253c24, 0x23182023, 
    0x231c2d20, 0x2b231f23, 0x08008222, 0x1d1b1b21, 0x1f221e2d, 0x2c23302f, 0x202f1d1f, 0x18212020, 0x0f0f1a1d, 0x2131320f, 0x211d231f, 0x82232a22, 
    0x21460897, 0x1e24232b, 0x191e2223, 0x2024191e, 0x1c212d35, 0x25292026, 0x232b2025, 0x262f232a, 0x232e323c, 0x1b221b24, 0x1d221d22, 0x26311e26, 
    0x1f252026, 0x27302125, 0x34102730, 0x2a20252d, 0x2a222923, 0x341f2523, 0x2941102c, 0x20212205, 0x20018229, 0x22458234, 0x822a1b21, 0x20f78541, 
    0x06794c24, 0x1e1f253a, 0x422c3218, 0x2120213a, 0x25261621, 0x2121261e, 0x24102d29, 0x202a3226, 0x2128cd82, 0x25322222, 0x23232d2e, 0x1a3c2d82, 
    0x1f102321, 0x1b1d221e, 0x1a232222, 0x2d211924, 0x262f2f1e, 0x10142d25, 0x2f222a2f, 0x102aba82, 0x21221010, 0x162f2121, 0x245b1616, 0x26262807, 
    0x2c2a2c2d, 0x841d2726, 0x25252500, 0x302f2f30, 0x2707ee43, 0x37382d2d, 0x33333836, 0x02843682, 0x1e131328, 0x1a1f1d1d, 0x0084221a, 0x3b302e25, 
    0x8738373a, 0x3229232b, 0xa8473135, 0x21198507, 0x93823432, 0x21211d22, 0x74827382, 0x872f2f21, 0x37372771, 0x3c3a3d3d, 0x39873737, 0x483d3d27, 
    0x43484647, 0x273d8743, 0x4a4b403e, 0x44424847, 0x26202f86, 0x37220082, 0xb2821016, 0x28243084, 0x39303028, 0x90840c82, 0x17210482, 0x28198617, 
    0x21212323, 0x2d2b2222, 0x840f8227, 0x3033264a, 0x163e3133, 0x87e08716, 0x369c87cc, 0x212d2926, 0xcc38622d, 0x4300001a, 0x0f0022eb, 0x2d1c120f, 
    0x822d3926, 0x26202568, 0x1a101510, 0x02867682, 0x82101021, 0x1b3d0808, 0x2a2b2c40, 0x2d242630, 0x2a22132f, 0x34313b23, 0x242a3429, 0x3e2d2e27, 
    0x1626272a, 0x2126161a, 0x1f272319, 0x271a2527, 0x23121226, 0x28263c13, 0x1e1a2727, 0x3422261b, 0x16202122, 0x39858213, 0x431c1910, 0x52192020, 
    0x10431424, 0x181c1c10, 0x33194321, 0x273f141e, 0x5d82120f, 0x2113273a, 0x211a3719, 0x19371526, 0x18182616, 0x102b2719, 0x211e1819, 0x1b3b3b3b, 
    0x2105f14d, 0x25822a3f, 0x82132621, 0x31312200, 0x22008334, 0x822e3426, 0x29272200, 0x0526412a, 0x251f3a22, 0x12200082, 0x27220082, 0x00832826, 
    0x83282621, 0x27212430, 0x83232c21, 0x1f2a2101, 0x30250185, 0x2627312a, 0x21018725, 0x0185272d, 0x31262f25, 0x87121326, 0x33122a01, 0x2a112222, 
    0x23243223, 0x23018413, 0x31132419, 0x31222082, 0x05823826, 0x83283421, 0x1a2a2101, 0x24210183, 0x2101831e, 0x01831b27, 0x89262e21, 0x343e2501, 
    0x20262127, 0x12250183, 0x1b271e24, 0x05434c11, 0x3e191923, 0x23018334, 0x180a2127, 0x1e21008f, 0x94ea823e, 0x2c272a02, 0x2635232f, 0x2726100a, 
    0x31d08319, 0x2b2b3425, 0x47452d2d, 0x22211926, 0x20252124, 0x4a8f2525, 0x4a080f83, 0x19111119, 0x1a151616, 0x161a1640, 0x18141616, 0x12144321, 
    0x271b2121, 0x27272932, 0x222c2a2a, 0x272a3731, 0x262f2627, 0x3c2c2d24, 0x232c1619, 0x31432213, 0x28343426, 0x27303745, 0x261e242a, 0x1b281b13, 
    0x35283027, 0x82262d2f, 0x202634c5, 0x21242520, 0x2013261f, 0x50561226, 0x24344447, 0x82384252, 0x34122234, 0x33f38928, 0x2c232c25, 0x2f3a3f23, 
    0x2a272d28, 0x34283423, 0x11202628, 0x2d252c82, 0x312b4727, 0x21198326, 0x21832834, 0x26252626, 0x13121325, 0x34253a82, 0x2a1a2a28, 0x2640831a, 
    0x262f1d24, 0x822d312d, 0x232c2331, 0x60412526, 0x28343f05, 0x301b2127, 0x2c42421b, 0x2a24202b, 0x1c201f1e, 0x282c302c, 0x35142326, 0x291b2b27, 
    0x52412023, 0x08078607, 0x32262620, 0x13242a22, 0x45462213, 0x27312a32, 0x2b292c2f, 0x3d263022, 0x2a313126, 0x342f3b2f, 0xef82292f, 0x2a3b3d08, 
    0x43422a30, 0x2a293931, 0x28232b45, 0x25281c25, 0x28282134, 0x27302824, 0x1f272728, 0x2234211e, 0x38362427, 0x21233328, 0x25252536, 0x1e211c26, 
    0x3a121212, 0x28242639, 0x31272721, 0x4708d182, 0x29322633, 0x2729232a, 0x1d231d22, 0x343e242a, 0x252c2126, 0x252b2930, 0x28312932, 0x3a452c37, 
    0x1f2a2935, 0x22271e27, 0x232c2227, 0x242c2c39, 0x262b242b, 0x2d382d38, 0x2a343d13, 0x2f293124, 0x2b283027, 0x13323d24, 0x22052941, 0x822f2526, 
    0x823d2001, 0x20262345, 0x5f832831, 0x63823420, 0x5a212a21, 0x2a3a05e8, 0x391c2224, 0x26434c33, 0x19262627, 0x2c222b2c, 0x342f2626, 0x3b2c2a13, 
    0xcd822531, 0x27272628, 0x35372a3b, 0x6b822929, 0x28261e24, 0x07822413, 0x27281f3a, 0x1e291e28, 0x36223427, 0x342a2c38, 0x31361317, 0x22293627, 
    0x13131326, 0x2725df82, 0x19191938, 0x28008629, 0x33342c2c, 0x2d2c3231, 0x26008422, 0x36372a2a, 0x86263836, 0x33332700, 0x413f3f40, 0x3e4c3b3b, 
    0x16162807, 0x23222223, 0x84281e1e, 0x37352600, 0x413f4344, 0x24008627, 0x393e3a2f, 0x85008638, 0x3c3a2119, 0x22219382, 0x20748226, 0x21748228, 
    0x70863838, 0x3f3f2928, 0x45434647, 0x6486403f, 0x46462628, 0x53515253, 0x3c864e4e, 0x4a483828, 0x54525657, 0xa0884f4d, 0x3f2c2c24, 0xb2821219, 
    0x2e243084, 0x4237372e, 0x93870c82, 0x821a1a21, 0x8383830c, 0x27272464, 0x822d3432, 0x264a840f, 0x383b383b, 0x87191947, 0x87cc87e0, 0x2f2c299c, 
    0x71342635, 0x001eeb43, 0x03200083, 0x03830482, 0x01001c22, 0x9e220e84, 0x09840300, 0x04001c24, 0x11828203, 0x8000ce26, 0x4e000600, 0xca080982, 
    0x000d0009, 0x017e001d, 0x01370131, 0x01510148, 0x015f0153, 0x01770161, 0x017f0178, 0x02920191, 0x021b0217, 0x02370236, 0x0292024f, 0x02c702bc, 
    0x03dd02c9, 0x03860311, 0x038c038a, 0x03a10390, 0x03b003a9, 0x04ce03c9, 0x0463045f, 0x1ef90475, 0x1ff31e85, 0x1f1d1f15, 0x1f4d1f45, 0x1f591f57, 
    0x1f5d1f5b, 0x1fb41f7d, 0x1fd31fc4, 0x1fef1fdb, 0x20fe1ff4, 0x201a2015, 0x2022201e, 0x20302026, 0x2044203a, 0x20792070, 0x20ac2089, 0x20b420ae, 
    0x211321b9, 0x21222116, 0x212e2126, 0x215a2154, 0x2202225e, 0x220f2206, 0x22152212, 0x221e221a, 0x2248222b, 0x25652260, 0xefffe0ca, 0xf002f0fd, 
    0xf500f2ff, 0xfb1df811, 0x82ffff04, 0x000022cd, 0x30cf8408, 0x01a00020, 0x01380132, 0x01520149, 0x01600154, 0x2acf8262, 0x01800179, 0x02930192, 
    0x821c0218, 0x843820cf, 0x82c620cf, 0x82d820cf, 0x038422cf, 0x08cf8288, 0x91038e20, 0xaa03a303, 0xca03b103, 0x62040004, 0x8a047204, 0xf21e801e, 
    0x181f001f, 0x481f201f, 0xcf86501f, 0x801f5f36, 0xc61fb61f, 0xdd1fd61f, 0xf61ff21f, 0x18201320, 0x20201c20, 0x3920cf84, 0x7422cf84, 0xcf928020, 
    0x55215324, 0xcf865b21, 0xcf821120, 0xcf881920, 0xcf866420, 0xcf840020, 0x00f80624, 0xcf8200fb, 0xf9ff0132, 0xe4fff5ff, 0xdbffe3ff, 0xddffdcff, 
    0x05ffdeff, 0xb7080782, 0xffdaff03, 0x00d9ff02, 0x00d2fe66, 0x0041ff65, 0x0026ff61, 0xfe1e0060, 0xfef7ffa2, 0xffcdfc97, 0x003dffa0, 0x02480048, 
    0x000d0085, 0x003bff0c, 0xfe4eff05, 0xfebffec0, 0xe29dfeb1, 0xe47ae2e6, 0xe4e4e4e6, 0xe4e0e4e2, 0xe4dde4de, 0xe4dbe4dc, 0xe4d8e4da, 0xe4d6e4d7, 
    0xe4d3e4d4, 0xffd0e4d1, 0xfefafe0a, 0xe00000fc, 0xff3ae040, 0xe02ae104, 0xe0fce0ff, 0xe2b6dff6, 0xe4e5e2ec, 0xe26de031, 0xe054df81, 0xe053e078, 
    0xe033e02f, 0xdf98df29, 0xfd8ddf95, 0xdf8bdf0d, 0xdf85df88, 0xdf5ddf79, 0xdb43df46, 0x14ec23df, 0x135b00ef, 0x0cee12f0, 0xfdb10988, 0x0001001a, 
    0xc2200091, 0xbe201282, 0x02950382, 0x1682a220, 0x0382b220, 0x0382c420, 0x85000021, 0x82ac2005, 0x8296200b, 0x2602a903, 0x005e0064, 0x8452005c, 
    0x84058530, 0x20049c0a, 0x201d9438, 0x20158840, 0x08098218, 0x6800673c, 0x68017200, 0x75017401, 0x6a016901, 0x91048e04, 0x92049004, 0x95049404, 
    0x97049604, 0x9804a803, 0x9d049b04, 0x9f049e04, 0xa604a004, 0x9204a804, 0x52015001, 0x06005801, 0x3f820a02, 0x00010022, 0x23101341, 0x00020001, 
    0x07870085, 0x00960020, 0x17840120, 0x0003bc08, 0x00050004, 0x00070006, 0x00090008, 0x000b000a, 0x000d000c, 0x000f000e, 0x00110010, 0x00130012, 
    0x00150014, 0x00170016, 0x00190018, 0x001b001a, 0x001d001c, 0x001f001e, 0x00210020, 0x00230022, 0x00250024, 0x00270026, 0x00290028, 0x002b002a, 
    0x002d002c, 0x002f002e, 0x00310030, 0x00330032, 0x00350034, 0x00370036, 0x00390038, 0x003b003a, 0x003d003c, 0x003f003e, 0x00410040, 0x00430042, 
    0x00450044, 0x00470046, 0x00490048, 0x004b004a, 0x004d004c, 0x004f004e, 0x00510050, 0x00530052, 0x00550054, 0x00570056, 0x00590058, 0x005b005a, 
    0x005d005c, 0x005f005e, 0x82610060, 0x9fde08c1, 0xa200a000, 0xac00a400, 0xb700b100, 0xbb00bc00, 0xbf00bd00, 0xc000be00, 0xc400c200, 0xc500c300, 
    0xc800c600, 0xc900c700, 0xcc00ca00, 0xcd00ce00, 0xd100cf00, 0xd500d000, 0xd600d400, 0x6700d700, 0x7d008b00, 0x82007e00, 0x91007200, 0x8900ba00, 
    0x76008400, 0x83008f00, 0xa100a601, 0xa301b300, 0xa7018c00, 0x8000a801, 0x9a019000, 0x9c019d01, 0xa401c503, 0x95008500, 0xc1009e01, 0x9a00d300, 
    0x87007c00, 0x6400a201, 0x9b01a501, 0x96008600, 0x7b006600, 0x9e009b00, 0x6d00b000, 0x73007900, 0x70007400, 0x6e007100, 0xd2006f00, 0xda00a901, 
    0x6e017a00, 0x6c006200, 0xac017800, 0x6800ae01, 0x63009200, 0x6a006500, 0xa5009d00, 0xa6009c00, 0xa800a300, 0xaa00a900, 0xae00a700, 0xe182af00, 
    0x00ad6d08, 0x00b600b5, 0x000c01b4, 0x00750069, 0x0161018a, 0x00630162, 0x01650193, 0x405f0164, 0x5455583f, 0x50515253, 0x4c4d4e4f, 0x48494a4b, 
    0x44454647, 0x40414243, 0x3c3d3e3f, 0x38393a3b, 0x2f353637, 0x282c2d2e, 0x23242526, 0x14181f22, 0x0d0f1011, 0x08090a0b, 0x04050607, 0x00010203, 
    0x4623452c, 0x26b02060, 0x2604b060, 0x2d484823, 0x23210f83, 0x20108261, 0x22108a61, 0x8220b060, 0x8d462012, 0x20b02123, 0x61203783, 0x298c1a82, 
    0x29824020, 0x298e6620, 0x29854020, 0x53884020, 0x20100135, 0x2d3c003c, 0x2345202c, 0x44cdb020, 0x01b82023, 0x8258515a, 0x448d260b, 0xb0205923, 
    0x200b84ed, 0x210b844d, 0x0c842604, 0x0c820d20, 0x82212121, 0x20230831, 0x44681845, 0x6001b020, 0x46b04520, 0x458a6876, 0x2c2d4460, 0x0a0bb101, 
    0x65432343, 0x002c2d0a, 0x820b0ab1, 0x820b200a, 0x28b02809, 0x01b17023, 0x84013e28, 0x28022808, 0x02b13a45, 0x820d0800, 0xb0453044, 0x61452503, 
    0x5150b064, 0x1b444558, 0x84592121, 0x43002113, 0xb0244b84, 0x07b04306, 0x20224b84, 0xb382b069, 0x208b0037, 0x8ac02cb1, 0x0010b88c, 0x0c2b6062, 
    0x61642364, 0x03b0585c, 0x3d348261, 0x8a45038a, 0x11b0878a, 0x2329b02b, 0x7a29b044, 0x2c2d18e4, 0x2cb06545, 0xb0454423, 0x9882232b, 0x88524b21, 
    0xb0012960, 0x23102505, 0x00f58a20, 0x2322bc82, 0xb582eced, 0x6120118a, 0x06241186, 0x00f51025, 0xe2831c83, 0x22082641, 0x876101b0, 0x8200200b, 
    0x82a1829b, 0x212121df, 0x8b2b8b83, 0x620040b8, 0xb0212c2d, 0x85585180, 0x00202c0f, 0x00b21b62, 0x592b2f40, 0x836002b0, 0x87c02019, 0x55152119, 
    0x80201983, 0x3e881987, 0x21236022, 0x2322b782, 0x02866045, 0x1868762b, 0x206280b0, 0x04b02c2d, 0x2e028426, 0x2504b025, 0x20452345, 0x602603b0, 
    0x83686362, 0x65612407, 0x8244238a, 0x452028e1, 0x585400b0, 0x824440b0, 0x61402108, 0x23064c41, 0x2f30b145, 0x61212f82, 0x20ea8260, 0x2a248269, 
    0xb058514b, 0xb070232f, 0x41422314, 0x1082056d, 0x25244482, 0x58536945, 0x15853284, 0x14b04527, 0x6000b043, 0x22358663, 0x82452fb0, 0x2345253b, 
    0x608a4520, 0x45200884, 0x4b320683, 0xb9585123, 0xe0ff3300, 0x1b2034b1, 0x340033b3, 0x87835900, 0x4316b023, 0x089e8258, 0x588a4525, 0x1fb06664, 
    0xb0641b60, 0x20666020, 0xb0211b58, 0x01b05940, 0x58235961, 0x29b05965, 0x10234423, 0x82e029b0, 0x2121236e, 0xe0825921, 0xdb823583, 0x2c872d8e, 
    0xb02df682, 0x20082507, 0x031b0258, 0x2505b059, 0x21108210, 0x04824620, 0x3c422322, 0x10231882, 0x842506b0, 0x82b0820e, 0x58202411, 0x87001b01, 
    0x86658226, 0x21098321, 0x478a2504, 0x03230c82, 0x82484325, 0x03b0223c, 0x243a8225, 0x211b4843, 0x838f8259, 0x20929a02, 0x82c0851b, 0x08b02186, 
    0x04209388, 0x05209382, 0x81828485, 0x9a98af86, 0x90832d85, 0x45202924, 0x27864465, 0x05210f83, 0x82548a25, 0x85a0840c, 0x20a796b5, 0x206c8202, 
    0x21fd8420, 0x93824223, 0xcb820820, 0x85484521, 0x820220c2, 0x8220200b, 0xb008221e, 0x82e78202, 0x2d2d0813, 0x2023452c, 0xb0201845, 0x58205000, 
    0x59236523, 0xb0206823, 0x21585040, 0x235940b0, 0x8a596558, 0x2c2d4460, 0x4b23534b, 0x20585a51, 0x420d8245, 0x4b21050f, 0x850d8c54, 0x8838201f, 
    0x2709861b, 0x544302b0, 0x2b46b058, 0xd3411782, 0x200f8405, 0x220f8447, 0x852c2d59, 0x8e48201e, 0x8449201e, 0x261e820f, 0x23088a20, 0x838a534b, 
    0x86232079, 0x20002f50, 0x00b0498a, 0x40b05851, 0x388a2023, 0x70853412, 0x46012b08, 0x23604623, 0x20236146, 0x8a462010, 0x80ffb861, 0x40b18a62, 
    0x45708a40, 0x2d3a6860, 0x238a202c, 0x238a6449, 0x1b3c5853, 0xcc825921, 0x7d585224, 0x08827a1b, 0x12b02608, 0x4b014b00, 0x2c2d4254, 0x420002b1, 
    0x880123b1, 0x0140b151, 0x585a5388, 0x000010b9, 0x58548820, 0x420102b1, 0x36298259, 0x23681845, 0x2358514b, 0x64204520, 0x585040b0, 0x8a68597c, 
    0x82445960, 0x160024c1, 0x822502b0, 0xb0013702, 0x003e2301, 0x3e2302b0, 0x060201b1, 0x230ab00c, 0x0bb04265, 0x17834223, 0x17833f20, 0x17853f20, 
    0x17830620, 0x42230737, 0x011601b0, 0x01b9002d, 0xb2020103, 0x41101f64, 0x0002010d, 0x20038220, 0x22038230, 0x82500003, 0x82602005, 0xff022203, 
    0x231f82c0, 0xb8463936, 0x02300682, 0x01b91f13, 0xb2000101, 0xba201fa6, 0x01000001, 0x012e0a82, 0x17411f13, 0x90000801, 0x55000701, 0x07820601, 
    0x07820920, 0x07820520, 0x55000424, 0x15822f00, 0xbf000126, 0xdf000401, 0xff200382, 0x26080382, 0xb3c0ff03, 0x46281aff, 0x40c0ffb8, 0x1810ff1a, 
    0xefb3df46, 0x03b3ffb3, 0xb2bfb2af, 0x90b04002, 0x03b0a0b0, 0x8301aeaf, 0xadb23b1e, 0x10460c08, 0x02aca0ac, 0xab50ab40, 0x6003ab60, 0xaaa001aa, 
    0x08a4a701, 0x0382a61f, 0x15a4a534, 0x0702a41f, 0x0302a31f, 0x069ea21f, 0x0b9ea11f, 0x0782a01f, 0x02019f38, 0x05019e1f, 0x04019d1f, 0xc8999c1f, 
    0x15999b1f, 0x7d989a1f, 0x2b82991f, 0x02984408, 0x02971f47, 0x91961f32, 0x91951f1a, 0x93941f7d, 0x01931fa6, 0x01921f01, 0x01911f1a, 0x8e901f19, 
    0x8e8f1f48, 0x8e4f1f64, 0x7f8e6f01, 0x8eaf028e, 0x388e4001, 0x028e463b, 0x8b8d1f02, 0x8b8c1f16, 0x828b1f7d, 0x858a37f2, 0x87891f3e, 0x87881f22, 
    0x87101f64, 0x87308720, 0x60875003, 0xb6830287, 0x3687ca29, 0x02874639, 0x82861f13, 0xaf220898, 0xcf85bf85, 0x02850385, 0x80841f01, 0x81831f19, 
    0x7f821fc9, 0x01811fa6, 0x01801fc8, 0x7f201f03, 0x4e827f01, 0x33797e30, 0x377b7d1f, 0x64797c1f, 0x2d027b1f, 0x6e827a1f, 0x6f795f39, 0x02790279, 
    0x74781f12, 0x75771f19, 0x73761f7e, 0x01751f64, 0x82741f7d, 0x73602cdb, 0x10027370, 0xc0732073, 0x82730373, 0x72710840, 0x71556f7e, 0x6855707e, 
    0x67555b5b, 0x66555f5b, 0x64555d5b, 0x63555a5b, 0x62555c5b, 0x5855595b, 0x57555643, 0x53555543, 0x52554d90, 0x51554b90, 0x50554a90, 0x4f554990, 
    0x2f554e90, 0x49bf014e, 0x49ff49df, 0x435b4703, 0x425b4655, 0x415b4555, 0x01416f55, 0x01b85354, 0x0116b300, 0x01b80105, 0x03b84b90, 0xb04b52e7, 
    0xb05b5008, 0x25b08801, 0x08058353, 0x5a514022, 0xb08806b0, 0x5b5a5500, 0x0101b158, 0x8d85598e, 0x1d42008d, 0x531db04b, 0x1da0b058, 0x48b04b59, 
    0x40200882, 0x80200883, 0x002e0882, 0x0016b11d, 0x2b2b5942, 0x2b2b7300, 0x0483732b, 0x02880782, 0x742b0123, 0x220c8475, 0x84742b00, 0x84108207, 
    0x2b002107, 0x1c842a83, 0x10820120, 0x3b820020, 0x0b830c83, 0x05820e85, 0x0d8c2b20, 0x74747323, 0x83608273, 0x83668462, 0x82368249, 0x00182135, 
    0x45220084, 0x07844500, 0x023104f6, 0xff0000b5, 0x00e20247, 0xfff1ff10, 0x024703fe, 0x370f8308, 0xe2026fff, 0x07000103, 0xf5ff0d00, 0xfefffeff, 
    0x0000a902, 0xf1ffb502, 0x47222582, 0x33830f03, 0x00620029, 0x014801f1, 0x824e02f5, 0x82f3202f, 0x673c0803, 0xefff1700, 0x14001000, 0x440243ff, 
    0xde026802, 0x3b010803, 0x0800bd02, 0x6100f8ff, 0x49009c00, 0x4e006600, 0x4f00b000, 0x3a000c01, 0x43005400, 0x5d006e00, 0x4400c400, 0x4c006000, 
    0x45221782, 0x1582de00, 0x6b005026, 0x5c003d00, 0x33201382, 0x512a1582, 0x59007500, 0x45003200, 0x2b824800, 0x4f00b528, 0x85003e00, 0x39824200, 
    0xb200862c, 0x0a019c00, 0x72002f00, 0x45825200, 0x13828520, 0x2a003d2e, 0x3c005800, 0x35005200, 0xe600a200, 0x50246d82, 0x8401c300, 0x3e203b82, 
    0x9f765c41, 0x82622076, 0x836020d5, 0x080229f5, 0xf5ff0d00, 0x07000103, 0x44203288, 0x038b0982, 0x0f82b020, 0x0000c830, 0x00002402, 0x0000b403, 
    0x00001005, 0x03825807, 0x00009824, 0x03823008, 0x0a251b82, 0x0a000018, 0x24038274, 0x0b0000d8, 0x20038220, 0x82038270, 0xf40c302b, 0x780d0000, 
    0xe00e0000, 0x40100000, 0x82100000, 0x8212200f, 0x8213203f, 0x8c132837, 0x60150000, 0x82160000, 0x82162027, 0x0c17251f, 0x94170000, 0xe8230382, 
    0x82180000, 0x88192c4b, 0x681b0000, 0x9c1c0000, 0x821d0000, 0x821f2063, 0x0820257f, 0x6c200000, 0xbc240382, 0x04220000, 0x0b820382, 0x00ac2224, 
    0x27822300, 0x27822420, 0x7f822420, 0x00a42630, 0x007c2700, 0x00f82800, 0x00a82900, 0xcb822b00, 0x03822c20, 0x00f02d25, 0x82502e00, 0x82838203, 
    0x3100257e, 0x330000cc, 0x33254382, 0x340000d0, 0x20038264, 0x820382a4, 0x2835257b, 0xc0350000, 0x27820382, 0x00483624, 0x6b823700, 0x00ac3824, 
    0x83823900, 0xa7823a20, 0x003c3c29, 0x00c43c00, 0x82383e00, 0x00f82303, 0x3b823f00, 0xbb824020, 0x0060412c, 0x00cc4100, 0x00744300, 0x60824400, 
    0x00144524, 0x1f824500, 0x001c4728, 0x00844700, 0x83824900, 0x00f04928, 0x00884a00, 0x03824b00, 0x4f824f20, 0x67825020, 0x00205228, 0x00a05200, 
    0xcb825300, 0x009c5324, 0x07825400, 0x002c5524, 0x33825600, 0x00ec5624, 0x7b825700, 0x6f825720, 0x00e45724, 0x6b825800, 0x2f825920, 0x00705925, 
    0x824c5b00, 0x82782003, 0x201b8203, 0x2447825c, 0x0000405d, 0x2147825d, 0x0782b85d, 0x0000d024, 0x0382245e, 0x5e29ef82, 0x5f000080, 0x60000034, 
    0x82038258, 0x8260200b, 0x82622077, 0x82622093, 0x8203841b, 0x986328df, 0x94640000, 0x82650000, 0x82662047, 0x8267203b, 0x086928bb, 0x7c690000, 
    0x826b0000, 0x826c2047, 0x826c206b, 0x826c207b, 0xb06c245f, 0x826e0000, 0xfc6e2473, 0x826f0000, 0x8270204b, 0x827120f7, 0x187224af, 0x82720000, 
    0xf47225bb, 0x74730000, 0xe3820382, 0x13827420, 0x0b827420, 0x00307525, 0x82487500, 0x82682003, 0x25178203, 0x0000a875, 0x03828c76, 0x76247b82, 
    0x770000e8, 0x77206f82, 0x7720bf82, 0x79202b82, 0x7a282b82, 0x7b000010, 0x7c0000e0, 0x7c210782, 0x8207823c, 0x827c2057, 0x827c207b, 0x827c209b, 
    0x287d2877, 0x5c7d0000, 0x827e0000, 0x827e2053, 0xa47e2133, 0x1b820b82, 0x1b827e20, 0x1b827f20, 0x1b827f20, 0x00188024, 0xe7828300, 0xbb828320, 
    0x82788321, 0x2523820b, 0x0000d883, 0x03820484, 0x8625c382, 0x86000044, 0x82038270, 0x828620fb, 0x828620f7, 0x82872087, 0x82872033, 0x3889256f, 
    0x948a0000, 0x17820382, 0x17828a20, 0x87828b20, 0x9f828b20, 0x87828b20, 0x17828b20, 0xb7828b20, 0x00ec8b25, 0x82748d00, 0x829c2003, 0x82c82003, 
    0x00f02303, 0x3f828e00, 0x27828e20, 0x57828e20, 0x002c8f29, 0x00f49000, 0x82209100, 0x20a78203, 0x20138291, 0x20c38291, 0x202b8291, 0x258b8292, 
    0x0000d492, 0x03820093, 0x9321af82, 0x23078254, 0x9400007c, 0x96252f82, 0x96000080, 0x820382ac, 0x8297201f, 0x8297201f, 0x8297201f, 0x8297201f, 
    0xa897241f, 0x82970000, 0x21b282e7, 0x67829800, 0x00509824, 0x1b829900, 0x82849921, 0x24338207, 0x0000dc99, 0x21df829a, 0x0782349a, 0x00005c23, 
    0x20ff829b, 0x2073829c, 0x2533829c, 0x0000f89c, 0x0382249d, 0x03824c20, 0x03827820, 0x9d211782, 0x820782cc, 0x829e2073, 0x449e24b7, 0x829e0000, 
    0x889e28a3, 0x3c9f0000, 0x82a00000, 0x82a02077, 0x82a0205b, 0x82a02077, 0x82a1208b, 0x58a129cf, 0x80a10000, 0x0ca20000, 0x53820382, 0x00fca224, 
    0x6b82a300, 0x3b82a320, 0x6f82a320, 0x8274a321, 0x82a0200f, 0x24e38203, 0x0000f0a3, 0x205782a4, 0x20a382a4, 0x203782a5, 0x205782a5, 0x201b82a5, 
    0x201b82a5, 0x241b82a5, 0x000048a6, 0x202f82a6, 0x20cc82a6, 0x241382a6, 0x000060a7, 0x248b82a7, 0x000020a8, 0x201b82a8, 0x208b82a8, 0x211b82a8, 
    0x0f82c4a8, 0x0000ec23, 0x24d782a9, 0x000030a9, 0x201f82aa, 0x20cb82aa, 0x20cb82ab, 0x20cb82ab, 0x20cb82ab, 0x205782ab, 0x25a382ab, 0x000008ac, 
    0x038238ac, 0xac204b82, 0xac216f82, 0x230b82b0, 0xad0000e0, 0xad201782, 0xad20a782, 0xad20a382, 0xad201782, 0xaf241782, 0xb10000b8, 0xb224db82, 
    0xb3000068, 0x94200383, 0xd3820782, 0xaf82b420, 0x0000b524, 0xef82b500, 0xff82b520, 0xef82b520, 0x82a8b521, 0x205f820f, 0x20ef82b5, 0x207782b6, 
    0x209f82b6, 0x283b82b6, 0x0000acb6, 0x0000ccb7, 0x20a382b8, 0x24d382b8, 0x00001cb9, 0x201b82b9, 0x21bb82b9, 0x0b829cb9, 0xb9201782, 0xba201782, 
    0xba201782, 0xba201782, 0xba20ef82, 0xbb208f82, 0xbb208f82, 0xbb24cb82, 0xbb000058, 0xbb245f82, 0xbc0000e8, 0xbc207782, 0xbc206782, 0xbd209782, 
    0xbd201b82, 0xbe20d782, 0xbe20df82, 0xbf205f82, 0xbf200782, 0xbf206f82, 0xbf256f82, 0xc00000d8, 0x82038204, 0x6cc021e7, 0x67820782, 0x00c8c025, 
    0x8210c100, 0x201f8203, 0x28e782c2, 0x0000f4c2, 0x0000dcc3, 0x245f82c4, 0x0000a0c5, 0x20f382c6, 0x202782c6, 0x20f782c6, 0x209382c6, 0x244382c6, 
    0x0000ecc6, 0x21e782c7, 0x078214c7, 0x03822820, 0x03823c20, 0xc8248382, 0xc9000064, 0xc9200b82, 0xc9256f82, 0xca0000bc, 0x8203822c, 0x0ccb243b, 
    0x82cb0000, 0x82cb2013, 0xfccb2413, 0x82cc0000, 0x82cc2023, 0xd4cc240f, 0x82cd0000, 0x82cd2023, 0x82cd208b, 0x82cd207f, 0x82ce2057, 0x82ce200f, 
    0x82ce200f, 0x82cf200f, 0x5ccf28ab, 0xb4cf0000, 0x82d00000, 0x82d02043, 0x82d0205f, 0x82d12043, 0xf8d22543, 0x44d30000, 0x07820382, 0x0008d424, 
    0xbb82d400, 0x0f82d420, 0xb782d420, 0x001cd529, 0x0090d600, 0x8220d700, 0x21eb8203, 0x0782e4d7, 0xd8203382, 0xd820af82, 0xd920df82, 0xd9204b82, 
    0xda200f82, 0xda240782, 0xdb0000f0, 0xdb21cb82, 0x20078218, 0x20038230, 0x82038240, 0x60db21cb, 0x70200782, 0x80200382, 0x4b820382, 0x82a0db21, 
    0x82b02007, 0x82c02003, 0x82d02003, 0x82e02003, 0x203b8203, 0x243b82dc, 0x000010dc, 0x206b82dc, 0x203f82dc, 0x203f82dc, 0x203f82dc, 0x203f82dc, 
    0x213f82dc, 0x1b8284dc, 0x03829820, 0xdc20cf82, 0xdc203b82, 0xdc21f382, 0x820f82e8, 0x82dd207f, 0x24dd2437, 0x82dd0000, 0x82dd20a3, 0x82dd20f3, 
    0x3cde254c, 0x74de0000, 0x37820382, 0x8294de21, 0x82a42007, 0x21ff8203, 0x0782c4de, 0xde203b82, 0xde20cb82, 0xdf24c382, 0xdf000004, 0xdf20cf82, 
    0xdf203f82, 0xdf20fb82, 0xdf21fb82, 0x20138254, 0x20038264, 0x82038278, 0xa8df21b3, 0xbc270782, 0xb8e00000, 0x82e20000, 0x82e2202f, 0x82e32047, 
    0x82e42057, 0x28e52c23, 0x58e60000, 0xcce70000, 0x82e80000, 0x82e82023, 0xd8e92407, 0x82ea0000, 0x82eb201f, 0x0ced241f, 0x82ed0000, 0x82ef2047, 
    0x82f020a3, 0x18f1244b, 0x82f20000, 0x82f320cf, 0x48f528f7, 0xb0f50000, 0x82f60000, 0x7cf72423, 0x82f80000, 0x4cf9249b, 0x82fa0000, 0x82fb209b, 
    0x82fc2043, 0x82fd204b, 0xfe350843, 0x000100ec, 0x01010010, 0x0201000c, 0x03010058, 0x04010098, 0x05010088, 0x0601009c, 0x08010078, 0x090100a0, 
    0x0a0100dc, 0x0b0100e0, 0x0c0100b0, 0x0d010080, 0x2b038200, 0x0e0100d4, 0x0f010074, 0x10010038, 0x11243b82, 0x11010018, 0x12202382, 0x14200382, 
    0x15281382, 0x15010008, 0x160100d8, 0x17200382, 0x18203f82, 0x1a200382, 0x1b243b82, 0x1c010094, 0x1d296382, 0x1e010064, 0x1f01007c, 0x2003822c, 
    0x2003823c, 0x20038254, 0x820382c4, 0xf41f2557, 0x14200100, 0x34200382, 0x4c200382, 0x2b820382, 0x2b822020, 0x3b822020, 0x82ac2021, 0x2427820f, 
    0x0100f020, 0x21738221, 0x07824421, 0x03826c20, 0x21215382, 0x820782c0, 0x822220cf, 0x8222203b, 0x84222537, 0xbc220100, 0x4f820382, 0x67822320, 
    0x47822320, 0xd7822320, 0x63822320, 0x00b82424, 0x43822401, 0x00282525, 0x825c2501, 0x828c2003, 0x24138203, 0x0100e825, 0x20bb8227, 0x24138228, 
    0x01008828, 0x20f38228, 0x20d38228, 0x20e38229, 0x255b822a, 0x01001c2c, 0x0382482c, 0x03827020, 0x2c214b82, 0x820782c8, 0x822d2047, 0x202d2433, 
    0x822d0100, 0x822d20fb, 0x822d2067, 0x402e284f, 0xe42e0100, 0x822f0100, 0x822f208f, 0x8231200b, 0x823120ab, 0x823120ab, 0x823120ab, 0x823120c3, 
    0x82322037, 0x823220c3, 0x803224ab, 0x82320100, 0xd832246b, 0x82330100, 0x8233206b, 0x8233202f, 0x82332063, 0xcc33252b, 0x00340100, 0xc3820382, 
    0x82543421, 0x20978207, 0x20d78234, 0x24ab8234, 0x01001035, 0x21578235, 0x07827835, 0x0382a820, 0x0100d024, 0x03820436, 0x36208782, 0x36208782, 
    0x37208782, 0x3920bf82, 0x39206782, 0x39202782, 0x39305382, 0x3b0100fc, 0x3c010068, 0x3d0100ac, 0x3e0100b4, 0x3f207b82, 0x3f208382, 0x3f284382, 
    0x400100a0, 0x42010094, 0x42206782, 0x42203b82, 0x4225a782, 0x430100f8, 0x82038228, 0x7c432113, 0xb0200782, 0x53820382, 0xa7824420, 0x00344424, 
    0x5b824501, 0x17824620, 0x5b824720, 0x00c04828, 0x00f44901, 0xa3824b01, 0x9b824d20, 0x005c4e24, 0x43824e01, 0x33824f20, 0x00745128, 0x00585201, 
    0x13825301, 0x00605424, 0x7b825501, 0x6f825620, 0x1b825620, 0x00b85729, 0x00505901, 0x82085a01, 0x00d42303, 0x27825c01, 0x00485d25, 0x82405e01, 
    0x2cff8203, 0x01003060, 0x0100d861, 0x0100ec62, 0x20d78263, 0x25238263, 0x0100a464, 0x03823c65, 0x66280782, 0x670100e8, 0x680100f0, 0x6920ff82, 
    0x69204f82, 0x6a20e382, 0x6a204382, 0x6b200b82, 0x6c20d782, 0x6d24a782, 0x6d01001c, 0x6d20e782, 0x6e20ef82, 0x6e20e382, 0x7020ab82, 0x7020b382, 
    0x70240f82, 0x70010090, 0x7020a782, 0x71205782, 0x72240382, 0x730100a8, 0x73201b82, 0x73209f82, 0x73205382, 0x74204f82, 0x74244f82, 0x74010068, 
    0x74204f82, 0x7420df82, 0x75202f82, 0x75208b82, 0x7720d782, 0x7820eb82, 0x79241782, 0x79010084, 0x79207382, 0x7a205b82, 0x7a25e782, 0x7a01006c, 
    0x2003827c, 0x2003828c, 0x820382dc, 0x827a20bf, 0x0c7b244b, 0x827c0100, 0x607c21ef, 0x67820782, 0x63827c20, 0x2b827d20, 0xcf827e20, 0x0b827e20, 
    0x47827f20, 0x00448028, 0x00e08001, 0x27828201, 0x00988325, 0x82ac8401, 0x00bc2303, 0x13828501, 0x03828620, 0xcf828720, 0x83828720, 0xaf828720, 
    0x87828920, 0x63828a20, 0xdf828b20, 0x0b828b20, 0x93828b20, 0x00148c25, 0x82288d01, 0x21178203, 0x07829c8d, 0x8d207b82, 0x8e207b82, 0x8e207b82, 
    0x8e207782, 0x8f207782, 0x8f201782, 0x90205782, 0x90201382, 0x9120f382, 0x92282b82, 0x92010020, 0x930100f4, 0x9420af82, 0x95201f82, 0x96209782, 
    0x9720fb82, 0x97208f82, 0x9720d382, 0x98205b82, 0x98251782, 0x990100b4, 0x20038280, 0x20038290, 0x820382a0, 0x829920b7, 0x829a2097, 0xcc9b243b, 
    0x829b0100, 0x829b203f, 0x829c200b, 0x249c295b, 0x889c0100, 0x089e0100, 0x13820382, 0x87829f20, 0x5782a120, 0x3f82a220, 0x8782a320, 0xe382a420, 
    0x1382a520, 0x0782a720, 0x002ca824, 0xbb82a901, 0x8782aa20, 0x7382ab20, 0x9382ab20, 0x00d8ab25, 0x823cac01, 0x24678203, 0x010098ad, 0x28bf82ae, 
    0x010030b0, 0x0100f0b1, 0x20ff82b3, 0x241782b5, 0x010094b6, 0x20c382b7, 0x244782b8, 0x010054ba, 0x201382bb, 0x248f82bc, 0x01001cbe, 0x253b82bf, 
    0x0100bcbf, 0x038238c0, 0xc1202382, 0xc2205f82, 0xc2209782, 0xc4203b82, 0xc6203782, 0xc6206b82, 0xc6244f82, 0xc6010040, 0xc720d782, 0xc7203382, 
    0xc8248782, 0xc8010000, 0xc920d782, 0xcb207f82, 0xcc20e782, 0xcd2c0b82, 0xcd01004c, 0xce0100c4, 0xcf01007c, 0xd0244f82, 0xd0010004, 0xd1284782, 
    0xd1010068, 0xd2010078, 0xd4249382, 0xd501005c, 0xd720e782, 0xd720df82, 0xd7203782, 0xd7247382, 0xd90100c0, 0xda20b782, 0xdb25ef82, 0xdc010048, 
    0x82038224, 0x82dd204f, 0x82de2047, 0xccde246b, 0x82df0100, 0x28e0283f, 0x10e20100, 0x82e30100, 0x82e3204f, 0x82e3200f, 0x82e3203f, 0x82e3203f, 
    0x82e3203f, 0xe8e32187, 0xf8231b82, 0x82e40100, 0x82e42023, 0x82e5202b, 0x82e62063, 0x82e62043, 0xace624c7, 0x82e60100, 0xdce6219b, 0x7f820782, 
    0xe382e720, 0xcb82e720, 0x5f82e720, 0x0044e724, 0x9782e701, 0x8274e721, 0x828c2007, 0x82a42003, 0x82bc2003, 0x20778203, 0x203782e8, 0x203782e8, 
    0x203782e8, 0x203782e8, 0x203782e9, 0x259f82e9, 0x01003ce9, 0x038254e9, 0x03826c20, 0x03828420, 0x03829c20, 0x0382b420, 0xea203382, 0xea205782, 
    0xea201782, 0xea201782, 0xeb241782, 0xec0100fc, 0xed203782, 0xee208f82, 0xee20e782, 0xef204f82, 0xf0252b82, 0xf0010020, 0x20038230, 0x20038240, 
    0x82038250, 0x70f0211b, 0x27820782, 0xdb82f020, 0x00e8f124, 0xcf82f101, 0x0008f224, 0x3382f201, 0x82d4f221, 0x00e42307, 0x2b82f301, 0x2b82f320, 
    0x2b82f320, 0x2b82f320, 0x2b82f320, 0x82a0f321, 0x00b02317, 0x2f82f401, 0x2f82f520, 0x2382f620, 0x0064f724, 0x0782f801, 0x0088f924, 0xaf82fa01, 
    0xd382fb20, 0x00ecfc25, 0x8228fe01, 0x250b8203, 0x0200a4ff, 0x03821000, 0x02002024, 0x03827001, 0x03828020, 0x02009024, 0x0382ec02, 0x0200fc24, 
    0x03820c03, 0x0200e82c, 0x0200cc04, 0x02009c05, 0x03823006, 0x0200b024, 0x03829807, 0x0200a827, 0x02005008, 0x242b8209, 0x02001c0a, 0x210b820a, 
    0x0782840a, 0x0382b820, 0x0b251382, 0x0b020024, 0x20038278, 0x820382ac, 0x820c2043, 0x380c2567, 0x600c0200, 0x8c200382, 0xc0200382, 0x63820382, 
    0x27820d20, 0x00540d25, 0x827c0d02, 0x82b42003, 0x00e02303, 0x27820e02, 0x0f820e20, 0x00280f24, 0x1b820f02, 0x97820f20, 0x1b820f20, 0x47820f20, 
    0x6b821020, 0x6b821020, 0x6b821020, 0x6b821020, 0x0034112d, 0x00d41102, 0x00dc1202, 0x823c1402, 0x20978203, 0x205b8214, 0x24478214, 0x02000015, 
    0x20438215, 0x20438215, 0x202f8215, 0x202f8215, 0x24438215, 0x02001816, 0x21cb8216, 0x07824816, 0x16208f82, 0x1620a782, 0x1620f782, 0x16213b82, 
    0x821382d0, 0x2c172497, 0x82170200, 0x9417211b, 0xc4200782, 0xf4230382, 0x82180200, 0x821820ab, 0x82182063, 0x6c18214f, 0x53820f82, 0x829c1821, 
    0x219b8207, 0x0782cc18, 0x0200e423, 0x20e78219, 0x21238219, 0x0b827019, 0x0382a420, 0x1a249b82, 0x1a020008, 0x1a201382, 0x1a211382, 0x200b8288, 
    0x820382a0, 0x821a208b, 0x821a206b, 0x821b208f, 0x821b20a7, 0x821b2093, 0x581b2493, 0x821b0200, 0x821b2057, 0x821b2053, 0x821c201b, 0x4c1c25ef, 
    0x641c0200, 0x7c200382, 0x8f820382, 0x82ac1c21, 0x20938207, 0x24f3821c, 0x0200041d, 0x2037821d, 0x20ab821d, 0x211b821d, 0x0f82c81d, 0x0200f823, 
    0x20f7821e, 0x204b821e, 0x2073821e, 0x2073821e, 0x2073821e, 0x2073821e, 0x24a3821e, 0x0200141f, 0x20fb821f, 0x214f821f, 0x0b82b01f, 0x20201382, 
    0x20207f82, 0x20206782, 0x20206782, 0x20201782, 0x20204b82, 0x20206782, 0x20206782, 0x20206782, 0x2125ff82, 0x2102000c, 0x82038238, 0x8c21216b, 
    0xa3820782, 0x00e02124, 0xdf822202, 0x82342221, 0x20178207, 0x20178222, 0x20178222, 0x20178222, 0x20178223, 0x202f8223, 0x24538223, 0x0200a423, 
    0x20138223, 0x20978224, 0x20938224, 0x208b8224, 0x20f78225, 0x24878225, 0x02009025, 0x21878225, 0x0782d025, 0x0200f024, 0x03821026, 0x2621d382, 
    0x82078250, 0x8226202b, 0x8226201f, 0x822720d7, 0x442725eb, 0x84270200, 0x97820382, 0x0f822820, 0x0f822820, 0x0f822820, 0x5f822820, 0x13832820, 
    0x2920cb82, 0x29241782, 0x29020024, 0x29201b82, 0x29207b82, 0x29241f82, 0x2a0200c0, 0x2a206f82, 0x2a201382, 0x2a20a382, 0x2b256b82, 0x2b020014, 
    0x20038258, 0x2003829c, 0x820382bc, 0xfc2b25e7, 0x1c2c0200, 0x3c200382, 0x5c200382, 0x7c200382, 0x1f820382, 0x7f822c20, 0x00f42c24, 0xe7822d02, 
    0x17822d20, 0x82982d21, 0x206f820b, 0x206b822e, 0x202f822e, 0x2417822e, 0x02004c2e, 0x206f822e, 0x2033822e, 0x2463822e, 0x0200ec2e, 0x205f822f, 
    0x246b822f, 0x0200a830, 0x245f8230, 0x02000831, 0x205b8231, 0x20278231, 0x21578231, 0x0f82b431, 0x0382cc20, 0x3120b782, 0x32207b82, 0x32209382, 
    0x33201382, 0x34241f82, 0x34020030, 0x34216b82, 0x82078288, 0x8235206b, 0x2c3525bf, 0x68350200, 0x94200382, 0xd3820382, 0x82d83521, 0x00f02707, 
    0x00903602, 0x1b823702, 0x73823720, 0x43823820, 0x63823820, 0x00743825, 0x82ac3802, 0x20238203, 0x20a78239, 0x201f8239, 0x20578239, 0x202b8239, 
    0x24ef8239, 0x0200d439, 0x203b8239, 0x2093823a, 0x200f823a, 0x2087823a, 0x250b823b, 0x0200483b, 0x03826c3b, 0x3b20b382, 0x3c252382, 0x3c020010, 
    0x20038228, 0x82038240, 0x703c21cf, 0x93820782, 0x1b823c20, 0x67823d20, 0xa3823d20, 0xf3823d20, 0xcf823d20, 0x47823d20, 0xe7823d20, 0xcb823d20, 
    0x001c3e24, 0x1f823e02, 0x1f823e20, 0x1f823e20, 0x1f823e20, 0x1f823e20, 0x1f823e20, 0x1f823e20, 0x1f823f20, 0x1f823f20, 0x1f823f20, 0x1f823f20, 
    0x1f823f20, 0x1f823f20, 0x1f823f20, 0x1f823f20, 0x1f824020, 0x1f824020, 0x00544024, 0x8f824002, 0x00844024, 0x17824102, 0x00804328, 0x00b44302, 
    0x33824b02, 0x2b824f20, 0xd7825120, 0x32002208, 0xc2010000, 0x0300ee02, 0x1a000700, 0x02040a40, 0x08010709, 0x02060307, 0x2fcd2f00, 0xde1001cd, 
    0x260282cd, 0x11333031, 0x82271121, 0x01322f03, 0xd4fe3290, 0x12fdee02, 0xfd8a0232, 0x00820076, 0x00023b08, 0x00f3ff47, 0x00b502cd, 0x00150009, 
    0x0a104023, 0x107f0903, 0x17070704, 0x0d130316, 0x005b0863, 0xcedd3f3f, 0x39121101, 0xfdc4332f, 0x3031c432, 0x07061413, 0x3d012e23, 0x09823301, 
    0x26222334, 0x33363435, 0x0cbc1632, 0x0c093a09, 0x1f241164, 0x0383241f, 0x54f9012e, 0x89444489, 0x81fdbc54, 0x1b28281b, 0x002e0382, 0x4800ffff, 
    0x5a01f501, 0x2600f802, 0x7b820a00, 0x05820720, 0x8384b120, 0x00003124, 0x83826a02, 0x001ba308, 0x40fb001f, 0x011f17a6, 0x1e011e18, 0x17060d02, 
    0x090d021d, 0x0d020e14, 0x030b130a, 0x08130a0c, 0x14090c03, 0x060c0307, 0x0c030417, 0x02011805, 0x0218050d, 0x02030c0d, 0x0c7f0d03, 0x030c1403, 
    0x010c3f0d, 0x1a12030c, 0x0f130a11, 0x130a101b, 0x101b1c0a, 0x1a151409, 0x09140911, 0x06101b1f, 0x111a1917, 0x1a161805, 0x00170611, 0x1805101b, 
    0x2f051f06, 0x21050205, 0x1a11101b, 0x7f101a1b, 0x11141a11, 0x1a30101a, 0x110f1a01, 0x17181101, 0x01130f14, 0x17062013, 0x1a180579, 0x79140941, 
    0x0f82000a, 0x0c421130, 0x00410342, 0xde3f3f3f, 0xc0fdc05d, 0x0482de3f, 0xd6100130, 0xc0c0c05d, 0x5dc45dd6, 0x0587c100, 0x0583102b, 0xc4107d24, 
    0x18831801, 0x00820f20, 0x0f0fc022, 0xd6210282, 0x821f8dd4, 0x2c028418, 0x5d013031, 0x3733015d, 0x15330733, 0x23038423, 0x07233723, 0x35230382, 
    0x82233733, 0x03332103, 0x012a0782, 0x5423a21c, 0x22675823, 0x07829789, 0x66220b84, 0x0b828822, 0x23a2542b, 0xb7fe01a2, 0x4ab34ab7, 0x830082b7, 
    0xfebf0806, 0x0000b34c, 0x3d000100, 0xf40193ff, 0x33000803, 0x9f40f900, 0x15012934, 0x28050129, 0x01255701, 0x98012515, 0x0b68010e, 0x010b5901, 
    0x2b010b1b, 0x0ba80129, 0x01179901, 0x01166017, 0x87112716, 0x872b1313, 0x2405092d, 0x24200920, 0x14090573, 0x05240905, 0x27053020, 0x98302d2d, 
    0x82030103, 0x950127a7, 0x270e0127, 0x0802271e, 0x821d3527, 0x3430310d, 0x8b01059a, 0x056a0105, 0x97207701, 0x20260220, 0x17022066, 0x20050120, 
    0x88003113, 0x882a2c30, 0x022d982d, 0x2d772d67, 0x174a2d02, 0x1a011a78, 0x123f1688, 0x1202124f, 0x96138610, 0x00130213, 0xcd335d2f, 0x5ded335d, 
    0x825d3f32, 0xed332609, 0x39391232, 0x2800845d, 0x32de1001, 0xd610edd6, 0x2f0d825e, 0x39125ded, 0x1239122f, 0x87c11039, 0x01102b04, 0x69410582, 
    0x32ed2e05, 0xc410ed2f, 0x315d325d, 0x5d5d0030, 0x83388401, 0x25860804, 0x34353632, 0x2e27022e, 0x36343503, 0x15333537, 0x0717011e, 0x2223012e, 
    0x1e141506, 0x031e1702, 0x07061415, 0x2e352315, 0x1e372701, 0x4d060101, 0x3b2d1b3e, 0x2e3b1e1f, 0x5351551d, 0x13164c2c, 0x3c364818, 0x31241341, 
    0x3546271e, 0x535a5620, 0x19165846, 0x315f541e, 0x1e281c26, 0x1b0b0b18, 0x47283727, 0x70730c5b, 0x4e081202, 0x2a2e1309, 0x14192017, 0x2d200f0b, 
    0x57472c3e, 0x027e810b, 0x0e4b0c1b, 0x00820018, 0x00058108, 0x03f1ff32, 0x00c40228, 0x001f0013, 0x003f0033, 0x40950043, 0x40414366, 0x4342ae41, 
    0x42434214, 0x00404240, 0x1920092a, 0x03202920, 0xac3aae20, 0x34193409, 0x34033429, 0x012a3fae, 0x2a162a06, 0x2a032a26, 0x160a0645, 0x030a260a, 
    0xac14ae0a, 0x1a161a06, 0x1a031a26, 0x190009ae, 0x03002900, 0x43440008, 0x41424241, 0x25414042, 0x3dad377d, 0x0f462f7d, 0x17ad1d7d, 0x0045057d, 
    0xedfefd3f, 0x3f2f0384, 0x10013f3f, 0xfd5d5ede, 0x5dedfe5d, 0x855dd610, 0x11280808, 0x2f393912, 0x872b872f, 0x3031c47d, 0x023e3413, 0x021e3233, 
    0x020e1415, 0x022e2223, 0x23263437, 0x14150622, 0x36323316, 0x032c1b9b, 0x32012301, 0x223a2b18, 0x182b3a22, 0xf0240787, 0x2a27272a, 0xc8200383, 
    0x3c2f1998, 0x015b79fe, 0x2d0c0287, 0x18182f44, 0x872d442f, 0x3d362307, 0x0382363d, 0x96d3fe21, 0x42022618, 0xb5024bfd, 0x09008200, 0x2e00031b, 
    0x8f02f7ff, 0x2b00c502, 0x46003900, 0xf6407c01, 0x26012a98, 0x14600117, 0x01136601, 0x94010519, 0x3faa0142, 0x013f9b01, 0x0b01290a, 0x0e07011d, 
    0x07020e17, 0x20420104, 0x35044341, 0x15362106, 0x36412016, 0x21060515, 0x36390443, 0x36044301, 0x36154315, 0x1443047c, 0x04364304, 0x18210634, 
    0x21062433, 0x201d251c, 0x17251c41, 0x33184120, 0x1c251c33, 0x1433187c, 0x4a331818, 0x15640104, 0x01259801, 0x98012566, 0x188b0118, 0x01187901, 
    0x1801185b, 0x04041525, 0x1a771900, 0x0622201a, 0x20412121, 0x21067f41, 0x41210614, 0x0f823a06, 0x11110111, 0x27012069, 0x48200120, 0x82400606, 
    0x07100700, 0x77070802, 0x822c012c, 0x33144700, 0x08012519, 0x18250125, 0x01044427, 0x79011585, 0x15080115, 0x04150601, 0x0c191903, 0x31763166, 
    0x097c3102, 0x46270127, 0x42204221, 0x013d791c, 0x0c377c3d, 0xffb80c01, 0x0b08b4f0, 0x00450c48, 0xed5d2b3f, 0x3f3f2e5d, 0x2506823f, 0x172f3912, 
    0x00825d39, 0x82391221, 0x2e270806, 0xde102e01, 0x5ed45ded, 0x2f33ed5d, 0x5d5dd210, 0xed5d2fc0, 0x0487c110, 0x7d05872b, 0xc40e87c4, 0x18c21001, 
    0x8512ed2f, 0x27358232, 0x2b10875d, 0x0fc47d87, 0x10210082, 0x20278201, 0x08784318, 0x825d0021, 0x310f2213, 0x066e4330, 0x07840120, 0x3e343726, 
    0x35263702, 0x080a4442, 0x36170720, 0x010e1737, 0x17011e07, 0x27012e23, 0x2223010e, 0x1437022e, 0x3233021e, 0x0e273736, 0x60421303, 0x17a50806, 
    0x182e033e, 0x4a1d3629, 0x27412f1b, 0x162b3f28, 0x1c322717, 0x4d0a22a2, 0x231e2104, 0x0c62133b, 0x6c291323, 0x35564146, 0x200e5d16, 0x53312633, 
    0x2512c320, 0x2df3131e, 0x442f2c27, 0x111d2716, 0x313d27b8, 0x4f4a0e25, 0x182c4028, 0x1f382818, 0x262e3823, 0x4d3fa50f, 0x3061290a, 0x14234a26, 
    0x3329152a, 0x21443925, 0x17232a12, 0x09c52124, 0x01302318, 0x352f2251, 0x0b3e4127, 0x0029221a, 0x01480001, 0x02a900f5, 0x000900f8, 0x00094016, 
    0x0b08087f, 0x5a09040a, 0x01cd3f00, 0x2f391211, 0x133031ed, 0x07054715, 0x0ca95208, 0x0c093709, 0x3132f802, 0x6b35356b, 0x00003132, 0x4e000100, 
    0x3d0147ff, 0x0d000f03, 0x42406100, 0x2a0a1a04, 0x0a09020a, 0xe90a9901, 0x030af90a, 0x0a010a8b, 0x0b000307, 0x010bf001, 0xa0010bb4, 0x0b8e010b, 
    0x6d0b1d01, 0x030b7d0b, 0x0b010b0f, 0x42408257, 0x07340508, 0x640a0b0e, 0x00620403, 0x333f333f, 0x5dd61001, 0x5dc65dfd, 0x71280084, 0x5dc51032, 
    0x3271715d, 0x26088a82, 0x07171614, 0x3435012e, 0x0e173736, 0x484aab01, 0x5f5f4e42, 0x4a48424e, 0xda802b01, 0xf75f2d5d, 0x5ff78e8e, 0x83da5d2d, 
    0xff072497, 0x87f60047, 0x0a300897, 0x04250415, 0x01040602, 0x04e60496, 0x840304f6, 0x07040104, 0x01030f0b, 0xbb0103ff, 0x03af0103, 0x01038001, 
    0x03620312, 0x00030372, 0x58030103, 0x0f2c9783, 0x02071f07, 0x0a0b0f07, 0x64040362, 0x342d979d, 0x1e372726, 0x06141501, 0x013e2707, 0x08979c99, 
    0x3701254c, 0xb502bb01, 0xbc002c00, 0x1c791140, 0x76021c89, 0x020e860e, 0x69010578, 0xb8230105, 0x5d40e0ff, 0x2348120f, 0x90152222, 0x19740119, 
    0x19021984, 0x40011a99, 0x1a1a011a, 0x01119f15, 0x118b117b, 0x10961102, 0x15101001, 0x29822007, 0x08080733, 0x152c2c15, 0x1e272a2a, 0x1515030c, 
    0x0c152d2e, 0x2b8b821e, 0x0927031e, 0x27079a21, 0x642b2323, 0x10213b82, 0x37318265, 0x2b111919, 0xc53f005b, 0x5d322f32, 0x115d3311, 0x33392f39, 
    0x331132ed, 0x33280a82, 0x12110133, 0x332f1939, 0x18230083, 0x8333112f, 0x2b332102, 0x5d220782, 0x2c825d33, 0x865d2f21, 0x2b332107, 0x2005fc42, 
    0x08eb8201, 0x3f013eb4, 0x0e071701, 0x011e0701, 0x2707011f, 0x0e27012e, 0x27010f01, 0x37013e37, 0x012f012e, 0x011e1737, 0x3d012e17, 0x1d013301, 
    0x4624080f, 0x081c0629, 0x212a5028, 0x4905193a, 0x12231804, 0x04182312, 0x3a190549, 0x28502a21, 0x29061c08, 0x0f082446, 0x2aad025a, 0x2614294d, 
    0x0354020e, 0x1c03090f, 0x33072335, 0x26472406, 0x06244726, 0x35230733, 0x0f09031c, 0x0e025403, 0x4d291426, 0x0000082a, 0x00350001, 0x02ff0135, 
    0x000b0021, 0x051a4031, 0xaf0703b0, 0x09b00001, 0x020c0d09, 0x06af04b0, 0x00b00806, 0x010a50af, 0x5d2f000a, 0x2f33eded, 0xe783edfd, 0xc0ec2f37, 
    0x31ed32fd, 0x35331330, 0x15331533, 0x35231523, 0x50bd3523, 0x270282bd, 0xcece5301, 0x00cfcf4f, 0x2d080082, 0xff260001, 0x00b30061, 0x000d0072, 
    0x0600b92e, 0x1540e0ff, 0x06480b08, 0x0d820300, 0x0e0a0a07, 0x4f0d3f0f, 0x070d020d, 0x332f0006, 0x57845d2f, 0xed33ce2a, 0x312b3232, 0x14163730, 
    0x3a060c42, 0x27263435, 0x202501b2, 0x01101948, 0x0f087201, 0x387b3f08, 0x2e693317, 0x850b180d, 0x011a3d63, 0x01110100, 0x00030057, 0x001b402d, 
    0x02051005, 0x02400508, 0xaf040080, 0xcf00bf00, 0x40371682, 0x00482420, 0x2f000297, 0x015d2bed, 0xdd1ade10, 0x3031ce1a, 0x82135d5e, 0xf71a25b7, 
    0x575701f7, 0x24084785, 0x00f3ff38, 0x007900be, 0xb322000b, 0x00010020, 0x40c0ffb8, 0x48150c0c, 0x200c0600, 0x03090109, 0xcd3f0063, 0x223f8271, 
    0x82712bcd, 0x0614219f, 0x2008ce4a, 0x07c74abe, 0x4a1b3621, 0x508206bd, 0xe8ff0128, 0x980147ff, 0x80820f03, 0x15402723, 0x32068202, 0x140201ae, 
    0x04010201, 0x02640303, 0x00620164, 0x823f0062, 0x2f012300, 0x4547d610, 0x23172b06, 0x5f473301, 0xb95d5301, 0x4282c803, 0x00020029, 0x02f1ff32, 
    0x82c50202, 0x001f2d93, 0x101db5dd, 0x194d000f, 0xb3f0ffb8, 0x13200782, 0x40210782, 0x20088209, 0x2515830f, 0xe0ffb80a, 0x0d820e40, 0x82200821, 
    0x83042004, 0x82022004, 0x20288312, 0x8207861d, 0x40e02238, 0x201d822a, 0x201d8313, 0x2604830f, 0x40068c0c, 0x824d011d, 0x4d002b04, 0x12111006, 
    0x10064c00, 0x05820e0c, 0x8c162123, 0x20ff8200, 0x851c82b3, 0x4d002107, 0xf0210782, 0x832283b4, 0x83b62008, 0x20002225, 0x2683821b, 0x4d000eb5, 
    0x82098f1b, 0x13402109, 0x09230a82, 0x82101157, 0x8f112206, 0x26068303, 0x3f005803, 0x832bed2b, 0x10012303, 0x00822bde, 0xd610ed22, 0x31220684, 
    0x9a620030, 0x2b22080a, 0x3634132b, 0x15163233, 0x22230614, 0x2e342526, 0x0e222302, 0x1e141502, 0x3e323302, 0x6d7b3202, 0x03837b6d, 0x0d6e0129, 
    0x2626341f, 0x870d1f34, 0x5b012507, 0xaebcbcae, 0x39270383, 0x2d2d4c66, 0x8639664c, 0x82002007, 0x014d0800, 0x00005d00, 0xb5027101, 0x50000c00, 
    0x04033540, 0x001f078b, 0x060f0001, 0x0802061f, 0x0d0e0606, 0x079d078d, 0x6f075f02, 0x03077f07, 0x108e0007, 0x300c200c, 0x600c500c, 0x060c700c, 
    0x05030c0c, 0x00560355, 0x39123f3f, 0x33ed5d2f, 0x05a0425d, 0x5d5e2c08, 0xed335dce, 0x13303139, 0x3337013e, 0x0e112311, 0x395d0703, 0x5d422d6c, 
    0x2d29230c, 0x16260215, 0x4bfd3445, 0x180b3402, 0x84071416, 0x82382083, 0xea3e0883, 0x2c00c502, 0x2f40e500, 0x17130703, 0x8b131703, 0x07140307, 
    0x17071303, 0x1a101707, 0x40000c8c, 0x004d0010, 0x00090840, 0x242e004c, 0x7b0a6b25, 0x8c0a020a, 0xb8242d10, 0x12b3f0ff, 0x07824d00, 0x11b3e022, 
    0xc8230784, 0x82101840, 0x081f2108, 0x1f340e82, 0x00100f10, 0x078f1f4c, 0x000f0e20, 0xffb8174c, 0x1211b4e8, 0xb62c0885, 0x074d000f, 0xb8250c17, 
    0x10b4e0ff, 0x08821382, 0x09b4f826, 0x2a254d00, 0x25845282, 0xe8210882, 0x824a82b3, 0x22198207, 0x824c000b, 0x40f03008, 0x4d000809, 0x8e0a582a, 
    0x3f00550c, 0x822b3fed, 0x2b332500, 0x3939122b, 0xed230882, 0x82322b2b, 0x10012c06, 0xc671edde, 0x2bd61032, 0x82edc42b, 0x2f2f2119, 0x360cc24c, 
    0x14013031, 0x0e07020e, 0x15211503, 0x35342621, 0x37023e34, 0x4135033e, 0x780806d1, 0x033e2707, 0x01163233, 0x3c301dd3, 0x282d111e, 0xfe3f011b, 
    0x321f015c, 0x2d191e3e, 0x20131523, 0x301d182b, 0x2e071a26, 0x3e322409, 0x026d6d24, 0x41432404, 0x2e111e3f, 0x4f112e32, 0x2f050c06, 0x1e404851, 
    0x322f2f18, 0x1c2a1e1c, 0x1715100d, 0x1d0a4206, 0x0065121a, 0x00010000, 0x01f1ff37, 0x00c502e9, 0x40c30038, 0x0121a71e, 0x87012196, 0x080e0121, 
    0x054d000f, 0x21048218, 0x04821036, 0x0e833420, 0xffb80225, 0x826240f0, 0x5945080d, 0x02106910, 0x238f8c10, 0x23af239f, 0x01231703, 0x267b2b23, 
    0x6d265d01, 0x260a0226, 0x6a35260a, 0x03490103, 0x03020359, 0x012b878c, 0x0e012b1f, 0x2b08012b, 0x3619183a, 0x26263935, 0x08088e0a, 0x8f00361e, 
    0x3a578335, 0x10083035, 0x304c0012, 0x8f151857, 0x0d081e19, 0x1e4c000e, 0x2b3f0058, 0x8232ed33, 0xed2b3004, 0x2f391232, 0x2f3d39ed, 0xde101801, 
    0x4c32c632, 0x5d2d079a, 0x2f393912, 0x105d5d2f, 0xed5d5dd4, 0x0513435d, 0x2b2b0126, 0x375d5d5d, 0x2605854c, 0x3335012b, 0x41023e32, 0x0620053f, 
    0x27053e41, 0x1415021e, 0x031e0706, 0x08076c4b, 0x1e372767, 0x4d59e201, 0x24453420, 0x35192118, 0x21141c2c, 0x4330182b, 0x250c2417, 0x371d352e, 
    0x3e1a3450, 0x25321b2c, 0x62411f17, 0x30371a43, 0x11120824, 0x3b46444f, 0x0d1f3426, 0x2d1a0a4c, 0x1a281c22, 0x470f1c0b, 0x0b101308, 0x2743311b, 
    0x08144d36, 0x253c2e1e, 0x20384d2d, 0x040c0c08, 0x001a0851, 0x00020000, 0x08048228, 0xb5020a79, 0x15000e00, 0x3f406b00, 0x08010228, 0x150e0111, 
    0x2801052b, 0x02053805, 0x0f010509, 0x8b0d0505, 0x17090a07, 0x3b01140f, 0x146f145f, 0x1403147f, 0x0e00008b, 0x8e140016, 0x8e070d0d, 0x0b050909, 
    0x048e0f55, 0x00560504, 0xed10333f, 0x2f39123f, 0xed2f33ed, 0xce100132, 0x72ed1032, 0xd6105d5e, 0x32ed32dd, 0x5d5d5e2f, 0x30313271, 0x015d5e00, 
    0x033e375d, 0x46113337, 0x34080564, 0x030e0121, 0x13283307, 0x305f5342, 0x5a525259, 0x3601cafe, 0x333a3d1e, 0x2cf0dc14, 0x30787c75, 0xb14c48fe, 
    0x209601b1, 0x2b5a564f, 0x00010000, 0x01f1ff41, 0x2ab382eb, 0x40a60027, 0x0f201910, 0x83014d00, 0x83182004, 0xb8142504, 0x3b40f0ff, 0x0e211282, 
    0x08048210, 0x166a222f, 0x0f8c1601, 0x02031f03, 0x00290308, 0x208b2323, 0x1b20141b, 0x0d0e201b, 0x8e222328, 0x1b8e0020, 0x00121110, 0x10081b4c, 
    0x101b4d00, 0x2504820e, 0x40e0ffb8, 0x08820d1e, 0x820c1021, 0x081b2704, 0x110e5620, 0x5a830d8f, 0x08080d29, 0x4c001210, 0x41005708, 0xe78305fc, 
    0x00832b20, 0x8310ed21, 0x32de25eb, 0x2b8739d6, 0x2505854e, 0xed5d5ed6, 0xf941c45d, 0x1e132208, 0x0bd64101, 0x0808fb41, 0x37033e32, 0x0e231521, 
    0x8d97c703, 0x42603f1f, 0x242e361a, 0x4d111208, 0x263d2d38, 0x6e421a11, 0x06070654, 0x4e010204, 0x040401fd, 0x06aa0104, 0x4e2e6778, 0x0808bd41, 
    0x2d22142a, 0x283b2619, 0x52563115, 0x0f4f2d51, 0x00343733, 0x00020000, 0x02f1ff3f, 0x00b80201, 0x002d001a, 0x082db598, 0x244d000f, 0x24065b46, 
    0xf8ffb81a, 0x200f82b3, 0x26078209, 0x00123940, 0x8218034d, 0x5724080d, 0x30050103, 0x060f0106, 0x00060601, 0x2b012b59, 0x7713078c, 0x2f130213, 
    0x960b861e, 0x210b020b, 0x5700478c, 0x2e285882, 0x1e8f0e0b, 0x26051b1b, 0x402c4d82, 0x000f0e0b, 0x188f264c, 0x058f0657, 0xb43c0f82, 0x054d000e, 
    0x2b3f0058, 0x2bed3fed, 0x332f3912, 0x100132ed, 0x32ed5dde, 0xd610325d, 0x2605774c, 0x31335d5d, 0x685d0030, 0x132a05b4, 0x37023e34, 0x07030e17, 
    0x5f4e013e, 0x37262609, 0x0e070622, 0x071e4601, 0x34355708, 0x67383f26, 0x3b075c93, 0x0d344c61, 0x3b23411a, 0x1a173452, 0x72385235, 0x3c23e077, 
    0x0c01011e, 0x2128341f, 0x410d1e2e, 0x9b651601, 0x4e01376a, 0x53341801, 0x24100c3d, 0x262a4d3b, 0x9c2a4250, 0x0b0d0dd0, 0x4e2c0b17, 0x2c1c233b, 
    0x48441833, 0x01000000, 0x04823c00, 0x02f52508, 0x000e00b5, 0x0e124025, 0x0700008b, 0x10088b05, 0x550e0f07, 0x078e0509, 0xed3f0056, 0x10013f32, 
    0xedd610ce, 0x2705e64b, 0x37033e33, 0x15213521, 0xa33aac82, 0x4f422d06, 0x01affe26, 0x475021b9, 0xb1500633, 0x512d8fa7, 0xa585264d, 0x5a825dbb, 
    0x03002508, 0xf1ff3700, 0xc502fd01, 0x33002100, 0x0e014500, 0xff3200b9, 0x000fb3e8, 0xffb8324d, 0x0e0940f0, 0x102e4d00, 0x0d200d82, 0x29068e41, 
    0xf8ffb803, 0x00100fb4, 0x1083454c, 0x4d000e23, 0x20078240, 0x222082b5, 0x821b8c34, 0x21402f1a, 0x4c001211, 0x4143001b, 0x2f314120, 0x3a832f0f, 
    0x410f2f33, 0x41202f20, 0x142f0f8b, 0x0f412f0f, 0x40e0ffb8, 0x24308237, 0x20010f50, 0x2d078220, 0x0f01205f, 0x0a200f20, 0x00768c2c, 0xec820f01, 
    0x8c3e4724, 0x46830811, 0x8c221131, 0x0010100a, 0x0f460a4d, 0x0520200f, 0x82168f39, 0x08b6276b, 0x164c0009, 0x76862758, 0x058f2722, 0x0b257683, 
    0x054d000e, 0x241a8310, 0x3f005705, 0x05e7472b, 0x19391232, 0x012f332f, 0x2bde1018, 0xed2bd4ed, 0x5d5dd610, 0x23052546, 0x2b5d2b5d, 0x250b8151, 
    0x0e872b00, 0x038210c4, 0x28822b82, 0x00303124, 0xf3412b2b, 0x50252005, 0x35200644, 0x2111154e, 0x12480516, 0x34352706, 0x0e27022e, 0x29481301, 
    0x178f080a, 0xfd01013e, 0x3856391d, 0x16345741, 0x17291f13, 0x4e371e62, 0x33503830, 0x251d1117, 0x9afe7614, 0x2632200d, 0x10203322, 0x283f2d18, 
    0x0dfa312d, 0x20202c1c, 0x100d1c2d, 0x2a263722, 0x472ab432, 0x38251d35, 0x351d1e43, 0x380e252e, 0x3445266d, 0x4035221f, 0x2c331d1e, 0x7f380d22, 
    0x16212712, 0x15281f14, 0x19243020, 0x014a1909, 0x1f240f30, 0x251f1415, 0x262c1612, 0x4319091e, 0x33000200, 0xf501feff, 0x1a00c502, 0xce002d00, 
    0x44240b40, 0x88490868, 0x24078207, 0x000eb3f0, 0x2507824d, 0x0008b3f8, 0xde41014d, 0x20078206, 0x821783e8, 0xf82b0807, 0x00092940, 0x21091e4d, 
    0x000e0d08, 0x008c214c, 0xab039b04, 0x03770203, 0x01034f01, 0x68110303, 0x000f0100, 0x0802001f, 0x862b2f00, 0x2207823d, 0x821140f8, 0x8c2b3a56, 
    0x00100811, 0x1e2e114d, 0x0c098f1b, 0x40c0ffb8, 0x4d000a18, 0x26030c0c, 0x261d8208, 0x58168f26, 0x83038f04, 0x5703210a, 0x20097f43, 0x0580432b, 
    0x2bed2b37, 0x5ec6102b, 0x39115d5d, 0x5d5d5d2f, 0x2bed1033, 0x30313232, 0x2800862b, 0x07061401, 0x023e3227, 0x05874f37, 0xa84f3520, 0x32072506, 
    0x34363736, 0x30059b46, 0x1415020e, 0xcdf50116, 0x653f03ca, 0x1a0c334c, 0x08854342, 0x3b573927, 0x3e23e01e, 0x0a86431d, 0xcea03708, 0x184e01d3, 
    0x0c3d5435, 0x4d3b230f, 0x4250252a, 0x6d4c282a, 0x0b0d0d89, 0x4f2b0b15, 0x2b1c233b, 0x47441833, 0x3800ffff, 0xbe00f3ff, 0x26020802, 0x00001100, 
    0x05840701, 0x10008f3a, 0x00010b40, 0x00050c11, 0x0e080150, 0x342b2b4f, 0xffff0000, 0x61ff2600, 0x0f202b86, 0x0e282b8e, 0x01070e13, 0x10000150, 
    0x3a082b85, 0x35000100, 0xff014c00, 0x06000a02, 0x26406000, 0x00060504, 0xaf060004, 0x05140405, 0x03050604, 0x03000102, 0x02af0100, 0x03021403, 
    0x05000201, 0x4d000d10, 0xffb80205, 0x820a40f0, 0x50023209, 0x02008000, 0x2f190000, 0xcd2bcd5d, 0x2f18012b, 0x0d58542f, 0x313d0e8c, 0x07051330, 
    0x17253525, 0x1a63019c, 0xb00150fe, 0x922b011a, 0xb750b74d, 0x0000004d, 0x24878202, 0x01ff0199, 0x336f82bd, 0x402e0007, 0x0707031a, 0x09050502, 
    0x3faf0208, 0xaf004f00, 0x043e1682, 0x400630af, 0x00060206, 0xdeed5d2f, 0x1101ed5d, 0x332f3912, 0x31332f33, 0x15213730, 0x03821121, 0xca013524, 
    0x038336fe, 0x014fe824, 0xdb8c4f24, 0x22406423, 0x2ddc8203, 0xaf050603, 0x04140304, 0x02040503, 0x4c830001, 0x0201af23, 0x24d98214, 0x01040601, 
    0x83d78304, 0x010421e1, 0x01230583, 0x83800650, 0x20dd8a21, 0x0c38552f, 0x820ece51, 0x053730df, 0x25270515, 0xb0011a35, 0x011a50fe, 0x84bd0163, 
    0x849220de, 0xff1337df, 0x027901f3, 0x002100c5, 0xb992002d, 0xe0ff0900, 0x4d0009b3, 0x0782b808, 0x4d000a22, 0x40087b82, 0x0011b3f8, 0xffb8034d, 
    0x113640f8, 0x224c0012, 0x1b402882, 0x28284838, 0x18007f12, 0x18180801, 0x681f5803, 0x031f781f, 0x0b077f1f, 0x0b370b27, 0x2f2f0b03, 0x0302012f, 
    0x2b20152e, 0x63252b01, 0x26be8202, 0x4d000fb6, 0x82880002, 0xb6f03845, 0x4c00100f, 0x00680603, 0xed2b333f, 0xdd3f2b32, 0x1001ce71, 0x465d32ce, 
    0x5e26075b, 0x2f33ed5d, 0x6c44ed2b, 0x22132307, 0x58462707, 0x15042d08, 0x2317011c, 0x3e343526, 0x26343504, 0x390baf58, 0x1a3f42ae, 0x39305522, 
    0x1a112c49, 0x1a262e26, 0x17044e01, 0x17242824, 0xf94d0b36, 0x02200807, 0x12482277, 0x3b301f16, 0x2e35221b, 0x21352d2a, 0x14050c05, 0x2d342016, 
    0x1a2c2827, 0xbffd352a, 0x0808194e, 0x410002b3, 0x750367ff, 0x4500c502, 0xf7005500, 0x44a6ad40, 0x99438901, 0x3f670243, 0x013f5501, 0x96013558, 
    0x23970129, 0x8a0223a7, 0x19690119, 0x01020901, 0x030103a8, 0x137f4d49, 0xef2f2f2e, 0x13960113, 0x880213a6, 0x13560113, 0x1c991301, 0x78021ca9, 
    0x1c59011c, 0x907f1c01, 0x0241a041, 0x0f014187, 0x02411f41, 0x53574108, 0xe00bd07f, 0x030bf00b, 0x0b890b79, 0x0b030b99, 0x26862676, 0x27032696, 
    0x57263726, 0x7f260326, 0x9f0137e0, 0x56370137, 0x1087504d, 0x1321873c, 0x17496010, 0x2f068746, 0x2b2e8732, 0x03790369, 0x4b030389, 0x02035b03, 
    0x397f823a, 0x480b0820, 0x00060003, 0x2b33332f, 0xde5d5d5d, 0x1032ed32, 0x3f3232ed, 0xd248de33, 0x715d2206, 0x221682fd, 0x4aed715d, 0x0c8205da, 
    0x82ce5d21, 0x32712328, 0x2882332f, 0x315d3924, 0x63570030, 0x2622210b, 0x4406d353, 0x1624054b, 0x16141117, 0x4d08ec48, 0x362208fa, 0x71441737, 
    0x14152b0d, 0x3227020e, 0x012e3736, 0x9257013d, 0x16c30806, 0x2a20b202, 0x1f3e160e, 0x203a4f30, 0x36553b1e, 0x16175533, 0x19271a12, 0x75522c0c, 
    0x587a4949, 0x7f5d3431, 0x0b4d3b4c, 0x3359110a, 0x45769e59, 0x54977344, 0x406e9252, 0xf048341f, 0x03112b15, 0x15220602, 0x2b444647, 0x110c0f12, 
    0x39563b1e, 0x243f5530, 0xcefe0810, 0x3a241a20, 0x6f3f2649, 0x5b313054, 0x85585484, 0x040e2d59, 0x330e064a, 0x6c70a369, 0x35366ba2, 0x445a8f65, 
    0x51244768, 0x1a0d0909, 0x0402eb0c, 0x54474358, 0x00020000, 0x02000008, 0x00b5028f, 0x00180011, 0x0f00b9dc, 0x3440f8ff, 0x104d000d, 0x0c0d0e0f, 
    0x08070c11, 0x060b0a09, 0x1718040b, 0x15051516, 0x120c2005, 0x820b4c01, 0x06733a08, 0x0b06140b, 0x02010605, 0x14131203, 0x00150015, 0x40f0ffb8, 
    0x4d010c43, 0x3b0b820c, 0x140c1173, 0x11000c11, 0x11061515, 0x011a001a, 0x1a701a40, 0x1ad01aa0, 0x011a0f04, 0x3a06ce4e, 0x79040319, 0x6f155f18, 
    0x03157f15, 0x15121512, 0x0c42110c, 0x06410b41, 0x823f0042, 0x05674c00, 0xed332408, 0xc6100132, 0x5d5d5d5e, 0x11c61071, 0x102f1939, 0x0587c100, 
    0x7d872b18, 0x102b01c4, 0xc4c40e87, 0x82c4c405, 0x84169305, 0xc4c4211e, 0x31320686, 0x212b0130, 0x2127012e, 0x033e2307, 0x031e3337, 0x0d820317, 
    0x010e4e08, 0x11250207, 0xc6fe101e, 0x4628653f, 0x59244243, 0x46434224, 0x3f20c528, 0x1f3f2322, 0xb12d572d, 0x99a8bb6e, 0xa8994b4b, 0x01016ebb, 
    0x4b4ba357, 0x000057a3, 0x56000300, 0x5002faff, 0x1800bc02, 0x38002900, 0x57b58700, 0x76300115, 0x062f4a13, 0x84101321, 0x00122208, 0x3908834c, 
    0x00090d40, 0x7624104d, 0x09084016, 0xb8164c01, 0x1140f8ff, 0x4c00100e, 0x17824016, 0x30163e08, 0x164d0008, 0xffb83a3a, 0x091c40c0, 0x38194d01, 
    0x39a80573, 0x0b7c3538, 0x29792a13, 0x0b060029, 0x7c1f1a45, 0x00460005, 0x32ed323f, 0x3912333f, 0x1039ed2f, 0x100132ed, 0x2b32edf6, 0x05a15010, 
    0x2b2bd430, 0x31ed2b32, 0x22055d30, 0x1127022e, 0x794a033e, 0x07062c05, 0x1415011e, 0x16150106, 0x42011e17, 0x272008ab, 0x4e080988, 0x01070622, 
    0x31311511, 0x30141430, 0x3c153031, 0x362c4d69, 0x99483d2d, 0x0f0bfffe, 0x2b17230d, 0x1a233a4d, 0x7d2a4431, 0x2f402466, 0x42311c1b, 0x112a2525, 
    0x06040206, 0x05a00205, 0x12020406, 0x3933462b, 0x4e121249, 0x01696847, 0x8201f449, 0x0b350800, 0x2226321c, 0x4e0c1c2f, 0x202a1a0a, 0x0c19291e, 
    0x01000202, 0xf1ff3a00, 0xc5025302, 0xe6002700, 0x40292340, 0x6848120c, 0x081e0103, 0x874d0012, 0x021b971b, 0x32098302, 0x000f0802, 0x0f0f104d, 
    0x1a292322, 0xb3f0ffb8, 0x824d000a, 0x40f82307, 0x08820910, 0x83057621, 0x83052022, 0xb8053822, 0x0eb6f8ff, 0xa9054d00, 0xffb81028, 0x0d1440e8, 
    0x104c000f, 0x820e0815, 0x08152806, 0x4c000a09, 0x820f7c15, 0x11b42423, 0x824c0012, 0x40e82208, 0x28218319, 0x11080a0f, 0x080a4d00, 0x2204820e, 
    0x83182245, 0x1f222112, 0x37832683, 0x40210883, 0x223b8313, 0x84237c1f, 0x0023261b, 0x4d001008, 0x82208400, 0x00462707, 0x322b2b3f, 0x0483ed2b, 
    0x33210982, 0x220a852b, 0x50fe1001, 0x10330565, 0x2f3232c6, 0x00303133, 0x2b5d2b2b, 0x052b5d01, 0x44022e22, 0x1e250526, 0x2e071702, 0x091a5203, 
    0x37364b08, 0x01030e17, 0x56784980, 0x785a352f, 0x33452b44, 0x091c0620, 0x1a332b22, 0x213e5837, 0x3a573a1d, 0x19165843, 0x48362407, 0x875c300f, 
    0x5c875757, 0x10100c30, 0x0e065004, 0x4826090e, 0x663e4067, 0x0b1c2849, 0x0e0f0550, 0x0082000a, 0x56000232, 0x8f02faff, 0x1000bc02, 0x82001d00, 
    0x10141d40, 0x1427d083, 0x4d000a10, 0x82090814, 0x08102104, 0x76240482, 0x01094000, 0xb321ce84, 0x22d68412, 0x831b40f0, 0x82168227, 0x1fa9300e, 
    0xa808731a, 0x08171a1e, 0x174d000a, 0x410c097c, 0x0c230662, 0x82111b45, 0x0d40210a, 0x11301682, 0x0805087c, 0x054d000e, 0x2b3f0046, 0x322bed33, 
    0x01260585, 0x10edf610, 0x05412bf6, 0x2b2b2105, 0x24054a51, 0x27262223, 0x05a44611, 0x32018908, 0x26343536, 0x07062223, 0x02011e11, 0x8e66388f, 
    0x29652a55, 0x552a6529, 0xfe38668e, 0x88888a87, 0x092d298a, 0x5b012d09, 0x2b57855a, 0xa0020a07, 0x572b070a, 0x8d9afe85, 0x028d7f7f, 0x01eefd01, 
    0x00010002, 0x02000056, 0x00b50216, 0x4035000b, 0x0f03071d, 0x020a1f0a, 0x040d0a08, 0xa8007308, 0x0779050c, 0x79090107, 0x7903420b, 0x3f004101, 
    0x12ed3fed, 0x01ed2f39, 0x32edfe10, 0x5d5ede10, 0x3031cec6, 0x15211133, 0x56320187, 0xbafea701, 0xdefe2201, 0xb5025f01, 0xf051ce53, 0x00820053, 
    0x01216384, 0x276382f8, 0x40280009, 0x0b030714, 0x0a205c84, 0x5a885c85, 0xd6205989, 0x1129568b, 0xfea20156, 0xfe1d01bf, 0x085282e3, 0xfe52d122, 
    0x000100c1, 0x02f2ff3a, 0x00c5025e, 0xb5d10027, 0x0010100a, 0xffb80f4d, 0x0f2c40f8, 0x18094d00, 0x17280482, 0x01732716, 0x4d010840, 0x1b820482, 
    0x018f0134, 0x29a80102, 0x000e4029, 0x0b40294d, 0x29004d00, 0x30821f01, 0x0f82b320, 0xf0280782, 0x000a1040, 0x0c761f4d, 0x0c213183, 0x203f8208, 
    0x211c820c, 0x1d820c40, 0x00271282, 0x28a90c4d, 0x82ffb817, 0x21108225, 0x2b831a17, 0x117c1a32, 0x16070101, 0x40e8ffb8, 0x000f0d0e, 0x0811164c, 
    0x11231b82, 0x86242745, 0x21078255, 0x5482b7f0, 0x027c242f, 0x3f004607, 0x2b2bed33, 0x332b3f32, 0x25e2822b, 0x322bed10, 0xd641012b, 0x2b5d2408, 
    0x82f6102b, 0xc6ed2f04, 0x00303132, 0x2b012b2b, 0x0e113301, 0xe3422303, 0x4201200d, 0x01270be3, 0x2d0c61fd, 0x4224463b, 0x200805e6, 0x492f4579, 
    0x1f062134, 0x3532601d, 0x1d223d57, 0x2a3b573b, 0x55010d3b, 0x0a04bcfe, 0x5c30070a, 0x08e64286, 0x19135122, 0x2207e442, 0x82000409, 0x012d0800, 
    0x00005600, 0xb5026b02, 0x37000b00, 0x0b031f40, 0x1f020f73, 0x02080202, 0x09050da8, 0x0ca80773, 0x0404790a, 0x06410806, 0x00420242, 0x06374641, 
    0x2607fd41, 0xfd5d5efe, 0x823031c0, 0x11233fad, 0x11231121, 0x02211133, 0xfe61610a, 0x016161ad, 0xfdb50253, 0xfe40014b, 0xfeb502c0, 0x634200df, 
    0xb7002105, 0x03366782, 0x00b92400, 0x40c0ff05, 0x4d010811, 0x05010500, 0x037301a8, 0x5e8604a8, 0xf610012f, 0x2b5de6fd, 0x33133031, 0x61562311, 
    0x82458361, 0x243f82a6, 0x01f1ff08, 0x3e3f82a3, 0xb9790013, 0xf0ff0300, 0x00091440, 0x0110674d, 0x40137311, 0x0f4d0109, 0xa8130113, 0x82b81515, 
    0x82182058, 0x0a0b210e, 0x04821483, 0x4d002308, 0x08010a0f, 0x4112140a, 0xffb80e0b, 0x0f1d40f8, 0x7c0e4d00, 0x0e0c100a, 0x050a4c00, 0x4d001008, 
    0x12821005, 0x08080522, 0x3b067b43, 0x2b332b2b, 0x3f322bed, 0x5ec61001, 0x322b2b5d, 0x5df6102b, 0x3031ed2b, 0x2b015d00, 0x0807864e, 0x1e37272b, 
    0x36323301, 0x01331135, 0x593515a3, 0x2e392243, 0x15260a22, 0x42483243, 0x5632df61, 0x110b2541, 0x0f4d0913, 0x01594921, 0x21fb86cd, 0xbb826f02, 
    0xdb001a26, 0x081a6040, 0x3a086f82, 0x0e790e59, 0x14100d02, 0x0d884d00, 0x010cd801, 0xa70108d8, 0x180b0106, 0x0b4d0013, 0x48120b20, 0x0b180b08, 
    0x08030b28, 0x0909730b, 0x1a19160a, 0x03041a15, 0x05000102, 0x82081a00, 0xc0210822, 0x1aca011a, 0x00051a01, 0x1a157305, 0x1a151514, 0x00390029, 
    0x18000802, 0x0a000200, 0x40e8ffb8, 0x0858822f, 0x500a3028, 0x030a600a, 0x11151c0a, 0xa8127314, 0xc0411a1b, 0x7b100110, 0x050105c0, 0x0f0115cf, 
    0x15150115, 0x11411311, 0xd8410a42, 0x715d250a, 0x71ed7139, 0xfe29fb82, 0x103232ed, 0xc62b5dd6, 0x06b75d5d, 0x715d0122, 0x47050e48, 0x012906ef, 
    0x10183311, 0x2b5d5eed, 0x05bb5a2b, 0x5d2b4a08, 0x030e012b, 0x17031e07, 0x27032e23, 0x33112311, 0x37033e11, 0x4e1f5702, 0x2b255455, 0x1b515c60, 
    0x574e1e72, 0x61612a59, 0x49525423, 0x22b50219, 0x24545753, 0x6864581e, 0x575f2f2f, 0xb7fe1a4a, 0xcefeb502, 0x4d545321, 0x05ef411d, 0x00005626, 
    0xb502f701, 0x1b32f282, 0x07000d40, 0xa8027304, 0x05410306, 0x00420179, 0xa182ed3f, 0x10edf628, 0x253031c6, 0x69822115, 0xfef7012a, 0x5454615f, 
    0x9ffdb502, 0x01263c82, 0x00004300, 0x3b822503, 0x4a012927, 0xff2500b9, 0x062857f0, 0x27080784, 0xf8ffb821, 0x19151240, 0xa6216648, 0x20f70221, 
    0x011da701, 0x19011d66, 0xb6e8ffb8, 0x574d0011, 0xb8180119, 0x3940f0ff, 0x3f080b82, 0x88011509, 0x020ef80e, 0xf7010e69, 0x08080109, 0xf9020818, 
    0x08d80108, 0x990208e8, 0x0208a908, 0x69010888, 0x03570108, 0x11960701, 0x870211a6, 0x73110111, 0xffb82b10, 0x0109b5c0, 0x1fa92b4d, 0xb6274782, 
    0x4c01120c, 0x821e731f, 0x40250814, 0x480d0a24, 0x1b99221e, 0xa6731b01, 0x1c85011c, 0x4f021c95, 0x291c011c, 0x01004f76, 0x99108900, 0x0310a910, 
    0x20288310, 0x22288226, 0x83100a10, 0x0a24083a, 0x010b0f73, 0x2aa90b08, 0x1e1a4016, 0x297c1648, 0x421f1c29, 0x411b411c, 0xb8224111, 0x0db4e0ff, 
    0x07224d00, 0xb7273382, 0x4c011915, 0x830107b0, 0x0c40210b, 0xa4202a82, 0x7c2e0b82, 0x420a4110, 0xed3f3f00, 0x2b5d2b5d, 0xf4492b32, 0x2f210805, 
    0x10012bed, 0xed5d5ef6, 0x5d2bd52b, 0xd4fd5dd4, 0xed5d5d5d, 0x2bd5325d, 0x2be62bed, 0x5d5ded10, 0x05d04132, 0x715d5d22, 0x39831982, 0x2b270684, 
    0x052e252b, 0x49020627, 0x300808dc, 0x3337033e, 0x26231312, 0x050e2702, 0x0a8d0107, 0x262b2621, 0x0e0b0a21, 0x0a045f05, 0x55090f0d, 0x3a3e3e1b, 
    0x3e3a1818, 0x22551b3e, 0x0e055f11, 0x0821860b, 0x4a186029, 0x40515b56, 0xedfe7611, 0xb1b75a8c, 0x782c4ba8, 0x36368383, 0x2c788383, 0x9afeb1fe, 
    0x7613018c, 0x5b514011, 0x42184a56, 0x26080807, 0xb5028202, 0x96001300, 0x0e872040, 0x01032001, 0x03010b77, 0x0007000b, 0x140b1073, 0x73100b10, 
    0x09084012, 0x43124c01, 0x420806fe, 0x4d010943, 0x15841504, 0x73070802, 0x1314a809, 0x9b078b42, 0x077a0207, 0x01076b01, 0x4901075a, 0x10840107, 
    0x62021094, 0x02107210, 0x50104002, 0x10140210, 0x07021034, 0x41110810, 0x410a410b, 0x4b004208, 0x3f270520, 0x5d393912, 0x855d5f5d, 0x3f560800, 
    0xedf61001, 0x102b5d5e, 0x87fd2bf6, 0xc47d872b, 0x315d5f01, 0x5d5d0030, 0x27052e21, 0x33112311, 0x1117031e, 0x31021133, 0x47423916, 0x5f1c4246, 
    0x696b2f4d, 0x255f205d, 0x5f66635c, 0xe3fd2054, 0x8532b502, 0x0235888d, 0x004bfd01, 0x3a000200, 0xd002f1ff, 0xd782c502, 0x0701272d, 0x102012b5, 
    0xb80c4d00, 0x82b3e0ff, 0x82082007, 0x1d402107, 0x02200882, 0x112a1583, 0x4d001208, 0x000f0811, 0x09830d4d, 0x09830c20, 0xffb80724, 0x1682b3f8, 
    0x19820784, 0x0f860320, 0x40210783, 0x27108215, 0x000e081e, 0x0a101e4d, 0x76200482, 0x86050a45, 0x820a2021, 0x0f402107, 0x15822182, 0x0a4d0028, 
    0x29f029a9, 0xb2461401, 0x22078206, 0x821d40f0, 0x76142733, 0x01084000, 0x6f83004d, 0x6f830020, 0x00250e82, 0x28a9004d, 0x84298619, 0x82288207, 
    0x40f02a07, 0x4d00091a, 0x460f7c19, 0x21738323, 0x16820823, 0x82102321, 0x7c232912, 0x3f004505, 0x2b2b2bed, 0xef460484, 0x08f9460a, 0xf15b3120, 
    0x08f55b05, 0x53101764, 0x2f080ada, 0x020e2223, 0x795b353a, 0x5a774344, 0x775a3535, 0x5b794443, 0x3b206635, 0x54353555, 0x3b20203b, 0x55353554, 
    0x5b01203b, 0x2e5b8859, 0x59885b2e, 0x3f270787, 0x27274867, 0x863f6748, 0x00002507, 0x56000200, 0x3d350482, 0x0e00bc02, 0x52001c00, 0xff0500b9, 
    0x000db3f0, 0xffb8044d, 0x240783e8, 0xf0ffb802, 0x220f82b5, 0x82037618, 0x19403aee, 0x4c000f0e, 0x11091e03, 0x1da80b73, 0x08087912, 0x11420a00, 
    0x000c7c0f, 0x05314c45, 0x2805b348, 0x1032edf6, 0x31ed2bd6, 0x31cc8230, 0x15163201, 0x2b020e14, 0x11231101, 0x2217013e, 0x114c1107, 0x01300807, 
    0x2b9d920e, 0x4d497451, 0x32652961, 0x3249213e, 0x1f1e3750, 0xbc024635, 0x553c6e6f, 0xfffe1835, 0x070aab02, 0xf0fe0355, 0x2a361f0d, 0x0c1f3428, 
    0xaf82ae82, 0x47ff3a2f, 0xc502d002, 0x32001e00, 0x00b90b01, 0x42a7820d, 0x11200726, 0x23072642, 0x0d011c78, 0x30201a42, 0x4d000f1d, 0x1a1a760f, 
    0x0e102900, 0x10294d00, 0x2304820a, 0x15150a76, 0x20112242, 0x4229820c, 0x34240622, 0xf0ffb81f, 0x20082849, 0x2033821d, 0x161f421f, 0x82243321, 
    0x09b72c29, 0x244c000a, 0xb81a0f7c, 0x82b7f8ff, 0x461a2465, 0x82157c14, 0x11b42417, 0x824c0012, 0x40c82808, 0x4d000813, 0x83102e15, 0x7c2e2127, 
    0x2d05f54a, 0x2b3f0045, 0x2b2f2bed, 0x2b3fed2b, 0x1c49ed33, 0xe610220a, 0x2800822b, 0xed102f32, 0x39122b2b, 0x05a7512f, 0x5d211182, 0x42048201, 
    0x07290b2f, 0x0717031e, 0x2e27032e, 0x05136403, 0x4207215b, 0x28320a35, 0x01365f47, 0x254a3c27, 0x4d5f3417, 0x703f0934, 0x40423052, 0x7a4e341a, 
    0x170a3759, 0x04101823, 0x2617074c, 0x33042c3b, 0x4255825b, 0x4b420f4d, 0x02632805, 0x001a00bc, 0x82850028, 0x120838da, 0x08984d00, 0x01088901, 
    0x0b010257, 0x18007624, 0xb3f8ffb8, 0x824d000f, 0x40f02307, 0x08820e09, 0x840d1021, 0xc038080d, 0x0b0a2c40, 0x05184c00, 0x04677306, 0x04020487, 
    0x602a0504, 0x1d0f012a, 0x29a81173, 0x157c1b1d, 0x000b791e, 0x12100e0e, 0x42104515, 0x3f004205, 0x12333f3f, 0x33332f39, 0x28055f51, 0x5d32edf6, 
    0x2f32c610, 0x063f5f5d, 0x45ed3221, 0x2b2105b9, 0x06844701, 0x42220621, 0x33260681, 0x14151632, 0x87420306, 0xa992080b, 0x33343110, 0x2f146a12, 
    0x0d132f30, 0x61570e1b, 0x922a6529, 0x3eda4999, 0x50324521, 0x331e1e37, 0x14220145, 0x28564f41, 0x3e474e26, 0xf1fe0117, 0x070aab02, 0x62456d6e, 
    0xfe032d01, 0x331c0afb, 0x1e34272a, 0x0100000c, 0xf1ff2100, 0xc502f501, 0x1f013000, 0x27053940, 0x010e0801, 0x0a010d08, 0x22970126, 0x011f0501, 
    0x0112a813, 0x88011299, 0x25120112, 0x89012100, 0x1e210108, 0x05210508, 0x211e7308, 0x08211e14, 0x1b051e1e, 0xb8257602, 0x945ef0ff, 0xb4c02507, 
    0x4c000e0b, 0x40331183, 0x4d000961, 0x25012570, 0x0c761b32, 0x4d001210, 0x8211180c, 0x10102104, 0x1a820483, 0x2e0c2708, 0x0e08402d, 0x98312d48, 
    0x05790105, 0x4d053d01, 0x050b0205, 0x1e740801, 0x011e4201, 0x1e051e05, 0x012e470f, 0xa582672e, 0x082d7c37, 0x584d000f, 0x282d012d, 0x97137746, 
    0x13560213, 0x7c161301, 0x21778212, 0x19821140, 0x96128628, 0x12770212, 0xa7825601, 0x00450f2c, 0x5d5d333f, 0x32ed2b5d, 0x09825d5d, 0x5ded2b23, 
    0x07955d32, 0x17825e20, 0x10015d27, 0xd6322bd6, 0x05ba602b, 0x06835d20, 0x39391123, 0x0bf25510, 0x5d5d0026, 0xc4101801, 0x32222c82, 0x0c823031, 
    0x82015d21, 0x3237210a, 0x2209446a, 0x6a163233, 0xd2600541, 0x05426a05, 0x22235b08, 0x3727022e, 0x98f7011e, 0x213b2e1b, 0x1d324426, 0x673f6d7c, 
    0x53151f18, 0x24301c37, 0x35281615, 0x374b2d20, 0x2979851e, 0x0b273645, 0x455e171d, 0x212d2068, 0x210d0c18, 0x5b2c3e2d, 0x4f101b66, 0x180c190d, 
    0x261c1925, 0x120c181d, 0x31453224, 0x0f0b625b, 0x0d500611, 0x00820020, 0x00012308, 0x02000010, 0x00b50225, 0x403a0007, 0x017f0924, 0x0002018f, 
    0x03010101, 0x8f047f73, 0x04000204, 0x39520401, 0x03082c06, 0x79060142, 0x3f004100, 0x823fc0fd, 0x5d5e25ee, 0xfd5d5dd6, 0xc6260382, 0x15013031, 
    0x01821123, 0x2502352d, 0x02da61da, 0x9ffd54b5, 0x82546102, 0x0100275e, 0xf1ff5100, 0x5f825f02, 0x5900172a, 0x08162e40, 0x154d000d, 0x03200483, 
    0x02200483, 0x103e0483, 0x1f120f73, 0x12080212, 0x199f19a8, 0x05730701, 0x411118a8, 0x7c0b4106, 0xf8ffb800, 0x3a4f0cb3, 0x0bb42105, 0x46260782, 
    0x2b2b3f00, 0x7c823fed, 0x5dedf626, 0x5d5ef610, 0x2607f943, 0x022e2205, 0x54331135, 0x0983071c, 0x020e2908, 0x64445801, 0x5c611f40, 0x2c3d254a, 
    0x411f6118, 0x492a0f63, 0xb3013a64, 0x5e6858fe, 0x344b3017, 0x4dfea801, 0x2a49643a, 0x0a24a382, 0x86020000, 0x4508a382, 0x40c70012, 0x0111882a, 
    0x67011078, 0x0d37010e, 0x0d870d47, 0x010c7703, 0x87010ab8, 0x09780109, 0x48013801, 0x0fd50201, 0xc6020fe5, 0xb812010f, 0x3040f0ff, 0x4c01120c, 
    0x0c0f120f, 0x05007312, 0x05000014, 0x1184100c, 0x060b0c2a, 0x730c060f, 0x0b14060b, 0xcf200382, 0x05356482, 0x011b1320, 0xffb8054c, 0x1613b5c0, 
    0x06730548, 0x40e0ffb8, 0x2d13831c, 0x060106cf, 0x0b1f0b0f, 0x130b0802, 0x8e534112, 0x42052205, 0x055a4d00, 0xd62fee83, 0x5dd55d5e, 0x2b2bfd2b, 
    0x87c65dd5, 0x6e102b10, 0x2b300707, 0x2b101887, 0xc4107d08, 0x5d002b01, 0x0130315d, 0x08089d6c, 0x030e0125, 0x032e2307, 0x12163327, 0x37123617, 
    0x45268602, 0x5b224142, 0x46434122, 0x68366b25, 0x35683737, 0x536eb502, 0x9e270865, 0x7f80dcfe, 0x829e2501, 0x1c3f08a6, 0x85030000, 0x2000b502, 
    0x24405e01, 0xe8012038, 0x081f0120, 0x384d0012, 0x1878011f, 0x01123701, 0x770112e7, 0x02870109, 0x01018701, 0x1d01009b, 0x40f0ffb8, 0x4d00110a, 
    0xb4011d74, 0x8319011d, 0x5542080e, 0x4c01120c, 0x1914191d, 0x141d1a73, 0x22a01d1a, 0x141a2201, 0x0b011e37, 0x021e1b1e, 0x89011136, 0x11140111, 
    0x14111e01, 0x1e007311, 0x201e0014, 0x14d00114, 0x7b001401, 0x04bb0104, 0x01049901, 0x41831008, 0x0d08042e, 0x04077308, 0x04070714, 0x10010396, 
    0x60205983, 0x36086882, 0x9a011036, 0x10290110, 0x10591049, 0x01101403, 0x100d1003, 0x14030073, 0x70000300, 0x0de0010d, 0x07a00d01, 0x1f070f01, 
    0x07080207, 0x1d421e21, 0x14411a42, 0x8220000d, 0x99240839, 0x00780100, 0x01006601, 0x60010d97, 0x0d44010d, 0x00020d54, 0x1110040d, 0x41084119, 
    0x42044107, 0x3f004203, 0xd6240083, 0x393911c0, 0x22054c41, 0x8233112b, 0x10012b11, 0x5d5d5ed6, 0x715dd519, 0xe949d518, 0x2c1d8205, 0x875d2b71, 
    0x872b1018, 0x2b01c47d, 0x2319825d, 0x715dc510, 0x71201c87, 0x10242d82, 0x5dc618d5, 0x2b231085, 0x562b715d, 0x712008db, 0x6b080c82, 0x0e01715d, 
    0x26230701, 0x1e332702, 0x013e1703, 0x011e3337, 0x37033e17, 0x07020633, 0x01012e23, 0x2b562ad1, 0x23513561, 0x201e0e66, 0x5a281120, 0x5c275427, 
    0x1f201028, 0x24630e1e, 0x2c613451, 0x86d60154, 0x01996ce4, 0x9c4ec854, 0x69398693, 0xfb8686fb, 0x93863869, 0xfec84e9d, 0xe46c99ac, 0x01000000, 
    0x00001700, 0xb5026302, 0x36080782, 0x19a0b3e3, 0xffb81901, 0x0c2c40c0, 0x148a4810, 0x11080301, 0x11864d00, 0x0a131401, 0x12111017, 0x0e10170b, 
    0x0f000b12, 0x050a1309, 0x0f000a13, 0x120c100a, 0x530a4c01, 0x122507d3, 0x40f0ffb8, 0x25128414, 0x73120b12, 0x36820a13, 0x01171325, 0x83000f00, 
    0x83482018, 0x08002518, 0x104d0012, 0x20083684, 0x10171000, 0x14000f73, 0x40000f0f, 0x60175017, 0xa0178017, 0x19170517, 0x0f011990, 0x02192f19, 
    0x06ec420f, 0x4217182d, 0x41124113, 0x410f4110, 0x4b0a420b, 0x6e410862, 0x5dc62407, 0x4ec6105d, 0x2b27076a, 0x0e872b2b, 0x671801c4, 0x01200605, 
    0x0f200f82, 0x63081082, 0x310f0f0f, 0x015d0030, 0x5d2b5d2b, 0x27032e21, 0x2307030e, 0x0337013e, 0x33011b33, 0x17011e03, 0x2a0ff601, 0x19193632, 
    0x0f2b3136, 0x43772d6b, 0xa9ab70de, 0x7844da6f, 0x4f491e2e, 0x4f23234f, 0x581e494f, 0x470160b6, 0x0201fefe, 0xb861bdfe, 0x00000059, 0x00060001, 
    0x02500200, 0x001000b5, 0x0b00b98b, 0x5220fa82, 0x0839e183, 0x0b05080b, 0x140f0c73, 0x100f0f0c, 0x9f0c6f12, 0x030caf0c, 0x0073100c, 0x08f58405, 
    0x0405082c, 0x05010801, 0x14010473, 0x6f010104, 0xaf009f00, 0x0f000300, 0x02041f04, 0x01110408, 0x0c0f0f01, 0x410c4210, 0x4105410b, 0x4e4c4104, 
    0x123f2e07, 0x2f332f39, 0x5ed61001, 0x325dc65d, 0x0ada4387, 0xfd101828, 0x11c65dd6, 0xe0438733, 0x30312706, 0x012e1133, 0xd4823327, 0x2308e082, 
    0x07010e33, 0x7a45fb11, 0x5e267236, 0x275e3132, 0x447a366c, 0xd06b1601, 0x4ea95264, 0x6452a94e, 0xe8fe6acf, 0xcb82ca82, 0x00002124, 0xcb821802, 
    0x4d00152d, 0x110c2a40, 0x01120b12, 0x82070700, 0x732e0806, 0x00140700, 0x080f0007, 0x0802081f, 0x0b131708, 0x13001216, 0x0b411479, 0x09790807, 
    0xfd3f0042, 0xfd3fc532, 0x100133c5, 0xde10c6de, 0x7d685d5e, 0x068c5f05, 0x31c43b08, 0x050e0130, 0x21152107, 0x37053e35, 0x02213521, 0x443d170e, 
    0x193e4548, 0x09fe8601, 0x46413915, 0xfe1b4145, 0x02db019c, 0x59491a68, 0x2d646563, 0x60284153, 0x525e6664, 0x9382531f, 0x47ff6026, 0x0f034101, 
    0x1d347d82, 0x05020d40, 0x077f0309, 0x06870408, 0x00008702, 0xed2fed2f, 0xed2a7282, 0x31c0d610, 0x15331330, 0x03821123, 0x8ae1602a, 0x0f03e18a, 
    0x49cafc49, 0x3a0e3369, 0x01164029, 0xae030003, 0x02140102, 0x04000102, 0x02620302, 0x00640162, 0x823f0064, 0x2f012800, 0x1087c610, 0x827d872b, 
    0x330334af, 0x5d182301, 0x035f5301, 0x0038fc0f, 0xff080001, 0x87e90047, 0x22808283, 0x8d010509, 0xc0d62b83, 0x31edde10, 0x35231730, 0x03821133, 
    0x8383e920, 0x0349b923, 0x82828336, 0x2f37083f, 0x05023b01, 0x0600b502, 0x42406c00, 0x05990589, 0x68053802, 0x03057805, 0x04bb04ab, 0xb402a402, 
    0x01860202, 0x37020196, 0x77016701, 0x034a0301, 0x0402035a, 0x82030504, 0x032908a6, 0x00030606, 0x07030300, 0x037f0402, 0x039f038f, 0x00060303, 
    0xcd5dc52f, 0x33110132, 0x18332f19, 0x2f33112f, 0x32c51019, 0x21058618, 0x155b3031, 0x13013908, 0x27010b07, 0xc2430113, 0x4aa1a14a, 0xfeb502c2, 
    0x1a0126ac, 0x0126e6fe, 0x3a056f47, 0x47fffcff, 0x96fff001, 0x18000300, 0x01010a40, 0x04000005, 0x4b028700, 0x82ed3f00, 0x2c58835c, 0x21073031, 
    0x01042115, 0x6a0cfef4, 0x0523424f, 0x44023d26, 0x0803f900, 0x37223382, 0xd26a02b2, 0x11092c05, 0x004c0012, 0x00030403, 0x56c0ffb8, 0x270806c0, 
    0x000db5c0, 0x0201004d, 0xddcd2f00, 0x01cd2b2b, 0xc519de10, 0x19dd182b, 0x133031c5, 0x79270717, 0x038d2f80, 0x892a9a08, 0x23085482, 0xff2b0002, 
    0x02c001f5, 0x000e0015, 0x40d80035, 0x0a08210b, 0x082c4d00, 0x224d0011, 0xb3e0ffb8, 0x124d0008, 0x40210782, 0x20088217, 0x0815830a, 0x08290324, 
    0x294d0012, 0x0840147f, 0x144c0109, 0x40f8ffb8, 0x4d000a11, 0x09083814, 0xaa144c00, 0x01371f37, 0x8a823332, 0x0a0e4029, 0x334c000c, 0x841f820c, 
    0xb81f2328, 0x9d83e8ff, 0xf0220782, 0x5d821a40, 0x09501f25, 0x824c000a, 0x4d002d1c, 0x2429361f, 0x40070488, 0x074d0112, 0x0a213983, 0x20088208, 
    0x84d78340, 0x0812370e, 0x07074d00, 0x8800030f, 0x32511a15, 0x0f33882f, 0x333f0050, 0x038332ed, 0x2f391223, 0x8200822b, 0x1001220d, 0x280882d6, 
    0xc4ed2b2b, 0x105d322b, 0x220b82f6, 0x4ec02bfd, 0x012706a3, 0x3632252b, 0x552e3537, 0x16250686, 0x021e3213, 0x0fa55515, 0x34357b08, 0x2223022e, 
    0x3e270706, 0x21000101, 0x2d0a1133, 0x272f1520, 0x382f401a, 0x0c142f4d, 0x1f3f362b, 0x1e364a2c, 0x2c503c23, 0x141b1e0e, 0x2d1a0a04, 0x11452e24, 
    0x4354120b, 0x059b0403, 0x21130607, 0x0127321b, 0x49351dd2, 0x02bbfe2c, 0x12050607, 0x2b2d4027, 0x0312263e, 0x1a010405, 0x15232d17, 0x084d070d, 
    0x0000000f, 0xff500002, 0x031a02f4, 0x00120008, 0xb5880021, 0x534c201b, 0x40e02205, 0x2c08822b, 0x000e0819, 0x0882194d, 0x4d001210, 0x280b8308, 
    0x0d0b1008, 0xab084c00, 0x2a2d8223, 0x22aa107f, 0x16134e12, 0x450d1088, 0x088207f2, 0x82b5f021, 0x510d2e32, 0xe0ffb821, 0x001211b7, 0x881e214c, 
    0x210b8200, 0x1b420c40, 0x21448305, 0xbb665003, 0x3f2b3a06, 0xed332b2b, 0x10013f32, 0x3232edf6, 0x2b2bf610, 0x312bed2b, 0x2b2b0030, 0x083a5f13, 
    0x22230227, 0x37112726, 0x05285511, 0x08061741, 0x4511ad42, 0x3c57382d, 0x6044251f, 0x2064413c, 0x26330e5d, 0x24105a4b, 0x40262839, 0x0bf10111, 
    0x64482818, 0x46653f3c, 0x02091226, 0x49fd10e9, 0x5b630704, 0x1d334628, 0x01000e1a, 0xf4ff3300, 0x1502bd01, 0xb723ed82, 0x4f1700b9, 0x122105b1, 
    0x200785b8, 0x20078607, 0x08078203, 0x0d0a4020, 0x08024d00, 0x0d4d0010, 0xc0ffb81d, 0x160c1040, 0x3f231d48, 0x02234f23, 0x160f4023, 0xf4821448, 
    0x820c4021, 0x82142823, 0x09084005, 0x83054c01, 0x0e232334, 0x0e834d00, 0x054c0027, 0x110e22ab, 0x281f8208, 0x000c1011, 0x0d88114d, 0x23fb830a, 
    0x191c500a, 0xb3203882, 0x07821782, 0x82b6f021, 0x8819231a, 0x1282001d, 0x000eb42a, 0x0051004d, 0xed322b3f, 0x8305e157, 0x05ec5006, 0x5d270982, 
    0xc62bd610, 0x832b3031, 0x57052000, 0xfb4b08d0, 0x66062006, 0xb25a05ae, 0x32480805, 0x20415f3f, 0x395d4023, 0x15204623, 0x4e1f3715, 0x40291353, 
    0x113c252e, 0x261e080d, 0x48280c2b, 0x643c3c63, 0x0d0c2949, 0x620c0a4f, 0x32462a5e, 0x4e080e1b, 0x05070905, 0x33000200, 0xfd01f4ff, 0x0e000803, 
    0xad002100, 0x23081d41, 0xd8ffb80a, 0x0782b083, 0x0bb4f823, 0x24da820c, 0x40e0ffb8, 0x23c28216, 0x107f210e, 0x0583fb84, 0x104c002a, 0xb80823aa, 
    0x0c40f0ff, 0x0822ca82, 0x19841982, 0xb424e583, 0x4c001211, 0x40240883, 0x4d000e0d, 0x0e821783, 0x8222ab21, 0x052342f5, 0x88030023, 0x20528321, 
    0x05304209, 0x0b0e5022, 0x0a354583, 0x0b4d0012, 0x51141188, 0x3f004e10, 0x2bed333f, 0x2b333f32, 0x0af058ed, 0x2bf61025, 0x41c0fd2b, 0x01200514, 
    0x26085043, 0x37363233, 0x5f113711, 0x3d080bdc, 0xa0011716, 0x28264011, 0x5a102439, 0x0e33264b, 0x4164205d, 0x2544603c, 0x38573c1f, 0x0111452d, 
    0x1d1a0e9a, 0x5b284633, 0x02040763, 0x07fd10a7, 0x46261209, 0x643c3f65, 0x0b182848, 0x17410000, 0x02f92b06, 0x001a0015, 0xb9ec0023, 0x2d422100, 
    0x20d18305, 0x062e43b3, 0x0e200783, 0x20062741, 0x28bd8307, 0x4d000809, 0x000f1018, 0x2b0d824d, 0x100fb4c0, 0xb8064c00, 0x1540f8ff, 0x12311182, 
    0x136f135f, 0x821b1302, 0x4f25ab08, 0x02256f25, 0x25198223, 0x4d000eb5, 0x2d5a8223, 0x00822709, 0x01090840, 0x1a82004c, 0x1a82b320, 0xf0230782, 
    0x6d0c0e40, 0xab2308ca, 0x840f1224, 0x000d3666, 0x16880f4d, 0xb80b8723, 0x0940c0ff, 0x4c001413, 0x13050b0b, 0x26368216, 0x000e1340, 0x5351164d, 
    0x278206c1, 0x05881e34, 0xed3f0050, 0x2b3f2b2b, 0x2f391233, 0xed10ed2b, 0x4e53322b, 0x2bed2e08, 0xedf6105d, 0x31325dc4, 0x2b2b0030, 0x052f672b, 
    0x29051851, 0x011c1516, 0x011e2107, 0x35613233, 0x254a0808, 0x22232636, 0x3307020e, 0x2d564228, 0xfe017069, 0x5752069c, 0x0d114331, 0x44365511, 
    0x011f4063, 0x39410165, 0x13223120, 0x45030103, 0x83224467, 0x08130686, 0x08115451, 0x2914094e, 0x3f6e6348, 0x34281951, 0x0100001b, 0x04825000, 
    0x038b2908, 0x00130008, 0x04214044, 0x07080113, 0x030c0112, 0x7f0e0a15, 0x0f14aa10, 0x0b870d4a, 0x08070449, 0x4c00100f, 0x00038807, 0xb425d782, 
    0x004d0011, 0x0528434f, 0xc2573220, 0x10322306, 0xb782c6d6, 0x5d5e5d23, 0x07104f01, 0x1d062a08, 0x23153301, 0x34112311, 0x291b0136, 0x0c110c3b, 
    0x3441202c, 0x625dc8c8, 0x050c0803, 0x470b0650, 0xfe4e2d3c, 0x64370246, 0x06e3416d, 0xf2014434, 0x1e001302, 0xea002d00, 0xff2800b9, 0x000db3e0, 
    0x1144274d, 0x41232006, 0x122006db, 0x10220f83, 0x07824d00, 0x08b3e825, 0x860b4d00, 0x820a201f, 0x19402107, 0x00223082, 0x13432d1e, 0x182f230e, 
    0xb6822517, 0x000eb323, 0x2207824d, 0x840cb3f0, 0x40f82307, 0x08820b0c, 0x40088227, 0x4c010908, 0x233e8208, 0x001211b4, 0xe8280883, 0x000e1540, 
    0x0940084d, 0x48200482, 0x08276282, 0x1b182eab, 0x82141788, 0x21402f22, 0x4c000f0e, 0x221f5214, 0x500d1088, 0x3183202d, 0x882a2d23, 0x2f088400, 
    0x01030f00, 0x2f000308, 0x2b335d5e, 0x3f2b32ed, 0x20051f6e, 0x07e141ed, 0x2bed2b2d, 0x32c42b2b, 0x2b2bf610, 0x6732c4fd, 0x25200880, 0x260d2843, 
    0x23061411, 0x5a272622, 0x03200697, 0x08089b7a, 0x3632334d, 0x0c960137, 0x532f2e45, 0x4122243e, 0x61413b5e, 0x317e7c21, 0x1c112057, 0x49532c51, 
    0x282f0e01, 0x2717514b, 0x3e251b33, 0x19083412, 0x415e3f1e, 0x27455f39, 0x30fe0813, 0x0b106c78, 0x42110b51, 0x04980148, 0x2d516207, 0x82142a40, 
    0x000021e0, 0x2c06fb41, 0x000803f4, 0xb96e0019, 0xf0ff0900, 0x24ee82b6, 0x0901104b, 0x06946ab8, 0x08820820, 0x102c402c, 0x7f0d4d00, 0x0908400b, 
    0x05834c01, 0x0b4c003c, 0x1b7f1baa, 0x4f021bef, 0x021bbf1b, 0x007f1802, 0x4a191aaa, 0x13184a0c, 0x30820688, 0x000fb62d, 0x0250064d, 0x3f3f004e, 
    0x4f32ed2b, 0x322205f9, 0xf883715d, 0x3031ed2b, 0x5d2b2b00, 0x11332b01, 0x06f85e37, 0x11153d08, 0x2e341123, 0x0e222302, 0x50110702, 0x1d3b1a5d, 
    0x1431523e, 0x321e0d5d, 0x1d200f25, 0xf8020517, 0x0af6fe10, 0x583f230b, 0x01dcfe35, 0x2a443010, 0x06050413, 0x0050fe02, 0x42000200, 0x2a08c582, 
    0x00e002ba, 0x000f0003, 0x00104033, 0x02111011, 0x0daa1108, 0x01077f03, 0xb80410aa, 0x0b40c0ff, 0x0448120c, 0x02530a89, 0x824a0049, 0xed3f3491, 
    0xf610012b, 0xe632fd32, 0x30315d5e, 0x33112333, 0x7e262227, 0x152a05ba, 0x5dad0614, 0x23192f5d, 0x03821923, 0x5e080226, 0x211c1c21, 0x64820383, 
    0xff020026, 0x0045ffbc, 0x28086b83, 0x001b000f, 0x0e00b94f, 0x09b4e8ff, 0x0e4c000a, 0x40d8ffb8, 0x4d000814, 0x1d101d00, 0xaa1d0802, 0x137f0c19, 
    0x1caa0a03, 0x207d8310, 0x2b7d820f, 0x53168910, 0x0704490b, 0x52000388, 0x85056956, 0x33c42184, 0x2b228586, 0xf241072b, 0x33112509, 0x13061411, 
    0x052c938a, 0x0c0d260c, 0x300b1a0a, 0x2c5b5d29, 0xbb2e9c86, 0x034c0506, 0x01393b04, 0x6402feff, 0xa5840361, 0x2008a985, 0x00500001, 0x03fc0100, 
    0x001a0008, 0x151540ff, 0x4d001508, 0x00101809, 0x1808064d, 0x100b4d00, 0x0532430f, 0x0c184022, 0x10250882, 0x0a4d000b, 0x21048208, 0x1c821009, 
    0x3f710820, 0x19b32107, 0xb8282e82, 0x14b4e0ff, 0x064c0118, 0x08240883, 0x15064d01, 0xb3230882, 0x824d011b, 0x40f02907, 0x0115141b, 0x0e08154c, 
    0x2020f682, 0x00221382, 0x2a821620, 0x83100021, 0x82002015, 0x1b402127, 0x152d6782, 0x7f001600, 0x10141510, 0x16100015, 0x21428210, 0x05830516, 
    0x1f820520, 0x0012b323, 0x0807824d, 0x2240c026, 0x0548100d, 0x7f0c101c, 0x161baa0e, 0x0b101049, 0x104c000c, 0x49150610, 0x4a0d4e0f, 0x4a064a0c, 
    0x3f004a05, 0x122f0084, 0x3f2b2f39, 0xfdf61001, 0x2bd610c0, 0x4dc62b2b, 0x2b230575, 0x45c47d87, 0x2b230529, 0x482b322b, 0x1d8205bb, 0x55053e45, 
    0x5108073f, 0x37112315, 0x37033e11, 0x01030e33, 0x41431e0c, 0x156d143a, 0x1c3e3c37, 0x3a185d5d, 0x6d123238, 0x3b3a3617, 0x44171e01, 0x2323514f, 
    0x13384349, 0x10f802fa, 0x3a1826fe, 0x1915373c, 0x003d3d3c, 0xff4e0001, 0x03f900f6, 0x000b0008, 0x0113403d, 0xf6820c20, 0x08102108, 0x014c0112, 
    0x000b0820, 0xb80b0d4c, 0x1040c0ff, 0x0b480c08, 0x037f0580, 0x4e050caa, 0x5100880b, 0x2806de5c, 0x2bde1afd, 0x003031c6, 0x23a7822b, 0x35012e17, 
    0x14398b82, 0xec17021e, 0x085d4856, 0x0a161e12, 0x024a4602, 0x8ffd1070, 0x09121e17, 0x05934303, 0x02130335, 0x012d0013, 0x23114021, 0x4d000d20, 
    0x1211101a, 0x83154c00, 0xb80e220a, 0x05a975ff, 0xe0240882, 0x4d0010b3, 0xd0210782, 0x064f6eb3, 0x2683b420, 0xffb80d23, 0x821883e8, 0x86d82007, 
    0xb3e02518, 0x0c4d0008, 0x40213982, 0x2b318214, 0x00121009, 0x1108094d, 0x10084d00, 0x4c210a82, 0x06d65606, 0xffb80523, 0x824184e0, 0x82418408, 
    0x205a8407, 0x20518604, 0x24e5822f, 0x010908b4, 0x0808834c, 0x09374038, 0xaa2f4d00, 0x40107f12, 0x0f4d001c, 0x06100110, 0x4f1b7f20, 0x1e0f011e, 
    0x2b1e0801, 0x2eaa2d7f, 0x4a1f4a2c, 0x262b4a11, 0x10101b26, 0x181b4d00, 0x03000b88, 0x86820603, 0x8e82b420, 0x820b0621, 0x09b52576, 0x0b4c000a, 
    0x28058d4a, 0x10332f33, 0x322b32ed, 0x05b9512f, 0xdcedf62d, 0x32715d5e, 0x5ddc39fd, 0x41e6ed2b, 0x59180bd9, 0x08820838, 0x013e1326, 0x17163233, 
    0x4406c665, 0x06230749, 0x44011e07, 0x40080c56, 0x69205023, 0x17443245, 0x362c1e07, 0x2b4c3c1f, 0x19095d0f, 0x3d2f222b, 0x5d08080b, 0x212b190a, 
    0x181d200e, 0xf9015d04, 0x1a1b1208, 0x0d111205, 0x34584023, 0x1001dcfe, 0x152c422e, 0x3e1a0a19, 0x240c8722, 0x01040302, 0x064b4efe, 0x00005031, 
    0x1302f401, 0x6e001700, 0xff0600b9, 0x820e40f0, 0x080e26d6, 0x0d4d000d, 0x83048220, 0x82b320e8, 0x0a5e41f7, 0x1f40e822, 0x0a211082, 0x06bd4f7f, 
    0xbf19aa31, 0x7f150119, 0x1618aa17, 0x154a094a, 0x70008810, 0x0024050c, 0x0050034d, 0x22055e74, 0x5510013f, 0x2b210e35, 0x089b4b01, 0x820b3845, 
    0x456a21e1, 0x840d3845, 0x0b3645cf, 0x0231bc88, 0xf3ff3300, 0x15021b02, 0x1f001300, 0x00b98100, 0x055f4a1f, 0xffb81b25, 0x821b40d8, 0x281921bb, 
    0x15200482, 0x142d0483, 0x4d000e10, 0xab008214, 0x01217f21, 0x07604b1a, 0x0a821a27, 0x01090840, 0x2b05834c, 0xab0a4c00, 0x12081720, 0x08174d00, 
    0x17242b82, 0x1d500f88, 0x8306a25c, 0x82b62007, 0x881d2313, 0xf7485105, 0x2bed2205, 0x21d1822b, 0xeb482b2b, 0x07ae4305, 0x14700120, 0x3233250a, 
    0x3407021e, 0x09614018, 0x241b0229, 0x35355a41, 0x8724415a, 0x4f612407, 0x834f4444, 0x04012b03, 0x2748643e, 0x3e644827, 0x0783653d, 0x583d6525, 
    0x82586767, 0x82002003, 0x00023200, 0x0247ff50, 0x0013021a, 0x0021000e, 0x0d58407a, 0x21d38210, 0x0482200c, 0x82180221, 0x300221ac, 0x00270982, 
    0x4d001110, 0x820e1800, 0x0f7f2704, 0x4d001308, 0x1a82100f, 0xc7830f20, 0x100f2008, 0x4c000c0b, 0x0623ab0f, 0xaa197f17, 0x88030622, 0x18501d1a, 
    0x1120074b, 0x074c0012, 0x8417880a, 0x14172108, 0xed47d882, 0x333f2305, 0xdb8232ed, 0x1032ed22, 0x4707e565, 0x012005e2, 0x0721cc84, 0x05576811, 
    0xea843720, 0x15272623, 0x06fe4623, 0x5ab90126, 0x0e2f2a4b, 0x20061d4b, 0x06114b61, 0x215d2c08, 0x603c4163, 0x03012544, 0x0406625b, 0x1a0eb8fe, 
    0x2845331d, 0x2848643b, 0x02d00b18, 0x261308b1, 0x00006546, 0xff330002, 0x86fd0147, 0xb9b923e3, 0x174b1100, 0xb80d2105, 0x82055a78, 0xb3e02107, 
    0x0320e682, 0x40210f82, 0x29088217, 0x7f081919, 0x09084017, 0x05834c01, 0x174c0030, 0xb80023aa, 0x0c40f8ff, 0x004d000e, 0x19840f82, 0x4fb80f21, 
    0x0782059c, 0x1440f022, 0x16831882, 0x0f4c0025, 0x840822ab, 0x050821f2, 0x26204d83, 0x05224d82, 0x11841a88, 0x511d1a2c, 0x0c094b18, 0x4d001110, 
    0x3082080c, 0x0b100c2a, 0x0c4c000d, 0x50141788, 0x27052e65, 0x3f3f322b, 0x2bed2b33, 0x220e3a4c, 0x412f32ed, 0x13300522, 0x33021e14, 0x11373632, 
    0x2223012e, 0x3e340706, 0x16250d82, 0x35231117, 0x220f820e, 0x4e94022e, 0x0e2d0658, 0x5a4b2a2f, 0x60442561, 0x2163413c, 0x06814e5d, 0x2803013c, 
    0x1a1d3345, 0x0448010e, 0x3f5b6206, 0x13264665, 0xd04ffd08, 0x4828180b, 0xe3480064, 0x02783908, 0x00110013, 0x06124025, 0x7f0c1305, 0x0d12aa0e, 
    0x09060c4a, 0x00050f88, 0x3223a282, 0x4f32ed32, 0x10280503, 0x303132c6, 0x021e3201, 0x0805d259, 0x11070628, 0x013e1123, 0x1f0c1001, 0x1006191e, 
    0x1a28330b, 0x215d0833, 0x03130262, 0x51020505, 0x020b0b04, 0xf2014bfe, 0x6784150c, 0xf4ff283e, 0x15029701, 0x3a012d00, 0xff2500b9, 0x0009b3d8, 
    0xffb8254d, 0x081340c8, 0x300c4d00, 0x0c210d82, 0x39098240, 0x00121809, 0xffb82b4d, 0x130f40f0, 0x18264d00, 0x4c000c0a, 0x000e0825, 0x3543224d, 
    0x21078206, 0x7251b3e0, 0x40f82805, 0x4d000f09, 0x82140821, 0x06d34104, 0xf2692120, 0xb80d2506, 0x0bb4e8ff, 0x08823b82, 0x0e40e027, 0x094d000a, 
    0x21348210, 0x09821808, 0x49820620, 0x13424026, 0x08064d00, 0x06276b82, 0x00100f08, 0x8208054c, 0x10052149, 0x28083183, 0x1e210508, 0x7f211e08, 
    0x05140805, 0x1e052108, 0x7f031a05, 0x1301139f, 0x3f2fab24, 0x7f1a012f, 0x1e2e2a0b, 0x4d001508, 0x2646821e, 0x4d0010b6, 0x830e1e05, 0x82b320af, 
    0x22078212, 0x821440f8, 0x002b2b8e, 0x51272a88, 0x13881714, 0x6882080e, 0xb0440e20, 0xed333407, 0x122b2b32, 0x2b2b3939, 0xd6de1001, 0xf6105ded, 
    0x5bed5dc4, 0x31200f54, 0x45092d60, 0xc54709cc, 0x32372c05, 0x26343536, 0x35032e27, 0x41333634, 0x45180988, 0x1c4b099d, 0xc94d0806, 0x3e363739, 
    0x1828371e, 0x2c165866, 0x11081d26, 0x272d400f, 0x281b0d3a, 0x293a251c, 0x45636b16, 0x10110e4e, 0x211e4346, 0x0c192822, 0x23302219, 0x07055145, 
    0x08500308, 0x11211f11, 0x0a12151a, 0x33241b0e, 0x174a4825, 0x18065006, 0x08008200, 0x4a000158, 0x8001f5ff, 0x1700a902, 0x0f405e00, 0x192f191f, 
    0x1303193f, 0x4d000820, 0xb80d020c, 0x1040c0ff, 0x0d48180d, 0x01194f19, 0x157f1703, 0x090c18aa, 0x40f8ffb8, 0x00121119, 0x0d88094c, 0x0b0a0810, 
    0x10104c00, 0x104d0009, 0x87021751, 0x3f004900, 0x2b3fcded, 0xe24d332b, 0x32ed2f05, 0x2bd6105d, 0x303133c6, 0x33135d2b, 0x30502315, 0x012e0809, 
    0x022e2223, 0xa7371135, 0x180cc5c5, 0x332a1824, 0x460e120a, 0x2a45352d, 0x08025d11, 0x3327f04e, 0x04130c1d, 0x1b15074d, 0x01344f36, 0xaa8210d0, 
    0xab850020, 0x0802ee2a, 0x50001500, 0x18062140, 0x3108a482, 0x13010c54, 0x1f150f7f, 0x15080215, 0x17bf17aa, 0x087f0a01, 0x491416aa, 0x0e134909, 
    0x40f0ffb8, 0x000e0d0f, 0x00880e4c, 0x100f1003, 0x51034c00, 0x9a843f00, 0x220e975b, 0x4c2b015d, 0x995b078f, 0x37280808, 0xee013311, 0x3c456920, 
    0x5d163252, 0x200f473c, 0x5d05171c, 0x2312080f, 0x01355740, 0x5ff0fe24, 0x03030252, 0x00b70102, 0x9e829782, 0x82e60121, 0x00122597, 0x080fb6bb, 
    0x0b256983, 0x40f8ffb8, 0x2a09830f, 0x000a0806, 0x0910064d, 0x82014d00, 0x09b72f13, 0x904c000a, 0xb80d010d, 0x3cb3c0ff, 0x07844842, 0x832d2621, 
    0x40e03907, 0x4816134a, 0x080d120d, 0x03007f12, 0x03000014, 0x0407080d, 0x7f08040d, 0x2805565a, 0xaf009f14, 0x00000200, 0x2c048210, 0x049f7f03, 
    0x000204af, 0x02041004, 0x063e5a04, 0x4912132c, 0x49074908, 0x4a034a04, 0x3d4a4900, 0x10012806, 0xd55d5ed6, 0x82fd5d5d, 0x0b8d5b03, 0x5b188721, 
    0x0026058b, 0x722b2b2b, 0x84423031, 0x06012205, 0x09e45902, 0x37032908, 0x6927e601, 0x69315431, 0x210c6427, 0x11112625, 0x0c212526, 0xfe920802, 
    0x016a6af4, 0x6f31920c, 0x2828666d, 0x316f6d66, 0x1224ff82, 0xf7020000, 0x2436ff82, 0x0940ca03, 0x1d012640, 0x4d001008, 0xf0ffb816, 0x4d0110b3, 
    0xeb63b815, 0x830b2005, 0x00172307, 0x0f86054d, 0xf0230782, 0x82111340, 0x08282510, 0x08014d00, 0x23250982, 0x4d000f18, 0x21378219, 0x40820940, 
    0x0d830820, 0x0d822420, 0x0109b323, 0x2407834d, 0x001513b4, 0x2308824c, 0x0e0db4e8, 0x402a0885, 0x4d00090a, 0x34012440, 0x17820124, 0x26b3c024, 
    0x0782482a, 0x0e40e02f, 0x72482520, 0x24400124, 0x24602450, 0x36128403, 0x4817130f, 0x201b2024, 0x1424217f, 0x21262421, 0xb3c0ffb8, 0x834d010e, 
    0x0eb52a07, 0x1b214d00, 0xe8ffb800, 0x821182b3, 0x40f02807, 0x4d010d4a, 0x820a2000, 0x83102004, 0x20002174, 0x00259882, 0x4d000a10, 0x3eee825b, 
    0x482b2820, 0xeb0100fd, 0x00d90100, 0x0100bb01, 0x8b01009a, 0x007d0100, 0x6f005f01, 0x834a0200, 0x00cb2a13, 0x160300db, 0x4d011210, 0x22c08216, 
    0x820f0e40, 0x82282008, 0x1816225c, 0x2012860d, 0x295c820f, 0x17162016, 0x10164c00, 0x26830015, 0x14b3f822, 0xf0230784, 0x82130940, 0x12182108, 
    0x0e200d86, 0x16217b82, 0x82a38220, 0x2012863c, 0x08898286, 0x0116363a, 0xf6011604, 0x16e40116, 0xb7169701, 0x16760216, 0x01166401, 0x46011652, 
    0x16f90116, 0x0116b601, 0x161b1600, 0x1400037f, 0x1b3f0003, 0x7f021b4f, 0x021bef1b, 0x0807031b, 0x07258882, 0x4d010918, 0x21dc8407, 0x5b821007, 
    0x0d180724, 0x14824d00, 0x4d002c08, 0x3b01074f, 0x40070107, 0x07482a26, 0x48252020, 0x4f01077d, 0x6f075f07, 0x20070307, 0x07481713, 0x7f0b100b, 
    0x0a14070a, 0x4106070a, 0x07820631, 0x0940f822, 0x06214f82, 0x07424d18, 0x00161523, 0x2316824c, 0x1412b4f0, 0xe0210884, 0x826382b3, 0xb6e82110, 
    0x54226682, 0x0a820106, 0x1240e033, 0xd6482b27, 0x06840106, 0x01067601, 0x06640644, 0x20168402, 0x26658213, 0x01121015, 0x8210154d, 0x081522a8, 
    0x2409820d, 0xb3f0ffb8, 0x2207840a, 0x82a640e0, 0x18152764, 0x154d0016, 0x04821520, 0x82131021, 0x20152162, 0x153c5f82, 0x4d000920, 0x0b011536, 
    0x15f90115, 0xc415b401, 0x15960215, 0x01156701, 0x4a011556, 0x34081384, 0x15db15cb, 0xb90315eb, 0x15060115, 0x037f1510, 0x06031406, 0x034f033f, 
    0x03bf035f, 0x7f0503cf, 0xef038f03, 0x40030303, 0x0210d010, 0x10f01060, 0x0a401002, 0x064e6e01, 0x24252e08, 0x2049214a, 0x1b491649, 0x01102410, 
    0x10741064, 0x01032b02, 0x8d01039c, 0x036b0103, 0x1002037b, 0x49150603, 0x490a490b, 0x4a064a07, 0x09c04d00, 0x5d5d3929, 0x715d715d, 0x5c3f3311, 
    0x7120072d, 0x5d059c5d, 0x5d210981, 0x21008471, 0x18467272, 0x832b2009, 0x872b2011, 0x08bb5d10, 0x2b717123, 0x2026872b, 0x0cc45d18, 0x4d824292, 
    0x1c825986, 0x19264b87, 0x2b2bd510, 0xeb5dc618, 0x534f8906, 0x38820b7f, 0x72217121, 0xf65d05fd, 0x37032408, 0x5d031e33, 0x480807f6, 0x3f1cf901, 
    0x1c3e1a1a, 0x27582e51, 0x1f1c0a64, 0x21110f22, 0x4d0a1b1e, 0x211e1a09, 0x20210f11, 0x27600a1c, 0xb9482e58, 0x48b96464, 0x99080167, 0x666e6e2f, 
    0x6b692f26, 0x672d2d67, 0x262f696b, 0x2f6e6e66, 0x67f8fe99, 0x08008200, 0x10000131, 0xed010000, 0x17000802, 0x2440a900, 0x14011446, 0x17100a13, 
    0x100b1211, 0x010e4917, 0x0f0b120e, 0x0a130900, 0x0f0a1305, 0x0c100a00, 0x5d4c0112, 0x7f200de2, 0x2707e25d, 0xb800000f, 0x3040f0ff, 0xdd5d2283, 
    0x0f7f2809, 0x0f0f1400, 0x5d191700, 0x4a2b09ca, 0x49124913, 0x490f4910, 0x410a4a0b, 0x3f2009a9, 0x20052962, 0x07875bc6, 0xc65d0120, 0x870f2b10, 
    0x010fc40e, 0x710f0f71, 0xc15d3031, 0x273d080a, 0x33371733, 0x17011e07, 0x200b8701, 0x13132826, 0x0b202528, 0x30612360, 0x7d7c69ac, 0x6530a863, 
    0x39361623, 0x39191938, 0x44153639, 0xb6f7408d, 0x9141f1b6, 0x00010045, 0x0144ff02, 0x28f782df, 0xb9f50020, 0xf8ff1900, 0x05fe44b3, 0x0eb6e836, 
    0x18044d00, 0xffb81501, 0x0d8840f8, 0x0f074d00, 0x10080701, 0x20080782, 0x4d000f10, 0x05010709, 0x4d000d08, 0x16092000, 0x17131415, 0x17121013, 
    0x17051213, 0x137f1205, 0x280f8217, 0x11401322, 0x134c0012, 0x27238240, 0x000c0813, 0x0940134d, 0x3f080482, 0x0a0f0d0c, 0x0607080f, 0x26200609, 
    0x20064d01, 0x06482a27, 0x7f0a0f0a, 0x09140609, 0x0f0f0506, 0x02091f09, 0xd0210908, 0xf00fe00f, 0x060f030f, 0x00120305, 0x1b208803, 0x12491352, 
    0x09490a49, 0x2f065246, 0x1232ed33, 0x01713917, 0x5d5ed610, 0x8732c519, 0x22066975, 0x6d0e872b, 0x19220758, 0x00822bd5, 0x5ec61821, 0x10200920, 
    0x2b05157d, 0x1801c4c4, 0x3132c610, 0x2b5d2b30, 0x04820282, 0xdb551720, 0x0a586005, 0x02064808, 0x23030e07, 0x27022e22, 0x11230b13, 0x3f193e37, 
    0x0b64246d, 0x182c261f, 0x60193826, 0x14335824, 0x2941342b, 0x1317180b, 0x09056104, 0x01783731, 0x682d8a0d, 0x69336e6e, 0xfe936dce, 0x412d76f1, 
    0x0503142a, 0x82000206, 0x01440800, 0x00002400, 0x0802b101, 0x41001100, 0x0e052540, 0x007f0e09, 0x05001405, 0x1f060f00, 0x13060206, 0x08011300, 
    0x0e12090f, 0x10870f00, 0x06050949, 0x004a0787, 0xc5c1fd3f, 0xc1c5fd3f, 0xc6de1001, 0xde105d5e, 0x24064b5e, 0x0e013031, 0x05435e03, 0x37035d08, 
    0x01213521, 0x4f4515a9, 0x1e011e4f, 0x461873fe, 0xfe1b494d, 0x017701ff, 0x665417c2, 0x3e4e3370, 0x5d696a2c, 0x01004e20, 0x47ff2800, 0x0f034501, 
    0x5a002800, 0x20090b40, 0x01080901, 0x111b0d08, 0xf0ffb817, 0x0d082840, 0x897f1748, 0x02289928, 0x28722862, 0xa0062802, 0x10220122, 0x223b1582, 
    0x00882829, 0x0b141400, 0x0d1d881b, 0x2f000b88, 0x12ed2fed, 0x332f1939, 0x82ed2f18, 0x2b240896, 0x5dce325d, 0x322bfd5d, 0x303132ce, 0x135d5d5e, 
    0x3d023e32, 0x023e3401, 0x2215013b, 0x14011d06, 0x011e0706, 0x16250682, 0x22231533, 0x081a832e, 0x23022e49, 0x17221828, 0x492c120b, 0x31390436, 
    0x23202023, 0x36043931, 0x0b122c49, 0x01182217, 0x231b114f, 0x4029b412, 0x2949172b, 0x48429a3a, 0x42481414, 0x49293a9a, 0x29402c16, 0x1b2312b4, 
    0x00000011, 0xff600001, 0x82b70047, 0x000330cb, 0xae01b714, 0x04050303, 0x2f000002, 0x6811012f, 0x132b05d5, 0x60231133, 0x0f035757, 0x820038fc, 
    0x00012200, 0x20fb8208, 0x26fb8425, 0x6724405e, 0x82060120, 0x23fe8202, 0x10170d1b, 0x1036e483, 0x0086227f, 0x6d020096, 0x02007d00, 0x0105af00, 
    0xf0ffb805, 0xfe821240, 0x002a0525, 0x9a282888, 0x20fd82fe, 0x24fe8933, 0x0e22015d, 0x2dee8202, 0x012b020e, 0x3d363235, 0x37363401, 0x0682012e, 
    0x35232625, 0x831e3233, 0x021e241a, 0x41250133, 0x07201a00, 0x21060041, 0x0041162c, 0x2b17210d, 0x08080041, 0x2a000160, 0x0802d900, 0x21007e01, 
    0x3a405800, 0x090118a6, 0x08790114, 0xa9020889, 0x03040107, 0xaf210801, 0x00700050, 0x04030090, 0x24001400, 0x10000300, 0x191109af, 0x03112911, 
    0x00221111, 0x0baf1621, 0xaf1c1011, 0x2f000b05, 0x32c4eddc, 0x32c4fd10, 0x2f331101, 0x5dd4ed5d, 0x3031ed5d, 0x00835d5e, 0x030e0126, 0x27262223, 
    0x2505525a, 0x033e2707, 0x98773233, 0x02373607, 0x20110408, 0x331e2331, 0x1c321b17, 0x0a101610, 0x12044004, 0x30108c1f, 0x30146501, 0x0e181d2b, 
    0x170f1f10, 0x13120d1b, 0x3a0c8931, 0x2d000100, 0x2702f3ff, 0x3300c202, 0x7940c500, 0x58012799, 0x191a0126, 0x82191011, 0x2e440801, 0x22210607, 
    0x472a3335, 0x181b011b, 0x15a70f12, 0x317f1501, 0xa600282b, 0x2e98012e, 0x162e0601, 0x862e462e, 0x342e042e, 0x21ab219b, 0x881e2102, 0x0f000025, 
    0x850f0801, 0x11313111, 0x2b28281b, 0x111a8518, 0x27080182, 0x9b228b03, 0x97220222, 0x51250125, 0x07940784, 0x880a0702, 0x84010693, 0x98060106, 
    0x030f0103, 0x00540301, 0x335d5d3f, 0x3222f282, 0x07823f5d, 0x3939122c, 0xed102f2f, 0x332f3332, 0x08823311, 0x325d5e22, 0x5d270d82, 0x5ddc1001, 
    0x82325d5d, 0x84ed2000, 0xce5d2705, 0x32d61032, 0x2e8432c6, 0x2a821120, 0x5d303123, 0x0603535d, 0x2d410720, 0x07332806, 0x15140623, 0x8217011c, 
    0x05554408, 0x0e177808, 0x26222301, 0x33352327, 0x3c353426, 0x35233701, 0x6a881789, 0x141d3a2c, 0x261e3918, 0x071a2939, 0x01e50ee9, 0xbb0ed101, 
    0x2a435911, 0x1114183d, 0x80753354, 0x01525a13, 0xd8015201, 0x090b7575, 0x160b0950, 0x48233928, 0x0d0e1a0d, 0x59480b18, 0x4f0b1046, 0x717f1409, 
    0x0d180b48, 0x480d1a0e, 0x01000000, 0x82ff2100, 0x7200af00, 0x34000d00, 0xff0600b9, 0x181a40e0, 0x28130f4c, 0x06200610, 0x2f000602, 0x154c185d, 
    0x1c450810, 0x010e0701, 0x013e2707, 0x27263435, 0x260401af, 0x1515481b, 0x0b720101, 0x66340a15, 0x5a2c172c, 0x0b170a27, 0xbcff0100, 0x8b0145ff, 
    0x1e000803, 0x0b405f00, 0x0009101e, 0x08281e4d, 0xb8114d00, 0x08b4e0ff, 0x06c1590a, 0x00122425, 0x8220104d, 0x14153416, 0x2003041c, 0x7f0f0a0c, 
    0x18151f1c, 0x52121488, 0x570c870e, 0x4f20058c, 0x20058c57, 0x05b951ed, 0x32fdde2a, 0x32c6c6dc, 0x3132cc10, 0x2105ab55, 0xca5a2b2b, 0x0614230f, 
    0x31742223, 0x36343908, 0x3b271d01, 0x2d0b110c, 0xc834441d, 0x29515bc8, 0x190b0c1c, 0x61282f0d, 0x0806de5a, 0x2d3d4622, 0x6450fe4e, 0x034c0b61, 
    0x02393b04, 0x006d642e, 0xffff0000, 0x82ff2100, 0x72006501, 0x63002600, 0x07201082, 0xb6200582, 0x62261784, 0x8203f3ff, 0x17827900, 0x002a1128, 
    0x11002700, 0x1f847701, 0xc4021122, 0x20080782, 0xff270001, 0x02b5016f, 0x001100b5, 0x002a4046, 0x0c087f0e, 0x800110bf, 0x02109010, 0x105f104f, 
    0x059c4902, 0x0c102208, 0x100c0a0a, 0x0f121303, 0x0b0d1187, 0x4c040987, 0xfd2f3f00, 0x01ed2fc6, 0x39171211, 0x5e2f2f2f, 0x2200825d, 0x82edc010, 
    0x180120e5, 0x0808bb50, 0x33352322, 0x33153335, 0x08160115, 0x08092e09, 0x9f509f9f, 0x54ff8f01, 0x89444489, 0xd94dff54, 0x00004dd9, 0x4f087f89, 
    0x40780017, 0x0000034c, 0x7f141010, 0x0e0a0704, 0x800116bf, 0x02169016, 0x165f164f, 0x0112bf02, 0x12901280, 0x5f124f02, 0x080f0212, 0x0f02081f, 
    0x020c1f0c, 0x0e121608, 0x080c0c08, 0x0516120e, 0x87151819, 0x13871117, 0x0b870d0f, 0x03078709, 0xed20a183, 0xa589a384, 0xab84a786, 0x32c0d024, 
    0xec4232ed, 0x14252705, 0x2e230706, 0xaf833501, 0x2320b387, 0xb983b78b, 0x869f9f2a, 0x43438351, 0xbc4d5183, 0xbc21ba83, 0x33bb824d, 0x01460234, 
    0x00010344, 0x402e0005, 0x01055018, 0x015f0505, 0x03220082, 0xcb630603, 0x02003407, 0x332f0004, 0x015dcddd, 0x2f193311, 0x5d2f1832, 0x635d2f32, 
    0x2b080522, 0x88bc2707, 0x27616127, 0x2c8f0103, 0x002c5858, 0x32000700, 0x9904f1ff, 0x1300c402, 0x33001f00, 0x43003f00, 0x63005700, 0x8840c400, 
    0x26bf5518, 0x2a042608, 0x2a242a14, 0x44092a03, 0x44294419, 0x5eae4403, 0x195809ac, 0x03582958, 0x4e26ae58, 0x014e1d01, 0x4e014e06, 0xdd551865, 
    0x4364321c, 0x41424241, 0x49414042, 0x375b7d25, 0x7d3d61ad, 0xe1551853, 0xfd33260f, 0xed32fe32, 0x056e4b32, 0x5d5ede2b, 0xedfe5dfd, 0x5dde105d, 
    0x2109835d, 0x08825dfd, 0x55181184, 0x092147ee, 0xe5531801, 0x2223220a, 0x2a56182e, 0x1832210c, 0x370a5618, 0x98180121, 0x1802203a, 0x21362556, 
    0x5618f4fd, 0xff211644, 0x05076fff, 0xa1032208, 0x36002602, 0x07010000, 0x58005f01, 0x10009c00, 0x09010b40, 0x242d3531, 0x360e0150, 0x342b2b4f, 
    0x081c8200, 0x001e0068, 0x01fb003f, 0x000500f9, 0x0204b42b, 0xb8030105, 0x0c40c0ff, 0x0348120e, 0x05040600, 0x03000102, 0x332f1900, 0x32cd32cd, 
    0xd6101801, 0x32d52bc5, 0x303132c5, 0x07173713, 0x9c1e0717, 0x416f6f41, 0x23dd1c01, 0x0023baba, 0xff3a0002, 0x02bc03f9, 0x001200bc, 0x406f002d, 
    0x73272348, 0x26180a0a, 0x072f2922, 0x1e821700, 0x78763e08, 0xa8189818, 0x18660318, 0x0a2e1801, 0x242a7928, 0x20262679, 0x220b422a, 0x08412079, 
    0x580e180e, 0x040e680e, 0x451d7c0e, 0x05170507, 0x05670557, 0x7c050804, 0x3f004613, 0x3f5d5eed, 0x240282ed, 0x39123f32, 0x0572702f, 0x5d5dde28, 
    0xd6105ded, 0x1183c6c6, 0x81559183, 0x06835506, 0x01020e23, 0x07977d22, 0x7c171621, 0x07820710, 0x010e5208, 0x664726a1, 0x0b21173f, 0x2c16090c, 
    0x47663f16, 0x51120126, 0x3a39658a, 0x17518a65, 0x87011938, 0x1301c9fe, 0x5001edfe, 0x391960fe, 0x64405b01, 0x01012545, 0x11020201, 0x45250203, 
    0x2c5ffe64, 0x59598558, 0x042c5884, 0x4fd15103, 0x040351f3, 0x08008200, 0x3c000166, 0xca000802, 0x0d00f802, 0x00b94b00, 0xb3f0ff08, 0x084d0012, 
    0x40f8ffb8, 0x4d001126, 0x063a0607, 0x1b060b01, 0x03062b06, 0x82000608, 0x400f0a0d, 0x070d010d, 0x2f010690, 0x6f063f06, 0x00060306, 0x335d5d2f, 
    0x10015d2f, 0x32ed32de, 0x115d5d5e, 0x2b303133, 0x013c132b, 0x37013e37, 0x15010e17, 0x3c171614, 0x21085246, 0x53460802, 0x2100270e, 0xaf00fe01, 
    0x7f82ee02, 0x17402938, 0x000d0706, 0x900e0a82, 0x0d2f010d, 0x0d6f0d3f, 0x40070d03, 0x63830106, 0x63826282, 0x33edd427, 0x303132ce, 0x16b04613, 
    0x83ee0221, 0x2d652c5d, 0x27592d17, 0x000b170a, 0x83ffff00, 0x800121df, 0x2622df82, 0xef826e00, 0x05820720, 0x8205f345, 0x65012177, 0x26227782, 
    0x17846f00, 0x82006f21, 0x00200817, 0x00340001, 0x013401e2, 0x001300e0, 0x000ab613, 0x0f141500, 0xcd2f0005, 0x39121101, 0x3031cd2f, 0x290f2f59, 
    0x21123401, 0x2f1e1e2f, 0x07871221, 0x1a61012b, 0x1515222e, 0x191a2e22, 0x3507832f, 0xff01002f, 0x010401fe, 0x005301f2, 0xb5110003, 0x04030501, 
    0x52830200, 0x10c61032, 0x033031c4, 0x02211521, 0x0cfef401, 0x004f5301, 0x03212b85, 0x202b84e6, 0x862b9013, 0xe803232d, 0x2d8418fc, 0x43082f82, 
    0x67021700, 0xdf026001, 0x55001d00, 0x07693740, 0x07890779, 0x000f1d03, 0x002f001f, 0x0e000803, 0x1d001e0f, 0xb00ba01d, 0x030bc00b, 0x4414340b, 
    0xaf140214, 0xcf1abf1a, 0x051a031a, 0x390e0e0f, 0x02054905, 0x5d29e082, 0x10332f33, 0x5ddc5ddd, 0x2c0983cd, 0x32d61001, 0x325d5ecc, 0x5d003031, 
    0x09104a01, 0x0f4a0620, 0x3736340b, 0x11056001, 0x1415231a, 0x18111023, 0x081d110b, 0x8b120430, 0xc7022c0e, 0x131b200c, 0x0808080e, 0x8918101c, 
    0x8200200a, 0x173608fc, 0xc6026801, 0x0700b502, 0x92003000, 0x011144b5, 0xb8301111, 0x5340c0ff, 0x30481613, 0xb00ca008, 0x030cc00c, 0x0b70930c, 
    0x2b700b01, 0x4b222b01, 0x1c1c011c, 0x1d824026, 0x25262008, 0x21bf21af, 0x210321cf, 0xaf002293, 0xcf02bf02, 0x93020302, 0x30310604, 0x815b255b, 
    0x8274012b, 0x17173e2e, 0x05111c03, 0x07980198, 0x030b225b, 0x33332f00, 0x32eded3f, 0x2f391232, 0x3f5d5d33, 0x33dc823f, 0xd55dfdd6, 0xd55de5d6, 
    0x19392bc5, 0xd4105d2f, 0x185dd45d, 0x9d710e88, 0x1e212509, 0x2e231701, 0x6d05246d, 0x8150092b, 0x01200806, 0x6945692e, 0x0c089302, 0x02014608, 
    0x0b020403, 0x0617191a, 0x19170631, 0x04020a1b, 0x45010203, 0x82081982, 0x1c180842, 0x1e0d0e1d, 0x0208181c, 0xf0fe3db5, 0x333d1001, 0x39197b9f, 
    0x13183839, 0x0d2c3233, 0x33322c0d, 0x39381813, 0x9f7b1939, 0x38301133, 0x3a1b1b3a, 0x00113038, 0x00ffff00, 0x01f4ff28, 0x02050397, 0x00560026, 
    0x01060100, 0x0000235f, 0x010b4010, 0x2a322e00, 0x0d015023, 0x2b2b4f33, 0x00010034, 0x013f0028, 0x00f90105, 0x40280005, 0x04010312, 0x0e400200, 
    0x05024812, 0x01040307, 0x45020500, 0xde2a0a04, 0x32dd2bcd, 0x303132cd, 0x01822737, 0x69178408, 0x416f6f41, 0xba233f9c, 0x00dd23ba, 0xff330003, 
    0x027d03f3, 0x00270015, 0x003c0033, 0x776840a0, 0x02178717, 0x13032524, 0x3c013ca7, 0x1e641e54, 0x011e4602, 0x7f28821e, 0x28590125, 0x25022869, 
    0x0b282528, 0x34013469, 0x87197782, 0xab190219, 0x662e563e, 0x822e022e, 0x08010b0f, 0x3c3dab0b, 0x061d1d85, 0x01166713, 0x49375016, 0x022b592b, 
    0x5010882b, 0x46212124, 0x02315631, 0x51068831, 0x82680325, 0x00512bbf, 0x32325d3f, 0x325ded3f, 0x05833311, 0x335d3f22, 0x26050d78, 0xed5d5efe, 
    0x82fe105d, 0x39123404, 0x5d2f2f39, 0x5ded105d, 0x395d325d, 0x31331139, 0x18055d30, 0x2a10ea46, 0x3233013e, 0x06141516, 0x4b21011d, 0x015c087c, 
    0x14152505, 0x36323316, 0x2807b665, 0x694fbd02, 0x3f62201d, 0x06d85c35, 0x1f633f2d, 0x68366521, 0x9cfe0171, 0x65565306, 0xfe2205c7, 0xe95c4fc7, 
    0x01622d07, 0x31203941, 0x0c031421, 0x3836333a, 0x3207f25c, 0x3638333b, 0x0b088584, 0x55500905, 0x094e0811, 0x5d100114, 0x8a200601, 0x0807de65, 
    0x00ffff31, 0x02000006, 0x027a0350, 0x003c0026, 0x00070100, 0x006f0083, 0x4017009c, 0x00010210, 0x0c042513, 0x1d040250, 0x1104014f, 0x2b2b2b4f, 
    0x82003434, 0x02200800, 0x47ff4700, 0x0802cd00, 0x15000900, 0x10402300, 0x7f070410, 0x0909030a, 0x13031716, 0x4b08500d, 0x100b6218, 0x3634372b, 
    0x011e3337, 0x0323011d, 0xeb551834, 0x0c582509, 0x0c093a09, 0x090b6218, 0x514a0220, 0x02bb2305, 0x57181b7e, 0x5c08084c, 0xff560001, 0x02e00193, 
    0x002400b5, 0x0743406c, 0x1f067f1d, 0x48120f40, 0x0b001f1f, 0x1aaf190a, 0x90261a01, 0x11560126, 0x00821101, 0x16461925, 0x16021656, 0x1a1e2088, 
    0x1d191d09, 0x0b4a1d02, 0x0e590e49, 0x0a880e02, 0x08060507, 0x08020816, 0x3f005008, 0xc5335d5e, 0x325ded33, 0x3c07863f, 0xedde1001, 0xd6105d5d, 
    0x32c6325d, 0x2b2f3912, 0x3132ed33, 0x3e341330, 0x33353702, 0x11c26915, 0x1507012e, 0x032e3523, 0x48311b56, 0x343a532d, 0x080dc369, 0x24440e28, 
    0x30483053, 0x31230119, 0x092e4456, 0x14038b90, 0x5e0c094d, 0x3043285a, 0x4c070e1a, 0x8b020f08, 0x432d0990, 0x00820056, 0x00012508, 0x0200003c, 
    0x00c20207, 0xb9950022, 0xe8ff1f00, 0x4d000fb3, 0xf0ffb81f, 0x000e5440, 0x1010154d, 0x08144d00, 0x09240484, 0x080b4d00, 0x073b1c82, 0x1a1b0115, 
    0x11010108, 0x03072408, 0x0a0d7322, 0x00121008, 0x30110a4c, 0x820f010f, 0x23200802, 0x177c1d1b, 0x02790010, 0x02000e0e, 0x08020210, 0x1a090202, 
    0x17011767, 0x09790745, 0xed3f0042, 0x2605b842, 0x2f335d5e, 0x8232ed10, 0x82012002, 0xdd5d2ef5, 0xfdc02bcc, 0xc610c532, 0x102f3911, 0x055045c6, 
    0x00842b20, 0x08058a5a, 0x2107064f, 0x013e2115, 0x3523013d, 0x3e343533, 0x16323302, 0x23260717, 0x15020e22, 0x08bdbdf6, 0xfe210108, 0x5d110b76, 
    0x50391f5d, 0x1c3c2c30, 0x1b3c3517, 0x01111f2c, 0x32084b75, 0x4750326e, 0x4b0f478d, 0x39614a53, 0x500b1016, 0x40261019, 0x25fa8230, 0x2c000200, 
    0x9f826d00, 0x00497908, 0x0032001e, 0x0f604092, 0x4f342f34, 0x12080334, 0x010c870c, 0x0c750c65, 0x0b130c02, 0x1f011fa0, 0x1d031c0f, 0x98028802, 
    0x026a0202, 0x0202027a, 0x290129af, 0x151a3300, 0x15981588, 0x7a156a02, 0x1b150215, 0x0a041714, 0x05870509, 0x65020597, 0x02057505, 0xb024a005, 
    0x0324c024, 0x2eaf0724, 0x2ecf2ebf, 0x00172e03, 0xdc5dcd2f, 0x5d335dcd, 0xce33115d, 0x32ce1032, 0x01220984, 0x1388de10, 0x5dcddc22, 0x21081586, 
    0x5d5e3031, 0x27373413, 0x33361737, 0x17371732, 0x15011e07, 0x17070614, 0x23062707, 0x07272622, 0x58183727, 0x250810a7, 0x3a491c59, 0x3b3b2f4a, 
    0x4a3a4b2e, 0x0e0f0f0e, 0x304b3a4a, 0x17361d39, 0x1c493a4a, 0x20133701, 0x2b18182b, 0x07871320, 0x3d5b0123, 0x2121822d, 0x2d821d1d, 0x1f35162a, 
    0x4a163420, 0x0e1c4a3a, 0x492c3582, 0x2e1c3e2d, 0x21111121, 0x2d1d1c2e, 0x2d390783, 0x00010000, 0x02000011, 0x00b50224, 0x40b5001e, 0x1018006e, 
    0x1c180218, 0x05a0761e, 0x16132c08, 0x07161314, 0x02161716, 0x6f201e16, 0xaf139f13, 0x19130313, 0x0f00731e, 0x0f080b0c, 0x0b730c08, 0x0b0b1408, 
    0x18080808, 0x53080208, 0x022105cf, 0x08c87204, 0x0b1f0b3e, 0x1f0b0802, 0x02791a03, 0x18061e1c, 0x08081679, 0x1e131616, 0x12411342, 0x0b410c41, 
    0x380ed272, 0x1032ed10, 0x32ed32de, 0x5ed61001, 0x325dd45d, 0x335d32ce, 0x2b10875d, 0x07bb7610, 0xfd101827, 0xc65dd432, 0x72158211, 0x182105e1, 
    0x22238210, 0x4d333031, 0xec720792, 0x1533230d, 0x03831523, 0xa2a2ed33, 0x613688a2, 0x5424672b, 0x25512c2d, 0x36612c65, 0x2f128289, 0x4766476a, 
    0x4e52ad58, 0x9c48489c, 0x57ad534e, 0x6a200e82, 0x53053b42, 0x24080963, 0x401d0007, 0xae05010d, 0x09070703, 0x5a040800, 0x3f005902, 0x01c6103f, 
    0xc02f3912, 0x303132ed, 0x23113337, 0x05725311, 0xc6575728, 0xc80381fe, 0x438581fe, 0xff2b7808, 0x02c20193, 0x003b00c5, 0x400b0151, 0x013625b3, 
    0x2ba72b37, 0x01172802, 0x570110a8, 0x371a0145, 0x01370b01, 0x860134a4, 0x32a80133, 0x012fa801, 0x15012b65, 0x18040118, 0x010ca901, 0x4a010c88, 
    0x062d824d, 0x1c1d3582, 0x36010b38, 0x2a0b012a, 0x0132a40e, 0x32013237, 0x2d012d37, 0x82423f53, 0x230e3b00, 0x13aa1682, 0x0e381301, 0x1d520e01, 
    0x7788201d, 0x82060113, 0x3f50080f, 0x09013298, 0x32080132, 0x012a944a, 0x2a862a76, 0x012a6b02, 0x88012a56, 0x3f7a013f, 0x013f6d01, 0x99014a97, 
    0x0b7a010b, 0x69020b8a, 0x0b5a010b, 0x3f4a0b01, 0x1c96042a, 0x53191c01, 0x3b013b99, 0x03008838, 0x333f0051, 0x3f5d32ed, 0x39175d33, 0x82082378, 
    0x33113a08, 0x115d5d5e, 0xed5d5d33, 0x10012f32, 0x5d325dde, 0xc410edd4, 0x1032ed32, 0x220b82d6, 0x8239115d, 0x32c4212d, 0xed241382, 0x00303132, 
    0x0120398b, 0x6b560c83, 0x07655f05, 0x37023e29, 0x3435012e, 0x45323336, 0x17260b08, 0x1415031e, 0x1743020e, 0x22232d05, 0x2e132726, 0x010e2701, 
    0x021e1415, 0x17213e82, 0x0831823e, 0x44022e22, 0x3838481e, 0x24403639, 0x111c3141, 0x190f2019, 0x3358611d, 0x18151a58, 0x39273445, 0x1c281a0c, 
    0x10371883, 0x1d0f1f18, 0x43626a24, 0x07af1a57, 0x241d070d, 0x21382917, 0x82050905, 0x28240808, 0x120d0134, 0x27232421, 0x281c0c16, 0x2d1a2838, 
    0x14091b25, 0x51452234, 0x094d0814, 0x12212114, 0x09121519, 0x22081a84, 0x1d242c19, 0x25381509, 0x0d154d4b, 0x0502e301, 0x1e331303, 0x151b231a, 
    0x0203020b, 0x1a1f3213, 0x41141a23, 0x233a05f3, 0x55016802, 0x0b00de02, 0x29001700, 0xff1500b9, 0x0d1240c0, 0x0f154812, 0x06824003, 0x09090337, 
    0x060c1218, 0xcd2f0000, 0x1101cd2f, 0x2bcd2f33, 0x312bcdde, 0x0b6d6930, 0x79693320, 0x175d240a, 0x82172323, 0x86a72003, 0x68022507, 0x211a1a21, 
    0x5d08038b, 0x00030000, 0x02f1ff41, 0x00c502ed, 0x00270013, 0x40db0049, 0x45a0379e, 0x14b04501, 0x14d014c0, 0x01149903, 0x14011468, 0x68005877, 
    0x28030200, 0x000c0100, 0x0202001c, 0x3ebf4b00, 0x3edf3ecf, 0x013ea603, 0x2d8f773e, 0x1ebf2d01, 0x1edf1ecf, 0x011e9603, 0x1e011e67, 0x670a5777, 
    0xfe4f020a, 0x085b0806, 0x38c84a0a, 0x7d3b3801, 0x01327037, 0x32013261, 0x19b019a0, 0x890319c0, 0x7d190119, 0x48010f67, 0x020f580f, 0x0f010f19, 
    0x7d414445, 0x01287f45, 0x2801286e, 0x23bf23af, 0x860323cf, 0x7d230123, 0x47010568, 0x02055705, 0x05010516, 0x5d3f0046, 0x5dfd5d5d, 0x5d5dd65d, 
    0x8c32ed32, 0x015d240c, 0x845ede10, 0xde5d2b1c, 0x5d5ded5d, 0x5d5fd610, 0x2c835f5d, 0x5dc65d23, 0x11774c32, 0xb76b0720, 0x14152706, 0x3233021e, 
    0x1771023e, 0x631e2009, 0xf5480741, 0x17372d05, 0xed02030e, 0x447c5e38, 0x385e7c44, 0x49280787, 0x3b634728, 0x2847633b, 0x28080787, 0x462bfffe, 
    0x341f1c33, 0x2b1a2746, 0x17041520, 0x3323350c, 0x273c3e44, 0x05130e33, 0x012b2217, 0x5d87555b, 0x875d3131, 0x27078755, 0x2a4e6d42, 0x426d4e2a, 
    0x70080786, 0x4d341c8d, 0x354c3132, 0x0b0b081c, 0x13073c03, 0x4f3e4447, 0x033c0711, 0x0007090b, 0x01260002, 0x02500149, 0x000e00c2, 0x40960031, 
    0x581f482a, 0x1b48021f, 0x01125701, 0x04011213, 0xb0030112, 0xd025c025, 0x93250325, 0x14671457, 0x36142602, 0x03144614, 0xb82f3314, 0x1540c0ff, 
    0x2f48100d, 0x0ccf0cbf, 0x0c030cdf, 0x591d4994, 0x031d691d, 0x0819831d, 0x0b082430, 0x2e321d48, 0x250f9a2b, 0x22102200, 0x9a220802, 0x07200710, 
    0x07e007d0, 0x0f070704, 0x2f189a00, 0x3f00680f, 0x12edd433, 0xed5d2f39, 0x96475d5e, 0x2bde3005, 0xc45ded5d, 0x5dd6102b, 0xc05dfd5d, 0x835d3031, 
    0x74132000, 0x1d211099, 0x05036501, 0x20079647, 0x09987435, 0x16c46608, 0x220b052c, 0x1c231110, 0x29222f12, 0x180f2338, 0x37212952, 0x2c1a1728, 
    0x220e203a, 0x20120615, 0x1437171a, 0x013d130a, 0x64020287, 0x0c040202, 0x191e1015, 0x24143b01, 0x05e02033, 0x2c1c0d09, 0x1b2c1f20, 0x0303020c, 
    0x0f171e0f, 0x053f0706, 0xff00000a, 0x001e00ff, 0x01cb013f, 0x002600f9, 0x0000006c, 0x20058207, 0x3f0782d0, 0x00350001, 0x01ff0135, 0x0005008a, 
    0x000c401c, 0x020402af, 0x05060704, 0x000103af, 0x01ed2f2f, 0x27054352, 0x013031ed, 0x21112311, 0x50292982, 0x8a0186fe, 0x0601abfe, 0x2a53824f, 
    0x0100011a, 0x02570111, 0x82100016, 0x4304204b, 0x57080c33, 0x0148003d, 0x56ee4045, 0x37350137, 0x35023745, 0x55344534, 0x0cc70334, 0x0107c701, 
    0x770103c8, 0x28030134, 0xc442b428, 0x0342d442, 0xd9357742, 0x022bf92b, 0x3d38382b, 0x0135973d, 0x2701356a, 0x02355735, 0xc414b435, 0x0314d414, 
    0x14011498, 0x58002877, 0x03006800, 0x3b066943, 0x48bf2c4a, 0x48df48cf, 0xc0754803, 0x2e59012e, 0x2e992e69, 0x012e4003, 0x2e012e29, 0x21097443, 
    0x6c43771e, 0x0a563205, 0x08050a66, 0x3ed0490a, 0x3e023ee0, 0x2b20387b, 0x316d8230, 0x7d452d2b, 0x61013286, 0x32550132, 0x46321601, 0x83430232, 
    0x0f19370f, 0x0f590f49, 0x3d450f03, 0x6e012d89, 0x2d19012d, 0x2d592d49, 0x86432d03, 0x0516260e, 0x05560546, 0x05854303, 0x5d5dfd2a, 0x5d5d5dce, 
    0x5d5d3f32, 0xde200a82, 0x5d270a82, 0x2f3912ed, 0x43ed335d, 0x14880588, 0x10325d24, 0x24845fd6, 0x7d332f84, 0x3311322f, 0xed10185d, 0x2f7d325d, 
    0x5f003031, 0x845d015d, 0x0f175000, 0x270f9f43, 0x27012e07, 0x11231523, 0x2e07a44c, 0x17031e07, 0x36323327, 0x23263435, 0x43070622, 0xaa3a22a1, 
    0x43153917, 0x193c1b47, 0x24275a56, 0x1c1c1a0a, 0x2d26f50b, 0x0b28393c, 0x9d430b18, 0x2d853a20, 0x01961851, 0x40060684, 0x0f372541, 0x302c240c, 
    0x2719d018, 0x01011d25, 0x2e008200, 0x022e0001, 0x024a017f, 0x000300c7, 0x830f401e, 0xaf043414, 0x0200bf00, 0x01023000, 0x5d2f0002, 0x11015dcd, 
    0x82322f33, 0x21132bf0, 0x012e2115, 0x02e4fe1c, 0x1f8248c7, 0xf2011a33, 0x08033201, 0x1f001300, 0x48406900, 0x00cf00bf, 0x084482df, 0xbf149446, 
    0xdf1acf1a, 0x941a031a, 0x0114c00a, 0x08010a0f, 0x100b400a, 0x140a1448, 0xcf20210a, 0x9a0f010f, 0x460117c0, 0x173d0117, 0x16170601, 0x03172617, 
    0x1dcf6817, 0x059a1d01, 0x480d0910, 0x2b2f0005, 0x5d3f5ded, 0xed200082, 0x122a7982, 0x2f2f3939, 0x5d5d5e2b, 0x0283ed10, 0x6a130b45, 0x012909b3, 
    0x33261732, 0x26331c1c, 0x24078717, 0x1e1e2b43, 0x2903832b, 0x34207d02, 0x24131324, 0x07872034, 0x29292323, 0x20038223, 0x08008200, 0x35000259, 
    0xff010000, 0x0b006c02, 0x60000f00, 0x050d3a40, 0x01af0703, 0x010baf09, 0x05800f0b, 0x1f020590, 0x02052f05, 0x05010f50, 0x090f0f09, 0x10110305, 
    0x5c0eaf0c, 0x0606af04, 0x0102400a, 0x4faf0002, 0xaf080108, 0x5f0a010a, 0xc55d3f00, 0x5dc6fd5d, 0xed2f3311, 0x5701ed3f, 0xcc8206fc, 0x5d331128, 
    0x32edc010, 0x65183311, 0x11270de0, 0x35211521, 0x82bd50bd, 0xca012d02, 0xa30136fe, 0xc94fc9c9, 0x4ffbfec9, 0x003e9682, 0x011e0001, 0x0238013b, 
    0x002100c5, 0x133b405f, 0x33202320, 0xb2130320, 0x00770067, 0x1e825602, 0x08090028, 0x1b0b0bb2, 0x0182091c, 0x1b222328, 0x081fb316, 0x868249b3, 
    0x1c66b13c, 0x1c861c76, 0x011c5503, 0x011f461c, 0x3f00711f, 0x5d5d335d, 0x10ed5df4, 0x324432ed, 0x33112106, 0xa682a282, 0xed5d5d3c, 0x5d003031, 
    0x020e1401, 0x07010e07, 0x26211533, 0x3e37023e, 0x26343501, 0x13822223, 0x3e274208, 0x16323301, 0x20132801, 0x2111182a, 0xf6feba03, 0x261d0f03, 
    0x212b2215, 0x181e111d, 0x11240513, 0x42452d45, 0x28155602, 0x0e152727, 0x213f0d21, 0x12232a33, 0x1a18311d, 0x0d0d0918, 0x23123104, 0x24cb853a, 
    0x01330120, 0x08cb8236, 0x67002d41, 0x24151a40, 0x01240401, 0x671c3708, 0x101f021c, 0x011d76b2, 0x0909221d, 0x22b2032a, 0x40f0ffb8, 0x480f081f, 
    0x17162f22, 0x012a602b, 0x0a1f2e2a, 0x1a0808b3, 0x2ab3002b, 0x1316b127, 0x821a17b3, 0xed3336ce, 0xed32f432, 0x2f391232, 0x100139ed, 0xc6325dd6, 
    0x2bd61032, 0x2b0f82ed, 0xed5dd410, 0x5d303133, 0x135d5d5e, 0x0eef6118, 0x0621d082, 0x22cf8507, 0x18071415, 0x08071560, 0x3727264d, 0x3590011e, 
    0x281f1228, 0x0e191315, 0x2510191f, 0x112e1b1d, 0x22431019, 0x23373d49, 0x3f281229, 0x12401f2c, 0x0131160f, 0x111a2171, 0x39070f18, 0x0f150c05, 
    0x08131519, 0x3b170b37, 0x0b1f312e, 0x2b1a2333, 0x090e1221, 0x850d083c, 0x027f3beb, 0x033b0144, 0x00030008, 0x010e4038, 0x11400302, 0x034c0012, 
    0x40000500, 0x217cb803, 0x31078305, 0x4d000db6, 0x01028003, 0x1acd2f00, 0x1a2b2bdd, 0x247c01cd, 0x0701390a, 0x3b013727, 0x02802f8d, 0x9a2a89cd, 
    0x50000100, 0xf40147ff, 0x18000802, 0x1f2a5382, 0x12097f0b, 0x7f007f15, 0x01820917, 0x18191a39, 0x124b1649, 0x48120d30, 0x0f880412, 0x00490a51, 
    0x33ed3f3f, 0x413f3f2b, 0x490806eb, 0x32eded10, 0x3031ed10, 0x16141113, 0x023e3233, 0x11331137, 0x2223010e, 0x011e2726, 0x1123011d, 0x0f453ead, 
    0x05171c20, 0x3c65205d, 0x03144137, 0x08025c02, 0x4c5feafe, 0x02030302, 0x07feb701, 0x16171208, 0x671f391c, 0x8782c102, 0xff2b2708, 0x02210247, 
    0x001600bc, 0x111b4031, 0x75031375, 0x09051305, 0x03130509, 0x43121718, 0x00cf00bf, 0x450e0002, 0x83824304, 0x835dcd21, 0x39172681, 0x102f2f2f, 
    0x288083ed, 0x07062201, 0x2e112311, 0x07574701, 0x3c080c84, 0x10088201, 0x7c6f4e06, 0x4a78542d, 0x4e29602a, 0x6f022a0e, 0xdafc0101, 0x680bbf01, 
    0x38523766, 0xfc0a071c, 0x0223039c, 0xff000003, 0x003800ff, 0x01be00e3, 0x00170269, 0x00000011, 0x080382f0, 0x45000127, 0xfe0043ff, 0x1d001400, 
    0x19403200, 0xa2031b00, 0x15a11b11, 0x151e0b0b, 0x001e1f15, 0xa60fa60c, 0x08691a08, 0x2191826a, 0x0043ed10, 0x112f2205, 0x24928439, 0x30313311, 
    0x0c094217, 0x32333f08, 0x2f263435, 0x37033e01, 0xc7010e33, 0x180a1a1d, 0x2b1a1d28, 0x1b0c0b0d, 0x14162411, 0x0c0c0307, 0x0640030b, 0x210e2512, 
    0x161a0b20, 0x3905080e, 0x0b170604, 0x0a03080f, 0x05151a1b, 0x8f84220b, 0x3b01322a, 0xbd02ee00, 0x2e000a00, 0x29088f82, 0x0a010a7f, 0x0606b204, 
    0x078a0b0c, 0x01077b01, 0x00b30a07, 0x7003b105, 0xdeed3f00, 0x5d5d32ed, 0x39121101, 0x5dceed2f, 0x67183132, 0x28080901, 0x26320701, 0x46311b4a, 
    0x02143916, 0x1a290d6d, 0x26017efe, 0x0006160e, 0x012b0002, 0x02930148, 0x001300c4, 0x405a001f, 0x1077453e, 0xa61a9627, 0x941a021a, 0x08094b0a, 
    0x0214a92d, 0x14161406, 0x190a0902, 0x4508020a, 0x17270587, 0x1d680f9a, 0x8267059a, 0xed3f2182, 0x5c062542, 0xed2105a2, 0x2268455d, 0x301b9328, 
    0x42272742, 0x07871b30, 0x374a3508, 0x37383233, 0x02373333, 0x32462b06, 0x46321b1b, 0x31472b2b, 0x47311b1b, 0x4343382b, 0x44443738, 0xffff0000, 
    0x3f002800, 0xf901d501, 0x78002600, 0x07000000, 0xd0200582, 0x32261784, 0x52030000, 0x1782bd02, 0x17829420, 0x6e012724, 0x07826b01, 0x70010729, 
    0xc8fe0302, 0x8300ffff, 0x8c3b201f, 0x8356201f, 0x8d00211f, 0x20201f86, 0xc5203f84, 0x8e203f82, 0x7a203f86, 0x43083f89, 0x1c000200, 0x810144ff, 
    0x21000802, 0x61002d00, 0x10873e40, 0x01106601, 0x08010e0a, 0x28288222, 0x1b1b7f18, 0x0670050e, 0x06900680, 0x002f0603, 0x09400e7f, 0x2e0e480f, 
    0x50252b18, 0x79880305, 0x99068906, 0x30081882, 0x09190909, 0x09030929, 0x5d3f0052, 0x32ed5d33, 0x01cedd3f, 0xed2bd610, 0x325dc610, 0xed2f3911, 
    0x5eed2f33, 0x0030315d, 0x14175d5d, 0x37323316, 0x08414a17, 0x3c35042b, 0x16332701, 0x040e1415, 0x0aa65313, 0x31377e3e, 0x221a3f42, 0x48363055, 
    0x2619132d, 0x0119262b, 0x2117044e, 0x25172128, 0x241f1f24, 0x173e0383, 0x48223126, 0x2c1c1612, 0x34211b37, 0x342f2a2f, 0x05090521, 0x34201314, 
    0x2a28282d, 0xce53c401, 0xff2f0809, 0x000800ff, 0x038f0200, 0x002602a4, 0x01000024, 0x00430007, 0x009c0096, 0x0200b913, 0x0940e7ff, 0x11061a1c, 
    0x1b0b0250, 0x342b2b4f, 0x92000000, 0x008f222f, 0x262f828e, 0x020b4010, 0x84191b1e, 0x851a202c, 0x202b882c, 0x225b889d, 0x868f0069, 0x1e00212b, 
    0x2b88588c, 0x2b887b20, 0x90007522, 0x28202b87, 0x27205785, 0x7a20578e, 0x83202b88, 0x17275784, 0x02031040, 0x822d1b00, 0x0b032684, 0x0b024f25, 
    0x55308219, 0x03200623, 0x2508e786, 0x00200047, 0x01330027, 0x1a00b922, 0x0db3f8ff, 0xb80a4d00, 0x1340c0ff, 0x0a481d13, 0x1714402e, 0x312e2e48, 
    0x0d824014, 0x83281421, 0x13523e17, 0x28284817, 0x1f1e3131, 0x23222120, 0x1b241d24, 0x1718191a, 0x241d171c, 0x171c731d, 0x08088214, 0x04031c3a, 
    0x02070605, 0x26270007, 0x01072425, 0x02730124, 0x07021407, 0x24240201, 0x40351c02, 0xa0357035, 0x350f0335, 0x1f020f01, 0x02080202, 0xffb80f34, 
    0x120fb6f0, 0x010f5748, 0x37080a82, 0x082d40e8, 0x2b0f480d, 0x79002031, 0x80214027, 0x03219021, 0x83012492, 0x247a0124, 0x69245901, 0x24210224, 
    0x071c2421, 0x41311707, 0x4202421c, 0x3f3f3f00, 0x112f32c5, 0x2f05dc56, 0x335d5d5d, 0xde1032ed, 0x2b5d2bcd, 0x5ec61001, 0x5c180f82, 0x10280f4b, 
    0x05c4c40e, 0x8710c4c4, 0x06820782, 0x87c10028, 0x872b1805, 0x0f86c47d, 0x1e820683, 0x012a1c82, 0x18331133, 0x2bcd2b2f, 0x05833311, 0x2b303128, 
    0x3e230737, 0x73453703, 0x021e3507, 0x07061415, 0x2317031e, 0x012f012e, 0x0e27012e, 0x34130701, 0x08094449, 0x653fac28, 0x3d3f4225, 0x11161321, 
    0x1515251c, 0x16111c25, 0x3f3e2112, 0x116a2642, 0x201c101e, 0x3f23223f, 0x161fb71f, 0x03831f16, 0xb2b22908, 0x909fb166, 0x1c2a0e47, 0x0e1b2518, 
    0x18251b0e, 0x470e291b, 0x67b19f91, 0x4f2d582d, 0x4b4ba357, 0xe00158a2, 0x1a1d1d1a, 0x45080382, 0x06000200, 0x82030000, 0x1500b502, 0x83001a00, 
    0x11104640, 0x0f141312, 0x190b0d14, 0x14160e16, 0x48120818, 0x0e160e14, 0x14140f73, 0x09140f0f, 0x06027316, 0x04150f06, 0x1b0f1c07, 0x1a047902, 
    0x0b0a7919, 0x0182040a, 0x01160833, 0x0f411479, 0x0e0e080f, 0x42087906, 0x33ed3f00, 0x26ed822f, 0x1232ed3f, 0x822f3939, 0xed10280a, 0x01ed1032, 
    0x5d10c610, 0x332f0569, 0x108732ed, 0xc47d872b, 0x87102b01, 0x410ec4c4, 0x31220745, 0x635d0130, 0x21352a08, 0x2307010e, 0x2137033e, 0x09088205, 
    0x6903331f, 0x0901d3fe, 0x4601f7fe, 0xeffe5afe, 0x68162f18, 0x65686d39, 0xfebe0132, 0x3d723573, 0xd16402e4, 0xb251f34f, 0x6c2d592c, 0x4799aabf, 
    0x6ab6484c, 0x01000000, 0x43ff3a00, 0xc5025302, 0x18014000, 0x40424c40, 0x6448120c, 0x2e53012e, 0x012e4201, 0x2e332e23, 0x012e1202, 0x55012e03, 
    0x2a23012a, 0x2a432a33, 0x012a1203, 0x08012a03, 0x29010368, 0x02023902, 0x2f7a2f6a, 0x9a032f8a, 0x2a73012e, 0x2a932a83, 0x012a6203, 0x2a552a45, 
    0xffb81b02, 0x0f7e40f8, 0x3e2a4812, 0x3e023e3a, 0x3a3a2c34, 0x0f0f1005, 0x16422322, 0x1a07011a, 0x68761a01, 0x02059805, 0x05010557, 0x383141a9, 
    0x224a293e, 0x226a225a, 0x1f072203, 0x1f571f17, 0x1f041f67, 0x5a234a7c, 0x03236a23, 0x26680023, 0x26982678, 0x01265703, 0x10454626, 0x10651055, 
    0x15081003, 0x15581518, 0x15041568, 0x970f877c, 0x0f45020f, 0x0f650f55, 0x0a880f03, 0x010a6701, 0x0a010a58, 0x5d3f0045, 0x5d335d5d, 0x325ded5d, 
    0x210a825d, 0x09843333, 0xdeddd626, 0xfe1001cd, 0x5d311683, 0x3232c610, 0x3911332f, 0xcecccd2f, 0x0030315d, 0x2530822b, 0x5d015d5d, 0x0c535e5d, 
    0x052b2309, 0x5c18032e, 0x01231978, 0x49010e07, 0x8e470d98, 0x01012607, 0x47643e4a, 0x925c1827, 0x6b0e251a, 0x02050352, 0x2a10b047, 0x080b0d04, 
    0x4f7d5b37, 0x185c8757, 0x2514a85c, 0x06021f0b, 0xcd47050b, 0x200c3110, 0x00ffff00, 0x02000056, 0x02a40316, 0x00280026, 0x33055345, 0x009c008b, 
    0x0100b913, 0x0940f2ff, 0x0a000d0f, 0x0e010150, 0x8f095345, 0x008f222f, 0x05fb447e, 0x0e230123, 0x202c840c, 0x08fb440d, 0x9d202b85, 0x69225b88, 
    0x5b876d00, 0x0940f323, 0x205b9611, 0x202f887a, 0x2a2f8483, 0x0102b11a, 0x40f3ffb8, 0x82200e0d, 0x0102265f, 0x01014f18, 0x2263820c, 0x8234342b, 
    0x000f24bf, 0x84cb0000, 0x852c20bf, 0xd2ff21bf, 0xe82a6387, 0x05070940, 0x01500100, 0xbf890600, 0x25824420, 0x2f8a0020, 0xc5ff8f22, 0x1a22bf86, 
    0x2c840406, 0x2c850520, 0x0082ff20, 0x0f212b82, 0x85bf8303, 0xff69225b, 0x212b86cb, 0x588c0900, 0xee202a82, 0x20212b82, 0x85bb8303, 0x8483202b, 
    0x4017232b, 0x7e820210, 0x58821820, 0x10000226, 0x0400014f, 0x0809e745, 0x13000259, 0x9c02faff, 0x1400bc02, 0x77002500, 0x18294d40, 0x18791869, 
    0x01181803, 0x08011809, 0x00977618, 0x66005601, 0x000f0200, 0x27a90001, 0x27702700, 0x230327b0, 0x0d731e20, 0x26a8080a, 0x0a791f0b, 0x1e052121, 
    0x1b011b18, 0x10570d7c, 0x23451001, 0x15011517, 0x5358087c, 0x3320068c, 0x8205a85a, 0x39123505, 0x32ed332f, 0xcef61001, 0x33cefd33, 0x5df6105d, 
    0x5eed5d5d, 0x31350482, 0x0e140130, 0x26222302, 0x35231127, 0x013e1133, 0x021e3233, 0x08b74f01, 0x15331535, 0x011e1523, 0x66389c02, 0x652a558e, 
    0x29505029, 0x18552a65, 0x310b365e, 0x2d098282, 0x855a5b01, 0x0a072b57, 0x014b3901, 0x5e180a1c, 0xd5260b3b, 0x0201f24b, 0x67420000, 0x03822e07, 
    0x0026027b, 0x01000031, 0x00750007, 0x074b41b1, 0x09142327, 0x0a015012, 0x08374222, 0xf1ff3a26, 0xa403d002, 0x32202b82, 0x43222b84, 0xd341d000, 
    0xff022c05, 0x2b0940e8, 0x50090029, 0x412a0402, 0x2f8f09d3, 0xc3008f22, 0x02235b85, 0x84282a19, 0x8e29202c, 0x889d205b, 0x0069225b, 0x212b86c9, 
    0x588c2d00, 0x00ffff22, 0xb3835785, 0x75228785, 0x2b87ca00, 0x57853720, 0x578e3620, 0x57887a20, 0x57848320, 0x2105e747, 0x84823c2a, 0x34040326, 
    0x2804024f, 0x0809ff41, 0x5000016e, 0xe4016100, 0x0b00f501, 0x58408900, 0xb009600b, 0x09960209, 0x01090901, 0x01039905, 0x0ac90303, 0xc60ab601, 
    0x0a96020a, 0x04c60a01, 0xc904b901, 0x04990204, 0x01010401, 0xb0060d0c, 0x08960108, 0x0a080801, 0x01009902, 0x07c90000, 0xc607b601, 0x07960207, 
    0xc6040701, 0x01b90101, 0x990201c9, 0x0a010101, 0x332f1900, 0x3372715d, 0x2f2c0484, 0x3311325d, 0x33725d2f, 0x39121101, 0x1b831785, 0x335d2f22, 
    0x31321685, 0x07272530, 0x37273727, 0x07173717, 0x92ac0117, 0x02873892, 0x0b8a6120, 0x03004908, 0xdcff3a00, 0xda02d002, 0x24001a00, 0x6c022f00, 
    0x2e452640, 0x36022e65, 0x022d662d, 0x78012c89, 0x1d68011e, 0x011d3901, 0x4a011d28, 0x17640118, 0x01166401, 0x0f011566, 0xb6e0ffb8, 0x594d0010, 
    0xb80a010b, 0x5440f8ff, 0x462c0b82, 0x020a860a, 0x6c01096a, 0x20030108, 0x34080f82, 0x2e992e79, 0x012d5a02, 0x66012c5a, 0x28550129, 0x01234801, 
    0x56011e96, 0x1d45011d, 0x011c8301, 0x57011a54, 0x18960119, 0x01166501, 0x5901156a, 0x0a9a0114, 0x303f8201, 0x29010377, 0x02183918, 0xf0ffb807, 
    0x000d0cb4, 0x3408824c, 0x0b1a40e8, 0x1d184d00, 0x1708071e, 0x12101708, 0x18174d00, 0x21048211, 0x04821010, 0x40228b82, 0x08820d14, 0x0520162b, 
    0x10151225, 0x154d000c, 0x232e8218, 0xe8ffb82d, 0x22066e49, 0x830a40f0, 0x2d2e2515, 0x0916090a, 0x40215782, 0x25438209, 0x1205094c, 0x3d831608, 
    0x3d821a20, 0x16081626, 0x102a0008, 0x2a275582, 0x4d000e08, 0x820a102a, 0x0d762104, 0xb323dd82, 0x834d0012, 0x0f402207, 0x2108820f, 0x04820940, 
    0xf031a925, 0x831b0131, 0x822a821b, 0x40f02207, 0x232e820b, 0x0800761b, 0x00202b82, 0x40211782, 0x21488211, 0x30820800, 0x08400028, 0xa9004d00, 
    0x76821d30, 0x100fb727, 0x2e1d4c00, 0x6c44182e, 0xb3f8240a, 0x824d000a, 0xb5f0210f, 0x25225782, 0x2582177c, 0x833d4021, 0x1617249c, 0x820b1018, 
    0x151522f3, 0x20548312, 0x234b8312, 0x102d4612, 0x2d234283, 0x83201e1e, 0x082021a4, 0x20283c82, 0x4d000910, 0x10097c20, 0x0821d284, 0x27f5820a, 
    0x4d000bb6, 0x0507070a, 0x0783bc86, 0x8a82b420, 0x00450531, 0x332b2b3f, 0xc62b3311, 0x2bed2b32, 0x82322b2b, 0x2011910a, 0x089f7c01, 0x09845d20, 
    0x12262983, 0x2f193939, 0x06822b2f, 0x7d2b3224, 0x0082c487, 0x3f820120, 0x82112b21, 0x8243824c, 0x8710200a, 0x05584c14, 0x86094647, 0x2b012109, 
    0x2b210882, 0x0568475d, 0x13231385, 0x5d023e34, 0xbe44095c, 0x07500805, 0x012e3727, 0x01171437, 0x0e222326, 0x3e321302, 0x26343502, 0x3a160127, 
    0x44795b35, 0x3e3b526a, 0x352d2740, 0x3543775a, 0x3e3a295f, 0x662e283e, 0x373f012c, 0x3b55354f, 0x5435e520, 0x1416203b, 0x0135c2fe, 0x5b88595b, 
    0x2e4d382e, 0x527f2d53, 0x1b310a83, 0x502e4b1b, 0x6d54802d, 0x2b9d0146, 0xfe674827, 0x350482ac, 0x2357353f, 0x002965fe, 0x5100ffff, 0x5f02f1ff, 
    0x2602a403, 0xa7443800, 0x46a32006, 0x1b260a7b, 0x50120419, 0x624c0601, 0x222f9306, 0x4496008f, 0x0123054f, 0x84181a19, 0x4419202c, 0x5b85084f, 
    0x5b889d20, 0x29826920, 0x21639c20, 0x8c1d2005, 0x20878858, 0x202b887a, 0x462b8483, 0x1a21057b, 0x2658822c, 0x4f240602, 0x44180601, 0xbb61087b, 
    0x20bb8308, 0x22bb843c, 0x866a008f, 0x131a288b, 0x500c0411, 0x85120401, 0x02003e8b, 0x00005600, 0xb5023d02, 0x1e000e00, 0x00b95200, 0xb3e8ff17, 
    0x144d000e, 0x40e8ffb8, 0x2a088223, 0x0e067615, 0x1b100f0f, 0x82061d73, 0x1f202901, 0x0b7c1310, 0x0b1a7900, 0x1c2a0182, 0x421c411e, 0x123f3f00, 
    0x20513939, 0x079b5305, 0xed105308, 0x33113232, 0x3031ed10, 0x33372b2b, 0x35023e32, 0x23022e34, 0x3507012a, 0x33013e15, 0x0e141520, 0x15012b02, 
    0x49b71123, 0x1e375032, 0x2f4e381f, 0x13132712, 0x37011329, 0x4974512b, 0x0dde614d, 0x282a3620, 0x020c1f35, 0x010271c4, 0x35533cdd, 0xa1828e18, 
    0x0001b608, 0x02f4ff50, 0x00080347, 0x40d40045, 0x0144a692, 0x15014427, 0x30a90144, 0x012fa901, 0x2b012ea9, 0x281c0128, 0x01130601, 0x07010f06, 
    0x38780143, 0x01307701, 0x85011439, 0x12060110, 0x12261216, 0x23821203, 0x08338200, 0x012ba882, 0x7f391a2b, 0x0123983b, 0x80013398, 0x330f0133, 
    0x3b332301, 0x0323333b, 0x26784647, 0x26a82698, 0x0b102603, 0x8a26480e, 0x86010da5, 0x020d960d, 0x0d010d0b, 0x3689150d, 0x78366801, 0x88360236, 
    0x41a64106, 0x4f410802, 0x971b4a3a, 0x88200120, 0x0051151a, 0x5ded333f, 0x5e3f3f32, 0x5d5ded5d, 0x5d2f3912, 0x2bed5d5d, 0x0a45555d, 0xfd105d27, 
    0xed5ddece, 0x43018210, 0x55180811, 0x5d2109c7, 0x05c45401, 0x250bb57c, 0x3727022e, 0x6c57031e, 0x05de7c05, 0x033e3723, 0x05ef4c35, 0x2311ad08, 
    0x023e3411, 0x021e3233, 0x150ef201, 0x20170b19, 0x0f1d180f, 0x13232f1b, 0x2a156661, 0x10061b24, 0x27211906, 0x2e303214, 0x182b2139, 0x0a192c0a, 
    0x340b1215, 0x5d3d4334, 0x3450361c, 0x17314e36, 0x27196802, 0x190c1c21, 0x160f1921, 0x0d070e10, 0x2535271e, 0x0906544e, 0x0351030a, 0x2c070a0a, 
    0x1a322725, 0x1e1c1b0f, 0x1a362814, 0x1a19180a, 0x4c312c0e, 0x02d8fd43, 0x3a52322a, 0x3b2b1820, 0x00ffff00, 0x01f5ff2b, 0x020803c0, 0x00440026, 
    0x00060100, 0x00005243, 0x0200b913, 0x0940f9ff, 0x131e3739, 0x380f0250, 0x342b2b4f, 0x8f2a2b93, 0x10000045, 0x2b020b40, 0x28843638, 0x2b4f3724, 
    0x5388342b, 0x53880120, 0x854b6921, 0x3b112127, 0x2787508a, 0x88df0221, 0x4c752127, 0x12212785, 0x204f8545, 0x214f8b44, 0x2788de02, 0x4f828320, 
    0x10401727, 0x38110203, 0x2678824a, 0x4f420f03, 0x43360f02, 0x7f880641, 0x2f870b20, 0x82630121, 0xb70c212f, 0x3f202e82, 0xcb085783, 0x0034342b, 
    0xff2c0003, 0x022503f4, 0x003b0015, 0x0155004c, 0x56ae4009, 0x34630152, 0x01345401, 0xa5012b77, 0x48030125, 0x0279010a, 0x011b9801, 0x08011006, 
    0x0d2c0103, 0x824d0201, 0x27972d39, 0x880227a7, 0x03660103, 0x01035501, 0x05010347, 0x02032503, 0x55970327, 0x660255a7, 0x46550155, 0x82320132, 
    0x173f4217, 0x4a014aa7, 0x770d2182, 0x022d872d, 0x012d1b03, 0x177b171b, 0x010d3b02, 0x02010d1c, 0x2d010d0f, 0x170d0d17, 0x5657032d, 0x55015730, 
    0x01310f85, 0x12173131, 0x45004288, 0x08454501, 0x77278850, 0x2a68012a, 0x012a0701, 0x20502a08, 0x2421881d, 0x883c3f50, 0x38510803, 0x00398835, 
    0x323f0051, 0x333f32ed, 0x5e250386, 0x335d5d5d, 0x05455aed, 0x2f333230, 0x5d01ed5d, 0x39171211, 0x5d2f2f2f, 0x00825d5f, 0x105d5f30, 0x115dedc4, 
    0xed103333, 0x5d5d325d, 0xac453939, 0x20148205, 0x06c8425f, 0x855d0121, 0x05dc6629, 0x6c230321, 0x1e220808, 0x7d5c1702, 0x3233230a, 0xec661716, 
    0x32252513, 0x012e3736, 0x2206ba73, 0x66161415, 0x653608f0, 0x0a205539, 0x22392e21, 0x1e384f32, 0x2c503c23, 0x141a1e0e, 0x51180a04, 0x53270739, 
    0x14514530, 0x67315a21, 0x6a300e02, 0x0f103c34, 0x2a0b0111, 0x272f1520, 0xf901411a, 0x2a080867, 0x12071a1b, 0x28120b11, 0x182b2d40, 0x23105751, 
    0x2c2d2a2f, 0x2e0c1867, 0x1c0b174f, 0x07052440, 0x1b211306, 0x67f32633, 0x9e08061d, 0xff330001, 0x02bd0143, 0x003a0015, 0x4f0d40b2, 0x7f3c5f3c, 
    0x403c033c, 0x02481611, 0x40e0ffb8, 0x48120820, 0x04960c16, 0x040204a6, 0x1e121201, 0x80366026, 0x3c360236, 0x57013c8f, 0x822d012d, 0xe8ffb81e, 
    0x000e4440, 0x011e574d, 0x1e1f1e0f, 0x3bab1e02, 0x012a5827, 0x2a012a49, 0x50232688, 0x01325735, 0x32013246, 0x090c0088, 0x48100918, 0x16100d09, 
    0x10193601, 0x094d0010, 0x29191919, 0x79196919, 0x19080519, 0x3f005100, 0x2b5d5e32, 0xdeddd632, 0x322bcd32, 0x5d5ded10, 0x83333f32, 0x10012505, 
    0x2b5d5df6, 0x102b0982, 0x12c65dd6, 0xcdc52f39, 0x72cec45d, 0x5d2105a0, 0x16a14e05, 0xd94e3720, 0x0bd16107, 0x36323329, 0x030e1737, 0x4e0b3e01, 
    0x0e251199, 0x344d3308, 0xb250181a, 0x221b2415, 0x4e190c27, 0x222a1195, 0x462d070f, 0x643c365b, 0x50182949, 0x04230dc8, 0x4c050709, 0x332a054b, 
    0xf901f4ff, 0x26020803, 0x4f444800, 0x00692105, 0x2a054f44, 0x270940f0, 0x50070025, 0x44260402, 0x2b8f074f, 0x435c8f21, 0x212205ff, 0x28842426, 
    0xff432520, 0x20278506, 0x21538801, 0x27856269, 0x85290821, 0x8b282050, 0xde022127, 0x83202788, 0x17272782, 0x02031040, 0x82392708, 0x04032550, 
    0x04024f31, 0x2b275483, 0xff003434, 0x820700ff, 0x83c320b2, 0x0c0121ab, 0xca20ab85, 0x0123ab84, 0x8240e8ff, 0x000124cf, 0x4e020150, 0x2b82059d, 
    0x2b823c20, 0x2b8af820, 0x84bd8f21, 0x1a012383, 0x28840406, 0x83850520, 0x82f7ff21, 0x03072149, 0x5386ab82, 0x85c36921, 0x09002227, 0x23508905, 
    0xe6ffffff, 0x18202782, 0x2786ab83, 0x27828320, 0x21051548, 0x28821806, 0x10020225, 0x4e02014f, 0xac080891, 0xff330002, 0x033402f3, 0x00220008, 
    0x40e30037, 0x0121ac96, 0xa6012199, 0x1baa011f, 0x01354701, 0x17012196, 0x18690121, 0x01110701, 0x56011077, 0x1ea60110, 0x1d1d1e01, 0x21012115, 
    0x23820401, 0x16181b26, 0x0e822e26, 0x00340024, 0x011a5e02, 0x1f011a4b, 0x3f1a2f1a, 0x0e0f031a, 0x08020e1f, 0x0e1a2600, 0x00261a0e, 0x69383904, 
    0x02187918, 0x16771918, 0x13551601, 0x01134601, 0x74298813, 0x21650121, 0x01215701, 0x2b012136, 0x1b01011b, 0x19220321, 0x09291929, 0x851d4d22, 
    0x88334f1e, 0x09590949, 0x00510902, 0x3fed5d3f, 0x055148ed, 0xbe641220, 0xed102706, 0x5d325d5d, 0x48473311, 0x058c7408, 0xed105d2f, 0x33333311, 
    0x32edd410, 0x2f325d32, 0x08504733, 0xd75e5d20, 0x09885105, 0x67099270, 0x272b05a3, 0x17011e37, 0x26340337, 0x18012e35, 0x0809546b, 0x02023e72, 
    0x2c206b34, 0x485f3817, 0x1d3b593b, 0x36573c21, 0x0c124c33, 0x6617782b, 0x163b3321, 0x677c1d39, 0x204a2201, 0x11243929, 0x23352312, 0x0d213b2e, 
    0x36259102, 0x7b425e90, 0x482c395f, 0x5a38335e, 0x0e20213f, 0x3f294450, 0x33252723, 0x2b24310e, 0x100875fe, 0x19161e08, 0x24223a2c, 0x2c1d3141, 
    0xffff5c48, 0x00005000, 0xdf02f401, 0x51002602, 0x06230982, 0x41677500, 0x272706df, 0x50070018, 0x42260201, 0x00270507, 0x02f3ff33, 0x8208031b, 
    0x84522027, 0x72432227, 0x05074300, 0x0940e829, 0x00092123, 0x4f0e0250, 0x53820554, 0x8f212b8f, 0x23538465, 0x20221902, 0x21202884, 0x6382538c, 
    0x53850020, 0x856b6921, 0x25002127, 0x4f87508a, 0x2785a384, 0x866c7521, 0x852f2027, 0x8b2e204f, 0xde02214f, 0x8320a388, 0x17274f82, 0x02031040, 
    0x82342200, 0x0e032678, 0x0e024f2c, 0x06574720, 0x03005f08, 0x2d003500, 0x2902ff01, 0x17000b00, 0x63001b00, 0x1b9f4040, 0x60021baf, 0x1b4f011b, 
    0x00021b5f, 0x021b101b, 0x03191b08, 0x120d400f, 0x15090f48, 0x19901980, 0x2f191f02, 0x15500219, 0x15901580, 0x19151903, 0x121c1d15, 0x1aaf180c, 
    0x1a500600, 0x2f001a01, 0x10cdde5d, 0x01cddefd, 0x8b561211, 0xc0102806, 0x10c02bdd, 0x825d5ecd, 0x30312200, 0x0a976525, 0x0b8a0320, 0x15210729, 
    0x191a0121, 0x8a192323, 0x01fe2903, 0x2d36feca, 0x211c1c21, 0x01210383, 0x21098782, 0xbb824f5c, 0xff33f108, 0x021b02dc, 0x001a002b, 0x012a0022, 
    0x97d3403c, 0x0225a725, 0x78012576, 0x021da81d, 0x53011864, 0x17560118, 0x010e4901, 0xaa010e3b, 0x0a5b010d, 0x36020a6b, 0x02014601, 0xa70100a6, 
    0x259b012a, 0x01257901, 0x5a01256b, 0x22a90125, 0x011d9401, 0x65011d76, 0x1d54011d, 0x01185701, 0x0a880a58, 0x011d9802, 0x79010d98, 0x020d890d, 
    0x0d1d1e18, 0x0c0c190c, 0x1520280b, 0x97010a99, 0x00760100, 0x0a020086, 0x1a002526, 0x19151a0b, 0xaf010ba0, 0x190b0119, 0x5910190b, 0x02236923, 
    0xab038223, 0x012c8f2c, 0x1b661b56, 0x0f821b02, 0x02101f10, 0x2bab1008, 0x25012598, 0x20491e1e, 0x20022059, 0x00191a88, 0x01186618, 0x97501518, 
    0x261d011d, 0x56284626, 0x88280228, 0x0a0d0b0c, 0x0a010a69, 0x3f005108, 0x33115d33, 0x5ded32c6, 0x5d331132, 0x012b0c8c, 0x5d5ef610, 0x105d5ded, 
    0x4d5dedf6, 0x5d2005f7, 0x32200782, 0x2106f64d, 0x37825d5d, 0x33113322, 0x8206f04d, 0x6831200e, 0x16821242, 0x012b0284, 0x1415011e, 0x2223020e, 
    0x57270727, 0x200808d8, 0x17371716, 0x13171405, 0x06222326, 0x03273405, 0x36323316, 0x1f1ce001, 0x355a4124, 0x35313a4f, 0x320a8536, 0x311d4527, 
    0x157dfe35, 0x453124d4, 0x1628014f, 0x823322d3, 0xbd350807, 0x3e395d23, 0x29274864, 0x23462840, 0x653d395e, 0x14162748, 0x41ff2840, 0x1c12012d, 
    0x2f3e5967, 0x671beefe, 0xff000000, 0xff4a00ff, 0x03ee01f5, 0x00260208, 0x05574358, 0x132f1782, 0xff0100b9, 0x190940e8, 0x50000717, 0x46180901, 
    0x2b8f075f, 0x005a8f2a, 0x0b401000, 0x16181901, 0x17202884, 0x85060743, 0x88012027, 0x60692153, 0x00212785, 0x87508a1b, 0xde02217b, 0x83202788, 
    0xb3452782, 0x2a182105, 0x02265082, 0x014f2209, 0x874a1609, 0xff022409, 0x84df0144, 0x845c20ab, 0x438f21ab, 0x2e245785, 0x13202123, 0x0044a882, 
    0x025e0805, 0x47ff5000, 0x08031a02, 0x25001000, 0x45406800, 0x9a012399, 0x00890102, 0x01005a01, 0x00010049, 0x0111a87f, 0x58011199, 0x11290111, 
    0x11491139, 0x27ab1103, 0x7f19081d, 0x0826aa1b, 0x211e8803, 0x1a4e1d50, 0x9b098b4b, 0x0c090209, 0x9b198b88, 0x16190219, 0x333f0051, 0x5d32ed5d, 
    0x4c183f3f, 0x322208a1, 0xd762f610, 0x5d5d2605, 0x5d5d3031, 0x06616101, 0x4c181120, 0x372010a2, 0x08076b54, 0x4b5ab929, 0x161d200f, 0x26401105, 
    0x10243928, 0x573c1f61, 0x11452d38, 0x391a5d5d, 0x435f391a, 0x5b030125, 0x06050463, 0x18befe02, 0x360ca94c, 0xfe10b103, 0x260b09f7, 0xffff6546, 
    0x44ff0200, 0xde02df01, 0x41002602, 0x83220503, 0x85700049, 0x25142c05, 0x50132037, 0x4f2f0902, 0x41230901, 0x08260933, 0x8f020000, 0x935b6303, 
    0x008a2108, 0x2008eb5b, 0x0feb5b19, 0xf5ff2b26, 0xc702c001, 0x2908174c, 0x00004b8a, 0x020b4010, 0x674c3611, 0x0008260d, 0x038f0200, 0x23538789, 
    0x8d006101, 0x26054f4f, 0x2b1d0002, 0x5b501106, 0x342105e2, 0x08e34c00, 0x4ced0221, 0x6121083b, 0x24538648, 0x131e483a, 0x05664c50, 0x00342508, 
    0xff080002, 0x02920245, 0x002800b5, 0xb5e3002f, 0x120b3022, 0xffb80f48, 0x0d7840f8, 0x0f104d00, 0x110c0d0e, 0x08187818, 0x2d2e2f28, 0x2c050b2c, 
    0x78187305, 0x54080910, 0x2c2b2a29, 0x002c000c, 0x140c1173, 0x2c0c1111, 0x1c11062c, 0x1d011d8f, 0x23af239f, 0x11172302, 0x70314031, 0x0331a031, 
    0x0f01310f, 0x02061f06, 0x00300608, 0x04033100, 0x2c5f2f79, 0x2c7f2c6f, 0x292c2903, 0x1d0c112c, 0x11191c20, 0x0b410c42, 0x00420641, 0x2300823f, 
    0x32cd32de, 0x26064a45, 0x1132ed33, 0x5b012f33, 0xd62506cf, 0xcc5dcdde, 0x281b835d, 0x18872f19, 0x7d872b10, 0x06d35bc4, 0xcf5b0e20, 0x0ee75b0b, 
    0x1c828720, 0x31c4c42b, 0x2b2b0130, 0x27012e05, 0x3d6e1821, 0x010e2608, 0x15010e07, 0x055e4a14, 0x2223012a, 0x36343526, 0x03013e37, 0x1a822482, 
    0x11260226, 0xc6fe101f, 0x09317818, 0x28464236, 0x0e0f1e09, 0x17072810, 0x230b070b, 0x19363814, 0x570d0811, 0x2205ce5b, 0x18592d02, 0x08084578, 
    0x6dbba7a3, 0x10101405, 0x031d0e18, 0x06053d04, 0x2b172329, 0x010c0812, 0x4ba35708, 0x0057a34b, 0x2b000200, 0xc00145ff, 0x0e001502, 0xb4004b00, 
    0x37287540, 0x0a302601, 0x42984812, 0x01380401, 0x04012629, 0x0a980112, 0xaf279f01, 0x8f270227, 0x1b210121, 0x013fa803, 0x14277f3f, 0x1e140e01, 
    0xaa140214, 0x014d2f4d, 0x30492048, 0x03494049, 0xa5820c49, 0x97030135, 0x351c0135, 0x0202352c, 0x3501350f, 0x2024214c, 0x3a3f301d, 0x079f0488, 
    0x000207af, 0x07080107, 0x00030f07, 0x30152d88, 0x88454851, 0x7b5e1849, 0xed332608, 0x2f391232, 0x053d5d5e, 0xcd32dc29, 0xd6100132, 0x825d5f5d, 
    0xc4ed2f02, 0x105d325d, 0xfd5d5df6, 0xccd5d05d, 0xdc48cd5d, 0x2b012208, 0x875e185d, 0x154e4114, 0x010e3722, 0x1817884d, 0x23129f5e, 0x120e0f1d, 
    0x27096041, 0x0e05111c, 0x18311705, 0x2ab15e18, 0x41170921, 0x06240e79, 0x0402050b, 0x17c35e18, 0x2e068357, 0x02a40353, 0x00260026, 0x00070100, 
    0x43ad008f, 0x01280557, 0x04282a42, 0x09015023, 0x2a09db57, 0x01f4ff33, 0x020803bd, 0x45460026, 0x5d2f050b, 0x40100000, 0x2440010b, 0x501d0522, 
    0x45230a01, 0x3a26068b, 0x5302f1ff, 0x53889d03, 0xb3006922, 0x28225386, 0x5384292d, 0x29832a20, 0xff000024, 0x538500ff, 0x53880120, 0x85636921, 
    0x27272253, 0x20538423, 0x20538c24, 0x2153877c, 0x53896201, 0x84302a21, 0x8d282053, 0xe0022153, 0x01215387, 0x21538762, 0x53842a24, 0x538c2220, 
    0x5388a120, 0x53895f20, 0x842c2821, 0x8d2d2053, 0x05032153, 0x5f205388, 0x22215387, 0x20538426, 0x25538627, 0x02faff56, 0x5383038f, 0x00002728, 
    0x5f010701, 0xb3548f00, 0xff022c05, 0x1e0940da, 0x50000822, 0x59230b02, 0xff82095b, 0x039c0227, 0x00260008, 0x312f8447, 0x00ad01cf, 0x40230000, 
    0x1c402219, 0x4022481c, 0x04821111, 0x820f0f21, 0x09082104, 0x08230483, 0x832b0148, 0x30312100, 0xff212682, 0x07e35aff, 0x00060223, 0x211082ab, 
    0x4f830002, 0x4f824720, 0x000e5008, 0x40890029, 0x011f0a5e, 0x37011b0b, 0x020a470a, 0x250e0f27, 0x0f12157f, 0x02101f10, 0x562baa10, 0x02086608, 
    0x1d568208, 0x1d961d66, 0x0f041da6, 0x021d1f1d, 0x122aab1d, 0x28cf28bf, 0x280328df, 0x00942713, 0x000200a4, 0x25948803, 0x6d0225a4, 0x35080723, 
    0x0b960e50, 0x15880b01, 0x4e105118, 0x333f3f00, 0x3f325ded, 0x5d335d5e, 0xde5d32ed, 0x325dcd32, 0x5df61001, 0x105ded5d, 0x33ce5df4, 0xce33c0fd, 
    0x5d5d3031, 0x5e18015d, 0x15240e63, 0x11231533, 0x230e1f6d, 0x01333523, 0x0d6b5e18, 0x204a4a22, 0x0c6d5e18, 0xb1b12208, 0x1a0e9601, 0x2845321c, 
    0x0407625b, 0x5d10a702, 0x09a9fd45, 0x64472512, 0x47633c3f, 0x790b1827, 0x080b5b45, 0x63031622, 0x2008e75c, 0x0c175d8a, 0x175d0c20, 0xff332610, 
    0x02f901f4, 0x08734ec7, 0x63488a20, 0x00022805, 0x07002624, 0x41040250, 0x002508db, 0x03160200, 0x23578789, 0x61006101, 0x2c05db41, 0x40eaff01, 
    0x001e1009, 0x0101500a, 0x0cdb410c, 0xed205782, 0x012b5787, 0x00005b61, 0x020b4010, 0x4f352904, 0xc75d0c1b, 0x887c2005, 0x8c622057, 0x140e21af, 
    0xe0205795, 0x62205788, 0x21074b4f, 0x57892d27, 0x01003a08, 0x45ff5600, 0xb5021a02, 0x53002300, 0x301c3140, 0x9f481208, 0x021daf1d, 0x01178f1d, 
    0x03071117, 0x0a1f0a0f, 0x250a0802, 0x00730804, 0x131a24a8, 0x0779050b, 0x79090107, 0x677a1800, 0xed332809, 0xed2f3912, 0x18cdde10, 0x200a6b7a, 
    0x050c45dc, 0x11332b24, 0x01871521, 0x20164b46, 0x897a1837, 0x123c460a, 0xb5020827, 0xf051ce53, 0x112e4651, 0x00060d34, 0x33000200, 0xf90145ff, 
    0x30001502, 0xdb003900, 0xc08325b5, 0xffb80730, 0x080e40f0, 0x102e4d00, 0x254d000f, 0x60180d20, 0x20330f25, 0x294d000f, 0x26af269f, 0x8f1f2602, 
    0x19200120, 0x82401312, 0x31133312, 0x3bab0882, 0x39013b5f, 0xb5f8ffb8, 0x394d000e, 0x09860c82, 0x00820c22, 0x0b296018, 0x0c202008, 0x0f4c000d, 
    0x02001f00, 0x3aab0008, 0x0f121c23, 0x87392c88, 0x0bb00ba0, 0x050b0b02, 0x822c1329, 0x1640212c, 0x47264182, 0x512c012c, 0x09820834, 0x10342408, 
    0x344d000d, 0x00500588, 0x2b2bed3f, 0x332b5d3f, 0x2f391233, 0xed10ed5d, 0x01cddc32, 0x5d5ef610, 0x82ed2b2b, 0x105d3101, 0x2bd4edf6, 0x5dccde32, 
    0x325dcd32, 0x2b003031, 0x01220082, 0x70592b2b, 0x15162105, 0x0c2a6018, 0x010e0725, 0x47161415, 0x31430d9d, 0x40601805, 0x10223419, 0x11170f11, 
    0x0707160c, 0x3310260c, 0x081f213b, 0x18440811, 0x341c5260, 0x11111a0d, 0x0c110c19, 0x063d0205, 0x17282405, 0x01011a34, 0x64601829, 0x08bf6008, 
    0x9b42a120, 0x005f2208, 0x0af34264, 0x00100c27, 0x0101500a, 0x0ef34211, 0x42050321, 0x5f20089b, 0x25079b42, 0x07002824, 0x565e0250, 0x26578205, 
    0x02f2ff3a, 0x829d035e, 0x002a2827, 0x00070100, 0x46bb0069, 0x2b270623, 0x010b292d, 0x46100150, 0x44240b23, 0x0103f201, 0x4a202b82, 0x06232b82, 
    0x43736900, 0x1c280547, 0x10072f33, 0x300c0250, 0x8308cf45, 0x87892053, 0x61012353, 0x5387b800, 0x843a2c21, 0x0b234653, 0x02215382, 0x225387ed, 
    0x86706101, 0x40322153, 0x5f4f5384, 0x20a78507, 0x2053887c, 0x21a78962, 0x5383302a, 0x538f1120, 0x5388e020, 0xa7876220, 0x8e363021, 0x02442453, 
    0x88c5025e, 0x00d02b53, 0x000000f9, 0x0e01b60a, 0x52822a34, 0xff342b26, 0xff3300ff, 0x03219f82, 0x244b860d, 0x00d10107, 0x262382c1, 0x020b4010, 
    0x89383037, 0x08ef444d, 0x9d036b22, 0x2b212b82, 0x054b4100, 0xf786a420, 0x0d110028, 0x01500107, 0xc7460e00, 0x82352008, 0x03f42621, 0x003602c2, 
    0x234f824b, 0xf4bb0206, 0x00290682, 0x00130002, 0x02c80200, 0x080782b5, 0x66001744, 0x19103e40, 0x0e061401, 0x0f070973, 0xa80b010b, 0x80195019, 
    0xb0199019, 0x03150419, 0x0002730f, 0x1201120f, 0x000918a8, 0x0a137904, 0x00791614, 0x020e100e, 0x030e0e08, 0x420d4210, 0x41034106, 0x00823f00, 
    0x2f391231, 0xdefd5d5e, 0x32ed3232, 0xf6100132, 0x8233cd5d, 0x825d2008, 0xcd322108, 0x31280882, 0x33135d30, 0x21153335, 0x33260382, 0x23112315, 
    0x03822111, 0x0129233a, 0x50132115, 0x61530161, 0xfe615050, 0x025061ad, 0x01adfe04, 0x63520253, 0x47290082, 0x4001f5fd, 0x0b02c0fe, 0x22b38377, 
    0x84060001, 0x000832cb, 0xb38c0021, 0x11011106, 0x40f8ffb8, 0x00100f44, 0x080c824c, 0x0110163c, 0x0f407f15, 0x02131f13, 0x8f23aa13, 0x0223ff23, 
    0x23cf235f, 0x80090a02, 0x057f2006, 0x020102c0, 0x2122aa00, 0x204a144a, 0x030e881b, 0x08cf08bf, 0x080308df, 0x0109c002, 0x48830e09, 0x48830e20, 
    0x5022d986, 0xd2824e06, 0x2b5d5e2d, 0xcd325dde, 0xed10325d, 0x823f3f32, 0x5dce29d2, 0x1a32fd33, 0x715d33cc, 0x1a31d582, 0x003031ed, 0x012b5d5d, 
    0x2311335d, 0x37353335, 0x20d68215, 0x05f16115, 0x0cd25c18, 0x4a4a5028, 0x1ab1b15d, 0x5b181d3b, 0x023f0df4, 0x104d4566, 0x0a6c455d, 0x583f230b, 
    0x01e0fe35, 0x2a44300c, 0x06050413, 0xff54fe02, 0x82e3ffff, 0x032c26eb, 0x0026027b, 0x2409822c, 0xff750007, 0x06e341cc, 0x04130127, 0x01500100, 
    0x064f5c00, 0xdb202b82, 0x24242182, 0x2602df02, 0x27069754, 0x0000c475, 0x010b4010, 0x01242982, 0x02015000, 0x27822984, 0x2782f920, 0x63031522, 
    0x8a225388, 0x5382cbff, 0x00b93e2f, 0xb3c0ff06, 0x054d0010, 0x40c0ffb8, 0x26088226, 0x100d4007, 0x84044c01, 0x200b8305, 0x250b8400, 0x00014c00, 
    0x00640504, 0x842b2009, 0x20578200, 0x225782f1, 0x88c7020d, 0xc38a237f, 0x55ae0000, 0x0624a784, 0x342b2b4f, 0x2b265484, 0xffff0000, 0x57830100, 
    0x87890321, 0x610123af, 0x0341c8ff, 0x08002206, 0x20878416, 0x085b6404, 0x0522db83, 0x8387ed02, 0xc0610122, 0x82050341, 0x855b8429, 0x013c0829, 
    0x45ff1100, 0xb502c100, 0x37001900, 0x30122140, 0x8f481208, 0x02139f13, 0x010e7f13, 0x1b00080e, 0x01a81b01, 0x1aa81973, 0x02190a10, 0x00410042, 
    0xde333f3f, 0xf61001cd, 0xdc5de6fd, 0x22060747, 0x46113313, 0x06200bfe, 0x2508494d, 0x0b615637, 0xd04b0c17, 0x2a182f06, 0x111a3539, 0x02050d08, 
    0x084bfdb5, 0x1f4d0d12, 0x4d0b2006, 0x0d26051e, 0x02000004, 0x8b820900, 0xe002ba2b, 0x24001800, 0x20405300, 0x088d830f, 0xaf109f38, 0x8f100210, 
    0x050b010b, 0x26102600, 0xaa260802, 0x1c7f1822, 0x1925aa16, 0x40c0ffb8, 0x48120c10, 0x531f8919, 0x0d0b4917, 0x0016070a, 0x323f004a, 0x32cd32de, 
    0x63183f3f, 0xb1470a2d, 0x4d062008, 0xa68a09f1, 0x63181120, 0x18210d48, 0x22b28d14, 0x185d060e, 0x21075963, 0xb68a1512, 0x09132a22, 0x0820cd82, 
    0x0b6b6318, 0x00ffff29, 0x0000004b, 0x417c03c3, 0x622008a3, 0x2109d365, 0xa3410c06, 0x0100230b, 0x2b825000, 0x0802ad37, 0x1f000300, 0x05001140, 
    0x08020510, 0x7f03aa05, 0x0204aa01, 0x24c98349, 0xf610013f, 0xed6318fd, 0x5dad2208, 0x202b825d, 0x20638200, 0x27378242, 0x02e002ba, 0x004c0006, 
    0x562a0f83, 0xb402f1ff, 0x2600b502, 0x19822c00, 0x2d000724, 0x17841101, 0x45ff4226, 0xe002bb01, 0x27821782, 0x00070025, 0x8401014d, 0xff083217, 
    0x03fa01f1, 0x0026029d, 0x0100002d, 0x00690007, 0x074742b6, 0x12141426, 0x12015013, 0x82057e52, 0xbcff245b, 0x580147ff, 0x5d20050b, 0x58057b46, 
    0x4a27060b, 0x0c031115, 0x430b0150, 0x0027064b, 0x0244ff56, 0x82b5026f, 0x822e2053, 0x01072427, 0x82cc00d0, 0xb90d2b8b, 0xcbff0100, 0x121d27b4, 
    0x7f5d500a, 0xff502605, 0x03fc0144, 0x20278208, 0x2027864e, 0x20278794, 0x212782d0, 0x2786050d, 0x00005629, 0xf802f702, 0x84002600, 0x6e00224f, 
    0x2cab8202, 0x14401d00, 0x1616401b, 0x14401b48, 0x21048214, 0x04821111, 0x4c0d0821, 0x31210512, 0x21508230, 0x37825000, 0x020b7d08, 0x001a0008, 
    0xc82540b5, 0x097a0115, 0x0106f801, 0x69010557, 0x0b36010b, 0x010b2901, 0x28010a69, 0x09f9010a, 0x01086801, 0x06010206, 0x40e0ffb8, 0x48171452, 
    0x01152406, 0x2b0115b6, 0x00db0100, 0x00fb00eb, 0xc900b903, 0x00760200, 0x16001501, 0x15107f00, 0x15101014, 0x94057416, 0x05660205, 0x101c0501, 
    0xaa0e7f0c, 0x6549161b, 0x29000100, 0x02103910, 0x15061010, 0x0d490f49, 0x10fc6318, 0x5d335d3c, 0xf610013f, 0xd610c0fd, 0x87c65d5d, 0x7d872b10, 
    0x5d5d01c4, 0x715d715d, 0xb5822b32, 0x9e187120, 0x52080b75, 0x17031e01, 0x27032e23, 0x33112315, 0x37033e15, 0x01030e33, 0x45481f0e, 0x166e153c, 
    0x1d42403b, 0x3e185d5d, 0x6c11363f, 0x3e3f3b16, 0x43161b01, 0x2223514e, 0x13384247, 0xdf0802f6, 0x393f3d17, 0x403d1813, 0x00ffff3f, 0x01000056, 
    0x02a403f7, 0x822f0026, 0x00072409, 0x48ddff8f, 0x922a07b7, 0x06080940, 0x01500002, 0xb7480703, 0xff3b3109, 0x03f900f6, 0x003602b8, 0x0000004f, 
    0xdeba0206, 0x47830682, 0x0144ff25, 0x87b502f7, 0xd0012347, 0xaf41a800, 0xb4e32307, 0x46820812, 0x2205d741, 0x8244ff27, 0x8208203f, 0x323f8227, 
    0xd0010601, 0x0d000013, 0xff0100b9, 0x0e18b4d1, 0x6f500b02, 0x97840733, 0x86b60221, 0x0106394f, 0x00ae7bcf, 0x4006b53f, 0x06480808, 0x40c0ffb8, 
    0x4812120e, 0x15144006, 0x18210482, 0x22128518, 0x821c1c14, 0x2221210d, 0x25240482, 0x17014825, 0x4f82bc84, 0x23051945, 0x0030312b, 0x4e28a782, 
    0x4a01f6ff, 0x26000803, 0x7f82bf83, 0x005bcf2a, 0x00b91300, 0xb7c0ff0c, 0x0c265182, 0x48090840, 0x2b862b01, 0xd3898385, 0xcf00622b, 0x0a00c8fe, 
    0x086401b6, 0x86d0840e, 0x8873204f, 0x0107244f, 0x827b0062, 0x08519423, 0x0000004d, 0x00feff01, 0x02090200, 0x000d00b5, 0x6a3b4060, 0x037b010b, 
    0x01036901, 0x0b0a0f00, 0x0473080d, 0xa8020705, 0x860a760e, 0x030a960a, 0x04890b0a, 0x04020499, 0x010b9905, 0x29010b88, 0x0519010b, 0x01050b01, 
    0x790d4107, 0x5a004201, 0x5d20057b, 0x11220082, 0x02825d33, 0xf610012b, 0xfd32ce32, 0x1032cc32, 0x82ea82c6, 0x25270817, 0x07112115, 0x33113727, 
    0x07173711, 0xfe090215, 0x6a21495f, 0x94207461, 0x1e015454, 0x01364225, 0x3ceefe44, 0x83fc4d42, 0x03002597, 0x2101f6ff, 0x132fc782, 0x01b64f00, 
    0x480b0820, 0xffb81315, 0x822340c0, 0x80133409, 0x090e0c0b, 0x0806057f, 0x0c14aa03, 0x9305060b, 0x8389010b, 0x0900268a, 0x0088134e, 0x828a8851, 
    0x87332069, 0x32ce2486, 0x832bdc1a, 0x172b2588, 0x013d012e, 0x37208783, 0x27088784, 0x17021e14, 0x394856fa, 0x495d5920, 0x1208681f, 0x020a161e, 
    0x1dcc4a46, 0x56012d3e, 0x26cafe10, 0x17ed363e, 0x0309121e, 0x24059b42, 0xa4038202, 0x07ab6902, 0xaa008f32, 0x10009c00, 0x19010b40, 0x12091416, 
    0x150a0150, 0x2008af49, 0x05e34850, 0x2008ab5a, 0x06d7568f, 0x181a1928, 0x01500700, 0x77501902, 0x02442408, 0x87b50282, 0xd0012353, 0xff82ee00, 
    0x00b90d28, 0xb4e4ff01, 0x55821620, 0x22097f44, 0x861302f4, 0x8207204f, 0x89a42027, 0x1a242127, 0x27855382, 0x00005626, 0xa1038202, 0x5f224f88, 
    0x2345b000, 0x84182008, 0x094b65a3, 0x0520a385, 0x06245386, 0x00665f01, 0x0022cd84, 0xa3841c18, 0xa3861d20, 0x53820720, 0x0803f22d, 0x31002600, 
    0x06000070, 0x82935e01, 0xffff227a, 0x23178200, 0x0803f401, 0x17833f88, 0xb9831320, 0x09402623, 0x20e68523, 0x0510411e, 0x8205d34e, 0x006308e7, 
    0xb9890020, 0xd0ff1300, 0x0d082f40, 0x67191a48, 0x00090109, 0x0e730005, 0x090e1409, 0x730e2000, 0x0522a810, 0x21a80773, 0x120f4005, 0x01055d48, 
    0x8001054b, 0x020e900e, 0xb8ffb80e, 0x49102040, 0x0e500e40, 0x34030e60, 0x0e05010e, 0x09410f06, 0x19410841, 0x111d1a16, 0x00010099, 0x3f004206, 
    0x47335d33, 0x3f270547, 0x5d393912, 0x825d2b5d, 0x10013a03, 0xf610edf6, 0x87c132fd, 0x05872b04, 0x5d01c47d, 0x3132cc18, 0x2e252b30, 0x7e821803, 
    0x6714200a, 0x29080531, 0x33011e37, 0x02353632, 0x645d2323, 0x4d5f2862, 0x5d696b2f, 0x200c5f20, 0x250e2d3a, 0x1b08090b, 0x18192508, 0x838e8e39, 
    0x8218fd2d, 0x2e2b0b96, 0x05182f46, 0x02034903, 0x82002d31, 0x00013500, 0x0145ff50, 0x001302f4, 0xb3660025, 0x0b011c68, 0xb6d0ffb8, 0x2f08f182, 
    0x06010606, 0x40f8ffb8, 0x00100f27, 0x1811124c, 0x1f080f7f, 0x08080208, 0x27bf27aa, 0x257f2301, 0x4a2426aa, 0x0e111512, 0x234a0952, 0x0300881e, 
    0xb5202b82, 0x032d2a83, 0x2b3f0050, 0x3f32ed33, 0x32cd333f, 0xa366183f, 0x83fd2008, 0x2b0022c7, 0x20e78201, 0x07b24a13, 0x1134c78d, 0x23022e34, 
    0x07020e22, 0x20502311, 0x523e456a, 0x210d1431, 0x1d20cb89, 0x08f56b18, 0x0abc6618, 0x012dcc8a, 0x2a443021, 0x04030213, 0x0049fe01, 0x08fb6b00, 
    0xcf6b6320, 0x008a2208, 0x08e373c9, 0x260f276c, 0x02f3ff33, 0x5cc7021b, 0x8a2908e3, 0x1000006b, 0x00020b40, 0x0d335d20, 0xf1ff3a26, 0x8903d002, 
    0x01235387, 0x87c60061, 0x3a2c2453, 0x6c500900, 0x2358051e, 0x20538505, 0x225387ed, 0x86686101, 0x32242453, 0x5d500009, 0x34200532, 0x2b6da788, 
    0x65012308, 0x5382e300, 0x10401727, 0x2a2a0203, 0x2654822c, 0x4f2d0403, 0x67290402, 0x0b5e0bfb, 0x8207200d, 0x00852333, 0x33850000, 0x82242221, 
    0x0e03265e, 0x0e024f25, 0x25338b21, 0x02000056, 0x67830363, 0xaf463520, 0x07674f05, 0xe3ff022b, 0x292b0940, 0x02500511, 0x06124f14, 0xc35e0020, 
    0x03782206, 0x20bf8208, 0x232f8255, 0x248f0006, 0x0129bf84, 0x0e12141b, 0x00015005, 0x0a174413, 0xbc026322, 0x57842782, 0x00d00123, 0x05ef43c9, 
    0xceff0225, 0x822b35b4, 0x05ef4356, 0x44ff1226, 0x13027801, 0x01234f87, 0x4600fed0, 0x7c2305bf, 0x82141eb4, 0x20258251, 0x85778300, 0x88a120a7, 
    0x005f224f, 0x0557476a, 0xcaff0226, 0x2d290940, 0x2e20a784, 0x20095747, 0x229d8250, 0x88050378, 0x295f2157, 0x0122a785, 0xa7841612, 0xa7861720, 
    0xf1ff2124, 0xff84f501, 0xff863620, 0xbb415220, 0x22012905, 0x242d3133, 0x320e0150, 0x24081345, 0x01f4ff28, 0x82fb8497, 0x8201208d, 0x852120fb, 
    0x301d2853, 0x50232a2e, 0x8c2f0d01, 0x829d2053, 0x2053857b, 0x0f521869, 0x32362109, 0x33205384, 0x0120538e, 0x072f4d18, 0x27690022, 0x03225385, 
    0x53842f33, 0x29843020, 0x00013d08, 0x0143ff21, 0x00c502f5, 0xb9380149, 0xd0ff2e00, 0x12084440, 0x010d0948, 0x35012297, 0x862c3e34, 0xa6299629, 
    0x28290329, 0x25280c41, 0x130c3a3a, 0x990112a8, 0x12880112, 0x02251201, 0x1c7b8118, 0x1209403b, 0x25864d00, 0x25022596, 0x40c0ffb8, 0x480e0b5f, 
    0x25012516, 0x0c761b4b, 0x34198210, 0x19010c9a, 0x020c890c, 0x4046470c, 0x46480e08, 0x3e38314a, 0x74811841, 0x8422080a, 0x1e52011e, 0x011e0401, 
    0x051e0508, 0x47470f1e, 0x00674701, 0x467c0001, 0x4d000f08, 0x46014658, 0x81184128, 0x332a2f75, 0x5ded2b5d, 0x39125d32, 0xef612f39, 0x105d2b06, 
    0x01cddedd, 0x322bd610, 0x1c825dd6, 0x5dd61023, 0x2306822b, 0x10393911, 0x16798118, 0x2f391234, 0x39123912, 0xcd5d3311, 0x3132ccce, 0x015d0030, 
    0x81182b5d, 0x0f202084, 0x24089d5e, 0x1e372726, 0x08c07301, 0x032e3722, 0xf7250f83, 0x3b2e1b98, 0x9b811821, 0x646b2118, 0x26122865, 0x3f26070c, 
    0x180a2432, 0x2423b081, 0x180a6051, 0x0f9a7b0e, 0x0e1d0b2b, 0x100f0b01, 0x200d5006, 0x08008200, 0x280001b3, 0x970143ff, 0x48001502, 0x00b9f600, 
    0x40d0ff2f, 0x48120898, 0x01012513, 0x0c1d0125, 0x010c0f01, 0x01099a08, 0x1a0146a6, 0x3a262a26, 0x22760326, 0x0121b801, 0x25012172, 0x020d350d, 
    0x7a010d14, 0x06a70108, 0x01069801, 0x29010568, 0x02053905, 0x2d3f3635, 0x2a772a67, 0x42272a02, 0x3b242745, 0x2124453b, 0x2105081e, 0x1e7f0805, 
    0x211e1421, 0x051e1e08, 0x137f031a, 0x1a4aab24, 0x49450b7f, 0x8b3f3932, 0x02059b05, 0x9801057a, 0x021ec81e, 0xc60e1e05, 0x46b70146, 0x88004601, 
    0x51422745, 0x13881714, 0x0e010ea8, 0x5d3f0050, 0x3f32ed33, 0x33048233, 0x39125d5d, 0x5d5d5d39, 0x01cddedd, 0xedd6de10, 0xedc4f610, 0x240fbd41, 
    0x39121101, 0x09b54118, 0x4818ce20, 0x5e201189, 0x5d244182, 0x3632372b, 0x1def6718, 0x27198875, 0x27012e37, 0xc9011e37, 0x18096818, 0x2a3a2427, 
    0x044b5016, 0x138b7507, 0x473f0725, 0x1810110d, 0x2f162068, 0x13141912, 0x241b0e0a, 0x483e2533, 0x060e0809, 0x0810c741, 0x0e1f0c70, 0x50061502, 
    0x00001806, 0xff100001, 0x02250243, 0x002300b5, 0x064f407f, 0x4d001118, 0x100d2006, 0x28064c00, 0x4c000c08, 0x150106aa, 0x18210018, 0x1f201921, 
    0x8f1d7f25, 0x1d00021d, 0x0b1f1d01, 0x1f11030c, 0x1a7f1973, 0x00021a8f, 0x0f1a011a, 0x021c1f1c, 0x0b241c08, 0x150f0c08, 0x791e4220, 0x411c791a, 
    0x3f004219, 0x3feded3f, 0x525cdedc, 0x5d5e2b05, 0xc05d5ddd, 0xcecdd5fd, 0x09821032, 0xc010c631, 0x11393911, 0x31331133, 0x2b5d0030, 0x7e052b2b, 
    0x01271440, 0x23112337, 0x82152135, 0x010e2305, 0xfe672601, 0x08122911, 0x1502da0e, 0x0a0513da, 0x2a114c7e, 0x020f280e, 0xfd545461, 0x83130a9f, 
    0xff4a3feb, 0x02800143, 0x003200a9, 0x4f1c406c, 0x00860134, 0x06020096, 0x48120820, 0x00151518, 0xd6833030, 0x221d1138, 0xffb82d2c, 0x0e1d40c0, 
    0x342d4818, 0x1d7f1f23, 0x292c33aa, 0xdb843088, 0x30182d30, 0x1f872251, 0x3f004920, 0x333fedcd, 0xdb83dd33, 0x32ed1032, 0xedf61001, 0x2bd61032, 
    0x3911c632, 0x32c6c52f, 0xd885d582, 0x5d012b23, 0x23d8975d, 0x1135032e, 0x22052153, 0x56021e14, 0x072006e4, 0x0720e482, 0x0d35e491, 0x20352808, 
    0xc5c55d0d, 0x1824180c, 0x120a332a, 0x0426390d, 0x08f09107, 0x0f210d30, 0x49342005, 0x10d0012f, 0x27f04ea1, 0x130c1d33, 0x13064d04, 0x000d0802, 
    0x1000ffff, 0x25020000, 0x2602a103, 0x00003700, 0x5f010701, 0x5f465e00, 0x08002806, 0x5000060c, 0x460d0001, 0x4a26080b, 0x8001f5ff, 0x2b820803, 
    0x2b825720, 0xd2010634, 0x2100005e, 0xff1800b9, 0x101240c0, 0x40184810, 0x04820d0d, 0x85090821, 0x2b012804, 0x2b2b2b00, 0x82003031, 0x85012000, 
    0x02200867, 0x000f00b5, 0x112c404a, 0x018f017f, 0x01010002, 0x07020401, 0x7f0b0d73, 0x02088f08, 0x08010800, 0x0805b167, 0x07100e22, 0x040a0542, 
    0x790e010b, 0x3f004100, 0x32dec0fd, 0x013f32cd, 0x5d5ed610, 0xcc5d5dd4, 0xcc32fd33, 0xc6260782, 0x15013031, 0x24551523, 0x35233a05, 0x35233533, 
    0x82da2502, 0x82826182, 0x54b502da, 0xc2fe4bd8, 0xd84b3e01, 0x207e8254, 0x0b6b1800, 0x1b3e0809, 0x0d405d00, 0x0d0a401d, 0x01170b48, 0x10020608, 
    0xc0ffb811, 0x120e2940, 0x071d1148, 0x197f1b03, 0x87061caa, 0x10020404, 0x0d970d87, 0x11880d02, 0x14281418, 0x01140902, 0x87025114, 0xe441001b, 
    0x5d5d2e05, 0x325ded33, 0xed2f3911, 0xedf61001, 0x05e54132, 0x30313226, 0x132b5d5e, 0x07214e18, 0x2809bf41, 0x022e2223, 0xa7371135, 0x180082c5, 
    0x2212106b, 0x41224688, 0x07280694, 0x4f361b15, 0x10d00134, 0x22085b71, 0x7126027b, 0x752206e3, 0x97419d00, 0x18272707, 0x01501204, 0x97412606, 
    0x02ee220c, 0x08bb63df, 0x835d7520, 0x25022106, 0x5e050b64, 0x5126072b, 0x5f02f1ff, 0x53886303, 0xdb718a20, 0x71182009, 0x4a260fdb, 0xee01f5ff, 
    0x5388c702, 0x5f4d8a20, 0x16002106, 0x850d3764, 0x87892053, 0x61012353, 0xa7879900, 0x842a1c21, 0x083352a7, 0x2105df64, 0x5387ed02, 0x5d610122, 
    0x25054b48, 0x07281a00, 0x5e645000, 0x88342005, 0x88a720fb, 0x84632053, 0xb70c25a7, 0x21000102, 0x2b21fb83, 0x05ab4a34, 0x0321a384, 0x204f880b, 
    0x84a38263, 0x831f2025, 0x882582f7, 0x082b734b, 0x00650123, 0x05a74ab6, 0x2a010224, 0xa0821c1a, 0x1d060225, 0x7f06014f, 0x0b650907, 0x08032107, 
    0x65225788, 0xd763007a, 0x182a2205, 0x29a8821a, 0x4f1b0902, 0x4f170901, 0x88842b2b, 0x00012008, 0x0245ff51, 0x00b5025f, 0xb59e002b, 0x12083027, 
    0xffb81648, 0x000fb3c8, 0xffb8154d, 0x824c40f0, 0x49470808, 0x273b0127, 0x982b8801, 0x2b69022b, 0x2b022b79, 0x28af289f, 0x8f212802, 0x17220122, 
    0x1c600b00, 0x1ca01c90, 0x051c1c03, 0x120f7310, 0x0802121f, 0x072da812, 0x2ca80573, 0x41064111, 0x1e212522, 0x10007c0b, 0x184d000d, 0x24158b88, 
    0x32dced2b, 0x057a57cd, 0xf610ed2c, 0x12ed5d5e, 0x395d2f39, 0x4f5b3339, 0x615d2005, 0x012005a1, 0x0522ae82, 0x88182e22, 0x06210fa0, 0x14a35c07, 
    0x88180120, 0x3b260cb5, 0x0f25173f, 0x81610f0e, 0x13252109, 0x12c58818, 0x247e5124, 0x6661180e, 0x1c64080b, 0x00001133, 0x4a000100, 0xee0145ff, 
    0x2d000802, 0x4a407000, 0x09011e0a, 0x291d191d, 0x3011031d, 0x0b481208, 0x0c010c8f, 0x12af129f, 0x2b061202, 0x1f2d0f7f, 0x2d08022d, 0x7f222faa, 
    0x2c2eaa20, 0x2b492149, 0x26562646, 0x1b882602, 0x080b0f0c, 0x94008418, 0x69000200, 0x021b791b, 0x3f00511b, 0x335d335d, 0x1022fa83, 0xfe8a5ded, 
    0xcdd5fd23, 0x25fa825d, 0x5d2b3031, 0xdd94255d, 0x62013e21, 0x1121077e, 0xb8451833, 0xee012209, 0x1067620c, 0x17050f34, 0x523c1c31, 0x3c5d1632, 
    0x1c200f47, 0x0c5d0517, 0xe38b1a09, 0x122b1727, 0x03050c06, 0x3b6e1804, 0xffff3510, 0x00001c00, 0x9d038503, 0x3a002602, 0x07010000, 0x14016900, 
    0x27071b43, 0x1a072226, 0x23070150, 0x2608c343, 0x02000012, 0x820103f7, 0x855a202b, 0xc800222b, 0x061d4300, 0x0a262a26, 0x0a015021, 0x09db4118, 
    0x2b820620, 0x57845020, 0x2b863c20, 0x57876f20, 0x04121627, 0x0401500c, 0x24578813, 0x0144ff02, 0x205784df, 0x232b825c, 0x49690006, 0x14285585, 
    0x13202226, 0x25090150, 0x8207134c, 0x03182253, 0x207f82a4, 0x2253843d, 0x8662008f, 0x18212853, 0x50080a16, 0x88171401, 0x82242053, 0x03b12221, 
    0x202b8208, 0x2153845d, 0x5385258f, 0x12141627, 0x01500608, 0x827d8410, 0x842120ff, 0x877c2053, 0x62012353, 0x53866800, 0x1e180722, 0x16205384, 
    0x0221538d, 0x2e5387e0, 0x002b6201, 0x00b91300, 0x40fdff01, 0x841a1409, 0x84122056, 0x2057882c, 0x205788a1, 0x2157895f, 0x57841a16, 0x578d1b20, 
    0x88050321, 0x8a5f2057, 0x16122157, 0xd8865784, 0x50000122, 0x3508cd82, 0x0008038b, 0x402f000f, 0x7f0a031c, 0x10110c0c, 0x00074a0b, 0x08020017, 
    0x07798800, 0x07990789, 0x04540703, 0x3f3f0054, 0x5d5eed5d, 0x1211013f, 0xc4fd2f39, 0x63183031, 0x15220957, 0x7e182311, 0x5d2e0d1e, 0x0c080362, 
    0x0b065005, 0xcbfd3c47, 0x63183702, 0x44240933, 0xc502f501, 0x36209782, 0x07267582, 0x8900d001, 0x594e0000, 0xb4e02505, 0x242d333d, 0x2606ef56, 
    0x0144ff28, 0x4d150297, 0x0122077f, 0x258656d0, 0x3ab4d825, 0x55232a30, 0x1026083f, 0x250244ff, 0xc747b502, 0x00d02208, 0x254f879c, 0x0a14b4e3, 
    0x4f860006, 0x4f824a20, 0xa9028022, 0x2108c347, 0x4f8668d0, 0x24b4e525, 0x850d141a, 0x0100274f, 0x47ffbcff, 0xf682ad00, 0x000f2208, 0x021a402d, 
    0x7f0c010e, 0x03100300, 0x08030320, 0x110a0a03, 0x07490b10, 0x00880488, 0xed3f0052, 0x050641ed, 0x5d5ec427, 0x5d3031ed, 0xf77b1807, 0x1805200e, 
    0x2d0aeb7b, 0x4c0506b9, 0x393b0403, 0x04fefd01, 0x9e826164, 0x01003e08, 0x36027400, 0x0803f600, 0x32000d00, 0xff0600b9, 0x081840e0, 0x0006480b, 
    0x80010320, 0x02039003, 0x0a070d03, 0x070f0e0a, 0x004f0d06, 0x0132cc3f, 0x2f391211, 0x5dcd33ce, 0x2b323271, 0xb05e1831, 0x01f6390e, 0x43182204, 
    0x01011113, 0x0f0b0803, 0x2655330a, 0x26492617, 0x0006160a, 0x34356782, 0x44014a02, 0x05000503, 0x1b403400, 0x045f0205, 0x02040401, 0x33188250, 
    0x06020200, 0x02700301, 0x02900280, 0x00050203, 0xc55dc52f, 0x33286782, 0x18332f19, 0x33115d2f, 0x69820383, 0x37173731, 0x27340717, 0x88276161, 
    0x582cd902, 0x828f2c58, 0xffff2dbf, 0x7f022e00, 0xc7024a01, 0x8a000602, 0x26081082, 0x02390001, 0x02450162, 0x001500ed, 0x111b402e, 0x16050610, 
    0xe010d005, 0x0b100210, 0x48161340, 0x1800080b, 0x82002800, 0x2f002eef, 0x2bdd5d5e, 0x01325dce, 0xdeddd610, 0x296182cd, 0x37022e22, 0x33031e33, 
    0x07823e32, 0x020e1632, 0x25311cbf, 0x013c0114, 0x151c1007, 0x07101c15, 0x14340a82, 0x62023125, 0x21342313, 0x0e151a0b, 0x0b1a150e, 0x13233421, 
    0x23087682, 0x80000100, 0xf8006602, 0x0b00e002, 0x0c401a00, 0x120d4003, 0x09090348, 0x00060c0d, 0x01cd2f00, 0x2f391211, 0x0f165418, 0x5d6ebc20, 
    0x66022206, 0x06556e21, 0x02394882, 0x3f025500, 0x0b032301, 0x1f001300, 0x27407400, 0x1f134000, 0x14a00048, 0x0807831a, 0x0aa01a3f, 0x000114af, 
    0xb00a100a, 0x0a14030a, 0x20210a14, 0xa7010fbf, 0xb80f010f, 0x2640f0ff, 0x0f480e08, 0x0117b0a7, 0x0f01171f, 0x7f172f17, 0x04179f17, 0xaf6d1708, 
    0xa71d011d, 0x05010598, 0x30208210, 0x3f006b05, 0x71ed5d2b, 0x715d5e3f, 0x5d2bed71, 0x081d6f71, 0x2bed1022, 0x4e180282, 0x23201e86, 0x07394518, 
    0x32200787, 0x072f4518, 0x18a50221, 0x87072745, 0x1d1a2307, 0x03821a1d, 0x01002d08, 0x45ff4700, 0x0800f700, 0x2f001800, 0x30021940, 0x1548120a, 
    0x038f0916, 0x0302039f, 0x1a10100a, 0x15420919, 0x00001612, 0x32c5322f, 0x2905cb42, 0x325dcd33, 0x303132c4, 0xfd69172b, 0x33372107, 0x290d4846, 
    0x1a3638b5, 0x08130c11, 0x32460b5d, 0x29bb290a, 0x122b1723, 0x0805110d, 0x080a6d68, 0x0002003e, 0x01440224, 0x00080374, 0x00070003, 0x942b4054, 
    0x049b0106, 0x01029401, 0x9f01009b, 0x04070107, 0x039f0605, 0x80000301, 0x04080201, 0x03074000, 0x02440680, 0x02020254, 0x2f000105, 0x1a318a83, 
    0xcd1a32dd, 0xd6100132, 0x181ac519, 0x5dc519dd, 0x84098218, 0x6e312008, 0x132405ca, 0x17372707, 0xcf240382, 0xdd73307b, 0x02250382, 0xa0248cd0, 
    0x42038238, 0x1c2605a3, 0x85030000, 0x8746a403, 0x01432208, 0x059b521b, 0xe7ff0125, 0x46240940, 0x00230c8a, 0x4600ffff, 0x0820058b, 0x22088b46, 
    0x82cf0043, 0xb9132248, 0x202f8400, 0x0c8e4628, 0x5f8f2f83, 0x0e018f22, 0x2806e745, 0x07212319, 0x0701501a, 0x0ee74622, 0x8f225b89, 0x5b82c200, 
    0x0b40102b, 0x25271901, 0x0150210a, 0x09d74a0a, 0x7a205785, 0x8322b788, 0xbb491401, 0x23002207, 0x25588235, 0x4f2d0702, 0x2f540701, 0x21bb840c, 
    0xbb88de02, 0xc8008322, 0x17275f82, 0x01021040, 0x82392700, 0x0a022560, 0x0a014f31, 0x20072975, 0x47bf8300, 0xa420054f, 0x3c283382, 0x07010000, 
    0x76004300, 0x200a4f7d, 0x0c524714, 0x53472f83, 0x47c38305, 0x43210553, 0x06ab4650, 0x0940fc23, 0x0a564724, 0xff214c82, 0x3a048259, 0x00b50237, 
    0x40270003, 0x00010315, 0x0302ae01, 0x02030214, 0x41030004, 0x5f014202, 0x3f3b053b, 0x102f013f, 0x872b87d4, 0x3031c47d, 0x01230109, 0x79fe3701, 
    0x02870157, 0x824bfdb5, 0x0047083b, 0x1d000200, 0x49013301, 0x0b00c502, 0x3c001f00, 0xb20c2640, 0x05010680, 0x02061506, 0xb2162106, 0x00a00090, 
    0x01008f02, 0x001a000a, 0x20000802, 0xb109b31b, 0x7103b311, 0xf4ed3f00, 0xd61001ed, 0x5d5d5d5e, 0x82d610ed, 0x30312104, 0x0b274b18, 0x56183720, 
    0x1d240eee, 0x50464650, 0xe2290383, 0x161d1207, 0x08121d16, 0x26078508, 0x61fc0107, 0x83616868, 0x331c2903, 0x26161626, 0x321d1c33, 0x32200783, 
    0x42089b83, 0x013b0118, 0x00bd024f, 0x0013000e, 0x13284046, 0x05b2060e, 0x90037001, 0x15030203, 0x120112af, 0x08bf08af, 0x12140802, 0x03b30109, 
    0x05030707, 0x010f9fb1, 0x00700e0f, 0xfd5dcd3f, 0x102f32ce, 0x823232ed, 0xcd5d22a4, 0x21a2825d, 0x0d8232dd, 0x30313b08, 0x15331501, 0x35231523, 
    0x033e3523, 0x010e0737, 0x1d013307, 0xc1443232, 0x3a342c0e, 0x401f041d, 0xbd027617, 0x5d5d3bea, 0x4440192e, 0x20531941, 0x01002651, 0x33012800, 
    0x87823e01, 0x001d3e08, 0x150b405f, 0x07030101, 0x0d160101, 0xffb800b2, 0x0c2b40f0, 0x0023480f, 0x02020033, 0x00160006, 0x1f000802, 0x15b21b18, 
    0x06300712, 0x1b1e0601, 0x151212b3, 0x06b30a07, 0xb317b103, 0x21988215, 0x8682fced, 0x2f391223, 0x2f9783ed, 0xfdc6d632, 0x5ed610c4, 0x2b5d5f5d, 
    0x3031c4ed, 0x01230782, 0x46230614, 0x342609e8, 0x3e23022e, 0xb1823701, 0x3508a882, 0x3e01011e, 0x41205450, 0x330f0f11, 0x1129351f, 0x07344429, 
    0x9cd80209, 0x5e040202, 0x35ad0156, 0x3c090e45, 0x17230f06, 0x0b131c11, 0x3f2f6632, 0x05152814, 0x00820041, 0x25000222, 0x5b08bf82, 0x00bf0249, 
    0x0028001a, 0x264a406c, 0x10170110, 0x06b22601, 0x36011370, 0x56134613, 0x13100313, 0x13021320, 0x460b362a, 0x960b560b, 0x1e0b040b, 0x0b2900b2, 
    0x0e260e16, 0x1eb30e02, 0x21051b1b, 0x291819b3, 0xb1180218, 0x06490639, 0x06990659, 0x05b30604, 0xed3f0071, 0xed5df45d, 0x3323d082, 0x82325ded, 
    0x32ed31d3, 0x5dd6105d, 0xedc45d5d, 0x5d003031, 0x3e34135d, 0x16b7b018, 0x16064f08, 0x023e3233, 0x25263435, 0x3c5f4424, 0x323d2106, 0x25140723, 
    0x21362610, 0x3523100f, 0x924d4b24, 0x02122714, 0x1a133024, 0x01240810, 0x3b5637d7, 0x013d011f, 0x1724180d, 0x23140608, 0x2e16182c, 0x6b571825, 
    0x43370607, 0x0b18150d, 0xe7822220, 0xe7820120, 0x013b3908, 0x00bd0243, 0x4044000e, 0x00b20e2b, 0x10050600, 0x994d0012, 0x057a0105, 0x6902058a, 
    0x4f050105, 0x6f085f08, 0x08200308, 0x06100801, 0xb305090f, 0x7007b10e, 0xede43f00, 0xc625bd82, 0x5d5dc610, 0x23bd8232, 0x2f39112b, 0x2608c082, 
    0x37033e13, 0x15213523, 0x5f07030e, 0x2f271a04, 0x1e01c618, 0x222d3215, 0x2a3b0104, 0x1b4b565b, 0x47153741, 0x82326459, 0x003a087a, 0x01200003, 
    0x02460133, 0x001d00c5, 0x0037002b, 0x376140a2, 0x2c35011b, 0x011bb7b2, 0x1b011ba6, 0x6fb22618, 0x00100100, 0x00020020, 0xb2322939, 0xa9010bb8, 
    0x0e0b010b, 0x9083b21e, 0x3808022d, 0x35b635a6, 0x29b93502, 0x82a72901, 0x8428082e, 0x020b940b, 0x0b7b0b6b, 0x440b3402, 0x030b540b, 0x23130b0b, 
    0x0c1003b3, 0x30034810, 0x03480b08, 0x13b32fb1, 0xb3f8ffb8, 0x07821082, 0x82b4e821, 0x71132713, 0x2b2b3f00, 0x0382f4ed, 0xc582be82, 0x835d3321, 
    0x10012501, 0xd4ed5dd6, 0xed21d582, 0x87098232, 0x30312c0a, 0x0614015d, 0x022e2223, 0x74363435, 0x1e28088f, 0x06141502, 0x07011e07, 0x08056350, 
    0x2634356f, 0x37010e27, 0x22232634, 0x16141506, 0x01013e17, 0x2a484c46, 0x240e2238, 0x131b1718, 0x241f3224, 0x1d0f2134, 0xde1a2417, 0x151d1208, 
    0x33392329, 0x1e8f1814, 0x2a1e2525, 0x0119142f, 0x153f32a4, 0x1c122720, 0x2f110f31, 0x1e28161a, 0x251e1412, 0x102d1c12, 0x08232e11, 0x1f0a0f12, 
    0x0c1f1c14, 0x0da6220f, 0x140f2020, 0x200e0926, 0x08008200, 0x1f000276, 0x43013901, 0x1600c502, 0x7a002300, 0x0c1b4f40, 0x01079901, 0x074a073a, 
    0x0303075a, 0x00b21a07, 0x01033404, 0x6b0f0303, 0x005a0100, 0x01004b01, 0x00240014, 0x22250002, 0x5c0f4cb2, 0x3902020f, 0x240f010f, 0x2a07b317, 
    0x0a0a010a, 0x01049614, 0xb103b304, 0x1416b31d, 0x14021426, 0x5d3f0071, 0x5dedf4ed, 0x5d2f3912, 0x1001ed33, 0x5d5f5dd6, 0x5dc610ed, 0x11200082, 
    0x10231283, 0x4e5f32ed, 0x012405d6, 0x27230614, 0x3909ce4d, 0x33023e34, 0x32071632, 0x26363736, 0x020e2223, 0x43011415, 0x4902828a, 0xb4420e68, 
    0x07112915, 0x78702102, 0x2f30023d, 0x0806ae42, 0x18262d2f, 0x06056a57, 0x150d4437, 0xff410b18, 0xff1d00ff, 0x014901f9, 0x0117028b, 0xfe00006f, 
    0xff0000c6, 0x003200ff, 0x01ee0001, 0x00170283, 0x24138894, 0x0101001e, 0x21278338, 0x13888d00, 0x3b822020, 0x13843620, 0x13888e20, 0x01001824, 
    0x3b834f01, 0x88700121, 0x82282013, 0x843e2027, 0x88712013, 0x84252013, 0x82852077, 0x89722077, 0x203b8213, 0x20278443, 0x20638c73, 0x209f8446, 
    0x24138874, 0x01ffff1f, 0x20138443, 0x08138575, 0x0002006a, 0x01f1ff06, 0x000803ab, 0x00310023, 0x0b584085, 0x1d1b011e, 0x01091601, 0x37010905, 
    0x57084708, 0x08250308, 0x01081401, 0x09010805, 0x02031903, 0x27181708, 0x010b3f77, 0x2322330b, 0x31102420, 0x50210073, 0x32200120, 0x120f1010, 
    0x01219948, 0x10232122, 0x1b062400, 0x452c7c06, 0x97148717, 0x7c140214, 0x00461b18, 0x3105f86e, 0x391711ed, 0x10012b5d, 0xd0325dd6, 0x103232ed, 
    0x0a8232c4, 0x32c6ed25, 0x185e3031, 0x20086945, 0x22421837, 0x14152407, 0x6b07020e, 0x2e280bd3, 0x07013d02, 0x013e3727, 0x08059d7f, 0x15020e8f, 
    0x3b2e1b6c, 0x1e352a21, 0x4d361e0a, 0x20332f2f, 0x1925112b, 0x42323048, 0x24421129, 0x04493fc2, 0x0f13180e, 0xff0c151b, 0x5a452101, 0x31201534, 
    0x61351d3d, 0x2c275359, 0x0d184145, 0x1e1b1645, 0x08244232, 0x3a92352f, 0x21115588, 0x210c111b, 0x0000303b, 0xff410002, 0x026303f3, 0x002100c4, 
    0x40470033, 0x200c2226, 0x162d0235, 0x2a343516, 0x30272424, 0x11212185, 0x279a8a1b, 0x89277901, 0x54270227, 0x08050b0b, 0x0051118a, 0x2ed0823f, 
    0x5d5d3f2f, 0x2f3912ed, 0x113311ed, 0x82110133, 0x82c52009, 0xc5c431e1, 0x22133031, 0x1714011d, 0x3233011e, 0x0e333736, 0x0c6c4018, 0x27011d2c, 
    0x012e2734, 0x07062223, 0x2582010e, 0x3221333f, 0x0905d935, 0x4f497c30, 0x1a393084, 0x305c5245, 0x3f6c9253, 0x53926c3f, 0x3f6d9353, 0x08198294, 
    0x7e47483a, 0x0505052f, 0x0104f201, 0x0dc50451, 0x41383309, 0x24332036, 0x83613914, 0x62834b4b, 0x83623939, 0x0ddf0a4b, 0x3a36300b, 0x070d0430, 
    0x000707c1, 0x3200ffff, 0x3903faff, 0x0fd35318, 0x0007013f, 0xfe03028e, 0xb91c00c7, 0xc0ff0f00, 0x480b0bb3, 0xc0ffb80f, 0x480e0eb7, 0x0c0c400f, 
    0x07ac5548, 0x1e203f82, 0xc52e3f84, 0x8d002600, 0x27000000, 0x6b016e01, 0x3f8b0000, 0x3f852620, 0x3f862620, 0x3f8e2620, 0x3f823220, 0x7f914920, 
    0x84740121, 0xb94d237f, 0x3f853b00, 0x3f822d20, 0x07838787, 0x0f833b20, 0x17848f82, 0x9f830782, 0x82124021, 0x833b2008, 0x832d2060, 0x20aa8804, 
    0x6300842b, 0x202005e3, 0x54186f84, 0xaf840ba3, 0x5e206f89, 0x50206f85, 0x32206f86, 0x5e200786, 0x17846f86, 0x17836682, 0x5e206f84, 0x50206a83, 
    0x32200483, 0x6f8bda87, 0x6f842820, 0x2600bd24, 0x1f417101, 0x206f890b, 0x206f854e, 0x20678640, 0x20078622, 0x846f864e, 0x836f8217, 0x206f8417, 
    0x2065834e, 0x20048340, 0x206f9322, 0x206f8825, 0x246f8673, 0x01000042, 0x206f8907, 0x206f853f, 0x20678631, 0x20078613, 0x846f863f, 0x836f8217, 
    0x206f8417, 0x2065833f, 0x20048331, 0x206f9313, 0x206f8232, 0x12bf4141, 0x3f427120, 0x0241212a, 0x200b3f42, 0x88af847a, 0x1e3f423f, 0x7f842020, 
    0x8811cf41, 0x8532203f, 0x423220ef, 0xa441067f, 0x30312708, 0xffff0000, 0x3f841800, 0x2600bd24, 0x2f417001, 0x8d752006, 0x8518207f, 0x8618203f, 
    0x4218203f, 0x4c2012bf, 0x4f42ff8c, 0x84722005, 0xb93523ff, 0x3f432a00, 0x0bb32409, 0x412a480b, 0x0f200667, 0x40250782, 0x480e0e0d, 0x0faa422a, 
    0x2005a742, 0x84978228, 0x08374257, 0x97847620, 0x3d205788, 0x22205785, 0x2006bf41, 0x8357863d, 0x2057840f, 0x0f22423d, 0x32245785, 0x46030000, 
    0x4e20af8c, 0x73205784, 0x8427af41, 0x10ef433f, 0x3f880120, 0x881faf41, 0x418e203f, 0x6320066f, 0xaf417f8d, 0x413f841f, 0x3f8e0baf, 0x201eaf41, 
    0x433f8828, 0x3f8e078f, 0x57412220, 0x0eb72309, 0x6443480e, 0x062f4208, 0x3f842520, 0x2600bf24, 0xbf957201, 0xaf442d20, 0x203f8309, 0x0f2f422d, 
    0x20107f41, 0x28ff8456, 0xfe030275, 0xb93500c7, 0x063f4100, 0xd7410f20, 0x42262006, 0x26200f2f, 0x20152f42, 0x1097411e, 0x578d7320, 0x84062f42, 
    0x0b0b224f, 0x072f4248, 0x2f420f83, 0x089d4509, 0x23058d5b, 0x1800ffff, 0x8e106f41, 0x432f2057, 0xb320091f, 0x2f205782, 0x1820af86, 0x2007df42, 
    0x43af832f, 0x57880835, 0x43118741, 0x07410537, 0x42392008, 0x39200ddf, 0x200fdf42, 0x15df4239, 0x23059f41, 0x012600bd, 0x880dff44, 0x068f4357, 
    0x4307f744, 0x0f83078f, 0x44098f43, 0x37430bea, 0x00202605, 0x02460300, 0x205782c5, 0x0cc74574, 0x53205788, 0x3c20af85, 0x2006b741, 0x83af8653, 
    0x2057840f, 0x20af8353, 0x0a42453c, 0xa1085782, 0x29000200, 0x1502f3ff, 0x22000803, 0xad003200, 0x2e8c7540, 0x012e7901, 0x87012a75, 0x25480129, 
    0x0121ad01, 0x4b01219c, 0x20aa0121, 0x01209b01, 0x68012079, 0x19590119, 0x01194c01, 0x0901184a, 0x10450114, 0xa50f9501, 0x0e79020f, 0xa9020e89, 
    0x0a9a010a, 0x0109ab01, 0x1e012089, 0x0ca08230, 0x34ab0c01, 0x0f048228, 0x02161f16, 0x33ab1608, 0x1e011e86, 0x2330881b, 0x2b760323, 0x11882b01, 
    0x88070451, 0x00540003, 0x32ed323f, 0x125ded3f, 0xed332f39, 0x10015d32, 0xc45d5ef6, 0x5df610ed, 0x6e6232ed, 0x08874905, 0x1324088b, 0x27070622, 
    0x2206e866, 0x4c020e14, 0xf4080578, 0x3233023e, 0x032e1716, 0x020e2213, 0x33161415, 0x37023e32, 0x1fe1012e, 0x200e1640, 0x71572350, 0x411b1a42, 
    0x4e2f4f6b, 0x42232039, 0x48323d5f, 0x32190411, 0x402f174e, 0x37491228, 0x10274334, 0x02471f02, 0x4f0a0cb6, 0x6a400c0d, 0x90464b8c, 0x3a1e4a74, 
    0x6a403654, 0x0e21294b, 0x233f5937, 0x3923edfe, 0x474d2648, 0x2d69593b, 0x0200161e, 0x00000800, 0xb5028302, 0x12000b00, 0x7e40b400, 0x58010a48, 
    0x07940101, 0x01078601, 0x64010775, 0x73070107, 0x8901049b, 0x047a0104, 0x01046b01, 0xfb207304, 0x0c0c010c, 0x108b0b00, 0x69104901, 0x03107910, 
    0x1001102a, 0x300a0a73, 0x700b600b, 0xa00b900b, 0x140b050b, 0x26010f84, 0x660f460f, 0x040f760f, 0x0101730f, 0x0f101300, 0x0f420b79, 0x0cef010c, 
    0x7d020cff, 0x9d0c8d0c, 0x0c6c030c, 0x010c4401, 0x2b508223, 0x41054106, 0x3f004200, 0x5dcd3f3f, 0x712e0083, 0x0132ed3f, 0x1032c610, 0x105d5ded, 
    0x07845dc6, 0x12115d27, 0x5d2f1939, 0x2112821a, 0x04845d5d, 0x30313908, 0x3e335d5d, 0x1e333703, 0x0e011703, 0x2e210701, 0x41220801, 0x59274542, 
    0x41424527, 0x16c0fe22, 0x7f014664, 0xb66c6446, 0x52529ca5, 0x6cb6a59c, 0xf32d4602, 0x00f3d4d4, 0x01260082, 0x93ff5600, 0xfb826302, 0x2500073b, 
    0x7f001140, 0x08090202, 0x06067f04, 0x87070809, 0x00030105, 0xedc6c52f, 0x21738201, 0x0484ed2f, 0x01303126, 0x21112311, 0x02380382, 0xb5fe6163, 
    0xfcb50261, 0xfdce02de, 0x00220332, 0x13000100, 0xf20193ff, 0x172f4b82, 0x00b96300, 0xb3f0ff14, 0x134d0010, 0x83e8ffb8, 0x820e2007, 0x26402107, 
    0x27081082, 0x0a190411, 0x19000076, 0x01138718, 0x0e0e7613, 0x0776030f, 0x87120f18, 0x00000a10, 0x07411005, 0x00058703, 0x3f32ed2f, 0x3329e783, 
    0x32ed1018, 0xedd61001, 0x84fc83c6, 0xd6102981, 0x003031c0, 0x2b2b012b, 0x4c08ec84, 0x3e352115, 0x032e3701, 0x15213527, 0x01031e21, 0x2d763e64, 
    0x21fe6f01, 0x1f427b28, 0x12343c40, 0x9efedb01, 0x3f39300f, 0xa5543001, 0x4e435351, 0x5a2d5cb2, 0x3f1d4b55, 0x52471954, 0xffff0057, 0x00003400, 
    0xc502dc02, 0xb5031602, 0x32c38300, 0x01ff0035, 0x004e01ff, 0xb6120003, 0x04000001, 0x8202af00, 0x1101278e, 0x31cd2f33, 0x64821330, 0xca013529, 
    0x4e0136fe, 0x53ffff4f, 0x0223076b, 0x186e0106, 0x220ccf60, 0x82110007, 0x84f0204b, 0xff0c344f, 0x034002f1, 0x000e000f, 0x78434087, 0x020d880d, 
    0x82010d0e, 0x0d30080d, 0x1400017f, 0x010a0d01, 0x060a0d00, 0x0a010d01, 0x1401067f, 0x060a0106, 0x06070809, 0x7f070609, 0x08140908, 0x01080709, 
    0x00060106, 0x0f001008, 0x013d9c82, 0x00060806, 0x39122f2f, 0x012f332f, 0xc610c610, 0x19393911, 0x102f182f, 0x0587c100, 0x2205842b, 0x84c4107d, 
    0x88182007, 0x0887290e, 0x102b1018, 0x0487c101, 0x2f081b82, 0x5d003031, 0x031e3713, 0x03331317, 0x27012e23, 0x12a20c07, 0x101d1e20, 0x54ea52c3, 
    0x59244420, 0x27345a01, 0x2c4a4645, 0xe2fca902, 0x1c4ea055, 0x2808c282, 0x1e000300, 0x2e029800, 0x0b00b401, 0x3f003300, 0x0c40c200, 0xa620200c, 
    0xaf3d013d, 0x03010384, 0x40c0ffb8, 0x48161333, 0x330b82a8, 0xaf370903, 0x2a142a04, 0x2a742a44, 0x2ab42a84, 0x242a1406, 0x54200c82, 0x67080a82, 
    0x2ad42ac4, 0x012ae407, 0x74012abb, 0x022a942a, 0xf0ffb82a, 0x0d084440, 0x09412a48, 0x7b166baf, 0x165c0216, 0x48163801, 0x162c0216, 0x16090201, 
    0x16021619, 0x34c60040, 0x340234d6, 0x0c3d03af, 0x2503203d, 0x102f0011, 0xb02f902f, 0x2f08042f, 0xc93ab906, 0xaf3a023a, 0x2f00251b, 0x325ded33, 
    0x335d5e2f, 0x11391712, 0x22067052, 0x545d5f5d, 0x2b200583, 0x71360682, 0x3911ed72, 0x712b5d2f, 0x3d395ded, 0x3031332f, 0x37363237, 0xbe50012e, 
    0x4d372005, 0x17230d34, 0x1833033e, 0x180baad1, 0x3e082358, 0x1bad011e, 0x2c14142c, 0x2b2b1c1b, 0x20180995, 0x30131626, 0x2b1d1d2b, 0x26161330, 
    0x90091820, 0x82702011, 0x841c2027, 0x23d93b31, 0x27232a2a, 0x0c272626, 0x0e161b0e, 0x2937210d, 0x0d213729, 0x0d1c160e, 0x0f8b1c0d, 0x83021b21, 
    0x082c8324, 0x00010028, 0x0147ff08, 0x00080369, 0x40480017, 0x177f0b2e, 0x12121706, 0x19030617, 0xa9871318, 0x0f18010f, 0x010f0901, 0x235c520f, 
    0x03173707, 0x03a70327, 0x01030603, 0x004f0308, 0x5d5d5e3f, 0x5d3f5dcd, 0x66185d5d, 0x102b08b7, 0x133031ed, 0x3a333634, 0x83151701, 0x141128f7, 
    0x012a2306, 0x82333527, 0x628a28df, 0x0b070269, 0x87373f0c, 0x37022907, 0x50016d64, 0xdffd3945, 0x00320785, 0x2a00ffff, 0x08026f00, 0x3602ea01, 
    0x6c006100, 0x05820600, 0x00967308, 0x00010000, 0x01100035, 0x003a02ff, 0x40690013, 0x89127941, 0x119a0212, 0x960211aa, 0x0876010c, 0x95020886, 
    0x0207a507, 0x02980208, 0x1b100b02, 0x06040210, 0x08020614, 0x06100610, 0x00000409, 0x1409090d, 0x130e1015, 0x0a0d00af, 0xaf040609, 0x2f000a03, 
    0x33cefd33, 0xfd32de10, 0x1101cc32, 0x332f3912, 0x12332f33, 0x2f3d3939, 0x5d5d5e2f, 0xd2823031, 0x372b0282, 0x35233733, 0x07173721, 0x82231533, 
    0x07212203, 0x280f8227, 0x01dd4499, 0x30424205, 0x21088271, 0x0883fbfe, 0x4f86e226, 0x4f5f2483, 0x00200584, 0x3522c383, 0xab820100, 0xc3824e20, 
    0x44001f26, 0x9f010700, 0x02221582, 0xc382ffff, 0x21201787, 0x00291789, 0xff1e0002, 0x020a02ef, 0x08db82c7, 0x6e00234e, 0x148f4740, 0x14af149f, 
    0x0a4f1403, 0x19210a01, 0x01054f0f, 0x901e8005, 0x031ea01e, 0x0100901e, 0x0801000f, 0x197f2400, 0x199f198f, 0x0b401903, 0x0519480e, 0x0a00141e, 
    0x21802170, 0x51032190, 0x21300121, 0x21022140, 0xcd2f000f, 0x1929c382, 0x323232dd, 0x2bcd18dd, 0x052f575d, 0x195dcd24, 0x12835ddd, 0xcd185d22, 
    0x132fe882, 0x1e37033e, 0x030e1703, 0x25032e07, 0x8227032e, 0x011e2f08, 0x1e013e17, 0x3a3c4023, 0x3c3a1d1d, 0x09882340, 0x1569013c, 0x13242426, 
    0x26242413, 0x26462a15, 0x5b014626, 0x53586137, 0x58532929, 0x09893761, 0x373c222e, 0x341a1a34, 0x44223c37, 0x6b34346b, 0x5032f782, 0x11030000, 
    0x26000803, 0x00004900, 0x49000700, 0x07828601, 0x82000321, 0x40022117, 0x67081782, 0x00170013, 0x407f0023, 0x01131831, 0x08870877, 0x01086602, 
    0x0d011304, 0x01038004, 0x7f151b03, 0x25aa1721, 0x25702560, 0x0f0325a0, 0x2f251f25, 0x0a080325, 0xaa107f0e, 0xffb81824, 0x0c1f40c0, 0x89184812, 
    0x4916531e, 0x4a0f4a14, 0x490b870d, 0x78076804, 0x88070207, 0x01008703, 0x3f004f00, 0x5ded325d, 0x3fed3f32, 0xed320082, 0xf610012b, 0x5d5e32ed, 
    0x32f6105d, 0x5dd632fd, 0x3648c632, 0x09eb5e07, 0x65011d21, 0x3423057c, 0x77230136, 0x01310d2c, 0x0b32231b, 0x1b260b0d, 0xc8c83441, 0x8101625d, 
    0x082b775d, 0x09080332, 0x09045004, 0x4e2d3c47, 0x370246fe, 0xf8fc6d64, 0x0c989a18, 0x83050741, 0x060223ef, 0xff82ab01, 0x50000226, 0x7f02f6ff, 
    0x1f24ff84, 0x1d407b00, 0x1527fd8a, 0x480b0820, 0x83011304, 0x104025e7, 0x1f2120aa, 0x2e20e983, 0x1f361482, 0x700c8019, 0x17030103, 0x0119507f, 
    0x1901190f, 0x881f4e19, 0xf89e5114, 0x013fed33, 0xfd5d5d2f, 0x1ac65dd6, 0xc62bde10, 0xed1af610, 0x26f78232, 0x012b5d5e, 0x945d5d5d, 0x012e29f9, 
    0x11371135, 0x17021e14, 0xc027f48f, 0x085d4856, 0x91161e12, 0x18ee20f1, 0x200d2199, 0x85f38300, 0x21f382e3, 0x0f8400ad, 0x03000023, 0x090b42c6, 
    0x01ab0123, 0x23178586, 0x0504f6ff, 0xad20178a, 0x322a1786, 0x0202f1ff, 0x1602c502, 0x27841300, 0x00000f2b, 0xb5022301, 0x14000600, 0x204f83b2, 
    0x220f8219, 0x82c502cb, 0xe115210f, 0xff220f84, 0x0f8501f1, 0x84e21621, 0x201f820f, 0x212f84fb, 0x0f83f117, 0x1f821a20, 0x0f84c420, 0x00d91826, 
    0x3300ffff, 0xf5220f82, 0x3f82b802, 0x83f41921, 0x205f830f, 0x211f84c8, 0x0f83d31a, 0x1f823120, 0x5f84f720, 0x83fa1b21, 0xff2f240f, 0x84f101fe, 
    0xfc1c210f, 0x1d200f83, 0x4928c182, 0x16023d03, 0x78006f01, 0x32264f82, 0xee00b301, 0xaf823503, 0x0f849420, 0xb3011e24, 0x1f833801, 0x848d0021, 
    0x8220200f, 0x8436202f, 0x848e200f, 0x8218200f, 0x834f201f, 0x7001212f, 0x28200f84, 0x3e201f82, 0x71200f84, 0x25200f84, 0x37205f84, 0x72205f82, 
    0xb3220f86, 0x1f844301, 0x4f887320, 0x7f844620, 0x0f847420, 0xb1011f22, 0x8f831f82, 0x0f847520, 0x81ff1d27, 0x13014901, 0x05e75502, 0x53004e21, 
    0x89240547, 0x0b01ee00, 0x8506e755, 0xff1e2413, 0x83380189, 0x21a78227, 0x1385fe00, 0x3b822020, 0x13843620, 0x87008e21, 0x82182013, 0x834f2027, 
    0x87af823b, 0x82282013, 0x843e2027, 0x88712013, 0x84252027, 0x550d2077, 0x4f8506e7, 0x3b822520, 0x27844320, 0x27887320, 0x46206383, 0x74209f84, 
    0x1f241388, 0x430187ff, 0x75201384, 0x003b1385, 0x02960001, 0x03ef0029, 0x00030008, 0x010a4018, 0x02027f00, 0x03010405, 0x603f004e, 0xed2f0505, 
    0x13303132, 0xef352307, 0x08033e1b, 0x8200dfdf, 0x01340800, 0x44ff1400, 0xceffaf00, 0x34001200, 0xff0600b9, 0x081a40d0, 0x900c4812, 0x0204a004, 
    0x14121204, 0x408a0d13, 0x00008009, 0x08020010, 0x5e2f0000, 0x1adc1a5d, 0x0805844a, 0xcc5dcd54, 0x172b3031, 0x15141633, 0x23020e14, 0x35272622, 
    0x35023e32, 0x13015955, 0x0d182b20, 0x190f0315, 0x05320910, 0x2c20030d, 0x02020d1c, 0x1a0d0438, 0x00010016, 0x00610240, 0x000d03d2, 0x4026000f, 
    0x01065913, 0x0a091003, 0x0f900f80, 0x04400f02, 0x6982090a, 0xcc1a2f34, 0x1a2f0132, 0x32ce5ddd, 0x3031c610, 0x2623135d, 0xa35a3534, 0x9a152e06, 
    0x21140159, 0x0c211428, 0x02080f15, 0x2a5c8261, 0x15243524, 0x12092d05, 0x851b2319, 0x028f31cf, 0x03e80046, 0x00030008, 0xaf10401e, 0xcf00bf00, 
    0x91260a82, 0x04050202, 0xd6180301, 0x5d2009ea, 0x26050941, 0x033e1be8, 0x78c2c208, 0x7632052b, 0x3e033d01, 0x0b001602, 0xffff2f00, 0x76ff0700, 
    0x0f84f600, 0x0f840c20, 0x2f011a26, 0x86011101, 0x10201f82, 0xff250f83, 0x0176ffe8, 0x201f8498, 0x261f8412, 0x03abff41, 0x82090375, 0x0023221f, 
    0x203f8244, 0x201f8260, 0x201f8441, 0x202f8e3e, 0x202f843f, 0x205f8208, 0x201f84e9, 0x200f8440, 0x202f8228, 0x200f8445, 0x820f845e, 0x2501211f, 
    0x60200f84, 0x1e260f84, 0xfb007d00, 0x5f823702, 0x3e006c22, 0x34265f82, 0x3401e200, 0x0f82e001, 0x82007221, 0xfeff27bf, 0xf2013301, 0x0f828201, 
    0x6f847320, 0x03210f82, 0x200f84e6, 0x243f8474, 0x017d0028, 0x203f8405, 0x2a3f8478, 0x00000047, 0x02c102cd, 0x827c0017, 0x83b92009, 0x82002043, 
    0xcb012663, 0x26003702, 0x21638200, 0x05820700, 0x2b84d020, 0xd5203b83, 0x3b821784, 0x78211782, 0x24178500, 0x01fdff1c, 0x20438481, 0x0843859a, 
    0x00020057, 0x02f4ff06, 0x0008031a, 0x0029001a, 0x68574084, 0x82210121, 0x680108a9, 0x08390108, 0x08590849, 0x01080603, 0x1a2bab08, 0x29001619, 
    0x1012157f, 0x4e162aaa, 0x10881e1b, 0x0da70d97, 0x660d5602, 0x510d020d, 0x29a42994, 0x88262902, 0x8a171303, 0x00941912, 0x3e5782a4, 0x59010368, 
    0x03000103, 0x08020310, 0x3f005003, 0x5d5d5d5e, 0x32de5d33, 0xed1032ed, 0x823f5d32, 0x32ed2e0c, 0xf610013f, 0x32fd33ce, 0x1033cc32, 0x241f82f6, 
    0x315ded5d, 0xfba71830, 0x8740180f, 0x18112008, 0x081b03a8, 0x5d4a4aa3, 0x330eb1b1, 0x105a4b26, 0x26283924, 0xed011140, 0x4727180b, 0x643f3c63, 
    0x09122547, 0x4d455702, 0xfd455d10, 0x620704eb, 0x3245285b, 0x000e1a1c, 0xff0f0003, 0x02b502fa, 0x002100bc, 0x00420032, 0x675e408f, 0x1118011e, 
    0x11381128, 0x11080303, 0x67763901, 0x871c011c, 0xa7199719, 0x19730319, 0x19160201, 0x19021966, 0x1f67762d, 0x1f871f77, 0x011f1f03, 0x08011f0d, 
    0x4440441f, 0x22024480, 0x0f057342, 0x05500873, 0x05020560, 0x060c4143, 0x1c147c3e, 0x32327933, 0x23451400, 0x00057c28, 0x05e64f46, 0x2f391236, 
    0xfd1039ed, 0x0133ccc4, 0xde5dde10, 0x32ed10ed, 0x5ede105d, 0xed2afe82, 0x5d5f5dd4, 0xed5d325d, 0x08833031, 0x2e22052b, 0x06112702, 0x17161415, 
    0xb6681807, 0x1501320e, 0x15010614, 0x32161716, 0x023e3233, 0x022e3435, 0x2dc41823, 0x2b22080b, 0x15760101, 0x14303131, 0x4d01015b, 0x633a0402, 
    0x693c4882, 0x30392d4e, 0xfe994840, 0x0d0f0bff, 0xc4181723, 0x84080833, 0x30432962, 0x43321d1a, 0x0d231725, 0x0402061a, 0x56020506, 0x11084805, 
    0x1c070906, 0x1e403b0e, 0x462b1206, 0x11493933, 0x68484e12, 0xf64a0169, 0x0b010101, 0x2226321c, 0x4c0c1d2f, 0x202b190b, 0x0c19291e, 0x00020001, 
    0x02f9ff56, 0x00b50243, 0x00230012, 0x49274043, 0x76180118, 0x01075712, 0x0701070f, 0x253f25a9, 0x731e0001, 0x0124a80f, 0x0a1d1d79, 0x41107912, 
    0x0f7c131f, 0x3f00460a, 0x3f32ed33, 0x05bd5fed, 0x32edf62e, 0x5df6105d, 0x5dedc45d, 0x15133031, 0x29054a4c, 0x2e222306, 0x21112702, 0xe9860315, 
    0x11012b22, 0xb727f883, 0x50734956, 0x8492a02a, 0xac012be7, 0x364727e9, 0x4f361d20, 0xde825232, 0x62022429, 0x533518b0, 0x846f6e3c, 0x53ab2dcf, 
    0x1f0cecfd, 0x362a2834, 0xeffe0d20, 0x0020c082, 0x5028af82, 0x1a02f4ff, 0x14000303, 0x6032af82, 0x1b883f40, 0x14821b01, 0x09010999, 0x480e0b10, 
    0xaf82ab09, 0x7f233008, 0x1424aa11, 0x154e1287, 0x97118818, 0x0e46010e, 0x0e020e56, 0x96238651, 0x20230223, 0x96018688, 0x49010201, 0x02045904, 
    0x3f005004, 0x425d335d, 0xed2209d7, 0xcc821001, 0xf6103223, 0x18cc872b, 0x220ed0aa, 0x42011521, 0x01231bcd, 0x42ccfe91, 0x02220bcc, 0xcd42c8b5, 
    0x4ef4230c, 0xc9429cfd, 0x20cf830a, 0x3dcf840a, 0x00150008, 0x406d0024, 0x011c5848, 0x0899821c, 0x01085801, 0x08390829, 0x08030849, 0x1b8226ab, 
    0x40127f2c, 0x1225aa10, 0x164e1560, 0x376f8819, 0x0d463b05, 0x0d020d56, 0x94248451, 0x21240224, 0x94008488, 0x58000200, 0x03490103, 0xd8830301, 
    0x1a21d98c, 0x28da82cd, 0x32edce1a, 0x5df61032, 0x14b0435d, 0x013e2723, 0x1cab4337, 0x53244623, 0x0caa432c, 0x180bf123, 0xb2ab1828, 0x4c693109, 
    0xfd0b2415, 0x63070449, 0x3346285b, 0x000e1a1d, 0x3908df83, 0x02f9ff14, 0x00bc0247, 0x00230012, 0x592d4050, 0x76000100, 0x1f011866, 0x18060118, 
    0x25180801, 0x13012500, 0x20732308, 0x1613241e, 0x0508407c, 0x60201b05, 0x0e094523, 0xe85c1e7c, 0x3f322d05, 0x3912cd1a, 0xed1a332f, 0xde100132, 
    0x7543c083, 0x315d2b07, 0x2e342530, 0x012a2302, 0x52431107, 0x3e012c07, 0x15203301, 0x22230614, 0x83112726, 0x013a08d0, 0x4f3920e1, 0x14271330, 
    0x230c0e0b, 0x37482717, 0x14dafe21, 0x3b011429, 0x652a92a3, 0x55244629, 0x382ad92e, 0xfe020d20, 0x010101eb, 0x0135200c, 0xe301020a, 0x0a077070, 
    0xce822102, 0xeb460c20, 0x19240805, 0x3202f1ff, 0x2500c502, 0x13b7bf00, 0x4d000a10, 0xb8007613, 0x1d40f8ff, 0x4c00100f, 0x000e1000, 0x0940004d, 
    0xa9390482, 0x0b1c1b27, 0x0908400a, 0x260a4c00, 0xf0ffb81b, 0x0e0d1340, 0x181b4c00, 0x28228208, 0x0a091018, 0x7c184c00, 0x2017821c, 0x820f82b3, 
    0xb4e82607, 0x1c4d000d, 0x234a8221, 0x4d0010b3, 0xf0230782, 0x820f0d40, 0x0b452308, 0x37820d10, 0x830e0b21, 0x822a8219, 0x40f02207, 0x223e831d, 
    0x830a7c0e, 0x180a266e, 0x0a4d000d, 0xbec21805, 0x00462c09, 0x332b2b3f, 0x2bed2b2b, 0x8a2b322b, 0x1001290a, 0xc6322bd6, 0x2bf61032, 0x31231b83, 
    0x54140130, 0xda760570, 0x06824405, 0x07062223, 0x05015027, 0x3202c308, 0x4977562f, 0x2437482a, 0x57161907, 0x3b573a42, 0x583a1d1e, 0x1655423b, 
    0x36230719, 0x78492a47, 0x5b012f56, 0x315d8755, 0x050f0e0a, 0x281c0b50, 0x3e3e6649, 0x1b284966, 0x10054d0b, 0x5d310a0f, 0x01000086, 0xf1ff3a00, 
    0x1203cb02, 0xdf003300, 0xa72797b5, 0xb80f0227, 0x9840e0ff, 0x77480c08, 0x0278010d, 0x010daf01, 0x1c1c0d0d, 0x2e131314, 0x2f1f2f0f, 0x2f6f2f3f, 
    0x08052f9f, 0x2657352f, 0x01261601, 0x26012607, 0x98056876, 0x05570205, 0x34a90501, 0x86011c97, 0x1c45011c, 0x1c651c55, 0x21081c03, 0x21582118, 
    0x21042168, 0x17140a7c, 0x1057137c, 0x0d961001, 0x010d8401, 0x0d750d55, 0x5b824602, 0x0af66b18, 0x2e4a2908, 0x2e6a2e5a, 0x2b072e03, 0x2b572b17, 
    0x2b042b67, 0x5a2f4a7c, 0x032f6a2f, 0x7800682f, 0x03009800, 0x3f004600, 0xed5d325d, 0x3f240382, 0x335d5d5d, 0x5d260382, 0xed325ddc, 0x12831032, 
    0x015d5d24, 0x7554fe10, 0x102f0805, 0x325d5ec6, 0x32332f32, 0x5d2f3311, 0x5d003031, 0x055d2b5d, 0x35022e22, 0x33023e34, 0x3e17011e, 0x16323301, 
    0x012e0717, 0x020e2223, 0x18032e07, 0x21095b5a, 0xc8183736, 0x29380c94, 0x3f101838, 0x0b260e3f, 0x081b0810, 0x0912201c, 0x2c220906, 0x58371a33, 
    0x16a0c818, 0x080b0232, 0x05072e34, 0x16040347, 0x04162d24, 0x26090d0d, 0x0fa9c818, 0x00014d08, 0x02f4ff33, 0x00750230, 0x40650030, 0x4624363f, 
    0x24250224, 0x16240601, 0x1e070224, 0x00812201, 0x2f110f28, 0x03116f11, 0x08321108, 0x011b4682, 0x2931ab1b, 0x2840882c, 0x49008025, 0x88050105, 
    0x10502022, 0x0d010d46, 0x51161188, 0x34066060, 0x325ded33, 0x1a32dc1a, 0x100132ed, 0x10ed5dfe, 0xc65d5ed6, 0x05cc64d6, 0x015d5d22, 0x0621e083, 
    0x051d6315, 0xc756df83, 0x0d094109, 0x06a20127, 0x10221e17, 0xcfae184e, 0x1814200c, 0x0807edae, 0x121e1e35, 0x240e3b3e, 0x1908100b, 0x111e1a08, 
    0x02ae0108, 0x62050707, 0x32462a5e, 0x4e080e1b, 0x05070905, 0x3c634828, 0x2949643c, 0x072e3806, 0x04034305, 0x182d2416, 0x08127b50, 0xfaff0e66, 
    0xbc02f402, 0x2a001b00, 0x5e408a00, 0xa9011a65, 0x02650113, 0x691f2901, 0x031f791f, 0x09011f18, 0x761f011f, 0x900100a7, 0x00870100, 0x76006601, 
    0x001f0200, 0x2ca90001, 0x2ca02c50, 0x12090f02, 0x12291219, 0x08041299, 0x0b0e7512, 0x2b087325, 0x22180925, 0x0e7c2201, 0x0117570f, 0x17264517, 
    0x7c1c011c, 0x0e806b18, 0xfd32cc2e, 0x0133c45d, 0xdeedde10, 0x5d5eed32, 0x20050747, 0x052f425d, 0x82303121, 0x05704308, 0x0f482620, 0x886b1811, 
    0x23310808, 0x16171611, 0x38f40232, 0x2a558e66, 0x015c2965, 0x04024d01, 0x4781623b, 0x38668e55, 0x888a87fe, 0x312d8a88, 0x0c0e0b01, 0x5a5b0123, 
    0x072b5785, 0x0ee8470a, 0xc9182b20, 0x012d07cf, 0x0101ecfd, 0x00020001, 0x02f9ff2e, 0x06d3471b, 0x403f2d08, 0x73111824, 0x0201020f, 0x1f4625a8, 
    0x00761f01, 0x0b010b59, 0x791024a9, 0x18011919, 0x08037c13, 0x01791246, 0xed3f0041, 0x32ed333f, 0x2306d047, 0x5dedc45d, 0x3606c658, 0x11213513, 
    0x2223030e, 0x3e343526, 0x35013b02, 0x37013a03, 0x42113736, 0x2e0807dc, 0x14ac016f, 0x15303230, 0x502aa092, 0x62564973, 0x0f0d2417, 0x4f32520b, 
    0x36201d36, 0x51640247, 0x060555fd, 0x6e6f0204, 0x1835533c, 0x82eafdb2, 0x014a089f, 0x36200d11, 0x1f34282a, 0x0000000c, 0xff330002, 0x03fd01f4, 
    0x000e0003, 0x406e0023, 0x010a5719, 0x1f7f220e, 0xaa110111, 0x08660f25, 0x01085701, 0x1aa68208, 0xffb81a01, 0x0b2c40f0, 0x1a0f480e, 0x08021a1f, 
    0x8624ab1a, 0x3e829600, 0x8688032b, 0x02229622, 0x0e501f22, 0x2ad78286, 0x15971288, 0x23511501, 0x834e1087, 0x335d27d1, 0x3f325ded, 0x9c595d33, 
    0x5d2b2507, 0xc45d5ded, 0xfd23d982, 0x183031c0, 0x200e1852, 0x20e88301, 0x09c54201, 0x35171622, 0x0d125218, 0x01ccfe23, 0x13521891, 0x1152180d, 
    0x4e64230c, 0x52180cfd, 0xc8200b0f, 0xdf84de82, 0x02473d08, 0x00150213, 0x0041002a, 0x158b40ea, 0x350a250a, 0x1b78030a, 0x010a4a01, 0x03052e30, 
    0x7f2e0330, 0x05140305, 0x03054105, 0x2c01033b, 0x031a0103, 0x33a90301, 0x00823301, 0x2e198208, 0x1e3d1782, 0x891f1b1c, 0x1b4d011b, 0x411f1b01, 
    0x41051b05, 0x141b1f7f, 0x1f411b1f, 0x121f0005, 0x2f018219, 0x43ab0021, 0x210f823d, 0x0802211f, 0x9b42ab21, 0x22084082, 0x95261f1f, 0x05840105, 
    0x76056601, 0x05340205, 0x0d050501, 0x26498838, 0x26022659, 0x88161350, 0x49520d12, 0x5d2605c3, 0x193912ed, 0x00825d2f, 0x11391235, 0x18015d33, 
    0x5d5ef610, 0x11e610ed, 0x2f2f3939, 0x7d123912, 0x8724105e, 0x10c4c40e, 0x29820482, 0xed10ed29, 0x5d5d395d, 0x5708875d, 0x5d260d6d, 0x14015d01, 
    0x6218020e, 0x2e210868, 0x056f4602, 0x34353622, 0x134b0a82, 0x1e052309, 0xde181701, 0x31080909, 0x021e1415, 0x2b181302, 0x2c21243c, 0x2444351f, 
    0x212c3219, 0x4a0f1108, 0x19343034, 0x451e372a, 0x5f381753, 0x3a583b48, 0x0fcffe1d, 0x36201122, 0x5f181527, 0x3e080788, 0x011d150c, 0x3f452322, 
    0x32141034, 0x20322426, 0x0908050e, 0x14074c03, 0x1c151d15, 0x26111918, 0x592a546c, 0x442a2e48, 0x140bc757, 0x33290d09, 0x3b211e3a, 0x311f1a2d, 
    0x2c1d1b3b, 0x82001c24, 0x01380800, 0x00002500, 0xb502e501, 0x40000b00, 0x730a2040, 0x08080602, 0x0c04040c, 0x060c0000, 0x070c0d06, 0x79050979, 
    0x01090303, 0x41090b79, 0x3f00420b, 0x12ed103f, 0x10ed2f39, 0x2205a34f, 0x852f3911, 0xd0102702, 0x333031ed, 0x01872135, 0x25113408, 0xdefe5f01, 
    0xbafe2201, 0xf053a701, 0xfd53ce51, 0x0002004b, 0x02f1ff38, 0x00c50287, 0x0129001e, 0x2200b91c, 0x1340f8ff, 0x1a4d0011, 0x4d001208, 0x820c0819, 
    0x0b182904, 0xb8164d00, 0x10b3c8ff, 0xe8210784, 0x280f82b3, 0xf8ffb815, 0x4d000fb3, 0x26078211, 0x00100fb4, 0x5ab8214c, 0x0a20056e, 0x40211082, 
    0x21298227, 0x41830029, 0x83100021, 0x0800271c, 0x004d000e, 0x04820a10, 0x0908082c, 0x76004c00, 0x01094013, 0x3382134d, 0x83114021, 0x290e8220, 
    0xa9134d00, 0x2b09092b, 0x41821f2a, 0x8182b320, 0xf0320782, 0x000f1040, 0x1b761f4d, 0x4d010840, 0x0012101b, 0x1c821b4d, 0x821d4021, 0x831b201d, 
    0x101b219a, 0x1c828a82, 0xa9291782, 0x29791e2a, 0x7c240e29, 0x29548318, 0x4d001009, 0x03084618, 0x9686097c, 0xf8210782, 0x2c4b82b5, 0x00450e09, 
    0x2b2b333f, 0x2b3f32ed, 0x066044ed, 0x2305e963, 0x112b2bed, 0x10211082, 0x200e82f6, 0x261284fd, 0x003031c5, 0x84012b2b, 0x2004820b, 0x064c4701, 
    0x51069e48, 0x6a080600, 0x37363435, 0x021e1417, 0x023e3233, 0x09220237, 0x35207a77, 0x180a1f2a, 0x44342408, 0x54805727, 0x71543029, 0x02958342, 
    0x2d186301, 0x4b332c43, 0x01031a32, 0x097d8172, 0x50050e0d, 0x0a0f0f06, 0x4d846036, 0x2d5c885c, 0x1808adae, 0x52314f06, 0x3f28213b, 0x01002850, 
    0xf1ff3300, 0xc4021f02, 0xe2003800, 0x0e0822b5, 0x82344d00, 0x0db324fa, 0x83244d00, 0x20df8207, 0x22078323, 0x824d0013, 0xb4f02507, 0x4c001211, 
    0xe8210882, 0x201882b3, 0x21f3821e, 0x19822440, 0x82181721, 0x0804380d, 0x384d000c, 0x0f2b1938, 0x1e76323a, 0x19760621, 0x4d000f08, 0x820e1019, 
    0x22418204, 0x820d1140, 0x09102108, 0x50210482, 0x22048208, 0x832c39a9, 0x0f0e2e15, 0x2f2c4d00, 0x371e267c, 0x14000079, 0x2012822b, 0x213082b4, 
    0x0882262b, 0x0e15402b, 0x264c0012, 0x7c090e45, 0x2297830f, 0x8208140f, 0x82142066, 0x0db42419, 0x49144d00, 0xed2506fd, 0x332b3f32, 0x05a74e2b, 
    0xa918ed20, 0x2b270835, 0xed32d4ed, 0x82c6d610, 0x30312217, 0x08594100, 0x45012b21, 0x6a5e05c2, 0x5a172005, 0x37200910, 0x48099f43, 0x970805cc, 
    0x1e141506, 0x01013b02, 0x4d2d3eab, 0x555f2139, 0x252e381f, 0x280b1d0b, 0x3f264436, 0x19294968, 0x3b1e3729, 0x5840243d, 0x333d1f34, 0x151f0c29, 
    0x4d403758, 0x21443824, 0x0b460134, 0x4428331e, 0x100e0a39, 0x12065006, 0x32170b0f, 0x3c28374f, 0x13081d2d, 0x452f3054, 0x0c07162d, 0x0d4f080f, 
    0x232d3919, 0x000a1b2e, 0xffe4ff01, 0x02f80145, 0x001700b5, 0x051e4038, 0x07031901, 0x18171073, 0x0d7c1411, 0x06067904, 0x180d1000, 0x0d480d08, 
    0x00790247, 0xed3f0041, 0x8243ec82, 0x01322e05, 0xedccde10, 0xc4d61032, 0x21133031, 0x21018415, 0x2b531411, 0x4d372005, 0x562805ae, 0xbffea201, 
    0xe3fe1d01, 0x0b374618, 0xb5021927, 0xfe4fd451, 0xf74618bf, 0x3a5c0810, 0xd002f2ff, 0x35001203, 0x7d40bd00, 0xa8010a89, 0x09780120, 0x148b2101, 
    0x238c1401, 0x7f236f01, 0x23570223, 0x1b232301, 0x1a011a5f, 0x010f7335, 0x37a80101, 0x376f373f, 0x6703379f, 0x2d26012d, 0x78762d01, 0x0c67010c, 
    0x010c0f01, 0x36a90c08, 0x23972387, 0x01237502, 0x45012354, 0x192f3882, 0x7c280128, 0x7c1e1b11, 0x0111171a, 0x82460701, 0x11673357, 0x01115801, 
    0x57354511, 0x32160132, 0x027c3201, 0x19820768, 0x5d3f002c, 0x5d5ded33, 0x5d5d3f32, 0xed825d33, 0x4adc1021, 0x6f600998, 0x056b4805, 0x5df61029, 
    0x325dc4ed, 0x835d2f33, 0x31332a28, 0x5d5d0030, 0x33015d01, 0x09d74111, 0x087a6918, 0x3116a24a, 0x0c61fd01, 0x24463b2d, 0x2f567849, 0x45785934, 
    0xa54a3a2d, 0x2e233210, 0x56351e37, 0x3b1d213c, 0x3b2a3b57, 0xfe52010d, 0x61d018bf, 0x4a0d200b, 0x092117a6, 0x050b4704, 0xff083f08, 0x02820248, 
    0x002700b5, 0x40da0033, 0x011b3980, 0x18187331, 0x22732b16, 0x32282422, 0x120d2a05, 0x0d2a1606, 0x0d2a290e, 0x2726252a, 0x0c240c0b, 0x090109a6, 
    0x240c1606, 0x0c053200, 0x10822a24, 0x2a0d7332, 0x2a0d0d14, 0x07131415, 0x04061606, 0x32053233, 0x73230782, 0x82143205, 0x053d0808, 0x1f052416, 
    0x350d010d, 0x242a3405, 0x24161632, 0x24842474, 0x4f243f02, 0x05240224, 0x1d19792e, 0x0a021d29, 0x1d08011d, 0x0c410d43, 0x3f004105, 0x5e3f3f2e, 
    0x12ed5d5d, 0x115d5d39, 0x31018333, 0x10c61001, 0x39115dc6, 0xc1001039, 0x872b0587, 0xee46c47d, 0xc4c42607, 0x180587c4, 0x23128310, 0x5d000f0f, 
    0x07c97a18, 0x0f321e83, 0x3311010f, 0x11ed2f18, 0x31ed2f33, 0x255d0030, 0xbf18032e, 0x032409bb, 0x031e1707, 0x4c05b844, 0xaa08052a, 0x06071737, 
    0x33161415, 0x34353632, 0x21100127, 0x25424040, 0x3b693565, 0x6336683b, 0x3f404325, 0x1e100c21, 0x220e0d15, 0x38292938, 0x160e0e22, 0x273f101e, 
    0x1d1d1e14, 0x3a9e141e, 0x5190827a, 0x7474dd72, 0x8f5173dc, 0x153a7882, 0x2a2c311d, 0x28311616, 0x31281b1b, 0x2c2a1616, 0x40351d31, 0x271b2020, 
    0x20201b27, 0x50000100, 0x3103f5ff, 0x29000803, 0x7f40ef00, 0x05012785, 0x88030126, 0x10080111, 0x7f290801, 0x061e1313, 0x2baa087f, 0x2b242b04, 
    0x2b642b54, 0x2ba42b84, 0x3a072bc4, 0x2bf42bd4, 0x012bab02, 0x82342b04, 0x74500817, 0x052b942b, 0xb4012beb, 0x022bd42b, 0x2b9b2b8b, 0x012b7f02, 
    0x602b4002, 0x2b2f022b, 0x012b1001, 0x2bf02be0, 0x012bcf02, 0x2b402b20, 0x2b802b70, 0x2bb02ba0, 0x012b0f06, 0x7f201c21, 0x212aaa1e, 0x000f1019, 
    0x2488194d, 0xb4f0ffb8, 0x4c001110, 0x40230883, 0x820a080b, 0x20502509, 0x034a1d4e, 0x40271882, 0x4d000f19, 0x820e8803, 0x0e4d271f, 0x4d001018, 
    0x2083100e, 0x07510e2c, 0x3f3f0049, 0xed2b2b2b, 0x07833f2b, 0x332bed22, 0x2005a051, 0x2300825d, 0x5f717171, 0x71360382, 0x5e727272, 0xedf6105d, 
    0xed2f3912, 0x5e003031, 0x5d5f5d5d, 0x6041255d, 0x33112105, 0x2f050744, 0x013d022e, 0x23022e34, 0x11070622, 0x11371123, 0x0806d551, 0x39ea0138, 
    0x5d393c3c, 0x41522e11, 0x112e5241, 0x25311c0b, 0x5d0b3a1e, 0x1d361a5d, 0x112f513f, 0x494958ea, 0xfe1e0158, 0x41542cd5, 0x54412727, 0x4430332c, 
    0x050c132a, 0xb61850fe, 0x2b080a5d, 0x00010000, 0x01f1ff56, 0x00b50270, 0x4030000f, 0x180d081b, 0x0808020d, 0x73011109, 0x0810a80f, 0x0c097c05, 
    0x480b0810, 0x4100460c, 0x3322cc83, 0xc38332ed, 0x32c61022, 0x1320ac84, 0x2508a182, 0x36323316, 0x010e1737, 0x35262223, 0x302f6156, 0x120b231a, 
    0x6022390d, 0xfeb50252, 0x09363e04, 0x0b065004, 0x67826b61, 0x6c820e20, 0x67823720, 0x67820b20, 0x03051736, 0x010b7307, 0x0c0d0909, 0x06790400, 
    0x06060a0a, 0x02420802, 0x12256383, 0x2f332f39, 0x20678210, 0x25098311, 0xcd32fdce, 0x67823031, 0x5c113321, 0x23240549, 0x6461640e, 0x012a0282, 
    0xfe26018f, 0xbcfe4bda, 0x5b824401, 0x00563a08, 0x02870200, 0x002400c3, 0x796440fd, 0x15270109, 0x0101a701, 0x21222324, 0x11200020, 0x15101514, 
    0x003b002b, 0x13081502, 0x15244d00, 0xda021534, 0x15840115, 0x01154b01, 0x3d1b8200, 0x14002073, 0x20490020, 0x01203a01, 0x20282018, 0x2f1c2002, 
    0x9f1b4f1b, 0x051b031b, 0x32821806, 0x20064408, 0x0848120b, 0x28061806, 0x06080306, 0x05040473, 0x40e8ffb8, 0x4d001442, 0x10010544, 0x02053005, 
    0x0c102605, 0xa80d730f, 0x1f1c2025, 0x011b947c, 0x74011b85, 0x151b011b, 0x0b3b4518, 0x010b1801, 0x82047b0b, 0x101634a6, 0x0f021036, 0x10100110, 
    0x0c410e0c, 0x00420542, 0x823f3f3f, 0x5d2108e6, 0xed5d395d, 0x333f5d5d, 0x5d5d5d33, 0x0133c6fd, 0x32edfe10, 0x5dc61032, 0x10322b5d, 0x2b5d5eed, 
    0x210b822b, 0x1c82d232, 0x872b8725, 0x8201c47d, 0x2b712308, 0xdd431071, 0x0733450a, 0xd2181e20, 0xd54f0dc2, 0x0649080a, 0x01010e07, 0x60632b1a, 
    0x1e721b53, 0x2a5c5950, 0x35156161, 0x1e1c3c39, 0x3a2a2d37, 0x25112c0f, 0x141f160e, 0x74015539, 0x6964591f, 0x575f2f2f, 0xb7fe1a4a, 0xcafeb502, 
    0x4445411a, 0x1f23201d, 0x10104511, 0x663a1515, 0x20c88200, 0x08048250, 0x0803fc2e, 0xd0002800, 0x23d81c40, 0x01098a01, 0x46010608, 0x0b39010b, 
    0x010a3801, 0x78010909, 0x02160108, 0xffb80601, 0x1814b5e0, 0x23064c01, 0xb3230982, 0x824d011b, 0x40f02807, 0x0115145d, 0x8220004c, 0x2000220e, 
    0x211d8216, 0x10831000, 0x00743f08, 0x24002301, 0x231e7f00, 0x00231e14, 0x05a4241e, 0x1e2a0501, 0x10160017, 0x80160216, 0xaa0e7f0c, 0x39492429, 
    0x021e491e, 0x23061e1e, 0x851a1749, 0x36132616, 0x13050213, 0x08021315, 0x53184f13, 0x5e380d3f, 0xed335d5d, 0x39123f32, 0x013f5d2f, 0x1afdf610, 
    0xc0325dcc, 0xc65dd610, 0x22081c45, 0x832b5d01, 0x2b322b00, 0x71003031, 0x5d5d715d, 0x0482015d, 0x42410120, 0x23152206, 0x052b7211, 0x21057146, 
    0xb7181506, 0x4d18144d, 0x18260cc9, 0x1232383a, 0xb718176d, 0x4d201059, 0x250aa347, 0x3a18d0fe, 0xb718373c, 0x0e3c0763, 0x1501f6ff, 0x13000803, 
    0x0b404700, 0x01010238, 0x480b0820, 0xb8130c15, 0x1a40c0ff, 0x13310a82, 0x7f090d80, 0xaa030607, 0x85060b14, 0x000c0c05, 0x5f511809, 0x432f200a, 
    0xc428058d, 0x1a32fd33, 0xc6c62bdc, 0x2b3cc682, 0x012e175d, 0x3523013d, 0x11371133, 0x15231533, 0x17021e14, 0x4e4856fa, 0x5c5c5d4e, 0x07595118, 
    0x0146e733, 0xadfe1043, 0x1e17d846, 0x00030912, 0x00010000, 0x20048210, 0x088782ec, 0x1901275c, 0x1f87a840, 0x661b5601, 0x1089021b, 0x010d3301, 
    0x98010d24, 0x020ba80b, 0x18010908, 0x0b930108, 0x1b212301, 0x1f061b24, 0x1b1f0801, 0x1c0d1e24, 0x1d0e241b, 0x0e25100f, 0x25100c1d, 0x09080d1e, 
    0x030b060b, 0x00050002, 0x0b010b14, 0x00052510, 0x0b067f05, 0x0b060614, 0x0e820027, 0x25103908, 0x1b101b24, 0x1b247f25, 0x1b242414, 0x0d1e1d0e, 
    0x7f1e0d0e, 0x1d140e1d, 0x151d1e0e, 0x30011d57, 0x1b0d010d, 0x1616031d, 0x01243f06, 0x06302924, 0x25280601, 0x164a244a, 0x1d3a1782, 0x151b1b1d, 
    0x05008712, 0x064f1916, 0x004a054a, 0x333f3f3f, 0x32ed3912, 0x01821133, 0x3f3f5d26, 0x71c61001, 0x11270282, 0x39172f39, 0x18335d71, 0x230c5a4b, 
    0x10180587, 0x24096165, 0xc405c40e, 0x0612470e, 0xc47d0822, 0x25061147, 0xc40e8710, 0x00820fc4, 0x475e0121, 0xd0600522, 0x835d2007, 0x0e013000, 
    0x3e230703, 0x07273703, 0x012e3727, 0x69062223, 0x57080507, 0x17371716, 0x17031e07, 0x01012e23, 0x272f1b08, 0x0e5f0a1e, 0x203f362c, 0x64176a17, 
    0x0e1d2711, 0x050d0515, 0x493c1825, 0x77177c18, 0x2b353d22, 0x411a6111, 0x7336aa01, 0x3a2b676f, 0x3e888a84, 0x223f2435, 0x02041e1d, 0x3b06024b, 
    0x293f2b30, 0x909ca352, 0x00de5e3f, 0x5b080082, 0xff560001, 0x027903f1, 0x002f00b5, 0xaa44406a, 0x2f8b012f, 0x7c022f9b, 0x0778012f, 0x29a83101, 
    0x01277f73, 0x7f731c27, 0x0c1a011a, 0x30a80a73, 0x411b4128, 0x2d2a410b, 0x2227052d, 0x22662256, 0x56172202, 0x02126612, 0x08007c12, 0x02051805, 
    0x00460508, 0x335d5e3f, 0x32325ded, 0x28063248, 0x013f3f3f, 0xdcedf610, 0x2302825d, 0x3031e6fd, 0x2520e883, 0x22067649, 0x4c113311, 0x2e2207a7, 
    0x0d8a3501, 0x0e3b0a82, 0x26222301, 0x250bf401, 0x45223c31, 0x61123157, 0x2a351e0c, 0x1c242b16, 0x83090a09, 0x2923080b, 0x1b222410, 0x7a256107, 
    0x2d503345, 0x0d131507, 0x3c664a29, 0x6afeaf01, 0x19355239, 0x07100d08, 0x87274d20, 0x04022b0e, 0x63020204, 0x110a57fd, 0x474b001c, 0x82022105, 
    0x6e08f382, 0x408e0021, 0x01197731, 0x00070019, 0x14191e73, 0x731e191e, 0x23a82040, 0x1f100f11, 0x80100210, 0xa8177307, 0x0f400722, 0x076d4812, 
    0x01075b01, 0x1ea01e90, 0xffb81e02, 0x102a40b8, 0x601e5049, 0x031e701e, 0x07011e44, 0x42211f1e, 0x4119411f, 0x14114118, 0x100d107c, 0x0a480d0a, 
    0x020d1a0d, 0x00470d08, 0x3f3f0042, 0x332b5d5e, 0x823f32ed, 0xaf521800, 0xcc1a270d, 0xf610325d, 0x7245fd1a, 0x30312506, 0x27052e21, 0x220e994b, 
    0x181e3311, 0x200d38d5, 0xa552180c, 0x2f4d240b, 0x185d696b, 0x440a44d5, 0x022a0a06, 0x8d8532c6, 0x01023588, 0xf3824bfd, 0xff50002c, 0x02f40147, 
    0x00170013, 0x5218b34c, 0x203e07a0, 0x4c00100f, 0x080f7f0a, 0x0802081f, 0x1519aa08, 0x18aa177f, 0x4b094a16, 0x01105815, 0x52188810, 0x44181099, 
    0xed270be0, 0x2b003031, 0x18135d01, 0x1812445d, 0x20088452, 0x7852185d, 0x01232412, 0x184430c9, 0x08086d52, 0x3a000327, 0xd002f1ff, 0x1300c502, 
    0x25001c00, 0x00b91001, 0x40f0ff1b, 0x00121114, 0x1208174c, 0x10174d00, 0x124d0011, 0xfdd51820, 0x8209200f, 0x83022010, 0xb81c2815, 0x12b3f8ff, 
    0x82164d00, 0x1b402107, 0x21200882, 0x21213083, 0x4e3b8319, 0x10260550, 0x194d000a, 0x1f830a76, 0x000f1236, 0x09400a4d, 0x0a1f4d00, 0x27a90a01, 
    0x20012700, 0xb4f0ffb8, 0x20216182, 0x8247861a, 0xb3f02407, 0x834d000e, 0x22402107, 0x1a233a82, 0x18080076, 0x3207917c, 0x0801000f, 0x2126a900, 
    0x198f7920, 0x1902199f, 0x58140519, 0x078306ac, 0x82144021, 0x7c142259, 0x232e830f, 0x081d460f, 0x1d224582, 0x5782057c, 0x3f82b420, 0x00450526, 
    0x2bed2b3f, 0x2b260383, 0x5d2f3912, 0x621832ed, 0x2b28087b, 0x712b322b, 0x2b5df610, 0x0b831f82, 0x230ce24f, 0x023e3413, 0x5805305c, 0x05320598, 
    0x37023e32, 0x13011e21, 0x21070622, 0x353a032e, 0xd518795b, 0x01340cf1, 0x3a50314b, 0x3afe0423, 0x64647709, 0xc6010a76, 0x4f3b2305, 0x10f5d518, 
    0x22bc8308, 0x7038593f, 0x7e2a0282, 0x3e57376f, 0x02000021, 0xf1ff3a00, 0x2103d102, 0x35001300, 0x5c408a00, 0x1f29290f, 0x682f241f, 0x0a29010a, 
    0x2c760a01, 0x17011768, 0xa71a7714, 0x1a1f021a, 0x37a91a01, 0x67013700, 0x00260100, 0x78760001, 0x0224a824, 0x0801240f, 0x3336a924, 0x0f18172c, 
    0x09020f58, 0x7c0f010f, 0x29972967, 0x17452902, 0x02055705, 0x05010506, 0x981f687c, 0x461f021f, 0xed5d3f00, 0x04845d5d, 0xcc333327, 0x5ef61001, 
    0x2810835d, 0x5df61071, 0x5d32325d, 0x291c8232, 0x11391232, 0x31331133, 0x1f441330, 0x34352a06, 0x2223022e, 0x1401020e, 0x0a365306, 0x3e343523, 
    0x05b74d02, 0x2634352f, 0x14163327, 0x553b20a0, 0x3b553435, 0x21078220, 0x07823534, 0x2931023c, 0x352a2426, 0x4443775a, 0x35355b79, 0x3744795b, 
    0x0e1a2a64, 0x015e0101, 0xd4185b01, 0x01290ead, 0x24563063, 0x594f7c2d, 0x22d71888, 0x1f780809, 0x23351d20, 0x0b06160a, 0x00020013, 0x02f3ff33, 
    0x00740245, 0x002c0020, 0x0b08b178, 0x40c0ffb8, 0x4d000b3d, 0x6927590b, 0x82270227, 0x1c05052a, 0x1214001c, 0x562eab17, 0x02216621, 0x000f8221, 
    0x0802001f, 0x472dab00, 0x97245724, 0x88240324, 0x2a48511c, 0x2a982a58, 0x14882a03, 0xffb8080f, 0x0e0a40e0, 0x5b4c0011, 0x05080108, 0x333f0050, 
    0x33cc2b5d, 0xed3f5ded, 0x2505bd4e, 0xf6105ded, 0x0c4133c4, 0x5dfd2605, 0x31322bc4, 0x05114230, 0x3e171623, 0x18f38601, 0x220aec8e, 0x4b37022e, 
    0x342d05d8, 0x06222326, 0x5a412433, 0x1f502e35, 0x24ee8218, 0x1352015c, 0x280f8315, 0x24415a35, 0x45454e61, 0x2903834e, 0x653d0401, 0x1c1e2748, 
    0xe385331d, 0x49650631, 0x3e2e5020, 0x27274864, 0x583e6448, 0x82586767, 0x82002003, 0x00023400, 0x03f2ff39, 0x00c402aa, 0x003b0027, 0x886e40a0, 
    0x82790120, 0x1c750802, 0x011b8801, 0x09860976, 0x76191602, 0x9f2d8f03, 0x2d29022d, 0x2d022d69, 0x0d3c3d2d, 0x3da80b73, 0x26013d9f, 0x02376637, 
    0x230f7637, 0xa9230801, 0x0128163c, 0x1e787c28, 0x691e2901, 0x461e021e, 0x4916420c, 0x02135913, 0x97037c13, 0x06660106, 0x06860676, 0x19060603, 
    0x7c320132, 0x26010077, 0x02006600, 0x3f004500, 0x5ded5d5d, 0x5d5d2f33, 0x325ded33, 0x210d843f, 0x71181001, 0x11220871, 0x1a843912, 0x30313223, 
    0x05484700, 0x17163222, 0x420e9844, 0x13200f36, 0x0806765f, 0x0e222357, 0x1e141502, 0x33770102, 0x5517275f, 0x2d53453a, 0x1c0d610f, 0x31202230, 
    0x32272111, 0x41417357, 0x33335773, 0x33407457, 0x1d1d3750, 0x33335037, 0x1d1d3850, 0xc4025038, 0x28131d1e, 0x3c634526, 0xa10146fe, 0x16314e39, 
    0x792d0c15, 0x5b87594d, 0x875b2e2e, 0x29078359, 0x482783fd, 0x663f3f66, 0x07872748, 0x08054b41, 0x47ff3355, 0x1502eb02, 0x33002700, 0x4a40ac00, 
    0x27011707, 0x00250117, 0x09181282, 0x120b480c, 0x28591201, 0x20022869, 0x28280128, 0x7f1c3435, 0x1a1f1a0f, 0x35aa1a02, 0x353f352f, 0x5603357f, 
    0x022e662e, 0x0a0f822e, 0x0a020a1f, 0x4b1b34ab, 0x86882225, 0x82740112, 0xb8350837, 0x2b40f0ff, 0x12480d0a, 0x15a61596, 0x88157802, 0x15060215, 
    0x08021516, 0x2b495015, 0x2b022b59, 0x46500f88, 0x02315631, 0x05688831, 0x00510501, 0x5ded5d3f, 0x2702823f, 0x5d5d5d5e, 0x5d5d2b33, 0x8205bb62, 
    0x105d2414, 0x41ed5df6, 0x5d230657, 0x4832ed2b, 0x012005a7, 0x410e8f71, 0x07211263, 0x06027e34, 0x32332908, 0x240e0236, 0x3333573f, 0x24244057, 
    0x27335740, 0x49141d45, 0x27483c2c, 0x16085d0d, 0x221a1f28, 0x6018150c, 0x4c41414c, 0x01200383, 0x0c75be18, 0x0e161834, 0x5840231e, 0x0123fe34, 
    0x2c422ec9, 0x22080d15, 0x8e423254, 0x02710807, 0x00000f00, 0xbc02a302, 0x28001900, 0x4b407500, 0x17281718, 0x01170902, 0x01169908, 0x02570247, 
    0x47762402, 0x67035703, 0x2a030303, 0x0f012a30, 0x1d09012a, 0x15120b73, 0x0e871173, 0x0b8f0e01, 0x50020b9f, 0x020b700b, 0x791e290b, 0x0a000808, 
    0x1b0c1d42, 0x1211407c, 0x00450080, 0x32cc1a3f, 0x33c4fd1a, 0x2f39123f, 0xde1001ed, 0x5dde5d5d, 0x05db6332, 0xd6105d2c, 0x3031ed5d, 0x5d5e5d5d, 
    0xda18015d, 0x06200ac2, 0x240ac962, 0x23062217, 0x07bb6211, 0x18740121, 0x5a07cdda, 0x4f2d08b4, 0x49032e2e, 0x1e375032, 0x0246351f, 0x05f659bc, 
    0x02fdfe23, 0x0c996261, 0xfe015523, 0x0c035aed, 0x09bf7218, 0x7b003325, 0x189a3640, 0x200cbc72, 0xbd721840, 0x35250811, 0x0880242b, 0xaa1b7f19, 
    0x88030834, 0x25502f2c, 0x21248828, 0x40f0ffb8, 0x480c0817, 0x4b1a4f21, 0x099b098b, 0xcc721802, 0x332b2413, 0x4b3f32ed, 0xfd2705f4, 0x33cc1a32, 
    0x825df610, 0xed1a2100, 0xf9820482, 0x19d27218, 0x210cc74c, 0x1742011d, 0xb9012205, 0xdf72185a, 0x0cd24c15, 0x72181a20, 0x06201deb, 0x250ad248, 
    0x260b095f, 0x43436546, 0x564f0805, 0x950293ff, 0x16000803, 0x68002500, 0x08a83d40, 0x01089901, 0x48010267, 0x21090109, 0x14770076, 0x01146601, 
    0x1401140f, 0x08010608, 0x27058206, 0x7f1a0b0e, 0x1926a80d, 0x1b117c17, 0x00094079, 0x0f0c0a0a, 0x4111800d, 0x00420c05, 0x823fcc3f, 0x391229ec, 
    0x1a33332f, 0x32ed10ed, 0x25054551, 0x5eedd610, 0xfa82d65d, 0x32ed3223, 0x21fe825d, 0xb94d5d5d, 0x27013205, 0x11231123, 0x33361533, 0x14151632, 
    0x012a0306, 0x09f34107, 0x11a63e08, 0x1f464138, 0x277a4868, 0x2561618d, 0x4d999232, 0x132c20d6, 0x37503245, 0x45331e1e, 0x4d152401, 0x92478068, 
    0xeffe2ebe, 0x03520803, 0x61446d6b, 0xfe022b01, 0x331c09fb, 0x1e34272a, 0x2fdc820c, 0xff1f0001, 0x02f301f1, 0x013000c5, 0x2d00b99d, 0x2105d558, 
    0x3373b829, 0x8b282005, 0x000a2d07, 0xffb8134d, 0x101840f8, 0x180f4d00, 0x0b2c0d82, 0x4d000918, 0x0012080b, 0x08080a4d, 0xb82a1382, 0x1f40f0ff, 
    0x4c001211, 0x05831028, 0x28130f2f, 0x282c0f2c, 0x140f1373, 0x13280f13, 0x8437832c, 0x0c0e2e40, 0x132c4d00, 0x1008160c, 0x76164d00, 0x23538225, 
    0x4d0012b3, 0xf0220782, 0x078411b3, 0x10b3e822, 0xf8310784, 0x000a08b5, 0xb804254c, 0x0bb5c0ff, 0x3204480e, 0x2662822f, 0x4d000fb5, 0x861f762f, 
    0x84078235, 0x22078235, 0x821d40f8, 0x0c1f2136, 0x0c299083, 0x00111010, 0x09400c4c, 0x2605820e, 0x4d000848, 0x821e310c, 0x82b720cb, 0x1b1e2320, 
    0x8682227c, 0x6383e020, 0xf8220782, 0xd7840db3, 0x0e40f022, 0x2c222682, 0x0d820e08, 0x2c132c23, 0x20608a09, 0x822a83f8, 0xb5f0270f, 0x4c000f0e, 
    0x7a83221f, 0x0783a882, 0x82164021, 0x45222634, 0x047c0003, 0x221c8308, 0x82080904, 0x46092a10, 0x332b3f00, 0x3f32ed2b, 0x2706822b, 0x39122b2b, 
    0x2b2f2f39, 0x10260082, 0x012b32ed, 0x0982d610, 0x82c42b21, 0x2bed2104, 0x0d840b82, 0x2383ed20, 0x4d2b2b21, 0x00240ce2, 0x30312b2b, 0x26097f59, 
    0x37363225, 0x5d030e17, 0x372006fc, 0x4d07aa5b, 0xc80807b6, 0x020e1415, 0x15030e07, 0x441d0114, 0x0b1d175e, 0x29453627, 0x371e8579, 0x361f2d4b, 
    0x24151628, 0x53371c30, 0x67181f15, 0x1d7c6d3f, 0x21264432, 0x451b2e3b, 0x06500d20, 0x620b0f11, 0x3245315b, 0x180c1224, 0x191c261d, 0x190c1825, 
    0x1b104f0d, 0x3e2c5b66, 0x0c0d212d, 0x202d2118, 0x01000068, 0xf4ff2700, 0x15029601, 0xbb002b00, 0x27767740, 0x01267601, 0x38010d89, 0x24190127, 
    0x01200601, 0x1f461f36, 0x151f0502, 0x031f251f, 0x16010d27, 0x0909010d, 0x4a083a01, 0x082b0208, 0x1a080a01, 0x82120208, 0x27240421, 0x1024100d, 
    0x24277f0d, 0x0d242714, 0x01279827, 0x27012786, 0x20030a10, 0x02043004, 0x19182d04, 0x056b4629, 0xab0a0826, 0x8815182c, 0x27355e82, 0x1e190710, 
    0x88000350, 0x00510704, 0x32ed333f, 0x3912333f, 0x07d34a39, 0x32c4ed27, 0x325dc610, 0x20118211, 0x0c3d415d, 0x10180122, 0x20081e61, 0x2000855d, 
    0x21068201, 0xdd533237, 0x3e342808, 0x013e3702, 0x4e263435, 0x032105fb, 0x05664533, 0x0e078d08, 0x16141501, 0x10463af5, 0x454e0e11, 0x2a166c62, 
    0x3537243a, 0x402d273a, 0x1d08110f, 0x58172b26, 0x37281866, 0x37363e1e, 0x50061843, 0x484a1706, 0x1b243325, 0x2324150e, 0x08111f21, 0x07080350, 
    0x23455105, 0x0c192230, 0x21222819, 0x0000001e, 0x00210001, 0x020b0200, 0x001900b5, 0x576140af, 0x10560115, 0x17181901, 0x15001516, 0x0d0e0f10, 
    0x0b0a110c, 0x010c070c, 0x00150300, 0x1115110c, 0x110c7300, 0x03000c14, 0x0003110c, 0x39080b82, 0x070c1407, 0x0c7a0c00, 0x0c020c8a, 0x1b041407, 
    0x11961186, 0x770311a6, 0x0f110111, 0x02071f07, 0x111a0708, 0x0c127914, 0x4112050c, 0x05790307, 0xed3f0042, 0x39123f32, 0xbc762f19, 0x5d5e2a06, 
    0x105d5dc6, 0x3912c6d6, 0x052c525d, 0xc4107d24, 0x3f500887, 0x8710240d, 0x18c4c40e, 0x210a0092, 0x8447c4c4, 0x010e2d06, 0x21152107, 0x37033e35, 
    0x3527032e, 0x33080a82, 0x7401031e, 0x012f7c37, 0x1316fe79, 0x1e403d35, 0x31393d1d, 0xfedb0111, 0x352d0ea5, 0x4869013a, 0x4953438b, 0x4c49441f, 
    0x474c2627, 0x533d193e, 0x47413915, 0x5c08fe82, 0x45ffa4ff, 0x08031c01, 0x28001900, 0x00b95600, 0x40e0ff18, 0x480c082e, 0x08010708, 0x0928280a, 
    0x20408111, 0x19058009, 0x0a29097f, 0x2540880c, 0x16881d80, 0x7705674f, 0x87050205, 0x10081806, 0x00520648, 0x5ded2b3f, 0xde1afd3f, 0x0132ed1a, 
    0xcefdde10, 0x1adc101a, 0x2f3311ed, 0x2eab8233, 0x2b015d5e, 0x021e1417, 0x012e0717, 0x60061135, 0x15250a3a, 0x23263427, 0x081d6322, 0x08ce4008, 
    0x0d161e12, 0x2b214856, 0x0f1f3122, 0x2a37210d, 0x225d4655, 0x07212022, 0x1612190f, 0x171a0e20, 0x0309121e, 0x4a46024e, 0x18143902, 0x12183025, 
    0x601c2a2f, 0x2b281a55, 0x170b1729, 0x18110c14, 0x0808bfc1, 0x7c014548, 0x2c00a902, 0x31405200, 0x0d082014, 0x24191a48, 0x020c7f20, 0x2c032e11, 
    0x2daa2a7f, 0x9709870c, 0x88090209, 0x19270924, 0x03272927, 0x1d1a5127, 0x52161988, 0x0087022c, 0xed3f0049, 0xed333fcd, 0x335d3f32, 0x02465ded, 
    0xd6102705, 0x32fd33c4, 0xcc8232cc, 0x52132b21, 0x332306ec, 0x58373632, 0x262007b1, 0x0808b75f, 0x013d269a, 0x2223010e, 0x37113526, 0x0cc5c5a7, 
    0x2b182418, 0x02010a3a, 0x1d0a0102, 0x240e2c36, 0x1c06080b, 0x011a2608, 0x5511220c, 0x08025d49, 0x3327f04e, 0x020a0c1d, 0x17181606, 0x31452b08, 
    0x4403051a, 0x2d320302, 0x06030702, 0x69670301, 0x0010d001, 0x000f0001, 0x02400200, 0x001500b5, 0x0a214039, 0x2a0c1a0c, 0x1117030c, 0x03147313, 
    0x0a0f4075, 0x08020a1f, 0x4213160a, 0x00800706, 0x41107912, 0x32fd3f00, 0x3f32cc1a, 0x5ed61001, 0xd4ed1a5d, 0x31c6d6fd, 0x22135d30, 0x3a0b9f48, 
    0x23152133, 0xbf112311, 0x0101322a, 0x20040250, 0x011e3d31, 0x0261da85, 0x6b252b64, 0x2d28061a, 0x510e223b, 0x64029cfd, 0x39087f82, 0x01f5ff4a, 
    0x00080385, 0x406a0023, 0x01130b44, 0x76011805, 0x02178617, 0x0d020c1c, 0x7f230325, 0x1d24aa15, 0x20012068, 0x19871c87, 0x76021997, 0x19070119, 
    0x08021917, 0x68414f19, 0x180d2a07, 0x02102810, 0x10011009, 0x06624151, 0xc34b3f20, 0x5d5e2106, 0x01280885, 0x32edf610, 0x33c6d610, 0x0024ac82, 
    0x5d015d5d, 0x2c0b6741, 0x23010e17, 0x35022e22, 0x33363411, 0x063b6632, 0xa715063e, 0x180ccbcb, 0x322b1824, 0x460e1309, 0x2a45352d, 0x2a6a6111, 
    0x0c110c3a, 0x3441202c, 0x34075b41, 0x074c0413, 0x4f361b16, 0x646e0134, 0x50050c6d, 0x3c470b06, 0x08d38200, 0x45ff105c, 0xb5022502, 0x5a001500, 
    0x0c083b40, 0x0c280c18, 0x137f1703, 0x0002138f, 0x06130113, 0x075f074f, 0x73000702, 0x0f8f0f7f, 0x010f0002, 0x1f120f0f, 0x12080212, 0x79151016, 
    0x03064113, 0x100a077c, 0x0a480c08, 0x2b3f0047, 0x3f32ed33, 0x100132ed, 0xd45d5ed6, 0xccfd5d5d, 0x0682325d, 0x0521c684, 0x09b35814, 0x2708be83, 
    0x15213523, 0x194b0123, 0x081b0825, 0x0e250b09, 0x0d213a2d, 0xda1502da, 0x02312d11, 0x05034903, 0x2e462f18, 0x51516402, 0x49089f82, 0x02f1ff51, 
    0x002103de, 0x404b0028, 0x2573032e, 0x098f7320, 0x01094001, 0x0801090f, 0x2a0f2a09, 0x40731601, 0x2829a814, 0x217b0880, 0x1b411541, 0x010e497c, 
    0x0e370e27, 0x00460e02, 0xed5d5d3f, 0x1aed3f3f, 0xf61001ce, 0x076aed1a, 0xeddc2407, 0x71013031, 0x0720051d, 0x83055c52, 0x08795392, 0x11354d08, 
    0x35363233, 0x02272634, 0x1e0c01dd, 0x411f2431, 0x64444463, 0x18611f40, 0x25253d2c, 0x49182c3d, 0x01012317, 0x130b2103, 0x272e1706, 0x90fe041b, 
    0x2a49643a, 0x3a64492a, 0x58feb301, 0x17304b34, 0x344b3017, 0x2422a801, 0x0006160a, 0x22080082, 0xff4a0001, 0x026b02f5, 0x00240074, 0x0b314066, 
    0x4d000810, 0x217f0022, 0x067f1a1e, 0x4d001140, 0x830f4006, 0x08330804, 0x064c0009, 0x01262026, 0x0f407f11, 0x802225aa, 0x491a8505, 0x1419490f, 
    0x40f0ffb8, 0x000e0d0f, 0x0688144c, 0x100f1009, 0x51094c00, 0x332b3f00, 0x83322bed, 0x87cc20dc, 0x2b2b30dc, 0x32dced2b, 0x303132ed, 0x0e14012b, 
    0x42110702, 0x325a072c, 0x023e2205, 0x29d98737, 0x02141633, 0x311c0c6b, 0xc5182024, 0x1d230a6f, 0x83450516, 0x015c26d9, 0x2e175002, 0x22d88226, 
    0x18120849, 0x840f4157, 0x130b3ad4, 0x34000100, 0xdc02f0ff, 0x2f00b502, 0x58408800, 0x9d011187, 0x020aad0a, 0x051e515b, 0x26920d29, 0x540226a2, 
    0x82260126, 0x22370802, 0x18010d6f, 0x2260010d, 0x01221701, 0x220d220d, 0x761d2405, 0x2b012b1f, 0x821331a9, 0x01050f0b, 0x30a90508, 0x250b0e22, 
    0x41240c79, 0x18561816, 0x01180702, 0x82697c18, 0x07195163, 0x32ed3323, 0x051f5232, 0x10edc62c, 0xc4ed5df6, 0x2f393912, 0x00825d2f, 0x87331121, 
    0x30312404, 0x5d22055d, 0x23250631, 0x0e152135, 0x056b6803, 0x35023e26, 0x27022e34, 0x23201182, 0x0805a544, 0x4188014f, 0x16355975, 0x8f172e24, 
    0x36200b01, 0x3a201728, 0x52323252, 0x2817203a, 0x0b011f37, 0x242e178f, 0x76593516, 0x7e552b10, 0x4a562f53, 0x4452163d, 0x594a3d1a, 0x415e3b36, 
    0x5e412222, 0x4a59363b, 0x52441a3d, 0x564a3d16, 0x557e532f, 0x06a3422b, 0x02742a08, 0x002300b8, 0x653b405b, 0x20560120, 0x01084901, 0x7301074a, 
    0x038a0103, 0x38032801, 0x801c0203, 0x15011548, 0x01006876, 0x3431820f, 0x730d25a9, 0x1824a80a, 0x0c411f7c, 0x37122741, 0x7c120212, 0x27ee8205, 
    0x3f3f5ded, 0xf61001ed, 0x5d25e683, 0xcc1a5dfd, 0x05995f31, 0x5d20e582, 0x56086c4e, 0x36200717, 0x08081848, 0x32330128, 0x7402021e, 0x5570431b, 
    0x1c3e6145, 0x392a1861, 0x41616121, 0x06110e4d, 0x0e1f0c03, 0x17345640, 0x84426401, 0xa642426b, 0x8f872b0b, 0x01018485, 0x33010251, 0xa7427d5b, 
    0x06690805, 0xac020000, 0x2000bf02, 0x5b409600, 0x000f080e, 0x080e084d, 0x19730e05, 0x1f19141f, 0x5b194b0e, 0xab196b19, 0x19380419, 0x24191401, 
    0x190b0219, 0x221f1901, 0x731f1314, 0x04050801, 0x05010801, 0x14010473, 0x0f010104, 0x02041f04, 0x1f210408, 0x48012801, 0x05010201, 0x14194220, 
    0x10137c17, 0x04410545, 0x00420041, 0x3000823f, 0x3232ed33, 0x5d39123f, 0x10013311, 0xc55d5ed6, 0x082b5887, 0x10180128, 0xc632d4fd, 0xf583d610, 
    0x87c1002e, 0x7d082b05, 0x3031c410, 0x11332b01, 0x07f9ab18, 0x3e370322, 0x0245f482, 0x07400807, 0x1107030e, 0x367a45fb, 0x315e2772, 0x2329270b, 
    0x2f341a08, 0x30153a2c, 0x14141c12, 0x2b0e0e1a, 0x010f2c2e, 0x64d06a17, 0x174ea952, 0x0d414c4b, 0x15212c2b, 0x13111242, 0x564c1618, 0xe8fe1c53, 
    0x8808ff85, 0x0247ff03, 0x00150238, 0x40c7002f, 0x011a091e, 0x26010567, 0x04060105, 0x2e020426, 0x2237022d, 0x22022247, 0x28271d22, 0xb81d2819, 
    0x5940f8ff, 0x2248120f, 0x22191c1d, 0x1c7f1d19, 0x1c1c1419, 0x01191919, 0x7f282819, 0x02140702, 0x0107a507, 0x68010796, 0x07570107, 0x46073601, 
    0x07250207, 0x01070601, 0x021f1c07, 0x1c310201, 0x101f100f, 0x30100802, 0x0002282e, 0x502a2d87, 0x1d0b0719, 0x11491c49, 0x0b108714, 0x05444a4b, 
    0x39123f28, 0xfd333f39, 0x214133c2, 0x10c62505, 0x39115dd6, 0x2805274a, 0x7d2b875d, 0x5d01c410, 0x0a224987, 0x102b0126, 0x08c40e87, 0x18251582, 
    0x3132c410, 0x26298330, 0x07062201, 0x5807010e, 0x9c47055e, 0x023e2a05, 0x27022637, 0x17031e33, 0x0844413e, 0x01265c08, 0x081c1df5, 0x1426411d, 
    0x2941342a, 0x1317180b, 0x230b1104, 0x212a1b11, 0x6d3f0c1b, 0x1f0b6424, 0x0d192c26, 0x0b141517, 0x143e3a0d, 0x12101529, 0x1e1fc701, 0x2d59cb76, 
    0x03132940, 0x4b020605, 0x180b0905, 0x01771b27, 0x682d890f, 0x27336f6e, 0x2c514d4c, 0x07083e37, 0x4a000948, 0x1835055b, 0x1900b502, 0x3f407900, 
    0x1513100e, 0x06160d16, 0x09000103, 0x27088209, 0x14090073, 0x00040900, 0x0806c047, 0x12171b2e, 0x00161a0d, 0x13187917, 0x06041212, 0x11100505, 
    0x04040379, 0x0d41180b, 0x0b790a09, 0xfd3f0042, 0x123fc532, 0xed332f39, 0x33113232, 0x102f0183, 0x0133c5fd, 0xc6c6de10, 0x5d5ede10, 0x6187c6d6, 
    0x05260686, 0x8710c4c4, 0x0682c40e, 0x31c40e2a, 0x010e0130, 0x23153307, 0x08072b4a, 0x2337013d, 0x013e3335, 0x21352137, 0x5c200e02, 0x2cce9931, 
    0x84011d4f, 0x531d09fe, 0x2dac772f, 0x9afe2354, 0x6802db01, 0x4b447124, 0x51387c3f, 0x45873741, 0x286e3f4b, 0x00000051, 0x82240001, 0x02b12204, 
    0x20cf8408, 0x24ce8541, 0x09060301, 0x20ce8300, 0x27ce8b7f, 0x1b001b0a, 0x11170801, 0x8720d184, 0x8520d189, 0x4920d184, 0x8722d182, 0xd1824a0b, 
    0xd191c120, 0xd184c120, 0x105d5e23, 0x22d288de, 0x870ec4c4, 0x08cf9bd1, 0x14a9012d, 0xa2702541, 0x0117391e, 0x1573fe22, 0x8958233d, 0xfe16381f, 
    0x017701fb, 0x304b15c3, 0x27542a42, 0x5e293a4c, 0x46294230, 0x82004c1a, 0x006708ca, 0x02f1ff19, 0x00b50205, 0x407e002c, 0x0110174f, 0x05010358, 
    0x730e090e, 0x00140500, 0x09780500, 0x09020988, 0x1d000013, 0x26582648, 0x77762602, 0x02138713, 0x13011369, 0x1d0f062e, 0x08021d1f, 0x0e002d1d, 
    0x012b597b, 0x1e072b2b, 0x1d587c23, 0x011d4901, 0x0946181d, 0x41077905, 0x32ed3f00, 0x5d5d333f, 0x571232ed, 0xd62506e6, 0x10c65d5e, 0x201182d6, 
    0x2811825d, 0x875dc410, 0x7d872b10, 0x2cd182c4, 0x3e135d5d, 0x35213703, 0x030e1521, 0x05ac4507, 0x2e222323, 0xd1901802, 0x2e520808, 0xb8012b02, 
    0x2e343719, 0x01bffe10, 0x382e0fbc, 0x512d1c3c, 0x4929233c, 0x44263f68, 0x1d0b2836, 0x382e250b, 0x215f551f, 0x132d4d39, 0x3c198701, 0x5114383c, 
    0x3f3a163a, 0x1c051e40, 0x36314a31, 0x0b18334f, 0x5006120f, 0x0a0e1006, 0x3528443a, 0xfe820d20, 0x00010023, 0x20ff8232, 0x08ff841e, 0x50408240, 
    0x15011c1b, 0x27040127, 0x011e1a01, 0x08011e0f, 0x1e231e27, 0x14272c73, 0x2c272c2c, 0x26190000, 0x06232e0f, 0x79196976, 0x19560219, 0x01193701, 
    0x23272d19, 0x2c257926, 0x00597b1e, 0x4d824801, 0x2514002f, 0x7c090e41, 0x0f590f49, 0x46140f02, 0x22fd8200, 0x823f32ed, 0x28f282eb, 0x32ed1032, 
    0xde100132, 0x230b825d, 0xc6d610c4, 0x33201582, 0x0121ff85, 0x2313825e, 0x5d30315d, 0x4c196767, 0x172307dc, 0x67137f01, 0x232f145a, 0x1d2d513c, 
    0x0f2e383b, 0xbffebc01, 0x82342e10, 0x0d4d269d, 0x44283520, 0x0852673a, 0x4f331835, 0x314a3136, 0x401e051c, 0x3a163a3f, 0x3c381451, 0x8200193c, 
    0x282908b5, 0xda0147ff, 0x28000802, 0x54408800, 0x7801180d, 0x18050117, 0x01120b01, 0x08012302, 0x1a1f1a23, 0x1423287f, 0x28232828, 0x082c826b, 
    0x22150032, 0x2a0f2a0d, 0x261f1601, 0x661f461f, 0x1f05041f, 0x82061f01, 0x15781568, 0x01155602, 0x1f232915, 0x28218722, 0x0000851a, 0x0c492110, 
    0x100d8809, 0x8206d344, 0x41ed20f0, 0xed210904, 0x41f482c4, 0x5d200506, 0x46090741, 0x252007f3, 0x4a058b56, 0x34220c3a, 0xe54d023e, 0x17450809, 
    0x26115f01, 0x56213848, 0x17522f51, 0x375d1914, 0x2545603b, 0x2a4b3720, 0x29303519, 0xfe84010e, 0x2f290def, 0x0a9f1632, 0x4127311c, 0x500b1247, 
    0x361b120d, 0x45313651, 0x1c061a2d, 0x173b4141, 0x37154e36, 0x24ff853d, 0x0143ff08, 0x08ff82ab, 0x1e012dc8, 0x1a26b640, 0x01160a01, 0x1c01100b, 
    0x02022c02, 0x5a01020e, 0x1a37011f, 0x011a0301, 0x010b4808, 0x05010857, 0x110a0118, 0x7c181518, 0x0e14110e, 0x1508110e, 0x1d150b01, 0x20212223, 
    0x05062024, 0x0f040704, 0x9f3c0120, 0x20ef0120, 0x04242001, 0x04072007, 0x1420247f, 0x24042024, 0x030e2407, 0x010aa800, 0x78010a89, 0x820a010a, 
    0x1d981d68, 0x011d2002, 0x2f1f2f1d, 0x12822a01, 0x001f000f, 0x0e2e0002, 0x07a78518, 0x01078901, 0x66010777, 0x070f0107, 0x24780801, 0x35022488, 
    0x24240124, 0x2b240701, 0x88010d99, 0x0d20010d, 0x0d020d30, 0x152b130d, 0x49138711, 0x32ed3f00, 0x2f39122f, 0x125d5d5d, 0x05823939, 0x03825e20, 
    0xed5d5d2a, 0xd6100132, 0x5dedc45d, 0x82057443, 0x6d17201c, 0x71210ea4, 0x067d5f72, 0x0e87102a, 0x01c4c4c4, 0x5ec41018, 0x27069643, 0x315d5e01, 
    0x5d5d0030, 0x01204a83, 0x172b4e84, 0x37023e34, 0x3435033e, 0x45352726, 0x15220540, 0xae43010e, 0x0e072206, 0x06fc5503, 0x1708d208, 0x241c3227, 
    0x581f3342, 0x1953336b, 0x8301eefe, 0x30365720, 0x25182f48, 0x0e325741, 0x07141e22, 0x0c064902, 0x1b292172, 0x0e090710, 0x2d202718, 0x2d3e032f, 
    0x394e1d53, 0x07305b29, 0x27382617, 0x17273b30, 0x0f08030c, 0x180f1318, 0x240b0f05, 0x28000100, 0xdf010000, 0x2a00c502, 0x5d409700, 0xa8011605, 
    0x1d1a010c, 0x29992117, 0x01295801, 0x04242901, 0x37171776, 0x1b170217, 0x231f230f, 0x2c230802, 0x21012c1f, 0x0e252576, 0x2b242a0f, 0x23792125, 
    0x1c791a00, 0x1c1c2929, 0x9b422314, 0x790e010e, 0x02098909, 0x09680908, 0x9b7c0902, 0x0f26010f, 0x14170f01, 0x14021497, 0x5d3f0045, 0xed5d5d33, 
    0x5d325d5d, 0x2f39123f, 0xed102f33, 0x08028232, 0xde100123, 0x3332c4c4, 0x105ded10, 0xc45d5ed6, 0x11ed5dd4, 0x5d5d3939, 0x39391211, 0x5d003031, 
    0x33135d01, 0x2053183e, 0x27072208, 0x05b0513e, 0x33070625, 0x46072315, 0x30080579, 0x37023e26, 0x23bd5523, 0x291f1231, 0x28342118, 0x0e2e071a, 
    0x263f3227, 0x20297167, 0x2a389a57, 0x3f01023c, 0x160457fe, 0x741e392a, 0x49236901, 0xa60c192c, 0x44490807, 0x0f171d0e, 0x4f2a5c61, 0x2b394926, 
    0x2e51204b, 0x1e3f464f, 0x1a000100, 0xfa01f1ff, 0x2b00b502, 0x0f408500, 0x03011b68, 0x25010558, 0x03637618, 0xb8030201, 0x4240b8ff, 0x0340490d, 
    0x0f2d0301, 0x2700012d, 0x0e221d73, 0x071c410d, 0x79002208, 0x120f081d, 0x391d2948, 0x1d12021d, 0x081d1d01, 0x79227926, 0x130e4124, 0x010d687c, 
    0x0108480d, 0x341f8308, 0x3f004608, 0x5d335d2b, 0xed3f32ed, 0x2f3912ed, 0xed2b5d5d, 0x39fe8301, 0x32dd32c6, 0x105d32ed, 0x5f2b5dd6, 0x31c4ed5d, 
    0x015d0030, 0x1e135d5f, 0x34761501, 0x57032009, 0x8c0807fb, 0x37033e23, 0x15213523, 0xc5030e21, 0x43209d98, 0x3b1d4566, 0x11082633, 0x352b2108, 
    0x29412f1c, 0x74471f12, 0x05070455, 0x01610204, 0x01f6fec4, 0x01040404, 0x677707aa, 0x20384e2e, 0x040c0c08, 0x0b0c0452, 0x2d221408, 0x283a2619, 
    0x40442614, 0x5151203e, 0x3437320e, 0x01000000, 0xf4ff1c00, 0x0802c401, 0x55002900, 0x28063240, 0x82111d01, 0x00160006, 0x242b0002, 0x1a177f1f, 
    0x080f091b, 0x0802081f, 0x1e1a2a08, 0x85241c85, 0x29d68316, 0x1c031616, 0x880e0949, 0xb2530308, 0x20da8206, 0x05eb562b, 0x5d5ed624, 0xdb83d632, 
    0xd783da82, 0x14255d23, 0x10884606, 0x84013e21, 0x0e233ecf, 0x32330703, 0xc401021e, 0x391c7075, 0x11072431, 0x332b1f06, 0x1443471b, 0x32405432, 
    0x085d8207, 0xf092012b, 0x04030201, 0x5d391501, 0x4b962442, 0x0a090757, 0x09034e03, 0x292b070a, 0x0b18271c, 0x4a305a38, 0x23210c4a, 0x2b140b1f, 
    0x20cb8242, 0x08cb822f, 0xa902a872, 0xa9002500, 0x240f6640, 0x01231c01, 0x06012078, 0x11040112, 0x010e1601, 0x20012239, 0x0c221f22, 0x0d1f220a, 
    0x0d0a220a, 0x14221f7f, 0x1f0d221f, 0x97010aa6, 0x0a65010a, 0x251f0a01, 0x2704821d, 0x02109710, 0x10011016, 0x7f050127, 0x17262516, 0x0a4a881a, 
    0x010a3b01, 0x08010a09, 0x1f3a1f2a, 0x021f0a02, 0x01511316, 0x49028704, 0xc4fd3f00, 0x2105b154, 0x2e445d5e, 0xedc62206, 0x22fc8232, 0x44edc45d, 
    0xb6540548, 0x4810200c, 0x31230585, 0x445d0030, 0x5d240511, 0x33153713, 0x2306f964, 0x1415031e, 0x0c865b18, 0x27268d08, 0x4a35032e, 0x0ac5c55e, 
    0x241c2517, 0x71162a3a, 0x0e534562, 0x3a4c0f11, 0x3e363c39, 0x1525341e, 0xa1109902, 0x1f14264d, 0x0e0a1519, 0x2532241b, 0x06174a48, 0x1e170750, 
    0x19292221, 0x3926190c, 0x0000002c, 0xff500002, 0x02090247, 0x000b0013, 0x4054001b, 0x010d0734, 0x7b011a67, 0x8200010e, 0x08010c06, 0x071dab0c, 
    0x137f1106, 0x03061caa, 0x17571488, 0x17771767, 0x76501703, 0x07470107, 0x69880701, 0x12110111, 0xdd3f004b, 0x5905685f, 0xed2705d0, 0xf6103232, 
    0x83ed5d5e, 0x31c982c8, 0x23263401, 0x11070622, 0x1437033e, 0x1507020e, 0xb5591123, 0xa8400806, 0x2f2a464e, 0x485a2c0e, 0x6038612d, 0x205d467e, 
    0x5a394164, 0x2c01223f, 0x050c4f45, 0x281072fe, 0x503c573e, 0x17395171, 0x0ca30281, 0x563d201d, 0xffff0000, 0x47ff6000, 0x0f03b700, 0x5f000602, 
    0x01250f87, 0x000f0383, 0x200f8227, 0x84d182cc, 0x01002317, 0xd7822c00, 0x17820d20, 0x00132608, 0x0a184033, 0x0fae0106, 0x150b0b00, 0x870d0814, 
    0x87120307, 0x070e0411, 0x00000a07, 0x2f392f2f, 0xed32de33, 0x08a66932, 0x3226c382, 0x33133031, 0x6b183311, 0x33230e6f, 0x82c557f1, 0x2a048400, 
    0xa5fe0f03, 0xfe4a764a, 0x8263019d, 0x2a878406, 0x00f3ff47, 0x02b502cd, 0x84040006, 0xff56280f, 0x03e504fa, 0x822600a1, 0x82002099, 0x023d2203, 
    0x299d82cd, 0x035f0107, 0xff9c0035, 0x1f8300ff, 0x05037e22, 0x5d201f88, 0x02211f87, 0x263f84f8, 0x04f4ff33, 0x82080302, 0x8247201f, 0x00272437, 
    0x8551025d, 0x7c02213f, 0x56261f84, 0xae03f1ff, 0x1f82b502, 0x17832f20, 0x022d0023, 0x2417860b, 0x02c50245, 0x201788e0, 0x2417864d, 0x0145ff4e, 
    0x204f84cf, 0x222f844f, 0x8615014d, 0x04f1222f, 0x2047847f, 0x22178431, 0x86dc022d, 0x03452217, 0x85478496, 0x864d2017, 0xff502417, 0x84fc0245, 
    0x238f8417, 0x42024d00, 0x082d2f84, 0x8f020000, 0x2602a103, 0x00002400, 0x31e78201, 0x9c008f00, 0x0b401000, 0x1d190002, 0x02501106, 0x61181e0b, 
    0x2b260817, 0xc001f5ff, 0x2b820503, 0x2b824420, 0x5f010624, 0x29840049, 0x3a360f28, 0x0250131e, 0x29833b0f, 0x82ffff21, 0x0100228f, 0x21538410, 
    0x5384002c, 0x85ccff21, 0x01012953, 0x01000804, 0x09000150, 0xff215387, 0x202182f9, 0x21538309, 0x53850c01, 0x5384c520, 0x04020128, 0x50000108, 
    0x29840201, 0x3a245382, 0xd002f1ff, 0x32205384, 0x00205385, 0x09737618, 0x09002c25, 0x18040250, 0x220bef89, 0x831b02f3, 0x52002153, 0x6b205385, 
    0x02295384, 0x09242000, 0x0e025000, 0x20a78625, 0x20538251, 0x2053845f, 0x20538638, 0x28a7869c, 0x041c1800, 0x06015012, 0x20fb881d, 0x20fb824a, 
    0x205384ee, 0x20538558, 0x24538460, 0x1a160001, 0x21a78207, 0x538c1b09, 0x2602c223, 0x21538400, 0x5182b402, 0x1e00a02a, 0x02031540, 0x2c1a0001, 
    0x032a5582, 0x024f322b, 0x014f2406, 0x33821806, 0x342b2b24, 0xdf823434, 0x22205f85, 0x5f843782, 0x82b40221, 0x2135865f, 0x61822a18, 0x30280323, 
    0xe090184f, 0x2435830a, 0xffff0000, 0x89c38500, 0x82be206f, 0x8700206f, 0x242a216f, 0x06216f83, 0x206f8228, 0x406c181c, 0x206f8c07, 0x206f8856, 
    0x206f8fb7, 0x236fa509, 0x009d00bf, 0x01206f87, 0x0621df85, 0x20df9835, 0x216f883f, 0x358861b8, 0x0921df85, 0x20dfa433, 0x21df8bbd, 0xdf8c301e, 
    0x4f411a20, 0x20df8910, 0x08dfa3b6, 0x0002003a, 0x01f4ff33, 0x001502f9, 0x0023001a, 0x774d4074, 0x077b0118, 0x7c02078b, 0x23680106, 0x23a82398, 
    0x0c682303, 0x010c5901, 0x0c010c48, 0x25ab0082, 0x1360821b, 0x13021370, 0x08065247, 0x0b24ab27, 0x05232385, 0x010f5912, 0x0f010f38, 0x16581388, 
    0x56501601, 0x881e011e, 0x3f005105, 0x5d3f5ded, 0x5d5ded33, 0x053e6032, 0x5d5ef62c, 0x10ed5dc4, 0x5d5dfdf6, 0x584ac55d, 0x06d65205, 0x013d2625, 
    0x69213734, 0x1e230ae4, 0x74060502, 0x013a056b, 0x564228f9, 0x0171682d, 0x53066401, 0x11433156, 0x3655110d, 0x1f406344, 0x9b189bfe, 0x013b07a6, 
    0x44674506, 0x18858422, 0x55500405, 0x094e0811, 0x64482914, 0x19513f6d, 0x181b3428, 0x2008a3ad, 0x07f343c2, 0x00b4023d, 0x00a0008f, 0x0415401e, 
    0x1b000203, 0x5011062d, 0x4f332c04, 0x4f250b03, 0x41190b02, 0xff430a53, 0x43222005, 0x022307ff, 0x86004bb4, 0x38113035, 0x50131e4a, 0x4f504804, 
    0x4f420f03, 0x87360f02, 0x0a634435, 0xb5206f89, 0x17226f84, 0x6e821040, 0x82262521, 0x1f03226e, 0x226a8727, 0x84003434, 0x206b8f33, 0x846b82b5, 
    0x42112231, 0x226a8243, 0x18443c03, 0x260d739e, 0x03000006, 0x82630382, 0x00a1289b, 0x00070100, 0x4387018a, 0x022805cb, 0x0f1c1b7f, 0x14025007, 
    0x2609cb43, 0x03f4ff2c, 0x82c70225, 0x85c1202b, 0xeb00212b, 0x132f7482, 0xff0300b9, 0x560940ff, 0x502c0c57, 0x43582303, 0x208205fa, 0x3a004908, 
    0xae02f2ff, 0x2f00c502, 0x65409d00, 0x78010e89, 0x002e010d, 0x1a1b732b, 0x01000406, 0x01010f01, 0x7031a801, 0x0231a031, 0x26012367, 0x76230123, 
    0x67011078, 0x100f0110, 0xa9100801, 0x011b5630, 0x011e191b, 0x3f157c1e, 0x33082982, 0x1a450b01, 0x1a651a55, 0x15671a03, 0x01155801, 0x2e034515, 
    0x2b2d0479, 0x16012857, 0x7c280128, 0x010b6806, 0x3f00460b, 0x5dfd335d, 0x32de325d, 0x5d3f32ed, 0x2905bb74, 0x5ded105d, 0x10015d32, 0x207d5ef6, 
    0xf4102a06, 0x33cc5d5d, 0x32fd32c6, 0x057c48cc, 0x15330126, 0x15231533, 0x6605dd52, 0x5d5b05fb, 0x05384e05, 0x33021e2e, 0x35373632, 0x01333523, 
    0x505061fd, 0x280cad74, 0x22354a2f, 0x621c1f06, 0x0a9f7434, 0x016e6e26, 0xb249606c, 0x080ba274, 0x10100c27, 0x18145104, 0x40674826, 0x2849663e, 
    0x49700409, 0x33000200, 0x400247ff, 0x22001302, 0xbb003500, 0xff1700b9, 0x067779f0, 0x7340f829, 0x864d0010, 0x82050116, 0x82082002, 0x005c080a, 
    0x01340f22, 0x7f312334, 0x10a01215, 0x1f100f01, 0xaa100210, 0x571b1c37, 0x02296729, 0x37012946, 0x82290129, 0x08a60896, 0x65085502, 0x081f0208, 
    0x08480801, 0x36ab0849, 0x1b881f1c, 0x18761866, 0x23521802, 0x120d8826, 0x13338534, 0x0d100313, 0xab319b50, 0x2e310231, 0xab009b88, 0x0f2f8982, 
    0x03080103, 0x5d5e2f00, 0x32ed5d33, 0x53333f5d, 0x10240517, 0x5d3f32ed, 0x2005e448, 0x063b412b, 0x1032c42f, 0xce5d5df4, 0xcc32fd33, 0x3132c45d, 
    0x22178230, 0x58252b2b, 0xad620621, 0x33152306, 0xbd492315, 0x2e03220d, 0x0a965c01, 0x3523352b, 0x0c960133, 0x532f2e45, 0x1cea183e, 0x4e4e2607, 
    0x57317e7c, 0x1eea1820, 0x70702212, 0x20ea1834, 0xc432080b, 0x6c78c544, 0x0b510b10, 0x01484211, 0x62070495, 0x2a402d51, 0x6a0e1514, 0x00000044, 
    0x3a00ffff, 0x5e02f2ff, 0x2602a103, 0x00002a00, 0x5f010701, 0xcf42bc00, 0x2c012805, 0x010b2c28, 0x46100150, 0x44240bef, 0x0503f201, 0x4a202b82, 
    0x2f059b46, 0x10000065, 0x0e020b40, 0x1007322e, 0x330c0250, 0x24069b46, 0x02000056, 0x2053846f, 0x8327822e, 0x82832053, 0xb9132f53, 0xddff0100, 
    0x1f1b0940, 0x01500a12, 0x7b182000, 0x352009ff, 0xfc222582, 0x5782c203, 0x09824e20, 0xbc020625, 0x840000f4, 0x838a202d, 0x050d242d, 0x860f0150, 
    0x8202202d, 0x454108af, 0xc502d002, 0x40002c00, 0x1b402a01, 0x0010082a, 0x3e202e4d, 0x200d0220, 0x0802201d, 0x3a011f49, 0x0d69011f, 0xb81b1a01, 
    0x1040c0ff, 0x4c000d08, 0x4021801b, 0x4c001211, 0x0f002721, 0x40f8ffb8, 0x2c328215, 0x15150a0f, 0x0e083700, 0x10374d00, 0x2104820a, 0x35620a76, 
    0x22078306, 0x6b0f0f40, 0x0a2606a0, 0x42f042a9, 0x1b832d01, 0x07822a82, 0x2b40f022, 0x2d272e82, 0x12080076, 0x6b004d00, 0x002c0891, 0x101e41a9, 
    0x4c00110f, 0x0e0c181e, 0x17200582, 0x17211e83, 0x84378632, 0x000a2207, 0x2307824d, 0x092440f0, 0x7c220882, 0x2183280f, 0x40832820, 0x3c462822, 
    0x3c218783, 0x21218208, 0x1d82103c, 0x187c3c21, 0x2715fca7, 0x2b2b2bed, 0x332b2b3f, 0xdc270783, 0x2b2bcd2b, 0x82f61001, 0x200e8212, 0x2d08875d, 
    0x122f3912, 0x39122b39, 0xcc1a2bcd, 0xad43322b, 0x5e5d2605, 0x132b5d5d, 0x09bf6b34, 0x6b180720, 0x232e0dbe, 0x34352622, 0x013e3736, 0x2e222337, 
    0xe86a3702, 0x08d96b0e, 0x44321b25, 0x18261729, 0x2e0cf972, 0x0603111a, 0x79440604, 0x2066355b, 0x1935553b, 0x2615e001, 0x3c546940, 0x181b0b13, 
    0x260e2772, 0x2e030603, 0x6a59885b, 0x84080ef9, 0x33000200, 0x1b0245ff, 0x28001502, 0x97003400, 0x13086940, 0x13281318, 0x9b128b03, 0x0312ab12, 
    0x124c123c, 0x0b03125c, 0x2b121b12, 0x1a880312, 0x149f1a01, 0x140214af, 0x800e0d40, 0x08080003, 0x6929591f, 0x82290229, 0x5636ab00, 0x022f662f, 
    0x1f0f822f, 0x08021f1f, 0x4835ab1f, 0x982c582c, 0x882c032c, 0x590e5024, 0x02116911, 0x470a0d11, 0x97325732, 0x88320332, 0x00511a03, 0x5ded333f, 
    0x5dcd32dc, 0x0bf36a32, 0x125ded2a, 0x39122f39, 0x1a32cc1a, 0x39471982, 0x015d2b06, 0x06070614, 0x15010e07, 0x33623314, 0x3736240a, 0x1837013e, 
    0x21079ca1, 0x8068021e, 0x461b390c, 0x0e1f2b3c, 0x1707280f, 0x230b070b, 0x1a363814, 0x040a0311, 0x223c5332, 0x23080b6b, 0x4f44444f, 0x01270383, 
    0x1e815604, 0x18102016, 0x2e0c1b97, 0x03030903, 0x3b61472a, 0x2748653d, 0x18654827, 0x21070ae7, 0x0f43ffff, 0x63032505, 0x4f022602, 0x4a066346, 
    0x412708af, 0x50090042, 0x43430402, 0x2b820568, 0x20055b41, 0x202b82c7, 0x222b8250, 0x4a8a0006, 0x352707af, 0x50001e36, 0x43372302, 0x192606bf, 
    0x0502f1ff, 0x2782a103, 0x27821c20, 0x5f010724, 0x13445b00, 0x2d082806, 0x50121d31, 0x4b320701, 0xfd260857, 0xaf0147ff, 0x2b820503, 0x1344b020, 
    0x430e2005, 0xf42506bb, 0x2d290940, 0x202c831b, 0x232c842e, 0xbcffffff, 0x09202b82, 0x01212b83, 0x0c834b5d, 0x14104c28, 0x01500c03, 0x7f86150b, 
    0xfaff5627, 0xbc02e504, 0x051b4d00, 0x3d000724, 0x334dcd02, 0x8a7e2008, 0x865d2017, 0x0d0b4d17, 0x0b4d0720, 0x08db4405, 0xdb44a420, 0x8f002307, 
    0xc786bb00, 0x282a4c27, 0x0150010b, 0xb7961810, 0x0144240b, 0x440803f2, 0x002207db, 0xdb44648f, 0x302e2805, 0x5010072e, 0x842f0c02, 0x05a772c4, 
    0x02d73e08, 0x001d00b5, 0x0e344058, 0x73050c73, 0x1b011903, 0x190c1d73, 0x0c191d1d, 0x021e1f03, 0x041a1a79, 0x0975421c, 0x01096601, 0x46010955, 
    0x7c090109, 0x14011488, 0x04490d46, 0x00410041, 0x2200823f, 0x825ded5d, 0x123f3b00, 0x01ed2f39, 0x39171211, 0x102f2f2f, 0xd01032ed, 0x31ed10ed, 
    0x11331330, 0x3c5e1121, 0x35362105, 0x080b1a79, 0x2311215c, 0x53016156, 0x49493d61, 0x3414603d, 0x59444559, 0xadfe1535, 0xfeb50261, 0xfe2201de, 
    0x5b5b624e, 0xfe050162, 0x445d37e7, 0x5d442626, 0xbefe5337, 0x02000000, 0x47ff5600, 0xbc025302, 0x1b000f00, 0x2d404d00, 0x0c960c86, 0x010d1a02, 
    0x1015760a, 0x01731b0f, 0x4901158f, 0x01830115, 0x101c1d32, 0x1b420f7c, 0x18491839, 0x027c1802, 0x43004507, 0x3324ae82, 0x3f325ded, 0xfd5da783, 
    0x20a88205, 0x26a68332, 0x5d015d00, 0x53112317, 0x0e26066c, 0x3e350702, 0xcc4f3503, 0xb72d0805, 0x39311261, 0x97892140, 0x57966f40, 0x30537141, 
    0x3c305563, 0x4703b911, 0x090d1107, 0x87577e83, 0x5b21516a, 0x6d513d1d, 0x0e57514b, 0x05db4106, 0x822aa882, 0x2602a403, 0x00003100, 0x78820701, 
    0x3346b720, 0x40e62a07, 0x09151709, 0x0a015012, 0x09334616, 0x25825020, 0x0a0f8618, 0x6d430022, 0x82067742, 0x191b272d, 0x01500700, 0x2d851a02, 
    0x00047708, 0x02000008, 0x00c2038f, 0x0023001c, 0x0133002f, 0x1600b965, 0x1e40f8ff, 0x0f4d000d, 0x10300132, 0x77480e08, 0x0f65010f, 0x010b7701, 
    0xd0010b65, 0x32310124, 0xffb80a32, 0x137a40c0, 0xef0a481d, 0x022aff2a, 0x332d2a2a, 0x10bf3030, 0x100210cf, 0x481d1640, 0x24e04010, 0x240224f0, 
    0x1a2d2d24, 0x1e1d1c1b, 0x2019201f, 0x14151617, 0x19131813, 0x18731920, 0x08821413, 0x0403183e, 0x02070605, 0x22230007, 0x01072021, 0x02730120, 
    0x07021407, 0x20200201, 0x40351802, 0x10edb718, 0x0f10302f, 0x33304812, 0x31313280, 0xf0ffb80d, 0x220d82b6, 0x82010d57, 0xe834080a, 0x0d082d40, 
    0x2d270d48, 0x2379001c, 0x1d801d40, 0x92031d90, 0x20830120, 0x01207a01, 0x20692059, 0x1d201d02, 0x07071820, 0x18412d13, 0x00420242, 0xc53f3f3f, 
    0x14f8b718, 0xc52f323d, 0x2bc5dd1a, 0x5ec61001, 0x105d5d5d, 0x193911c6, 0xc100102f, 0x2b180587, 0x18c47d87, 0x880e179c, 0x0afe6517, 0xc4c40522, 
    0x08ffb718, 0xcd1a5d2d, 0x2f325d2b, 0x2f331133, 0x822bcd5d, 0x07214508, 0x015d2b23, 0x10b8182b, 0x33363509, 0x14151632, 0x031e0706, 0x012e2317, 
    0x012e012f, 0x07010e27, 0x0b0eb818, 0x07372808, 0x3fac3727, 0x3f432565, 0x120f213e, 0x38252637, 0x3e210e11, 0x6a26433f, 0x1c101e11, 0x23223f20, 
    0x1cb21f3f, 0x831c1414, 0x2d3b0803, 0xb297159e, 0x9fb267b2, 0x240c4792, 0x31312b18, 0x0c23172b, 0xb3a09247, 0x2d582d67, 0x4ba2584f, 0x0158a24b, 
    0x1a1a17d8, 0x1b1b1717, 0x4e373cb7, 0x00ffff00, 0x01f5ff2b, 0x4c8e03c0, 0xb3330853, 0x0f00004b, 0x03040940, 0x363f1102, 0x2b50131e, 0x83343434, 
    0x05df4b27, 0xdf4ba420, 0x018f2208, 0x05334477, 0x1d900229, 0x50070f1b, 0x451c1402, 0x2c26084f, 0x2503f4ff, 0xdf4b0803, 0x008f3208, 0x000000e5, 
    0x030b4010, 0x0c565819, 0x2303502c, 0x252b8857, 0x02dcff3a, 0x578303d0, 0x0000b328, 0x8f000701, 0x5785c300, 0x321b0329, 0x500c0030, 0x88310803, 
    0x8233202b, 0x841b202b, 0x82d32057, 0x0006222b, 0x0567498f, 0x2d1b0329, 0x50020f2b, 0x452c1903, 0x08220627, 0xbb180000, 0x02230b8b, 0x826a00b2, 
    0xb11a3453, 0xffb80203, 0x200d40db, 0x5011061a, 0x4f1f0b03, 0x821b0b02, 0x41e18231, 0xb3830807, 0x5b834420, 0x21b20224, 0x31850000, 0x0d40e82e, 
    0x131e373d, 0x3c0f0350, 0x380f024f, 0x574d3185, 0x579f180a, 0xb1022308, 0x9b438b00, 0xff022505, 0x2b0940fc, 0x410cbe51, 0x0221086b, 0x086b41ed, 
    0xbf51b120, 0x51482007, 0x56200dbf, 0x1622bf82, 0x2782a403, 0x8b822820, 0xbf820720, 0xbf845a20, 0xb8010232, 0x0d40e0ff, 0x0a000d13, 0x12010250, 
    0x0e01014f, 0x3325bf88, 0xf901f4ff, 0x20bf8303, 0x20bf8548, 0x2ebf8738, 0x2b0d40de, 0x50070025, 0x4f2a0403, 0x8a260402, 0x836785bf, 0x226785bf, 
    0x186d00b1, 0x210a03b7, 0x6682101e, 0x11010122, 0x84095b44, 0x85bf8463, 0x62b12a63, 0x40100000, 0x3608020b, 0x225f8228, 0x41290402, 0xff21057f, 
    0x848183b6, 0x852c20bf, 0xa2ff21bf, 0xd82ebf88, 0x050b0d40, 0x02500100, 0x014f0a00, 0x8d850600, 0xffffff27, 0x000000ae, 0x5fa818fe, 0xb2022209, 
    0x83bf839a, 0x243184f1, 0x02500001, 0x20318202, 0x25318602, 0xffff0000, 0x5d820300, 0x83030f21, 0x226785bf, 0x42cdffb1, 0x0122053b, 0xe7521602, 
    0x84fb200f, 0x18ed2089, 0x2107d392, 0xe752b102, 0x52162007, 0xa42413e7, 0x32002602, 0xb2223184, 0x3b429f00, 0x40d62e08, 0x00292f0d, 0x04035009, 
    0x04024f2e, 0x0a7b412a, 0x4202f321, 0x52200597, 0x20057b41, 0x077b4141, 0x272b3182, 0x50000921, 0x4f260e03, 0x41220e02, 0x4f530a7b, 0x85bb8305, 
    0x53b12067, 0x3a20094f, 0x20144f53, 0x53bb8202, 0x0221054f, 0x079f48b1, 0x4f533220, 0x0054250d, 0x03630200, 0x3520bb83, 0x4020bb86, 0xa02ebb88, 
    0x2a300d40, 0x03500511, 0x024f2f14, 0xbb882b14, 0x29821420, 0x08037822, 0x5520ef82, 0x0020bb85, 0x2b0a7741, 0x050e1319, 0x18000250, 0x1400014f, 
    0x210e3742, 0xbb830363, 0xb1216785, 0xc7881800, 0x183b200b, 0x8415c788, 0x2a6385bf, 0x000029b1, 0x010b4010, 0x82162401, 0x0001225f, 0x0cbb5317, 
    0x3820bf83, 0x7220bf86, 0x2e083742, 0x1f0d40d6, 0x50120419, 0x4f1e0602, 0x881a0601, 0x05b753bf, 0xb753bf83, 0x36b22105, 0x3182bf87, 0x07171d2b, 
    0x09025000, 0x09014f1c, 0x53bf8a18, 0xbf8305b3, 0xb1206785, 0x9c206582, 0x00219184, 0x1477542a, 0x5f85bb84, 0x7754b120, 0x54282007, 0xa9080a77, 
    0x10000100, 0xe20147ff, 0x3400c402, 0x8140bf00, 0x2b472b37, 0x01262802, 0x29011f06, 0x49103910, 0x0faa0310, 0x01074801, 0x2a01073a, 0x03180103, 
    0x01285601, 0x88011066, 0x02079807, 0x12891279, 0x120312a9, 0x8b292176, 0x263a0126, 0x0b292601, 0x0549310b, 0x0f100501, 0x76054812, 0x1f0129a7, 
    0x36290129, 0x1801362f, 0x310f3219, 0x0802311f, 0x0c263531, 0x1c0a0a79, 0x317c0032, 0x1889472e, 0x15481801, 0x15021558, 0x1c68197c, 0x1c021c78, 
    0x5d3f0045, 0x325ded33, 0xed333f5d, 0x2f391232, 0x100139ed, 0x325d5ed6, 0x745d32c6, 0x4b2b2005, 0x5d2405be, 0xedd4105d, 0x59069a46, 0x5d23063a, 
    0x75175d5d, 0x2b220679, 0x2d5b3501, 0x6d262005, 0x012605ed, 0x021e3233, 0x4b181415, 0xc0080a17, 0x1e372726, 0x6c394f01, 0x422d3454, 0x1e26214e, 
    0x21384928, 0x5337454d, 0x68181f15, 0x415a363f, 0x32211225, 0x43554c1f, 0x0b4e906f, 0x08060b26, 0x2c11641d, 0x41323949, 0x124e0f26, 0x42263925, 
    0x4f0d1948, 0x36191a10, 0x361b3a53, 0x170d2830, 0x6c504872, 0x02011c42, 0x00010154, 0x00010000, 0x0147ff0c, 0x00150289, 0x40a70033, 0x01194b6c, 
    0xa901193a, 0x11a60118, 0x01115501, 0x96010d77, 0x0896010c, 0x01037701, 0x04010316, 0x02760103, 0x01197701, 0x84010c84, 0x02860103, 0x01289901, 
    0x05777f28, 0x821c0501, 0x0f010fa6, 0x010a7435, 0x3522220a, 0x142f2e34, 0x151f150f, 0x34150802, 0x36128267, 0x21218823, 0x86881500, 0x14770114, 
    0x2e521401, 0x002f882b, 0x513f0050, 0xed2605f7, 0xed2f3912, 0x3c415d32, 0x32c02205, 0x270e8211, 0xd6105d39, 0x5dd4ed5d, 0x5a073741, 0x5d200773, 
    0x13200084, 0x32082241, 0x0e141503, 0x3e272302, 0x2e343505, 0x35012b02, 0x4a023e32, 0x5c080604, 0xa3033e27, 0x20374c2c, 0x18291d10, 0x11223220, 
    0x41866c44, 0x3f3e1906, 0x271d2f3d, 0x0c173e37, 0x1c2f3d20, 0x4a2d363b, 0x2008110f, 0x15022e2a, 0x30432c13, 0x1f272b17, 0x2a1e070a, 0x5c461b31, 
    0x014f1736, 0x22140c06, 0x2c262231, 0x0c4d0717, 0x30202c1b, 0x50081535, 0x06080a03, 0x08334a00, 0xa1036b26, 0x2b002602, 0x2006a74c, 0x061745a4, 
    0x100c0027, 0x01500107, 0x06d44500, 0x00ffff23, 0x22218235, 0x82c203f4, 0x504b202b, 0x8e2e0d63, 0x1e1a0940, 0x01500a00, 0x2b4f1f02, 0x1c82342b, 
    0x08062f4b, 0x1700c42f, 0x26403f00, 0x44011557, 0x14450115, 0x0f730101, 0x02171f17, 0x0a191708, 0x0a180c73, 0x370d7c05, 0x02124712, 0x420b4512, 
    0x3f004300, 0x06fa513f, 0x10edd623, 0x07dd5ad6, 0x23055d2b, 0x23263411, 0x07020e22, 0x05294b11, 0x021e2b08, 0x62530215, 0x28125a52, 0x620b2226, 
    0x48413714, 0x3e624826, 0x4f02b91b, 0x04026772, 0xa0fd0306, 0x0b06a302, 0x4a29060a, 0xe4823c66, 0x00037d08, 0x0244ff33, 0x000803dc, 0x00370028, 
    0xb3a70044, 0x1d0133a7, 0x40e0ffb8, 0x480b0865, 0x27011934, 0x19150119, 0x01190301, 0x47011824, 0x06690133, 0x01065801, 0x01232826, 0x23192309, 
    0x37372302, 0x3b7f1100, 0x47824212, 0x461b011b, 0x31013137, 0x01081f82, 0x2545ab08, 0x20883f24, 0xa64f124b, 0x2c290129, 0x0110a688, 0x010d6610, 
    0x0d010d57, 0x0f881650, 0x38080138, 0x00883437, 0x2006a25d, 0x21ce82d4, 0xea525d3f, 0xed3f3406, 0x100132c6, 0x5ded5df6, 0xed5dd510, 0x32ed32d4, 
    0x82331132, 0x3031241c, 0x425d5d00, 0x2b210624, 0x0ee1525d, 0x45181120, 0x142d08ca, 0x2223020e, 0x27072726, 0x03342637, 0x0973632e, 0x3736dd08, 
    0x07062217, 0x33161415, 0x34353632, 0x17a10126, 0x603c1a38, 0x3c1f2544, 0x452d3857, 0x2c145d11, 0x23311e1a, 0x38241113, 0x12483927, 0x0169304c, 
    0x26401101, 0x10243928, 0x33264b5a, 0x2219a90e, 0x23232811, 0x080a2425, 0x6445250b, 0x48643c3f, 0x010b1828, 0x40fd1007, 0x27170f0e, 0x33191c34, 
    0x292f1a2a, 0x077f2a5b, 0x0e98010e, 0x46331d1a, 0x0b605b28, 0x12163904, 0x2b2c2419, 0x002a1e1e, 0x31000200, 0x6d02fbff, 0x1300b502, 0x91003f00, 
    0x393c6140, 0x17863d76, 0x17a61796, 0x143f1703, 0x760f1401, 0x66011c87, 0x021c761c, 0x3330411c, 0x29892f76, 0x29a92999, 0x2c302903, 0x76052c01, 
    0x69012488, 0x02247924, 0x241f240f, 0x88402402, 0x29880117, 0x36291701, 0x5800487c, 0x002e5b82, 0x2f413c1f, 0x010a5741, 0x1f697c0a, 0x02830801, 
    0x3f004636, 0xed5d5d5e, 0x123f3f5d, 0xed5d2f39, 0x5d5d3939, 0x5dd61001, 0xd4261282, 0x325d325d, 0x0c8332ed, 0x0b86ed20, 0x01303122, 0x4406217a, 
    0x2e2505ac, 0x06143702, 0x06f65d07, 0x28067f6b, 0x3435012e, 0x0e333736, 0x08474101, 0x33276808, 0x4f01011e, 0x1b324329, 0x2543331e, 0x1e334325, 
    0xc844321b, 0x331d302d, 0x97861625, 0x20466c4d, 0x1e322615, 0x08092d30, 0x450a065e, 0x0a454c4c, 0x09085e06, 0x200e4f01, 0x32232231, 0x1f0e0e1f, 
    0x31222332, 0x39cc0e20, 0x1f091154, 0x6223392b, 0x4e371d71, 0x2b382431, 0x5411091f, 0x26443039, 0x43234623, 0x82434747, 0x44262206, 0x08e78200, 
    0xf3ff344b, 0x08031b02, 0x39000b00, 0x3e406500, 0x37823336, 0x82000c0f, 0x2d2a3b14, 0x26232982, 0x1e0f8206, 0x08021e1f, 0x230f3a1e, 0x30863076, 
    0x54304402, 0x88300230, 0x49010352, 0x03030103, 0x294e3619, 0x5609464e, 0x88090209, 0x05c85819, 0x39123f29, 0xed5d5d2f, 0x45395d5d, 0xed2705dd, 
    0xed3232d4, 0x85d61032, 0x30312207, 0x0ae97925, 0x13411320, 0x180e2006, 0x2008ae6b, 0x16144137, 0x6f51bb20, 0x303e3e07, 0x212c1927, 0x59412413, 
    0x415a3535, 0x2c211324, 0x09302719, 0x07065b06, 0x3b393a3b, 0x25088207, 0x5a4deb09, 0x03824d5a, 0xc5012308, 0x0c115839, 0x27433729, 0x24415b38, 
    0x385b4124, 0x29374327, 0x3958110c, 0x232a512a, 0x48512347, 0x06825148, 0x512a5208, 0x21000100, 0x180245ff, 0x2300b502, 0x37406100, 0x0f010f0f, 
    0x06761680, 0x05201f1a, 0x73201920, 0x00140500, 0x060f0005, 0x0802061f, 0x19212506, 0x21002024, 0x13412279, 0x09100c79, 0x470c480d, 0x79060519, 
    0x00420718, 0x32fd333f, 0xed2b3fc5, 0x0669693f, 0x5ede1025, 0x4d87d65d, 0x012e07a8, 0x1afd1018, 0x30315dcc, 0x07030e01, 0x4d181521, 0x3d250c49, 
    0x3e352101, 0x05666905, 0x6a632326, 0x83012465, 0x0bb04118, 0x66fe1b35, 0x46413915, 0xfe1c4145, 0x02db019b, 0x947e2668, 0x7851439c, 0x11280ae2, 
    0x65602841, 0x1f535e66, 0x242dcb83, 0xb10145ff, 0x21000802, 0x3a406500, 0x2acc8210, 0x17800f02, 0x1e05067f, 0x8a7f1e19, 0x230631ca, 0x08012300, 
    0x1e22191f, 0x20871f00, 0x0f131049, 0x5220ce85, 0x8723ce82, 0x834a0718, 0x82c120ce, 0xcd3322ce, 0x24d08232, 0xde1001c1, 0x056769c6, 0xcd85d184, 
    0x325d5f22, 0x0320cf99, 0x0128cf83, 0x4f4515a9, 0x1e011e4f, 0x260cd172, 0x4618c7fe, 0x181b494d, 0x720b9fec, 0x15270ace, 0x696a2c3e, 0x5a4e205d, 
    0x7c200893, 0x2008875e, 0x09875e62, 0x06211b24, 0x895a5011, 0x00342105, 0x2009c74c, 0x08875ee0, 0x004b622d, 0x0b401000, 0x3e381102, 0x5a50131e, 
    0x2308057d, 0x00010034, 0x0243ff56, 0x00b50216, 0x407c0027, 0x0918154b, 0x0f90480c, 0x0f020fa0, 0x2724400c, 0x401a1b27, 0x20081082, 0x2012801a, 
    0x03070020, 0x0a1f0a0f, 0x04290a02, 0xa8007308, 0x09101728, 0x17044812, 0x1e170801, 0x22248324, 0x18050b24, 0x39175da5, 0xc5d62bd4, 0x012b5d5e, 
    0x32edfe10, 0xc65dde10, 0x2f3912ce, 0x2bcc1ac5, 0x06823332, 0x5dc6dd2a, 0x2b003031, 0x15211133, 0x23230187, 0x6407010e, 0x26230711, 0x181e3727, 
    0x180a2091, 0x290a6fa5, 0x030a05b6, 0x180a1a1d, 0xcc181d28, 0x052d0a7b, 0xb5020811, 0xf051ce53, 0x08140953, 0xe490180e, 0x0e42080f, 0x00000f28, 
    0x33000200, 0xf90143ff, 0x36001502, 0x05013f00, 0xff2000b9, 0x080a40e8, 0x1f63480d, 0x011f4401, 0xf0ffb807, 0x00081940, 0x0f10344d, 0x34394d00, 
    0x2a341a01, 0x340b0234, 0x08102001, 0x1d82480b, 0x0fb4c02b, 0x064c0010, 0x40f8ffb8, 0x34218222, 0x012f9f32, 0x2526172f, 0xa02b2b1d, 0x171a011a, 
    0x14130017, 0x26178240, 0x0b823714, 0x823f41ab, 0x0eb52626, 0x823f4d00, 0x2009860d, 0x8ea5180d, 0x2d2d080d, 0x4c000d0c, 0x001f000f, 0xab000802, 
    0x10222540, 0x22481208, 0x402f2926, 0x2f480c08, 0x17881013, 0x0ca0873f, 0x0c020cb0, 0x1432050c, 0x21438217, 0x4e820e40, 0x3a511723, 0x08068208, 
    0x05883a22, 0xed3f0050, 0x332b3f2b, 0x2f391233, 0xed10ed5d, 0xde2bdd32, 0x322bcd32, 0x5ef61001, 0xed2b2b5d, 0x10250182, 0x2bc4edf6, 0x351f8232, 
    0x2f335dc6, 0x1032cccd, 0x31c55dd5, 0x2b2b0030, 0x5d5d5d2b, 0x0582012b, 0x62572b20, 0x1ee01805, 0x4107200f, 0x2e231988, 0x48362503, 0x3321051c, 
    0x05695d28, 0x5d9cfe21, 0x4b230769, 0x18060431, 0x2712d990, 0x5038070e, 0x65011935, 0x2008805d, 0x05805d03, 0x050b082e, 0x11555009, 0x13084e08, 
    0x050d0702, 0x2710b541, 0x070e220c, 0x685c472d, 0x23059a5d, 0x00ffff00, 0x2005974d, 0x08ff4dc2, 0xc900b422, 0x30099b5d, 0x09003c2a, 0x423a0450, 
    0x3404034f, 0x2804024f, 0x5fe7824f, 0x332606cf, 0x1b02f3ff, 0x37822203, 0x2105034e, 0x9b5d6bb4, 0x22003007, 0x50000934, 0x4f3a3204, 0x4f2c0e03, 
    0x5d200e02, 0x6f8f0c9b, 0xca00b922, 0x17276f82, 0x02031040, 0x82283700, 0x3c03226e, 0x206a8248, 0x07be4c36, 0x6b8fa383, 0x006cb923, 0x21318500, 
    0x6a82202f, 0x40340322, 0x2e206682, 0xd3883186, 0xd3878d20, 0x82620121, 0x00ad28d3, 0x020b4010, 0x82302a00, 0x43c98562, 0x5b8405db, 0x87e00221, 
    0x620121c7, 0x21076b4e, 0x5a822822, 0x3420bd85, 0x20122741, 0x205382b5, 0x218586a0, 0x54823534, 0x362e0322, 0x5e072241, 0xb78f0753, 0x5b82b520, 
    0x2c21b785, 0x225c822d, 0x412e2603, 0x7352071e, 0x50022308, 0x8b826303, 0x00003c28, 0x8a000701, 0xc74a6f00, 0x12112707, 0x01500c04, 0x8a181304, 
    0x02210dc3, 0x202b82c7, 0x222b825c, 0x518a0006, 0x0129055b, 0x20222114, 0x09015013, 0x08298423, 0xfcff0265, 0x9f0144ff, 0x18000803, 0x70002500, 
    0x0b184540, 0x010b0b01, 0x05270507, 0x08822302, 0x01270f27, 0x001c1c18, 0x1009137f, 0x12161001, 0x004e1826, 0x15010326, 0x03060103, 0x1c880301, 
    0x0f011920, 0x19080119, 0x88204a13, 0x1011110d, 0x0d190d09, 0x00520d02, 0x33335d3f, 0x3fed102f, 0x5d5d5ed4, 0x825ded32, 0x013f2504, 0x32d6d610, 
    0x32260c82, 0x105d332f, 0x064aedd5, 0x65372005, 0x924605c2, 0x27072807, 0x35342637, 0x49133711, 0xc0200be2, 0x260cd249, 0x68304b13, 0x494c5d01, 
    0x482007c6, 0x280db549, 0x0810087e, 0xfd10ec02, 0x0aae4917, 0x0200b108, 0x44ff5000, 0x1302d302, 0x39002c00, 0x8040be00, 0x1b761b66, 0x011a9702, 
    0x64011a86, 0x021a741a, 0x0a01199c, 0x14190118, 0x01140b01, 0x76010e04, 0x02068606, 0x05860576, 0x01050302, 0x441a1b08, 0x1c1a011a, 0x087f1f19, 
    0x3101318f, 0x3b118337, 0x4f013b70, 0x7f2b013b, 0x2b3aaa00, 0x01197b4a, 0x19191909, 0x251c1902, 0x021c351c, 0x160c061c, 0x8a0c020c, 0x2d142d04, 
    0x88342d02, 0x1a1a1a1b, 0x16090116, 0x2a4b1601, 0x25012558, 0x50030088, 0xed333f00, 0x5d3f325d, 0x3311335d, 0xed5ddefd, 0x115d335d, 0x3f5d5d33, 
    0xedf61001, 0xd5105d5d, 0x32241382, 0x323232ed, 0x31241582, 0x5d5e0030, 0x210a7b7c, 0x3141135d, 0x011d2105, 0x22143941, 0x4c022e34, 0x25200644, 
    0x270b4241, 0x456a2050, 0x1431523e, 0x18114941, 0x200af048, 0x075341f0, 0x08f90128, 0x583f2312, 0x5b41dc35, 0x04012311, 0x49184430, 0x1f20070b, 
    0x420c6341, 0x02290547, 0x001c00a9, 0x40780029, 0x0a47424a, 0x1b82272a, 0x2b0f2b08, 0x20201801, 0x26084842, 0x1a871c2a, 0x42531849, 0x202b0b4c, 
    0x0f011d20, 0x1d08011d, 0x42244a13, 0x3f211f4c, 0x0d4e42ed, 0x4f42c420, 0x3315231d, 0x53422315, 0xb6b62120, 0x251c5542, 0x4ea1108d, 0xf38b65fe, 
    0x3300033c, 0x6a03f4ff, 0x0e000803, 0x40001d00, 0x3d409600, 0x08014200, 0x21333334, 0x09820e0f, 0xaa424b08, 0x0610823c, 0x06500620, 0x7f0e0603, 
    0x1031310f, 0x500f200f, 0x170f030f, 0x41aa2982, 0x37313134, 0x120f0f0e, 0x0e0d080b, 0x880b4c00, 0xffb8372e, 0x0f1240f8, 0x374c0010, 0x214e3350, 
    0x001e2424, 0x1a1a1d1d, 0xf0ffb803, 0x22820bb7, 0x1e880327, 0xed3f0051, 0x0654732b, 0x3f331125, 0x82332b3f, 0x390f860e, 0xfdf61001, 0x2f325dce, 
    0x5ddefd10, 0x115de6fd, 0x2f333912, 0x5e303133, 0x6418255d, 0x23200ce0, 0x210e4b4d, 0x63602726, 0x0c814d0d, 0x18fd0121, 0x200b1e64, 0x0b484d5d, 
    0x4e2dc526, 0x2d4d1c1c, 0x340b7a4d, 0x382d4511, 0x251f3c57, 0x04536044, 0x285b6309, 0x1a1d3346, 0x06424d0e, 0x0409632a, 0x0808105f, 0x65462610, 
    0x2309734d, 0x180be9fe, 0x076f6418, 0x0806c34e, 0x6a034756, 0x0e001302, 0x40003100, 0x2a407b00, 0x42104200, 0xaa420802, 0x3a108214, 0x3a503a20, 
    0x321d3a03, 0x08101e82, 0x08500820, 0x82000803, 0x1d41aa27, 0x3232084b, 0xffb83505, 0x0d2240f0, 0x354c000e, 0x1c1c1f88, 0x0f081922, 0x194c0010, 
    0x40400951, 0x0c103d0c, 0x3d281782, 0x0f2c2f88, 0x333f0050, 0x24063341, 0x33332b3f, 0x320b8711, 0xfdf61001, 0xfd325dde, 0xfd5dde32, 0x315d5ee6, 
    0x62141330, 0x1126059c, 0x2223012e, 0xc5502506, 0x22232606, 0x23152726, 0x0d314135, 0x03013e24, 0x6b4d011e, 0x82262005, 0x94072f2b, 0x28392410, 
    0x0e114026, 0x5a4b2a2f, 0x2141d101, 0x2d3c2615, 0x4e1c1c4d, 0x0851413b, 0x0e2f2a23, 0xc2021901, 0x46e90807, 0xb5620804, 0x3f654626, 0x2848643b, 
    0xd0d00b18, 0x4828180b, 0x653f3b64, 0x08102646, 0x5bfe1008, 0x331d1a0e, 0x625b2845, 0x03000408, 0x9bff0a00, 0x09038e02, 0x1d001700, 0x1c012200, 
    0x21a8a640, 0x01215701, 0x78011eaa, 0x1a57011d, 0x01115701, 0x67010b68, 0x17210100, 0x1d041809, 0x0418160a, 0x14160a15, 0x12100f03, 0x0c130e13, 
    0x18191a1b, 0x0d180d13, 0x14130e73, 0x1c130e0e, 0x0a160a0b, 0x00850075, 0x00220802, 0x17160a17, 0x17090a09, 0x140a167f, 0x16170a16, 0x1f070605, 
    0x02180418, 0x14031401, 0x73041804, 0x03141403, 0x16091403, 0x09181618, 0x24030e03, 0x24702440, 0x01240f02, 0x0e1f0e0f, 0x230e0802, 0x07080b0c, 
    0x221c1879, 0x1b14041e, 0x1416041b, 0x0e411341, 0x09420d42, 0x42034204, 0xce3f3f00, 0x2b00823f, 0x2f3912ce, 0xed391712, 0x01323232, 0x29086a5a, 
    0x2f193917, 0x872f2f18, 0x57182b10, 0x05230ab0, 0x18c40ec4, 0x2d0f1776, 0x05c40e10, 0x5d01c4c4, 0xc4c48710, 0x2e841887, 0x240c995a, 0x310f0f0f, 
    0x08c95330, 0x011e013c, 0x012e2317, 0x27032327, 0x23072337, 0x3337033e, 0x07173717, 0x3307010e, 0x17821737, 0x01077d08, 0x365b2dd0, 0x101e1165, 
    0x5f446892, 0x28633f5f, 0x24424346, 0x45462f56, 0x1f4323e6, 0x0b565361, 0x012e0c17, 0x95ef6aee, 0xfe2d582d, 0xb2fe19e9, 0x99a8bb6e, 0x18ba664b, 
    0x58aa4ea5, 0x3d1edfdf, 0x00007a1f, 0x3a000200, 0x61029bff, 0x25000903, 0xf1003000, 0x2a099840, 0x01299601, 0x29010568, 0x10570100, 0x01009501, 
    0x0e1c1112, 0x24231615, 0x006b240d, 0x008b007b, 0x59003903, 0x7b083782, 0x0c0b2a29, 0x0c25240d, 0x7f250c0d, 0x24140d24, 0x0c24250d, 0x100c401c, 
    0x61321c48, 0x32300132, 0x26872401, 0x16260601, 0x76260226, 0x03980368, 0x01035602, 0x0531a903, 0x49290129, 0x021b591b, 0x7c18161b, 0x1c692324, 
    0x011c5b01, 0x1c011c49, 0x0001006b, 0x21012157, 0x56152a46, 0x2c120112, 0x5611467c, 0x0e110211, 0x08580b0c, 0x00450801, 0xce335d3f, 0xed5d3333, 
    0x32325d32, 0x5d230b82, 0x825d5d33, 0x32ed2111, 0x5d2f0f82, 0x5dfe1001, 0x5d5dfd5d, 0x105d5dc0, 0x18c02bd6, 0x200e9e77, 0x200082c4, 0x20198201, 
    0x24088487, 0x32c61018, 0x08087b31, 0x012e3722, 0x0905eb65, 0x37171612, 0x011e0717, 0x012e0717, 0x33160327, 0x17373632, 0x2223030e, 0x13270727, 
    0x13171614, 0x0e222326, 0x4b42c702, 0x42765a34, 0x20142f1a, 0x1c171c47, 0x1f091d06, 0x3527d815, 0x19165b42, 0x49382507, 0x2b34402a, 0x26260747, 
    0x331a1cce, 0x24213c54, 0x576f9c2c, 0x04305c87, 0x411e4c04, 0x50040e08, 0xfd070e05, 0x0b1e10fc, 0x0f100550, 0x1e68120a, 0x7047a201, 0x05ec0125, 
    0x00674826, 0xff330002, 0x02c401ac, 0x00250067, 0x40b9002d, 0x01291973, 0x0801160b, 0x0b01080b, 0x29470107, 0x17182901, 0x98160815, 0x2a89012a, 
    0x012a7801, 0x2a012a69, 0x25012597, 0x24000723, 0x041b2416, 0x0e8f0d03, 0x972f0e01, 0x26460126, 0x1b822601, 0x0404072e, 0x2b492b39, 0x2b032b89, 
    0x03030088, 0x50202324, 0x85012996, 0x29360129, 0x29762966, 0x080d2903, 0x36010a97, 0x020a460a, 0x1618880a, 0x51130e15, 0x33333f00, 0x5ded33ce, 
    0x3232325d, 0x3f5d5d5d, 0x11200c82, 0x32230e82, 0x18013311, 0x220c8dea, 0x82331139, 0x335d2100, 0x8205337d, 0x6333200a, 0x01200993, 0x41144241, 
    0x88080c65, 0x17161401, 0x06222313, 0x180d9201, 0x190b190d, 0x2218750e, 0x0d114025, 0x2c281f08, 0x19232514, 0x3d3d1a3e, 0x395d4023, 0x1b0a1209, 
    0x19eafe3e, 0x4e026e1c, 0x04060253, 0x054e0508, 0x93fe040a, 0x4e080f07, 0x05080905, 0x51155008, 0x3c537d21, 0x01294964, 0xfe155401, 0x194d32b1, 
    0x00625801, 0x13000100, 0x04020000, 0x0d00b502, 0x1f403800, 0x0f500f00, 0x0f900f70, 0x080a0d03, 0x02040773, 0x09050ea8, 0x0b0b0479, 0x77a71801, 
    0x332f210b, 0x0bc6d018, 0x3031c62a, 0x11211525, 0x11333523, 0x97080182, 0x02152315, 0x505ffe04, 0x9b9b6150, 0x44015454, 0xfe26014b, 0x00f04bda, 
    0xff100002, 0x027002d8, 0x000c00f7, 0x40a9000f, 0x010e0967, 0x02380228, 0x01021902, 0x03010366, 0x08090102, 0x060a0501, 0x0a050702, 0x0473050a, 
    0x0f01080d, 0x07020304, 0x0e00040f, 0x01080108, 0x07080702, 0x08017f02, 0x02080114, 0x07270f01, 0x01071601, 0x04070704, 0xaf019f0c, 0x01090201, 
    0x0f110101, 0x020c1f0c, 0x0f100c08, 0x01790a0e, 0x05410c00, 0x42040742, 0x3fce3f00, 0xedce333f, 0x2d068544, 0x5dc41019, 0x3939115d, 0x5d2f182f, 
    0xfb42335d, 0xc4872c0d, 0x010f0fc4, 0x32ed1018, 0x42310f0f, 0x012307f4, 0x82011737, 0x270722db, 0x08058213, 0x233701e6, 0x3f2e0302, 0x925edafe, 
    0x01dbd03f, 0x02848438, 0xfe2942b5, 0xabddfe55, 0x2d0128d3, 0xfe513701, 0x0000bff0, 0xff230001, 0x02960147, 0x01450015, 0x4aab4002, 0x3b39013b, 
    0x2a3b1a01, 0x284b023b, 0x01283a01, 0x282b281b, 0x01280c02, 0x16012397, 0x0e440122, 0x350e2501, 0x0e04020e, 0xa9020e14, 0x0a98010a, 0x2a091a01, 
    0x07a80209, 0x01067901, 0x09253534, 0x091f2205, 0x057f221f, 0x09051409, 0x2daa0522, 0x012d9801, 0x05012d8a, 0x1b032d1f, 0x14a07f02, 0xab251401, 
    0x0c7f1b47, 0x34464243, 0x31013176, 0x4b383587, 0x880105ac, 0x05390105, 0x011fd801, 0x1fa91f39, 0x011f0a02, 0x0f1f0508, 0xb70143c6, 0x43960143, 
    0x88004301, 0x2a482d42, 0x2a022a58, 0x88181551, 0x010fa814, 0x3f00500f, 0x32ed335d, 0x05820482, 0x5d5d5d25, 0x4a393912, 0x3f3206a4, 0x325ded33, 
    0x32de1001, 0xf610edd6, 0x11ed5dc4, 0x1f823917, 0x230c9d72, 0xc4101801, 0x08f74e18, 0x8406d94a, 0x32373306, 0x022e3435, 0x35032e27, 0x32333634, 
    0x0717021e, 0xdc68012e, 0x715d1806, 0x23262408, 0x44011e17, 0x1b820548, 0x93082d84, 0x011e3727, 0x1c0d70c9, 0x371e1f2c, 0x58661828, 0x1d262c16, 
    0x400f1108, 0x0d3a272d, 0x241c281b, 0x1c16293a, 0x08294532, 0x142d0823, 0x19092d3a, 0x260d090c, 0x242e210c, 0x1e111320, 0x1c121f1e, 0x4143440c, 
    0x15161911, 0x22190c0c, 0x51452330, 0x03080705, 0x1f110850, 0x14191221, 0x1a0e0a13, 0x24253223, 0x020f2133, 0x02211836, 0x04034b02, 0x141e150a, 
    0x1e242611, 0x18054609, 0x00010000, 0x0147ff26, 0x000802d7, 0x4064002a, 0x010aa53e, 0x27222705, 0x0806ec52, 0x0f130032, 0x02121f12, 0x2c002c12, 
    0x22280801, 0x2800272b, 0x22492987, 0x05010595, 0x0f4a2185, 0x01169987, 0x166a165a, 0x01164902, 0x1601163a, 0x5d3f004b, 0xed230082, 0x525de13e, 
    0xda360bf7, 0x2fc2325d, 0x7d872b87, 0x003031c4, 0x030e015d, 0x17031e07, 0x0541031e, 0x012b220d, 0x059a7b35, 0x15a90134, 0x21514f45, 0x1a202817, 
    0x23211109, 0x19041827, 0xf1830a0c, 0x2428312c, 0x2a210b14, 0x18142036, 0x00534b46, 0x67523308, 0x13053773, 0x11091716, 0x01121b22, 0x04034f02, 
    0x27821b11, 0x121b1d22, 0x20060953, 0x20e38300, 0x0804820e, 0xc502bf42, 0x91002700, 0x1c155440, 0x011c0401, 0x0901060a, 0x02051905, 0x04790469, 
    0x4a030489, 0x14440104, 0x01021901, 0x000f7302, 0x0002001f, 0x0c691500, 0x0c890c79, 0xa7760c03, 0x1d96011d, 0x14291d01, 0x0806665a, 0x79082835, 
    0x36012248, 0x22280122, 0x00222201, 0x157c1114, 0x40f0ffb8, 0x480f0c0a, 0x01451a15, 0x00420042, 0x333f3f3f, 0x1232ed2b, 0x5d5d2f39, 0x1001ed5d, 
    0x565d5ec6, 0x5d2005e4, 0x6a5a1283, 0x06d64705, 0x19233321, 0x220c8044, 0x64270706, 0x46080968, 0xdd15030e, 0x31211061, 0x19211321, 0x3226150f, 
    0x1558371d, 0x35290c1f, 0x79731f3c, 0x1b2f2314, 0x0b17251a, 0x2f3b29d1, 0x160b1325, 0x1915211b, 0x1f0c1825, 0x1108500d, 0x535f090f, 0x212a3726, 
    0x201c1111, 0x82001e2a, 0x016a0800, 0x00000a00, 0x15028701, 0x97002500, 0x1a146540, 0x011e4a01, 0x4a011e3b, 0x1925011d, 0x01190301, 0x32010525, 
    0x7f020104, 0x0001001f, 0x0a991300, 0x0a020aa9, 0x12271b82, 0x131f130f, 0x96261302, 0x0207a607, 0x76010787, 0x07450107, 0x10070001, 0x07080207, 
    0x20682085, 0x01203701, 0x2001200b, 0x870d1200, 0x56011377, 0x2e826613, 0x01501829, 0x004a004a, 0x7d3f3f3f, 0x5d240698, 0xed105d5d, 0x27056343, 
    0x5dc61001, 0xedd61032, 0x22050941, 0x4e003031, 0x0941081d, 0x35012107, 0x41064a5a, 0x57080d09, 0x1e1159c7, 0x2e1d192a, 0x2c142f40, 0x1d0a2229, 
    0x3732270a, 0x1267621a, 0x1215261d, 0x800d1720, 0x1e273021, 0x1e2b110f, 0x0c082026, 0x064d060f, 0x4d090d10, 0x232e1f44, 0x170c0d1c, 0x0015201a, 
    0x13000300, 0x5d02faff, 0x1c00bc02, 0x42003100, 0x62409a00, 0x67012a48, 0x5608fe82, 0x17677638, 0x14871701, 0x14a71497, 0x01147303, 0x66141602, 
    0x2c140214, 0x771a6776, 0x031a871a, 0x0d011a1f, 0x441a011a, 0x44504420, 0x22034480, 0x73421d20, 0xa805080a, 0x7c3d4243, 0x7932170f, 0x79081f31, 
    0x0f200720, 0x02201f20, 0x31203108, 0x0f0a0020, 0x18272245, 0x2f09ab73, 0x39391233, 0x5d5e2f2f, 0xed103311, 0x39ed1032, 0x012b0582, 0x33ccf610, 
    0x33cc32fd, 0x18de105d, 0x2e0db373, 0x055d5d5f, 0x27022e22, 0x33352335, 0x5d033e11, 0x062e05a5, 0x15011e07, 0x15010614, 0x15231533, 0x73181716, 
    0x6b0816b0, 0x01070607, 0x3131151e, 0x50501430, 0x31313014, 0x4e693c15, 0x4030392d, 0xfefe9948, 0x0f0b7777, 0x2b17240d, 0x1a233a4d, 0x7e2a4431, 
    0x30432963, 0x43321d1a, 0x0d241725, 0x02060b0f, 0x96050604, 0x05c40146, 0x12020406, 0x3933462b, 0x4e121149, 0x01696848, 0x54465e4b, 0x0b010101, 
    0x2226321d, 0x4a0d1c30, 0x202b1a0b, 0x0c19291e, 0x63081382, 0x00020001, 0x02f1ff13, 0x00b502b7, 0x00230018, 0x0b3a4080, 0x1817201f, 0x08050401, 
    0x1f0a0909, 0x080b7305, 0x071f070f, 0x0803078f, 0x25302507, 0x25a02560, 0x73042003, 0x01170018, 0x02010270, 0x090a1824, 0x0a790009, 0x7c19020a, 
    0xf0ffb811, 0x000c0c40, 0x0111264d, 0x41064611, 0x3f004102, 0x2b5d3f3f, 0x3005b25d, 0x0133112f, 0x325ddc10, 0xed32ce32, 0xdc105d32, 0x280a825e, 
    0x32cc32ed, 0x04027d10, 0x200082c4, 0x25038210, 0x133031c4, 0x53681133, 0x15332205, 0x05945123, 0x3d022e27, 0x32012301, 0x2b06823e, 0x16141521, 
    0x01614b13, 0x4b4b614c, 0x07744718, 0x52014b2f, 0x182c3d25, 0x015cb4fe, 0xfe1501a0, 0x340383eb, 0x643a534b, 0x492a2a49, 0xfe533a64, 0x4b3017f2, 
    0x68484834, 0x081f645e, 0x02843308, 0x031602b5, 0x000000a8, 0xff560003, 0x0233028a, 0x000f00fa, 0x00170013, 0x286440b2, 0x0c290116, 0x11120601, 
    0x02031516, 0x0d000207, 0x0108090c, 0xea822908, 0x01080736, 0x7f080102, 0x07140207, 0x07380802, 0x2a020748, 0x07040107, 0x33080d83, 0x190e0b07, 
    0x39731410, 0x01280101, 0xa8050101, 0x14141518, 0x160f790d, 0x0a111717, 0x0c791009, 0x04050b0b, 0x0f000103, 0x07791242, 0x00410506, 0xedce333f, 
    0x33290382, 0x2f391233, 0x3232ed33, 0x36f48232, 0x1132ed10, 0xf6100133, 0xed5d5dc5, 0xc6d61032, 0x5d5d5ed4, 0x18c1005d, 0x4c0a9182, 0xc4240564, 
    0xc48710c4, 0x31360084, 0x5d5d0130, 0x37270733, 0x37211123, 0x15330317, 0x15210723, 0x0e823301, 0x29080382, 0x264531fe, 0x1d7a0158, 0x67468c46, 
    0xfe000166, 0xf8599f97, 0x767f6619, 0xb5025c1a, 0xb2fe1a45, 0x0150f54d, 0xeafdd492, 0x008200f5, 0x0004bc08, 0x02acff33, 0x00670208, 0x002c0025, 
    0x00350031, 0x887540ee, 0x0c050123, 0x101b1801, 0x35262708, 0x09222334, 0x0b852222, 0x010b2601, 0x20010b17, 0x30311112, 0x0a210a0b, 0x01213f09, 
    0x09210921, 0x10822d00, 0x373f37ab, 0x2c823201, 0x66005682, 0x00470200, 0x01003601, 0x001f000f, 0xab000802, 0x47212236, 0x02349734, 0x86121834, 
    0x02159615, 0x15011557, 0x26311e88, 0x1135852c, 0x10b010a0, 0x05101002, 0x1e1b2023, 0x40f0ffb8, 0x480e0b1a, 0x5930511e, 0x88270127, 0x0b76090a, 
    0x010b6501, 0x0549080b, 0x00500501, 0x33335d3f, 0x32ce5d5d, 0x3f325ded, 0x3333332b, 0x822f3912, 0x32ed2311, 0xe14a1032, 0x32ce2606, 0x5ef61001, 
    0x2e00825d, 0x105deded, 0x3912edf6, 0x5d2f2f39, 0x417d3311, 0x01200634, 0x33201982, 0x20074141, 0x05364c01, 0x575d5d21, 0x172a0610, 0x16071737, 
    0x15061415, 0xe4470723, 0x1eae0805, 0x010e1701, 0x07272223, 0x012e3727, 0x0e26013f, 0x34210702, 0x010f2726, 0x33371716, 0x30584429, 0x1b09120a, 
    0x017c1a3e, 0x271033d4, 0x12473216, 0x14030803, 0x2a323659, 0x3e1b3e1a, 0x2530d339, 0x0217293a, 0x1a1b1301, 0x2f06b72a, 0x45030129, 0x01224467, 
    0x50155401, 0x100cc234, 0x05059f03, 0x24140810, 0x0b130914, 0x23551553, 0x03977d7b, 0x1f392b17, 0x83143e31, 0x802c5444, 0x00010000, 0x01f1ff05, 
    0x00b502f0, 0x4065001b, 0x0103093d, 0x731b1708, 0x68011177, 0x15110111, 0x0a131519, 0x1915130a, 0x181c1d04, 0x79141a79, 0x01821a12, 0x4116052e, 
    0x0a7c0e0b, 0x000e0c10, 0x0b180a4c, 0x08d37318, 0x3f004632, 0x2b2b332b, 0x123f32ed, 0x2f2f3939, 0xed10ed10, 0x2d07ce6b, 0x5dd0102f, 0x3132ed5d, 
    0x5d5e0030, 0x8f5c1425, 0x05875905, 0x013d3622, 0x08082d4b, 0x15a00124, 0x22435935, 0x0a222e39, 0x32431526, 0x91914248, 0xdf505061, 0x25415632, 
    0x0913110b, 0x49210f4d, 0x444b5c59, 0x02002d05, 0x45ffd6ff, 0xe0021501, 0x23001700, 0x2408b982, 0x01160529, 0x14101021, 0x001b0a7f, 0x20031003, 
    0x03080303, 0x0c0e120e, 0x03120e0c, 0x850d2425, 0x1385110b, 0x3d01820b, 0xffb81800, 0x0c0f40c0, 0x89184812, 0x490f531e, 0x88048807, 0x3f005200, 
    0x3f3feded, 0xb8902bed, 0x5ec4102e, 0xedd0335d, 0x31331132, 0x22175d30, 0x85063c5a, 0x733520b4, 0x142605f8, 0x26221306, 0xd6693435, 0x18152006, 
    0x2a08d59e, 0x4e5d5c5c, 0x192b5a4e, 0x82192323, 0x06bb2e03, 0x04034c05, 0x46e7393b, 0xe646d2d2, 0xc71a1964, 0x0231080c, 0x45ff3a00, 0xc5023f03, 
    0x38002400, 0x1040e400, 0x0d0c080d, 0x180c4c00, 0x4c000b09, 0x24800706, 0x40f8ffb8, 0x00100f14, 0x0e08244c, 0x08244d00, 0x2804820a, 0x0f100f73, 
    0xf0ffb825, 0x821182b3, 0xb3f82107, 0x07821482, 0x09b6f028, 0x76254d00, 0x33832f1a, 0x33831620, 0x33832f20, 0x09102f27, 0x1a4c000a, 0x20108308, 
    0x824e841a, 0x2f0f2a2e, 0x0f2f1a1a, 0x34393a03, 0x22448210, 0x831f7c34, 0x830c2018, 0x831f2022, 0x451f2262, 0x215f822a, 0x1b821340, 0x107c2a29, 
    0x00120f18, 0x8415104c, 0x83152041, 0x820a2028, 0x46153141, 0x0a790306, 0xed3f0047, 0x2b2b3f32, 0x2bed2b33, 0xed210682, 0x07f6412b, 0x00832b20, 
    0x82ed1021, 0x33112105, 0x1a290684, 0x303132cc, 0x2b012b00, 0x8b4d1805, 0x013d210c, 0x210d3d75, 0x77712115, 0xcd02210e, 0x0ba54d18, 0x33100c33, 
    0x4421443e, 0x35355b79, 0x4344795b, 0xfd345976, 0x625c18d3, 0x2d11210f, 0x09c44d18, 0x2a1a6328, 0x5b2e101e, 0x5c185988, 0x68710743, 0x004f080f, 
    0x00020000, 0x0245ff33, 0x00130273, 0x002f000e, 0x1b3c4061, 0x480c0820, 0x2f801615, 0x1f1e087f, 0x2782001e, 0x271f270f, 0x271e0802, 0x3031271e, 
    0x0c380c28, 0x0c030c98, 0x572c4788, 0x502c022c, 0x2288051f, 0x48100d08, 0x12155122, 0x41521988, 0xed28050f, 0xed5d3f33, 0x1211015d, 0x2605d647, 
    0x3311ed10, 0x41edd010, 0x7b530602, 0x4101200d, 0x012c0f0e, 0x022e2223, 0x023e3435, 0x17163233, 0x2d0d6c53, 0x08251d69, 0x0b09081b, 0x3a2d0e25, 
    0x8f540d21, 0x413c2309, 0x5e532163, 0x04482508, 0x91fe6206, 0x200a0341, 0x095f5317, 0x84081321, 0x135708ef, 0x70020000, 0x1b00bc02, 0x71002c00, 
    0x08984540, 0x01088901, 0x0b010257, 0x67007628, 0x19460119, 0x10021956, 0x02192019, 0x73060519, 0x04870467, 0x05040402, 0x73210c2e, 0xa80e1013, 
    0x7c1c212d, 0x79221116, 0x0b400010, 0x0d0b0b01, 0x0d451613, 0x00420542, 0x453f3f3f, 0xbf480830, 0x33ce3305, 0xc61032ed, 0xed5d2f32, 0x5d5dd610, 
    0x32ed325d, 0x07823031, 0x031e0129, 0x032e2317, 0x82112327, 0x33352401, 0x6d013e11, 0x03230516, 0x18070622, 0x080bad59, 0x3211b44b, 0x6a123334, 
    0x2f302f14, 0x50618d13, 0x2a652950, 0xd74c9992, 0x0e0c2317, 0x482e580b, 0x331e1b33, 0x15240145, 0x28564f42, 0x3f484f26, 0x01edfe17, 0x4d014b13, 
    0x6d6e070a, 0x2b016144, 0xfe010101, 0x331e0bfa, 0x1e342728, 0x08f6820c, 0x0001002f, 0x0100000e, 0x00130280, 0x403a0019, 0x1b05061d, 0x7f0c0f11, 
    0xaa121417, 0x85140f1a, 0x000e0e15, 0x060c4a11, 0x05178809, 0x3f005000, 0x21ae8232, 0x42473f32, 0x10012705, 0xfd33cef6, 0xcc8233cc, 0x01303122, 
    0x0809bb4d, 0x33150735, 0x23152315, 0x33352335, 0x01013e35, 0x1e1f0c18, 0x0b100619, 0x331a2833, 0x5d929208, 0x62214a4a, 0x05031302, 0x04510205, 
    0xa2020b0b, 0x46cdcd46, 0x83150cdf, 0x0002378b, 0x02000010, 0x00b5025a, 0x0024001d, 0x228f40ed, 0x121d1e05, 0x04820c21, 0x19041c31, 0x0a1f121d, 
    0x0c1e0c0b, 0x001e0c09, 0x82050811, 0x245b0804, 0x1e1e0506, 0x050c1e05, 0x14190473, 0x0403021a, 0x04010419, 0x19110019, 0x160d1318, 0x0d10121d, 
    0x15110016, 0x0d0e0f14, 0x160d0c1e, 0x730c161e, 0x0d14160d, 0x1716160d, 0x04181873, 0x1112120d, 0x2620260d, 0x26802650, 0x01260f03, 0x0f001d1d, 
    0x02041f04, 0x18250408, 0x82161942, 0x7911320e, 0x12121716, 0x0d42170c, 0x05410c41, 0x00410441, 0x8200833f, 0x391234fd, 0x2f3332ed, 0x013f3311, 
    0x5d5ed610, 0x5d2f32c0, 0x82d6105d, 0x82112006, 0x32ed2f1b, 0x102b1087, 0x0587c100, 0x10c4107d, 0x0082c40e, 0x010f0f27, 0x100f3311, 0x230c8387, 
    0x082b1805, 0x0b831882, 0x12860f20, 0x0f0f0f32, 0x33133031, 0x3327012e, 0x3317011e, 0x3337013e, 0x08164b18, 0x11231122, 0x23211782, 0x08148205, 
    0x011e232d, 0x29165310, 0x26116e14, 0x2714dc14, 0x2a146812, 0x1d7e5416, 0x20611f3a, 0x017d1d3b, 0x11241128, 0x0223128d, 0x254a2620, 0x85264a25, 
    0x49320805, 0xfe306030, 0x311501e9, 0x1d773061, 0x3a20203a, 0x0e000200, 0xf40147ff, 0x2a000802, 0x14012f00, 0x012579b3, 0xe0ffb818, 0x4d0010b3, 
    0xf0ffb817, 0x0882a740, 0x0117062e, 0x11042b2e, 0x260b2d2a, 0x03292a11, 0x123d0482, 0x2a11160c, 0x10160c0f, 0x0c0d1500, 0x2b070c16, 0x2b001004, 
    0x0b0a042b, 0x0b080b26, 0x2e0b8226, 0x2b260304, 0x037f0426, 0x03031426, 0x82030126, 0x26360812, 0x26160c0b, 0x0c7f0b16, 0x160c1416, 0x16a31693, 
    0x86167602, 0x16550216, 0x47163701, 0x03160216, 0x3110110c, 0x31403130, 0x31803170, 0x01311f04, 0x1e001f20, 0xbd482a03, 0x20302b06, 0x2a1a8823, 
    0x268a0010, 0x2c823616, 0x11401a31, 0x0b111101, 0x0c4b1a1f, 0x04490b49, 0x41490349, 0x2108058b, 0x2f391233, 0x5d39125d, 0x103332ed, 0x100132ed, 
    0x325d5ed6, 0xc610c4d6, 0x105d5d32, 0x11d632d6, 0x00825d39, 0x8e418720, 0x870f2108, 0x0a994d18, 0x87100f26, 0xc408c40e, 0xc4210684, 0x2900830f, 
    0x5d013031, 0x135d2b2b, 0x89412633, 0x05914512, 0x0806a447, 0x012e3724, 0x36052327, 0x11162337, 0x611b264b, 0xa1131f0b, 0x5d0c190e, 0x420f1b0e, 
    0x1a301758, 0x40342a14, 0x4d180b2a, 0x363f07b0, 0x3b20183f, 0x0201651a, 0x1f75171c, 0x636a3b01, 0x3337692d, 0x64363565, 0x83484433, 0x18402d3c, 
    0x0808ac4d, 0x3c372e84, 0x4c9b437f, 0x0000544f, 0xfdff0100, 0xaf0147ff, 0x28000802, 0x65409e00, 0x97011505, 0x11050111, 0x01100301, 0x05010c0c, 
    0x05880102, 0x01050b01, 0x7f000005, 0x0e14090e, 0x0e0e0009, 0x0f18091b, 0x09284812, 0x09580938, 0x01091903, 0x76822209, 0x02138613, 0x20011369, 
    0x02133013, 0x2a1f2a13, 0x0f061c01, 0x021b1f1b, 0x67291b08, 0x280e010e, 0x1f1c0728, 0x4b181b88, 0x07870509, 0xed3f0049, 0x2b6b3f32, 0xc5250805, 
    0xd610015d, 0x33c65d5e, 0x5dd6105d, 0xc4ed5d5d, 0x122b5d5d, 0x87c11039, 0x7d052b04, 0x5d01c410, 0x0030315d, 0x058d4f5d, 0x4c183720, 0x1748111f, 
    0x35800807, 0x2b022e34, 0x32167801, 0xfe0e282f, 0x0e8401ef, 0x19353029, 0x20374b2a, 0x3b604525, 0x14195d37, 0x512f5217, 0x48372256, 0x19dc1126, 
    0x15373d3c, 0x3b17364e, 0x061c4141, 0x31452d1a, 0x1b365136, 0x0b500d12, 0x27414712, 0x000a1c31, 0x36000100, 0x42016202, 0x1500ed02, 0x1b402e00, 
    0x110f0605, 0x13400016, 0x00074816, 0x00270017, 0xc0000803, 0x020bd00b, 0x0010050b, 0x5dde332f, 0x2b5d5ecd, 0xdd2fc582, 0x3031cdde, 0x021e3213, 
    0x032e2307, 0x820e2223, 0x3e262707, 0x311cbc02, 0xa6181425, 0xed221133, 0xa6182313, 0x02261133, 0x44021400, 0x5f826401, 0x07000329, 0x23404700, 
    0x82900102, 0x06033c8c, 0x04908005, 0x08070401, 0x54054401, 0x03059405, 0x9b030605, 0x00070107, 0x82060204, 0x32dd2581, 0x10325dcd, 0x84820382, 
    0x5dc51929, 0x19dd181a, 0x82d618c5, 0x82088309, 0x07172b92, 0x0717012f, 0x3073f127, 0x03826d7b, 0xa0080325, 0x82388c24, 0x03002903, 0x3f025f00, 
    0x8e031901, 0x0f3e0982, 0x74001b00, 0x20000c40, 0x69480f08, 0x00030101, 0xffb80400, 0x1208b7c0, 0x10800448, 0x0b821640, 0x82164021, 0x0a16360c, 
    0x0a020201, 0x0103691c, 0x10018003, 0x01480e08, 0xf0ffb80d, 0x223482b5, 0x8219130d, 0x0a402109, 0x19220a82, 0x05821007, 0x2f000732, 0xde2bdd2b, 
    0x2bd62bdd, 0x015dcd1a, 0x2f32c610, 0x10279782, 0xde1a2bdd, 0x832bcd1a, 0x5d002b0c, 0x012b3031, 0x17372707, 0xff790614, 0x32332205, 0x0bb17816, 
    0x9e190132, 0x381c9715, 0x37372625, 0x2d382526, 0x1c14141c, 0x03290383, 0x4e373c45, 0x31312bf3, 0x2003832b, 0x05627317, 0x0000002f, 0x02210003, 
    0x0357014b, 0x000b0022, 0x26cf8217, 0x199fb441, 0x83151901, 0x0e1e2cbb, 0x0f154812, 0x01189009, 0x82400318, 0x09033f0b, 0x0c121c09, 0x17134018, 
    0x061a1848, 0xdd2f0000, 0x2f2bcdde, 0x331101cd, 0xc42bdd2f, 0xb682105d, 0x9d82c420, 0x17b5fb18, 0x15332728, 0x1f175723, 0x0382171f, 0x0382b320, 
    0x2016172c, 0xfefefa20, 0x191e4b02, 0x038b1e19, 0x8240d721, 0x00022297, 0x2097823d, 0x2797843b, 0x4031000f, 0x0c090d0f, 0x40258585, 0x10110909, 
    0x0668410c, 0x0e800c22, 0x1a2f8985, 0x11012bcd, 0x1a2f3912, 0x10cc2bdd, 0x8b3031cc, 0x24798385, 0x202017bc, 0x20038217, 0x23718496, 0x1e1e1a1a, 
    0x69820382, 0x1c000322, 0x5c226782, 0xff865603, 0x40e84708, 0x011b742c, 0x34011b45, 0x1b25011b, 0x011b1301, 0x44011b06, 0x02197419, 0x24011936, 
    0x19060119, 0x01185401, 0x18411831, 0x01182202, 0xb8ffb818, 0x49093b40, 0x08011800, 0x1b6b1b4b, 0x84187402, 0x03189418, 0x25831863, 0x40182208, 
    0x77011b9b, 0x1b56011b, 0x94801b01, 0x19760119, 0x1a8b1901, 0x7e021a9b, 0x1a6f011a, 0x091a1a01, 0x26c68215, 0x120e2e40, 0x410f1548, 0x8b3a0a62, 
    0x021b9b1b, 0x184f401b, 0x180218af, 0x84196480, 0x03199419, 0x08401a19, 0x77414812, 0x2bd42905, 0x1a5dcd19, 0x1a5ddd18, 0x18200782, 0x2d058241, 
    0xcdde2bcd, 0x1939122b, 0x5d5d5d2f, 0x1d845ddd, 0x1f820582, 0x22060e44, 0x552b5d5e, 0x5d200bdc, 0x2417a641, 0x27071703, 0x06a64152, 0xa641bd20, 
    0x60b52306, 0xa7416f2d, 0x0b012511, 0x007f268d, 0x43410082, 0x40af290f, 0x011b974c, 0x861b7603, 0x3b08c682, 0x480c0820, 0x1a961a86, 0x011a7502, 
    0x19861976, 0x0b031996, 0x02191b19, 0x760118a9, 0x40180118, 0x0f480e0a, 0x02181f18, 0x1b840208, 0x01199901, 0x198b197b, 0x01196f02, 0x941b1918, 
    0x20092341, 0x0f234125, 0x1e411920, 0x1b942307, 0x1a411b01, 0x5dcd260c, 0x1a5ddd1a, 0x0f1541cd, 0xdd18dd25, 0x5331cd19, 0x0121059d, 0x080d415f, 
    0x5f5d2b22, 0x271d0a41, 0x16202016, 0xbd1f1f17, 0x23061241, 0x2d6f3c4c, 0x23130a41, 0x00267f34, 0x08070741, 0x0b003f23, 0x1d001700, 0x14408200, 
    0x8b011b9d, 0x1992011b, 0x01198401, 0x191d1c1b, 0x15801d18, 0x40c0ffb8, 0x23cf8333, 0x601d0f40, 0x0805f641, 0x6009402a, 0x1e1d1d1a, 0x181b0c12, 
    0x1d9f1a19, 0x7e1d6e01, 0x031d8e1d, 0x4e011d5d, 0x301d011d, 0x1d480c08, 0x2f000006, 0x5d2bd4dd, 0xdd230082, 0x8433c5dd, 0x2f192bde, 0x1ade1a33, 
    0x1a2bcd18, 0x07871019, 0xc518dd24, 0x04821019, 0x82303121, 0x26da9829, 0x37173727, 0x8e520717, 0x1dfd25dc, 0x7b1d5e5e, 0xc72fde91, 0x2d3d3d2d, 
    0x0002005f, 0x014a0222, 0x82220355, 0x212308db, 0x1f407700, 0x110e1007, 0x1b1d1f48, 0x3b002b00, 0x04006b00, 0x0801000f, 0x1e400002, 0x010f500e, 
    0x831f220f, 0x082a29e8, 0x801f4812, 0x1d001421, 0x30680a19, 0xcd2cd282, 0xd610012b, 0x1ac6325d, 0x5d5e5fdc, 0x312c0782, 0x012b0030, 0x2223030e, 
    0x012e2726, 0x2305f471, 0x16323303, 0x34068358, 0x23153327, 0x11045501, 0x12142018, 0x15110e22, 0x071a110b, 0x310e8d2d, 0x02fefeec, 0x191d0ca4, 
    0x08080c12, 0x140e1c08, 0x0a831e0c, 0x07093a08, 0x406a0e1b, 0x5d000100, 0x1a013303, 0x0300b803, 0x19403000, 0x017a015a, 0x019a018a, 0x0f180004, 
    0x02014d00, 0x00050003, 0x02800340, 0xcd2f0001, 0xcd1add1a, 0x19de1001, 0x052f46c5, 0x5d2b003a, 0x37270701, 0x15a81a01, 0x3c6f03a1, 0x01004e37, 
    0x36034100, 0xc2033701, 0x3a3a3482, 0x030b1d40, 0x05040401, 0x0b020501, 0x01080101, 0x07000040, 0x05050106, 0x27829002, 0x0004802f, 0x5dcd1a2f, 
    0x33113333, 0x39121101, 0x250c8219, 0xcd325d5e, 0xec82325d, 0x17135d34, 0x27072707, 0x5e1d7bbc, 0xc2031d5e, 0x3d3d2d5f, 0x5b8c002d, 0x1c403524, 
    0xa282040b, 0x03080139, 0x40000104, 0x06050502, 0x01019007, 0x05878001, 0x05020597, 0x825d2f00, 0x2457855b, 0x32cd1a33, 0x295582cd, 0x135d5d5e, 
    0x17371737, 0x55834107, 0x95037b22, 0x2805dd41, 0xff030000, 0x01eb02fe, 0x3bb3827a, 0x000f0003, 0x4070001b, 0x0103791b, 0x0f01036a, 0x02790103, 
    0x1f020f01, 0x0d080202, 0x00315b82, 0x19020090, 0x40c0ffb8, 0x48120e22, 0x07011319, 0x22078240, 0x820d0d07, 0x01012f42, 0x1d1c0202, 0x03040a16, 
    0x01800040, 0xdc821002, 0xcddc3329, 0xcd1add1a, 0x8632cd10, 0x2f182687, 0x2f1932cd, 0x28068232, 0xcdde102b, 0x5d30312b, 0x2093825d, 0x8396825d, 
    0x0aa050ed, 0x0b8a3320, 0x2d609024, 0x8443206f, 0x44f92006, 0x03250697, 0x7f268dc2, 0x0f3f46a3, 0x6233c790, 0x039d1940, 0x000203ad, 0x02011001, 
    0x65005508, 0x83130200, 0x191324b1, 0x82b80d02, 0x821a20c5, 0x070d2ebd, 0x00030307, 0x01010202, 0x160a1d1c, 0x05e84110, 0x00100423, 0x20bd872f, 
    0x82bd99c5, 0x070124bc, 0x8a173727, 0x8a2120ad, 0x2401250b, 0x5c602d6f, 0xfe21ba86, 0x067343d9, 0x7f8e0325, 0x9ad78d26, 0x054344bb, 0x1440872c, 
    0x89011b9a, 0x1995011b, 0x43448601, 0x4436200d, 0x1d2c1a43, 0x48121178, 0x02011d7e, 0x490f781d, 0x23144644, 0x2b5d5f2b, 0x26424844, 0x37173725, 
    0x86340717, 0x87f920d4, 0x1de527e5, 0x7b1d5e5e, 0xdf8feb02, 0x6b42aa20, 0xffff2606, 0x00005600, 0x0a437a02, 0x7a430021, 0x0129079b, 0x0940f2ff, 
    0x0a000d0f, 0x053e7a50, 0x74003421, 0x162e0833, 0x26027a03, 0x00002800, 0x83000701, 0x7b776d00, 0x40f32408, 0x82200e0d, 0x02290830, 0x014f1801, 
    0x2b4f0c01, 0x34342b2b, 0x10000100, 0xc902feff, 0x2700b502, 0x00b9a000, 0xb3e0ff03, 0x024d000f, 0xb3f8ffb8, 0x22078410, 0x822540f0, 0x03260810, 
    0x4d000e10, 0x09081003, 0x08904c00, 0x840208a0, 0x08600108, 0x08020870, 0x1e0f7600, 0x17731d15, 0xf0ffb80f, 0x24823040, 0x1b403b08, 0x0f021b60, 
    0x0f08011b, 0x1919171b, 0x040f1b17, 0x231e2829, 0x0d10127c, 0x12124d00, 0x18791c16, 0x16411a79, 0x7c0c0942, 0x00460508, 0x32ed333f, 0xeded3f3f, 
    0x2b2f3912, 0x5e5432ed, 0x5d5e3308, 0xed102b5d, 0xed103232, 0x5d5d5dcc, 0x2b003031, 0xaf82012b, 0x4b056a54, 0x262d099c, 0x07062223, 0x23112311, 
    0x23152135, 0x05355915, 0xc9023f08, 0x314b331b, 0x030c1f0e, 0x3c0e1106, 0x23545e3b, 0xcb611143, 0x09f01c02, 0x1126241d, 0x21426544, 0x394d2cd0, 
    0x4d020120, 0x394a0101, 0x040a464c, 0x6102adfe, 0x03be5454, 0x20030506, 0x4741543c, 0xed013007, 0x2602a403, 0x0000d302, 0x8f000701, 0x78005f00, 
    0x1a28055b, 0x00040608, 0x07000150, 0x3f06507b, 0xff3a0001, 0x025302f1, 0x012800c5, 0x1e00b935, 0x11b3f8ff, 0xb81e4d00, 0x09b4f8ff, 0x1d4c000a, 
    0xb3240882, 0x084d0008, 0x40260782, 0x4d000f13, 0x04820802, 0x051a1a2d, 0x230f0f10, 0x1b2a2423, 0x83f0ffb8, 0x24078230, 0x000eb3f8, 0x2107824d, 
    0x3883b6f0, 0x18761b22, 0x402e1a82, 0x4d000a15, 0x08057618, 0x054d0010, 0x04831208, 0x05203e82, 0x11204c83, 0x052d2d82, 0x791829a9, 0x1a9f1a8f, 
    0x001a1a02, 0x2e2f8310, 0x000e0d0e, 0x0813104c, 0x4c001211, 0x410f7c13, 0x078206c6, 0x5d83f020, 0xe8260782, 0x4d000db4, 0x18830a0f, 0x07834e82, 
    0x0f164027, 0x450a4d00, 0x27638323, 0x000e2823, 0x0d18234d, 0x20200482, 0x07822286, 0x1d40f022, 0x20221682, 0x2283247c, 0x83182421, 0x00242162, 
    0x00208d83, 0x0029cc83, 0x2b3f0046, 0x2b2b322b, 0x200584ed, 0x210c822b, 0x0d832b33, 0x122b3229, 0xed5d2f39, 0x82fe1001, 0x821d820e, 0x102b2a1f, 
    0x322f32c6, 0x3911332f, 0x08d4412f, 0x19530520, 0x5f1e2008, 0x0e25063e, 0x15210702, 0x072d5e21, 0x01034908, 0x5578497f, 0x78562f2f, 0x36472a49, 
    0x16190723, 0x52354255, 0x0105213a, 0x04cefe30, 0x36533b21, 0x19165742, 0x48372407, 0x865d310f, 0x5d875556, 0x100f0a31, 0x1b0b4d05, 0x34543c21, 
    0x40593752, 0x500b1c23, 0x0a0e0f05, 0x2a052343, 0x01f1ff21, 0x02c502f5, 0x41360016, 0x002307eb, 0x82b502b7, 0x832c200f, 0xeeff2a0f, 0x20010000, 
    0x26027a03, 0x230f8200, 0x83000701, 0x1f67f318, 0x00ffff23, 0x20538208, 0x204384a3, 0x3164822d, 0xff0d0002, 0x02ee03f6, 0x001f00b5, 0x406a0030, 
    0xf559263e, 0x173a0807, 0x11122076, 0x011f7328, 0x20491073, 0x20022059, 0x1f10101f, 0x31320320, 0x590a4909, 0x0a0a020a, 0x2c0a2931, 0x15121c7c, 
    0x1025257c, 0x461c091f, 0x41107900, 0x3fed3f00, 0x58183333, 0x112e09e3, 0x335d2f33, 0x39171211, 0x5d2f2f2f, 0x2743ed10, 0x30313905, 0x015d5d5e, 
    0x07010e23, 0x2707030e, 0x3e37013e, 0x15213501, 0x2033013e, 0x2a05125b, 0x34252726, 0x2a23022e, 0x67110701, 0x560805f8, 0x04c90c02, 0x290e1c0c, 
    0x0b38533d, 0x1c194d46, 0x1289010f, 0x34011229, 0x46704e2a, 0x012a602a, 0x4d381e7c, 0x1227112e, 0x251b2f11, 0x02203546, 0x5ac57062, 0x243b4f2d, 
    0x48085402, 0x91eb554a, 0xe30102fc, 0x1c385438, 0x2acf0a07, 0x020d2038, 0x0102ebfe, 0x8235200c, 0x020027fe, 0xf9ff5600, 0xff82dd03, 0x00183508, 
    0x40540029, 0x1e76062f, 0x73180026, 0x1410160e, 0x1e491273, 0x1e021e59, 0x16121216, 0x2a2b031e, 0x0f0f7915, 0x237c0300, 0x41171123, 0x42114113, 
    0x460b7c19, 0x3f21f083, 0x20f0843f, 0x42441833, 0x2aea8209, 0xedc01032, 0xed103232, 0x54013031, 0x0e29065f, 0x26222302, 0x11211127, 0x05035c23, 
    0x3e321324, 0xe8833502, 0x07062222, 0x0226e882, 0x1229125c, 0xd3869a9a, 0x61bcfe27, 0x61440161, 0x88cf835b, 0xb40125dd, 0x736c0202, 0x012bc985, 
    0x02a9fe4d, 0x01f5feb5, 0x8299fd0b, 0x2a2a32cb, 0x010c1f36, 0x02f0fe02, 0x00010001, 0x02000010, 0x08d382aa, 0x74001b50, 0x0b664a40, 0x0f730d01, 
    0x73160203, 0x010f1f18, 0x8001001f, 0x181f0118, 0x1f1a0f01, 0x000f021a, 0x181a1a18, 0x1d040f00, 0x0807031c, 0x08020817, 0x13777c08, 0x56021387, 
    0x02136613, 0x13011348, 0x79191713, 0x411b7901, 0x420e4217, 0xff443f00, 0x5d5d2506, 0x5d5eed5d, 0x82090345, 0x835d200f, 0x22ef84f3, 0x44015d00, 
    0x1d2408e1, 0x34352301, 0x2109fa44, 0xda442c02, 0x375b2506, 0x53446017, 0x2005ee44, 0x08cf44b5, 0xcfd0342a, 0x040a474a, 0x6102aefe, 0x2808db44, 
    0xa4036f02, 0x2e002602, 0x05db4400, 0x40188320, 0xfe2a072f, 0x1b1d0940, 0x01500a12, 0xde441c00, 0x06834606, 0x2f838220, 0x18d80221, 0x2514bb44, 
    0x01500900, 0x2f891601, 0xf7ff142a, 0x84034302, 0xe3022602, 0x03232f83, 0x4573009d, 0x0728063b, 0x20183028, 0x25180150, 0x27082c86, 0xff560001, 
    0x02650247, 0x000b00b5, 0x081b4031, 0x010a0a73, 0xa8067305, 0x0173020d, 0x430a0ca8, 0x42077903, 0x41024106, 0x26055b61, 0x013fed3f, 0x82edf610, 
    0x39122502, 0x3031ed2f, 0x3407f55d, 0x35231523, 0x4d016156, 0x025cd961, 0x029efdb5, 0xb94bfd62, 0x2eb782b9, 0x02000008, 0x02b5028f, 0x00240016, 
    0x82ffff00, 0x02f9226b, 0x210f8343, 0x0f86e801, 0x5002fa24, 0x1f82bc02, 0x82002521, 0x560021a8, 0xed200482, 0x05358b82, 0x0d401b00, 0x73020700, 
    0x0106a804, 0x03410579, 0x3f3f0042, 0x327a84ed, 0x013031c6, 0x23112115, 0xfeed0111, 0xb50261ca, 0x829ffd54, 0x02002330, 0xc7821000, 0x0a82c120, 
    0x000f3308, 0x404f0017, 0x0e730c2d, 0x5616730a, 0x02156615, 0x09731015, 0x73000904, 0x09160e02, 0x16090202, 0x1819040e, 0x7915030b, 0x430d420f, 
    0x41097917, 0x5d834301, 0x32206082, 0x2a09f941, 0x3311ed10, 0x5d32ed10, 0x8310ed10, 0x153d08e7, 0x3e331123, 0x11213703, 0x35231133, 0x07030e01, 
    0x5c6c1121, 0x19373349, 0x88010105, 0xdcfe5c57, 0x2c170703, 0xb93d0128, 0x8d3a0c01, 0xfd56a89d, 0xb9f4fe9e, 0x89426202, 0x023b8287, 0x0917480f, 
    0x0021fb83, 0x24eb8428, 0x03000018, 0x08af8272, 0x0c01319f, 0x2ca79b40, 0x011fa801, 0x7324241f, 0x19141e19, 0x13881e19, 0x13130e01, 0x14191473, 
    0xd0191414, 0x19800119, 0x19a01990, 0x01197203, 0x240e2419, 0x0d0d250e, 0x80331425, 0x021ea01e, 0x2c27271e, 0x26060b0b, 0x272c0c26, 0x2d007327, 
    0x272d0014, 0x05060b00, 0x06000b00, 0x14000573, 0xdf000505, 0x008f0100, 0x00af009f, 0x01007d03, 0x80730c00, 0x0225a025, 0x2db00525, 0x1f2d0f01, 
    0x2d08022d, 0x2c422d32, 0x00422642, 0x250c1919, 0x1e421f42, 0x13411442, 0x0c410d41, 0x05410641, 0x05255541, 0x2305b556, 0x18332f19, 0x01380982, 
    0x5d5ed610, 0x5dd4c65d, 0x5d5d32ed, 0x2b108771, 0x87c10110, 0xc4107d04, 0x18200784, 0x3b05de53, 0x2f183311, 0x08c4087d, 0xd41801c4, 0x11c6c65d, 
    0x12002f33, 0x037d3939, 0x33c4c405, 0x18223583, 0x32832b10, 0x875d0123, 0x200a8204, 0x333d8205, 0x5d013031, 0x032e015d, 0x031e3327, 0x11331117, 
    0x3337033e, 0x2005b564, 0x22148223, 0x82112311, 0x23a5080c, 0x3601033e, 0x4549491e, 0x3d16711b, 0x5d204745, 0x3e45471f, 0x451b7016, 0x281e4849, 
    0x1a424b50, 0x48441b6e, 0x215d2149, 0x1b43484a, 0x4b42196d, 0x23700151, 0x22545755, 0x55534c1c, 0xfe350125, 0x545525cb, 0x54221c4b, 0x24235457, 
    0x30646059, 0x4c575d2e, 0x01b5fe1d, 0x574c1d4b, 0x64302e5d, 0x01005860, 0xf1ff1d00, 0xc4020902, 0xcb003800, 0x21872140, 0x01151401, 0x66011505, 
    0x15670116, 0x5f384f01, 0x38380238, 0x061a1f29, 0x4d000d08, 0xb8177606, 0x0d40f8ff, 0x174d0012, 0x00111030, 0x7632174c, 0x06f3471f, 0xf03b0782, 
    0x0f0e1940, 0xab1f4c00, 0x2a0d0c3a, 0x291f290f, 0x39290802, 0x3779001a, 0x822a1237, 0x12403325, 0x2a4d000d, 0x08297c2f, 0x294d000e, 0x090c4624, 
    0x16820d7c, 0x1211b424, 0x08824c00, 0x0fb4f023, 0x26088410, 0x000eb4f8, 0x83120d4d, 0x2108821a, 0x165e4512, 0xed2b2405, 0x82333f32, 0x122b2404, 
    0x56ed2f39, 0xc62706ba, 0x2bf61032, 0x82d4ed2b, 0x332b2203, 0x20188211, 0x086b685d, 0x6c6e1320, 0x3e27210a, 0x1809df62, 0x18089584, 0x3a0c9061, 
    0x44213491, 0x404d2438, 0x1f155837, 0x3c33290c, 0x40583420, 0x1e3b3d24, 0x18192937, 0x08149861, 0x95013e2f, 0x232e1b0a, 0x0d19392d, 0x0c0f084f, 
    0x452d1607, 0x1354302f, 0x3c2d1d08, 0x324f3728, 0x120f0b17, 0x10065006, 0x44390a0e, 0x0b1e3328, 0x06ef4300, 0x82022908, 0x1300b502, 0x8940cc00, 
    0x99010f20, 0x0da8010e, 0x010d8901, 0x760106a7, 0x05a70106, 0x12100d01, 0x05130c13, 0x08030806, 0x69080782, 0x14080373, 0x0c080303, 0x1f0a0f73, 
    0xa80a020a, 0x01154015, 0x15501510, 0x03031580, 0x14a80173, 0x420a420b, 0xaf010c3b, 0x200c010c, 0x3948100d, 0x0c2a010c, 0x0c060301, 0x080c0801, 
    0x41024109, 0x24134101, 0x03940103, 0x82037201, 0x03630203, 0x03400201, 0x32020350, 0x03230103, 0x01031401, 0x03010305, 0x3f004200, 0x00835d32, 
    0x5d5d5f3f, 0x3f32715d, 0x33333f3f, 0x5d5f5d5e, 0x715d2b5d, 0x10013f3f, 0x715dedf6, 0xed5df610, 0x0c656e87, 0x31c4c422, 0x2305b451, 0x335d5d5d, 
    0x0806bc42, 0x11231129, 0x5607050e, 0x695d205f, 0x5f4d2f6b, 0x4746421c, 0x02163942, 0x35fffdb5, 0x32858d88, 0x1d024bfd, 0x665f5420, 0x45255c63, 
    0x842208e3, 0xe3452602, 0x9d032305, 0xb345ad00, 0x17002806, 0x5009001f, 0x75140101, 0x2b0808a3, 0x02000056, 0x02b5026f, 0x002e0016, 0x00010000, 
    0x02f6ff0d, 0x00b5026d, 0x404f0015, 0x01082832, 0x00007311, 0x00020010, 0x73140b00, 0x08054a68, 0x0a17aa23, 0x0b1f0b0f, 0x160b0802, 0x79154213, 
    0x0b854111, 0x46020b95, 0x790b010b, 0x3f00460a, 0x3f5d5ded, 0x23db82ed, 0x325d5ec6, 0x1224db83, 0xed5d2f39, 0x0122d083, 0xcd48030e, 0x26d1820b, 
    0x04024301, 0x480e1008, 0x61270cb5, 0x69386202, 0x482d5e63, 0x5422089c, 0xdd8290ed, 0x82006221, 0x004324d7, 0x84250300, 0x453020ab, 0x6b200807, 
    0x2b200f84, 0x3a260f84, 0xd002f1ff, 0xcb82c502, 0x13423220, 0x82652008, 0x000724cb, 0x6818402a, 0x08300615, 0x0509a800, 0x08a80773, 0x42014205, 
    0x41007904, 0x8a41b182, 0xf6102205, 0x20a8835e, 0x20988201, 0x27038221, 0xfe616502, 0xb50261b3, 0xfd237c83, 0x41b5029e, 0x3d220657, 0x5f82bc02, 
    0x6f883320, 0x6f845320, 0x0f842620, 0x00001023, 0x209f8502, 0x247f8437, 0x02f7ff14, 0x087f8243, 0xd3002466, 0x02968040, 0x1c1b1a01, 0x191c1c19, 
    0x1f131f1e, 0x1318191c, 0x7319131c, 0x14141318, 0x13181715, 0x01135818, 0x731f1f13, 0x00140120, 0x01202124, 0x920101a0, 0x01630101, 0x01830173, 
    0x44013403, 0x03015401, 0x16010127, 0x01070101, 0x20180101, 0x01269026, 0x2001266f, 0x02265026, 0x261f260f, 0x0a0a0b02, 0x35055454, 0x41202518, 
    0x01880158, 0x1f050102, 0x18411941, 0x0e0b1341, 0x9c4d0a7c, 0x3f2e2606, 0x39123f3f, 0x069e415d, 0x5d332f22, 0x10200082, 0x8206985a, 0x5c7d200a, 
    0x7d240714, 0x5d01c410, 0x5c08225c, 0x1e82083f, 0x82d40821, 0x31c42b04, 0x255d0130, 0x2223030e, 0x835a022e, 0x3e640805, 0x032e3702, 0x011e3327, 
    0x37013e17, 0x01030e33, 0x3b2b148a, 0x1a0c3d53, 0x11041218, 0x1e14250d, 0x0d1c242d, 0x36424e2c, 0x67216e15, 0x2049283f, 0x2e2e1769, 0x512ed42e, 
    0x0503223c, 0x05520306, 0x271b0f0a, 0x848d4718, 0xd6573277, 0x6cdb5b75, 0x6f757f48, 0x00ffff00, 0x03000038, 0x02e20228, 0x00b20316, 0x172d0f83, 
    0x63020000, 0x1602b502, 0x00003b00, 0x05734800, 0x7348bc20, 0x011a3f06, 0x0b030373, 0x0d090973, 0x0573070c, 0x410a0ca8, 0x08014106, 0x02420479, 
    0x3f3f0043, 0xe74132ed, 0x05165d05, 0x31ed2f2c, 0x11332530, 0x11213523, 0x03821133, 0x5765022d, 0x61f6fd5c, 0x53614d01, 0x48b9f4fe, 0x5f83057a, 
    0x6f823a20, 0x5f822120, 0x00192408, 0x0c2c404c, 0x0f0e0a73, 0x1773190e, 0x0f010e1f, 0x170e0117, 0x1a1b170e, 0x797c050f, 0x02128912, 0x83181208, 
    0x0d122704, 0x420d4118, 0x7182410b, 0x39123f29, 0x5d5d5e2f, 0x820133ed, 0x2f392573, 0x105d5d2f, 0x21056560, 0x60603031, 0x023e2205, 0x087d8237, 
    0x0e112335, 0x2e222301, 0x33013d02, 0x3f250f9a, 0x24271330, 0x6161091c, 0x4c2d4f13, 0x60143760, 0x3f2aed01, 0x04031429, 0x5f010206, 0x02014bfd, 
    0x41230a05, 0x83c8395d, 0x000023fb, 0xfb848103, 0x409f3d08, 0x08730a77, 0x060c0d08, 0x0d040473, 0x0073020c, 0x6f0c0d00, 0x0daf010d, 0x0d7f0201, 
    0x7f0d0f01, 0x030dcf0d, 0x0dbf0d0f, 0x0d001302, 0x0d500d30, 0x0d900d70, 0x0dc00db0, 0x39080de0, 0x80220f83, 0x0d84a00d, 0x0d000623, 0x83208210, 
    0x0dc0241e, 0x85070df0, 0x0d50240e, 0x82800d60, 0x2d2f8331, 0x07790309, 0x41010b79, 0x41094105, 0xe683420b, 0xed103f2a, 0x715d01ed, 0x5e5d5e72, 
    0x5f220582, 0xaa18715d, 0x098409e8, 0x2009dd49, 0x23ee8221, 0x04016156, 0x63410283, 0x9efd2605, 0x4bfd6202, 0x26008200, 0xff560001, 0x82d80347, 
    0x000f28cf, 0x0c39405d, 0x820e0e73, 0x82d082d3, 0x04083dcd, 0x08040000, 0xbf101103, 0x11700111, 0x5f021190, 0x11200111, 0x0f021140, 0x0b080111, 
    0x0f249083, 0x09430d42, 0x01219382, 0x26918441, 0x32eded3f, 0x835d5e01, 0xb3501800, 0xed102408, 0x4a32ed10, 0x8d830b6b, 0x23113323, 0x21918735, 
    0x938a5c57, 0xf4fe9e2b, 0x000200b9, 0x02f9ff10, 0x089384b1, 0x4d002035, 0x76002d40, 0x180a0b10, 0x10590673, 0x1f021069, 0x080f0106, 0x0802081f, 
    0x08080610, 0x22031006, 0x7c0e0b21, 0x07031515, 0x1c410979, 0x0046037c, 0x683fed3f, 0x012005fb, 0x91838486, 0x322b8482, 0x3031ed10, 0x23061425, 
    0x82272622, 0x1521267f, 0x2033013e, 0x0ed14d07, 0xa2b12808, 0x2a642a93, 0x141501b4, 0x3b011429, 0x4f392066, 0x14271330, 0x27202d12, 0xd9213748, 
    0x0a077070, 0xfc535802, 0x4de30102, 0x03260eb0, 0xf9ff5600, 0xb3820203, 0x00103408, 0x00240020, 0x222d404f, 0x11562473, 0x00761101, 0x731b081c, 
    0x01004919, 0x19190024, 0x26032400, 0x01260025, 0x057c1f1c, 0x42232105, 0x411a4121, 0x4d167c0c, 0x01210baf, 0x09984e5d, 0xb4823220, 0xb7845d20, 
    0x1627a787, 0x3e323332, 0x4d143702, 0x332006b5, 0x3725c584, 0x01231133, 0x068f4dd2, 0x17222227, 0x20354625, 0x06b14d66, 0x29126129, 0x69340112, 
    0x86d96161, 0x0c0324b2, 0x4d2a3520, 0x022105ac, 0x25ca82ab, 0x004bfdf9, 0xdb4b0200, 0x00240807, 0x001e000d, 0x0020403c, 0x09160e76, 0x56067308, 
    0x0e49010e, 0x0e060e01, 0x091f2006, 0x13137c0c, 0x1a410703, 0x48066641, 0x664305b6, 0x05574e09, 0x85076241, 0x0f60419a, 0x93a24326, 0x612a642a, 
    0x83195e41, 0x0d5d4192, 0x00013208, 0x02f1ff19, 0x00c50232, 0x40f50028, 0x01267624, 0x67012057, 0x03790111, 0x0a141401, 0x16011629, 0x0113a976, 
    0x13981368, 0x29131902, 0x76130213, 0x06785100, 0x40270783, 0x4d001017, 0x820e0800, 0xa9240804, 0x0b1f1e2a, 0x0a1f0a0f, 0x290a0802, 0xf0ffb81e, 
    0x0e0d1340, 0x1b1e4c00, 0x7915247c, 0x149f148f, 0x05141402, 0x200bfc49, 0x211e83b5, 0x4d86241f, 0x40250783, 0x4d000f0d, 0xd79b1824, 0x0011230c, 
    0x21820e4d, 0x82214021, 0x7c0e2362, 0x6e82080a, 0x82100a21, 0x180a250b, 0x0a4d000d, 0x210a7252, 0xd7510046, 0x322b2108, 0x2e06e351, 0x5d2f3912, 
    0x32ed10ed, 0xd610012b, 0x49325d5e, 0x2b2605fd, 0x5d5d5ded, 0x1b825ded, 0x93483120, 0x68012005, 0x3e270c1f, 0x35213702, 0x58032e21, 0x1e3e0898, 
    0x2f320202, 0x2a497756, 0x07243748, 0x42571619, 0x213b5336, 0x01cefe04, 0x3a210530, 0x9b183552, 0x232819f5, 0x52375940, 0x213c5434, 0x0bf69b18, 
    0x00020032, 0x03f2ff56, 0x00c402cc, 0x002e001a, 0x200d40be, 0x2027ce83, 0x4d000a10, 0x83057620, 0x120c26ea, 0x40054d00, 0x31048209, 0xb83030a9, 
    0x0940c0ff, 0x1f48120f, 0x02302f30, 0x7e67b82a, 0x21078305, 0x31821c40, 0x16762a24, 0x2e82080f, 0x14100f30, 0x2faa1273, 0x0f0f7915, 0x11411311, 
    0x28861b42, 0x40280783, 0x000a0920, 0x0a7c1b4c, 0x0a272883, 0x4d000f10, 0x8325460a, 0x10252173, 0x25211883, 0x0acf417c, 0x82b4f021, 0x4500281e, 
    0x2b2b3f00, 0x862b2bed, 0x123f2c05, 0x01ed2f39, 0x32fdf610, 0x82322bdc, 0x2b5d2316, 0x1f84f610, 0x01303125, 0x51021e32, 0x2e2b05be, 0x11232702, 
    0x11331123, 0x50033e33, 0x0e2009e3, 0x1e391d82, 0x408f0202, 0x32335773, 0x3f417357, 0x04355570, 0x9e61619b, 0x6b543808, 0x4a81183b, 0x31811810, 
    0x542b3207, 0xbffe537d, 0xdffeb502, 0x274c724b, 0x482783fd, 0x3f811866, 0x24360812, 0x25020000, 0x0e00bc02, 0x85002f00, 0x1ea73340, 0x16090301, 
    0x1b140b73, 0xa8140214, 0x0131a431, 0x7876051b, 0x2b260126, 0x4d000d30, 0x120f402b, 0x012b6c48, 0xd6822f02, 0x032b4f38, 0x73202b2b, 0xc0ffb821, 
    0x120d2140, 0x1f210f48, 0x21080221, 0x2d824830, 0x79081b3e, 0x200f1717, 0x0c421542, 0x007c0a7c, 0x00450f7c, 0xededed3f, 0x39123f3f, 0x3333ed2f, 
    0x3805b661, 0x2f33ed2b, 0x2b5d5f5d, 0xed5d332b, 0xf6105d32, 0x31c0fd5d, 0x015d5f30, 0x33f08322, 0x11013b16, 0x012e2722, 0x021e3227, 0x11231117, 
    0x27262223, 0x08059c4d, 0x032e376c, 0x023e3435, 0x45266301, 0x5f5f2036, 0x0d0f0b64, 0x30150f23, 0x61143031, 0x1a1f0e53, 0x292a2a12, 0x2c106611, 
    0x17102b2f, 0x2a1b2a32, 0x6702704f, 0x27341e0c, 0x0501394a, 0x55010101, 0x05060402, 0x0f0155fd, 0x40180301, 0x27254e48, 0x15414c54, 0x452e1a07, 
    0x37523630, 0x0000001c, 0x2b00ffff, 0xc001f5ff, 0x16021502, 0x10824400, 0x00026308, 0x02f3ff3e, 0x0008031f, 0x00370022, 0x56574084, 0x25970126, 
    0x01136601, 0x1a010506, 0xa8101b1b, 0x2d59012d, 0x2d022d69, 0x39ab0682, 0x23a70035, 0x01236601, 0x10678223, 0x0f0210a7, 0x02101f10, 0xa838ab10, 
    0x881b011b, 0x09011a67, 0x021a191a, 0x574f1a08, 0x28460128, 0x0b882801, 0x32493551, 0x7a7f3201, 0x5ded2b0a, 0x5d5e3f5d, 0x015ded5d, 0x0683f610, 
    0x32325d24, 0x1482f610, 0x2f39122a, 0x00303133, 0x5d015d5d, 0x2005697f, 0x07334216, 0x3e34352e, 0x033e3702, 0x030e1737, 0x03010e07, 0x080c8469, 
    0x06070697, 0x531fa414, 0x1c737026, 0x473e5a3b, 0x1916375e, 0x1b5c7542, 0x0e1a1f29, 0x1b0f070a, 0x6a63242d, 0x38210d12, 0x2236262c, 0x39220d10, 
    0x154d2a2b, 0x19cc0101, 0x347a891b, 0x342c4a60, 0x5743785a, 0x0d4b7296, 0x05040504, 0x02025403, 0x0b040604, 0x2ff8fe62, 0x1d254054, 0x22264332, 
    0x241e3240, 0x00280b1a, 0xff500003, 0x02fc01f7, 0x00100015, 0x0036001f, 0x053c4062, 0x26080134, 0x162f012a, 0x372c2782, 0x0a2c022c, 0x01329982, 
    0x32883278, 0x01321602, 0x08f3820d, 0x1038a920, 0xaa237f1e, 0x881b1e37, 0x871f2f27, 0x24200f0f, 0x05005027, 0x51202388, 0xed333f00, 0x0c553f32, 
    0x10012708, 0x1032edf6, 0x00825df6, 0x5dd4ed2c, 0x303133ed, 0x375d5e5d, 0x6c4e031e, 0x022e2505, 0x3237012b, 0x25091054, 0x26221315, 0x40181127, 
    0x68080783, 0x011e0706, 0x020e1415, 0x1c1606ab, 0x351d0e1f, 0x24151727, 0x636f1c31, 0x13212d1b, 0x19312718, 0x61102f17, 0x1d1d643b, 0x4e293b64, 
    0x2026253c, 0x4125332b, 0x02014658, 0x14080101, 0x21191a21, 0x07450814, 0x18171e12, 0x02050f1c, 0xc4fe9301, 0xfa01070b, 0x210e0b07, 0x36262a39, 
    0x353b0f0f, 0x0f263e2f, 0x00010000, 0x35048250, 0x00080292, 0x401b0005, 0x0107050d, 0x06aa037f, 0x49048700, 0x57524a02, 0x11232e0c, 0x01211123, 
    0x015de592, 0xfeba0142, 0x26308246, 0x10000200, 0x83026fff, 0x0f43080a, 0x58001700, 0x7f093440, 0x7f070b0b, 0x47170710, 0x03175717, 0x067f1217, 
    0x7f0d0601, 0x010f0f0f, 0x0f0f0610, 0x19031006, 0x01190f18, 0x00084c0e, 0x4a0c8717, 0x87114c0a, 0x3f004906, 0xed3f3fed, 0x473f3232, 0x5f520b9a, 
    0x32520807, 0x3031ed2f, 0x033e3337, 0x33112137, 0x21352315, 0x11252315, 0x07030e23, 0x27213810, 0x01010614, 0xfe584655, 0x9301587a, 0x120801a3, 
    0x304c1921, 0x42776d66, 0x91dd44fe, 0x6e01dd91, 0x595d5f2f, 0x0000002a, 0x3300ffff, 0xf901f4ff, 0x16021502, 0x10824800, 0x82000121, 0xed0221f8, 
    0x9a08c282, 0x4009012d, 0x24242796, 0x141e237f, 0x23af1e23, 0x77236701, 0x19230223, 0x7f2d2d2a, 0x00140500, 0x10100500, 0x2a292a0b, 0x0ba92911, 
    0x010b9801, 0x7f10100b, 0x05140a05, 0x3405100a, 0x05a00105, 0x01059401, 0x11292905, 0x18a61896, 0x13131802, 0x14191e7f, 0x3b191e1e, 0x1eaf011e, 
    0x011e9b01, 0x0068281e, 0x00020078, 0x2827130a, 0x28122713, 0x12120a2f, 0x0f117f28, 0x02191f19, 0x2d2e1908, 0x1e492949, 0x28110505, 0x23492449, 
    0x184a1949, 0x114a124a, 0x0a4a0b4a, 0x5249004a, 0x3f22095a, 0x5b523912, 0x01210805, 0x5d5ed610, 0x2f32edd4, 0x1100c6d4, 0x10393912, 0xc405037d, 
    0xc61018c4, 0x5d33115d, 0x0487715d, 0x055d5210, 0x18210e82, 0x6611832f, 0x31830b4f, 0x2f821020, 0x87c40824, 0x5e521805, 0x10182706, 0x875d5dd6, 
    0x5f52042b, 0x094e5205, 0x35231522, 0x0808b144, 0x1e332735, 0x33351701, 0x37013e15, 0x3214d102, 0x1e193736, 0x15383d40, 0x3b371568, 0x1959193b, 
    0x15373b3b, 0x3d371567, 0x37191e40, 0x67153236, 0x593f5e24, 0x82245e3f, 0x3b5508dd, 0x1d1c3e3f, 0x244d4944, 0x3b444921, 0x13fcfc13, 0x2149443b, 
    0x44494c24, 0x3f3e1c1d, 0x6e2d1a3b, 0x48e3e348, 0x00002d6e, 0x2c000100, 0xb801f4ff, 0x36001502, 0x00b98e00, 0x40e0ff0e, 0x4d000b11, 0x0e150e05, 
    0x15030e25, 0x0a15010b, 0xffb80301, 0x010bb3e0, 0x2107834d, 0x1d823c40, 0x03263b08, 0x01031501, 0x37382020, 0x470a8227, 0x1a050105, 0x010da982, 
    0x3138ab0d, 0x130f1432, 0x0802131f, 0x210a3713, 0x011fa088, 0x14001f1f, 0x10138817, 0x882c3151, 0x00500032, 0x8667323f, 0x525d2008, 0x5d300b19, 
    0x325dd4ed, 0x391211ed, 0x5d30312f, 0x5d2b2b5d, 0x13200482, 0x2306e146, 0x15011e07, 0x2905dd4a, 0x33011e37, 0x34353632, 0x5218022e, 0x680808ba, 
    0x2223022e, 0x2707020e, 0x2dd4033e, 0x1020384e, 0x2e0d1d18, 0x3f677835, 0x1010135b, 0x423f3a53, 0x132c2619, 0x27125457, 0x20131621, 0x2a12172b, 
    0x11072028, 0x302b2208, 0x24121502, 0x26172436, 0x0e04151e, 0x484a3647, 0x064f0914, 0x1c272715, 0x4a061223, 0x181d1005, 0x09121b13, 0x040a0906, 
    0x080a0350, 0x00000006, 0x08bc8201, 0x0502005f, 0x11000802, 0x38408100, 0x11aa119a, 0x89117902, 0x11110211, 0x0f7f0203, 0x02011f01, 0x13aa0108, 
    0x0c011390, 0x7f0b0808, 0x9f12aa0a, 0x038b0103, 0x6a035a01, 0x11030203, 0x0a490b49, 0x0c4a0949, 0x40b8ffb8, 0x8049121b, 0x0c61010c, 0x52020c71, 
    0x0c34010c, 0x0c020c44, 0x4a024a08, 0x07794201, 0xfd823320, 0x3f2b5d22, 0x09830082, 0xf6100134, 0x322f32ed, 0x5ef6105d, 0x3232ed5d, 0x315d5d2f, 
    0x74540130, 0x05cf5106, 0x05022408, 0x48481e5a, 0x5a531842, 0x4747421a, 0xfd08021f, 0x268c01f8, 0x296a6d66, 0x8afe0802, 0x5d65672b, 0x86ffff22, 
    0x02e824bf, 0x82f80236, 0x030623cf, 0x06826b9d, 0x0b261786, 0x16020802, 0xb3511501, 0x82062008, 0x00173ce7, 0x3827404e, 0x02084808, 0x13208200, 
    0x0b131301, 0x140f7f16, 0x1402141f, 0x510a19aa, 0x183606b3, 0x87174a15, 0xb80b4913, 0x0fb6f0ff, 0x870b4812, 0x3f00510a, 0xb2512bed, 0x0e142216, 
    0x08b35102, 0x21350322, 0x2a08c382, 0x08030501, 0x210b0b0e, 0x0d2b4030, 0x0f113931, 0x0101060e, 0xba015d5a, 0x494b4b21, 0x2b382020, 0x0a4e041d, 
    0x56222736, 0x822a5e5d, 0x84ba20d3, 0x0043249f, 0x82980200, 0x2462089f, 0x4b40a100, 0x11391129, 0x1b031149, 0x10110111, 0x1a1b1a0b, 0x1a031a2b, 
    0x007f171a, 0x02261026, 0x1f201626, 0x260a040d, 0x46093609, 0x09140309, 0x00040901, 0x00240014, 0x00000803, 0x25047f03, 0x4a164a17, 0x49104911, 
    0x4000301a, 0xb8000200, 0x1c40c0ff, 0x00482b26, 0x3f490a7c, 0x020d4f0d, 0x0d82400d, 0x207c0d2a, 0x49090320, 0x4a034a04, 0x2206834f, 0x82712bed, 
    0x327122e2, 0x3400823f, 0xedde1001, 0x5e2f1932, 0x5d5d335d, 0x32dc1033, 0xce18dc32, 0x2111835d, 0x1182335d, 0x1330312a, 0x2307010e, 0x3337033e, 
    0x0806ca50, 0x17031e53, 0x27012e23, 0x2307030e, 0x0ab3032e, 0x0259030a, 0x070c0a08, 0x38562055, 0x56205638, 0x080a0c07, 0x0a035c02, 0x292a100a, 
    0x0b4e0a24, 0x012a2925, 0x57c5637f, 0x8387853d, 0x76b5343c, 0x3c34b576, 0x3d858783, 0x1f63c557, 0x18525a57, 0x575b5219, 0x069b4200, 0x02fa012c, 
    0x000b0008, 0x0922403b, 0x9e417f01, 0x0daa3206, 0x03010d90, 0xaa057f07, 0x0287080c, 0x490a0402, 0x20c98206, 0x20c98400, 0x065a4a3f, 0x5942ed20, 
    0x30313207, 0x23352321, 0x33112315, 0x33353315, 0xf05dfa01, 0x2502825d, 0x0802e6e6, 0x4a18d4d4, 0x02250893, 0x00160215, 0x20738852, 0x247382f2, 
    0x402a0007, 0x28728218, 0x02071f07, 0x09aa0708, 0x226e8203, 0x89870208, 0x051f5969, 0x22050f53, 0x46112321, 0xf22505cc, 0x015de85d, 0x07cd46a2, 
    0x50265f83, 0x1a0247ff, 0x5f821302, 0x37465320, 0x84bd2008, 0x8446206f, 0x8210206f, 0x84bf20e8, 0x2e2f086f, 0x10091a40, 0x03010101, 0x0104107f, 
    0x1f060f04, 0x06080206, 0x014a0308, 0x49008706, 0xc0fd3f00, 0xd610013f, 0x5dd65d5e, 0xc65dd6fd, 0x82013031, 0x2d7482d3, 0xa9bf0135, 0x0802a95d, 
    0x0146fe4e, 0x52824eba, 0x00ffff29, 0x0144ff02, 0x820802df, 0x825c2073, 0x00032210, 0x08838232, 0x0803cc80, 0x15000a00, 0x9c002f00, 0xab312f40, 
    0x10a81098, 0x10821002, 0x252a012a, 0x162f0b15, 0x06227f24, 0x10171805, 0x97230123, 0x0200a700, 0x1d0f8200, 0x08021d1f, 0x0b30ab1d, 0xf8ffb805, 
    0x00113340, 0x0105974d, 0x05360526, 0x18870502, 0x2f972f87, 0x012f7602, 0x29154a2f, 0x99063906, 0x87060306, 0x89257922, 0x03259925, 0x24234925, 
    0x164b174f, 0x3f3f004b, 0x5d3f333f, 0x325ded33, 0x06835d3f, 0x322b5d2e, 0x5ef61001, 0xdc5ded5d, 0xc47dc05d, 0x18210082, 0x200786fd, 0x201482dc, 
    0x05f351e6, 0x0e11172f, 0x033e0503, 0x022e3435, 0x35231127, 0x3709822e, 0x3537023e, 0x031e1537, 0x020e1415, 0x341d9107, 0x47292947, 0x1b011d34, 
    0x0d830583, 0x683b5a2b, 0x4f2e2e4f, 0x3a5a3b68, 0x08088369, 0x013a6929, 0x2f442c04, 0x72010119, 0x442f1a01, 0x2f1901e4, 0x442b2c44, 0xfd011a2f, 
    0x2401b68a, 0x3e3e6143, 0x01244361, 0x89fd10ed, 0x053b410c, 0x0000102a, 0x0802ed01, 0x5b001602, 0x28081082, 0xff500001, 0x0235026f, 0x000b0008, 
    0x011a4031, 0x0b03037f, 0x0d09097f, 0x057f070c, 0x490a0caa, 0x08004906, 0x024a0487, 0x163b534c, 0x3b531520, 0x11333405, 0x46ef0133, 0x5d73fe58, 
    0xde4d5de5, 0xfe080291, 0x82bb0145, 0x0100275e, 0x00002e00, 0x5f82c501, 0x00173708, 0x29334054, 0x141a0114, 0x01140b01, 0x0c011498, 0x0f7f0b07, 
    0x02091f09, 0x19aa0908, 0x0001191f, 0x18aa167f, 0x0c880407, 0x11991189, 0x0a111102, 0x4a0a4917, 0xbe434908, 0x335d3006, 0x100132ed, 0x105dedf6, 
    0xfd5d5ef6, 0x6d3133c0, 0x132c06eb, 0x33161415, 0x35373632, 0x35231133, 0x08058c54, 0x8b013d26, 0x3326343c, 0x085d5d14, 0x1124211a, 0x1d33472b, 
    0x3b990802, 0xf605082f, 0x02caf8fd, 0x12040506, 0x9a34452a, 0x20061b46, 0x3dfb84e7, 0x0a7340b5, 0x0d08087f, 0x047f060c, 0x020c0d04, 0x0d00007f, 
    0x4f0d3f0c, 0x0d0f020d, 0x04831301, 0x0def482f, 0x1f0d0f01, 0xcf0dbf0d, 0x0d0f040d, 0x2f0882af, 0x0d000a03, 0x0d300d20, 0x0d600d40, 0x3a060dd0, 
    0x54530d83, 0x0da02205, 0x221182b0, 0x830d1008, 0x0555530e, 0x0d000623, 0x21298410, 0x10830d70, 0x820df021, 0xffb8336d, 0x421040c0, 0x87034845, 
    0x010b8707, 0x09490549, 0xe5430b49, 0xed102505, 0x5e2b01ed, 0x25084e53, 0x5e5f5d5e, 0x5153725d, 0x11332114, 0x50220185, 0x0182c05d, 0x25057941, 
    0xbb0145fe, 0x7f41f8fd, 0xff502405, 0x822d036f, 0x000f28e3, 0x0c3b405f, 0x820e0e7f, 0x82e482e7, 0x084f53e1, 0x0111bb36, 0x020111af, 0x11601130, 
    0x11901170, 0x01111f04, 0x0b011100, 0x0f249583, 0x094c0d4a, 0x01219882, 0x09515349, 0x5d5d5d24, 0x14525d5f, 0xed102107, 0x850c5153, 0x2205828b, 
    0x85352315, 0x58462191, 0xfe2c9389, 0x0091de45, 0x10000200, 0x3802f5ff, 0x2b089382, 0x00270016, 0x073e4062, 0x1a89010c, 0xa7821a01, 0x0e06010e, 
    0x0e260e16, 0x0e040e96, 0x030429ab, 0x00407f22, 0x20161016, 0x80160316, 0x3006ab47, 0x88090428, 0x021f1f22, 0x16881723, 0x87005113, 0x21988202, 
    0x21703fed, 0x2b058205, 0x5ed61001, 0x5dde1a5d, 0x3232ed1a, 0x2605524d, 0x135d3031, 0x64333523, 0x1521064a, 0x05a85214, 0x8f483720, 0x234b0805, 
    0x15070622, 0x8696031e, 0x1f1b08e3, 0x4c2b0f22, 0x3c202239, 0x60323353, 0x443bc52e, 0x1a2e2314, 0x0614391b, 0x011f1d18, 0x02c74eba, 0x13020404, 
    0x2f2d4129, 0x0b132a42, 0x332e360b, 0x0b172419, 0x01b30503, 0x00010102, 0x82500003, 0x82a620d3, 0x001022d3, 0x08d58223, 0x49406f43, 0x88011907, 
    0x7f0c010c, 0x1b161b06, 0x1ba61b96, 0x231b1b04, 0x270f7f25, 0x0802271f, 0x0029aa27, 0x03130129, 0xaa237f12, 0x88161328, 0x1f000f03, 0x5f004f00, 
    0x9f008f00, 0x00000600, 0x24492624, 0x23e9824a, 0x11512023, 0xdf83e082, 0x123f3f24, 0x05432f39, 0x45322007, 0x128306fd, 0x825ded21, 0x850120e2, 
    0x066649c8, 0xee820320, 0x50330121, 0x2a080869, 0x23052726, 0x0f013311, 0x0614331b, 0x0b1c1b17, 0x2315423d, 0x115dd72c, 0x4a291e41, 0x3a202138, 
    0x602f3152, 0x5d56022d, 0x8601015d, 0x24dc85cf, 0x04c70701, 0x20f28908, 0x20dd820b, 0x21e78302, 0xe784f201, 0x5000253a, 0x1c063040, 0x01038901, 
    0x1e968203, 0x1f021ea6, 0x1e06011e, 0xa91e0801, 0x0135e482, 0x7f130b14, 0x1426aa11, 0x080b8819, 0x000c1208, 0x51231188, 0x75cc8612, 0xed2008ae, 
    0x5d21c986, 0x20c6845d, 0x0c964125, 0x41110721, 0x01210eb6, 0x0c954115, 0x415db721, 0x41200eb5, 0x220c9441, 0x41fd0136, 0x26080db4, 0x01000000, 
    0xf4ff2200, 0x1502bf01, 0x60002400, 0x12123a40, 0x01145908, 0x11398214, 0x11591149, 0x69821103, 0x821f0100, 0x26a92724, 0x1a012650, 0xd955091b, 
    0x25083205, 0x2088171a, 0x12128713, 0x50201b05, 0x08880e09, 0x0bb54e05, 0x2208e673, 0x425d32c6, 0x2b530573, 0x05265306, 0x37272622, 0x2205f764, 
    0x6b333523, 0x41080abd, 0xbf01021e, 0x4060401f, 0x0d105638, 0x28251e09, 0x06515114, 0x4d09d2d4, 0x113e294b, 0x27210a14, 0x5f3f142a, 0x06012140, 
    0x2949643c, 0x054f0912, 0x55040708, 0x4f434b4b, 0x054b080d, 0x2a05080a, 0xce82624a, 0x00020027, 0x02f3ff50, 0x08cf82f8, 0x26001a4f, 0x27407800, 
    0x1b691b59, 0x1ba91b99, 0x0b821b04, 0x289028ab, 0xa70228a0, 0x21660121, 0x57022196, 0x82210121, 0x01010a40, 0xb8150108, 0x2640c0ff, 0x15480b08, 
    0x7f1a1680, 0x0027aa18, 0x17151585, 0x4a174919, 0x24562446, 0x10882402, 0x05d36351, 0x50068826, 0x5ded3f00, 0x79480283, 0x32fd2a07, 0x322bdc1a, 
    0xed1a5d5e, 0x2700825d, 0x5dedf610, 0x33133031, 0x7c07ff5d, 0x232a0638, 0x33112315, 0x23263401, 0xa0450622, 0x72ad2605, 0x503e2906, 0xd392182e, 
    0x53302d07, 0x7104273e, 0xeb015d5d, 0x4d41414d, 0x013a0383, 0x3c543431, 0x65482720, 0x48643e3d, 0x5a3f2327, 0x0802e637, 0x6758fcfe, 0x03825867, 
    0x1f24eb85, 0xd4010000, 0x5508eb82, 0x0027001c, 0x094c4075, 0x29131913, 0x0e090313, 0x1b020e19, 0x1a0f7f1d, 0x1a021a1f, 0x060329aa, 0x010cac82, 
    0x0c010c9a, 0x07a50795, 0x23870702, 0x9a822301, 0x0211aa11, 0x87262811, 0x1c00030c, 0x1c1c0801, 0x1a4a1b16, 0x87201d4a, 0x07501619, 0x004a064a, 
    0x65433f3f, 0x5d5e3308, 0x01ed3333, 0xed5dd610, 0x325dd65d, 0x32ed5d5d, 0x0482f610, 0x5d303127, 0x2622255d, 0x061c4a27, 0x2905b647, 0x17163233, 
    0x013d2311, 0xea85012e, 0x013b4308, 0x1c0f2701, 0x173b200d, 0x21200c5e, 0x241c0f22, 0x3a210916, 0x5c422f4f, 0x330b5c1f, 0x48463921, 0x01ca5d39, 
    0x2f6d3001, 0x343a3d1d, 0x241d0a15, 0x422c1529, 0x080c162b, 0xf9cafffd, 0x332f0402, 0x47492632, 0x03f92608, 0x00360208, 0x23fc8248, 0x69430006, 
    0x200b974f, 0x211788de, 0x17826283, 0x01002408, 0x45ff0600, 0x0803f401, 0xa2002f00, 0x11060c40, 0x09201701, 0x170c480c, 0xffb81101, 0x0f4940f8, 
    0x824c0010, 0x163b0814, 0x1c1d0110, 0x0f407f23, 0x02131f13, 0x8f31aa13, 0x0231ff31, 0x0a01315f, 0x2e068009, 0x02c0057f, 0xaa000201, 0x1d4a2f30, 
    0x191c8520, 0x29682e52, 0x0e882901, 0xcf08bf03, 0x8208df08, 0x0b09228b, 0x204d830e, 0x084d830e, 0x100e0042, 0x0e08020e, 0x004e0650, 0x5d5e3f3f, 
    0x32de332b, 0x10325dcd, 0x3f325ded, 0x3f32ed33, 0xcef61001, 0x32fd335d, 0x5d33cc1a, 0x5df61071, 0x32ccfd1a, 0x5d003031, 0x2b5d2b5d, 0x11335d01, 
    0x35333523, 0x0d4df818, 0x4e079945, 0x1122052c, 0x224e2e34, 0x50112c05, 0xb15d4a4a, 0x1d3b1ab1, 0x1831523e, 0x08169eed, 0x45660225, 0x455d104d, 
    0x230b0a6b, 0xfe35583f, 0x2f462edf, 0x49030518, 0x2d310203, 0x44301e01, 0x0504132a, 0x4afe0206, 0x5024059f, 0x92010000, 0x3629cb82, 0x0000f302, 
    0x8f000600, 0x0806824a, 0x00010048, 0x01f4ff33, 0x001502d0, 0x405d0024, 0x00131314, 0x1d1c0a0b, 0x01265026, 0x11971157, 0x110311a7, 0xf0ffb814, 
    0x0e0b2040, 0x0f821448, 0x02001f00, 0x25ab0008, 0x2088171c, 0x13138511, 0x51201d05, 0x0a880e0b, 0xcc525005, 0xed10210a, 0x32060b4a, 0x5d5d322b, 
    0xc632d610, 0x2f391232, 0x34133031, 0x7a33023e, 0x33220a9a, 0xf1832315, 0x37023e23, 0x05015c17, 0x21334308, 0x133f5f40, 0x0a21272b, 0x2a3d1114, 
    0xd2094d4b, 0x515106d4, 0x1e252913, 0x55100d09, 0x405f4139, 0x3906011f, 0x052a4a62, 0x4b050a08, 0x434f0d08, 0x04554b4b, 0x4f050906, 0x49291209, 
    0xffff0064, 0xcb822800, 0x15029727, 0x56001602, 0x200f8300, 0x22e28242, 0x82e002ba, 0x834c200f, 0xe7ff2b0f, 0x19010000, 0x3602de02, 0x09820c01, 
    0x83000637, 0x170000c4, 0x01021040, 0x01180600, 0x02025000, 0x02014f10, 0x064e6c04, 0xffffff26, 0x0045ffbc, 0x4d203f85, 0x61084982, 0xff0d0002, 
    0x024103f5, 0x00100008, 0x40720037, 0x012b3846, 0x37012b29, 0x23227f04, 0x3612367f, 0x22362201, 0x820c2e36, 0x19161906, 0x19961986, 0x39ab1904, 
    0x012e0f2d, 0x0003382e, 0x14141188, 0x3787221e, 0x012e9549, 0x2e762e66, 0x2e032e86, 0x2d880904, 0x00511e21, 0xed33333f, 0x5d5d3232, 0x1e46ed3f, 
    0x5dc62207, 0x053d6032, 0x2f2f3927, 0x10ed105d, 0x054242ed, 0x200dec46, 0x07fd5327, 0x2105d947, 0xaf4e2311, 0x6702210e, 0x200cf746, 0x0bf6467a, 
    0xa42d5f22, 0x2011c94e, 0x0e064759, 0x04474020, 0xaf01210b, 0x0812e44e, 0x0200004f, 0xf5ff5000, 0x08023503, 0x2b001a00, 0x37405a00, 0x17010307, 
    0x8f167f1e, 0x0d0d010d, 0x06822712, 0x26051605, 0xa6059605, 0x05080505, 0x10132dab, 0x2caa127f, 0x1515870f, 0x0000881b, 0x1349170a, 0x244a1049, 
    0x00510a88, 0x3f3fed3f, 0x24ff823f, 0xed2f33ed, 0x050a5501, 0xed5d5e22, 0x2206fa47, 0x585d3031, 0x2621093f, 0x09f64d27, 0x013e1523, 0x0c014817, 
    0x47690221, 0x5f2908da, 0x5d5df02d, 0x41115cf0, 0x0c074110, 0x474d0121, 0xdd2909d9, 0xd20802e8, 0x0804c7d2, 0x0cff474c, 0xff00002f, 0x000600ff, 
    0x03f40100, 0x01160208, 0x200f8402, 0x20ec8250, 0x290f820b, 0x00150136, 0x00060000, 0x8f505b8f, 0x83052009, 0x05a75017, 0x78430022, 0x240bab4d, 
    0x003602e8, 0x05bf505c, 0x974a4620, 0xef012f08, 0x0b000802, 0x20403800, 0x03037f01, 0xff4e0906, 0x7f083409, 0x0b0caa06, 0x02490749, 0x87084a05, 
    0x3f004a00, 0x61cc3fed, 0x2e680aa1, 0x23212505, 0x23352315, 0x2805ff4a, 0x58a3ef01, 0x5de55da4, 0x097c4c91, 0x00027508, 0x02f3ff33, 0x00080319, 
    0x00380028, 0x268f40dd, 0x27070127, 0x01132a01, 0x0c01131b, 0x309a0113, 0x01145701, 0x34011445, 0x24250114, 0x22262223, 0x2eab2e9b, 0x012e6902, 
    0x2e010f57, 0x102c100f, 0x970126a6, 0x22260126, 0x2c262c10, 0x26227f10, 0x10262214, 0x0a2c2222, 0x29012969, 0x1f190f82, 0x03192f19, 0x3aab0019, 
    0x12687f1f, 0x31661201, 0x0f823101, 0x0805ce5b, 0x7639ab23, 0x96228622, 0x22370322, 0x22672247, 0x052c2203, 0x18871c19, 0x36464e15, 0x36963656, 
    0x05883603, 0x2ad48251, 0xed333f5d, 0x39391232, 0x4e015d5d, 0xd4280536, 0xf610ed5d, 0x5ded5dcc, 0x10231482, 0x670487c1, 0x0021080a, 0x058a615d, 
    0x08850782, 0x5b31c421, 0x5d20068b, 0x6a480083, 0x022e2e05, 0x023e3435, 0x35012e37, 0x32333634, 0x05514436, 0x1415062e, 0x1e17021e, 0x2e340703, 
    0x010e2702, 0x1b820d83, 0x19026108, 0x415c3b1c, 0x1e3c5b3d, 0x22392a17, 0x4e5d2d20, 0x051d4b41, 0x302d491f, 0x2015093a, 0x40542e18, 0x2e1f6025, 
    0x4c411735, 0x27382311, 0x01014b48, 0x2e4b6233, 0x335d4729, 0x35424f2d, 0x2b3b1413, 0x04014b45, 0x1801034f, 0x12150f23, 0x31190c13, 0x31405941, 
    0x0a1f3146, 0x224a731f, 0x681e3140, 0x0808375f, 0x1800e228, 0x72002900, 0x16014440, 0x10732416, 0x01181f14, 0x14181418, 0x1e59122b, 0x1e021e69, 
    0x01087776, 0x08010806, 0x5a642bab, 0x022a3d05, 0x01230079, 0x15232308, 0x0011110b, 0x17801379, 0x17021790, 0x19254415, 0x420b107c, 0x2f056045, 
    0xed325ddd, 0x12112f32, 0x5d5e2f39, 0xc61001ed, 0x5d067749, 0x103306fa, 0x1132edd0, 0x01303133, 0x32331523, 0x1415021e, 0x4f222306, 0x3325056a, 
    0x33153335, 0x063f5803, 0x11012b3a, 0x32161716, 0x56cdf201, 0x2a507349, 0x311592a0, 0xb4143031, 0x6bcd61b4, 0x0d3cbc18, 0x18904233, 0x6e3c5335, 
    0x0604026f, 0x50380205, 0xbcfd5050, 0x3ebc180c, 0x08eb840d, 0x3802f560, 0x1c000803, 0x85002d00, 0x07035540, 0x7f280807, 0x050f1a01, 0x052f051f, 
    0x051a0503, 0x20891c1a, 0x067f2001, 0x26121612, 0xa6129612, 0xab120512, 0x1f2f0f2f, 0x1c0f022f, 0x1c021c1f, 0x880d082e, 0x10250028, 0x03252025, 
    0x29042525, 0x171a881d, 0x85061b51, 0x0f000004, 0x04080104, 0x69470349, 0x2f332205, 0x098c5510, 0x32ed3322, 0xff83fe83, 0x125ded2b, 0x2f2f3939, 
    0xedc0105d, 0x26fe8432, 0x37353313, 0x71153311, 0xfa4c0745, 0x23112207, 0x0c654b01, 0x5d861024, 0x484bb1b1, 0x862e230e, 0x6a4b4b01, 0x0802270c, 
    0x00ff10f0, 0x044d7b4c, 0xb101230d, 0x724b85fe, 0x0300220c, 0x067f6500, 0x13009b08, 0x39002800, 0x8c40c800, 0x1a0135a8, 0x1f870135, 0x011f7601, 
    0x79011e16, 0x36670118, 0x01326701, 0x98176837, 0x17290217, 0x77761701, 0x020aa70a, 0x0a010a1f, 0x3b003ba9, 0x21673101, 0x26022197, 0x76210121, 
    0x00a80078, 0x01000f02, 0x3aa90008, 0x37792417, 0x0131972e, 0x75013186, 0x29310131, 0x01219679, 0x65012184, 0x02217521, 0x05141421, 0x34873457, 
    0x01341602, 0x0f687c34, 0x0f020f98, 0x881c5846, 0x1c19021c, 0x1c021c49, 0x9705677c, 0x45050205, 0xed5d3f00, 0x04845d5d, 0x2f391128, 0x5d5d5d33, 
    0x048232ed, 0x4732d521, 0x1d8306ab, 0x4b713221, 0x897605c4, 0x015d2105, 0x02821f82, 0x4107b647, 0x2e250545, 0x36322502, 0x06bb7d37, 0x2a057f46, 
    0x022e2217, 0x07062223, 0x8233011e, 0x010e211a, 0x08877618, 0x775a353e, 0x5b794443, 0x1ad60135, 0x2303112d, 0x3332513a, 0x03223b52, 0x242d3c14, 
    0x1939393c, 0x212b0483, 0x100e3c26, 0x745e5c74, 0x182e120e, 0x081073a2, 0x0e12544d, 0x23415d39, 0x3b604324, 0x1b171c14, 0x1b164c16, 0x62162517, 
    0x0c66776f, 0x0003000d, 0x02f3ff33, 0x0015021b, 0x00240013, 0x40730035, 0x0121a630, 0x16481638, 0x16a81678, 0x22592804, 0x22022269, 0x37ab0082, 
    0x661c562e, 0x441c021c, 0x362d08a0, 0x16134031, 0x14193148, 0x40c0ffb8, 0x340a821b, 0x05252514, 0x2b012b59, 0x46500f88, 0x861f561f, 0x041f961f, 
    0x07a6441f, 0x125ded29, 0x2bcd2f39, 0x442bcdd5, 0x322306a8, 0x41edf610, 0x14200721, 0x2005f44b, 0x06d94835, 0x09410720, 0x3227290e, 0x012e3736, 
    0x07062223, 0x29052941, 0x41241b02, 0x5a35355a, 0x07872441, 0x2617a534, 0x18152324, 0x4c090926, 0x074d3e3c, 0x1412210c, 0x0b820b1f, 0x084c3f25, 
    0x831b250d, 0x04012b1c, 0x2748643e, 0x3e644827, 0x0783653d, 0x0f726535, 0x0f190f13, 0x4b564f45, 0x11420c0a, 0x5650460c, 0x82120d4b, 0x007d0813, 
    0x00010000, 0x0200000a, 0x00bf02ff, 0x4094001a, 0x01192856, 0x15871517, 0x01123702, 0x1c010e68, 0x15171503, 0x09731712, 0x0b09140b, 0x12870917, 
    0x01127601, 0x15011247, 0x150c1112, 0x1173120c, 0x0c11140c, 0x03041112, 0x0901097f, 0x0c88730b, 0x110f0c01, 0x0802111f, 0x41111b11, 0x420b420c, 
    0x7c070409, 0x00450003, 0x32ed323f, 0x3f3f3f32, 0x5ed61001, 0xfd5dd55d, 0x32cc5dd6, 0xa94b1810, 0x5d5d210e, 0x18291184, 0x107d082b, 0x101801c4, 
    0x059d7ac6, 0x18320121, 0x08088f90, 0x2e230341, 0x16332703, 0x3e131712, 0x21910203, 0x102b1439, 0x201c0d20, 0x225bd213, 0x25464341, 0x3768366b, 
    0x24190ca7, 0x19bf0232, 0x0d0e4612, 0xedfd3026, 0xbba8994b, 0xdcfe9e6e, 0x20be0180, 0x83142634, 0x821020ef, 0x3a2208ef, 0x19001502, 0x52408b00, 
    0x03880328, 0x01027802, 0x1b010007, 0x0a181314, 0x0c050a0c, 0x1400187f, 0x06820018, 0x18013408, 0x04050a00, 0x05010a01, 0x1401047f, 0x00010404, 
    0xaf019f7f, 0x01000201, 0x01020110, 0x041f040f, 0x1a040802, 0x87161418, 0x05501013, 0x01490449, 0x514a004a, 0x332005fa, 0xec86ef82, 0x18ed5d21, 
    0x820a5044, 0x5dd621d7, 0xe586f884, 0x8532dc21, 0x232127e7, 0x33270226, 0xdb83031e, 0xf2833320, 0x23263408, 0x01070622, 0x69315425, 0x210c6427, 
    0x66112625, 0x2a1f1509, 0x1529141e, 0x1c211210, 0x016a0b1a, 0x6f31920c, 0x0128666d, 0x1f2b1b33, 0x48070810, 0x821d2009, 0x002a08da, 0x0243ff56, 
    0x008403df, 0x012d001f, 0x0fbf4021, 0x1378012f, 0x13981388, 0x012d0803, 0x20012c18, 0x1a99011b, 0x0119a801, 0xe96b1989, 0x2a2b3109, 0x01242423, 
    0x1e1c190a, 0x051f181f, 0x08030806, 0x62080782, 0x14080373, 0x18080303, 0x10a60a73, 0x0b111001, 0x0f161673, 0xa80a010a, 0x012f402f, 0x2f802f50, 
    0x03032f90, 0x2ea80173, 0x4217790a, 0x3b471011, 0x18af0118, 0x0d201801, 0x18394810, 0x01182a01, 0x01180603, 0x09081808, 0x242b2341, 0x2ad42ac4, 
    0x2a032ae4, 0x27bb27ab, 0x270327cb, 0x01410220, 0x6c241f41, 0xde28310f, 0x5dde5ddd, 0x3f32c532, 0x200a176c, 0x059e7033, 0x10715d2b, 0x2f325de4, 
    0x5d32ceed, 0x10206c10, 0x12110127, 0xcd2f1839, 0x07de7dde, 0x00835d20, 0x2e6c0120, 0x16332f0a, 0x2707020e, 0x2337033e, 0x07050e11, 0x65772213, 
    0x17372407, 0x6c56010e, 0x5c2c0645, 0x2d211201, 0x190a431a, 0x54061418, 0x2e06516c, 0x08503ec6, 0x21260847, 0x46082621, 0x6c024f08, 0x9e2b085f, 
    0x41484a23, 0x200a2a1a, 0x6c162c27, 0x9a08086a, 0x3940f802, 0x28282013, 0x40391320, 0x00020000, 0x025aff50, 0x00e8025e, 0x002b001d, 0x0f6640cb, 
    0x0a89012d, 0x0aa90a99, 0x21282903, 0x01162222, 0x1daa1d9a, 0x891d7902, 0x1d1d021d, 0x017f0e0f, 0x7f020807, 0x0101b00d, 0x0801010f, 0x502daa01, 
    0x022d902d, 0x17141418, 0x2caa167f, 0x8b010f9f, 0x0f5a010f, 0x0f020f6a, 0x2921491d, 0xd028c022, 0x0328e028, 0xbf25af28, 0x0325cf25, 0x49171e25, 
    0x4a154916, 0xb8ffb818, 0x49121e40, 0x61011880, 0x02187118, 0x34011852, 0x82184418, 0x014a3047, 0x084a0e97, 0x49004b07, 0x333f3f00, 0x5b3fed3f, 
    0x754108a4, 0x5d5d2209, 0x08ac5b5d, 0x5d5ef431, 0xceedd55d, 0x32ed1032, 0x5d5d2f32, 0x41391211, 0x22820560, 0x4e411120, 0x0703220b, 0x05c45b23, 
    0x55412720, 0x05022e0c, 0x1d0f0158, 0x06401727, 0x05131615, 0x0bde5b52, 0x54418820, 0xfe082d0d, 0x3f452345, 0x06281537, 0x1427221b, 0x200ff75b, 
    0x0d534154, 0xff134908, 0x025002f9, 0x001500b5, 0x40640028, 0x5916493c, 0x76160216, 0x07660706, 0x2aab0702, 0x15131301, 0x9f0d731e, 0x0211af11, 
    0x02290f11, 0x001e7905, 0x201b101b, 0x1b08031b, 0x0e0a121b, 0x1079000e, 0x1f441214, 0x0a0d7c24, 0x49073f49, 0x333c093e, 0x100132ed, 0xd05dddd6, 
    0x1133ccfd, 0x5df61033, 0x30315ded, 0x3e152301, 0x15203301, 0x2d089d68, 0x15333533, 0x2e341333, 0x012a2302, 0x52181107, 0x013207b7, 0x29148246, 
    0xa33b0114, 0x29652a92, 0x82615050, 0xc31820a4, 0x02300e14, 0x0102661f, 0x077070e3, 0x4915020a, 0x71fe4d4d, 0x2106f467, 0x59760101, 0x025d0805, 
    0xf5ff0e00, 0x2202f301, 0x2b001a00, 0x09406b00, 0x27010e17, 0x01109582, 0xf0ffb810, 0x0c093440, 0x2dab1048, 0x0105101f, 0x82070305, 0x90008002, 
    0x19000200, 0x88241f2c, 0x881b1e15, 0x8505000b, 0x2008061a, 0x020b300b, 0x18030b0b, 0x50035115, 0x3f005002, 0x12333f3f, 0x335d2f39, 0x22e582de, 
    0x8232ed10, 0x10012702, 0x335dcdde, 0x048232fd, 0x2bf61028, 0x3031ed5d, 0xd284135d, 0xe8841520, 0x220a2955, 0x4d052311, 0x0e350c48, 0x98985c4a, 
    0x291e4111, 0x2122394b, 0x2f31533b, 0x014a2d5f, 0x08494d08, 0x16452608, 0xdd012e23, 0x61414545, 0x27120604, 0x412f2d3f, 0x0b0b1328, 0x02a19101, 
    0x0201ae05, 0x332b0101, 0x0a162319, 0x20b58200, 0x08048256, 0xbc023d64, 0x24001200, 0x5c409800, 0x36012248, 0x021e461e, 0x0801060a, 0x081b1a09, 
    0x07061d1b, 0x071c071b, 0x141b0873, 0x301b0808, 0x081c0108, 0x47762015, 0x67035703, 0x26030303, 0x0f73150d, 0x1c1b25a8, 0x1d761d36, 0x1d031d96, 
    0x0979161a, 0x06960636, 0x070c0602, 0x08001c08, 0x000c0c0e, 0x1315420e, 0x9b46107c, 0x3f9b0806, 0x122f3912, 0x11391239, 0x5d331133, 0x3232ed33, 
    0x0133115d, 0x32edf610, 0xed5dd610, 0x5d393912, 0x872b1087, 0xc410c47d, 0xc48710c4, 0x003031c4, 0x5d5d5d5e, 0x15163201, 0x17070614, 0x010e2707, 
    0x2311012b, 0x17013e11, 0x33110722, 0x2737013a, 0x013e1737, 0x022e3435, 0x9d920e01, 0x40404146, 0x1c33184b, 0x6529614d, 0x49213e32, 0x2e0e1f11, 
    0x28263a3f, 0x0246351f, 0x4e6e6fbc, 0x256f185f, 0xfe030482, 0x0aab02ff, 0xfe035507, 0x265002f0, 0x313a0e65, 0x0c1f3428, 0x5c000200, 0x3f080633, 
    0x27001100, 0x6540a500, 0x15751565, 0x01029a02, 0x0e16150f, 0x0d0c1816, 0x16170d17, 0x160e0d0e, 0x140d177f, 0x17160d17, 0x891d170e, 0x005a0100, 
    0x01004901, 0x12a87f00, 0x01129901, 0x29011258, 0x3b08de82, 0x12031249, 0x1d0629ab, 0x28aa1f7f, 0x20880306, 0x4b1e5023, 0x8b0c0e0f, 0x02079b07, 
    0x8b880a07, 0x021d9b1d, 0x1517181d, 0x3f00511a, 0x3333ce33, 0x5d32fd5d, 0x3f33cc32, 0x32ed333f, 0x64050d41, 0xfb820569, 0x39391122, 0x200dbf47, 
    0x071a4187, 0x5d5d0122, 0x2505ca54, 0x011e1107, 0x0a413233, 0x41372005, 0x06260527, 0x27262223, 0x82642315, 0x01460806, 0x2a4b5ab9, 0x40110e2f, 
    0x3b111326, 0x181a3d3d, 0x36313461, 0x2420393e, 0x5d11452d, 0x3c416321, 0x01254460, 0x06625b03, 0x0eb8fe04, 0x2567031a, 0x304f1a6b, 0x5c23784d, 
    0x18096224, 0xb102d00b, 0x46261308, 0xbb760065, 0x39033f08, 0x23000700, 0x73001240, 0x73050902, 0x0308a807, 0x41070179, 0x42054206, 0x3f3f3f00, 
    0xc283edce, 0xedd6103a, 0x35013031, 0x11211533, 0x95011123, 0x61cafe58, 0xd884b502, 0xb5029ffd, 0x50204783, 0x9c220482, 0x47828a02, 0x16402938, 
    0x09027f00, 0x0801090f, 0xaa077f05, 0x01870308, 0x4a064907, 0x4b894a05, 0x885d5e21, 0x8323204d, 0x54482f4d, 0x08025def, 0x46fed082, 0x01000802, 
    0x4b821300, 0x5682fa20, 0x30000d3b, 0x0f001840, 0x73020407, 0xa8080b0d, 0x790b040e, 0x0705050a, 0x410d7901, 0x51998307, 0xf62708c0, 0xcefd33cc, 
    0x82c61033, 0x211523a0, 0xd15d3315, 0x11333606, 0xcafefa01, 0x50619b9b, 0x54b50250, 0xc2fe4bd8, 0x014b3e01, 0x27f6822c, 0x0e000100, 0x9a010000, 
    0x0d3d6d82, 0x1c403600, 0x04060f0d, 0x0a0c7f01, 0x030eaa07, 0x0009850a, 0x04080104, 0x87000604, 0x82b7820c, 0x216783b5, 0xca415d5e, 0x20698205, 
    0x206985cc, 0x39688323, 0x23352315, 0x21353335, 0x92e59a01, 0x4a4a5d92, 0xba014201, 0xcdcd46a7, 0x6382f546, 0x47ff5624, 0xc7824a02, 0x8100272b, 
    0x03a55640, 0x0112a801, 0x8202829b, 0x01023f08, 0x1c2f1c1f, 0x11491c02, 0x11791169, 0x11041189, 0x01080f76, 0x00380808, 0x00980088, 0x3c822903, 
    0x29a92c08, 0x1a73181d, 0x381728a8, 0x02149814, 0x231e7c14, 0x791d1823, 0x4219411b, 0x0c374218, 0x010c2601, 0x4305790c, 0x5ded3f00, 0x523f3f5d, 
    0x5d2006cb, 0x2a096c42, 0xed5d5ec4, 0x315dc45d, 0x825d0030, 0x5d012100, 0x210c007f, 0x067a023e, 0x15212209, 0x06b45a21, 0x4a024208, 0x40634524, 
    0x030c1f0e, 0x280e1106, 0x671c3144, 0x0e462351, 0xfe9d0161, 0x241d09c4, 0x67441126, 0x417f2245, 0x01315571, 0x01014f02, 0x38563b1f, 0x040c7072, 
    0xb502affe, 0x0603c153, 0x502c0406, 0x055b4173, 0xff504908, 0x02fc0146, 0x00220008, 0x033d4061, 0x01760102, 0x01016701, 0x0f010125, 0x3f1b2f1b, 
    0x111b031b, 0x010b0f82, 0x03670b08, 0x01035601, 0x1d24ab03, 0xaa1a7f18, 0x85141723, 0x1800001e, 0x491b871d, 0x4a184a19, 0x5208850e, 0xdc88de82, 
    0xda83db8d, 0x3220d984, 0x2606b368, 0x16372726, 0x86363233, 0x231522d8, 0x08d88511, 0x73200160, 0x50361b69, 0x09190b34, 0x3f110a05, 0x164b4545, 
    0x015d1536, 0x08fbfe62, 0x01221f1b, 0x36788340, 0x0127455d, 0x57024a02, 0x07505f5d, 0x0802e805, 0x05038b4d, 0x01000305, 0x47ff1800, 0xb5029303, 
    0x39013300, 0x1aa7ba40, 0x010da801, 0x7326262b, 0x25142025, 0x881b2520, 0x332e0133, 0x8c667333, 0x12a00805, 0x2d2e0d12, 0x0d2d132e, 0x05731212, 
    0x08051408, 0x05d00512, 0x90058001, 0x0305a005, 0x05010572, 0x1a132d2d, 0x20731515, 0x2020141b, 0x0120df1b, 0x209f208f, 0x7d0320af, 0x2c200120, 
    0x001b000b, 0x35040002, 0x1f083501, 0x0b0b010b, 0x2c2b1508, 0x2c142b15, 0x04010a1b, 0x730a010a, 0x08a00880, 0x01081402, 0x0801080b, 0x732c1414, 
    0x13a01380, 0x1bb01302, 0x1f1b0f01, 0x1b08021b, 0x2d413334, 0x05052041, 0x26412c13, 0x1b412541, 0x14421a42, 0x08421342, 0x0a420d79, 0x00410043, 
    0xed3f3f3f, 0x02830382, 0x2c0cb066, 0xed5dd45d, 0x5dd42f32, 0x5ded5d5d, 0x0ab7665d, 0x18331127, 0xc4105d2f, 0x0fbd665d, 0xbc661783, 0x13b9660c, 
    0x10185d24, 0xb86687d6, 0x5d5d2d07, 0x07030e01, 0x3317011e, 0x23352311, 0x730b0e79, 0x032005c2, 0x2c063079, 0x461b6203, 0x3e1c474a, 0x5c53337b, 
    0x0c0a7933, 0x4a432208, 0x471c2750, 0x711b474a, 0x46453f16, 0x461f5d1f, 0x02173e45, 0x575322b5, 0x963a2454, 0xb9f4fe4e, 0x0d0a792e, 0x60634208, 
    0x54242459, 0x1c225457, 0x2655534b, 0xcbfe3501, 0x4b535526, 0x0100001c, 0x6fff0f00, 0x08020103, 0x35012f00, 0x319fb740, 0x290231af, 0x257f2626, 
    0x20251420, 0x670125af, 0x02257725, 0x2f2c1b25, 0x0660682f, 0x12122308, 0x2c2b2c0d, 0x0da92b13, 0x480d1801, 0x980d780d, 0x0d12040d, 0x05120508, 
    0x05087f0d, 0x05080814, 0x69680534, 0x2b2b2b07, 0xa61a9613, 0x151a021a, 0xe3417f15, 0x203b3805, 0x0120af01, 0x2001209b, 0x9f7f0a2a, 0x020baf0b, 
    0x0e48000b, 0x821f480f, 0x15083488, 0x29152a29, 0xa0312a14, 0x08570108, 0x14140801, 0x41137f2a, 0x303e06cc, 0x492b492f, 0x13050520, 0x4926492a, 
    0x4a1b4925, 0x4a144a1a, 0x87084a13, 0x4c0a4a0d, 0xcc414900, 0x41d42018, 0xc42005ca, 0x230e7f68, 0xed5dd52b, 0x7b168368, 0x01200a01, 0x2005ff41, 
    0x1c856810, 0x2008cb41, 0x05cb4115, 0x251d8b68, 0x47295f2d, 0x8b682458, 0x6b2b2424, 0x6891de38, 0x2f08228b, 0x0243ff1d, 0x00c40209, 0x40fe0053, 
    0x013d1310, 0x26013d02, 0x3c15013c, 0x012d3301, 0xd8ffb82c, 0x0b089640, 0x01273648, 0x27252715, 0x01270402, 0x3108027b, 0x2dab2d9b, 0x012d8a02, 
    0x5c012d7b, 0x022d6c2d, 0x157b2d4b, 0x337c0806, 0x4f382a32, 0x02535f53, 0x38533853, 0x581a1f44, 0x76060106, 0x8d0117a7, 0x02179d17, 0x87764d17, 
    0x1f66011f, 0x1f021f76, 0x0d0c55ab, 0x1f440f45, 0x44080244, 0x79001a54, 0x47125252, 0x4a450145, 0x2f323f7c, 0x3c273633, 0x44014458, 0x0c463f24, 
    0x0d877c09, 0x66020d97, 0x020d760d, 0x0d010d57, 0x12011257, 0x5d3f0045, 0x5d5d5d33, 0x333f32ed, 0x39dd5d33, 0x32cd32de, 0x5d32ed10, 0x820efe7a, 
    0x82d42020, 0x335d2103, 0x20075e54, 0x06ca5acd, 0x5d203a82, 0x20071f52, 0x200c842b, 0x05a56c13, 0x22232625, 0x7b270706, 0x07250f12, 0x1e07010e, 
    0xf6741801, 0x34352b0c, 0x3e012f26, 0x2e223701, 0x255e2702, 0x34352705, 0x012b022e, 0x2c7b3491, 0x391f2818, 0x06043151, 0x181a1d02, 0x340e0573, 
    0x26070c04, 0x0b273643, 0x2e250b1d, 0x5f551f38, 0x2d4d3921, 0x1a437b3e, 0x32483024, 0x7118051d, 0x0b25137a, 0x100b0e1d, 0x105b7b11, 0xff2c6508, 
    0x02b80143, 0x00510015, 0x254840ea, 0x02293529, 0x02012914, 0x28350129, 0x01271501, 0x320119a5, 0x19230119, 0xa4189401, 0x18730218, 0x52021883, 
    0x02186218, 0x35011843, 0x18130118, 0x01021823, 0x13150118, 0x13351325, 0x01130303, 0x45010f53, 0xb80e010f, 0x5140e8ff, 0x16480b08, 0x0a15010b, 
    0x01033401, 0x2905a26a, 0x24161e1f, 0x533b243b, 0xa76a4252, 0x6a352005, 0x250805a7, 0x2f4d4c53, 0x2e1f2e0f, 0x522e0802, 0xa0883c0a, 0x3a3a013a, 
    0x88322f00, 0x1f1b1e2b, 0x102e2822, 0x474c512b, 0xae6a4d88, 0xdd332108, 0x2206d041, 0x6a2f3912, 0x392815b5, 0xcccd2f2f, 0x5d303132, 0x4e180083, 
    0x12840d27, 0xcb6a5d20, 0x1ac0410d, 0x79012e21, 0xe56a0502, 0x515b2322, 0xbe410704, 0x070d2412, 0x6a115539, 0x40252bfc, 0x0e080847, 0x39731806, 
    0x0e1f2311, 0x156b1202, 0x0130081c, 0x47ff5600, 0xb5028a02, 0x95001e00, 0x02982940, 0x15171801, 0x0201151a, 0x00000503, 0x15730505, 0x1515141a, 
    0x731d1a1a, 0x0a0f201c, 0x1015730a, 0x2c080e82, 0x15201010, 0x40c0ffb8, 0x48120f24, 0x15011554, 0x0609050a, 0x1fa80873, 0x4110431c, 0x0f061515, 
    0x08410941, 0x06420741, 0x00791a42, 0x051c4842, 0x123f3f38, 0x182f1939, 0x10013f3f, 0x7d32fdf6, 0x5d33c4c4, 0xc410182b, 0x726d0487, 0x10182406, 
    0x8732edd6, 0x0e87250d, 0x10c4c4c4, 0x31240583, 0x215d0030, 0x7f059046, 0x47080bb2, 0x35231133, 0x4e1efd01, 0x612a5957, 0x52542361, 0x1f751949, 
    0x2554554e, 0x474b4a22, 0x2f5c521e, 0x1a4a575f, 0xb502b7fe, 0x5321cefe, 0x221d4d54, 0x24545753, 0x524b4118, 0xb9f4fe28, 0x01000000, 0x6fff5000, 
    0x08021c02, 0xb927f382, 0x18176040, 0x8208151a, 0x1a3208c6, 0x100b7f1a, 0x0d0e0b14, 0x1010100b, 0x20127f13, 0x0a090807, 0x040b060b, 0x05000102, 
    0x050105b9, 0x0b7f0000, 0x0b0b1406, 0x0f200606, 0x1a080120, 0x02821e00, 0x701e2008, 0x020b800b, 0x0b010b64, 0xaa1d7f1b, 0x1d491e1f, 0x0b4a1c49, 
    0x4a1b050b, 0x4a158710, 0x46054906, 0xff86060c, 0x10013f2a, 0x5d32edf6, 0x1100325d, 0x2107806e, 0x09415d5e, 0x895d200b, 0xc4c429fd, 0xd6101801, 
    0x7d2f32ed, 0x04211383, 0x062b4118, 0x31222184, 0x40181330, 0x332009c2, 0x0808eb45, 0xad331171, 0x363f3e18, 0x3b166c11, 0x17193e3f, 0x16333534, 
    0x16255845, 0x1e42413b, 0x29015d5d, 0x393f3d17, 0x403d1813, 0x2f10193f, 0xde1d3c36, 0x42472291, 0x02f61338, 0x00010008, 0x02000056, 0x00b502ac, 
    0x40ec0022, 0x1b140b83, 0x0d0b0214, 0x08020d1b, 0x11161413, 0x02030416, 0x00050001, 0x16c01620, 0xcf002f02, 0x16160200, 0x05000011, 0x41172222, 
    0x51080624, 0x05c00520, 0x06050002, 0x050b000b, 0x140b0673, 0x10060b06, 0x11c01120, 0x16161102, 0x14100b73, 0x0b16100b, 0x100b0d0e, 0x01106f24, 
    0x21170b10, 0x731b1e18, 0x1e23a81d, 0x1c411d41, 0x1f212242, 0x1f1a1817, 0x050b0b1f, 0x4211421b, 0x41064210, 0x68544105, 0x050a4905, 0xcedd2f25, 
    0x55ce1032, 0xf62d0561, 0x32de32fd, 0x5dd432dd, 0x0e877dc6, 0x164218c4, 0x1871240c, 0x5b87d610, 0x01220825, 0x20831071, 0x01c4c42b, 0x08103311, 
    0x00c408c4, 0x84118771, 0x30312618, 0x5d5d5e01, 0x09421801, 0x2315220d, 0x06887535, 0x01333529, 0x40421f3f, 0x18701438, 0x32090042, 0x443f1a6d, 
    0x40481f44, 0x48406161, 0x50249301, 0x181a464e, 0x2d09ed41, 0x4952592d, 0xfe97941c, 0xfeb502c0, 0x674298d6, 0x002f0805, 0x025d0200, 0x00200008, 
    0x088b40f5, 0x12030108, 0x15101513, 0x3b040103, 0x15340101, 0x04010101, 0x16101515, 0x07060016, 0x050a0908, 0x8204340a, 0x0a052411, 0x71040a01, 
    0x38080525, 0x050105bb, 0x0110340f, 0x7f151510, 0x0a140f0a, 0x0d0a150f, 0x220f0a0c, 0x0f010fab, 0x1d201700, 0x211c7f1a, 0xe9010a39, 0x0aa0010a, 
    0x840a7401, 0x030a940a, 0x0a3b0a2b, 0x05785c02, 0x1d0a0239, 0x1b491c49, 0x0018164a, 0x0a0a1e1e, 0x104a1a04, 0x054a0f4a, 0x41490449, 0xcc2a0c5b, 
    0x3f3fcddd, 0x5f2f013f, 0x00835d5e, 0xde107127, 0x32dc32fd, 0x176041dd, 0x61415d20, 0x00d42519, 0x0e877171, 0x2607ba43, 0x015d5f01, 0x18013e15, 
    0x200b6743, 0x099d6c15, 0x392e0128, 0x14662252, 0x10713632, 0x31143107, 0x44183634, 0x3d5d5d3d, 0x416ca301, 0x3b192a66, 0x2a070071, 0x3a40441e, 
    0xf0727315, 0x4cd80802, 0x420806bb, 0x02000013, 0x00b5027b, 0x40e50022, 0x790e595c, 0x100d020e, 0x884d0014, 0x020da80d, 0xd8010cd8, 0x06970108, 
    0x0b0206a7, 0x4d001318, 0x120b200b, 0x180b0848, 0x030b280b, 0x09730b08, 0x211e0a09, 0x42221d22, 0x222106d1, 0x3e228208, 0x220122ca, 0x73050005, 
    0x1d14221d, 0x0029221d, 0x08020039, 0x02001800, 0xffb80a00, 0x823840e8, 0x30320859, 0x600a500a, 0x240a030a, 0x18111b1d, 0x12141773, 0x412223a8, 
    0xb01ba014, 0x031bc01b, 0x1abf151b, 0x10171a01, 0x1d0f057b, 0x111d1d01, 0x42114117, 0xd24b420a, 0x123f3d05, 0x395d2f39, 0x5ddc10ed, 0x325dcd32, 
    0xfe10013f, 0x32fd33ce, 0xd61033cc, 0x5dc62b5d, 0x23067751, 0x102b5d01, 0x8405aa42, 0x11012906, 0xed101833, 0x2b2b5d5e, 0x20058d46, 0x05d3492b, 
    0x4b170321, 0x2321069b, 0x08ae5235, 0x02370337, 0x554e1f63, 0x602b2554, 0x721b515c, 0x59574e1e, 0x5050602a, 0x06164560, 0x2406824b, 0x6864581e, 
    0x0715452f, 0x4d46222c, 0x219f464d, 0x1d4d5453, 0x634f0000, 0x02330805, 0x0022021e, 0x40dd0022, 0x011dc880, 0x2221201f, 0x1c001e00, 0x1d18191b, 
    0x0b090818, 0x0b0b0606, 0x1405007f, 0x05000203, 0x011d2400, 0x2b011db6, 0x8209011d, 0x01003305, 0x00eb00db, 0xb90300fb, 0x0200c900, 0x003b002b, 
    0x39821d02, 0x187f3208, 0x1818141d, 0x011e361d, 0x9405741e, 0x05660205, 0x80240501, 0x180b0124, 0x1513130b, 0x0d0f7f0c, 0x1e23aa12, 0x18000049, 
    0x491d0618, 0x1510160f, 0x53171913, 0xde23080e, 0x3f32cd32, 0x332f3912, 0x3f182f19, 0x32f41001, 0x33ccfdcc, 0x7d391200, 0xc4c40503, 0xd610185d, 
    0x41c65d5d, 0x5d23083a, 0x825d715d, 0x45102003, 0x2b240523, 0xc4107d05, 0x0f840a83, 0x27058a42, 0x3031c4c4, 0x1e015d01, 0x22054041, 0x41112315, 
    0x33380c40, 0x2101030e, 0x3c45481f, 0x3b166c15, 0x5d224743, 0x4e5d4a4a, 0x40431d4e, 0x08064545, 0x161b013a, 0x23514e43, 0x3b434822, 0x9d01fe16, 
    0x40454540, 0x40421b7f, 0x3d18133a, 0x01003f40, 0x00001000, 0xb502dd02, 0xe1001c00, 0x18789440, 0x790e5901, 0x0dc9020e, 0x010d8801, 0x32068a42, 
    0x06a60108, 0x010bba01, 0x120b200b, 0x280b1848, 0x820b020b, 0x0973280c, 0x1b180a09, 0x421c171c, 0x21080689, 0xda011cd0, 0x1cb8011c, 0x011c0901, 
    0x0105cb08, 0x0500051c, 0x141c1773, 0x291c1717, 0x59003900, 0x93420300, 0x0ab52205, 0x078d4201, 0x1e901e3e, 0x16111701, 0x1d141273, 0x10c0411c, 
    0xc07b1001, 0x0f050105, 0x17170117, 0x15791411, 0x310b8642, 0x2f3912ed, 0xed71395d, 0x10013f71, 0x32edded6, 0x45415d32, 0x07464105, 0x415e7121, 
    0x7b470844, 0x05854206, 0x2b5d5d23, 0x0585425d, 0x87421f82, 0x11212610, 0x0237033e, 0x0f8142c5, 0x01b46126, 0x52542315, 0x15819919, 0x47536221, 
    0x3b410696, 0x51200806, 0x1c000802, 0x2a40c900, 0x1e101e00, 0x0117c802, 0xf801097a, 0x05570106, 0x010b6901, 0x29010b36, 0x15d01919, 0x17145c29, 
    0x17240648, 0x1917b601, 0x0812d019, 0x18001726, 0x17127f00, 0x17121214, 0x94057418, 0x05160205, 0x05020566, 0x7f0c121e, 0x181d100e, 0x01006549, 
    0x05010016, 0x292c8182, 0x02123912, 0x17061212, 0x11870f49, 0x260e8642, 0x39123fed, 0x82335d2f, 0x013f2bf8, 0xfdddd610, 0x5dd610c0, 0x2a55c65d, 
    0x82012005, 0x5d712815, 0x312b3271, 0x82710030, 0x5e02830b, 0x6742051d, 0x4615200d, 0x0121055e, 0x07614254, 0x1e424125, 0x47e3865d, 0x5e4209a4, 
    0x42472807, 0x01f61338, 0x47df4eba, 0x9b5208a3, 0xc22d0806, 0x0f00b502, 0x27404500, 0x01730700, 0x01057304, 0x0a0d11a8, 0x10a80c73, 0x410c410d, 
    0x420a420b, 0x0808790e, 0x07790301, 0x01430542, 0x06754441, 0xb982ed20, 0xdd72ed20, 0xedf62505, 0xd5f61032, 0x27052f65, 0x33113301, 0x23352311, 
    0x07504d18, 0x610a023a, 0xfe5c5c57, 0x016161ad, 0xfdb50253, 0xb9f4fe9e, 0xc0fe4001, 0xdffeb502, 0x22082749, 0x82080240, 0x482d087f, 0x050e2a40, 
    0x7f020f7f, 0x1f0f0f03, 0x0f08020f, 0x119011aa, 0x7f080b01, 0x0c10aa0a, 0x08060687, 0x490a490e, 0x87004a08, 0x4c034a04, 0x05ca5000, 0xee488383, 
    0xf6102305, 0x82865d5e, 0x15332522, 0xad648082, 0xfa012c09, 0xf04b5846, 0x5df05d5d, 0x7291de4d, 0x7b8406a9, 0x00005624, 0xfb821f03, 0x3b000d27, 
    0x0d052140, 0x068f5c73, 0x070f0229, 0xa809730b, 0x82790c0e, 0x410a2974, 0x42044208, 0x41007902, 0x22092b65, 0x82fe1001, 0xded62cf1, 0xc0fd5d5e, 
    0x21013031, 0x8a112315, 0x150123ef, 0xef8761b4, 0x9ffd5422, 0x0126ed88, 0x00005000, 0xeb828002, 0x3f000d32, 0x01092440, 0x0b0f0d7f, 0x08020b1f, 
    0x0f900f0b, 0x29057f73, 0x0287080e, 0x870c0402, 0x1773490a, 0xed3f2109, 0xd625e48a, 0xeddd5d5e, 0x0d837332, 0x01231522, 0x21058573, 0xdc8586e3, 
    0x41004e21, 0x032105d7, 0x08db82e4, 0x7d002957, 0x0f965240, 0x1b020fa6, 0x08011a0f, 0x0207121a, 0x06000076, 0x23692359, 0x28032379, 0x02233823, 
    0x12877623, 0x28021297, 0x02123812, 0x1201120f, 0x73042ba9, 0x262aa806, 0x021e361e, 0x4317791e, 0x08792629, 0x0d970d87, 0x010d0d02, 0x41067902, 
    0x42014204, 0x068e5300, 0xed335d32, 0x5ded3f32, 0xedf61001, 0x5d5df610, 0x5d5ded5d, 0x3323ae83, 0x5f5ec410, 0x212005ae, 0x21051941, 0xb16b1121, 
    0x06195c0b, 0x27087e54, 0xfe615102, 0xfb0161c7, 0x54085e54, 0x02271380, 0x029efd62, 0x54ecfeb5, 0x46210662, 0x0f815441, 0xf7830020, 0xff504b08, 
    0x023e0346, 0x00220008, 0x22394060, 0x1b1b7f1d, 0x690e0f21, 0x82140114, 0x06010606, 0x7f1f24ab, 0x1a23aa21, 0x76008817, 0x02038603, 0x0801030f, 
    0x1d1c0303, 0x1f492187, 0x0f4a1c4a, 0x11011156, 0x520b0e88, 0xed333f00, 0xe386325d, 0x555d5e21, 0xe28306f3, 0xc45ded23, 0x20e18432, 0x41501831, 
    0x0e75540e, 0x82112321, 0xf20124f8, 0x541d4211, 0x15220f77, 0xd5741534, 0x05312205, 0x1075540a, 0x3c06ea74, 0xff3a0002, 0x02da0248, 0x003500c5, 
    0x40fa0045, 0x012a884d, 0x76014476, 0x2b890143, 0x080b8201, 0x012a7946, 0x15871577, 0x18031597, 0xa6413676, 0x1d97011d, 0x011d8601, 0x0e763e1d, 
    0x280128a6, 0x08670e0b, 0x2d760801, 0x22012d66, 0x2d0e3536, 0x36350e2d, 0x46470522, 0x1701470f, 0xb8130113, 0x5c40f8ff, 0x0648120f, 0x37080b82, 
    0x013ba77c, 0x3b103b00, 0x233b3b02, 0x01031800, 0x03010309, 0x0135a77c, 0x0132a735, 0x0b674532, 0x41770b01, 0x41974187, 0x36412603, 0x03414641, 
    0x1d777941, 0x1d021d87, 0x25086682, 0x28872867, 0x28032897, 0x01225746, 0x23a87922, 0x01235701, 0x08012300, 0x3f004723, 0x5d5d5d5e, 0x5d3f5ded, 
    0x0682335d, 0x82325d21, 0x22088509, 0x832f3912, 0x5d2b2118, 0x28084b7c, 0x105d2f2f, 0x33115ded, 0x20068233, 0x22358232, 0x18ed1032, 0x2e088a4a, 
    0x2e015d01, 0x0e222301, 0x16141502, 0x61012e17, 0x152b07f1, 0x07020e14, 0x0717031e, 0x6d27032e, 0x13260916, 0x23022e34, 0x2a830622, 0x033e3009, 
    0x431c1f02, 0x435e3922, 0x0c586325, 0x4f31150d, 0x304d363a, 0x5b412217, 0x403a1239, 0x270c123b, 0x17475257, 0x33587845, 0x477e5e37, 0x421a5a2f, 
    0x1e28180a, 0x0d0d3639, 0x1b32462a, 0x0d0a5902, 0x44674624, 0x26148c70, 0x6237345a, 0x44282b4a, 0x5d32315a, 0x1e0b364c, 0x01091725, 0x2913014e, 
    0x32032e40, 0x5756835a, 0x11305c87, 0x216ffe0b, 0x5d192c3a, 0x23563964, 0x49372305, 0x02000000, 0x70ff3300, 0x14023302, 0x41000b00, 0x6440d100, 
    0x0b013c05, 0x27190136, 0x01210501, 0x66011d03, 0x02057605, 0x0c068224, 0x01292341, 0x82000329, 0x0134251a, 0x561a1734, 0x82140114, 0x2f1a1f39, 
    0x390f021a, 0x062e0801, 0x39391a41, 0x2e06411a, 0x0c424305, 0x49010f98, 0x880f010f, 0x361f263e, 0x1f05021f, 0x1f021f15, 0xb009a088, 0x0309c009, 
    0x09010999, 0x40c0ffb8, 0x480c0925, 0x41340909, 0x4617503e, 0x96036603, 0x88030303, 0x29972977, 0x51342902, 0x2f77852e, 0x012f1001, 0x3f004c2f, 
    0x3fed5d5d, 0x5ded5d33, 0x12333f32, 0x822b2f39, 0x5d5d2c0e, 0x5d5ded10, 0x12110132, 0x832f3917, 0x845e2000, 0x06984111, 0x115d3223, 0x0a984133, 
    0x16142525, 0x57013e17, 0x37200563, 0x0829a241, 0x0a4c0181, 0x1d463a07, 0x2a252728, 0x22142608, 0x3f1b2d3d, 0x1209083c, 0x282b3d26, 0x1813263b, 
    0x0e2a422e, 0x0d2a2d2b, 0x40431e0c, 0x59351338, 0x45292441, 0x341d325b, 0x3e26b908, 0x3c560818, 0xbc3e3e2d, 0x31180803, 0x65503149, 0x243e1b10, 
    0x1f364a2b, 0x2541311c, 0x2a3a4727, 0x101a150a, 0x01440107, 0x2332200f, 0x63452703, 0x43644241, 0x00030923, 0x00ffff00, 0x0243ff3a, 0x02c50253, 
    0x84a20016, 0xff33230f, 0x33780143, 0x00c23705, 0x00010000, 0x0247ff10, 0x00b50225, 0x4047000b, 0x0673042c, 0x12190d02, 0x022a0873, 0x8f087f73, 
    0x08000208, 0xf14c0801, 0x0a280805, 0x0879030c, 0x01430542, 0x4100790a, 0xc0fd3f00, 0x01ed3f3f, 0x5d5ed610, 0xfd5d5dd6, 0xc65d5dd5, 0x31edd510, 
    0x23150130, 0x33060647, 0x25023523, 0x5e5c59da, 0x54b502da, 0xf4fef2fd, 0x546102b9, 0x6f247385, 0x0802bf01, 0x3b247382, 0x7f042240, 0x10267382, 
    0x02010101, 0x698a107f, 0x0787042a, 0x014c054a, 0x4900870a, 0x6882698d, 0x504e678a, 0x01353105, 0x5846a9bf, 0x0802a94b, 0xde93fe4e, 0x4eba0191, 
    0x0626eb84, 0x50020000, 0xfb82b502, 0xeb873c20, 0x82e60121, 0x00143577, 0x4752408a, 0x1418010f, 0x0f021428, 0x140a0f14, 0x1403007f, 0x2b080283, 
    0x0f010a17, 0x0f06090a, 0x097f0a06, 0x06091406, 0x5f16090a, 0xaf009f00, 0x00000300, 0x7f030001, 0x069f065f, 0x000306af, 0x0f060106, 0x27054f77, 
    0x06490915, 0x04030306, 0x2305f660, 0x2f332f39, 0x2005a664, 0x071241dd, 0x640ea764, 0x5d280ba5, 0x5d003031, 0x07020601, 0xbf63c582, 0x033e2b06, 
    0x26e60137, 0x305d3067, 0xb8632666, 0x26113a05, 0x020c2125, 0xfefe9008, 0x6ac7c56a, 0x318f0101, 0x28666d6f, 0x6f6d6628, 0x86938331, 0x003008e3, 
    0x40860016, 0x0b0e0b4f, 0x0f730e08, 0x120f1412, 0x6f181612, 0xaf0f9f0f, 0x130f030f, 0x0b007316, 0x0b040708, 0x07730804, 0x07071404, 0x6f030404, 
    0x0f20d586, 0x3505937a, 0x79140217, 0x12040412, 0x42160f12, 0x410e410f, 0x41074108, 0xc74e4200, 0x123f2105, 0x102ed583, 0x100132ed, 0xd45d5ed6, 
    0x8733cc5d, 0xc6842b10, 0x29056965, 0x5dd4ccfd, 0x873311c6, 0x0f82082b, 0x33303129, 0x33352335, 0x7b27012e, 0x290807d0, 0x3307010e, 0xfb152315, 
    0x7843888d, 0x5e267235, 0x275e3132, 0x4278366c, 0x4ad48d89, 0x5263cb69, 0xa94e4ea9, 0x69cb6352, 0xa341d44a, 0x1a35080c, 0x7140b400, 0x7901159b, 
    0x02158915, 0x33011544, 0x1a3a0115, 0x18021a4a, 0x021a281a, 0x10151a15, 0x06007f1a, 0x1a060014, 0xaf009f1c, 0x00780200, 0x01005f01, 0x08028200, 
    0x7f060426, 0x45103509, 0x10170210, 0x0f101501, 0x10091509, 0x14090f7f, 0x0f10090f, 0x9f095f0b, 0x0309af09, 0x09010900, 0x2e066749, 0x07490f1b, 
    0x85040b4b, 0x06090906, 0x8249004a, 0x05f369f1, 0x2305c441, 0xcd5d5ddc, 0x280da85e, 0x185d5d01, 0xd4cdfd10, 0x2400825d, 0x87c100c6, 0x82f58405, 
    0x82002015, 0x315d2310, 0xee860130, 0x05412320, 0x17033108, 0x0137033e, 0x2c5822e6, 0x895d8972, 0x21592c73, 0x330cd741, 0x4462e47e, 0x6244b9b9, 
    0x6e317fe3, 0x2828656d, 0x316e6d65, 0x1736c683, 0x870247ff, 0x1b00b502, 0x1c405a01, 0x16011d40, 0x4d001110, 0xd2821687, 0x37360782, 0x148a0115, 
    0x57102701, 0xb80d0210, 0x12b3f8ff, 0xb8074d00, 0x0786f0ff, 0x3840f822, 0x03212382, 0x21048218, 0x04820801, 0x00782608, 0x01118601, 0x170a1314, 
    0x0b121110, 0x0e191017, 0x0b120e01, 0x13090f00, 0x0a13050a, 0x120a0f00, 0x1373120b, 0x2020820a, 0x214c8213, 0x4d828e40, 0x13892a08, 0x01137b01, 
    0x5c01136d, 0x134b0113, 0x01133d01, 0x132b131b, 0x01130a02, 0x00011713, 0x1047000f, 0x10871067, 0x000410a7, 0x232d8218, 0x10010099, 0x73271482, 
    0x17141017, 0x82101710, 0x85300811, 0x17740117, 0x01176201, 0x4301175a, 0x173a0117, 0x17090301, 0x17291719, 0x731b1703, 0x1da01d19, 0x1d800201, 
    0x0f021d90, 0x021d6f1d, 0x0f010f87, 0x2f060d4a, 0x1343191c, 0x10411241, 0x0b410f41, 0x17420a42, 0x200ae154, 0x0592413f, 0x5d5dc629, 0x105d5f5d, 
    0x82d5fdd6, 0x330b8206, 0x872b5d5d, 0xc47d872b, 0x5d2b5d01, 0xc40e8710, 0xd6101801, 0x04821684, 0x0f201985, 0x0f281582, 0x0f0f5d01, 0x5d003031, 
    0x2b202682, 0x1c830082, 0x21303082, 0x0e27032e, 0x3e230703, 0x33033701, 0x0333011b, 0x0806a55b, 0x0ff60132, 0x1936322a, 0x2b313619, 0x772d6b0f, 
    0xab70de43, 0x34da6fa9, 0x5c52295f, 0x4f4f491e, 0x4f4f2323, 0xb6581e49, 0xfe470160, 0xfe0201fe, 0x458f4bbd, 0x0807fb54, 0x6fff1024, 0x08020702, 
    0xe6001b00, 0x0e174c40, 0x01144601, 0x100a1314, 0x0b121117, 0x0e491710, 0x0b120e01, 0x7941000f, 0x000f2805, 0x120b120a, 0x820a137f, 0x138b2d20, 
    0x7c02139b, 0x20130113, 0x1e480e0a, 0x47080782, 0x000f0117, 0xa610960f, 0x10870210, 0x01107601, 0xf8ffb810, 0x0e0b4e40, 0x0f001048, 0x10177f00, 
    0xa2101714, 0x17940117, 0x01178b01, 0x5c01177a, 0x02176c17, 0x173b172b, 0x1903174b, 0x170d0117, 0x7f1a1701, 0x1d9f1d19, 0x300a5a41, 0x1249134c, 
    0x0f491049, 0x0a4a0b49, 0x0087174a, 0x05d54b4a, 0x2305c74c, 0xc65d5ed6, 0x41055641, 0x5541063d, 0x822b2005, 0x0856410d, 0x15840c82, 0x26055141, 
    0x710f0f71, 0x415d3031, 0x3e080a43, 0x37173327, 0x011e0733, 0x23153317, 0x0b870135, 0x13282620, 0x20252813, 0x6123600b, 0x7c69ac30, 0x23a8637d, 
    0x58462049, 0x38393616, 0x39391919, 0x8d441536, 0xb6b6f740, 0x346630f1, 0x820091de, 0x00012800, 0x0347ff10, 0x82b5023c, 0x422208e4, 0x73012540, 
    0x0d730f03, 0x0305730b, 0x0705090d, 0x0d090507, 0x10110503, 0x790a410e, 0x41087906, 0x50180c00, 0xfd25076a, 0xeded3fc0, 0x09be473f, 0x83ed1021, 
    0x70501801, 0x35233208, 0x11231521, 0x02331121, 0xfd5c57e5, 0xe801c6f6, 0x775018c1, 0x54612607, 0x02f2fd54, 0x247b8762, 0x0280026f, 0x267b8608, 
    0x7f0f037f, 0x8e7f0b0d, 0x0a49287b, 0x08870687, 0x7d0c0049, 0x7b9907aa, 0x77821520, 0x7b851120, 0x7b823320, 0x58463a3e, 0x018b73fe, 0x5de5866e, 
    0x0191de4d, 0xfe4e4eba, 0x00bb0193, 0x3a000100, 0x780247ff, 0x2e08f382, 0x405c001d, 0x1f1f0f38, 0x730e021f, 0x0a730c10, 0x1d121312, 0x120f1b73, 
    0x0f02121f, 0x1b12011b, 0x1e1f1b12, 0x797c0513, 0x02168916, 0x83181608, 0x12163204, 0x790d411c, 0x410b4212, 0xed3f3f00, 0x2f39123f, 0x0051185e, 
    0xd5fd2f12, 0x5d3031ed, 0x021e1413, 0x023e3233, 0xa74e1137, 0x180e2007, 0x22120751, 0x185c5c57, 0x24140951, 0xb9f4fe9e, 0x0c511801, 0x83002008, 
    0x2e2408b7, 0x0b026fff, 0x1b000802, 0x44406c00, 0x29011d1f, 0x181a0118, 0x01180b01, 0x10011898, 0x097f0f07, 0x1f0d7f0b, 0x28057245, 0x1d401d09, 
    0x2f1d0f01, 0x382e821d, 0x1caa1a7f, 0x10880407, 0x15991589, 0x0f151502, 0x870b491b, 0x4c0c4a0f, 0x08cb5708, 0x82087c7b, 0xde1026cc, 0x10edd55d, 
    0x09867efd, 0x877e5d20, 0x1533230a, 0x8b7e3523, 0x58462210, 0x108d7e4b, 0xde45fe23, 0x0c8f7e91, 0x003a4208, 0x02280200, 0x001d00b5, 0x0a42406f, 
    0x730d0118, 0x0f100f0b, 0x06750714, 0x731d0615, 0x010f1f1b, 0x0f011b0f, 0x061b1b06, 0x1e1f030f, 0x07011f2f, 0x05010566, 0x14167c08, 0x89137910, 
    0x13080213, 0x27048318, 0x411c0e13, 0x410c420e, 0x82063a7f, 0xcd3326af, 0x5d32fd33, 0x08e34bcd, 0x105d5d28, 0x103311ed, 0x048232ed, 0x8641d020, 
    0x35172507, 0x013e1533, 0x078c5218, 0xc5820720, 0x032e3608, 0x9a33013d, 0x212c1a0b, 0x0f3b264b, 0x3b0f6161, 0x52404b26, 0x0160122e, 0x283924ed, 
    0x7e7b0519, 0x01040902, 0x014bfd5f, 0x02080402, 0x27047f7f, 0xc8365840, 0x33008200, 0x00270001, 0x02c50100, 0x001b0008, 0x294c407c, 0x0218a918, 
    0x08058641, 0x01189a32, 0x14061303, 0x0f000505, 0x0b7f0e0a, 0x020c1b0c, 0x1daa0c08, 0x1d3b1d2b, 0x011d1f02, 0x1a7f0002, 0x050a1caa, 0x04010477, 
    0x14708807, 0x0f121401, 0x26069341, 0x0d491b0d, 0x86490b4a, 0x335d24d5, 0x835dcd33, 0x013325d4, 0x5fedf610, 0xf638d182, 0xc0fd5d5e, 0x2f391233, 
    0x3132cd33, 0x5d5f0030, 0x5d5d5d01, 0x16141513, 0x3526d886, 0x35231133, 0xd887010e, 0x2a842a08, 0x251c4526, 0x0b5d5d0e, 0x27451b29, 0x02192e3f, 
    0x33329908, 0x02605f07, 0xfdf90407, 0x0903caf8, 0x025c5e03, 0x31432a15, 0x3dca829a, 0x00005600, 0xb5024502, 0x49001700, 0x06662840, 0x01050601, 
    0x0a730808, 0x73170013, 0x01820a15, 0x00181934, 0x56137c03, 0x10480110, 0x14101001, 0x42144116, 0xab874209, 0xed335d24, 0x3e5e0132, 0xed102205, 
    0x05514d32, 0x9c825e20, 0x33013e28, 0x1d021e32, 0x5e182301, 0x260808e0, 0xb7331123, 0x4d2d5114, 0x60153862, 0x31402710, 0x61124d27, 0x05bc0161, 
    0x5e42240a, 0x2bcccc3b, 0x0a152a41, 0x8298fe05, 0xffff2388, 0x98825000, 0x0803f427, 0x4b001602, 0x089e8200, 0xff0f0038, 0x020b03f1, 0x002f00c5, 
    0x40ce003a, 0x0101673a, 0xa3013829, 0x2a94012a, 0x012a7501, 0x75012983, 0x29370129, 0x08181501, 0x1078480c, 0x16021088, 0x02012601, 0xc9820105, 
    0x30096708, 0x2c272f76, 0x2c022c87, 0x003a3ca9, 0x40f8ffb8, 0x4d00124c, 0x57227600, 0x1c130113, 0x3b181b1f, 0x79302222, 0x1b901c40, 0x80001b01, 
    0x00001313, 0x0135580e, 0x27277c35, 0x27672737, 0x27872777, 0x59452705, 0x08260108, 0x7c030801, 0x0901095a, 0x0e780e68, 0x010e5702, 0x0e010e28, 
    0x5d3f0046, 0x5d335d5d, 0x7d7132ed, 0x39123b05, 0x1a2f332f, 0x325dcc10, 0x2f32ed1a, 0x32d61001, 0x5ddc32dd, 0x322bed32, 0x0682f610, 0x6832c421, 
    0x2b20068f, 0x20086653, 0x08247901, 0x2223032e, 0x2e27022e, 0x36343503, 0x010e1737, 0x08055e4e, 0x1e3233b5, 0x06141502, 0x2e342707, 0x0e222302, 
    0x21010702, 0x207a7709, 0x0a1f2a35, 0x34240818, 0x7e542744, 0x26032b54, 0x041a2e3f, 0x01014d02, 0x3608332c, 0x413c6951, 0x02274868, 0x2d186301, 
    0x4b332c43, 0x01031a32, 0x097d8144, 0x50050e0d, 0x0a0f0f06, 0x4a7c5a32, 0x39241103, 0x071c0e29, 0x08110609, 0x4b052326, 0x2c264b71, 0x08568257, 
    0x314f0618, 0x28213b52, 0x0028503f, 0x0c000200, 0x6802f4ff, 0x29001502, 0xd8003200, 0xff1500b9, 0x081640f0, 0x14054d00, 0x01117801, 0x0901100a, 
    0x2708010f, 0x4d000f10, 0xc0ffb815, 0x00100fb4, 0xffb8144c, 0x821e40f8, 0x18022711, 0x21480c08, 0x0a824022, 0x822a222f, 0x4034ab19, 0x70346034, 
    0x04349034, 0x26228232, 0x4d000eb5, 0x821b8232, 0x82b62009, 0x821b2309, 0x0a82000e, 0x0a82b320, 0x23080782, 0x0c2140f0, 0x004c000d, 0x2133050c, 
    0x0e25881e, 0x1a87320e, 0x80080940, 0x1aa00000, 0x1a021ab0, 0x2522131a, 0x40212d82, 0x232e820e, 0x082d5125, 0x2d380682, 0x00501388, 0x3f2bed3f, 
    0x3912332b, 0x2f335d2f, 0x1a32cc1a, 0x2f32ed10, 0x3305484b, 0x2b2bdcdd, 0xed2bed32, 0xf6105d2b, 0x322bc4ed, 0x2b003031, 0x01220082, 0x00825d5e, 
    0x41372b21, 0x17240a72, 0x3233033e, 0x0f399218, 0x2223f008, 0x3625022e, 0x0e222326, 0x21a20702, 0x04162738, 0x01014902, 0x3f2c084d, 0x7168294d, 
    0x069cfe01, 0x43315653, 0x55110d11, 0x41604136, 0x01620121, 0x31203941, 0xef031421, 0x35231404, 0x071a0e26, 0x080f0609, 0x52370d46, 0x85841b36, 
    0x09050b08, 0x08115550, 0x2614094e, 0x3f7d5c43, 0x34281951, 0x0002001b, 0x0347ff0f, 0x00c5020b, 0x003d0032, 0x674340e6, 0x3b290101, 0x012da301, 
    0x75012d94, 0x2c83012d, 0x012c7501, 0x18012c37, 0x480c0818, 0x13881378, 0x01011602, 0x08010105, 0x0f907311, 0x010f2f01, 0x33000f0f, 0x32090876, 
    0x2f872f27, 0x3fa92f02, 0xffb8003d, 0x125240f8, 0x76004d00, 0x01165725, 0x1e221f16, 0x25253e1b, 0x1f407933, 0x1e011e90, 0x16168000, 0x580e0000, 
    0x7c380138, 0x2a372a27, 0x2a772a67, 0x2a052a87, 0x42430f45, 0x072506ee, 0x7c030103, 0x17f24211, 0x5ded332a, 0x3f5d5d32, 0x5ded5d3f, 0x281df542, 
    0x11ed32c4, 0x5d5d2f39, 0x1bfb42ed, 0x4205bc44, 0x22292cfd, 0x5b254032, 0x22405f40, 0x2afe4202, 0x010a0e29, 0x3a0bb1aa, 0x43406f57, 0x002f2402, 
    0xff0c0002, 0x0268026f, 0x002c0015, 0x43ee0035, 0x2a201603, 0x20110343, 0x0703432a, 0x0f7f282d, 0x2f261f26, 0x26260326, 0x43822d1b, 0x192c0611, 
    0x374037ab, 0x37703760, 0x1b043790, 0x22060f43, 0x4335821b, 0x3520060f, 0x200e0f43, 0x060f4324, 0x4c263622, 0x20051143, 0x0f114335, 0x12432820, 
    0x0830250b, 0x304d000e, 0x43091243, 0x3f231113, 0x43d61001, 0xc4210b14, 0x05a3412b, 0x1943ed20, 0x05b5412e, 0x29231b43, 0x58304910, 0x1a2f472f, 
    0x1c436301, 0x12082925, 0x098c8602, 0x76513f2c, 0x28062043, 0xffff0000, 0x00005600, 0xff661800, 0x18002b0a, 0x72030000, 0x36028403, 0x1982d602, 
    0x9d030726, 0x9c000501, 0x0f262782, 0xed020000, 0x1782e802, 0x1785f620, 0x18be0021, 0x39084f5b, 0x00b5024c, 0x4021012b, 0x0f10230c, 0x1e4c0010, 
    0x4d000f10, 0xf8ffb814, 0x07860cb3, 0x4d000828, 0xf0ffb813, 0x10821240, 0x010f3723, 0x3220840e, 0x00121118, 0xffb80f4c, 0x0011b3e8, 0xffb80e4d, 
    0x8412b3e0, 0x40f02207, 0x08108232, 0x0b0a0821, 0x050c070c, 0x01020304, 0x06060106, 0x140c0773, 0x08070c07, 0x4c000d0c, 0x000b2807, 0x8420074d, 
    0x0820216b, 0x20220b82, 0x3d4e1176, 0x20078206, 0x834e83f8, 0x13402107, 0x112e2c83, 0x4d000940, 0x1a2da911, 0x1901197f, 0x27820c19, 0x832c4021, 
    0x0c250878, 0x4d001010, 0x2801000c, 0x2b732900, 0x422a2ca8, 0x0c792528, 0x4229000c, 0x1689791d, 0x16021699, 0x06410743, 0x062f5941, 0x3fed5d28, 
    0xed2f3912, 0x9f623f32, 0x33112b07, 0x18332b2b, 0x10335d2f, 0x00822bf6, 0x2b2bed25, 0x692b2bd6, 0xa95d0531, 0x41c4200a, 0x2b2107fb, 0x2424825d, 
    0x11132b2b, 0x5762183e, 0x0cda6507, 0xd2473620, 0x21b7320a, 0x19485051, 0x4a451c72, 0x673b234d, 0x41212c4c, 0x07ce6b61, 0x614f4f08, 0x24554b32, 
    0x610e1e0e, 0xc3feb502, 0x51575622, 0x504d211d, 0x22052350, 0x3c496742, 0x012e506a, 0x01014f02, 0x5248676d, 0x01010a2a, 0xb502c9fe, 0x50000100, 
    0xff0146ff, 0x26000802, 0x57409d00, 0x17010d03, 0x0801160f, 0x1c251616, 0x9b610e82, 0x61042006, 0x410805bc, 0x067f0505, 0x0b06140b, 0xab0e0605, 
    0x01281f28, 0x26262200, 0x257f230b, 0x220527aa, 0x1f481f38, 0x1f031f98, 0x230b0b8a, 0x49254926, 0x4a234a24, 0x16851917, 0x13011358, 0x00490652, 
    0x335d3f3f, 0x9b6a32ed, 0xed2f3a05, 0x2e01325d, 0x32edf610, 0xc47d2f32, 0x10185dc4, 0xc100d4f6, 0x042b0587, 0x057a5d7d, 0x2406405c, 0x1801c4c4, 
    0x06956d10, 0x5d303122, 0x6608af62, 0x0a6c09f5, 0xad33310d, 0x393f3f18, 0x37156d13, 0x67193a3b, 0x51371c76, 0x08070f6c, 0x5b61495c, 0x5d07230f, 
    0x1725015d, 0x153b3f3d, 0x37393717, 0x72830618, 0x27435730, 0x024a0201, 0x585f5155, 0x02e90203, 0x00000008, 0xff0d0001, 0x02ca0243, 0x002100b5, 
    0x1c43406c, 0x48120e20, 0x1a010828, 0x0119ab19, 0x1901190f, 0x0073111f, 0x73200b00, 0x14731f12, 0x80231023, 0x4f180223, 0x22290707, 0x421f7914, 
    0x2147191a, 0xc0601879, 0x3f332d15, 0xc61001ed, 0x5d325d5e, 0xd5fdd610, 0xed2ed783, 0x5d5d3311, 0x30313311, 0x2b015d00, 0x60180e01, 0x20740dcc, 
    0x4301240a, 0x18080402, 0x200ed560, 0x0a6a755c, 0x60185620, 0x5f7513e1, 0x8462200c, 0x025a22d7, 0x26e3825e, 0x406b0023, 0x82181e38, 0x083828d7, 
    0x1c020848, 0x18211b1b, 0x2c07dc4f, 0x21147f22, 0x6025167f, 0x250f0125, 0x28d78701, 0x21971624, 0x591b1c4a, 0xe44f1823, 0x88d68915, 0x825d20d7, 
    0x21d688d8, 0x4f180e14, 0x33200df0, 0x27261083, 0x2337033e, 0x4f180111, 0x582413f9, 0x15261d11, 0x2105f274, 0x50180155, 0xfe271304, 0x41472345, 
    0x74281236, 0x4e0805eb, 0x000000ba, 0xff560001, 0x026b0245, 0x001900b5, 0x0500b955, 0x2f40e8ff, 0x16480c08, 0x04050104, 0x800a0b01, 0x0f731911, 
    0x02021f02, 0x1ba80208, 0x15731713, 0x79181aa8, 0x16141212, 0x0b421441, 0x070a790e, 0x00410047, 0xed333f3f, 0x5b3f3f32, 0xfe29058d, 0xfe1032ed, 
    0xd0fd5d5e, 0x05d0671a, 0x33012b23, 0x51441811, 0x1121360e, 0x11331123, 0x610a0221, 0x2d3a210d, 0x090b250e, 0x25081b08, 0x080a5d19, 0x44184b20, 
    0x51200b36, 0x8208125d, 0xff5026ab, 0x02fa0145, 0x23ab8208, 0x0300b95d, 0x3520ab82, 0x3208ab82, 0x02160206, 0x09030226, 0x08090102, 0x0f7f0f17, 
    0x02191f19, 0x1baa1908, 0x11011b90, 0xaa137f15, 0x1087161a, 0x49181210, 0x4a124914, 0x08880c09, 0x85005205, 0x25b186b0, 0x5d32edf6, 0xb282f610, 
    0xb1833220, 0x015d0025, 0x8c212b5d, 0x013d22b1, 0xd64f1823, 0x25b28b09, 0x5d5df01d, 0xad8a5df0, 0x02e6f726, 0x00d4d408, 0x39080082, 0xff560001, 
    0x02c80243, 0x001700b5, 0x0b3b4060, 0x48120e20, 0x1773010f, 0xab080973, 0x080f0108, 0x730e0801, 0x03a00390, 0x80190302, 0x190f0119, 0x15110801, 
    0x18a81373, 0xab827916, 0x12411429, 0x0e790342, 0x41080942, 0x3f21065e, 0x0a5e41ed, 0x5d5d5e34, 0xfd5dd610, 0x115d5d32, 0xc0edfd33, 0x012b3031, 
    0xf2421133, 0x095e410a, 0x410ce842, 0xdd42085e, 0x0b835d0b, 0x025aff25, 0x82080253, 0x405733af, 0x0f180935, 0x0d154812, 0x0607177f, 0x017f0c06, 
    0xa5823019, 0x0319a022, 0x3a055b41, 0x117f130f, 0x871418aa, 0x16100e0e, 0x10491249, 0x0d97004a, 0x4b06074a, 0x83333f00, 0x095641a8, 0xfd26a984, 
    0xd5331132, 0xa68232ed, 0xa4892520, 0x770b835e, 0x55280ba9, 0xf05d5df0, 0x45234d5d, 0x20089177, 0x055241e6, 0x41000124, 0x934f47ff, 0x40543906, 
    0x0c731332, 0x73100a73, 0x1b731d0e, 0x0e010e1f, 0x1f1b0e1b, 0x011fa01e, 0x270fff50, 0x0f411c0d, 0x0d791143, 0x51070151, 0x5d200902, 0x2905044e, 
    0x10ed105d, 0xedfdd5ed, 0xff503031, 0x1523250b, 0x35331123, 0x2d08ff50, 0x3f250fa1, 0x24271330, 0x5c61091c, 0xff50575c, 0xb94b2514, 0x05af0c01, 
    0x080b6218, 0x6fff2e22, 0x2206734f, 0x503b405f, 0x0d270bf8, 0x0f7f0b7f, 0x587f077f, 0xaa25061f, 0x011d1f1d, 0x0ef25000, 0x491b0a2c, 0x870e4c0c, 
    0x49084a0a, 0xf9413f00, 0x735d2006, 0xed27055b, 0x5ef6105d, 0x83eded5d, 0x4f0020b0, 0x33260856, 0x35373632, 0xb5821133, 0xb5823520, 0x22230324, 
    0x4f18022e, 0x4b22087a, 0xee504658, 0xf8fd2410, 0x187dde91, 0x08097e4f, 0x000100a0, 0x0343ff43, 0x00b5027e, 0xb9440136, 0xf8ff2e00, 0x19156340, 
    0xa62e6648, 0x2df7022e, 0x9a296a01, 0x28ad0229, 0x011da701, 0x57011d66, 0x15090119, 0xf80e8801, 0x0e69020e, 0x0109f701, 0x08180808, 0x0108f902, 
    0x08e808d8, 0xa9089902, 0x08880208, 0x01086901, 0x07010357, 0x11a61196, 0x01118702, 0x26107311, 0x01250f25, 0x732c3825, 0xa72b7320, 0x1f1f011f, 
    0xc0ffb82b, 0x0d0c2a40, 0x2b4f4c00, 0x2b022b5f, 0x011b992f, 0x401c731b, 0xa64d000c, 0x1c85011c, 0x57021c95, 0x361c011c, 0x12830076, 0x83100021, 
    0x8336202e, 0x8931082e, 0xa9109910, 0x10580310, 0x30102001, 0x0a100210, 0x010b0f73, 0x37a90b08, 0x1e1a4016, 0x367c1648, 0x79201c36, 0x2526422c, 
    0x1b411c47, 0x2f411141, 0x273a8207, 0x011915b7, 0x0107b04c, 0x40210b83, 0x2027820c, 0x2e0b82a4, 0x0a41107c, 0x3f3f0042, 0x5d2b5ded, 0x823f322b, 
    0x60332000, 0x2b2f0554, 0x5ef61001, 0x5dd5ed5d, 0xd42b5d5d, 0x83d4fd2b, 0x5ded2307, 0x2582c532, 0x105d2f2d, 0x33cceded, 0x1033115d, 0x6c5d5ded, 
    0x5d2007b3, 0x82078762, 0x2b5d3029, 0x27052e25, 0x23070206, 0x3337033e, 0x8317031e, 0x12162206, 0x09fd4217, 0x02262608, 0x07050e27, 0x210a8d01, 
    0x21262b26, 0x050e0b0a, 0x0d0a045f, 0x1b55090f, 0x183a3e3e, 0x3e3e3a18, 0x180f551b, 0x0bbe4308, 0x0e055023, 0x3d2e860b, 0x564a1860, 0x1140515b, 
    0x8cedfe76, 0xa8b1b75a, 0x83782c4b, 0x83363683, 0x952c7883, 0xdd43d1fe, 0x018c2b0b, 0x40117613, 0x4a565b51, 0x00820018, 0x43000133, 0xee025aff, 
    0x30000802, 0x6240c400, 0x120e301f, 0x00561848, 0x1b26210c, 0x21088f82, 0x23262603, 0x1c1c1d7f, 0x32703200, 0x32033280, 0x16227f17, 0x01229f16, 
    0x0d2b2c22, 0x09260a04, 0x56180936, 0x312e130d, 0x97174a23, 0x1c1d4a22, 0x1049114b, 0x56182649, 0x2c211d12, 0x1256182c, 0x3f332318, 0x56183fed, 
    0xcc371015, 0x2f18325d, 0x5dcced10, 0xed331133, 0x5d2f1932, 0x5d5d3333, 0x182b3031, 0x41121e56, 0x2e200964, 0x19275618, 0x090a0624, 0x76440308, 
    0x1851200b, 0x241c3356, 0x72726e33, 0x0a924436, 0x0e3e5618, 0x2a12e74b, 0x02000008, 0x0284038f, 0x4b240036, 0x8d2206cf, 0x27829c00, 0xf5ff2b26, 
    0xe802c001, 0x44201782, 0x06231782, 0x82489d03, 0x26178206, 0x02000008, 0x877a038f, 0x8300232f, 0x2f8a8f00, 0x2f87de20, 0x4b830022, 0x06362f85, 
    0x82030000, 0x1602b502, 0x0000a100, 0x2c00ffff, 0x2503f4ff, 0x0f821502, 0x0f84c120, 0x4f825620, 0x7f841620, 0x7f862820, 0x4f846120, 0xf4ff3324, 
    0x7f84f901, 0x7f827883, 0x1e825b20, 0x0002003e, 0x02f1ff38, 0x00c50287, 0x0029001e, 0x262a40dc, 0x4d000908, 0x00081026, 0x12281a4d, 0x10250482, 
    0x194d0011, 0x27048330, 0x00100f38, 0x0c30194c, 0x20280f82, 0x154d000b, 0xb4f8ffb8, 0x11201283, 0xb3240882, 0x104d000f, 0x402c0782, 0x4d001020, 
    0x000e0801, 0x1208004d, 0x29310482, 0x4d000a08, 0x08137629, 0x131e0909, 0x4d010940, 0x20248313, 0x8236833a, 0x4d002d0e, 0x1f2ba913, 0x08401e76, 
    0x081e4d01, 0x0a821483, 0x1e4d002c, 0x791e2aa9, 0x240e2929, 0x1484187c, 0x82081821, 0x4618266e, 0x097c0308, 0x203e820e, 0x2b2883b5, 0x3f00450e, 
    0x32ed332b, 0xed2b2b3f, 0x21057c48, 0x0a822bf4, 0x82e61021, 0x39112a05, 0xed10332f, 0x312b322b, 0x880d8230, 0x06356102, 0x29091372, 0x2223020e, 
    0x36343526, 0xff561737, 0x22022107, 0x290db052, 0x29548057, 0x42715430, 0xa1529583, 0x5272200c, 0xf6180aa1, 0x6e08166f, 0xff360002, 0x02fc01f4, 
    0x001a0015, 0x40890023, 0x0121a859, 0x88010778, 0x06090106, 0x01216501, 0x78010d6a, 0x980c0106, 0x23490123, 0x23022359, 0x13120082, 0xab000813, 
    0x78821b25, 0x02088808, 0x081f080f, 0xab080802, 0x880f1224, 0xaf851b16, 0x020cbf0c, 0x13050c0c, 0x58011667, 0x50160116, 0x0568881e, 0x01055701, 
    0x3f005105, 0x82ed5d5d, 0x12332603, 0xed5d2f39, 0x44451810, 0xe6102108, 0x20050741, 0x0572645d, 0x015d5d23, 0x2000825d, 0x05dd4801, 0x34013d26, 
    0x012e2137, 0x32052273, 0x1e323301, 0x16060502, 0x023e3233, 0x28fc0137, 0x182d5642, 0x2438c0c1, 0xff000000, 0x055342ff, 0x027a0325, 0x82750336, 
    0x00072610, 0x00980083, 0x4117829c, 0xde200513, 0x76201782, 0x06231782, 0x82558300, 0x4f178206, 0x2f82051b, 0x23051b4f, 0x08018300, 0x820a1b4f, 
    0xf602212f, 0xe3424786, 0xff1d2405, 0x830902f1, 0xd702215f, 0x43201786, 0x2c252f84, 0xb801f4ff, 0x202f8302, 0x205f85f7, 0x8206822b, 0x8219205f, 
    0x0205262f, 0x021602b5, 0x279f831c, 0x47fffdff, 0x0802af01, 0xb0200f82, 0x26083343, 0x02630382, 0x84d80236, 0x008a224f, 0x264f84b0, 0x02000050, 
    0x82c70205, 0x84f82017, 0x718a214f, 0x56204f85, 0x82201782, 0x2f857f84, 0x2f8c8320, 0x2f857f83, 0x2f868320, 0x7f823a20, 0x2f83d020, 0x84320021, 
    0x0083225f, 0x245f84c9, 0x02f3ff33, 0x21af831b, 0x5f845200, 0x856b8321, 0x212f845f, 0x9f82c502, 0x10820420, 0x18000321, 0x08095f46, 0x21001a23, 
    0x4d406f00, 0x1f681f58, 0x17381f02, 0x17021748, 0x23ab0082, 0x1e671e57, 0x18371e02, 0x18021847, 0x06936182, 0x22ab2508, 0x1f508718, 0x40021f60, 
    0x801f501f, 0x041f901f, 0x49051f1f, 0x991b591b, 0x881b031b, 0x1446500f, 0x14021456, 0x0b5c4618, 0x5d2f7c30, 0x01ed1871, 0x5d5ef610, 0x5dc55dfd, 
    0x0583f610, 0x18303121, 0x2f0d38e5, 0x3207021e, 0x1e213736, 0x06221301, 0x012e2107, 0x11494618, 0x4d3ff42f, 0x06dcfe06, 0x4d3c3f4d, 0x09220108, 
    0x3746184c, 0x58fc2a10, 0x01584c4c, 0x4646517e, 0x24ef8a51, 0x36027a03, 0x21ef8302, 0x1f410007, 0x86032110, 0x20051f41, 0x09cf416a, 0x2f843220, 
    0x4f41ed20, 0x003e3006, 0x00ffff9c, 0x01f4ff22, 0x02de02bf, 0x850d0336, 0x8514202f, 0xff14262f, 0x034302f7, 0x205f8263, 0x222f84e3, 0x8476008a, 
    0xff02262f, 0x02df0144, 0x174d18c7, 0x8a002207, 0x832f8b49, 0x202f858f, 0x822f8c83, 0x5c00215f, 0x2f8c5f85, 0x5f87a420, 0x00650123, 0x215f8990, 
    0x5f870803, 0x63650122, 0x3a245f85, 0x21020000, 0xe720bf84, 0x83228f84, 0x2f847800, 0x00002e24, 0xbf84c501, 0x5f850720, 0x06823d20, 0x01003608, 
    0x47ff5600, 0xb502ed01, 0x26000900, 0x0b011440, 0x03730406, 0x0aa80973, 0x41097901, 0x42087904, 0x3f004305, 0xed3fed3f, 0xfdf61001, 0xc610c5ed, 
    0x15013031, 0x066a6321, 0xfeed0126, 0x5c5c57ca, 0x21086863, 0x4f8200b5, 0x6fff5026, 0x08029201, 0x00334f85, 0x057f030b, 0xaa087f02, 0x0887000a, 
    0x07870349, 0x894c044a, 0xedd5214f, 0x23364f84, 0x23153311, 0x21112335, 0x46e59201, 0x42014b58, 0x93feba01, 0x438291de, 0xffff0022, 0xf9229f82, 
    0xcf840203, 0xcf86eb20, 0xcf84f020, 0xf5ff5024, 0xcf84a602, 0x17860b20, 0x0782bf20, 0x00048908, 0x04000056, 0x00c40232, 0x00270013, 0x00370033, 
    0x477540bb, 0x0d67010f, 0x01064801, 0xc028b035, 0x1f280228, 0x39140114, 0x3701393f, 0x2ecf2ebf, 0x1e6f2e02, 0x1e021e7f, 0x0b0d0f13, 0x04010b10, 
    0x07000706, 0x070b1000, 0x0073100b, 0x07001407, 0x00780010, 0x00020088, 0x0b137311, 0x380a7308, 0x370137b0, 0x19190935, 0x03192919, 0x2b093119, 
    0x2b292b19, 0x23062b03, 0x23262316, 0x45230803, 0x410b4112, 0x42004208, 0x2405c762, 0x5ddd5d5e, 0x2a0282de, 0x10015dcd, 0xd532edde, 0x185d32ed, 
    0x200cf64d, 0x08177587, 0x1018012a, 0x5dcd5dde, 0xd6105dc4, 0x31320683, 0x5d5d5d30, 0x27052e21, 0x33112311, 0x1117031e, 0x2b431133, 0x7e551810, 
    0x21053e0a, 0x11022115, 0x423c3614, 0x5c1a3d40, 0x60632c57, 0x015d1e55, 0x42301bc6, 0x30422727, 0x2407871b, 0x3333374a, 0x08038337, 0x01ecfe9c, 
    0x25acfe54, 0x6168645d, 0xdcfd2055, 0x8732b502, 0x02358a8f, 0x024bfd07, 0x32462b06, 0x46321b1b, 0x31472b2b, 0x47311b1b, 0x4242392b, 0x44443739, 
    0x00004dec, 0xfeffffff, 0xe6030401, 0x12025301, 0x00007400, 0x25000100, 0x0e02f2ff, 0x3d00c402, 0x3a40c400, 0x1a013b0a, 0x320b0132, 0x01134701, 
    0x10011336, 0x13010113, 0x3c660801, 0x01329b01, 0x95013119, 0x12150113, 0x202c2b01, 0x19157604, 0x20202010, 0x20032030, 0x3476233f, 0xffb80d0c, 
    0x084140c0, 0x000d480c, 0x06824037, 0x3e373f08, 0x7726672b, 0x7c260226, 0x7b37202f, 0x01181f38, 0x1910007b, 0x19021940, 0x982c1019, 0x2f87012f, 
    0x0c462f01, 0x09010988, 0x010d977c, 0x0110970d, 0x10011088, 0x5d3f0045, 0xed5d335d, 0xb446325d, 0x2f7c2b05, 0xed18335d, 0xed32de32, 0x14821032, 
    0xd6100136, 0x2bc4c02b, 0x10edd632, 0xd4c05dd6, 0x32c610ed, 0x5d003031, 0x03590083, 0x22098205, 0x53213513, 0x273608d9, 0x3233013e, 0x1415021e, 
    0x23153307, 0x010f010e, 0x06211521, 0xcc461415, 0x17760805, 0x2223010e, 0x3435022e, 0x33352337, 0x013f013e, 0x0e550125, 0x162b2215, 0x12184533, 
    0x3b294f2a, 0x09163151, 0x41175b34, 0x05012c26, 0x3f10aefe, 0x272f1d48, 0x2e1a1123, 0x56423065, 0x350a1534, 0x2d48175d, 0x43910125, 0x271a1f19, 
    0x09130d1a, 0x210e0d51, 0x1f214334, 0x29154318, 0x19431917, 0x06362f21, 0x4a080d0a, 0x301d1119, 0x1b26223e, 0x1a291643, 0x00820015, 0x00012408, 
    0x02000028, 0x00b5020d, 0x40910017, 0x27081755, 0x04170208, 0x12020427, 0x0f0e1313, 0x0405080c, 0x67190b09, 0x32080850, 0x730b0207, 0x0c7f1015, 
    0x00020c8f, 0x0f0c010c, 0x02161f16, 0x0e181608, 0x0aa0090d, 0x0f100a01, 0x13140708, 0x0103af04, 0x05111203, 0x0b000606, 0x67160142, 0x122b0768, 
    0x33332f39, 0x325dcd33, 0x82de3232, 0x20088403, 0x058f6501, 0xfd281382, 0x5dd43232, 0xce10c65d, 0x10231a82, 0x523232cc, 0x5d27055e, 0x15231501, 
    0x84071737, 0x35232403, 0x84372707, 0x35232703, 0x74c50d02, 0x0282921e, 0x06855b20, 0xb502c528, 0x3f379950, 0x03827345, 0x3699bf25, 0x8273443f, 
    0x50bf2103, 0x0222df82, 0xdf823000, 0xdf820520, 0x00072708, 0x4031000b, 0x0473021a, 0x06040008, 0x04060a0a, 0x0d050800, 0x7901050c, 0x0b790907, 
    0x00420341, 0xdefd3f3f, 0x846132ed, 0x3031210b, 0x113c8182, 0x35231123, 0x35211525, 0x5bbd0502, 0xfed501bd, 0x4e08022b, 0xba0146fe, 0x4e4ead4e, 
    0x37086282, 0x0f000200, 0x20020000, 0x1a00ba02, 0x78002900, 0x23484a40, 0x88022378, 0x22590122, 0x06022269, 0x02131613, 0x258c1308, 0x048b1902, 
    0x0c8b1e08, 0x100d1025, 0x0c250048, 0x28088383, 0x0500250c, 0x8f1b2a2b, 0x1f0b5810, 0x0909188e, 0x18011860, 0x018e1a07, 0x015f0505, 0x55030101, 
    0x5dce3f00, 0xfd102f32, 0x23068432, 0xed3f32ed, 0x2b2f9e89, 0xc0d0ed10, 0xed1032ed, 0x30315d5e, 0x825d5d5d, 0x231525a2, 0x33352335, 0x113f0383, 
    0x3233013e, 0x0e141516, 0x15012b02, 0x07062213, 0x3e323311, 0x2e343502, 0xfec40102, 0x82525bf8, 0x27350800, 0x8b85295f, 0x456f4d29, 0x2c265b3a, 
    0x4c303508, 0x2e1b1c35, 0x6a47b13d, 0x4866476a, 0x070a4a01, 0x4f39696a, 0x01661632, 0xfe0102b8, 0x351f0ef9, 0x1d322627, 0x08f0820c, 0x2a000142, 
    0x55015c02, 0x0d00e802, 0x20403600, 0x0d180d08, 0x0a0b0802, 0x030e0304, 0x0ac0040b, 0x0ae00ad0, 0x07af0a03, 0x07cf07bf, 0x69000703, 0x5ddd3f00, 
    0xc5325dde, 0xd6100132, 0x31cddedd, 0x5d5e0030, 0x0d5f4a18, 0x4f3fc023, 0x434a1808, 0x024e2c08, 0x1339405c, 0x20282820, 0x18403913, 0x2814c77b, 
    0x025002fa, 0x001602bc, 0xab811825, 0xb5022509, 0xd3021602, 0x08240f84, 0x83020000, 0x01210f83, 0x0833499b, 0x0f831620, 0x84280021, 0x8221200f, 
    0x8418201f, 0x883d200f, 0x846b201f, 0x822b200f, 0x935018db, 0x0027300b, 0x40d7002b, 0x1e68290a, 0x011e2901, 0x660a761e, 0x078306a9, 0x0f104031, 
    0x400a4d00, 0x1f4d0009, 0xa90a010a, 0x8314282d, 0x000e221c, 0x2307824d, 0x0a2c40f0, 0x76200882, 0x20055a4c, 0x3c288208, 0x00084000, 0x01000f4d, 
    0x2b2ca900, 0x1f290f79, 0x4f293f29, 0x0529bf29, 0x05292908, 0x84388619, 0x000a2207, 0x2207824d, 0x822340f0, 0x7c192458, 0x8212080f, 0x23408336, 
    0x0823460f, 0x23215c82, 0x21208208, 0x1c821023, 0xc7182320, 0xed2d1d46, 0x122b2b2b, 0x5d5e2f39, 0xf61001ed, 0x230c825d, 0xce2b2bfd, 0x5d230986, 
    0x1831ce5d, 0x58085958, 0x2e220586, 0x5a4c3702, 0x05885806, 0x17020e25, 0x18211521, 0x23109550, 0x553b2066, 0x0cf8f118, 0x27015124, 0x5018d9fe, 
    0x59201084, 0x0e8f9518, 0x5a501521, 0x56211367, 0x47781800, 0x0873080d, 0x84020000, 0x1200b502, 0x49407900, 0x12771237, 0x780c3802, 0x0677020c, 
    0x0f0c0601, 0x060b730c, 0x0c060b14, 0x0f12050b, 0x05007312, 0x12050014, 0x000f0f00, 0x1440140b, 0x14a01470, 0x01140f03, 0x001f000f, 0x13000802, 
    0x0f49420b, 0x0f020f59, 0x00410605, 0x3f3f0042, 0x3f5d3333, 0x5ec61001, 0x105d5d5d, 0x193911c6, 0xc100102f, 0x2b180587, 0x89c47d87, 0x30312209, 
    0x201f8201, 0x060d5133, 0x26232b08, 0x02062702, 0x46250807, 0x5b224142, 0x45434122, 0x68366b26, 0x35683737, 0x99a8bb6e, 0xa8994b4b, 0x019e6ebb, 
    0xfe7f8024, 0x78189edb, 0xfb4e1767, 0x00312605, 0x00030000, 0x22db8225, 0x82b50203, 0x07220809, 0x33000b00, 0x0d0f1b40, 0x08020d1f, 0x0d05000a, 
    0x0c040108, 0x0a0a7908, 0x06790403, 0x03790042, 0x74180041, 0x01240703, 0xcec6d610, 0x312c0383, 0x015d5e30, 0x01213521, 0x13211521, 0x01390382, 
    0x0136fef9, 0x012cfeca, 0x3622fede, 0x8efe7201, 0xfd546102, 0x9501549f, 0x4b8b8354, 0x00210893, 0x08df4232, 0xb5026526, 0xdf021602, 0x3d260f88, 
    0x1602bc02, 0x0f433300, 0x840b2008, 0x840e201f, 0x8210200f, 0x832520ab, 0x3700210f, 0x0812836c, 0x38000365, 0x28030000, 0x0a00e202, 0x2f002400, 
    0x4040bd00, 0x15252f0b, 0x22162416, 0x17180a00, 0xab311723, 0x39010578, 0x73050105, 0x30011d89, 0x171d011d, 0x01168973, 0x16011630, 0x36012a77, 
    0x762a012a, 0x0f011086, 0x02101f10, 0x30ab1008, 0x002f4224, 0xb7f8ffb8, 0x4c001211, 0x220b7c00, 0xb3c0ffb8, 0x824d0012, 0xb4f02507, 0x4c00100f, 
    0xf8230882, 0x820e2040, 0x42232611, 0x250a4417, 0x24288308, 0x15187c25, 0x211d8310, 0x19820815, 0x4416152c, 0x2bdd3f00, 0x2bed322b, 0x08833f32, 
    0x012c0985, 0x5d5ef610, 0x5d5ded5d, 0xfd5d5ddc, 0x09820382, 0x3311e625, 0x82c47d10, 0x82078200, 0x31c42305, 0x13452530, 0x233b0806, 0x022e2203, 
    0x023e3435, 0x15333537, 0x1415031e, 0x1523020e, 0x0e221123, 0x1e141502, 0xdf013302, 0x243d5330, 0x30533d24, 0x5b77405e, 0x775b3737, 0x76405e40, 
    0x5c37375c, 0x875e4076, 0xa421081a, 0x324d351b, 0x1b354d32, 0x492612fe, 0x6a45456b, 0x50012649, 0x49260150, 0x6b45456a, 0x02542649, 0x27208742, 
    0xff000000, 0x001700ff, 0x0d977818, 0x0f824120, 0x02ee5208, 0x001b00b5, 0x198740f7, 0x4d001208, 0x0f137315, 0x0d01731b, 0x0b077309, 0x02131b13, 
    0x0f401308, 0x0d134812, 0x130d0707, 0x041c1d03, 0x1dc4011d, 0x1de41dd4, 0x011dab03, 0x1d941d64, 0x011d4b02, 0x1d241d04, 0x38031d34, 0xcf011deb, 
    0x021ddf1d, 0x220f8414, 0x82841d54, 0x1db4261f, 0x441d2407, 0x240c831d, 0x1db41da4, 0x083a82c4, 0x091df426, 0xef011dfb, 0x9002011d, 0x021dd01d, 
    0x40011d7f, 0x1d0f011d, 0x1d2f1d1f, 0x0d100803, 0xb4f0ffb8, 0x4c001110, 0xf8240882, 0x4d000fb3, 0xf0240782, 0x0c0b1d40, 0x7c231182, 0x82101b02, 
    0x1b1b22a3, 0x26068302, 0x41140202, 0x4308410e, 0x3f2d0570, 0x2b2f393f, 0x102b2f33, 0x2b2b2bed, 0x050d4932, 0x5d5d5f28, 0x72727271, 0x00835d5e, 
    0x70117121, 0x2b2705a6, 0xed105d5e, 0x64edd010, 0x2b3205e3, 0x22352321, 0x013d022e, 0x16141533, 0x11331133, 0x0b843632, 0x23020e2d, 0x515fc701, 
    0x5e1f4770, 0x825f5e6b, 0x1f820803, 0xb1517047, 0x3c684b2b, 0x6171ddea, 0x51feaf01, 0xeadd7161, 0x2b4b683c, 0x01000000, 0x00003400, 0xc502dc02, 
    0x8e002f00, 0x269b5c40, 0x8c0226ab, 0x26290126, 0x26022659, 0xa40a9422, 0x0a83020a, 0x560a2601, 0x0e0a020a, 0x1801226f, 0x0e600122, 0x010e1701, 
    0x0e220e22, 0x0c76132b, 0x0501051f, 0x1d2431a9, 0x012b0f76, 0x30a92b08, 0x250e0e22, 0x0c7c0b25, 0x420c2424, 0x18191809, 0x18031859, 0x6782667c, 
    0x00452008, 0x5ded5d3f, 0x102f333f, 0x322f32ed, 0x10013311, 0xed5d5ef6, 0x5df610c4, 0x3912edc4, 0x832f2f39, 0x331121e9, 0x04840582, 0x18303121, 
    0x26078d5b, 0x21153307, 0x45033e35, 0x15240769, 0x17021e14, 0x33201182, 0x08050c73, 0x40880135, 0x16355976, 0x8f172e24, 0x371ff5fe, 0x3a201728, 
    0x52323252, 0x2817203a, 0xf5fe2036, 0x242e178f, 0x75593516, 0x552bc502, 0x562f537e, 0x52163d4a, 0x183e1944, 0x230d4ae6, 0x5244193e, 0x094ae618, 
    0x02005208, 0xf5ff3300, 0x13024902, 0x2c001b00, 0x3a406100, 0x0801150a, 0x4a011459, 0x14080114, 0x210f1f01, 0x050f0b7f, 0x0502056f, 0x012e502e, 
    0xab177f28, 0x1c0b1f2d, 0x120f1288, 0x51120c0c, 0x01259922, 0x25382528, 0x05882502, 0x3f005000, 0x5d5ded32, 0x21f58232, 0xf7823311, 0x10013235, 
    0x105dedfe, 0xedce5dde, 0x30313232, 0x5d015d00, 0x835d5e5d, 0x111721e8, 0x0721d683, 0xaaaf1822, 0x32132b0b, 0x35263736, 0x23012e11, 0xf5830622, 
    0x3b015008, 0x2932391c, 0x1f13090d, 0x3d2d0d16, 0x364e1913, 0x1f3c593b, 0x2a624525, 0x06103f29, 0x501f3508, 0x3924105b, 0x09061302, 0xb1fe050b, 
    0x0915231d, 0x181b4e03, 0x48282113, 0x653f3b63, 0x33fe2646, 0x211b0c1b, 0x09030b01, 0x45285b62, 0x82001d33, 0x023a0800, 0x47ff5000, 0x08033002, 
    0x38001c00, 0x00b99e00, 0xb3f8ff35, 0x354d000f, 0x40f0ffb8, 0x4d000e09, 0x000d2022, 0xffb8094d, 0x110f40f8, 0x29294d00, 0x10301402, 0x304d000f, 
    0x13830c82, 0x102e2708, 0x0c4c0011, 0x00120825, 0x1482254d, 0x3a003aab, 0x7f003801, 0x1d39aa02, 0x28198820, 0x0f2a2a85, 0x191c070f, 0x3283334a, 
    0x07883322, 0xb3233282, 0x834d0010, 0x08b62107, 0x4f320782, 0x3f004b00, 0xed2b2b3f, 0x12333f2b, 0x332f1939, 0xe9522f18, 0x32ed2706, 0xedf6105d, 
    0x1a82d42b, 0x39121123, 0x05f1532f, 0x11231725, 0x4c023e34, 0x06210516, 0x06774407, 0x27262223, 0x05bf6635, 0x26343525, 0x4935012b, 0x9e0805b7, 
    0x0e222326, 0x5dad1502, 0x3b543519, 0x1f384d2e, 0x3b293336, 0x45251125, 0x41293b60, 0x333d0f14, 0x1b2d3c21, 0x0807635d, 0x1627351e, 0x30233a3b, 
    0x02b90e1f, 0x3f5532d8, 0x48311923, 0x15552d30, 0x40382b0b, 0x3a573a21, 0x560b141d, 0x2412180b, 0x594c2537, 0x2d1e0f4c, 0x1742311e, 0x0021392a, 
    0xff120001, 0x02de0147, 0x001a0008, 0x052b405e, 0x12001010, 0x0e101382, 0x13384812, 0x1a021348, 0x13130113, 0x0b820a1a, 0x0f82001c, 0x021a1f1a, 
    0x1a1b1a08, 0x124b1349, 0xffb8054b, 0x820c40c0, 0x10052a27, 0x0a490b51, 0x00490049, 0x2100823f, 0x04822bcd, 0xd6100128, 0x10ed5d5e, 0xf182edd6, 
    0x2b5d5d2a, 0x113911ed, 0x13303133, 0x08066e58, 0x07030ed9, 0x2e231716, 0x0d7a2705, 0x0b1f2222, 0x1c252b17, 0x230a5d09, 0x102d4533, 0x17045808, 
    0x2527251f, 0x2408020f, 0x33757265, 0x6f6f692b, 0x8b7e3231, 0x58564692, 0x8183813a, 0x00276675, 0x00020000, 0x02f3ff33, 0x0008031a, 0x003e0011, 
    0x2a8840d1, 0x161c0116, 0x012a4601, 0x57011705, 0x16430116, 0x01163401, 0x1e011607, 0x1100301d, 0x01118012, 0x11011134, 0x112c2a12, 0x127f2a2c, 
    0x11121411, 0x2c12122a, 0x690d593a, 0x820d020d, 0x2840ab30, 0x01152082, 0x01036615, 0x03010357, 0x1f3a0f82, 0xab3a023a, 0x6608563f, 0x0308a608, 
    0x51358808, 0xa688231e, 0x181d011d, 0x012ca74f, 0x2c962c76, 0x012c0a02, 0x0112a82c, 0x12571237, 0x12971287, 0x01120604, 0x77491208, 0x33270541, 
    0x3f5d5d5d, 0x79ed5d33, 0x5d2d0662, 0xd45d5ded, 0xf610ed5d, 0x39125ded, 0x0cb84f39, 0x71710022, 0x2005f86f, 0x08434ec4, 0x5d015d27, 0x010e015d, 
    0x0a964915, 0x012e2722, 0x0965aa18, 0x22230322, 0x42055877, 0xbf460735, 0x01d70805, 0x1152482d, 0x24273824, 0x1b132537, 0x26603229, 0x1b57652f, 
    0x091f2831, 0x22180515, 0x230d182c, 0x2d33151f, 0x233a4b27, 0x415c3b1c, 0x1e3d5b3d, 0x01412f1b, 0x4b6d14c9, 0x1e334324, 0x2641301c, 0x2330432d, 
    0x2b3e1b3d, 0x0b084646, 0x034a040d, 0x03080b0b, 0x1b13170c, 0x371b1e2b, 0x2f3d5844, 0x2a2d495b, 0x2e366048, 0x00304050, 0xff370001, 0x02e001f4, 
    0x00390015, 0x0a604092, 0x3726012b, 0x01371701, 0x16013116, 0x30090130, 0x0130f601, 0x30e730d7, 0x292b1902, 0x0506022b, 0x0e3b2322, 0x821b3582, 
    0x2d1f2d0f, 0xab2d0802, 0x0f88163a, 0x02143f14, 0x14cf14bf, 0x140314ff, 0x00303014, 0x22012297, 0x1d871d77, 0x1d031d97, 0x51282388, 0x980b8806, 
    0x440b020b, 0x3226087b, 0x5ded333f, 0x5c435d32, 0x715d2206, 0x057645ed, 0x10edd424, 0x814f32d6, 0x71712507, 0x015d5d71, 0x22058644, 0x44032e07, 
    0x3b22066d, 0x33411501, 0x32332605, 0x1737023e, 0x2517820e, 0x3435022e, 0x77453736, 0x24b80806, 0x1f293018, 0x1d050e08, 0x36142c26, 0x261e144a, 
    0x175b5912, 0x8914222c, 0x212d361d, 0x26091908, 0x24274334, 0x322a404e, 0x16190b29, 0x51391f0e, 0x08051502, 0x024f0408, 0x23060909, 0x101d1826, 
    0x13094905, 0x08531821, 0x4d040c0c, 0x080c0d05, 0x313e220d, 0x04114628, 0x15241d15, 0x12263825, 0x34000100, 0xc90144ff, 0x28000103, 0x3240c400, 
    0x28452835, 0x01282302, 0x02012815, 0x27160128, 0x011b4901, 0x1b3a1b0a, 0x011a4902, 0x09011a3a, 0x1468011a, 0x01138901, 0x29011378, 0x03a5010e, 
    0xffb80301, 0x0d5440e0, 0x02a74811, 0x01025501, 0xaf098200, 0x30160116, 0x39251082, 0x02164916, 0x370c820a, 0x77215704, 0x0321a721, 0x78118221, 
    0x02118811, 0x0f011167, 0x02111f11, 0x2408bf82, 0x11111704, 0x19090417, 0x1f292a05, 0x161a012a, 0x574e1887, 0x88260126, 0x5203040c, 0x2f333f00, 
    0xed3f5ded, 0x08f46d32, 0x5e2f2f2d, 0x105d5d5d, 0x33115ded, 0x822b5d5d, 0x30312108, 0x13820783, 0x052a028a, 0x27070614, 0x3435033e, 0x44412726, 
    0x37770805, 0x15213523, 0x1415050e, 0x1e17021e, 0x1fc90101, 0x0d045012, 0x4139090c, 0x162f4833, 0x1f5b553c, 0x166501ed, 0x323f403d, 0x3622111f, 
    0x354a5c26, 0x191a4726, 0x1e1b1807, 0x0b1c220d, 0x4c362109, 0x778b4a34, 0x484e1d5f, 0x52463914, 0x252f5e58, 0x06162334, 0x00004010, 0x50000100, 
    0xf40147ff, 0x17001302, 0x06b34800, 0xb8060106, 0x1d40f8ff, 0x4c00100f, 0x580f7f0a, 0xaa210584, 0x5b011919, 0x88102309, 0x21820300, 0x2083b520, 
    0x00500322, 0x20058359, 0x05e97c3f, 0xed5d5e29, 0x2b003031, 0x51135d01, 0x11210693, 0x41661823, 0x23520809, 0x456a2050, 0x1431523e, 0x321e0d5d, 
    0x1d200f25, 0x015d0517, 0x231208f9, 0xfe35583f, 0x30c90123, 0x02132a44, 0xfe010403, 0x00030049, 0x02f0ff37, 0x00080323, 0x001e0013, 0x40660029, 
    0x011da743, 0x780116a7, 0x25190119, 0x2bab0582, 0x1a011a77, 0xa9758224, 0xab220806, 0x1987242a, 0x14271f19, 0x14671437, 0x96881403, 0x0a48010a, 
    0x28510a01, 0x021f381f, 0x0099881f, 0xe6824701, 0x3f004f23, 0x057c7b5d, 0x125ded24, 0xdf422f39, 0x5d322606, 0xc0fdf610, 0x20b6825d, 0xd563185d, 
    0x05f3430a, 0x3e321336, 0x1e213702, 0x0e221303, 0x2e210702, 0x3d2d0103, 0x1f1f3d5d, 0x3e210482, 0x3107835c, 0x38273e5c, 0xfe021124, 0x241201d3, 
    0x37272838, 0x22821224, 0x13022a08, 0x08033724, 0x5b936737, 0x3767925c, 0x5c926737, 0x3767935b, 0x4a283afd, 0x68414168, 0x7402284a, 0x3d634526, 
    0x2645633d, 0x08948200, 0xf6ff4e2d, 0x0802f900, 0x3b000b00, 0x02080c40, 0x100d0001, 0x0d08020d, 0xffb80b40, 0x081540c0, 0x800b480d, 0xaa037f05, 
    0x0b49040c, 0x82100088, 0x5100270f, 0xed2b3f00, 0xb582013f, 0x2bde1a25, 0x825ece1a, 0x5d3108ba, 0x35012e17, 0x14113311, 0xec17021e, 0x085d4856, 
    0x0a161e12, 0x014a4602, 0x178ffe80, 0x0309121e, 0xff000000, 0x005000ff, 0x020b0200, 0x01160208, 0x22108215, 0x82100001, 0x03ec2f80, 0x00220008, 
    0x210d40e1, 0x000e0b10, 0x05841e4c, 0xffb81a27, 0x000db3f0, 0x2507824d, 0x0009b3d8, 0x0f83084d, 0x03200782, 0x40210782, 0x08088232, 0x1d1f1e23, 
    0x0b09081f, 0x02030b06, 0x00050001, 0x00002221, 0x0b200b05, 0x0b060500, 0x7f050b00, 0x06140b06, 0x2f0f8206, 0x1f1d7f0b, 0x1d1f1d14, 0xb4e8ffb8, 
    0x4c00110f, 0xd8240882, 0x4d000eb3, 0xe8230782, 0x820d2240, 0x1d460808, 0x13241f06, 0x1f060f14, 0x06080206, 0x20171d23, 0x134a1f4a, 0x4f171410, 
    0x054a060b, 0x3f3f004a, 0xcd333f2f, 0x123f3f32, 0xd6100139, 0x32c65d5e, 0x3911c610, 0x2b2b2b2f, 0x107d2b87, 0x101887c4, 0xc100102b, 0x0b820587, 
    0x08871024, 0xff660ec4, 0x87102107, 0x31220a86, 0x2c820130, 0x01200282, 0x08167818, 0x250af15a, 0x17121617, 0x06192e23, 0x38080a95, 0x12203e37, 
    0x19241e1c, 0x0d05150e, 0x22182505, 0x0d1f2835, 0x6124704a, 0xaa01411a, 0x676f7336, 0x89843a2b, 0x412a3e89, 0x0204162c, 0x1406024b, 0xad1e3124, 
    0x5e86b2fe, 0x055f41dd, 0x0147ff29, 0x020802f4, 0x84900016, 0x0010240f, 0x84e60100, 0x0059210f, 0x80080a82, 0x44ff3200, 0x0803cf01, 0xae003e00, 
    0x3e577340, 0x013aa601, 0x0a013a57, 0x15a90120, 0x01136a01, 0x46011209, 0x02035603, 0x24010335, 0x03150103, 0x01097601, 0x09010967, 0x2635820e, 
    0x08970887, 0x76086602, 0x05080208, 0x01401f40, 0x2f012f76, 0x01196982, 0x881e6819, 0x561e021e, 0x3c47013c, 0x0f823c01, 0x02141f14, 0x3fab1408, 
    0x23882a27, 0x35358737, 0x26101919, 0x88014f23, 0x08094a10, 0x05a16352, 0x200e3e49, 0x053d475e, 0x06833220, 0x32d61027, 0xc4c45d5d, 0x210582ed, 
    0x8d443031, 0x1e25240a, 0x44141503, 0x01240990, 0x023e3435, 0x2606dc45, 0x17163233, 0x45012e07, 0x1e2105ff, 0x080a4602, 0x29011626, 0x1127402e, 
    0x0806a644, 0x6442382b, 0x352e1f64, 0x1e2b1c15, 0x513c220f, 0x1045302f, 0x26391010, 0x0f203324, 0x223b2b19, 0x45183d46, 0x564c2e40, 0x2d211708, 
    0x0bb8441e, 0x64112908, 0x2f422b5d, 0x2209081e, 0x311a322c, 0x0e19324a, 0x0e065006, 0x192b2013, 0x0f1f2e20, 0x3d210c4e, 0x003c3e30, 0x00ffff00, 
    0x23061f5b, 0x52001602, 0x72080f84, 0x01000050, 0x020802f2, 0x00ff0216, 0x00020000, 0x0247ff4a, 0x00130220, 0x00210012, 0x084f4077, 0x69080108, 
    0x09660114, 0x01026801, 0x49011b58, 0x821b011b, 0x0323ab0e, 0xaa057f21, 0x011e5822, 0x1e011e49, 0x04500b88, 0x9913894b, 0x137a0213, 0x01136901, 
    0x56164613, 0x88160216, 0x8901039a, 0x037a0103, 0x01036901, 0x01009703, 0x3f005100, 0x825d325d, 0x84ed2000, 0x3f3f2906, 0x015d5ded, 0x32edf610, 
    0x5d200382, 0x28055a44, 0x5d5e015d, 0x27262205, 0x06984a15, 0x14151625, 0x4a27020e, 0x3908088d, 0x15062223, 0x492c3101, 0x391d5d15, 0x81773652, 
    0xc3593d20, 0x281d421f, 0x4412263a, 0x0c443f51, 0x01d20d18, 0x3f5836dc, 0x3b858b23, 0x7a294863, 0x331d1217, 0x625b2846, 0x7e825b52, 0x44ff333f, 
    0x1502ba01, 0x68002900, 0x03454540, 0x24020355, 0x02033403, 0x66010887, 0x02087608, 0x21eb8254, 0xea828205, 0x01095434, 0x160e0e09, 0x25372b1e, 
    0x25022547, 0x68165882, 0x69560216, 0x2aab2606, 0x1b88221f, 0x0c294250, 0x82c6fd21, 0x5d5e2ac4, 0x105ded5d, 0x2f3911c6, 0x83098233, 0x303123e5, 
    0x11425d5d, 0x3503240e, 0x42023e34, 0x824c080a, 0x26312405, 0x410e2134, 0x283b06ff, 0x32523e2d, 0x5f402015, 0x1f43233f, 0x1e361414, 0x2b185452, 
    0x17085139, 0x411c2b20, 0x1d3708ef, 0x2b0c091d, 0x3835523e, 0x0c2c4c64, 0x0c0a4f0d, 0x3f345769, 0x82001226, 0x058f4a00, 0x02552808, 0x00160008, 
    0x405d0027, 0x011eac3b, 0x88011e9a, 0x1e59011e, 0x01026801, 0x1282171a, 0x0f291000, 0x82200129, 0x5c010a57, 0x283107fe, 0x011a4812, 0x8711871a, 
    0x2597490f, 0x01254601, 0x06eb5c25, 0xed3f5d25, 0x88325ded, 0xdcd623dd, 0x1f4aed32, 0x14252308, 0x3258020e, 0x28d28205, 0x1e231521, 0x26340703, 
    0x07e04227, 0x32334c08, 0x23150236, 0x32355940, 0x2d264158, 0x0136644b, 0x1d108f10, 0x2e5f0c16, 0x3c1a2126, 0x27162335, 0x4e441f35, 0x415d3aee, 
    0x60442423, 0x42684a3b, 0x2e124e1e, 0x3e1d3a35, 0x2a0f226c, 0x42293e4d, 0x005b182e, 0xff100001, 0x82a601f8, 0x001737cf, 0x092c404a, 0x00170105, 
    0x010c0019, 0x7f0e800c, 0x01080040, 0xc2868008, 0x870d1831, 0x490b8709, 0x00881417, 0x0c081003, 0x47510348, 0xed300670, 0xd61001ed, 0xde1a5d5e, 
    0x1afd1a5d, 0xc4c65ddd, 0x5d21bf82, 0x05ec5825, 0x23013d23, 0x4ab88235, 0x270805e1, 0x91013736, 0x3514290e, 0x8a0e2742, 0x09af9601, 0x13182114, 
    0x03020a21, 0x4f341b07, 0x4e4ef034, 0x1d3327ef, 0x0003050c, 0x4a249382, 0xf601f5ff, 0x22089382, 0x403a0015, 0x0f7f0e25, 0x02101f10, 0x0717aa10, 
    0x16aa057f, 0x4906490f, 0x0b670b57, 0x79880b02, 0x82008900, 0x08012c25, 0x3f005100, 0xed5d5d5e, 0x473f3f5d, 0x5d3005fe, 0x053031ed, 0x35022e22, 
    0x14113311, 0x36323316, 0x54080884, 0x2001020e, 0x12305341, 0x3c3c3d5d, 0x30125d3d, 0x41270b53, 0x2b012c54, 0x4958e2fe, 0x1e015849, 0x542cd5fe, 
    0x03002741, 0x47ff3300, 0x1502cf02, 0x1d001400, 0x71002400, 0xab261740, 0x12111015, 0x82154c00, 0x0c0b1010, 0x1a104c00, 0x00227f14, 0xf0ffb81e, 
    0x831683b4, 0x16402108, 0x1e211883, 0x06424682, 0x1425ab28, 0x88211b4b, 0x23821301, 0x10114022, 0x13263b82, 0x881a2251, 0x0a83100b, 0x00500b2b, 
    0xc5fd2b3f, 0xfdc02b3f, 0x2db183c0, 0x2bed5d5e, 0xfd32dc2b, 0xed2bdc32, 0xba82e62b, 0x6b493520, 0x07364e05, 0x13152908, 0x27022e34, 0x25013e11, 
    0x11171614, 0x5401010e, 0x294b6b42, 0x4c7c572f, 0x2c557c51, 0x16c28c95, 0x66334930, 0x6122fe5c, 0x2a080082, 0x2905b0b9, 0x3f3b5f45, 0x26264666, 
    0x763f6646, 0x01b00a8d, 0x334328bd, 0x7dfe0520, 0x5050660a, 0x82010b65, 0x0000690a, 0x1800ffff, 0x200ffb77, 0x08f7824a, 0x0802be26, 0x52001b00, 
    0x1d001e40, 0x08021d10, 0x7f04aa1d, 0x7f0c0006, 0x7f161a0e, 0x1b1caa14, 0x1a491549, 0x0f0c8801, 0x0883fa87, 0x830a4021, 0x510f2afa, 0x49054b0d, 
    0x3f3f3f00, 0x83d7842b, 0xdced22d8, 0x26d482d0, 0x5d5ee6ed, 0x82013031, 0x013d26bf, 0x0e141133, 0x05ff7002, 0x33113523, 0x08cf8315, 0x53b1014f, 
    0x421f5d5d, 0x475a4666, 0x5d1f4265, 0x0802545c, 0x5e043ffe, 0xfefef56a, 0x2b496239, 0x02aeae02, 0x3962492b, 0x6af50201, 0xc101045e, 0x39000100, 
    0x0d03f6ff, 0x38001302, 0x1140ff00, 0x98013607, 0x022ba82b, 0x14a71497, 0x01129602, 0x07d1522e, 0xe0240882, 0x4d000fb3, 0xf0230782, 0x82081340, 
    0x10292708, 0x294d000e, 0x04820d08, 0xab3a822b, 0xe0ffb82f, 0x001210b4, 0x2008824c, 0x822883d0, 0x40e02207, 0x38288221, 0x01349f2f, 0x7f200334, 
    0x1e011e9f, 0x11101011, 0x20114c00, 0x114d000f, 0x211b8210, 0x5f821611, 0x000eb323, 0x2307824d, 0x0d4740f8, 0x82220882, 0x46832010, 0x0f301026, 
    0x20104d00, 0x10392382, 0x0b1f0b0f, 0xab0b0802, 0x502f2e39, 0x5010111f, 0x03881926, 0x4d001220, 0x234b8203, 0x1020034d, 0x00220982, 0x0c820806, 
    0x10064c22, 0x06303482, 0x2b3f0051, 0x2b33c02b, 0xc0fd2b2b, 0x3fcc333f, 0x20056952, 0x220f8232, 0x832b2bed, 0x5ddc2506, 0x5ddc39fd, 0xe6200983, 
    0x17471186, 0x51052005, 0x37290c7d, 0x15030e17, 0x32331614, 0x0562533e, 0x33021e2a, 0x34353632, 0x3727022e, 0x0805434e, 0x373d025f, 0x53101053, 
    0x384c2d37, 0x221e151f, 0x1d07530e, 0x393a161d, 0x03142b28, 0x2b14035c, 0x163a3928, 0x53071d1d, 0x151e230d, 0x0a4c381f, 0x312c2c31, 0x48633f1c, 
    0x37485730, 0x2f0b1d11, 0x532d5141, 0x45402e61, 0x17919117, 0x612e4045, 0x41512d53, 0x111d0b2f, 0x30574837, 0x1c3e6448, 0x08cb5900, 0x02c52508, 
    0x00240036, 0x03060100, 0x0000c7e4, 0x1900b916, 0x14b3c0ff, 0xb8194815, 0x0cb2c0ff, 0x2b01480c, 0x0030312b, 0x22082f82, 0x0000e3ff, 0xc5025502, 
    0x28002600, 0x0701003f, 0x6cffe403, 0x17000000, 0x400c0f40, 0x0c481b18, 0x82131140, 0x0b0b2104, 0x32843183, 0xaf203387, 0x2b213384, 0x2133aa44, 
    0x3384fb00, 0x338d2c20, 0x67830420, 0x67830420, 0x8e400421, 0x82ee2067, 0x279a18c1, 0xe3ff252e, 0xe902f1ff, 0x32216784, 0x279b8919, 0x4028b51c, 
    0x28481a19, 0xb322fe82, 0x0784100c, 0x0a08b222, 0xff27d488, 0x00e3ffff, 0x84ce0200, 0x7e3c2137, 0x39273789, 0x114016b5, 0x82164811, 0x09402837, 
    0x16481010, 0x850e0e40, 0x0a0e220d, 0x280d820a, 0x11480808, 0x48121140, 0x20208211, 0x4a1182b2, 0x2b270664, 0xff003031, 0x820600ff, 0x03502753, 
    0x0026027a, 0x5382003c, 0x0083003f, 0x009c006f, 0x02104017, 0x25130001, 0x02500c04, 0x014f1d04, 0x2b4f1104, 0x34342b2b, 0x088f4100, 0x8783f220, 
    0x16b50322, 0x1f2a8789, 0xff3000b9, 0x1614b3c0, 0x69823048, 0x0783c283, 0x0020c28b, 0x332a6f82, 0x4902f5ff, 0x26020f03, 0x6f82b603, 0xe3030636, 
    0x1000005b, 0x07020b40, 0x0b162d2f, 0x2e000250, 0x342b2b4f, 0x37242782, 0xe001f4ff, 0xba202784, 0x37202785, 0x01292784, 0x2c3a3c15, 0x00015023, 
    0x2427863b, 0x0147ff50, 0x202784f4, 0x202785bc, 0x2827854a, 0x00181a12, 0x02015007, 0x24278619, 0x00f6ff39, 0x202784f9, 0x322785be, 0x130000ab, 
    0xff0100b9, 0x0e0940f2, 0x500b020c, 0x830d0401, 0x27a3822a, 0xf6ffe6ff, 0xde021801, 0x2b84a382, 0xc383002f, 0xb11a0000, 0xffb80102, 0x0e0d40dc, 
    0x262c8220, 0x4f180402, 0x410c0401, 0xff230714, 0x82b9ffff, 0x03452233, 0x2133870c, 0x3382e503, 0x03b22122, 0x11223485, 0x3482181e, 0x1c040326, 
    0x1004024f, 0x69833882, 0x342b2b22, 0x4a064f41, 0x9b83050f, 0x85520021, 0x8453209b, 0x160229c3, 0x00092022, 0x210e0250, 0xf346c386, 0x20978305, 
    0x232783ca, 0x00648300, 0x2b06a941, 0x10042a18, 0x22060250, 0x1606014f, 0xff229486, 0x2f8400ff, 0x2f84f384, 0x4ce30322, 0x01235784, 0x82161816, 
    0x0601222e, 0x84578b17, 0x202785bb, 0x225782e5, 0x8215401e, 0x280022bc, 0x26298222, 0x4f260603, 0x821a0602, 0x8631835c, 0x245f82b8, 0x03f6ff39, 
    0x205f840d, 0x258f82ce, 0x00e30307, 0x618600cf, 0x0a393b2b, 0x10015033, 0x2b2b4f3a, 0x08138234, 0x8e00012f, 0x46013f02, 0x03000f03, 0x22403b00, 
    0x52024201, 0xa2029202, 0x02000402, 0x03020801, 0x48120e40, 0x97008703, 0x05000200, 0x80034000, 0x38a41802, 0x195d270a, 0xdd182bc5, 0x07825d5e, 
    0x0130312f, 0x01372707, 0x71368246, 0x269edd02, 0x277482aa, 0xec017700, 0xc502ff00, 0x292a5782, 0x00df1940, 0xaf0200ef, 0x8782bf00, 0x9100033c, 
    0x04050202, 0x01004103, 0x00600101, 0x013f5d3f, 0x2f391211, 0x31715ded, 0x45821330, 0x4444ff32, 0xc2ae022e, 0x0300c910, 0x4202f6ff, 0x0c038201, 
    0x0f2b4382, 0x51001b00, 0xff0d00b9, 0x822c40c0, 0x070d2493, 0x820f4003, 0x000f229a, 0x229a821f, 0x83130201, 0x132708a8, 0x0f0a1c19, 0x2f031f03, 
    0x03080303, 0x1601164f, 0x00100104, 0xddc0c62f, 0x5d5ec65d, 0xd41001c0, 0x19de2bc5, 0x84d518c5, 0xc5de22b8, 0x20b5852b, 0xe6a21817, 0xf2a2180a, 
    0x680a280c, 0x17855934, 0x82171f1f, 0xc9fe2503, 0x16202016, 0x02250882, 0xab1f9fe1, 0x12a2189f, 0x093f430f, 0x3f430d20, 0x96043807, 0x13000075, 
    0xff0200b9, 0x2d0940f8, 0x500b1638, 0x4f3e0002, 0x93342b2b, 0x70ce212b, 0xea242b86, 0x3e310940, 0x2d202b84, 0x97432b8d, 0xa3042f08, 0x1a000078, 
    0xb80203b1, 0x0d40f6ff, 0x2c823f2d, 0x40000326, 0x3d00024f, 0x5809f342, 0xcb43054f, 0xb0042209, 0x23338759, 0x310d40d7, 0x64833389, 0x34342b23, 
    0x87938900, 0x04072e67, 0x009800a4, 0x40170000, 0x16020310, 0x2293832d, 0x8b3f0003, 0x22339166, 0x8bb10406, 0x85c8849b, 0x20679134, 0x08274171, 
    0x8773a521, 0x40f1249b, 0x83424c0d, 0x443521cf, 0x3389cf94, 0x3396b220, 0x0828678b, 0x8f020000, 0x2602c602, 0x3205cb46, 0xb9c09604, 0x19b56300, 
    0x48252440, 0xc0ffb819, 0x851d1bb3, 0x16162107, 0x40280784, 0x48141109, 0x0b0b4019, 0xb3220d84, 0x078d2726, 0x851e1e21, 0x4715200f, 0xb3220506, 
    0x0f841813, 0x0c0bb223, 0x06b64548, 0x832b0021, 0x05bb4500, 0xce247b8f, 0x8500b9a0, 0x40227ba7, 0x7c822709, 0x86254021, 0x861c20a7, 0x171721a7, 
    0xb3227184, 0x07851a12, 0xae821420, 0x0f21c783, 0x210f8510, 0x07850f0c, 0x840c0a21, 0x07de4507, 0x2b219584, 0x089d882b, 0xff000020, 0x00d7ffff, 
    0x02050300, 0x002600c8, 0x01007624, 0xc7a30406, 0xb5ed00b9, 0x2524402a, 0x1b412a48, 0x21078406, 0x0f841616, 0x110e4029, 0x402a4814, 0x41480b0b, 
    0x1320193e, 0x26073e41, 0x1818402f, 0x82402f48, 0x832f203a, 0x1514224a, 0x21078448, 0x07841212, 0x0f094023, 0x211d820f, 0x0d860d0d, 0x820c0b21, 
    0x0808210d, 0xb3226684, 0xba842624, 0x7e840783, 0xea861a20, 0x0f840782, 0x85151321, 0x8407821f, 0x204a820f, 0x82638319, 0x200f8407, 0x41fa8708, 
    0xb46d0894, 0x19088208, 0x4808d622, 0x002805be, 0xd6ffffff, 0xf6020000, 0x29050741, 0x06010067, 0xb9bcb004, 0x07414801, 0x410e203d, 0x22210907, 
    0x21e48622, 0xe4822020, 0x84191921, 0x17b3220d, 0x20078518, 0x05184115, 0x12094023, 0x211d8212, 0x15851010, 0x840f0e21, 0x09402207, 0x0b18410c, 
    0x85333021, 0x840782f8, 0x422720e8, 0x0782069d, 0x20210f84, 0x821f8521, 0x210f8407, 0x0f851c1a, 0x0f840782, 0x85181621, 0x8407820f, 0x1615210f, 
    0x07820f85, 0x12200f84, 0x82065841, 0x210f8407, 0x1f851408, 0x0f840782, 0x840d0b21, 0x82b2200f, 0x06ed4207, 0x890b5841, 0x0c62410b, 0x21056742, 
    0x5f41cd02, 0x003e2905, 0xa4040601, 0x5400b9bc, 0x203c5f41, 0x075e41b7, 0x6b8f0120, 0x0000dc24, 0x6b85e802, 0x0000592d, 0xccb10406, 0xff0000b9, 
    0x82d4ffff, 0x038f2217, 0x07d34a06, 0x9da5042b, 0xb3060095, 0x4f312103, 0x271f882b, 0x00060399, 0x0a240026, 0xb220a383, 0x43591f8d, 0x0d032605, 
    0xba032602, 0x211f8300, 0x49475596, 0x3a0a2805, 0x50232c45, 0x494b0001, 0x27890c17, 0x0050ce22, 0x2405c748, 0x3e0940fc, 0x472a844b, 0x43490574, 
    0xa3042311, 0x2f480058, 0x3a082205, 0x2629824c, 0x4f4d0002, 0x484a0001, 0x7349092f, 0xb004230e, 0xf7480039, 0x40ea2306, 0x32893e0d, 0xcf456083, 
    0x21338f07, 0x638678a4, 0x833a2821, 0x0002228d, 0x20639d4c, 0x849388b1, 0x872f85bd, 0x06db4160, 0xc6025530, 0x28002600, 0x0700003f, 0x5fff9604, 
    0x1782b9ff, 0x0000dc23, 0x22178b02, 0x846dffce, 0x00d73317, 0x02130300, 0x002700c8, 0x00fd0028, 0x04060000, 0x2f86c7a3, 0x86040321, 0x84ee2017, 
    0xc2b02117, 0x2f821783, 0x86fd0221, 0x84e72017, 0xbca42117, 0x18202f87, 0x01211785, 0x21178402, 0x1782ccb1, 0x25057f58, 0x26020d03, 0xa741bc03, 
    0x41682005, 0x062805a7, 0x07002318, 0x29020150, 0x890c974a, 0x63ce2127, 0x2406a741, 0x1c0940f9, 0x202a8429, 0x077b4718, 0x220ec34a, 0x416ba304, 
    0x05220643, 0x29822a18, 0x2b020226, 0x2802014f, 0x8f09a741, 0x4cb0212f, 0x2307a741, 0x1c0d40e6, 0x60833289, 0x8d07a741, 0x04072433, 0x828b00a4, 
    0x401726d5, 0x25010210, 0x228f8318, 0x8a2a0202, 0x09235665, 0x21095b4b, 0x9788b104, 0x3185c184, 0xff216487, 0x061b41ff, 0x1b417120, 0x66a52108, 
    0x0022c786, 0xc7832d37, 0x932f2021, 0x202f89c7, 0x892f93b2, 0xd7ff2b5f, 0xaa020000, 0x2600c602, 0x0b422b00, 0x42178b10, 0x68260b0b, 0x2700c802, 
    0x0b422b00, 0x86592010, 0x0e0b4217, 0x86520321, 0x0f0b4217, 0x17856d20, 0x270b0b42, 0x0000d4ff, 0x06031b03, 0xb0285f84, 0x06000000, 0x959da504, 
    0x8e050b44, 0x83b22017, 0x3e002717, 0xf900f6ff, 0x234c0d03, 0x96042207, 0x061342c6, 0x0940e32a, 0x0b02170c, 0x1d040150, 0x20071342, 0x212b8e2f, 
    0x2b86c0ce, 0x0940d424, 0x2b841d10, 0x2b860c20, 0xffd8ff25, 0x4c3001f6, 0x042209db, 0x0f42c8a3, 0x40e12407, 0x821e0c0d, 0x0402262c, 0x04014f1f, 
    0x09bb491c, 0x82c3ff21, 0x8a072033, 0xa9b02133, 0xc2233387, 0x89100d40, 0x0ae34c33, 0x82030021, 0x8a452033, 0xe8a42133, 0x2007df41, 0x2291830c, 
    0x8a1e0402, 0xffff2164, 0xb1209790, 0xc484978b, 0x638a3285, 0x82faff21, 0x03042263, 0x08234171, 0x7b4da520, 0x212b210b, 0x1421cb83, 0x8fcb8e23, 
    0x96b22033, 0x2a678b33, 0x000000d7, 0x00c602f6, 0x422c0026, 0x178c0f4b, 0x270a4b42, 0xc802b401, 0x2c002700, 0x210f4b42, 0x1786a501, 0x210e4b42, 
    0x17869e01, 0x210e4b42, 0x1785b901, 0x230f4b42, 0x06036701, 0x4b425f84, 0x42178e0e, 0x3328054b, 0x1b02f3ff, 0x26020d03, 0x3105334e, 0x006d9604, 
    0x0b401000, 0x2b200602, 0x02500009, 0x8744310e, 0x22278f06, 0x4c0069ce, 0xfa24052f, 0x31240940, 0x20202a84, 0x8309034c, 0x880f2053, 0x70a32b53, 
    0x40170000, 0x05020310, 0x29823220, 0x330e0326, 0x300e024f, 0x20064442, 0x06c758ff, 0x2209b74e, 0x4b52b004, 0xe7230763, 0x89240d40, 0x4b608332, 
    0x638b09ff, 0xa4040725, 0x86009000, 0x20252165, 0x03228f83, 0x658a320e, 0x8a092f59, 0x46b12067, 0x03220563, 0xc1840d02, 0x64873185, 0xffffff2e, 
    0x02f1ffd7, 0x00c602da, 0x0a320026, 0x820c3346, 0x85fe2017, 0x832e2017, 0x08db4117, 0x03f1ff2b, 0x00c802bc, 0x00320027, 0x0b3346ec, 0xad201782, 
    0xdd201786, 0x820b3346, 0x86732017, 0x46a32017, 0x17820b33, 0x17868e20, 0x3346be20, 0x05874f0a, 0x26020d24, 0x3346ca03, 0x00662f05, 0x0b401000, 
    0x21160601, 0x01501004, 0x874f2706, 0x2127890c, 0x334661ce, 0x271a2109, 0x16202a84, 0x4f07ab41, 0x042c0edb, 0x000069a3, 0x02104017, 0x28160501, 
    0x02262982, 0x014f2906, 0x0b502606, 0xb0042218, 0x0a33464a, 0x32891a20, 0x20073e50, 0x103f5000, 0xa4040724, 0x33468900, 0x83162008, 0x0602228f, 
    0x20658a28, 0x22339100, 0x88b10406, 0x85c18497, 0x10a35031, 0x1b417120, 0x50a52008, 0x352108d3, 0x21c7832b, 0xc7932d1e, 0xb2202f89, 0x5f892f93, 
    0x00dcff2b, 0x02b90200, 0x002600c6, 0x2189823c, 0xf3410407, 0x29178207, 0xc8025d03, 0x3c002700, 0xdb410d01, 0x2017830a, 0x20178691, 0x09c34141, 
    0x00d4ff27, 0x03470300, 0x212f8306, 0x1784f700, 0x51058743, 0x0d200503, 0xce28bf82, 0x07010000, 0xe9009604, 0x102f1d82, 0x06010b40, 0x330a4439, 
    0x4a100150, 0x4e2b2b4f, 0x2b8f05fb, 0xe400ce22, 0x13292b82, 0xff0100b9, 0x3d0940f9, 0x202e844a, 0x202e8539, 0x115f5100, 0x00a30423, 0x077f41ec, 
    0x4b390522, 0x02262d82, 0x014f4c10, 0x9b534910, 0x05f7560a, 0x23099351, 0xcd00b004, 0xbd523382, 0x40e62305, 0x36893d0d, 0x2b226883, 0x67923434, 
    0x0c01a422, 0x2008e741, 0x22958339, 0x9f4b1002, 0x8ab12067, 0x85c9849b, 0x82648633, 0x2067884e, 0x082b4171, 0xe700a522, 0x00226787, 0xcf834e58, 
    0x95504121, 0x20338967, 0x8b3395b2, 0xd7ff2c67, 0xe3020000, 0x2600c602, 0x4307b503, 0x00230cff, 0x85060300, 0x432a2017, 0x17820cff, 0xc802c428, 
    0xb5032700, 0x334ae800, 0x86b5200e, 0x4ad92017, 0x03210d33, 0x2017867b, 0x0e334a9f, 0x17869620, 0x3b42ba20, 0x0331220e, 0x208f8306, 0x06254855, 
    0x334c0020, 0x4e032106, 0x72201785, 0xb2221783, 0x2351959d, 0x5008200a, 0xc22208bb, 0xb3450079, 0x40d82a05, 0x162e3009, 0x0002500b, 0x0db7512f, 
    0xcd202b89, 0x20060746, 0x144f550a, 0x5f4c2783, 0x59c22105, 0x012c5384, 0x0940eaff, 0x232c3b3d, 0x3c000150, 0x37255387, 0xe001f4ff, 0x212b8903, 
    0xaf444dcd, 0x551d2005, 0x2783147b, 0x21050b4b, 0x53866cc2, 0x0940e72a, 0x0700191b, 0x1a020150, 0x890de34a, 0x60cd212b, 0x19205385, 0x250da755, 
    0xf6fff8ff, 0x7b84f900, 0x0000be27, 0xc2040601, 0x2a5386c9, 0x0f0940c2, 0x500b020d, 0x870e0401, 0xff2b2453, 0x8a0601f6, 0xbdcd212b, 0xf5202b86, 
    0x2010d355, 0x05074700, 0x2f477f82, 0x72c22106, 0x022c2b84, 0x0940e8ff, 0x00092123, 0x220e0250, 0x890d0747, 0x65cd212b, 0x0221ab84, 0x138f5519, 
    0xd7457f84, 0x6ac22105, 0x1926ff89, 0x50100417, 0xe34b0601, 0x05af4508, 0x03465382, 0x5ecd2106, 0x01215384, 0x0e8b5519, 0x83052344, 0x054f4427, 
    0xed00c223, 0x27558900, 0x330a3a3c, 0x3b100150, 0x890f2344, 0x00cd222f, 0x067f44e1, 0x83551920, 0xffff290d, 0x44ff3300, 0x0d034902, 0x2b055742, 
    0x96042600, 0x07010075, 0xa8009504, 0x1e363182, 0x3e0002b4, 0xffb8034f, 0x514eb5ee, 0x02500b16, 0xb4f8ffb8, 0x0982382d, 0x82342b21, 0x06974201, 
    0xce213f8d, 0x203f8970, 0x203f821c, 0x213f842d, 0x40850c40, 0x3e310022, 0x7b883d87, 0x8206f753, 0x78a3217b, 0x26223b89, 0x5c540b40, 0x03042107, 
    0xee237882, 0x825450b4, 0xffb8253a, 0x3f2db4f6, 0x2b260882, 0x3434342b, 0x838a2b2b, 0xb0214789, 0x20478b59, 0x22478509, 0x82044f2d, 0x84b620c8, 
    0x22508345, 0x8431b4d7, 0x95458247, 0x54272047, 0x0d410587, 0x40262108, 0x87544982, 0x20498f05, 0x21d5852d, 0x49822b34, 0xb120d792, 0x4586d78c, 
    0xf6218f8f, 0x061b41b4, 0xd78a4584, 0x24067b54, 0xa5042600, 0x2ad78a73, 0xff0400b9, 0x6461b6ee, 0x55500b16, 0xc1540691, 0x06634611, 0x8905e341, 
    0x71b22147, 0xef204799, 0x540c0955, 0x478606d5, 0xf6ff0838, 0xc6029403, 0x24002600, 0x26000000, 0xb9c09604, 0xbe030700, 0x0d829b02, 0xffff0023, 
    0x211f8f00, 0x1f8cb4ce, 0xffd7ff26, 0x020a04f6, 0x8206fb53, 0xc7a3213f, 0x03211f84, 0x213f8511, 0x5f82dcff, 0x1f85fb20, 0x5f836720, 0x85c2b021, 
    0x8602201f, 0x213f821f, 0x1f85d203, 0x1f833e20, 0x84bca421, 0xd902211f, 0xed203f8a, 0x23088751, 0xccb10426, 0xf4201f85, 0xd4201f86, 0x94205f82, 
    0x82056f51, 0x04262411, 0x8b959da5, 0x83ff20bf, 0x859e201f, 0x830a201f, 0x86b2205f, 0x85a5201f, 0x5000263f, 0xf40144ff, 0x06bf4f03, 0xff820020, 
    0x01006834, 0xfa950406, 0x40190000, 0x39000212, 0x5016173c, 0xf44f0a01, 0x0573570b, 0xce21378f, 0x21378763, 0x3687b71c, 0xf6ffb825, 0x501d0940, 
    0x73410a04, 0x203b8506, 0x053f4f0f, 0xa3217382, 0x263b876b, 0x03174020, 0x823f3c00, 0x01022273, 0x11145000, 0xb0213f96, 0x203f944c, 0x1021501d, 
    0x27203f94, 0x86052350, 0x50818df5, 0x2b231030, 0x41ffff34, 0xbf890633, 0xbf95b120, 0x3c50f984, 0x507f8c0c, 0xff82060f, 0x8c66a521, 0x3d4b21bf, 
    0x4c50ff85, 0x213f9611, 0x3f9f64b2, 0x85065c50, 0xd7ff253f, 0xfd03f6ff, 0x20085f50, 0x056b5227, 0x0307002b, 0x000403be, 0xffffff00, 0x241f8edc, 
    0xff6dffce, 0x821f8ab9, 0xbb04223f, 0x096f5002, 0x42042621, 0xc22007f5, 0x04213f87, 0x211f86ac, 0xf54200ee, 0x84b3200b, 0x4e3f831f, 0x2b22054b, 
    0x1f84e700, 0x2106f542, 0x3f88ac03, 0x8750c020, 0x08f5420a, 0x84c70321, 0xffd4251f, 0x036e04f6, 0x42098f50, 0x032108f5, 0x421f9675, 0x1f8506f5, 
    0xff39002b, 0x030d0344, 0x0326020d, 0x827d82ce, 0xe90029ff, 0x07010000, 0x1b019504, 0x19290f82, 0x00021240, 0x201f5d5a, 0x0dda4a50, 0x8f05f742, 
    0x00ce223b, 0x213b8ae4, 0x3a87b71c, 0xea4ab820, 0x081b4b0f, 0x0f207b83, 0xa3227b88, 0x3f8aec00, 0x17402026, 0x605d0003, 0x02217b82, 0x12fa4a01, 
    0xb0224396, 0x438acd00, 0x09402425, 0x855c0003, 0xffb82143, 0x96140b4b, 0x01a42247, 0x208b960c, 0x111e4b25, 0xb1204396, 0x2e4bcf99, 0x4a438c11, 
    0x002506fb, 0x00a50427, 0x26878fe7, 0x201f706c, 0x4b010250, 0x4396123e, 0x43a4b220, 0x43064e4b, 0x04210917, 0x084f4b14, 0x200b1743, 0x0897421b, 
    0x574b3720, 0x4d272008, 0x00250563, 0x03be0307, 0x08d7423e, 0x5f4bf520, 0x0917430a, 0x3f88fc20, 0x674be620, 0x0426210a, 0x20070d46, 0x203f88ed, 
    0x0a6f4bac, 0x43042621, 0x37430717, 0xffdc2405, 0x4bc704f6, 0x17430a77, 0x42ce2009, 0x622008f7, 0x43087f4b, 0x69200915, 0x21092b46, 0x874b7f04, 
    0x04262108, 0x20071543, 0x5c1f8586, 0x022105e7, 0x053749ed, 0x01060123, 0x07475d61, 0x0940f124, 0x475d3f31, 0xc7022112, 0x00232b87, 0x4b00738a, 
    0x2b8205bb, 0xbb4b2d20, 0x02442310, 0xbb4b0349, 0x26002406, 0x4779c204, 0x1f2e09ab, 0xff0300b9, 0x433fb5f6, 0x02500b17, 0xf94bffb8, 0x0573430e, 
    0x82ff3321, 0x1302213f, 0xc9496b86, 0xb90d2707, 0xf6ff0200, 0xf1483ab4, 0x053f5d05, 0xcd21678d, 0x2067896d, 0x06e35d1c, 0x43400f22, 0x354cc882, 
    0x051b4e0b, 0xf5ff3324, 0xfb894902, 0x8a970421, 0x313f21cf, 0x3220fb84, 0x8209374b, 0x822b8767, 0x492b82cf, 0xcf860851, 0x4a555221, 0xf122055b, 
    0x3d8b0940, 0x0826cf85, 0x8f020000, 0x43598903, 0x07002705, 0x8d006101, 0x4a189c00, 0x63200873, 0x08734a18, 0x8f008a22, 0xff211783, 0x212f83e7, 
    0x1786c102, 0x43000625, 0x6400b9aa, 0x1789095f, 0x86908f21, 0xf6ff2517, 0xb5029403, 0x4806d348, 0x6c0806cd, 0x7800ffff, 0x09013f02, 0x16020d03, 
    0x00009604, 0x5a000100, 0xf50044ff, 0x1200ceff, 0x10402100, 0x1008200c, 0x407f1248, 0x130e8005, 0x14110509, 0xdcde1000, 0xde1001cd, 0xed1acc1a, 
    0x172b3031, 0x33021e14, 0x23010e15, 0x35022e22, 0x3337013c, 0x191009b4, 0x0d15030f, 0x13202b18, 0x163f5901, 0x38040d1a, 0x1c0d0202, 0x0d03202c, 
    0x825e8205, 0x366f865f, 0x2e001100, 0x03cf0a40, 0x03ef03df, 0x0c000303, 0xb3c0ffb8, 0x83481815, 0x0db73a07, 0x060c4812, 0x00110912, 0x1001cc2f, 
    0x2b2bcddc, 0x315dcede, 0x013e1330, 0x06fe7337, 0x15162408, 0x07020e14, 0x0b201478, 0x19211511, 0x1e12241a, 0x61021627, 0x07131f11, 0x1f17111b, 
    0x26111e20, 0x820f2426, 0x3620086b, 0x42016202, 0x1500ed02, 0x14403100, 0x11100605, 0x13400016, 0x00064816, 0x00260016, 0x0b000803, 0xb5207582, 
    0x0b2c7582, 0x2f000510, 0xcd2bdcc0, 0x012b5d5e, 0x2906a17f, 0x021e3213, 0x032e2307, 0x6a822223, 0x3e262327, 0x321cbc02, 0x6ecc1824, 0x243d080f, 
    0x13ed0232, 0x0b213423, 0x0e0e151a, 0x210b1a15, 0x00132334, 0x02210003, 0x0357014b, 0x000b0061, 0x002b0017, 0x1500b957, 0x2040c0ff, 0x1548120e, 
    0x0f010f70, 0x251f1e09, 0x26012670, 0x05fa6126, 0x182c0928, 0x48181340, 0x8c822218, 0x180d4039, 0x2522481c, 0x124f061f, 0x0c001201, 0xddc02f00, 
    0xc0dec05d, 0x82cd2bde, 0xcdd42e97, 0x5d2f322b, 0x10cddedd, 0x2bcd5dde, 0xbbca1831, 0x6133200c, 0x03200a61, 0x1d2eb982, 0x012e2301, 0x07062223, 
    0x3e343523, 0x62615702, 0x83b32006, 0x20163407, 0x301a7b20, 0x02351625, 0x26282826, 0x25163502, 0x614b0230, 0x01320f6d, 0x2e1f1016, 0x2917021e, 
    0x1e021729, 0x00101f2e, 0xe3480000, 0x06c74e08, 0x04260024, 0x63486cc2, 0xb7163407, 0x2e2b0002, 0x01501617, 0xb4e7ffb8, 0x0700191b, 0x49342b50, 
    0x02210917, 0x08175913, 0x00fa9528, 0x00b61400, 0x2c852a27, 0x25b48023, 0x922c851d, 0x272b825f, 0xcd040601, 0x16000060, 0x32875f82, 0x25b4dd23, 
    0x245f8b2b, 0x02f40147, 0x205f88ed, 0x065f5497, 0x1c2a0022, 0x01222482, 0x935a1d02, 0x89442008, 0x82bb8227, 0x06dd4927, 0x12401926, 0x403d0002, 
    0x348c8f83, 0x82342b21, 0xdeff21f3, 0x2c056743, 0x28002600, 0x06000079, 0xb9a14300, 0x20178300, 0x261786e1, 0xff8f0027, 0x82b9ff62, 0x211f8219, 
    0x2f84ffff, 0xc102e422, 0x2b202f82, 0x17832f90, 0x1f822f89, 0x5626f382, 0xbe03f6ff, 0x2f83b502, 0x00000023, 0x200b8207, 0x080782c5, 0x10000225, 
    0x68013f02, 0x10000f03, 0x54001400, 0x801213b3, 0xc0ffb811, 0x120f0d40, 0xd0141148, 0xf00be00b, 0x830b030b, 0x0e143f11, 0x050b4812, 0x15050003, 
    0x13131212, 0x11141410, 0x00100811, 0x2f32cc2f, 0x112f1933, 0x06831833, 0x10180132, 0x10cededc, 0xde5d2bdd, 0x1a2bc519, 0xc519dd18, 0x25054f43, 
    0x36343526, 0x4e433233, 0x17373b05, 0x14102707, 0x1f240b1e, 0x11221819, 0xc714251d, 0x027e346d, 0x131f1161, 0x5443250e, 0xaad02308, 0x9e829e26, 
    0x00020023, 0x209f821b, 0x239f865d, 0x1100b966, 0x20209c82, 0x64339c83, 0x24140114, 0x44123412, 0x121b0312, 0x01120f01, 0x95131208, 0x131328af, 
    0x11101212, 0x9b141411, 0x5ed526af, 0xd55d5d5d, 0x91b6825d, 0x072524b1, 0x8b1b3727, 0x1e0124b1, 0x8f6d347e, 0x9e9e23b2, 0xaf82aa26, 0xaf823720, 
    0x7103413e, 0x24001000, 0x13405a00, 0x1f1f1816, 0x1e1e011e, 0x022f021f, 0x00000202, 0xb80b010b, 0x1232c282, 0x0b48120e, 0x40112505, 0x06481813, 
    0x02111611, 0x16831b11, 0x1c180c2a, 0x181e1b48, 0x0801080f, 0xdc38ac83, 0xc0de5d5e, 0x5dcd2bde, 0xdc10012b, 0xde712bcd, 0x2f3371ce, 0xcddecd5d, 
    0x3620a382, 0x200da444, 0x108c4313, 0x0f296c2d, 0x1c19100b, 0x1f141f17, 0x43341227, 0x61300f89, 0x1708161d, 0x1c1e120d, 0x1e22131e, 0x32010a1a, 
    0x31128743, 0xf6fff9ff, 0xed020501, 0xbe032602, 0x06010000, 0x1f5b6101, 0x40dc2407, 0x5b1e1009, 0xf1200d1f, 0x0d222b82, 0x2b87c702, 0xc38a0023, 
    0x05335f00, 0x0c202b82, 0x670d5352, 0x04210fc7, 0x0cc767c0, 0x67241221, 0x0e220cc7, 0x00822b4f, 0x69343421, 0x03680617, 0x21cf8f3a, 0xa38a9704, 
    0x84101e21, 0x821120cf, 0x0034256d, 0xe4ffffff, 0x1a22cf82, 0x235b6103, 0x8c982008, 0x200e21a3, 0x2a22a384, 0xa468024f, 0x096b6809, 0x00000324, 
    0x01190f01, 0x01330967, 0x00caff61, 0x4010009c, 0x0802010b, 0x50010016, 0x84040001, 0x20678366, 0x262b82fc, 0x02630318, 0x822c0026, 0x00072409, 
    0x86ceff8a, 0x0403222b, 0x202b8405, 0x202b8806, 0x232182de, 0x00c10230, 0xf3432b82, 0x8301200f, 0x09f34317, 0x1f822c20, 0x1a000226, 0x5e013f02, 
    0x08063b43, 0x30405632, 0x12561246, 0x12401302, 0x0111c680, 0x11bb11ab, 0x0b141102, 0x05df100d, 0x05ff05ef, 0x0e400503, 0x0b054812, 0x13121215, 
    0x14140013, 0x00081111, 0x3312dd43, 0xde5d2bcd, 0xcdde10ce, 0xdd1a5d5d, 0x3031cd1a, 0x032e135d, 0x0807db43, 0x011e0729, 0x07173717, 0x26148127, 
    0x1822111c, 0x0b241f19, 0x6d4c141e, 0x3f027e34, 0x2626240f, 0x1f201e11, 0x130e2517, 0x43ae111f, 0x7b4405dc, 0x2f40340e, 0xa40114ca, 0x0214b414, 
    0x145a144a, 0x11401402, 0x90131280, 0x1313289e, 0x11001212, 0x99141411, 0xcdde219e, 0x5d209b86, 0x07239d90, 0x8b773727, 0x7ecd239d, 0x9d8f6d34, 
    0xc7437c20, 0x40523111, 0x171e1f23, 0x0e101818, 0x0e020e20, 0x01050f10, 0x20062d41, 0x1bc04326, 0x2f000022, 0x4314c043, 0x374105bf, 0x07062309, 
    0x4b471716, 0x12f02d11, 0x1f141f27, 0x10191c17, 0x50290f0b, 0x300fbe43, 0x1e1a0a3f, 0x1c1e1322, 0x170d121e, 0x011d1608, 0x0dbe4310, 0x2107575a, 
    0xf359ed02, 0x61012b07, 0x10000061, 0x00010b40, 0xe45a281a, 0x20278809, 0x222787c7, 0x86648a00, 0x55162027, 0xa75a0a5c, 0x5a0c2008, 0xc0200843, 
    0x2109bf6a, 0xbf6a2e1c, 0x4318200c, 0x379109b0, 0xf76a0320, 0xff4a2627, 0x03200247, 0x266f820d, 0x010000c6, 0x4b960406, 0xff2a0713, 0x2d220940, 
    0x02500d05, 0xa75b330a, 0x212b8d09, 0x0f4c6ece, 0x33262109, 0x77562b84, 0xff4a2408, 0x41f601f5, 0x04210917, 0x21ef8797, 0xc5821a28, 0x1b060122, 
    0x200c275c, 0x20ef8861, 0x21ef8998, 0xef842a18, 0x6c4f3421, 0xfc430a0c, 0x08eb6d05, 0x26028924, 0xb7823c00, 0x61010724, 0xcf436c00, 0x15002506, 
    0x500c0423, 0x2005e66d, 0xef451834, 0x63032109, 0x2208176e, 0x876f008a, 0x1211212b, 0x13202b84, 0x250bfb43, 0xc102de02, 0x57822700, 0x00008e30, 
    0x43000600, 0xffffb9a1, 0x0000e1ff, 0x17840803, 0x20051f48, 0x201f8207, 0x201f82b8, 0x2b1b8200, 0x020000dc, 0x00c6027c, 0x3f330026, 0x6b088b59, 
    0x5929108b, 0x0e4007b7, 0x0d074812, 0x07f94700, 0x10265282, 0x02030203, 0x11831901, 0x1c821a20, 0x138f192b, 0x161d1301, 0x001f000f, 0x276f822f, 
    0x010a4f00, 0x0402100a, 0x210c926b, 0x936bcd5d, 0x2bcd280b, 0x17133031, 0x6b072707, 0xb1241693, 0x42683459, 0x21062f4a, 0x304a0901, 0x0c032506, 
    0x749f1fab, 0x200f244a, 0x6ccb8300, 0x0223063f, 0x82e50316, 0x012008dd, 0x44022f00, 0x08030a01, 0x1f000300, 0x023c0c40, 0x00010201, 0x00030403, 
    0x2f000201, 0x01cdddcd, 0x090cd118, 0x85835d20, 0x28a66428, 0x900803b3, 0x4b837f34, 0x20068351, 0x08075108, 0xed00c222, 0x2e0af34f, 0x0002b71c, 
    0x201f4f4c, 0xffb80150, 0x580940e7, 0xef4f0b0e, 0x1302210b, 0x5108635b, 0x0a2505bb, 0x480001b6, 0x2037824b, 0x05ef5b2b, 0x0d034423, 0x22638903, 
    0x51e100cd, 0x64850fe7, 0x820c4258, 0x07c35b60, 0x88ed0221, 0x0097225f, 0x2cf382e7, 0x010b4010, 0x0a3d4b00, 0x10015033, 0x0aef5c3e, 0x2b876782, 
    0x04270022, 0x4f522b84, 0x615e210d, 0x3a8d9482, 0xff2c6784, 0x03f1ffde, 0x00c50237, 0x67320026, 0x820c734a, 0x82082017, 0x094f4617, 0x4a383221, 
    0x032106a3, 0x2317823f, 0x63b50326, 0x00232f8c, 0x8b110300, 0xb503222f, 0x252f8235, 0xf6ff3400, 0x2f850d04, 0x0724bf82, 0x1403be03, 0x013c0782, 
    0x44026e00, 0x08034901, 0x2d000300, 0x01331640, 0x03020101, 0x48110e20, 0x01008703, 0x22179b6e, 0x6d5dc519, 0x012905e3, 0xa628b349, 0x347fc302, 
    0x824a8290, 0x6f24082f, 0x00013f02, 0x11000d03, 0x18402800, 0x0ed00ec0, 0x0e030ee0, 0x15400511, 0x40054818, 0x0548120d, 0x0008130b, 0x450ee14d, 
    0x1e300b7b, 0x16dc1701, 0x24121e27, 0x1521191a, 0x14200b11, 0x250a0f46, 0x13071b11, 0x6782111f, 0x00ffff29, 0x0244ff08, 0x4fc6028f, 0x26200607, 
    0x2305ab57, 0xc3009504, 0x00201e82, 0xce241f92, 0x0700b9b4, 0xff231f89, 0x6b44ffd7, 0x002009a7, 0x23069d51, 0x39019504, 0xff213f85, 0x6a5f82dc, 
    0x1f8208bf, 0x84c2b021, 0x2a01213f, 0x2008ab57, 0x097f6944, 0xa4211f82, 0x201f85bc, 0x693f8a01, 0x9d510933, 0x205f8206, 0x087f511c, 0x0320bf82, 
    0x82063b69, 0x9da5223f, 0x209f8c95, 0x697f82d4, 0x1f82083b, 0x1f86b220, 0x7f8acd20, 0x5209ff65, 0x6182089f, 0x82001821, 0x8bbf84ff, 0x06b7551f, 
    0xff831f88, 0x410b2766, 0xd6200901, 0x03203f87, 0x200b2f66, 0x059f5226, 0x77553f82, 0x663f8305, 0x26200b37, 0x82059f52, 0x88c0201f, 0x0b3f663f, 
    0x20090141, 0x821f84db, 0x0c2f66df, 0x8206a152, 0x9689203f, 0x0601411f, 0x1f850120, 0xef5e7f82, 0x20ff8b0a, 0x5e7f8807, 0x9f5309f7, 0x205f8208, 
    0x821f842a, 0x5e03203f, 0xff890bff, 0x3f88e820, 0x890b075f, 0x88d920ff, 0x0b0f5f3f, 0x9f20ff89, 0x96203f88, 0x82119f53, 0x88ba207f, 0x091f5fdf, 
    0x5520fd89, 0x5f091f42, 0x9f530a27, 0x203d8206, 0x421f8572, 0xb52006ff, 0x4206ff42, 0xff2806d9, 0xff5600ff, 0x026b0244, 0x2b201783, 0x17832982, 
    0x0021af84, 0x26178234, 0x02c502dc, 0x85b50336, 0x43012017, 0x433705af, 0x26020000, 0x2900b502, 0x00b9fd00, 0xb3f8ff1b, 0x144d000f, 0x83f0ffb8, 
    0xb8133107, 0x0fb4e0ff, 0x1c4c0012, 0xb3e8ffb8, 0x1b4d0012, 0x0e231883, 0x86044d00, 0x82032007, 0x82402007, 0x064d2d20, 0x19167309, 0x11121718, 
    0xb81e232b, 0x2b824482, 0xf0240782, 0x4d0011b3, 0x54820784, 0xf8230782, 0x820d2340, 0x222f0810, 0x08292473, 0x18072a10, 0x17170879, 0x1e292910, 
    0x30002079, 0x03004000, 0x00e000d0, 0xffb80002, 0x313340c0, 0x00cf4834, 0x01008001, 0x8301007f, 0x1f02301d, 0x00600100, 0x00b00070, 0x00d000c0, 
    0x82005f05, 0x00103bbe, 0x10000002, 0x42234224, 0x10790f12, 0xed3f0041, 0x123f3f32, 0x5d5d2f39, 0x0083715d, 0x72712b25, 0x822f32ed, 0xed332b10, 
    0xd6100132, 0xfdd6d0c0, 0x00822bc5, 0xd6103325, 0x7c32c632, 0x0f820652, 0x82012b21, 0x13980804, 0x023e3233, 0x21352137, 0x012b032e, 0x23072135, 
    0x3317011e, 0x030e2307, 0x17031e07, 0x27032e23, 0x3d1d5d43, 0xfe092936, 0x052101e1, 0x1a2f2519, 0x0ee30195, 0x051a178e, 0x083a0e45, 0x2f594831, 
    0x40433f19, 0x411c6d19, 0x01194042, 0x25150964, 0x261f481c, 0x48480815, 0x481e3212, 0x14263d2c, 0x4d421603, 0x4f272652, 0x00173f49, 0x1d000700, 
    0xf102f1ff, 0x1300c502, 0x2b001f00, 0x58003f00, 0x7f007300, 0x0f401900, 0x233c5d29, 0x5730141a, 0x0f05097a, 0x00460545, 0x1721d282, 0xe1591839, 
    0x22052f11, 0x16141506, 0x35363233, 0x34012634, 0x0e872326, 0x3634252c, 0x010e2737, 0x15011e07, 0x05820614, 0x2e37172e, 0x36173701, 0x021e3233, 
    0x012e3317, 0x23291a82, 0x27022e22, 0x2223012e, 0x821e8203, 0x3e372940, 0x16323303, 0x37013e17, 0x2323ed82, 0x84132622, 0x08508553, 0x38f1027a, 
    0x4b4c8462, 0x39396284, 0x4c4b8462, 0xfd386284, 0x1c1c139e, 0x1d1d1413, 0x101f9001, 0x131d1b16, 0xc6fe1c14, 0x1e261d21, 0x0f0b0a2e, 0x2e0a0b0f, 
    0x211d261e, 0x201c2131, 0x1726311c, 0x21034602, 0x050a071b, 0x0c13170c, 0x0f1b1001, 0x15210b31, 0x1b0f192f, 0x130c0110, 0x0a050c17, 0x03211b07, 
    0x26170246, 0x1d111c31, 0x1a1f10ab, 0x1d1e1216, 0x844b5a01, 0x61393961, 0x7c086e82, 0x38386285, 0x1d1b8562, 0x1b1b1414, 0xfe1d1414, 0x1d1617fc, 
    0x1f1a1514, 0x143d25e7, 0x273f173c, 0x0f111c08, 0x3e26091c, 0x3d123e18, 0x140e3ce1, 0x261b2e23, 0x01011a46, 0x0c150f08, 0xabfe0305, 0x030a0b3a, 
    0x0f150d03, 0x1a010108, 0x301c2946, 0x01071423, 0x1116182d, 0x13181921, 0x00ffff1c, 0x06f3ff1d, 0x008c0174, 0x006f0127, 0x00c7fe00, 0x01110027, 
    0x00000067, 0x02740127, 0x230f835d, 0xc4036f01, 0x07240782, 0x2b056f01, 0x003c0782, 0x49000e00, 0x87030000, 0x0300b502, 0x0b000700, 0x13000f00, 
    0x1b001700, 0x23001f00, 0x28083d82, 0x002f002b, 0x06370033, 0x068a40f9, 0x361b261b, 0x661b461b, 0x061b861b, 0x011b073d, 0x261a0609, 0x461a361a, 
    0x861a661a, 0x2011821a, 0x0811821a, 0x1316136b, 0x13661326, 0x16120604, 0x66122612, 0x05190412, 0x01041901, 0x01590149, 0x59004902, 0x17090200, 
    0x09021769, 0x02146914, 0x0e360e06, 0x06030e66, 0x660d360d, 0x0b09030d, 0x09020b39, 0x02083908, 0xaa319a3d, 0x31690231, 0x31893179, 0x0a403103, 
    0x310a480e, 0x802f3101, 0x2f483b34, 0x288f287f, 0x01b82802, 0x2f2cb3c0, 0x32078248, 0x28234080, 0x289a482b, 0x690228aa, 0x89287928, 0x84280328, 
    0x01282330, 0x30832428, 0x8f247f25, 0x82240224, 0x2140392f, 0x0d482f2b, 0x02241d24, 0x9a0124fd, 0x0224aa24, 0x24792469, 0x24032489, 0x24282f84, 
    0xb8362401, 0x094080ff, 0x07256482, 0x35360136, 0x080d8332, 0x130d0c23, 0x27321748, 0x03323732, 0xfeb82b32, 0x2d124000, 0x2b314831, 0x012b2001, 
    0x2b112b01, 0x012bf102, 0x2727882b, 0x372b272b, 0x272b032b, 0xb3202782, 0x07822682, 0x28b34025, 0x8327482c, 0x83ff2020, 0x27710848, 0x27372727, 
    0x081c2703, 0x20090120, 0x8f152f22, 0x15090215, 0x158f3b01, 0x15ff159f, 0x01155e03, 0x15ed15bd, 0x5b0315fd, 0x154c0115, 0x01151b01, 0x15ba15aa, 
    0x01157902, 0x15181508, 0x09150a02, 0x133b0113, 0x0c3f0c0f, 0x3d030c6f, 0x0c8f0c4f, 0x0cef0cbf, 0x010c1e04, 0x0ced0cad, 0x010c7b02, 0x0b010c4c, 
    0x0caa010c, 0x39020cda, 0x020c690c, 0x090f8308, 0x5f082f0f, 0x08090208, 0x08e93b01, 0xbf088f01, 0x081e0208, 0x0108ed01, 0x4c01087b, 0x08aa0108, 
    0x080208da, 0x02083808, 0x1a66080b, 0x07021a86, 0x1a33011a, 0x60170019, 0x503d0217, 0x90178017, 0x0417f017, 0x17f117e1, 0x0117b202, 0x14011753, 
    0x02174417, 0x760117b5, 0x0217a617, 0x17171707, 0x00170a02, 0x600f300f, 0x803d030f, 0xe00fb00f, 0x0f11030f, 0xe1020f41, 0x0f72010f, 0x04020fa2, 
    0x020f440f, 0x3d400fd4, 0x010fa501, 0x07010f66, 0x020f370f, 0x0a000f0b, 0x3d020a30, 0x0ac00a90, 0x010a2102, 0x82010af1, 0x0a54010a, 0x010ae401, 
    0x46010ab5, 0x0a17010a, 0x04000a01, 0x0103e639, 0x19100603, 0x80ffb81f, 0x45340940, 0x2c221f48, 0xb8353835, 0x394000fe, 0x61483b31, 0x35400135, 
    0x21023550, 0x02353135, 0x01013510, 0x35e10135, 0xb20235f1, 0xd235c235, 0x35930335, 0x820235a3, 0x35630135, 0x54023573, 0x35430135, 0x01359501, 
    0x05af4135, 0x48123008, 0x35173507, 0x35033527, 0x00ffb822, 0x1d181340, 0xc522b548, 0x0322d522, 0x220122a6, 0x012cdd33, 0x4001b82c, 0x26200c40, 
    0x5b2c4b48, 0x843c022c, 0x00240810, 0x1c171640, 0xba2caa48, 0x032cca2c, 0x130e802c, 0x0a402c48, 0x1f2c480d, 0xb70002b8, 0x1f484532, 0x34263131, 
    0xb3240b82, 0x34483b30, 0x8206a442, 0x80360807, 0x2b232d40, 0x8c347c48, 0x346b0234, 0x01345c01, 0x3401344b, 0x48130f80, 0x0e0a4034, 0x231b3448, 
    0x233b232b, 0x14c02303, 0x2923481a, 0xb82d422b, 0x24b380fe, 0x07824827, 0x1eb3c023, 0x24078223, 0x1ab300ff, 0x2307831d, 0x1911b340, 0x80300783, 
    0x100b0940, 0x012d0748, 0xb81e2d0a, 0xaa4000fe, 0x1e3f7c82, 0x20412624, 0x50194019, 0x80196019, 0x0619a019, 0x00011917, 0xc03b0119, 0x0219e019, 
    0x850119b1, 0x03510815, 0x19111901, 0x19411921, 0x0119e104, 0x19c219a2, 0x01198302, 0x63011972, 0x19040119, 0x19441924, 0xc519a503, 0xe519d519, 
    0x19360419, 0x19661946, 0x07041986, 0x02192719, 0x0620190b, 0x01060701, 0x0106d63c, 0x77010680, 0x06e10106, 0x01064301, 0x081584a5, 0x69060c4d, 
    0x02179917, 0x33011708, 0x2f101f17, 0x7f103f10, 0x10080410, 0x10af3c01, 0x9e0210ef, 0x104f0110, 0x0d02108f, 0xb8100110, 0xff406001, 0x104c492a, 
    0x106c105c, 0x10ec10ac, 0x01100b05, 0xaa0110cb, 0x0210ba10, 0x10291019, 0x82031069, 0x0b480838, 0x1f030f10, 0xd8410203, 0x038f0103, 0xfd02039f, 
    0x03ee0103, 0x5c034c01, 0x03bb0203, 0x0103aa01, 0x03190309, 0x17030f02, 0x15150115, 0x2f180f0a, 0x5f184f18, 0x8f186f18, 0x0718af18, 0xcf18bf3b, 
    0x0318ef18, 0x4f0118ae, 0xb7081384, 0x1e180e03, 0x03182e18, 0x18ad188d, 0x18ed18cd, 0x6c184c04, 0x03187c18, 0x182b180b, 0xeb18db02, 0x188a0218, 
    0x18ca18aa, 0x69184903, 0x18380218, 0x01182901, 0x0b011808, 0x01070f18, 0x0107d93e, 0x7801078e, 0x07ed0107, 0x01074b01, 0x080107aa, 0x070c0107, 
    0x07010d66, 0x0d33010d, 0x1100420f, 0x11201110, 0x3d041160, 0x11901180, 0x11e011a0, 0x41110104, 0x11e10211, 0xa20211f1, 0x11530111, 0x04021163, 
    0x02114411, 0x11a51165, 0x40c511b5, 0x1704113a, 0x02112711, 0x0b011106, 0x10020011, 0xe0410202, 0x0202f002, 0x500102a7, 0x02410102, 0x0102b201, 
    0x000102a3, 0x01241a84, 0x02700260, 0xaf320082, 0x0a080108, 0xcd3f0041, 0x5d5f3272, 0x715f715f, 0x00827271, 0x325d5e23, 0x061d485e, 0x5e727225, 
    0x82cd3f5d, 0x8411830d, 0x851c861d, 0x242d851f, 0x5d2f3912, 0x83318633, 0x230b8430, 0x2b71715d, 0x5d201e85, 0x5d893f8e, 0x61825084, 0x63825d20, 
    0x822b3221, 0x832b2062, 0xcd3f2800, 0x32712b32, 0x82712b2b, 0x820f8200, 0x2b33255d, 0x5d2b2b33, 0x2b291082, 0x5d32cd71, 0x5d322b5d, 0x05bb482b, 
    0x72284085, 0xde10012b, 0x2b32dc32, 0x72230483, 0x8232cdce, 0x835d2023, 0x848c8320, 0x820c8cca, 0x82712056, 0x89102074, 0x86f58396, 0x865784e3, 
    0x0c054137, 0x2f835d20, 0x91825982, 0x31837e82, 0x10218683, 0x248d85cd, 0x2b72715d, 0x23978472, 0x722b2b5d, 0xa182cb82, 0x30315d23, 0x20558200, 
    0x2000825d, 0x82038201, 0x5d5e2102, 0x01240185, 0x03113311, 0x01230382, 0x84152135, 0x200b8203, 0x860b8315, 0x291b9817, 0x1d1d1d6a, 0x3401affe, 
    0x0382ccfe, 0x841daf21, 0x839b2004, 0x01ae2413, 0x82cbfe35, 0x1dae2103, 0x6b260485, 0xd6fe2a01, 0x0583b4fe, 0x1d790228, 0x1d68fd1d, 0x1384011d, 
    0x40821f20, 0x1683d320, 0xa04c0121, 0x00470822, 0xff19000e, 0x03980df4, 0x00150008, 0x00370028, 0x0065004d, 0x0093007d, 0x00b300a7, 0x00d100bf, 
    0x01f500e3, 0xb99b0101, 0xe0ff8a00, 0x100e1140, 0x08834c00, 0x4c001211, 0x100f205b, 0xb8544c00, 0x11b3f8ff, 0x86534d00, 0xb8442707, 0x10b3e0ff, 
    0x07824d00, 0x1440d82d, 0x4c000f0e, 0x0012103d, 0x82083d4d, 0x28312523, 0x2e4d000e, 0x82063f4b, 0xb3d02107, 0x1b200f82, 0x0f230f83, 0x820c4d00, 
    0x1a402138, 0x05205e83, 0x05203083, 0xab323083, 0xf9b4c0c9, 0x08d6f2ba, 0xbe929e94, 0x7e000001, 0x05828600, 0x7b00882b, 0x69b30001, 0x41586667, 
    0x220e820d, 0x824e0056, 0x00642205, 0x2205824b, 0x8240004d, 0x00422a05, 0xb201012f, 0x4126371e, 0x220d8209, 0x82130028, 0x00152205, 0x3a05820b, 
    0x40020109, 0xe7e9b70c, 0xc4d5f3ce, 0x9909fcdf, 0x013841a3, 0x01920008, 0x82870004, 0x018c2803, 0x01810003, 0x826f0006, 0x82762007, 0x007d2607, 
    0x00020169, 0x24198266, 0x00090164, 0x20038258, 0x2419825e, 0x00050151, 0x20078263, 0x2017824e, 0x2003824c, 0x20038242, 0x200f8246, 0x2031823b, 
    0x204d8228, 0x200b822c, 0x200b8223, 0x20078234, 0x202b8219, 0x201f8214, 0x2003820a, 0x200f820e, 0x23178203, 0x3f3fed3f, 0x05820382, 0x3f220888, 
    0x1185cded, 0x17cc3f2c, 0xd6100139, 0xdceddcfd, 0x0483c0ed, 0xcd210386, 0x221082c0, 0x82deeddc, 0x3031211e, 0x200a9278, 0x2000842b, 0x067e5e25, 
    0x1133112d, 0x32331614, 0x1137023e, 0x183e1733, 0x230ccdb9, 0x1e113711, 0x0751c318, 0x06222324, 0x329a0107, 0x0c074f18, 0x1533012c, 0x1e141523, 
    0x36323302, 0x34871737, 0x3e933720, 0x48182520, 0x32220b8b, 0x954b021e, 0x4b17200b, 0x7b82079e, 0x954b2720, 0x15162206, 0x07934b14, 0x17163234, 
    0x06272633, 0x27262223, 0x07222326, 0x22173617, 0xc9820727, 0xc4833720, 0x37361726, 0x37010e23, 0x080a894b, 0x20bd012f, 0x523c4569, 0x3c5d1632, 
    0x1d200f47, 0xdd5d0516, 0x382d4511, 0x251f3c57, 0x423c6044, 0x0e5d2063, 0x5a4b2633, 0x28392410, 0x03114026, 0x202d8f66, 0xdb4f187a, 0x75023511, 
    0x180cc5c5, 0x332a1824, 0x460e120a, 0x2a45352d, 0xb4025d11, 0x5208388f, 0x3a22f501, 0x4e2d2d4f, 0x3a22223a, 0x4f2d2d4e, 0x96fe223a, 0x0b12120b, 
    0xb311110c, 0x100d0a12, 0x0f0e0a12, 0x16111481, 0x10061b13, 0x131b0610, 0x54141116, 0x29032f22, 0x05082303, 0x0f02180e, 0x14191e13, 0x10131310, 
    0x131e1914, 0x0e18020f, 0x82230805, 0x2f39081c, 0x0f120a28, 0x13120b0e, 0x2312080f, 0x01355740, 0x5ff0fe24, 0x03030252, 0x17b70102, 0x4828180b, 
    0x653f3c64, 0x09122646, 0xfd10e902, 0x63070449, 0x3346285b, 0xfe0e1a1d, 0x832f9175, 0x583f2842, 0x01dcfe35, 0x18443010, 0x3507a250, 0xf04e0802, 
    0x0c1d3327, 0x074d0413, 0x4f361b15, 0x10d00134, 0x3c9166fd, 0xd98b2820, 0x1025e982, 0x110b0c11, 0x36dd8211, 0x130f0d9d, 0x130e0e0b, 0x0b241675, 
    0x17250e24, 0x0b14150a, 0x820e2417, 0x2d6a380c, 0x02213020, 0x0d040f13, 0x08a90823, 0x0f040d23, 0x30210213, 0x83b62d20, 0x0d0f2fd0, 0x0000120c, 
    0x010a0007, 0x03b90159, 0xdf4d0008, 0x003d3c05, 0x0061004f, 0x4018006d, 0x3a55230f, 0x355f1a29, 0x684b1442, 0x4f0f050b, 0x4dcc3f00, 0x48421fde, 
    0x41b9204e, 0x02215ccf, 0x54504130, 0x0001003b, 0x006e7b00, 0x60901401, 0x1b0c0000, 0x01060060, 0x00f0ffb4, 0xff24000a, 0x220582b1, 0x82e7ff26, 
    0x842a2005, 0xff2d2205, 0x200b8285, 0x200b8432, 0x22058434, 0x820d0039, 0x823a2011, 0x000a2403, 0x82f4ff3d, 0xffa12807, 0x020a007a, 0x828dffc8, 
    0x83d02005, 0xd4022341, 0x0b82baff, 0xb7ffdb22, 0xde200582, 0x02213583, 0x200584e1, 0x290583e4, 0xe4ff4503, 0x75030a00, 0x0582deff, 0xf5ff7d22, 
    0x9e200582, 0x03213583, 0x200584a1, 0x215383a3, 0x0b84a803, 0x2f84ac20, 0x0582b220, 0x0c000b2a, 0x0b005000, 0xe2ff2600, 0x2a200582, 0x32200584, 
    0x34200584, 0x36220584, 0x1782eeff, 0x03823720, 0x38000b24, 0x0782f6ff, 0x0f003922, 0x3c280582, 0x0b001100, 0xf3ffc502, 0xd4220582, 0x05821b00, 
    0x2f83de20, 0x47828f82, 0x03820220, 0xe4201182, 0x03271183, 0x00d2ff45, 0x834b030b, 0x5903212f, 0xa1822f83, 0x1182eb20, 0x1d84ac20, 0x4b82b020, 
    0xb1030b22, 0xb2201d84, 0x0c241182, 0xecff2400, 0x26209382, 0x0c22ad82, 0x05842a00, 0x35822d20, 0x32000c22, 0x34200b84, 0x36200584, 0x37200584, 
    0x0c22ef82, 0xef823900, 0x3a000c24, 0x3582eeff, 0x11843b20, 0xd5ff3c22, 0x3d220b82, 0x0582eaff, 0x4d83a120, 0xffc50227, 0x020c00f0, 0x200b84d0, 
    0x231783d6, 0xedffd702, 0xde201182, 0x02214783, 0x200584e1, 0x233b83e2, 0xe6ffe302, 0xe4201782, 0xe5201184, 0xe7201184, 0xed202984, 0x02215f83, 
    0x270583ef, 0xf2ff4503, 0x4b030c00, 0xcb826583, 0x0b82f320, 0xefff7d22, 0x9e200582, 0x03205f83, 0x03217184, 0x216583a3, 0x1184a803, 0x4d83ac20, 
    0x83b00321, 0xb103214d, 0xb2203584, 0xb3201184, 0x0d201182, 0xc026ef82, 0x26000d00, 0x0582f6ff, 0x05842a20, 0x86ff2d22, 0x3b220b82, 0x0582e7ff, 
    0x9fffa128, 0xc8020d00, 0x058290ff, 0x82ffd021, 0xd4022329, 0x0b82b7ff, 0xe2ffd622, 0xd7220582, 0x0582f1ff, 0xb6ffdb22, 0xe1200582, 0x02213b83, 
    0x823583e5, 0x00ef2495, 0x827d030d, 0x030d22ad, 0x8235839e, 0x823b8295, 0x2005838f, 0x222382b3, 0x822d0010, 0x0010287d, 0x00ceff37, 0x82390010, 
    0x0010248f, 0x82e1ff3b, 0x843c200b, 0xff3d2211, 0x200b82f0, 0x26e982a1, 0xffc50210, 0x821000f5, 0x82ea2083, 0x82d42005, 0x021024d7, 0x82d8ffd6, 
    0x247d830b, 0xffdb0210, 0x220b82de, 0x820f00de, 0x84e12005, 0x83e22005, 0xe3022341, 0x1182d7ff, 0x5383e520, 0xffed0229, 0x031000ef, 0x820e0045, 
    0x834b2005, 0x7503211d, 0x10205d82, 0xe920a182, 0xa3201182, 0x03216b83, 0x201784b0, 0x200584b1, 0x2a3582b3, 0x00240011, 0x00110019, 0x82e3ff26, 
    0x842a2005, 0x002d2205, 0x220b821c, 0x82dfff32, 0x84342005, 0x82362005, 0x82112053, 0x82ba20c5, 0xff382211, 0x220582e9, 0x82b3ff39, 0x823a2005, 
    0x001124a1, 0x820a003b, 0xff3c220b, 0x220582b0, 0x8213003d, 0x83a12005, 0xd0022105, 0x02275983, 0x001200d4, 0x83de0211, 0xe1022147, 0x02235f83, 
    0x82baffe2, 0x84e42011, 0x83e52011, 0xe702293b, 0x11008bff, 0xd5ff4503, 0x4b200582, 0x03234783, 0x829bff59, 0xff75220b, 0x200582e2, 0x2147839e, 
    0x0584a103, 0x5983a320, 0x84a80321, 0x83ac200b, 0x82d18241, 0xb103214d, 0xb2203584, 0xb3201184, 0x12225382, 0xe3822400, 0xd7821220, 0x7f82e520, 
    0x83ff2a21, 0xff2d2205, 0x220b82b9, 0x82e6ff32, 0x84342005, 0x00372205, 0x220b821d, 0x82200039, 0x003a2205, 0x22058216, 0x8214003b, 0x003c2205, 
    0x22058222, 0x8209003d, 0x82a12005, 0x021228e9, 0x00c2ffc8, 0x83d00212, 0xd4022353, 0x0b82c5ff, 0x1b82d620, 0xdb021222, 0xde200b84, 0xdd824d83, 
    0x02216582, 0x235383e2, 0x1a00e302, 0xe4202382, 0xe5201784, 0x02215383, 0x20b982ed, 0x24e38212, 0x031200eb, 0x215f834b, 0x4d839e03, 0x84a10321, 
    0x83a32005, 0xa803216b, 0xac200b84, 0x03213583, 0x214783b0, 0x2984b103, 0x1184b220, 0x4782b320, 0xd1821d20, 0x1982f520, 0x83ff2a21, 0x84322005, 
    0x84342005, 0xff372205, 0x221782ab, 0x82f4ff38, 0xff392205, 0x220582eb, 0x82f3ff3a, 0xff3c2605, 0x021d00d8, 0x822383de, 0x213582a1, 0x2983e202, 
    0x83e40221, 0x4b032111, 0x03271d83, 0x00eaff75, 0x84ac031d, 0x83b02011, 0xb103211d, 0xb2201784, 0x23221182, 0x7d822400, 0x77822320, 0x2300f625, 
    0x83ff2a00, 0x842d2005, 0x84322011, 0x8434200b, 0xff362205, 0x221d82ee, 0x82d4ff37, 0x82382005, 0x00232483, 0x82dcff39, 0xff3a220b, 0x220582e9, 
    0x82d9ff3b, 0xff3c2205, 0x220582ca, 0x82deff3d, 0xffa12805, 0x022300da, 0x82f2ffc5, 0x82c82005, 0x0223227d, 0x235383d0, 0xecffd402, 0xd6221182, 
    0x0582d2ff, 0xe3ffd722, 0xdb200582, 0xbf824183, 0xbf827782, 0xe2200583, 0x02216583, 0x20a182e3, 0x83c58223, 0x83e52011, 0xe702215f, 0x2324ef82, 
    0xe4ffed02, 0xef243582, 0x2300f1ff, 0x7182dd82, 0xff7d0323, 0x200b82e5, 0x215f839e, 0x0584a103, 0x8383a320, 0x84a80321, 0x83ac200b, 0xb00321bf, 
    0xf5825383, 0xb2202f83, 0xb3201184, 0x242a5382, 0xb2ff0a00, 0x0b002400, 0x0582edff, 0xc1ff0d22, 0x11220582, 0x05821a00, 0x11001222, 0x23200582, 
    0x24206582, 0x21200782, 0x26200382, 0x2a202384, 0x2d220584, 0x11821d00, 0x0b843220, 0x05843420, 0x10003622, 0x37221182, 0x0582c0ff, 0x5f823820, 
    0x39002424, 0x0b82c2ff, 0xeeff3a22, 0x3b220582, 0x05821900, 0xb1ff3c22, 0x3d220582, 0x05821300, 0xb3824020, 0x46002422, 0x2422d182, 0x05844700, 
    0x05844820, 0xf0ff4a22, 0x52201d82, 0x54200b84, 0x56220584, 0x11820d00, 0x89845820, 0xebff5922, 0x5a200b82, 0x5b207184, 0x5c20a784, 0x5d221784, 
    0x17820f00, 0xecff5e22, 0x60200582, 0x63207d84, 0x6c207184, 0x6e222984, 0x1782b9ff, 0xbcff6f22, 0xa1220582, 0x05822200, 0x5983cb20, 0xffd30129, 
    0x012400f2, 0x820b00d4, 0x00d62105, 0x0121e382, 0x234d83d7, 0xd8ffd901, 0xda201182, 0xdd201d84, 0x0121bf83, 0x219583f5, 0x0b830102, 0x83160221, 
    0x170221b9, 0x02275983, 0x00ccff7d, 0x82a40224, 0x0025280b, 0x00f5ff0a, 0x840b0025, 0xff0c2205, 0x200b82e7, 0x200b840d, 0x228f8211, 0x82120025, 
    0x002522b9, 0x2011841d, 0x22a78222, 0x84390025, 0x823a2035, 0x00252289, 0x201d843b, 0x2235843c, 0x82deff40, 0x845d203b, 0xff602217, 0x260b82ea, 
    0x00f4ffa1, 0x84d40125, 0x83d92005, 0xda012117, 0x7d822f83, 0x2600f222, 0xe9207182, 0x10220582, 0x0582e2ff, 0x16001122, 0x22220582, 0x05820f00, 
    0xefff2322, 0x24200582, 0x26201184, 0x26227182, 0x05842a00, 0x17002d22, 0x32201782, 0x34200b84, 0x36220584, 0x11820a00, 0x11003722, 0x39200582, 
    0x3b220584, 0x0b820d00, 0x0b843c20, 0x1d843d20, 0xc5823e20, 0x46002624, 0x1782f1ff, 0x05844720, 0x05844820, 0x05844a20, 0x05845220, 0x05845420, 
    0x53845820, 0xf0ff5922, 0x5a202982, 0x5b228384, 0x0b820e00, 0x11845c20, 0xe4ff5e22, 0x63220b82, 0x05821200, 0xd3ff6c22, 0x6f200582, 0xa1206b84, 
    0xcb20a784, 0x01214183, 0x292983d3, 0xd2ffd501, 0xd6012600, 0x05821400, 0xeeffd722, 0xd9200582, 0xfb828f83, 0x0121ef82, 0x202384db, 0x282384dd, 
    0x00f4fff5, 0xff040027, 0x220582f2, 0x82e6ff0a, 0x840b2005, 0xff0c2211, 0x200b82df, 0x22058411, 0x82d5ff12, 0xff22220b, 0x220582d9, 0x82f5ff23, 
    0xff242205, 0x220582ed, 0x82e7ff2d, 0x84362005, 0xff372211, 0x200b82e5, 0x22b38239, 0x843a0027, 0xff3b2205, 0x221182e8, 0x82d7ff3c, 0x823d2005, 
    0x0027229b, 0x2229843e, 0x82d6ff40, 0x84442011, 0xff602271, 0x220b82e3, 0x82deff63, 0xff6e2205, 0x200582ec, 0x207d846f, 0x212383a1, 0x1183d401, 
    0x00d50129, 0x0127001c, 0x82ebffd6, 0x84d92005, 0x83da2005, 0xdc012135, 0x01236583, 0x82e1ffec, 0xfff42617, 0x022700ea, 0x238f830e, 0xe2ff1c02, 
    0x20200b82, 0x02214783, 0x21778321, 0x11847d02, 0x71839520, 0x829e0221, 0x00282823, 0x00f0ff0a, 0x820b0028, 0x0028244d, 0x82f3ff0d, 0x0011220b, 
    0x2005820b, 0x22178423, 0x82110024, 0xff26220b, 0x200582e4, 0x2005842a, 0x2011842d, 0x200b8432, 0x20058434, 0x20718238, 0x20d18228, 0x222382ef, 
    0x82d5ff40, 0x84462005, 0x8247203b, 0x00282295, 0x220b8448, 0x82e9ff4a, 0x84522017, 0x82542011, 0x00282289, 0x24838257, 0xff580028, 0x201782ed, 
    0x20898459, 0x2205845a, 0x8209005b, 0x845c2011, 0x845e200b, 0x8460201d, 0x846c205f, 0x846e2041, 0x00a122a1, 0x20238212, 0x214783cb, 0xdd82d301, 
    0xd6012822, 0x01219583, 0x296b83d7, 0xe3ffda01, 0xdc012800, 0x0582f5ff, 0x3b83e120, 0x83f50121, 0xfb012147, 0x02272983, 0x00eeff01, 0x83170228, 
    0x95022189, 0x292a8382, 0xf6ff0400, 0x0b002900, 0x0582e8ff, 0xbfff1122, 0x12220582, 0x0582c4ff, 0x29821d20, 0x22002924, 0x0b820d00, 0x0b842320, 
    0xd2ff2422, 0x26200b82, 0x29228382, 0x05842a00, 0xb0ff2d22, 0x32201182, 0x34200b84, 0x37220584, 0x11820e00, 0xa1823920, 0x3c002924, 0x0b821400, 
    0xa7823e20, 0x40002924, 0x0b82d7ff, 0xcdff4422, 0x46200582, 0x47207784, 0x48200584, 0x4a200584, 0x51220584, 0x1d82e4ff, 0x0b845220, 0x0b845320, 
    0x0b845420, 0x0b845520, 0xe7ff5822, 0x5b221d82, 0x0582dcff, 0xe6ff5d22, 0x63220582, 0x058299ff, 0xebff7822, 0xa1220582, 0x0582b4ff, 0x6b83cb20, 
    0x83290121, 0xd3012729, 0x2900f5ff, 0x2f83d601, 0x00d90123, 0x200b8213, 0x233583da, 0xf4ffe101, 0xf1200b82, 0x02210583, 0x21d78342, 0x0b829502, 
    0x0c002a28, 0x2a00f6ff, 0x3b820d00, 0xad822a20, 0x59200b83, 0x2a221d82, 0x05845c00, 0x1d836020, 0x00d5012b, 0x012a0010, 0x00ecffda, 0x200b822b, 
    0x2405820f, 0x00edffda, 0x200b842c, 0x2217822c, 0x842d00ed, 0x002d2247, 0x222f8211, 0x8212002d, 0x002d227d, 0x200b8424, 0x249b822d, 0xff3d002d, 
    0x222382ef, 0x82deff40, 0x825d2005, 0x002d2259, 0x24418260, 0xff63002d, 0x201182f3, 0x207d82a1, 0x224d822d, 0x822d0012, 0x841182b9, 0x012d286b, 
    0x00f0fff4, 0x821c022d, 0x002e2241, 0x2035820b, 0x26a7822e, 0x002e00df, 0x82d1ff10, 0x82112005, 0x002e2295, 0x24018212, 0x0022002e, 0x2011820b, 
    0x22538223, 0x8224002e, 0x002e240d, 0x82ddff26, 0x842a2011, 0x002d2205, 0x200b821b, 0x200b8432, 0x22058434, 0x82110037, 0x00392211, 0x22058214, 
    0x820a003a, 0x003b2205, 0x2205821a, 0x8216003c, 0x003d2205, 0x22058215, 0x82e6ff40, 0xff462205, 0x200582eb, 0x20058447, 0x20058448, 0x2005844a, 
    0x20058452, 0x22058454, 0x820e0056, 0x82582023, 0x002e24cb, 0x82f2ff59, 0xff5a220b, 0x200582d0, 0x2277845b, 0x82f6ff5c, 0x845d200b, 0x845e20ad, 
    0x006322a1, 0x2211820f, 0x82c3ff6c, 0x00a12205, 0x20058223, 0x267184ca, 0x00e7ffcb, 0x8304012e, 0x060121cb, 0xd3220584, 0x1182f0ff, 0x0c00d422, 
    0xd5220582, 0x0582c8ff, 0xdd83d620, 0xffd70123, 0x200b82e4, 0x213583d9, 0x7783da01, 0x84dd0121, 0x83e1201d, 0xf101216b, 0xf2201184, 0x01278983, 
    0x00eefff5, 0x8242022e, 0x002f2811, 0x0082ff0a, 0x820b002f, 0x002f2423, 0x8275ff0d, 0xff10220b, 0x220582bb, 0x82170011, 0x82122005, 0x002f2465, 
    0x821c0024, 0xff26220b, 0x200582d3, 0x2005842a, 0x2011842d, 0x200b8432, 0x20058434, 0x24ef8236, 0xff37002f, 0x2023828d, 0x245f8238, 0xff39002f, 
    0x200b829c, 0x221d843a, 0x8214003b, 0x843c200b, 0x843d201d, 0xff402229, 0x221182e0, 0x82f4ff46, 0x84472005, 0x84482005, 0x844a2005, 0x84522005, 
    0x84542005, 0xff592205, 0x222382d8, 0x82dbff5a, 0x825b2005, 0x002f24dd, 0x82ecff5c, 0x005d220b, 0x2205820a, 0x82e8ff5e, 0xff602205, 0x200582f1, 
    0x22598463, 0x82d9ff6c, 0xff6e220b, 0x22058288, 0x828aff6f, 0x00782205, 0x2805820b, 0x001d00a1, 0xffd5012f, 0x200582b0, 0x220b84d6, 0x82c4ffd9, 
    0x83da200b, 0xdb0123ad, 0x0b82f5ff, 0xa6ffdd22, 0xe1280582, 0x2f00dfff, 0xe4ff1602, 0x17200582, 0x02238383, 0x82acff7d, 0xffa4240b, 0x823000ed, 
    0x82fa20d7, 0xff3c2e05, 0x013000f8, 0x00f0ffda, 0x00d50131, 0x2005820f, 0x2a1d82da, 0xff040032, 0x003200f2, 0x82e9ff0a, 0x820b2005, 0x0032223b, 
    0x2247820c, 0x82110032, 0x00322453, 0x82d6ff12, 0xff222217, 0x200582de, 0x22718223, 0x84240032, 0xff2d2235, 0x221182e7, 0x82f6ff36, 0xff372205, 
    0x220582e5, 0x82efff39, 0x823a2005, 0x0032225f, 0x24e3823b, 0xff3c0032, 0x201182d7, 0x22e9823d, 0x843e0032, 0x84402029, 0xff44224d, 0x221782f3, 
    0x82e3ff60, 0xff632205, 0x200582e2, 0x2035846e, 0x2623846f, 0x00d8ffa1, 0x83d40132, 0x20a78211, 0x220b821b, 0x82ebffd6, 0xffd92205, 0x200582ec, 
    0x219b83da, 0xa783dc01, 0x83ec0121, 0xf4012777, 0x3200eaff, 0x71830e02, 0x831c0221, 0x21022111, 0x0223d183, 0x82e6ff7d, 0x829e2017, 0x82332035, 
    0x00f524e3, 0x820b0033, 0x82332035, 0x82e820dd, 0xff11220b, 0x220582a6, 0x82c2ff12, 0xff242205, 0x220582ce, 0x82a1ff2d, 0xff3b2205, 0x200582ee, 
    0x22b3823e, 0x82400033, 0x003322bf, 0x24ef8244, 0xff460033, 0x201782eb, 0x22058447, 0x82e0ff48, 0x844a200b, 0x8452200b, 0xff542105, 0x59225f83, 
    0x17820a00, 0x09005a22, 0x5c200582, 0x60200b84, 0x33249582, 0x8dff6300, 0x6c201182, 0x6f205984, 0xa1221784, 0x1182acff, 0xe382cb20, 0xe9823320, 
    0x3300ed22, 0x3b82e982, 0xffd60123, 0x200b82d9, 0x20c582da, 0x82e38233, 0xf1012153, 0x02273583, 0x00efff0c, 0x841d0233, 0x8295200b, 0x823420c5, 
    0x00f226d1, 0xff0a0034, 0x830582e9, 0x003424d7, 0x82dfff11, 0xff22220b, 0x200582de, 0x228f8223, 0x82240034, 0x003424b9, 0x82e7ff2d, 0xff362211, 
    0x200582f6, 0x22598237, 0x82390034, 0x0034224d, 0x227d823a, 0x823b0034, 0x003422a1, 0x22e9823c, 0x823d0034, 0x003422f5, 0x2129843e, 0x5f83ff44, 
    0x0f004d22, 0x63223582, 0x0582ecff, 0x2f846e20, 0x1d846f20, 0xd8ffa124, 0xb3823400, 0x05821b20, 0x1d83d920, 0x83ec0121, 0xf4012759, 0x3400eaff, 
    0x53830e02, 0x831c0221, 0x21022111, 0x02214783, 0x2223829e, 0x820b0035, 0x00352ab9, 0x000e0011, 0x00120035, 0x2205820c, 0x82f3ff22, 0x82232005, 
    0x00352477, 0x821c0024, 0x8226200b, 0x003522b9, 0x2205842a, 0x8216002d, 0x84322011, 0x8434200b, 0x82392005, 0x0035247d, 0x8213003b, 0x823c2017, 
    0x003522dd, 0x204d843d, 0x24fb8240, 0x005b0035, 0x22178215, 0x8209005d, 0x825e2005, 0x003522e3, 0x22b38260, 0x84630035, 0x846c2023, 0x00a12283, 
    0x201d821d, 0x217183cb, 0x7183d601, 0x83da0121, 0xf1012147, 0x3522a782, 0x0582f201, 0x11823620, 0x3600e828, 0x0b00e101, 0xb3823700, 0x0582e520, 
    0xad820c20, 0x10003724, 0x0b82cfff, 0xb5ff1122, 0x12220582, 0x0582aaff, 0xacff1d22, 0x22200582, 0x3724a782, 0xcdff2300, 0x24220b82, 0x0582c0ff, 
    0xfb822620, 0xc5823720, 0x2d223b83, 0x1182a6ff, 0x11843220, 0x05843420, 0x18003722, 0x39221182, 0x05821b00, 0x11003a22, 0x3b220582, 0x05820f00, 
    0x9b823c20, 0x40003724, 0x0b82e0ff, 0xd3ff4422, 0x46220582, 0x0582c9ff, 0x05844720, 0x05844820, 0x05844a20, 0xd8ff5122, 0x52201782, 0x53200b84, 
    0x54200b84, 0x55200b84, 0x56200b84, 0x58223b84, 0x2382deff, 0xeaff5922, 0x5a220582, 0x0582afff, 0xeeff5b22, 0x5c200582, 0x5d221184, 0x0b82e2ff, 
    0xe8ff5e22, 0x63220582, 0x0582bdff, 0xabff6c22, 0x78220582, 0x0582b4ff, 0xb8ffa122, 0xc9220582, 0x05821500, 0x1f00ca22, 0xcb280582, 0x3700b1ff, 
    0x33000401, 0x06200582, 0x01231783, 0x820b0008, 0x8329200b, 0xd5012329, 0x0b82cfff, 0xc4ffd622, 0xd9220582, 0x05821c00, 0x6b83da20, 0xffdb0123, 
    0x220b82f5, 0x82bcffdd, 0xffe12e05, 0x023700c3, 0x00beff42, 0xff0b0038, 0x200582f6, 0x22058411, 0x82d7ff12, 0x841d200b, 0x8424200b, 0xff2d2205, 
    0x221182f1, 0x82f0ff3d, 0xff402205, 0x200582db, 0x200b8444, 0x2253825d, 0x845e0038, 0x82602023, 0x003824c5, 0x82ebff63, 0x82a1201d, 0x013828e9, 
    0x001100d5, 0x83d60138, 0xda012329, 0x0b82ecff, 0xeffff42e, 0x1c023800, 0x3900f2ff, 0x0e000a00, 0x0b220582, 0x0582dfff, 0x10000c22, 0x10200582, 
    0x39244782, 0xb5ff1100, 0x12220b82, 0x0582bdff, 0x35821d20, 0x22003924, 0x0b821800, 0xdaff2322, 0x24220582, 0x0582c2ff, 0x47822620, 0x2a003922, 
    0x2d220584, 0x1182a1ff, 0xfaff3022, 0x32200582, 0x34201184, 0x37200584, 0x3920f582, 0x1f201382, 0x3a220382, 0x05821500, 0x13003b22, 0x3c220582, 
    0x05822100, 0xe4ff4022, 0x44220582, 0x0582e7ff, 0xd3ff4622, 0x47200582, 0x48200584, 0x4a200584, 0x51220584, 0x1782e2ff, 0x0b845220, 0x0b845320, 
    0x0b845420, 0x0b845520, 0xf1ff5622, 0x58221d82, 0x0582e8ff, 0xfeff5d22, 0x5e200582, 0x63220b84, 0x0b82b6ff, 0xd5ff6c22, 0x6e200582, 0x6f207184, 
    0x7822bf84, 0x1182f5ff, 0xaeffa122, 0xc7220582, 0x05820b00, 0x2000ca22, 0xcb280582, 0x3900cdff, 0x29000401, 0x06210582, 0x21ad8200, 0x1d830801, 
    0xff290123, 0x201182e6, 0x236583d3, 0xd7ffd601, 0xd7200b82, 0xd9200b84, 0xda202384, 0xdd200b84, 0x0221e983, 0x2a778242, 0x000a003a, 0x003a000d, 
    0x82f0ff0b, 0xff112205, 0x220582db, 0x82d1ff12, 0x821d2005, 0x003a2477, 0x82100022, 0xff23220b, 0x220582ed, 0x82eeff24, 0x84262005, 0x842a2029, 
    0xff2d2205, 0x201182c4, 0x200b8432, 0x20058434, 0x20b98237, 0x209d823a, 0x22178216, 0x820c003a, 0x823b2005, 0x003a2261, 0x22cb823c, 0x8440003a, 
    0xff44225f, 0x221782e3, 0x82eaff46, 0x84472005, 0x84482005, 0x824a2005, 0x003a24b9, 0x82ebff51, 0x84522017, 0x84532011, 0x8454200b, 0x8455200b, 
    0xff56220b, 0x201d82ef, 0x208f8458, 0x220b845e, 0x82daff63, 0xff6c2211, 0x220582ec, 0x8212006e, 0x006f2205, 0x22058219, 0x82cfffa1, 0x84ca2005, 
    0x83cb2011, 0x04012959, 0x3a000b00, 0xf2ff2901, 0xd6220582, 0x0582e7ff, 0x8200d921, 0xda0123a7, 0x0b82e8ff, 0x1784f120, 0xf4fff228, 0x0b003b00, 
    0x0582e7ff, 0x35820d20, 0x10003b24, 0x0b82e4ff, 0x0d001122, 0x12200582, 0x3b22cb82, 0x17842300, 0x1b002422, 0x26221182, 0x0582e8ff, 0x05842a20, 
    0x14002d22, 0x32200b82, 0x34200b84, 0x37200584, 0x39223584, 0x17821100, 0x89823b20, 0x3c003b24, 0x0b821300, 0x17843d20, 0xdeff4022, 0x46220b82, 
    0x0582eeff, 0x05844720, 0x05844820, 0x05844a20, 0x05845220, 0x05845420, 0xf6ff5822, 0x59222382, 0x0582f5ff, 0xdbff5a22, 0x5b200582, 0x5c224784, 
    0x0b82f9ff, 0x8f845e20, 0x9b846320, 0xd1ff6c22, 0xa1221182, 0x05821c00, 0xe3ffcb28, 0xd3013b00, 0x0582efff, 0x3583d520, 0x83d60121, 0xd70123b3, 
    0x1182eaff, 0x9583d920, 0xec20fb82, 0xdb220b82, 0x0582f3ff, 0xdaffdd22, 0xf1220582, 0x0582f0ff, 0x3584f220, 0xedfff522, 0xf6260b82, 0x3b00f4ff, 
    0x23831202, 0x82420221, 0x003c2417, 0x82d6ff0b, 0x820c20c9, 0x003c24d1, 0x82cfff10, 0xff11220b, 0x220582bf, 0x82aeff12, 0x821d2005, 0x003c2447, 
    0x82190022, 0xff23220b, 0x220582c6, 0x82b1ff24, 0xff262205, 0x200582d7, 0x2205842a, 0x828dff2d, 0xff30220b, 0x200582f8, 0x20118432, 0x22058434, 
    0x821e0037, 0x00392211, 0x22058221, 0x8217003a, 0x003b2205, 0x22058215, 0x8223003c, 0x003d2205, 0x2005820b, 0x22ef8240, 0x8444003c, 0x8446202f, 
    0x8447207d, 0x84482005, 0x844a2005, 0xff512205, 0x202982d8, 0x200b8452, 0x200b8453, 0x200b8454, 0x220b8455, 0x82ecff56, 0xff58221d, 0x220582de, 
    0x82f1ff5b, 0xff5d2205, 0x220582e4, 0x82eaff5e, 0xff632205, 0x220582b2, 0x82b4ff6c, 0x846e2005, 0x006f2271, 0x220b8211, 0x82e0ff78, 0xffa12205, 
    0x220582b0, 0x822900ca, 0x83cb2005, 0x04012929, 0x3c002800, 0x20000601, 0x29220582, 0x0582d5ff, 0xf0ffd322, 0xd4220582, 0x05820c00, 0xddffd522, 
    0xd6220582, 0x0582c9ff, 0xb983d720, 0x00d90123, 0x220b8222, 0x82f3ffda, 0xffdd2205, 0x290582d2, 0x00effff6, 0xff42023c, 0xe18200d9, 0x82ebff21, 
    0xff102205, 0x200582c4, 0x227d8211, 0x8223003d, 0x003d224d, 0x24838224, 0xff26003d, 0x201782dc, 0x2005842a, 0x2011842d, 0x200b8432, 0x22058434, 
    0x82f2ff38, 0x0039221d, 0x2005820a, 0x227d823c, 0x823e003d, 0x003d2259, 0x22958240, 0x8446003d, 0x84472047, 0x84482011, 0xff4a220b, 0x202982e9, 
    0x22118452, 0x82f1ff54, 0x8257200b, 0x003d2495, 0x82edff58, 0x8459200b, 0xff5a221d, 0x220b82e8, 0x8209005b, 0x845c2005, 0x825e2011, 0x003d22d1, 
    0x222f8460, 0x82ceff6c, 0x00a12217, 0x20058212, 0x207784ca, 0x211783cb, 0x7d830401, 0xffd30122, 0x01218f82, 0x22fb82d5, 0x83d6013d, 0xd7012723, 
    0x3d00eeff, 0x1d84d901, 0xe4ffda22, 0xdb200b82, 0x0123ef83, 0x82f6ffdc, 0xffdd220b, 0x200582c8, 0x277d83f5, 0xf4fffb01, 0x01023d00, 0x95200584, 
    0x02214783, 0x2005849d, 0x22b982a4, 0x8224003e, 0x003e223b, 0x22d78226, 0x842a003e, 0x842d2005, 0x84322011, 0x8434200b, 0xff362805, 0x003e00e6, 
    0x82dfff37, 0xff382205, 0x220582da, 0x82e3ff39, 0xff3a2205, 0x220582db, 0x82dcff3b, 0xff3c2205, 0x220582e5, 0x82d7ff3d, 0x00402205, 0x20058250, 
    0x291183a1, 0xedffc502, 0xc8023e00, 0x0582eaff, 0x5983d020, 0x00d40223, 0x220b821a, 0x82e1ffd6, 0xffdb2205, 0x200582e7, 0x216583de, 0x0584e102, 
    0x6583e220, 0x83e30221, 0xe402215f, 0xe5201184, 0x02235f83, 0x82d1ffe7, 0x83ef2029, 0x45032171, 0x03210b83, 0x215f834b, 0x9b835903, 0x83750321, 
    0x7d0321cb, 0x03215383, 0x2165839e, 0x0584a103, 0x8f83a320, 0x84a80321, 0x83ac200b, 0xb003214d, 0x03215f83, 0x203b84b1, 0x201184b2, 0x285f82b3, 
    0xff260040, 0x004000f6, 0x2005842a, 0x20058432, 0x20058434, 0x2005843a, 0x2005843b, 0x2265823d, 0x83c50240, 0xde02210b, 0xe1200584, 0xe4200584, 
    0xe5200584, 0xe72c0584, 0x4000ecff, 0xf4ffef02, 0x45034000, 0x4020f582, 0xed209b82, 0xa3200b82, 0x03213b83, 0x212383ac, 0x0584b203, 0x0582b320, 
    0x0a004422, 0x44288982, 0xe8ff0c00, 0x0d004400, 0x44223b82, 0xad822200, 0x40004424, 0x1182e2ff, 0xf1ff5922, 0x5a200582, 0x44224d82, 0x0b845c00, 
    0xebff6022, 0x6f201182, 0x45202f82, 0xdb223b82, 0x3b824500, 0x0582e520, 0x6b821220, 0x3b844520, 0x3b844520, 0x59004524, 0x1782f3ff, 0x45243b83, 
    0xefff5b00, 0x5c200b82, 0x5d201184, 0x45216582, 0x24478300, 0xff6e0045, 0x201782df, 0x2105836f, 0x1d831e02, 0x84230221, 0xff952805, 0x004600f2, 
    0x82e0ff10, 0x00112205, 0x2005820a, 0x22a78240, 0x82470046, 0x00462289, 0x22cb824a, 0x82520046, 0x00462429, 0x820b0059, 0x845a201d, 0x005b2223, 
    0x200b8210, 0x2211845c, 0x82ebff5e, 0xff6c260b, 0x014600e3, 0x283582f3, 0x000c0049, 0x00490027, 0x201d820d, 0x20598249, 0x220b82dd, 0x82ccff11, 
    0xff122205, 0x220582d6, 0x82180022, 0x84402005, 0x00592223, 0x220b8213, 0x8212005a, 0x005b2205, 0x2005820f, 0x2011845c, 0x221d8460, 0x82cbff63, 
    0xff6c2211, 0x220582ed, 0x8214006f, 0x00782205, 0x22058209, 0x821e00c7, 0x00ca2205, 0x20058228, 0x22ef82cb, 0x83040149, 0x0601210b, 0x01211783, 
    0x2a0b8208, 0xff0a004b, 0x004b00db, 0x82e8ff0c, 0xff0d2205, 0x200582eb, 0x22d78222, 0x8240004b, 0x004b24a7, 0x82f1ff59, 0xff5a2211, 0x200582f3, 
    0x2241825c, 0x8460004b, 0xff6e2223, 0x201182e2, 0x2205826f, 0x8295024c, 0x004d22cb, 0x2071824d, 0x22c5824e, 0x824e00e5, 0x820b20a5, 0xff232205, 
    0x220582ec, 0x82e7ff40, 0xff462205, 0x200582e6, 0x20058447, 0x20058448, 0x225f824a, 0x8452004e, 0x84542005, 0x825b2011, 0x004e22d1, 0x24c5825e, 
    0xff6c004e, 0x202f82de, 0x288982cb, 0xfff2014e, 0x014e00ea, 0x202982f3, 0x2205824f, 0x825100f1, 0x82e120b3, 0x820c2005, 0x00512259, 0x241d820d, 
    0xff220051, 0x201182e4, 0x208f8240, 0x20b38251, 0x220b82f0, 0x82f2ff5a, 0xff5c2205, 0x200582ee, 0x22b38260, 0x846e0051, 0x826f2029, 0x8252206b, 
    0x00e02241, 0x20f58252, 0x200582e5, 0x24a7820d, 0xff120052, 0x200b82e9, 0x20418222, 0x20fb8252, 0x220b82e2, 0x82f2ff59, 0x825a2005, 0x005222fb, 
    0x22fb825b, 0x845c0052, 0x845d2011, 0x2053832f, 0x22538452, 0x826f0052, 0x025222a7, 0x2129831e, 0x05842302, 0x29829520, 0x65845320, 0x65845320, 
    0xa7825320, 0x5300ec22, 0xea206582, 0x22200582, 0x5320ad82, 0x53206584, 0xf220ad82, 0x5a221182, 0x0582f4ff, 0x53206583, 0x53226584, 0xb9825d00, 
    0x60005322, 0x5320b982, 0x53206584, 0x53206584, 0x53206584, 0x53216584, 0x2a658302, 0x004d0054, 0x0055001e, 0x820c000d, 0xff102205, 0x220582e0, 
    0x82c9ff11, 0xff122205, 0x220582d2, 0x82d5ff22, 0xff402205, 0x200582e8, 0x24658254, 0x00590055, 0x220b8215, 0x8213005a, 0x005b2205, 0x20058210, 
    0x2211845c, 0x82ccff63, 0x826c200b, 0x00552471, 0x820e006f, 0xffcb280b, 0x005700ed, 0x82d9ff10, 0x00112205, 0x2005820b, 0x22e98240, 0x82460057, 
    0x005724e3, 0x82f2ff47, 0xff482211, 0x200582f6, 0x2005844a, 0x20118452, 0x24658254, 0x005b0057, 0x20178211, 0x224d825e, 0x826c0057, 0x005722ef, 
    0x201782cb, 0x26a78259, 0x00590009, 0x82ddff11, 0x82122005, 0x005922ad, 0x245f8222, 0xff400059, 0x221182e6, 0x82f1ff46, 0x22598305, 0x82480059, 
    0x0059224d, 0x216b824a, 0x59830059, 0x54005922, 0x59221184, 0x23821200, 0x5f825a20, 0x65825920, 0x0b820e20, 0x11845c20, 0xdcff6322, 0x6f220b82, 
    0x05820c00, 0xefffcb26, 0x00025900, 0x5a207182, 0x2d827184, 0x5a226b82, 0x89821200, 0x71825a20, 0x5a00dd22, 0x5a207184, 0x5a20cb84, 0xf4205f82, 
    0x59831182, 0x07825a20, 0x03821120, 0x0e005b22, 0x59830582, 0x63005a24, 0x0b82e2ff, 0x5a205983, 0xf222c582, 0x59845a00, 0x41825b20, 0x8182e520, 
    0xe3824620, 0x47005b22, 0x48200584, 0x4a200584, 0x52200584, 0x54200584, 0x5b200584, 0x5b22ad82, 0x0b845e00, 0xe3ff6c22, 0xcb283582, 0x5b00e8ff, 
    0xeefff201, 0xf3200582, 0x5d201782, 0xde224d82, 0x8f825d00, 0x0582ed20, 0xecff4722, 0x48210582, 0x200b83ff, 0x24c58249, 0xff4a005d, 0x201182ea, 
    0x22178452, 0x82eeff54, 0xff57220b, 0x200582f3, 0x20058458, 0x22d7825e, 0x8460005d, 0xff6c2247, 0x201782df, 0x822383cb, 0x00ef2a5f, 0xfff3015d, 
    0x025d00f0, 0x27478312, 0xefff9502, 0x24005e00, 0x5e240b82, 0xe6ff2600, 0x2a200b82, 0x5e22dd82, 0x11842d00, 0x0b843220, 0x05843420, 0x4d823620, 
    0x38005e24, 0x2382e9ff, 0x4d823d20, 0x60005e24, 0x0b825000, 0xf5ffa126, 0xc5025e00, 0x02211183, 0x233583d0, 0x1b00d402, 0xde201182, 0x02213583, 
    0x215383e1, 0x0b84e402, 0x2984e720, 0xb382ef20, 0x45035e22, 0x5e2a9582, 0xf6ff5903, 0x75035e00, 0x0582f1ff, 0x0b847d20, 0x41839e20, 0x84a10321, 
    0x83a32005, 0xa8032153, 0xac200b84, 0x03214183, 0x200582b2, 0x20ad8260, 0x207b82eb, 0x228f822d, 0x82360060, 0x00602423, 0x82e7ff37, 0x82382011, 
    0x0060225f, 0x220b8439, 0x82edff3a, 0xff3b2211, 0x220582e3, 0x82e8ff3c, 0xff3d2205, 0x200582de, 0x227d82a1, 0x83c50260, 0xc802251d, 0x6000f0ff, 
    0x4d82b382, 0x84d40221, 0x82d62011, 0x026022dd, 0x22b382d7, 0x83db0260, 0xe2022159, 0x02214d83, 0x214183e3, 0x4d83e502, 0x84ed0221, 0x83ef2023, 
    0x4b03213b, 0x03211783, 0x2111837d, 0x8f839e03, 0x4d82b982, 0x83a30321, 0x83b9826b, 0x83b0200b, 0xb1032141, 0xb3202984, 0x622a4182, 0x0e00b301, 
    0xb4016200, 0x05821500, 0x0584b620, 0x1100b828, 0x24006300, 0x05821a00, 0x2f822620, 0x2a006322, 0x2d220584, 0x11821c00, 0xe4ff3222, 0x34220582, 
    0x0582e1ff, 0x10003622, 0x37220582, 0x0582bdff, 0xb3823820, 0xef826320, 0x0b82b620, 0x71823a20, 0x3b006324, 0x0b820c00, 0xb3ff3c22, 0x3d200582, 
    0x63225982, 0x0583a100, 0x83d00221, 0xde022159, 0x02214783, 0x825983e1, 0x214182d7, 0x1184e402, 0x3583e520, 0x3582cb82, 0x839e0321, 0xa1032129, 
    0xa3200584, 0x03213b83, 0x200b84a8, 0x212983ac, 0x7783b003, 0x83b10321, 0xb203215f, 0xb3201184, 0x6c223b82, 0x11823700, 0x89826c20, 0x6c00f428, 
    0xdfff3c00, 0x5f826c00, 0x6c00b322, 0x0b825382, 0x0b833582, 0x1782b120, 0x24006e2a, 0x6e00b5ff, 0xebff2600, 0x2a200582, 0x2d220584, 0x0b828dff, 
    0x0b843220, 0x05843420, 0x13003922, 0x3a221182, 0x05821100, 0x0d003c22, 0xa1260582, 0x6e007cff, 0x3b83d002, 0x3b82c582, 0x0583c582, 0x2f83e420, 
    0x834b0321, 0x9e032123, 0x03211d83, 0x200584a1, 0x200584a8, 0x201d84ac, 0x201d84b1, 0x200b82b2, 0x267d8278, 0x007800ec, 0x82d6ff2d, 0x84362005, 
    0xff372211, 0x220b82aa, 0x82d4ff39, 0x843a2005, 0xff3b2211, 0x220b82cd, 0x82b2ff3c, 0xff3d2205, 0x200582d5, 0x291d83a1, 0xe7ffc502, 0xc8027800, 
    0x0582dcff, 0x82ffd021, 0xd4022147, 0x7824d182, 0xc6ffd602, 0xd7221182, 0x0582daff, 0xddffdb22, 0xe2200582, 0x02235383, 0x82caffe3, 0x83e5200b, 
    0xe702234d, 0x0b82f0ff, 0xd7ffed22, 0xef260582, 0x7800e9ff, 0x5f834b03, 0xff590323, 0x220b82f6, 0x82d8ff7d, 0x839e2005, 0x82bf8253, 0xa3032159, 
    0x03217783, 0x201184a8, 0x214d83b0, 0x2f84b103, 0xcdffb328, 0x37007c00, 0x0582adff, 0xf5ff3822, 0x39220582, 0x0582e3ff, 0x7c24b983, 0xd1ff3c00, 
    0x3d200b82, 0x7e2a1782, 0xe4ffb101, 0xb2017e00, 0x0582deff, 0x1000b422, 0xb5200582, 0x7e249b82, 0x0f00b601, 0xb7200b82, 0x7e248982, 0xe8ffb901, 
    0xba200b82, 0x802a2f82, 0x1900b801, 0x24009a00, 0x0582d2ff, 0xdbff2622, 0x2a200582, 0x2d220584, 0x0b82c2ff, 0x0b843220, 0x05843420, 0xe1ff3622, 
    0x37221182, 0x058291ff, 0xd4ff3822, 0x39200582, 0x9a247782, 0xd9ff3a00, 0x3b220b82, 0x0582bbff, 0xbeff3c22, 0x3d220582, 0x0582bcff, 0xb9ffa128, 
    0x0400b900, 0x0582f2ff, 0xdfff0a22, 0x0c200582, 0xb9242982, 0xc4ff1100, 0x12200b82, 0xb9228982, 0xa7822200, 0x7d82b920, 0x1182e520, 0xc8ff2d22, 
    0x37200582, 0xb9245982, 0xebff3900, 0x3b220b82, 0x0582d5ff, 0xd6ff3c22, 0x3d200582, 0xb9246b82, 0xf0ff3e00, 0x40200b82, 0x44221184, 0x0b82f1ff, 
    0x83ff6021, 0xff63223b, 0x220b82c7, 0x82e7ff6e, 0x846f2005, 0xffa12823, 0x01b900cf, 0x82e6ffd4, 0x00d52205, 0x22058223, 0x82edffd6, 0xffd92205, 
    0x220582f3, 0x82e4ffda, 0xffdc2205, 0x220582ee, 0x820d00dd, 0xffec2205, 0x280582dc, 0x00f4fff4, 0xff0e02b9, 0x200582e0, 0x21a1831c, 0xbf832102, 
    0xff7d0223, 0x201182e9, 0x213b8395, 0x29829e02, 0x0a00ba28, 0xba00d8ff, 0x7d820c00, 0x0d00ba22, 0xba20dd82, 0xec20cb82, 0x40201182, 0xba22b982, 
    0x5f825900, 0x5a00ba22, 0xba228f82, 0x0b845c00, 0x17846020, 0xe1ff6e22, 0x6f262382, 0xba00e2ff, 0xfb821f02, 0x7e02ba22, 0x02211783, 0x22898295, 
    0x821200cb, 0x00cb280b, 0x000f0022, 0x824000cb, 0x00cb2295, 0x20058260, 0x206b84d9, 0x206b84d9, 0x226b82d9, 0x82d900ec, 0x82ea2029, 0x82222005, 
    0x00d92259, 0x204d8240, 0x207182d9, 0x201182f2, 0x24bf825a, 0xff5b00d9, 0x210b82ef, 0x1183ff5c, 0x59825d20, 0x8300d921, 0x00d9227d, 0x22b9826e, 
    0x836f00d9, 0x1e022105, 0xd922cb82, 0x05842302, 0x29829520, 0x0a00ea2a, 0xea001200, 0x3c000c00, 0x10220582, 0x0582f5ff, 0x05841120, 0x05841d20, 
    0x2d002222, 0x3f221182, 0x05825a00, 0x46004022, 0x44200582, 0x45201784, 0xea22ad82, 0x0b844600, 0x05844720, 0x05844820, 0x05844a20, 0x1d844b20, 
    0x08004c22, 0x4d202f82, 0x4e200584, 0x4f201184, 0x51200584, 0x52202384, 0x53200584, 0x54200584, 0x55200584, 0x56200584, 0x57200584, 0xea229782, 
    0x0b845800, 0x77846020, 0x14006f22, 0xc7224d82, 0x05823e00, 0x5600c922, 0xca260582, 0xea006600, 0x05840401, 0x05840620, 0x4e000828, 0x4d002801, 
    0x05821300, 0xf3ff5d28, 0x0a002901, 0x0582d6ff, 0xecff0d22, 0x22220582, 0x0582e8ff, 0xf2ff5922, 0x5a220582, 0x0582f4ff, 0xdeff6e22, 0x6f200582, 
    0xb1220582, 0x2f827d00, 0x0800b222, 0xb2201782, 0xec220b82, 0x0582b301, 0xb301d928, 0xf0ffb501, 0x0b82b401, 0xb501ef22, 0xea201d82, 0x0a200582, 
    0xb5202982, 0x0d240782, 0xba01b501, 0xb6201d82, 0xf1226582, 0x2382b601, 0xb601f022, 0xb7201184, 0xeb222982, 0x1782b701, 0x0582e620, 0xf1ff7d28, 
    0xb201b701, 0x0582eaff, 0x0582ba20, 0x2982b820, 0xb801c222, 0x13206182, 0xb4220582, 0x05820c00, 0xccffb522, 0xb7220582, 0x0582e1ff, 0x1900b824, 
    0x2382b901, 0xba01ee22, 0xba2a7784, 0xefffb401, 0x2400d301, 0x05820e00, 0x71822620, 0x2a00d322, 0x32200584, 0x34200584, 0x3c220584, 0x1d820b00, 
    0x0f00a12c, 0xd401d301, 0xd3015000, 0x2f83d002, 0xffd10223, 0x200b82f5, 0x24d782d2, 0x00d402d3, 0x220b8223, 0x82e7ffde, 0x84e12005, 0xffe42805, 
    0x03d301db, 0x82deff45, 0x834b2005, 0x59032141, 0x03212f83, 0x23478371, 0xe6ff7503, 0x9e201782, 0x03214783, 0x2141839f, 0x0b84a103, 0x3b83a520, 
    0x84a80321, 0x84ac200b, 0x84b1200b, 0x82b2203b, 0x00d4244d, 0x82f2ff24, 0xff392281, 0x220582f1, 0x82eeff3b, 0x823c2005, 0x00d422a1, 0x2011843d, 
    0x210b83a1, 0x2383d002, 0x82d60221, 0x02d4223b, 0x292383d7, 0xeaffe302, 0xe502d401, 0x0582e8ff, 0x2383ed20, 0x844b0321, 0xff602605, 0x03d401f3, 
    0x200b8471, 0x2005847d, 0x213b839e, 0x1784a103, 0x5383a320, 0x84a80321, 0x84ab2011, 0x84af200b, 0x84b1200b, 0x83b32029, 0xb403274d, 0xd501f6ff, 
    0xd1822500, 0x2600d524, 0x0b821c00, 0x0b842720, 0x05842820, 0x05842920, 0x17842a20, 0x0b842b20, 0x05842c20, 0xd8ff2d22, 0x2e202982, 0x2f200b84, 
    0x30220584, 0x11820a00, 0x0b843120, 0x2f843220, 0x0b843320, 0x0b843420, 0x0b843520, 0xcfff3722, 0x38222382, 0x05821100, 0xdeff3b22, 0x3c220582, 
    0x0582ddff, 0xe2ff3d22, 0xa1200582, 0xb9200584, 0x02212983, 0x215f83c8, 0x0584d402, 0xc9ffd628, 0xd702d501, 0x0582ebff, 0xd5ffdb22, 0xde220582, 
    0x05821200, 0x0584e120, 0xc5ffe222, 0xe3220b82, 0x0582e3ff, 0x1000e422, 0xe5220582, 0x0582d4ff, 0xe6ffed26, 0x4503d501, 0x03232383, 0x82dbff4b, 
    0x8359200b, 0x71032377, 0x0b82dfff, 0x0e007522, 0x7d200582, 0x03235f83, 0x82e1ffa3, 0x84a5200b, 0x84ac2029, 0xffaf2205, 0x201182d6, 0x215983b0, 
    0x3b84b103, 0x5983b220, 0x82b30321, 0x00d62259, 0x28358224, 0xff2600d6, 0x00d601ec, 0x2205842a, 0x82c1ff2d, 0x8432200b, 0x8434200b, 0x82372005, 
    0x00d624f5, 0x821f0039, 0x003a2217, 0x22058216, 0x8214003b, 0x003c2205, 0x22058221, 0x820a003d, 0xffa12405, 0x82d601bc, 0x233b82e9, 0xceffd002, 
    0xd4200b82, 0xd6227182, 0x6b82d602, 0xdb02d624, 0x1182c4ff, 0x4d83de20, 0x84e10221, 0x83e22005, 0xe3022353, 0x17821a00, 0x1184e420, 0x5383e520, 
    0x00ed0229, 0x03d60113, 0x82ebff45, 0x834b2005, 0x82e3825f, 0x9e032159, 0x03235383, 0x82d3ffa1, 0x83a32017, 0xa5032171, 0x03213583, 0x221784a8, 
    0x820c00ab, 0x84ac2017, 0x84af2011, 0x83b0200b, 0xb103215f, 0xb2204184, 0xb3201784, 0x03255f83, 0x01eaffb5, 0x20f582d7, 0x220582e5, 0x82d7ff2d, 
    0xff392205, 0x210582f5, 0x1183ff3b, 0x77823c20, 0x3d00d722, 0xa1240584, 0xd701d5ff, 0xd720d182, 0xd0200582, 0x02231d83, 0x82d6ffd4, 0xffd6220b, 
    0x220582d4, 0x82e1ffd7, 0x82db2005, 0x02d7248f, 0x82f3ffdc, 0x83e3200b, 0xe5022359, 0x0b82dbff, 0xf1ffed26, 0x4b03d701, 0x03214783, 0x821d8360, 
    0x82d520c5, 0x837d2011, 0x82cb8247, 0x20cb826b, 0x201182e9, 0x222384a3, 0x82e7ffa8, 0x84a9200b, 0x84ab2029, 0xffaf223b, 0x201182e6, 0x201d84b1, 
    0x205382b3, 0x26b382d8, 0x00d801f2, 0x82edff25, 0x82262005, 0x00d8222f, 0x200b8427, 0x20058428, 0x20058429, 0x2017842a, 0x200b842b, 0x2105842c, 
    0x3583ff2d, 0x0b842e20, 0x05842f20, 0xefff3022, 0x31204182, 0x32200b84, 0x33202f84, 0x34200b84, 0x35200b84, 0x36200b84, 0xd8247782, 0xeeff3700, 
    0x38222982, 0x0582ecff, 0x95823920, 0x3a00d824, 0x0b82e9ff, 0xe9823b20, 0x3c00d822, 0xd822ad82, 0xd1823d00, 0xa100d822, 0xb9200b84, 0x01273b83, 
    0x015000da, 0x83c502d8, 0xc8022117, 0x02217d83, 0x220584d0, 0x82e4ffd1, 0x84d22017, 0x84d32005, 0x00d42205, 0x20118223, 0x200b84d5, 0x215383d6, 
    0x8383d702, 0x84d80221, 0x84da2011, 0x83db2005, 0xdc0221ad, 0xdd204d84, 0xde221184, 0x3582daff, 0x0584e120, 0xa183e220, 0x83e30221, 0xe40221a1, 
    0xe5201184, 0xe7224784, 0x2382d9ff, 0xad83ed20, 0x83ef0221, 0x45032135, 0x03211183, 0x21a7834b, 0x11845703, 0x3b835920, 0x84710321, 0x83752011, 
    0x7d03213b, 0x03212f83, 0x21ad839e, 0x23849f03, 0x0584a020, 0x1184a120, 0x0b84a220, 0x8983a320, 0x84a40321, 0x84a5200b, 0xffa62635, 0x03d801e3, 
    0x201184a7, 0x202984a8, 0x202384a9, 0x201184aa, 0x201d84ab, 0x202984ac, 0x201184ad, 0x200584ae, 0x202384af, 0x208384b0, 0x208384b1, 0x202384b2, 
    0x23bf83b3, 0xd5ffb403, 0xb5285382, 0xd901e1ff, 0x22002400, 0x26200582, 0xd922e382, 0x05842a00, 0x1a002d22, 0x32221182, 0x0582ebff, 0x05843420, 
    0x0e003622, 0x37220b82, 0x0582c4ff, 0xf0ff3822, 0x39220582, 0x0582d7ff, 0xe7ff3a22, 0x3b200582, 0x3c222f84, 0x0b82c8ff, 0x15003d22, 0xa1260582, 
    0xd9012300, 0x3583c502, 0x83c80221, 0xd002211d, 0x02236583, 0x823400d4, 0x84d62017, 0x00d72211, 0x220b8210, 0x821d00db, 0x83de2005, 0xe1022165, 
    0x02217d83, 0x216583e2, 0x3b84e302, 0xdd82e420, 0xe502d922, 0xe7222f84, 0x2982d2ff, 0x1400ed22, 0xef260582, 0xd9011300, 0x35834503, 0xff4b0323, 
    0x220b82bf, 0x82e2ff59, 0x83712005, 0x75032377, 0x0b82f2ff, 0x12007d22, 0x9e200582, 0x03217783, 0x200584a1, 0x219b83a3, 0x3584a503, 0x1184a820, 
    0x4784ab20, 0x1184ac20, 0x1d84af20, 0x7d83b020, 0x84b10321, 0x83b22053, 0xb303217d, 0x03217d83, 0x297d83b4, 0x0b00b503, 0xe402da01, 0x0582f3ff, 
    0xf4ffe724, 0x8382da01, 0x0582f220, 0x1183b220, 0xf5242382, 0x2600db01, 0xdb221782, 0x05842a00, 0x05843220, 0x05833420, 0x00dc0129, 0x02db0150, 
    0x82f6ffc5, 0x82d12005, 0x02db22a1, 0x200584d2, 0x200584d3, 0x22b982d4, 0x84d502db, 0x84d8200b, 0x84da2005, 0xffdc2205, 0x202f82f1, 0x220b84dd, 
    0x82e7ffde, 0x84e1200b, 0xffe42205, 0x200b82e6, 0x28b982e7, 0xff4503db, 0x03db01e4, 0x82238357, 0x212382fb, 0x0b849f03, 0x0584a020, 0x0584a220, 
    0x0584a420, 0x3b83a520, 0x83a60321, 0xa7032153, 0xa9201184, 0xaa200b84, 0xac200b84, 0xad201d84, 0xae200b84, 0xb2200584, 0xd7826583, 0x5f82e820, 
    0xf0ffb522, 0x3722c382, 0x0582f5ff, 0x35823b20, 0x3d00dc28, 0xdc01edff, 0x1183d402, 0x83d60221, 0xd7022311, 0x1182efff, 0x1184e220, 0x4182e320, 
    0xe502dc22, 0xed201784, 0x03270583, 0x010b0059, 0x847d03dc, 0x83a3200b, 0xaf03213b, 0xb0200584, 0x03212f83, 0x261782b3, 0xff3700dd, 0x82dd01c4, 
    0x82f4204d, 0xffdb2205, 0x240582e9, 0x01cbffe2, 0x203b82dd, 0x22058211, 0x82e5ffab, 0x82b02005, 0x00e12a11, 0x01eeff24, 0xff2d00e1, 0x220582ce, 
    0x82bcff37, 0x82392005, 0x00e124a1, 0x82d8ff3b, 0xff3c220b, 0x220582d2, 0x82d3ff3d, 0x83a12005, 0xc802210b, 0x02212983, 0x823583d0, 0x823582b3, 
    0x01c02265, 0x20b382e1, 0x220582e7, 0x82c8ffdb, 0x83e22005, 0xe3022147, 0xb9824183, 0xed282383, 0xe101e4ff, 0xcfff4b03, 0x71200582, 0xbf824783, 
    0x0b82d420, 0x47839e20, 0x82a10321, 0x03e124e3, 0x82d0ffa3, 0x83a82011, 0x20d1827d, 0x200b82d2, 0x214783b0, 0x3584b103, 0x7782b320, 0x2400e528, 
    0xe5011e00, 0x2f822600, 0x2a00e522, 0x2d220584, 0x11822200, 0x0b843220, 0x05843420, 0x15003622, 0x3b201182, 0x3d200584, 0xa1200584, 0xe8223582, 
    0x1d823a00, 0xd782e820, 0xe901f024, 0x0b825b00, 0x5d00e926, 0xf301efff, 0xec200b82, 0x0b840582, 0x82000221, 0x02f32217, 0x2895821e, 0xff2302f3, 
    0x02f301f4, 0x20118295, 0x227182f6, 0x82f601e9, 0x21058371, 0x0583ff32, 0x05843420, 0xf3ff3822, 0x46201782, 0x47222384, 0x0b82f1ff, 0x0b844820, 
    0x41824a20, 0x5200f622, 0x54201184, 0x57201184, 0xf6224d82, 0x17845800, 0xdcff5922, 0x5a222982, 0x0582e0ff, 0x0b845c20, 0x4783cb20, 0xfff30127, 
    0x01f601e6, 0x273583fb, 0xf0ff0102, 0x1702f601, 0x02211783, 0x2723837e, 0xedffa402, 0x2400fa01, 0xfa244782, 0xe4ff3700, 0x39200b82, 0xfa202382, 
    0xf420d782, 0x3b220b82, 0x0582e7ff, 0xe1ff3c22, 0x3d200582, 0xfa223582, 0xdd82a100, 0xb984fb20, 0xb982fb20, 0xfb01e824, 0x5f823200, 0x3400fb22, 
    0x37220584, 0x1182d0ff, 0x8f823820, 0x3900fb24, 0x0b82d3ff, 0xdaff3a22, 0x3c220582, 0x0582d4ff, 0xf3ff4a22, 0x59220582, 0x0582d6ff, 0xddff5a22, 
    0x5c200582, 0xa1822383, 0x9b824782, 0xfb01f226, 0xdeff1602, 0x17200582, 0x02216583, 0x824d837d, 0x822f82a7, 0x02e826a7, 0xff590000, 0x220582ee, 
    0x82f0ff5a, 0xff5c2405, 0x820002ec, 0x02f3223b, 0x22238200, 0x820702e6, 0x82ef2071, 0xff3c2805, 0x000c02eb, 0x82f4ff46, 0x84472005, 0x84482005, 
    0xff4a2205, 0x201182f1, 0x200b8452, 0x20058454, 0x821183cb, 0x02ee2441, 0x8295020c, 0x820e2011, 0x02e222d7, 0x83d7820e, 0xff322205, 0x200b82e0, 
    0x22058434, 0x82f2ff46, 0x8247200b, 0x000e242f, 0x82f3ff48, 0xff4a220b, 0x200582ed, 0x20118452, 0x22118454, 0x82efff58, 0xff592211, 0x220582d0, 
    0x82d7ff5a, 0xff5c2205, 0x200582cd, 0x821d83cb, 0x02e12265, 0x82a7820e, 0x206b821d, 0x200b82f1, 0x823b839d, 0x02f326d7, 0xff240016, 0x220582e5, 
    0x82e4ff2d, 0x82442005, 0x0016226b, 0x228f825b, 0x845d0016, 0xffa12605, 0x021602da, 0x2447820d, 0xff1e0216, 0x200b82ee, 0x20058295, 0x24358217, 
    0x001702e9, 0x20ef822d, 0x20fb8217, 0x200b82ee, 0x2447823b, 0xff3c0017, 0x220b82e7, 0x82e6ff3d, 0x82442005, 0x00172a35, 0x02dfffa1, 0xff000217, 
    0x200582f2, 0x2123830e, 0x59821602, 0x1c021722, 0x1e200b84, 0x20200b84, 0x1722bf82, 0x95822102, 0x23021722, 0x7d202984, 0xad826583, 0x1902ee24, 
    0x1782cb00, 0x4d001c22, 0x1c2a1782, 0xe9ff5900, 0x5a001c02, 0x0582ecff, 0x11845b20, 0x11835c20, 0x83010221, 0x1f02250b, 0x1c02e0ff, 0xe820e982, 
    0xa7830582, 0x26001d22, 0x1d228982, 0x6b822a00, 0x32001d22, 0x34200584, 0x38200584, 0x1d225382, 0x7d824600, 0x47001d22, 0x1d22a782, 0x0b844800, 
    0xf0ff4a26, 0x52001d02, 0x54201184, 0x58201184, 0x1d209b82, 0xd6207782, 0x5a221782, 0x0582daff, 0xd4ff5c28, 0xf3011d02, 0x0582e8ff, 0x2983fb20, 
    0xef247d82, 0x17021d02, 0x7d825383, 0x0b82d720, 0xa182a420, 0xb9821e20, 0x1e02ef28, 0x3e001f02, 0xcb821f02, 0x2002f024, 0x2f823900, 0x3c002022, 
    0x2020dd82, 0xf320d182, 0x4f201182, 0x20226582, 0x05845700, 0xc5825820, 0xf6012022, 0xfb200584, 0x20204d82, 0x20225984, 0x0b841602, 0x20225f83, 
    0x1d831d02, 0x837d0221, 0x2253822f, 0x822102ee, 0x82f1209b, 0x825a2005, 0x00212211, 0x26bf825c, 0xff1f0221, 0x822102e4, 0x02f02289, 0x24238223, 
    0x002402f1, 0x2217825b, 0x825d0024, 0x02242247, 0x26838200, 0xff1e0224, 0x822402ed, 0x02ed261d, 0xff24005c, 0x220582dd, 0x82c1ff2d, 0xff3b2205, 
    0x200582e1, 0x2265823c, 0x823d005c, 0x005c2435, 0x82eaff44, 0x82452011, 0x005c225f, 0x20058449, 0x2005844b, 0x2005844c, 0x2005844d, 0x2005844e, 
    0x20058451, 0x20058453, 0x22058455, 0x82c6ffa1, 0x84ba203b, 0x83d9200b, 0x28012105, 0xf6200584, 0xfb200584, 0x8f820583, 0x5c02ec22, 0xf420e982, 
    0x0e220582, 0x0582eeff, 0x05841c20, 0xefff1d22, 0x20200b82, 0x02218983, 0x2029845c, 0x20058481, 0x221d8295, 0x8239007d, 0x007d269b, 0x02ebff3c, 
    0x2053827d, 0x200582f3, 0x20d782f3, 0x8247827d, 0x1602210b, 0x7d22dd82, 0x11841702, 0xf5827d20, 0x81027d22, 0x95200b84, 0x81204182, 0xed223b82, 
    0x3b828102, 0x8102e622, 0xf2262982, 0x26009502, 0x0582ddff, 0x05842a20, 0xdbff3222, 0x34200b82, 0x37200584, 0x9524bf82, 0xe5ff3800, 0x39221182, 
    0x0582c7ff, 0xd9ff3a22, 0x3c220582, 0x0582caff, 0xa1824620, 0x47009522, 0x95228f82, 0x0b844800, 0x0b845220, 0x71825420, 0x58009522, 0x59221184, 
    0x2982d3ff, 0x4d845a20, 0x1783cb20, 0xed22a182, 0x77829502, 0xa1821782, 0x0b82e720, 0x3f001f22, 0xa4260582, 0x9702dfff, 0xef82cb00, 0x83029721, 
    0x82972011, 0x023f2237, 0x209b829d, 0x200582ee, 0x22d1822a, 0x8232009d, 0x009d22ef, 0x22058434, 0x82beff37, 0xff382217, 0x220582f3, 0x82bbff39, 
    0x823a2005, 0x829d20bf, 0x82b620d7, 0x8259200b, 0x009d2471, 0x82e2ff5a, 0xff5c260b, 0x019d02d8, 0x824183f3, 0x02e42277, 0x2077829d, 0x220582f4, 
    0x82acff7d, 0x837e2005, 0xa4022129, 0x9e261d82, 0xb4ff2400, 0x71829e02, 0x0582d320, 0xb9822a20, 0x2d009e24, 0x0b82a7ff, 0xd4ff3222, 0x34200582, 
    0x44220584, 0x0b82c7ff, 0xaeff4622, 0x47220582, 0x0582b0ff, 0xafff4822, 0x4a200582, 0x51220584, 0x0b82ccff, 0x1d845220, 0xcbff5322, 0x54200b82, 
    0x55200b84, 0x56220b84, 0x1182c5ff, 0xd2ff5822, 0x59220582, 0x0582ecff, 0xcb825a20, 0x5b009e24, 0x0b82e8ff, 0x11845c20, 0xdcff5d22, 0xa1220b82, 
    0x0582a8ff, 0xbdffcb28, 0x29019e02, 0x0582cfff, 0xb6fff322, 0xf6280582, 0x9e02e9ff, 0xd7ff0d02, 0x1e220582, 0x0582d9ff, 0x35831f20, 0x84220221, 
    0x83242017, 0x7e022965, 0xa002f0ff, 0xeeff4400, 0x46200582, 0xa0221d82, 0x0b844700, 0xe3824820, 0x5200a022, 0x54200584, 0xcb241784, 0xa402e4ff, 
    0xed20f582, 0x2d200582, 0xa4224182, 0x29823d00, 0x3b82a420, 0x1182f220, 0xdeffa126, 0x0e02a402, 0xa4224d82, 0x2f821c02, 0x0a00c528, 0xc502f4ff, 
    0x23820d00, 0xda01c52a, 0xc502e7ff, 0xf6ffdc01, 0xe1280582, 0xc5020b00, 0xd3ff0203, 0x03200582, 0xc5242f82, 0xdfff0a03, 0x22200b82, 0xc524d782, 
    0xf1ff4c03, 0x7e200b82, 0xc8264182, 0xf3ffd601, 0x3b82c802, 0x0582e320, 0x4782dc20, 0x0400cb22, 0xcb201d82, 0xb6245982, 0x0b00cb02, 0xcb249b82, 
    0xeaff0c00, 0x0d220b82, 0x0582dcff, 0xe1ff2222, 0x23200582, 0xcb227782, 0x1d843e00, 0xccff4022, 0x60201182, 0x01211d83, 0x2a4d82d3, 0xffd801cb, 
    0x01cb02f5, 0x82d4ffd9, 0x84da2005, 0x82dc2005, 0x02cb229b, 0x213583de, 0x0584e102, 0xceffe228, 0xe402cb02, 0x0582f2ff, 0xe2ffe722, 0xf1200582, 
    0xb3821783, 0xcb02db24, 0xfb820303, 0xb382cb20, 0x0b82dd20, 0xbf821220, 0x1603cb22, 0x03216b83, 0x20058418, 0x2111841b, 0x2983ff22, 0x6b832a20, 
    0x84450321, 0xff4c223b, 0x202f82eb, 0x200b8458, 0x24dd8259, 0xff7503cb, 0x241182f6, 0x02daff7e, 0x20d182d0, 0x200582b2, 0x2441820b, 0xff0d00d0, 
    0x220b82c1, 0x821a0011, 0x00122205, 0x20058211, 0x24f58223, 0xff4000d0, 0x200b82e5, 0x223b825e, 0x826000d0, 0x00d0243b, 0x82190063, 0x846c2011, 
    0xff6e2235, 0x240b82b9, 0x02bcff6f, 0x20e982d0, 0x220582f2, 0x820b00d4, 0x00d62205, 0x20058221, 0x824183d7, 0x82ce20f5, 0x82da200b, 0x01d02ad7, 
    0x02eeffdd, 0x00c502d0, 0x2005820e, 0x826b83c8, 0x2129823d, 0x0b84d402, 0x1600d622, 0xd7221782, 0x05821000, 0x1800db22, 0xde200582, 0x02216583, 
    0x220584e1, 0x82c0ffe2, 0x84e42011, 0x83e5200b, 0xe7022383, 0x1182cdff, 0x1400ed22, 0xef200582, 0xf1203584, 0x02216583, 0x224d84f4, 0x82f3fff5, 
    0x00f62217, 0x2005821b, 0x204d84fb, 0x211183fe, 0x05840103, 0xdaff0226, 0x0303d002, 0x0321a183, 0x20118404, 0x23358305, 0xe4ff0703, 0x0a221782, 
    0x0582e8ff, 0x12000d22, 0x0f220582, 0x05821300, 0xb3831520, 0x84220321, 0xff452217, 0x221182e9, 0x82b1ff4b, 0xff4c2205, 0x220582eb, 0x82dcff59, 
    0x835a2005, 0x750323dd, 0x0b82f0ff, 0x35847d20, 0xddff7e25, 0x8300d102, 0x00d1245f, 0x82dbff0a, 0x820c200b, 0x00d12423, 0x82e1ff0d, 0x0010220b, 
    0x2005820f, 0x227d8211, 0x821200d1, 0x00d12289, 0x220b841d, 0x82f5ff22, 0xff3e2217, 0x220582ef, 0x82d7ff40, 0xff602605, 0x01d102e6, 0x246b82d4, 
    0xffda01d1, 0x200b82e2, 0x28e982dc, 0xffd602d1, 0x02d102ed, 0x212f83e3, 0x2f83e502, 0xffe70223, 0x201182ea, 0x201784ef, 0x281184f6, 0x02f6fff7, 
    0xff0203d1, 0x200582de, 0x21658303, 0x3b830503, 0x840a0321, 0xff222211, 0x201782df, 0x2023842a, 0x201d844c, 0x25358359, 0xe3ff7e03, 0xb382d202, 
    0x0582f520, 0x5f820b20, 0x0c00d224, 0x0b82e7ff, 0x0b840d20, 0x2f821120, 0xb382d220, 0x1182eb20, 0x11841d20, 0xecff2222, 0x3e200b82, 0xd222bf82, 
    0x59824000, 0x6000d226, 0xd202eaff, 0x0583b382, 0x1783d920, 0xd226b984, 0xeeffdc01, 0xb984d202, 0xb982d220, 0x0b82f320, 0x4d83e420, 0x4d82bf82, 
    0x1d83bf82, 0xf0ffef22, 0xf7201782, 0x03215983, 0x211d8318, 0x7d824b03, 0x0b00d32a, 0xd302e5ff, 0x0c000c00, 0x10220582, 0x0582cfff, 0xb5ff1122, 
    0x12220582, 0x0582aaff, 0xacff1d22, 0x22220582, 0x05821600, 0xcdff2322, 0x40220582, 0x0582e0ff, 0xe8ff5e22, 0x63220582, 0x0582bdff, 0xabff6c22, 
    0x78280582, 0xd302b4ff, 0x9bffd501, 0xd6220582, 0x0582c5ff, 0x1d00d922, 0xda200582, 0xd3229b82, 0x7782db01, 0xdd01d324, 0x118294ff, 0xcbffe128, 
    0xc802d302, 0x058292ff, 0xc0ffd022, 0xd4200582, 0xdb220584, 0x0b82bfff, 0x8f83de20, 0x84e10221, 0x00e22205, 0x22118218, 0x821400e3, 0x84e42005, 
    0x00e52211, 0x220b820f, 0x821200ed, 0xfff02205, 0x2205829f, 0x82a7fff2, 0xfff42205, 0x2005828e, 0x220584f5, 0x82b6fff6, 0xfff7220b, 0x220582af, 
    0x82a3fff8, 0x84fa2005, 0xfffb2205, 0x220b828f, 0x8298fffc, 0x84fd2005, 0x84fe2011, 0x83ff202f, 0x0003210b, 0x01200584, 0x03271183, 0x02c2ff02, 
    0x840303d3, 0xff042205, 0x220b82b1, 0x82beff05, 0x83072005, 0x080321e3, 0x09202984, 0x0a200584, 0x0d222384, 0x1d82b3ff, 0x89830e20, 0x830f0321, 
    0x120323d7, 0x11821c00, 0x4d841420, 0x71831520, 0x00170323, 0x2011822a, 0x2017841b, 0x203b841f, 0x23a7832a, 0xeaff4503, 0x46221782, 0x058288ff, 
    0x4d844c20, 0x1d845a20, 0xdd837220, 0x84760321, 0xff7c2205, 0x221d82cd, 0x82c0ff7e, 0xff8a2805, 0x00d402e1, 0x82f4ff0a, 0x000c2205, 0x2205821a, 
    0x82efff0d, 0x00112205, 0x20058211, 0x24658212, 0x004000d4, 0x220b8219, 0x82f0ff5e, 0x84602005, 0xff6c280b, 0x01d402f2, 0x822200d4, 0x00d62205, 
    0x20058233, 0x200b84da, 0x210583dc, 0x2383c802, 0x84d00221, 0x00d42805, 0x02d40215, 0x821200d6, 0x00d72205, 0x2205820f, 0x821600db, 0xffde2205, 
    0x200582ee, 0x220584e1, 0x82e6ffe4, 0x84e5200b, 0xffe72223, 0x200b82e5, 0x217d83ed, 0x3b84f402, 0x0584f620, 0x3583fb20, 0x00030327, 0x03d4021d, 
    0x23118305, 0xedff0703, 0x0f220b82, 0x05820e00, 0x41001822, 0x45220582, 0x0582e8ff, 0xf6ff7522, 0x7d200582, 0x03254183, 0x021f007e, 0x20dd82d5, 
    0x220582f0, 0x82ebff0b, 0xff0d2205, 0x220582f3, 0x820b0011, 0x82232005, 0x00d522d1, 0x24ef823e, 0xff4000d5, 0x201182d5, 0x2453825e, 0xff6000d5, 
    0x220b82ea, 0x82e9ff6c, 0x836e2005, 0xd301272f, 0xd502f1ff, 0x5382d601, 0xd701d522, 0xd524b382, 0xe3ffda01, 0xdc221182, 0x0582f5ff, 0xe1ffe124, 
    0xf582d502, 0x05821020, 0x2383d020, 0xffde0223, 0x200b82e4, 0x200584e1, 0x200584e4, 0x216b83f1, 0x0584f502, 0x7183fe20, 0x83010321, 0x0203210b, 
    0x03260584, 0xd502e7ff, 0x17840403, 0x09000522, 0x07200b82, 0x03216583, 0x201d840a, 0x20058422, 0x218f8345, 0x71834603, 0x844c0321, 0x8375202f, 
    0x7e0321ad, 0xd6202982, 0xe826a182, 0xd501d602, 0x0582caff, 0x1900d622, 0xd7220582, 0x0582ddff, 0x1000d922, 0xda200582, 0xd624fb82, 0xf2ffdb01, 
    0xdd220b82, 0x0582c1ff, 0xd782e120, 0x0a00d728, 0xd702f4ff, 0x05840b00, 0xe6ff0c22, 0x12200b82, 0xd7222382, 0x65821d00, 0x2200d722, 0x3e201784, 
    0x40220584, 0x1d82daff, 0xe5ff6026, 0xd401d702, 0xd7247182, 0xf6ffd901, 0xda200b82, 0xd722fb82, 0x8982dc01, 0xd602d722, 0xd722a782, 0x1783e302, 
    0x83e40221, 0xe5022135, 0x02214d83, 0x201784e7, 0x210b83ef, 0x1d821803, 0x4182d820, 0xd802f526, 0xe4ffda01, 0xdc200582, 0xda201782, 0xee268382, 
    0x0d00da02, 0x0582dfff, 0xd1ff1022, 0x11200582, 0xda24b982, 0x12001200, 0x22220b82, 0x05820b00, 0x65822320, 0x4000da22, 0xda22a782, 0x0b845e00, 
    0x0f006322, 0x6c261782, 0xda02c3ff, 0x6582d301, 0xd401da24, 0x0b820c00, 0xc8ffd522, 0xd6220582, 0x05822200, 0x6582d720, 0xd901da24, 0x0b821500, 
    0xf582da20, 0xdd01da24, 0x0b82beff, 0xf6ffe128, 0xc802da02, 0x05821900, 0x2983d020, 0x00d40223, 0x220b821c, 0x821700d6, 0x83d72005, 0xdb022159, 
    0xde221d84, 0x1182ddff, 0x0584e120, 0x1100e222, 0xe4200b82, 0xe5220b84, 0x0b821a00, 0x1400ed22, 0xef200582, 0x0223a783, 0x82e8fff1, 0x84f4200b, 
    0x83f52047, 0xf60221a1, 0xfb200b84, 0xfe204784, 0x03211183, 0x28058401, 0x02d8ff02, 0xff0303da, 0x220582d0, 0x82e5ff04, 0x83052005, 0x07032129, 
    0x0323cb83, 0x82e9ff0a, 0x000d2211, 0x20058213, 0x2005840f, 0x21658312, 0x3b841403, 0x9b831520, 0x841b0321, 0x84222011, 0xff452229, 0x222982d5, 
    0x82ecff46, 0xff4c2205, 0x220582d1, 0x82daff59, 0xff5a2205, 0x200582c5, 0x22358475, 0x82f2ff76, 0x837d200b, 0x7e0329a7, 0xdb02ceff, 0xe4ffda01, 
    0xdc260582, 0xdc02f1ff, 0x05840a00, 0x23820b20, 0x0c00dc22, 0xdc224782, 0x0b840d00, 0xf4ff2222, 0x23221d82, 0x0582f3ff, 0xf5ff3e22, 0x40220582, 
    0x0582deff, 0x77826020, 0x4182dc20, 0xdc02e623, 0x29418401, 0xfaffe302, 0x0403dc02, 0x0582f6ff, 0x35830720, 0xff4b0327, 0x01dd02f8, 0x203582d4, 
    0x206b84dd, 0x242982dd, 0x00de02f2, 0x20598204, 0x207182de, 0x200b82e9, 0x2229820b, 0x820c00de, 0x00de2489, 0x820e0010, 0xff112211, 0x220582df, 
    0x82d6ff12, 0x82222005, 0x00de226b, 0x22418223, 0x823e00de, 0x00de2259, 0x22178440, 0x82e3ff60, 0xff63221d, 0x220582e2, 0x82f0ff6e, 0x836f2005, 
    0x826b821d, 0xd5012917, 0xde021100, 0xebffd601, 0xd9200582, 0xde20cb82, 0xda207d82, 0xdc260b82, 0xde02e7ff, 0xb982c802, 0xd002de24, 0x0b82edff, 
    0x2383d420, 0xffd60223, 0x220b82d1, 0x82e1ffd7, 0x84db2005, 0xffe2221d, 0x220b82e5, 0x82ddffe3, 0xffe52205, 0x200582e8, 0x237183ed, 0xf3fff002, 
    0xf4200b82, 0xf6204784, 0x02217183, 0x21bf83f7, 0xbf83fb02, 0x83120321, 0x160321a7, 0x03291183, 0x02f1ff18, 0xff4b03de, 0x200582d7, 0x201d827d, 
    0x23f582e0, 0x00e002f5, 0xe020ef83, 0xe820ef82, 0x11220b82, 0x0582a6ff, 0xc2ff1222, 0x3e200582, 0xe0202f82, 0xd720dd82, 0x60200b82, 0xe0247182, 
    0x8dff6300, 0x6c220b82, 0x0582eeff, 0x0a006f24, 0xdd82e002, 0x0582ed20, 0x0b84d520, 0xd9ffd622, 0xda200b82, 0xe022a782, 0x7782dc01, 0xd782e020, 
    0xe002a422, 0xce20d782, 0xd4220582, 0x0582baff, 0x7783d620, 0xffd70223, 0x220b82f2, 0x82b8ffdb, 0x83e52005, 0x82c5824d, 0xf4022347, 0x1182d2ff, 
    0xd0fffb22, 0xfc200582, 0xe022b382, 0x59830303, 0x002a0327, 0x03e0020e, 0x200b844c, 0x200b8459, 0x201d8272, 0x26b982e1, 0x00e102e9, 0x82e2ff10, 
    0x00112205, 0x22058216, 0x820f0022, 0xff232205, 0x220582ef, 0x82f6ff3e, 0x825e2005, 0x00e12471, 0x82120063, 0xff6c220b, 0x280582d3, 0x020d006f, 
    0xffd301e1, 0x200582f0, 0x247182d5, 0x00d601e1, 0x200b8214, 0x248982d7, 0x00d901e1, 0x210b8211, 0x5982ffda, 0x84db0121, 0xffdd2823, 0x02e102c9, 
    0x821500c8, 0x83d02005, 0xd4022165, 0x02214d83, 0x220584db, 0x82ecffde, 0x84e12017, 0x83e22005, 0xe402213b, 0xe5200b84, 0x02216583, 0x214183f1, 
    0x2984f402, 0xf1fff522, 0xf6222982, 0x05821000, 0x1300fb22, 0xfe200582, 0x03211183, 0x26058401, 0x02dfff02, 0x830303e1, 0x0403212f, 0x05201184, 
    0xe124e982, 0xd1ff0703, 0x0a201782, 0x12201d84, 0x0321a783, 0x2205841b, 0x82e1ff45, 0x83462017, 0x4b0321e3, 0x03217783, 0x223b844c, 0x82ceff5a, 
    0xff752217, 0x280582f3, 0x02ddff7e, 0xff0b00e2, 0x220582e5, 0x820c000c, 0xff102205, 0x220582cf, 0x82b5ff11, 0xff122205, 0x220582aa, 0x82acff1d, 
    0x82222005, 0x00e224d7, 0x82cdff23, 0xff40220b, 0x220582e0, 0x82e8ff5e, 0xff632205, 0x220582bd, 0x82abff6c, 0xff782805, 0x01e202b4, 0x82c5ffd5, 
    0xffd62205, 0x220582c4, 0x821c00d9, 0xffda2205, 0x220582ee, 0x82f5ffdb, 0xffdd2205, 0x280582bc, 0x02cbffe1, 0xffc802e2, 0x220582bf, 0x82c0ffd0, 
    0x84d42005, 0x84db2005, 0x83de2011, 0xe102218f, 0xe2220584, 0x1d821800, 0xd182e320, 0xe402e222, 0xe5221184, 0x11820f00, 0xd182ed20, 0xf002e224, 
    0x0b82d3ff, 0xb6fff222, 0xf4220582, 0x0582bbff, 0xc9fff522, 0xf6200582, 0xf7220b84, 0x0b82aeff, 0x1d84f820, 0x0584fa20, 0x7d83fb20, 0x83fc0221, 
    0xfd0221a7, 0xfe201184, 0xff202f84, 0x03270b83, 0x02d8ff00, 0x830103e2, 0x02032311, 0x0b82c2ff, 0xeaff0322, 0x04200582, 0x05201184, 0x0321c583, 
    0x213b8307, 0x2f840803, 0x05840920, 0x29840a20, 0xb2ff0d22, 0x0e202982, 0x0f201184, 0x12200584, 0x0321fb83, 0x20178414, 0x22058415, 0x822a0017, 
    0x841b2023, 0x841f2017, 0x832a2023, 0x4503218f, 0x46206584, 0x4b222384, 0x23821d00, 0x11844c20, 0xbdff5a22, 0x72220b82, 0x0582b0ff, 0x05847620, 
    0xccff7c22, 0x7e220b82, 0x0582c0ff, 0xe1ff8a28, 0x0a00e302, 0x05820e00, 0xdfff0b22, 0x0c220582, 0x05821000, 0xf6ff1022, 0x11220582, 0x0582b5ff, 
    0x41821220, 0x1d00e324, 0x0b82ecff, 0x18002222, 0x23220582, 0x0582daff, 0xe4ff4022, 0x5e220582, 0x0582e8ff, 0x89826320, 0x6c00e324, 0x0b82d5ff, 
    0x13006e22, 0x6f200582, 0x78282984, 0xe302f5ff, 0xf3ffd301, 0xd4220582, 0x05820a00, 0xc9ffd622, 0xd7200582, 0xd9221184, 0x0b822000, 0xf2ffda22, 
    0xdd280582, 0xe302f0ff, 0xafffc802, 0xd0220582, 0x0582c2ff, 0xc3ffd422, 0xd6220582, 0x05820f00, 0x1184db20, 0xfaffdc22, 0xde220b82, 0x0582efff, 
    0x0584e120, 0x1c00e222, 0xe3200b82, 0x02216b83, 0x201184e4, 0x217d83e5, 0x0584ed02, 0xe6fff022, 0xf1201d82, 0xf2221784, 0x0b82eeff, 0xc1fff422, 
    0xf5200582, 0x0223bf83, 0x82edfff8, 0x84fa200b, 0x84fb2005, 0xfffc2217, 0x201182e1, 0x201184fd, 0x202384fe, 0x210b83ff, 0x05840003, 0x11830120, 
    0xff040327, 0x03e302d8, 0x20118408, 0x20058409, 0x2159830e, 0x3b830f03, 0x83120321, 0x140321d1, 0x15202984, 0x17221d84, 0x2f822900, 0x17841b20, 
    0x11841f20, 0xebff4522, 0x46201182, 0x72202384, 0x0329a183, 0x02e8ff76, 0xff0400e4, 0x220582f2, 0x82e9ff0a, 0xff0b2205, 0x220582f4, 0x82e4ff0c, 
    0xff112205, 0x220582df, 0x82d6ff12, 0xff222205, 0x220582de, 0x82f5ff23, 0xff3e2205, 0x200582f6, 0x22178440, 0x82e3ff60, 0xff63220b, 0x220582e2, 
    0x82f0ff6e, 0x836f2005, 0xd401211d, 0xe428ad82, 0x0e00d501, 0xd601e402, 0x01232383, 0x82f3ffd8, 0xffd9220b, 0x200582ec, 0x228382da, 0x82dc01e4, 
    0x02e42883, 0x02c9ffc8, 0x82d002e4, 0x02e422a1, 0x220b84d4, 0x82c3ffd6, 0xffd72211, 0x220582d3, 0x82c7ffdb, 0xffe22205, 0x220582e5, 0x82dbffe3, 
    0x83e52005, 0xed0221b3, 0x02235f83, 0x82effff0, 0x83f22011, 0xf40221bf, 0xf6201184, 0x0221a183, 0x218383f7, 0xcb83f802, 0x84fa0221, 0xfffb2205, 
    0x222982d5, 0x82eefffc, 0x84fd2005, 0x83ff2011, 0x00032105, 0x03213b83, 0x200b8408, 0x20058409, 0x2011840e, 0x20058412, 0x20058416, 0x20058418, 
    0x2005841b, 0x2023841f, 0x200b8458, 0x214d8372, 0xa1827d03, 0x0b00e528, 0xe502e7ff, 0xd1820d00, 0x1000e524, 0x0b82e4ff, 0x0d001122, 0x12220582, 
    0x05820a00, 0x17842320, 0xdeff4022, 0x5e200b82, 0x63200b84, 0x6c281784, 0xe502d1ff, 0xe9ffd301, 0xd5200582, 0xe524a182, 0x1b00d601, 0xd7220b82, 
    0x0582e1ff, 0x1100d922, 0xda220582, 0x0582ecff, 0xf3ffdb22, 0xdd260582, 0xe502d0ff, 0x2383d002, 0xffde0223, 0x200b82e8, 0x200584e1, 0x216b83e2, 
    0x0b84e402, 0x1200e522, 0xf1201782, 0x02238383, 0x821400f4, 0x82f5200b, 0x02e524a7, 0x821500f6, 0x00fb220b, 0x20058213, 0x211183fe, 0x05840103, 
    0xe2ff0228, 0x0303e502, 0x0582f9ff, 0x11840420, 0x23830520, 0xff070323, 0x201182d4, 0x201d840a, 0x23538312, 0xebff1403, 0x1b201182, 0x22220b84, 
    0x0b82e5ff, 0xe9ff4622, 0x4b200582, 0x4c222f84, 0x0b82f5ff, 0xd1835a20, 0x84760321, 0xff7e2847, 0x00e602e0, 0x82f4ff0a, 0x000c2205, 0x2205821a, 
    0x82efff0d, 0x82112005, 0x00e624d7, 0x822a0012, 0x0040220b, 0x22058219, 0x82f0ff5e, 0x84602005, 0xff6c280b, 0x01e602f2, 0x822200d4, 0x00d62205, 
    0x20058233, 0x200b84da, 0x210583dc, 0x2383c802, 0x84d00221, 0x82d42005, 0x02e622d1, 0x2a8f82d6, 0x00d702e6, 0x02e6020f, 0x821600db, 0x82de2005, 
    0x02e6227d, 0x220584e1, 0x82e6ffe4, 0x84e52011, 0x82e72023, 0x02e622b3, 0x217d83ed, 0x3b84f402, 0x0584f620, 0x3583fb20, 0x00030327, 0x03e6021d, 
    0x82118305, 0x82ed20fb, 0x000f220b, 0x2205820e, 0x82460018, 0xff452205, 0x220582e8, 0x82f6ff75, 0x837d2005, 0x7e032741, 0xe7021f00, 0xf582d401, 
    0xda01e724, 0x0b82e4ff, 0xb982dc20, 0x1182ec20, 0xec02eb26, 0x0a00d501, 0xd9220582, 0x0582d9ff, 0xe3ffda22, 0xdc220582, 0x7b82f3ff, 0x23820420, 
    0x0a00ed24, 0x0b82e9ff, 0xf4ff0b22, 0x0c200582, 0xed223b82, 0xbf821000, 0xff219982, 0x221182df, 0x82d6ff12, 0xff222205, 0x200582de, 0x225f8223, 
    0x823e00ed, 0x00ed2277, 0x20178440, 0x244d8260, 0xff6300ed, 0x221d82e2, 0x82f0ff6e, 0x836f2005, 0x2277821d, 0x82ed02e7, 0x82122077, 0xffd62205, 
    0x220582ec, 0x82edffd9, 0xffda2205, 0x260582da, 0x02eaffdc, 0x84c802ed, 0x83d02005, 0xd4022117, 0xd6220584, 0x1782d3ff, 0x5383d720, 0xffdb0223, 
    0x220b82eb, 0x82e5ffe2, 0x83e32005, 0xe502217d, 0x4382f582, 0x0221a183, 0x21b383f4, 0x8f83f702, 0xfffb0227, 0x03ed02e6, 0x21d18316, 0xd1831803, 
    0x827d0321, 0x82ef2035, 0x02f52483, 0x82da01ef, 0x01ef262f, 0x02f1ffdc, 0x20e982f0, 0x200582e5, 0x2247820c, 0x820d00f0, 0x00f02295, 0x201d8222, 
    0x20cb82f0, 0x201782e2, 0x22718260, 0x836f00f0, 0x0303211d, 0x03212f83, 0x2605824c, 0xff0400f1, 0x82f102f4, 0x82e9203b, 0xff0b2205, 0x200582f5, 
    0x24ad820d, 0x001000f1, 0x200b8211, 0x200b8411, 0x243b8212, 0xff1d00f1, 0x201182ef, 0x2105833e, 0xdd82f602, 0xa182f120, 0xf102f128, 0xf3ff0503, 
    0x4182f202, 0x0582dc20, 0xb9820c20, 0x7d82f220, 0x0b82f220, 0x35822220, 0x7d82f220, 0x0b82e420, 0x35826020, 0x0c00f32a, 0xf302f2ff, 0xc8ff1000, 
    0x11220582, 0x0582b1ff, 0xd2ff1222, 0x22220582, 0x0582ceff, 0xe9824020, 0x5e00f324, 0x0b82eeff, 0xf5ff6022, 0x6c200582, 0xf330c582, 0xd4fff402, 
    0xfb02f302, 0xf302dbff, 0x16000203, 0x03200582, 0x05220584, 0x0b821200, 0x0b840a20, 0x17002a22, 0x4c200b82, 0x5a200b84, 0x7e240584, 0xf4021400, 
    0xe1209582, 0x0c220582, 0x05821800, 0x22001222, 0x40200582, 0xf4222982, 0x05836000, 0x23820d82, 0x83f60221, 0xfb022729, 0xf4021500, 0x29830303, 
    0x82040321, 0x03f4227d, 0x23178305, 0xf4ff0703, 0x7e241782, 0xf5021d00, 0xe6204d82, 0x0c220582, 0x0582e4ff, 0xd1820d20, 0x1000f524, 0x0b821000, 
    0x23821120, 0x1200f522, 0xf5243582, 0xf3ff1d00, 0x22221182, 0x0582e2ff, 0x11843e20, 0xe1ff4022, 0x60220b82, 0x0582eaff, 0xe8ff6f26, 0xf702f502, 
    0x03212f83, 0x20058403, 0x2005824c, 0x205982f6, 0x208782f5, 0x2453820b, 0xff1000f6, 0x220b82e5, 0x820b0012, 0xff232205, 0x220582ec, 0x82e7ff40, 
    0xff5e2205, 0x240582ed, 0x02deff6c, 0x20b982f6, 0x22058217, 0x82e6fff5, 0x82f62005, 0x84f620cb, 0x02f628bf, 0x02e3fffe, 0x830103f6, 0x83c58217, 
    0x0005220b, 0x22118213, 0x820f000f, 0x82142005, 0x03f62483, 0x82e9ff46, 0x8276200b, 0x82f7209b, 0x02db2477, 0x820c00f7, 0x00f72495, 0x82eeff0d, 
    0x8422200b, 0xff40220b, 0x830b82df, 0x00fa26b3, 0x02f1ff0b, 0x219584fa, 0x958300fa, 0x8300fa21, 0x00fa2195, 0xfa219583, 0x21958300, 0x958300fa, 
    0x9584fa20, 0x8302fa21, 0x82fa2095, 0x021722a9, 0x209584fa, 0x209584fa, 0x209584fa, 0x219584fa, 0x958303fa, 0x8303fa21, 0x03fa2695, 0x02e9ff14, 
    0x229582fa, 0x82fe02e8, 0x82e0208f, 0xff0c2205, 0x200582e5, 0x24fb820d, 0x001000fe, 0x200b8212, 0x200b8411, 0x24298212, 0xff1d00fe, 0x221182ef, 
    0x82e2ff22, 0x84402005, 0xff602205, 0x200b82eb, 0x22dd826e, 0x836f00fe, 0xf602213b, 0x02212983, 0x272983f7, 0xf2ff0303, 0x0503fe02, 0x0d200b84, 
    0xfe26f582, 0xf2ff4c03, 0x6b830003, 0x0b220582, 0x0582f5ff, 0x05827182, 0x05827182, 0x05827182, 0xedff1122, 0x12220582, 0x0582eaff, 0x05827182, 
    0xe4ff2222, 0x3e200582, 0x77821784, 0x77820b82, 0x77820582, 0x77820582, 0x82000321, 0x822f8277, 0x03f12277, 0x82778300, 0x82778205, 0x83122005, 
    0x2a778465, 0xff100001, 0x000103e0, 0x820a0011, 0xff402205, 0x220582e5, 0x82ebff5e, 0xff602205, 0x280582f4, 0x03e3ff6c, 0x00f40201, 0x22058214, 
    0x821500f6, 0x00fb2205, 0x28058213, 0x03f3fffe, 0x00020301, 0x2205820f, 0x820b0003, 0x84042005, 0x00052211, 0x200b8210, 0x2017840a, 0x2217824c, 
    0x820c0002, 0x82022017, 0x82e22065, 0xff11222d, 0x220582cd, 0x82d2ff12, 0xff222205, 0x220582cf, 0x82e7ff40, 0xff5e2205, 0x200582ee, 0x22958260, 
    0x826c0002, 0x02022cd1, 0x03ddfff4, 0xfffb0202, 0x820203db, 0x82162019, 0x00032105, 0x05220583, 0x0b821200, 0x0b840a20, 0x17002a22, 0x4c200b82, 
    0x5a200b84, 0x7e200584, 0x0320a782, 0xf2267182, 0x11000303, 0x0582eaff, 0xbf821220, 0x22000322, 0x0321e382, 0x21dd8300, 0x65830003, 0x63000324, 
    0x1d82e2ff, 0xa1826f20, 0x6b820320, 0x0303e724, 0xef82f502, 0x71820320, 0x0b82e420, 0x0b83fe20, 0x84010321, 0x82022005, 0x820320f5, 0x8211202b, 
    0x84042004, 0x00052211, 0x200b820d, 0x2017840a, 0x238f822a, 0x004c0303, 0x7e281d83, 0x04031300, 0xecff0400, 0x0a200582, 0x04207182, 0xe5208982, 
    0x0d200b82, 0x10201184, 0x04202982, 0xe7209582, 0x12221182, 0x0582e9ff, 0xa1821d20, 0x9b820420, 0x0b82e220, 0xeeff3e22, 0x40200582, 0x04209582, 
    0xeb20a182, 0x6e200b82, 0x6f281d84, 0x0403e5ff, 0xe4fff602, 0xf7200582, 0xa1821183, 0x0403f426, 0xf2ff0303, 0x05220582, 0x0582efff, 0xf0ff0d22, 
    0x12220582, 0x0582f5ff, 0x05827e20, 0x0b000522, 0x05261d82, 0xf1ff1000, 0x5f820503, 0x0582f520, 0xf3ff2322, 0x40200582, 0x05244d82, 0xebff5e00, 
    0x60200b82, 0x6c262984, 0x0503e3ff, 0xcb82f402, 0xf5020522, 0x02231783, 0x821600f6, 0x82fb2011, 0x020522cb, 0x211183fe, 0x05840103, 0x05840420, 
    0xe9820520, 0x14030522, 0x05227182, 0x05824603, 0x0a00062a, 0x0603e1ff, 0x18000c00, 0x12220582, 0x05822200, 0x17004022, 0x60200582, 0x59820583, 
    0x06031422, 0x05835382, 0x6582fb20, 0x03030622, 0x03212983, 0x207d8204, 0x82858206, 0x07032917, 0x0603f4ff, 0x54001803, 0x7e240582, 0x0a031d00, 
    0xaf205382, 0x0c220582, 0x0582e7ff, 0xccff0d22, 0x22220582, 0x0582eeff, 0xe0ff4022, 0x60200582, 0x0a2af582, 0xd1ff0203, 0x03030a03, 0x0582edff, 
    0xdeff0a22, 0x4c200582, 0x03252383, 0x03ecff7e, 0x2041820d, 0x200582e0, 0x22ef820c, 0x840d000d, 0x82102011, 0x000d22b9, 0x242f8211, 0xff12000d, 
    0x201d82e9, 0x24bf821d, 0xff22000d, 0x200b82e2, 0x20058440, 0x24e38260, 0xff6e000d, 0x201182ea, 0x213b836f, 0x0b83f602, 0x83f70221, 0x246b8229, 
    0x030d03f2, 0x227d8205, 0x820d030d, 0x840e20bf, 0x000e2165, 0x0e206583, 0x0e266584, 0x12001000, 0x65820e03, 0x0582ec20, 0x0e226583, 0x2f821d00, 
    0x65840e20, 0x83000e21, 0x000e2165, 0x0e206583, 0x0e216584, 0x20658300, 0x2265820e, 0x820e03e9, 0x03ef2265, 0x2065840e, 0x2065840e, 0x2065840e, 
    0x24658212, 0x001203c6, 0x20b9820b, 0x20658212, 0x220b82e7, 0x82e1ff22, 0xff232205, 0x260582f3, 0x03f4ff3e, 0x82f10212, 0x0312228f, 0x206b8212, 
    0x222f8214, 0x841403f3, 0x0014222f, 0x20b98210, 0x207d8214, 0x201182f2, 0x222f8223, 0x823e0014, 0x82142029, 0x82de2089, 0xff5e2211, 0x200582e9, 
    0x28598260, 0xff6c0014, 0x021403e3, 0x211d83f5, 0x0583fe02, 0x84010321, 0x83042005, 0x14032141, 0x46200b84, 0x15200582, 0xe9225f82, 0xf5821503, 
    0x0582e620, 0x3b822220, 0x4d821520, 0x0b82dc20, 0x1d845e20, 0xeaff6024, 0xb3841b03, 0x83821b20, 0x0b82ef20, 0xe9ff0c22, 0x0d220582, 0x0582e7ff, 
    0x1b21b983, 0x20898300, 0x2089821b, 0x221182f4, 0x82d5ff40, 0xff602405, 0x841b03e0, 0x821b20c5, 0x03f522c5, 0x20418222, 0x200582b6, 0x2035820c, 
    0x20f58222, 0x220b82ce, 0x82eeff22, 0x82402005, 0x00222229, 0x28e98260, 0xff020322, 0x032203d8, 0x24838203, 0xff0a0322, 0x200b82e1, 0x2523834c, 
    0xecff7e03, 0x7d822503, 0x0582ee20, 0x15000c22, 0x10220582, 0x0582bdff, 0xbbff1222, 0x1d220582, 0x0582d0ff, 0x25002222, 0x23220582, 0x0582d9ff, 
    0x17004022, 0x60200582, 0x6c220584, 0x0b82a7ff, 0xd4ff7828, 0xd4012503, 0x05821000, 0xc4ffd522, 0xd6220582, 0x0582cbff, 0x2800d922, 0xdd200582, 
    0x01294d83, 0x03f6ffe1, 0xffd00225, 0x220582bc, 0x82ceffd4, 0x83d62005, 0xd702236b, 0x0b821300, 0xcdffdb22, 0xde200582, 0x25229b82, 0x0584e102, 
    0x2600e222, 0xe3221182, 0x05822100, 0xe2ffe422, 0xe5220582, 0x05821900, 0x1100e722, 0xed200582, 0xf0221784, 0x0b82c9ff, 0xd2fff222, 0xf4220582, 
    0x058298ff, 0xa9fff522, 0xf6200582, 0x2522f582, 0xad83f702, 0x84f80221, 0x84fa2059, 0xfffb2205, 0x221d82a1, 0x82c2fffc, 0x84fd2005, 0xfffe2211, 
    0x200b82a8, 0x210b83ff, 0x05840003, 0xd1830120, 0x83020321, 0x03032183, 0x04280584, 0x2503b3ff, 0xe9ff0503, 0x07220582, 0x0582ddff, 0x29840820, 
    0x05840920, 0x23840a20, 0xdcff0d22, 0x0e201782, 0x03238983, 0x82b5ff0f, 0x0012220b, 0x2005822c, 0x215f8314, 0x71831503, 0x841b0321, 0x841f2011, 
    0x832a2035, 0x450323a1, 0x2382ebff, 0x71844620, 0x47844c20, 0x1d845a20, 0xd7837220, 0xff760323, 0x221d82c8, 0x8212007d, 0xff7e2805, 0x002603ea, 
    0x8216000d, 0xff102205, 0x220582ec, 0x82b2ff11, 0xff122205, 0x200582d4, 0x24958222, 0xff400026, 0x220b82f1, 0x82f0ff6c, 0x82782005, 0x02262a35, 
    0x03e5fff4, 0x00f60226, 0x20058214, 0x270b83fb, 0x21000203, 0x03032603, 0x05220584, 0x0b821d00, 0x29830720, 0x840a0321, 0x000d2211, 0x22118211, 
    0x821f002a, 0x844c2005, 0x005a2211, 0x200b8219, 0x2a11827e, 0xff0a0032, 0x003203d6, 0x82f5ff0b, 0xff0d2205, 0x260582ee, 0x03f2ff22, 0x82070332, 
    0x824420b9, 0x03a1261d, 0xff0d0044, 0x2c0582be, 0x03f4ff22, 0x00fb0244, 0x03440310, 0x20d18202, 0x20238244, 0x220b82f0, 0x82deff0a, 0xff4c2205, 
    0x200582e4, 0x22ad825a, 0x82040045, 0x82452047, 0x03c6223b, 0x20598245, 0x200582f3, 0x224d820d, 0x82100045, 0x00452289, 0x222f8211, 0x821d0045, 
    0x004522d1, 0x280b8422, 0x03ebff3e, 0x00d50145, 0x2205820d, 0x820e00d6, 0xffd82105, 0x01213582, 0x211d83d9, 0x3b83c502, 0x83c80221, 0xd002212f, 
    0xd6280584, 0x4503d9ff, 0xeaffd702, 0xdb220582, 0x0582efff, 0xc2ffe222, 0xe3200582, 0xe5222f84, 0x0b82dbff, 0x4183e720, 0x83ed0221, 0xef022159, 
    0xf6222384, 0x1782e3ff, 0x1184f720, 0xecfffb28, 0x00034503, 0x0582f6ff, 0x5f830520, 0x82090321, 0x034521f5, 0x0321a784, 0x200b8412, 0x22058416, 
    0x821a0018, 0x841b2023, 0x841f200b, 0x84582005, 0x827d2005, 0x82462041, 0x03be26e3, 0xff0d0046, 0x200582e2, 0x20718211, 0x20d78246, 0x200b82f3, 
    0x226b8222, 0x823e0046, 0x02462229, 0x22b382f6, 0x82020346, 0x0346229b, 0x21118305, 0x0b840a03, 0x0b824c20, 0x0b004b2a, 0x4b03d6ff, 0x12000c00, 
    0x10220582, 0x0582cfff, 0xbfff1122, 0x12220582, 0x0582aeff, 0xdaff1d22, 0x22220582, 0x05821900, 0xc6ff2322, 0x40220582, 0x0582e6ff, 0xfb825e20, 
    0x63004b24, 0x0b82b2ff, 0xb4ff6c22, 0x6e220582, 0x05820b00, 0x11006f22, 0x78260582, 0x4b03e0ff, 0x7782d301, 0xd4014b24, 0x0b820c00, 0xdbffd522, 
    0xd6200582, 0x01215983, 0x234183d7, 0x2200d901, 0xda201182, 0x4b22b382, 0x7783dd01, 0xffd00229, 0x024b03b1, 0x82f8ffdc, 0xffde2205, 0x200582d7, 
    0x220584e1, 0x821e00e2, 0x00e5220b, 0x20058215, 0x201184f0, 0x214183f1, 0xc582f202, 0xf4024b22, 0x02217d83, 0x224184f5, 0x82eefff6, 0xfff72223, 
    0x200582e7, 0x217183f8, 0x0584fa02, 0xb5fffb22, 0xfc221182, 0x0582d0ff, 0x1184fd20, 0x2f84fe20, 0x0b83ff20, 0xff000327, 0x034b03d8, 0x23118301, 
    0xbaff0403, 0x05220b82, 0x0582f1ff, 0xecff0722, 0x08200582, 0x09202384, 0x0d220584, 0x1182ebff, 0x77830e20, 0xff0f0323, 0x220b82c9, 0x82210012, 
    0x83142005, 0x150323d7, 0x0b82d6ff, 0x11841b20, 0x2f841f20, 0xdd832a20, 0x84460321, 0x004b221d, 0x201d8223, 0x21b9835a, 0x29847203, 0xcb827620, 
    0x0c004c22, 0x4c2a2382, 0x09000d00, 0x11004c03, 0x0582ddff, 0xe0ff1222, 0x22220582, 0x0582d9ff, 0x2f824020, 0x60004c24, 0x0b82f5ff, 0xdcff6322, 
    0x6f240582, 0x4c030c00, 0xe420f582, 0xf5220582, 0x0582f2ff, 0x3583fb20, 0x83fe0221, 0x26c5820b, 0x034c03f1, 0x82160002, 0x00032205, 0x22058212, 
    0x820e0005, 0x840a2005, 0x002a2211, 0x200b8213, 0x2617844c, 0x0314007e, 0x82040057, 0x00572459, 0x82a8ff0a, 0x820b200b, 0x825720f5, 0x82ee208f, 
    0xff0d220b, 0x200582e4, 0x247d8222, 0xff3e0057, 0x220b82ef, 0x82d1ff40, 0x82602005, 0x0157289b, 0x03d3ffd9, 0x82da0157, 0x01572aa1, 0x03ebffdc, 
    0xffe20257, 0x260582ae, 0x03eaffe7, 0x82590357, 0x82582053, 0x03c72453, 0x820b0058, 0x8258203b, 0x82e92053, 0xff0d220b, 0x220582e7, 0x82e1ff22, 
    0x82232005, 0x825820f5, 0x82f22059, 0xff40220b, 0x200582d2, 0x22c58260, 0x83f10258, 0x1203213b, 0x59200582, 0xef224182, 0x41825903, 0x0582f320, 
    0xdfff0c22, 0x11220582, 0x0582edff, 0xecff1222, 0x22200582, 0x3e220b84, 0x0b82eeff, 0x8f824020, 0x60005922, 0x59225982, 0x6582d401, 0xd5015926, 
    0x59030a00, 0x3b82a782, 0xdb20a782, 0xdc200b82, 0x02211783, 0x287782d6, 0xffd70259, 0x025903f4, 0x214783e3, 0x1184e502, 0xf6ffed22, 0xf0201182, 
    0x02215383, 0x271d83fc, 0xf2ff1603, 0x18035903, 0x72200584, 0x03231783, 0x82f0ff76, 0x827d2011, 0x825a2029, 0x03d4229b, 0x20d7825a, 0x200582e1, 
    0x2483820d, 0x0010005a, 0x200b8210, 0x213b8211, 0xbf83005a, 0x1d005a22, 0x5a245982, 0xe0ff2200, 0x3e201782, 0x5a24d182, 0xd9ff4000, 0x60260b82, 
    0x5a03e5ff, 0x2982f702, 0xd901602c, 0x60030e00, 0xf1ffdd01, 0xe9826103, 0x0582f520, 0x35822220, 0x5e006122, 0x61225382, 0x71826c00, 0x6b826520, 
    0x6503e722, 0xf4201d82, 0x22200582, 0x6522c582, 0x4d820403, 0x46036522, 0x71220582, 0xa182d301, 0xd6017128, 0x71031200, 0x3582d701, 0xef827120, 
    0x0b82e420, 0xa782dc20, 0xe1017126, 0x7203e1ff, 0xd5204182, 0x0c200582, 0x0d220b84, 0x0b82efff, 0x7222ad83, 0x77821100, 0xad847220, 0xad847220, 
    0xad827220, 0xad832f83, 0xad827220, 0x2982da20, 0x7220ad83, 0x7522ad84, 0x6b820400, 0x4d827520, 0x7503e922, 0x75248f84, 0xe4ff0c00, 0x10200b82, 
    0x7520c582, 0xdf204d82, 0x12220b82, 0x0582d6ff, 0xdeff2222, 0x23200582, 0x7522a182, 0x89823e00, 0x4d827520, 0x60221783, 0x1782e3ff, 0xe2ff6322, 
    0x6e200582, 0x7522dd82, 0x1d836f00, 0xffd40129, 0x017503e7, 0x821100d5, 0xffd62205, 0x200582ed, 0x220584d9, 0x82daffda, 0xffdc260b, 0x027503ea, 
    0x231183d0, 0xe5ffe202, 0xe5220b82, 0x0582e8ff, 0xf3fff022, 0xf4200582, 0xf7201d84, 0x02216b83, 0x271783fb, 0xf4ff1603, 0x18037503, 0x03251d83, 
    0x03d7ff4b, 0x20b38276, 0x200582e0, 0x243b820c, 0xff0d0076, 0x220b82ec, 0x82120010, 0x82112005, 0x00762453, 0x82e9ff12, 0x821d200b, 0x0076228f, 
    0x209b8222, 0x20ad8276, 0x221182e2, 0x82ebff60, 0x826e2005, 0x8276205f, 0x03e524a7, 0x83f60276, 0xf702290b, 0x7603efff, 0xf2ff0303, 0x05200582, 
    0x0d200b84, 0x76227d82, 0x11824c03, 0x0b007d22, 0x7d200b82, 0xed246582, 0x11007d03, 0x12200b84, 0x1d201784, 0x3e220b84, 0x1782f1ff, 0xd6ff4022, 
    0x60200582, 0x01271783, 0x03deffda, 0x82dc017d, 0x027d2289, 0x252383e4, 0xeeffef02, 0x6b827d03, 0x7d03f226, 0xdfff0203, 0x03200582, 0x7d228982, 
    0x1d830503, 0x840a0321, 0x820f2011, 0x827d20dd, 0x82f520e9, 0x8418201d, 0xff222217, 0x200b82e6, 0x200b842a, 0x222f844c, 0x82e7ff59, 0x827e2011, 
    0x007e22d1, 0x20f5820a, 0x229b827e, 0x827e03ed, 0x82f020e3, 0x82232005, 0x007e2241, 0x28d1825e, 0xff6c007e, 0x027e03e9, 0x223b82fe, 0x8304037e, 
    0x46032117, 0x9e200b82, 0xb2223582, 0x35849e03, 0xd1829e20, 0x0b82c120, 0x1a001122, 0x12220582, 0x05821100, 0xf1ff2322, 0x40220582, 0x0582e5ff, 
    0x5f825e20, 0x60009e24, 0x0b82f6ff, 0x19006322, 0x6c200582, 0x9e24d182, 0xb9ff6e00, 0x6f260b82, 0x9e03bcff, 0xef82d301, 0xd4019e24, 0x0b820b00, 
    0x2100d622, 0xd7200582, 0x01234183, 0x82ceffd9, 0x84da200b, 0x82dd201d, 0x829e20fb, 0x211d8231, 0x2383a103, 0x00a30327, 0x039e0313, 0x220b84a8, 
    0x820f00ab, 0x83ac200b, 0xaf032159, 0x03238383, 0x82c0ffb0, 0xffb12211, 0x200582b1, 0x201784b2, 0x217d83b3, 0x5383b403, 0x82b80321, 0x039e22dd, 
    0x205384bd, 0x221784c0, 0x82ebffc2, 0x82c42029, 0x039e22e3, 0x200584c7, 0x220584c8, 0x82daffc9, 0x83ca2017, 0xcb03218f, 0xcc201184, 0x0321e983, 
    0x283b82cd, 0xff0a009f, 0x009f03f5, 0x2205840b, 0x82e7ff0c, 0x840d200b, 0x8211200b, 0x009f22ef, 0x22538212, 0x841d009f, 0xff222211, 0x201d82ec, 
    0x2441823e, 0xff40009f, 0x200b82de, 0x22838260, 0x84d4019f, 0x83d92005, 0xda012d17, 0x9f03e2ff, 0xeeffdc01, 0xb1039f03, 0x03214d83, 0x214783b2, 
    0x4783b303, 0xec22b982, 0x6b82a003, 0x0582e520, 0x0c000c22, 0x10220582, 0x0582cfff, 0xb5ff1122, 0x12220582, 0x0582aaff, 0xacff1d22, 0x22220582, 
    0x05821600, 0xcdff2322, 0x40220582, 0x0582e0ff, 0xe8ff5e22, 0x63220582, 0x0582bdff, 0xabff6c22, 0x78280582, 0xa003b4ff, 0x9bffd501, 0xd6220582, 
    0x0582c5ff, 0x1d00d922, 0xda200582, 0xa0227d82, 0xb382db01, 0xdd01a024, 0x118294ff, 0xcbffe128, 0x9e03a003, 0x0582c0ff, 0x0584a120, 0x0584a820, 
    0x82ffac21, 0xb0032389, 0x17821800, 0x3b83b120, 0x1183ad82, 0x0f00b322, 0xb6221182, 0x0582d3ff, 0xc1ffb822, 0xb9200582, 0x03237d83, 0x828cffba, 
    0xffbc220b, 0x220582a3, 0x82a4ffbe, 0x84bf2005, 0x84c1200b, 0xffc22205, 0x221182ea, 0x82c9ffc4, 0x84c52005, 0xffc62211, 0x200b828e, 0x201184c7, 
    0x220584c8, 0x82c2ffc9, 0xffca2211, 0x200582de, 0x201184cb, 0x23ad83cc, 0xa6ffcd03, 0xce201182, 0xdc225f84, 0x0b823400, 0x6800dd22, 0xf8200582, 
    0xf9207d84, 0xfb26bf84, 0xa003d2ff, 0x0b830504, 0xff120423, 0x220b82d6, 0x82d1ff13, 0x00142205, 0x2205823f, 0x824f0015, 0x00162205, 0x2205821f, 
    0x822f0017, 0x00182205, 0x2005820a, 0x22058419, 0x820b0050, 0xff51220b, 0x220582e1, 0x821500a6, 0x00a72205, 0x2205822a, 0x825e00a8, 0x84a92005, 
    0x00aa2205, 0x200b8220, 0x2a7d82ab, 0xff0a00a1, 0x00a103b2, 0x82edff0b, 0x820d2005, 0x00a12483, 0x821a0011, 0x0012220b, 0x22058211, 0x82f1ff23, 
    0xff402205, 0x220582e5, 0x82ecff5e, 0xff602205, 0x220582f6, 0x82190063, 0x846c2005, 0xff6e2235, 0x280b82b9, 0x03bcff6f, 0xffd301a1, 0x200582f3, 
    0x248382d4, 0x00d601a1, 0x220b8221, 0x82f4ffd7, 0xffd92205, 0x220582cf, 0x82f2ffda, 0x83dd2005, 0x9e032105, 0x37821d83, 0x03272382, 0x031300a3, 
    0x84a803a1, 0x00ab2211, 0x200b820f, 0x235983ac, 0x1200af03, 0xb0220b82, 0x0582c0ff, 0xb1ffb122, 0xb2200582, 0xb3201784, 0x03237d83, 0x82d3ffb4, 
    0x84b82011, 0x83bd2011, 0xc00321a7, 0x0323b983, 0x82ebffc2, 0x83c42017, 0xc7032189, 0xc8200584, 0xc9220584, 0x1782deff, 0x2984ca20, 0x1184cb20, 
    0x2f84cc20, 0x8f82cd20, 0x0a00a228, 0xa203f0ff, 0x3b820b00, 0x0d00a222, 0xa2221d82, 0xc5821100, 0x2300a222, 0x3e221784, 0x1d82efff, 0xd5ff4022, 
    0x5e200582, 0xa2247182, 0xeaff6000, 0x6c220b82, 0x0582e9ff, 0x2f836e20, 0xf122fb82, 0xf582a203, 0x05821120, 0xeeffd722, 0xda220582, 0x0582e3ff, 
    0xf5ffdc22, 0xe1240582, 0xa203e1ff, 0x1d82f582, 0x0583f582, 0x8300a821, 0xffac2205, 0x201782e4, 0x200584b2, 0x215383b8, 0x3b83bd03, 0xe720c582, 
    0xc4201782, 0xc5827783, 0x03217d82, 0x200b84c8, 0x21ad83c9, 0x8383ca03, 0x84cb0321, 0x00cc2211, 0x20298209, 0x25b983cd, 0x3400dd03, 0xc584a303, 
    0x1000a324, 0x0b82c4ff, 0xa320c583, 0xa321c584, 0x21c58300, 0xc58300a3, 0x5e00a324, 0x1d82ddff, 0xf1ff6022, 0x6c240582, 0xa303ceff, 0xf220bf82, 
    0xd5220582, 0x0582c6ff, 0x1200d622, 0xd7200582, 0xa3248982, 0x0c00d901, 0xda200b82, 0xa322a182, 0x6582db01, 0xdc01a324, 0x1182f6ff, 0xbfffdd24, 
    0xd184a303, 0xd184a320, 0x8303a321, 0x03a324d1, 0x82dcffac, 0x83b12017, 0xb2032135, 0xb8200b84, 0xa320ad82, 0xf420d782, 0xc2221782, 0x0582e9ff, 
    0xb982c420, 0xd784a320, 0xd784a320, 0xc903a324, 0x1782f3ff, 0x2984ca20, 0x1d84cb20, 0xa321d783, 0x24d78303, 0x00dc03a3, 0x281d821f, 0x034900dd, 
    0xffd401a4, 0x200582f5, 0x208f82da, 0x228982a4, 0x82a403f2, 0x031f22f5, 0x201782a5, 0x220582e3, 0x821100d5, 0x82d62005, 0x01a524a7, 0x82ecffd9, 
    0xffda220b, 0x240582da, 0x03e7ffdc, 0x243b84a6, 0xffda01a6, 0x200b82e3, 0x22fb82dc, 0x820b00a7, 0x00a72ae3, 0x03dfff0d, 0xff1000a7, 0x220582d1, 
    0x82100011, 0x00122205, 0x22058212, 0x820b0022, 0x82232005, 0x00a72495, 0x82e6ff40, 0x845e200b, 0x0063220b, 0x280b820f, 0x03c3ff6c, 0xffd301a7, 
    0x200582f0, 0x24ef82d4, 0xffd501a7, 0x220b82c8, 0x822200d6, 0x82d72005, 0x01a724a1, 0x821500d9, 0x82da200b, 0x01a724dd, 0x82beffdd, 0xffe1260b, 
    0x03a703f6, 0x2123839e, 0x0584a103, 0x2383a320, 0x84a80321, 0x83ab200b, 0xac03237d, 0x2382ddff, 0x8383af20, 0x82b00321, 0x03a724d1, 0x821600b1, 
    0x84b22011, 0x00b32217, 0x200b821a, 0x21b983b6, 0x1184b803, 0x0b84b920, 0x9b83bd20, 0x00c00323, 0x221d821b, 0x82f2ffc2, 0x84c32005, 0xffc42205, 
    0x200b82eb, 0x200584c7, 0x200584c8, 0x21e983c9, 0x9583ca03, 0x84cb0321, 0x84cc2011, 0xffcd2235, 0x222982e0, 0x82f1ffce, 0x84dc2005, 0x00dd2895, 
    0x04a7033f, 0x82290014, 0x84152005, 0x0017220b, 0x220b8234, 0x822000a7, 0x00a82205, 0x2605823e, 0x034900a9, 0x82d301a8, 0x01a8246b, 0x820b00d4, 
    0x00d6220b, 0x20058221, 0x221184d7, 0x82ceffd9, 0x84da200b, 0xffdd260b, 0x00a903f0, 0x225f820a, 0x820b00a9, 0x00a92411, 0x82ecff0c, 0x840d2011, 
    0xff22220b, 0x200b82f4, 0x24958223, 0xff3e00a9, 0x220b82f5, 0x82deff40, 0xff602805, 0x01a903e9, 0x82e6ffda, 0x83dc2005, 0xac03213b, 0xb1280584, 
    0xa903f8ff, 0xefffb203, 0xb4200582, 0x03232383, 0x82f6ffb9, 0x82bb200b, 0x01aa2205, 0x204182d4, 0x243582aa, 0x01aa03e4, 0x205f82dc, 0x227782ab, 
    0x82ab03f0, 0x82eb2077, 0x820d2005, 0x00ab2265, 0x22ad8211, 0x822300ab, 0x82ab2095, 0x82ef2071, 0xff402217, 0x220582d5, 0x82edff5e, 0xff602205, 
    0x200582ea, 0x2259826c, 0x836e00ab, 0x26e3822f, 0x01ab03f1, 0x821100d6, 0x82d72005, 0x01ab2483, 0x820c00d9, 0xffda220b, 0x200582e3, 0x287182dc, 
    0xffe101ab, 0x03ab03e4, 0x2123839e, 0x0584a103, 0x0584a820, 0x1784ac20, 0x1300b122, 0xb2201d82, 0xb3220b84, 0x0b820f00, 0x3583b820, 0x84c00321, 
    0xffc22217, 0x201182e7, 0x22d182c4, 0x84c703ab, 0x84c82005, 0x83c92005, 0xca0321bf, 0x03219583, 0x221184cb, 0x820900cc, 0x83cd2029, 0xdc032383, 
    0x0b821f00, 0x4900dd26, 0x0400ac03, 0xac202982, 0xe920e982, 0x0b220b82, 0x0582f4ff, 0x6b820c20, 0x1100ac24, 0x0b82dfff, 0xd6ff1222, 0x22220582, 
    0x0582deff, 0x77822320, 0xf582ac20, 0x0b82f620, 0x17844020, 0xc5826020, 0x6300ac24, 0x1182e2ff, 0xf0ff6e22, 0x6f210582, 0x211d82ff, 0x1783d401, 
    0x82d50121, 0x01ac2ac5, 0x03ebffd6, 0xffd901ac, 0x220582ec, 0x82daffda, 0x82dc2005, 0x03ac22b3, 0x229b829e, 0x84a103ac, 0x82a32005, 0x03ac2295, 
    0x200b84a8, 0x200b84a9, 0x298383ab, 0xe1ffaf03, 0xb003ac03, 0x0582e5ff, 0xd7ffb122, 0xb3220582, 0x0582e8ff, 0xf3ffb622, 0xba200582, 0x0321ad83, 
    0x215f83c0, 0x7782c603, 0x7782ad20, 0xad03f524, 0x3b82da01, 0xdc01ad22, 0xae204782, 0xf523dd82, 0x8300ae03, 0x00ae22d7, 0x203b820c, 0x20d782ae, 
    0x221182a6, 0x82c2ff12, 0x843e2005, 0x82402023, 0x00ae2259, 0x221d8460, 0x828dff63, 0xff6c2217, 0x240582ee, 0x030a006f, 0x205382ae, 0x200582ed, 
    0x220b84d5, 0x82d9ffd6, 0x82da200b, 0x82ae208f, 0x8259825f, 0x03ce22c5, 0x83c582ae, 0xffa82105, 0xa9220583, 0x1182f6ff, 0x4183b320, 0x82b60321, 
    0x03ae22d1, 0x201184b9, 0x200584bb, 0x216b83c0, 0x4d83c203, 0xf424b382, 0x1404ae03, 0xaf200b82, 0xef26a182, 0x1000af03, 0x0582cdff, 0xd7822320, 
    0x3e00af24, 0x0b82f2ff, 0xdaff4022, 0x5e220582, 0x0582e1ff, 0xd4ff6c28, 0xd301af03, 0x0582f0ff, 0xd3ffd522, 0xd6220582, 0x05821000, 0xecffd722, 
    0xd9220582, 0x05820f00, 0xe2ffda22, 0xdb220582, 0x0582e9ff, 0xf5ffdc22, 0xdd220582, 0x0582d1ff, 0x3b83e120, 0xffac0327, 0x03af03e0, 0x200b84b2, 
    0x228f82b6, 0x82b803af, 0x03af248f, 0x82d2ffc2, 0x83c42017, 0xc703212f, 0xc8200584, 0xc9201d84, 0xca201784, 0x03228f83, 0xa182ffcb, 0xffcd0323, 
    0x222982ea, 0x822a00dc, 0x00dd2805, 0x04af0353, 0x823f00a8, 0x00a92205, 0x24058249, 0x031500ab, 0x20cb82b0, 0x220582e5, 0x820c000c, 0xff102205, 
    0x220582cf, 0x82b5ff11, 0xff122205, 0x220582aa, 0x82acff1d, 0x00222205, 0x20058216, 0x22ef8223, 0x824000b0, 0x00b02495, 0x82e8ff5e, 0xff632211, 
    0x220582bd, 0x82abff6c, 0xff782805, 0x01b003b4, 0x82c5ffd5, 0xffd62205, 0x220582c4, 0x821c00d9, 0xffda2205, 0x200582ee, 0x24a782db, 0xffdd01b0, 
    0x280b82bc, 0x03cbffe1, 0xff9e03b0, 0x200582c0, 0x200584a1, 0x210584a8, 0x8982ffac, 0x18204982, 0xb1221782, 0x05821d00, 0x1184b220, 0x0f00b322, 
    0xb6220b82, 0x0582d3ff, 0xc1ffb822, 0xb9220582, 0x0582e7ff, 0xb0ffba22, 0xbc220582, 0x0582b6ff, 0xb3ffbe22, 0xbf200582, 0xc1200b84, 0xc2200584, 
    0xb024fb82, 0xc9ffc403, 0xc5201782, 0xc6201184, 0xc7202f84, 0xc8201184, 0xc9220584, 0x1d82c2ff, 0xdeffca22, 0xcb200582, 0xcc201184, 0x0321ad83, 
    0x202984cd, 0x23d183ce, 0x2a00dc03, 0xdd221d82, 0x05825300, 0xccfff928, 0x1204b003, 0x0582d7ff, 0xebff1322, 0x14220582, 0x05824900, 0x05841520, 
    0x15001622, 0x17220b82, 0x05823e00, 0xecff1822, 0x19200582, 0x50200584, 0x51201784, 0xa6222f84, 0x17821f00, 0x2900a722, 0xa8220582, 0x05825e00, 
    0x0584a920, 0x1784aa20, 0x3400ab28, 0x0b00b103, 0x0582d6ff, 0x12000c22, 0x10220582, 0x0582cfff, 0xbfff1122, 0x12220582, 0x0582aeff, 0xdaff1d22, 
    0x22220582, 0x05821900, 0xc6ff2322, 0x40220582, 0x0582e6ff, 0xef825e20, 0x6300b124, 0x0b82b2ff, 0xb9826c20, 0x6e00b124, 0x0b820b00, 0x11006f22, 
    0x78280582, 0xb103e0ff, 0xf0ffd301, 0xd4220582, 0x05820c00, 0xdbffd522, 0xd6200582, 0x01215983, 0x234183d7, 0x2200d901, 0xda221182, 0x0582f3ff, 
    0x7783dd20, 0xff9e0327, 0x03b103b1, 0x200584a1, 0x214d83a3, 0x0b84a803, 0xf8ffa922, 0xac221782, 0x0582d7ff, 0x1e00b022, 0xb1220582, 0x05822300, 
    0x1184b220, 0xef82b320, 0xb603b122, 0xb9200b84, 0x03239583, 0x82c8ffba, 0x83bc201d, 0xbe032371, 0x0b82dcff, 0x0b84bf20, 0x0584c120, 0x6b84c420, 
    0x0b84c520, 0x8f83c620, 0x84c70321, 0x84c82011, 0xffca2205, 0x202f82de, 0x220b84cb, 0x82f1ffcc, 0x84cd200b, 0xffce2211, 0x220b82c2, 0x822a00dc, 
    0x00dd2805, 0x04b10353, 0x82290014, 0x00152205, 0x22058254, 0x820a0016, 0x00172205, 0x22058234, 0x82050018, 0x84192005, 0x83502005, 0xa604219b, 
    0xa7200584, 0xa8222f84, 0x1d825e00, 0x0584a920, 0x1f00aa22, 0xab200b82, 0xb22a5382, 0xf2ff0400, 0x0a00b203, 0x0582e9ff, 0xf4ff0b22, 0x0c220582, 
    0x0582e4ff, 0xdfff1122, 0x12220582, 0x0582d6ff, 0x89822220, 0x2300b224, 0x0b82f5ff, 0xf6ff3e22, 0x40200582, 0x60221784, 0x0b82e3ff, 0xe2ff6322, 
    0x6e220582, 0x0582f0ff, 0x1d836f20, 0xffd40129, 0x01b203d8, 0x820e00d5, 0x83d62005, 0xd8012323, 0x0b82f3ff, 0xecffd922, 0xda220582, 0x0582daff, 
    0xe6ffdc28, 0x9e03b203, 0x0582edff, 0x0584a120, 0xf582a320, 0xa803b222, 0xa9220b84, 0x1782efff, 0x0b84ab20, 0xcfffaf22, 0xb0220b82, 0x0582e5ff, 
    0xd7ffb122, 0xb3220582, 0x0582e8ff, 0x5383b620, 0x83b70321, 0xba0321bf, 0x03219b83, 0x200b84bc, 0x201784be, 0x23cb83bf, 0xe1ffc003, 0xc5202982, 
    0xc6200b84, 0xca200584, 0xcd202984, 0xb3280582, 0xe7ff0b00, 0x0d00b303, 0xb3228982, 0xf5821000, 0x1100b324, 0x11820d00, 0x0a001222, 0x23200582, 
    0x40201784, 0xb322fb82, 0x0b845e00, 0x17846320, 0xd1ff6c28, 0xd301b303, 0x0582e9ff, 0xd5ffd522, 0xd6220582, 0x05821b00, 0x6b82d720, 0xd901b324, 
    0x0b821100, 0xe982da20, 0xdb01b322, 0xb3288982, 0xd0ffdd01, 0x9e03b303, 0x03212383, 0x200584a1, 0x216583a3, 0x0b84a803, 0xe8ffac22, 0xb0201d82, 
    0xb1221184, 0x0b821300, 0x1184b220, 0x1200b322, 0xb6220b82, 0x0582ebff, 0x5983b820, 0x83b90321, 0xbd032353, 0x1182eaff, 0xcb82be20, 0xc003b324, 
    0x0b821400, 0xcb83c220, 0xffc30323, 0x220b82ef, 0x82eeffc4, 0x84c72005, 0x84c82005, 0xffc92205, 0x221182e2, 0x82f6ffca, 0x84cb2005, 0x84cc2011, 
    0xffcd2265, 0x221182dd, 0x82edffce, 0x00dc2205, 0x28058220, 0x033e00dd, 0xffa604b3, 0x200582fe, 0x200584a7, 0x201184a8, 0x200584a9, 0x261184aa, 
    0x030800ab, 0x820b00b4, 0x00b42489, 0x8295ff11, 0xff12220b, 0x200582c3, 0x227d8223, 0x823e00b4, 0x00b4244d, 0x82ceff40, 0xff602211, 0x200582f2, 
    0x2277826c, 0x84d301b4, 0xffd62605, 0x01b403d2, 0x24ad82d8, 0xffda01b4, 0x200b82d6, 0x2ae982dc, 0xff9e03b4, 0x03b403cf, 0x82d3ffa1, 0xffa82205, 
    0x220582cd, 0x82e9ffa9, 0x83b42005, 0xb6032129, 0x03234783, 0x82f0ffb7, 0x83b92011, 0xba032165, 0xbb200b84, 0xb422cb82, 0x0584bc03, 0x1784be20, 
    0x0b84bf20, 0x0584c120, 0xa183c320, 0x84c40321, 0x84c5203b, 0xffc62211, 0x204182eb, 0x221184c7, 0x82f1ffc8, 0x84ca200b, 0x84cb2005, 0x84cd2005, 
    0x84ce2005, 0x82dc2047, 0x03b42ae9, 0x032a00dd, 0x00a804b4, 0x2005821f, 0x280584a9, 0x03f9ffab, 0xff0a00b5, 0x200582e4, 0x2253820b, 0x820c00b5, 
    0x00b52235, 0x22ad8222, 0x822300b5, 0x00b52459, 0x82f4ff3e, 0xff40221d, 0x220582d9, 0x82e5ff60, 0xff6e2205, 0x260582ed, 0x03f6ff6f, 0x84d301b5, 
    0x00d62205, 0x220b820a, 0x82eaffd9, 0xffda2205, 0x200582e1, 0x214d83dc, 0xa182b003, 0xb103b52a, 0xb503dbff, 0xf3ffb403, 0xbb200582, 0x03212f83, 
    0x205382c3, 0x267782b6, 0x00b603e5, 0x82f5ff0b, 0xff0c2205, 0x200582e8, 0x20e3820d, 0x207d82b6, 0x220b82e4, 0x82e2ff40, 0x825e2005, 0x00b62283, 
    0x22478260, 0x846c00b6, 0x826e2035, 0x00b62283, 0x272f836f, 0x0f00c003, 0xc203b603, 0xb622b382, 0x5f82cb03, 0xcc03b622, 0xcd201184, 0xb8202982, 
    0xf6225982, 0xd182b803, 0x0582ed20, 0x9b821120, 0x1200b824, 0x0b82e3ff, 0xe0ff2222, 0x40200582, 0xb8204782, 0xf1205982, 0x63200b82, 0xb8266b82, 
    0x0b006f00, 0x0d82b803, 0x05821120, 0x4183b920, 0x82bb0321, 0x03b82453, 0x82e7ffc0, 0x00c22111, 0xc4201783, 0xc6221784, 0x1182f0ff, 0x0b84c720, 
    0x0584c820, 0x1200c922, 0xcb201182, 0xcc220b84, 0x0b820d00, 0x0b82ce20, 0x0400b922, 0xb9202982, 0xe022e982, 0xe984b903, 0x0d00b922, 0xb9228982, 
    0x4d821000, 0x1100b924, 0x1782edff, 0xf5821220, 0x1d00b922, 0x22200b84, 0xb922ef82, 0x0b843e00, 0xeeff6322, 0x6e221d82, 0x0582d4ff, 0xdfff6f26, 
    0xb703b903, 0x03235383, 0x82efffb8, 0xffc2220b, 0x200582f6, 0x22a182c9, 0x82cc03b9, 0x82ba2011, 0x03ed2265, 0x206582ba, 0x220582ef, 0x82f1ff10, 
    0x82232005, 0x00ba222f, 0x24dd8240, 0xff5e00ba, 0x221182eb, 0x82f2ff60, 0x826c2005, 0x03ba22fb, 0x22b382c0, 0x82c403ba, 0x03ba2247, 0x212983ca, 
    0x1d83cb03, 0x00cc0327, 0x03ba0310, 0x265982cd, 0x000c00bb, 0x82bb0323, 0x82e820b3, 0xff102205, 0x220582d7, 0x822c0012, 0x00222205, 0x22058217, 
    0x82260040, 0x84602005, 0x00632205, 0x260b821d, 0x03cdff6c, 0x82b603bb, 0x82bb207d, 0x82e420a7, 0x84b9200b, 0x82bd200b, 0x82bb2065, 0x234d8271, 
    0xd9ffc203, 0xc4201782, 0xbb22dd82, 0xe982c703, 0xc803bb24, 0x1182f0ff, 0x1784c920, 0x2f84ca20, 0xe6ffcb22, 0xcc201182, 0x89827d83, 0x0b82e220, 
    0x4184ce20, 0x3400dc22, 0xdd240b82, 0xbc035e00, 0xcd20ef82, 0x0b200582, 0xbc20b382, 0xbc22a184, 0x35822200, 0x2300bc24, 0x1782f5ff, 0x4d826e20, 
    0x6f00bc26, 0xbc03d3ff, 0xf0208982, 0xc2200582, 0x4d821783, 0xbd03ed24, 0x0b820b00, 0x0c00bd24, 0x0b82e9ff, 0xe1ff1122, 0x12220582, 0x0582dfff, 
    0x7d824020, 0x6000bd22, 0x632a0584, 0xbd03e3ff, 0xefffc003, 0x6b82be03, 0x0582da20, 0xf4ff0b22, 0x0d200582, 0xbe241d82, 0xe2ff4000, 0x5e200b82, 
    0x60200b84, 0x6c200584, 0x6e201d84, 0xbe208382, 0x35827782, 0xf626dd82, 0xcb03be03, 0x0582f2ff, 0xf3ffcd24, 0x7782bf03, 0x0582f020, 0xe5ff1022, 
    0x12220582, 0x05820b00, 0xecff2322, 0x40220582, 0x0582e7ff, 0xedff5e22, 0x60200582, 0xbf2ae982, 0xdeff6c00, 0xb603bf03, 0x0582eaff, 0x0584b920, 
    0x2983bb20, 0x00c00323, 0x20118217, 0x22bf82c3, 0x82c403bf, 0x82bf20a1, 0x82e32065, 0x84c82011, 0x84cb200b, 0x00cc2205, 0x20118213, 0x204d82ce, 
    0x20b982c0, 0x203382bf, 0x24c5820b, 0xff0d00c0, 0x200b82ce, 0x20a78223, 0x20bf82c0, 0x200b82e5, 0x220b845e, 0x82f5ff60, 0xff6e220b, 0x260582c5, 
    0x03c8ff6f, 0x83b803c0, 0xbd03213b, 0x13823583, 0x11821620, 0xeeffc222, 0xc9200582, 0xc023f582, 0x8300cc03, 0x82cd2011, 0x82c120f5, 0x03e6225f, 
    0x20d782c1, 0x200582ed, 0x237d820c, 0xff2200c1, 0x23201183, 0xc122f582, 0xf5823e00, 0x6b82c120, 0x1d82db20, 0x17846020, 0xf0ff6e26, 0xbb03c103, 
    0xc1217782, 0x20c58303, 0x20bf82c1, 0x201182f5, 0x228382cb, 0x82cd03c1, 0x00c22277, 0x2a3b820c, 0x000d00c2, 0x00c20309, 0x82ddff11, 0xff122205, 
    0x220582e0, 0x82d9ff22, 0x82402005, 0x00c22147, 0xc224b383, 0xdcff6300, 0x6f261182, 0xc2030c00, 0x5382b603, 0xb803c224, 0x0b821500, 0xf6ffb922, 
    0xbb220582, 0x0582f5ff, 0xebffc022, 0xc2220582, 0x05821200, 0x5983c420, 0x84c60321, 0x84c72005, 0x84c82005, 0x82c92005, 0x03c222d1, 0x220b84cb, 
    0x820e00cc, 0x82ce2029, 0x00c42241, 0x2077820a, 0x268f82c4, 0x00c403e5, 0x82ecff0d, 0x82102005, 0x82c42047, 0x220b8395, 0x82e9ff12, 0xff1d2211, 
    0x220582ee, 0x82e2ff22, 0x843e2005, 0x84402035, 0x8260200b, 0x82c42077, 0x82ed20a1, 0xff6e2217, 0x210582ea, 0x4782ff6f, 0xffb80327, 0x03c403f3, 
    0x266b82c2, 0xffcc03c4, 0x82c503ef, 0x82e62065, 0x820c2005, 0x00c522d7, 0x20058422, 0x2447823e, 0xff4000c5, 0x201782de, 0x26778260, 0xff6e00c5, 
    0x84c603f0, 0x00c6228f, 0x20d7820b, 0x209584c6, 0x249584c6, 0x001000c6, 0x221d8213, 0x82edff11, 0x82122005, 0x00c6246b, 0x82f1ff1d, 0xff22220b, 
    0x200582e4, 0x8317843e, 0x00c62195, 0xc6209583, 0xeb209582, 0x6e201782, 0x95832984, 0xb703c626, 0xc603f4ff, 0xf5209b82, 0xbc200582, 0xc1200b84, 
    0xc2200584, 0xc620a782, 0xc728a784, 0x19000c00, 0x1000c703, 0xc7249582, 0x22001200, 0x40220b82, 0x05821c00, 0x6b825e20, 0x6000c722, 0x63200b84, 
    0xc7228982, 0x71826c00, 0xa182c820, 0xc803f226, 0xe0ff1100, 0x12200582, 0x22220584, 0x0b82e2ff, 0xe3824020, 0x8982c820, 0x0b82f520, 0xe3ff6328, 
    0xb803c803, 0x05821500, 0x7182b920, 0xc003c824, 0x0b82eeff, 0x1600c222, 0xc9200582, 0xcc240584, 0xc9031200, 0xf5204d82, 0x10220582, 0x0582d9ff, 
    0x0b001122, 0x22220582, 0x0582ecff, 0xe5ff4022, 0x5e220582, 0x0582ebff, 0xad826020, 0x7d82c920, 0xc903e422, 0x35825382, 0xffb90323, 0x220b82f0, 
    0x82f6ffbb, 0x82c22005, 0x03c9229b, 0x212383c4, 0x0584c703, 0x0584c820, 0x1784c920, 0x0b84cb20, 0x1100cc28, 0x0a00ca03, 0x0582e9ff, 0xad820c20, 
    0xbf82ca20, 0x0b82ec20, 0xb3821220, 0x1d00ca24, 0x0b82f5ff, 0x71822220, 0x4000ca24, 0x0b82daff, 0x29846020, 0x89826320, 0x6e00ca26, 0xca03f3ff, 
    0xf522bf82, 0x4182cb03, 0x0582e020, 0x2f820b20, 0xb982cb20, 0x0b82e520, 0x23820d20, 0x1000cb22, 0xcb20cb82, 0xe8205382, 0x12201182, 0xcb203b82, 
    0xec205382, 0x22200b82, 0xcb246b82, 0xedff3e00, 0x40200b82, 0x60200b84, 0xcb24d182, 0xe7ff6300, 0x6e221182, 0x0582eaff, 0x77826f20, 0xb703cb28, 
    0xcb03f4ff, 0xad82b803, 0xbc03cb22, 0xc1200b84, 0xc2200584, 0xcc281184, 0xcc03efff, 0xf1ff0b00, 0x10200582, 0xcc22fb82, 0x83822200, 0x2300cc22, 
    0xcc221d82, 0x41824000, 0x5e00cc22, 0xcc225982, 0x35826000, 0x6c00cc28, 0xcc03e3ff, 0x3583b603, 0x84b90321, 0xffbb2205, 0x221182ee, 0x821500c0, 
    0xffc32205, 0x200582f6, 0x212f83c4, 0x0584c703, 0x0584c820, 0x0584cb20, 0x1100cc22, 0xce201d82, 0xcd205982, 0xe922ef82, 0x7782cd03, 0x0582eb20, 
    0xd6ff0c22, 0x11220582, 0x0582dfff, 0xdeff1222, 0x1d220582, 0x0582f5ff, 0xcd20e383, 0xf1208982, 0x3e200b82, 0xcd20d182, 0xca208f82, 0x60220b82, 
    0x0582daff, 0x29846320, 0xf3ff6e24, 0xe382cd03, 0x0582f120, 0x7d82ba20, 0xe382cd20, 0x0b82ed20, 0x9582c020, 0xc103cd22, 0xcd23d782, 0x83ffc603, 
    0x82cd2011, 0x82ce2005, 0x03d22477, 0x820c00ce, 0x00ce22c5, 0x2011840d, 0x24c58211, 0xff1200ce, 0x201782ec, 0x222f821d, 0x842200ce, 0x8240201d, 
    0x82ce2065, 0x82e620f5, 0x84632017, 0xff6e2217, 0x260b82db, 0x03dcff6f, 0x82b803ce, 0x03ce22c5, 0x257182c2, 0xffcc03ce, 0x008300f3, 0x3e011a24, 
    0x08830100, 0x49220382, 0x0b860607, 0x06000124, 0x0b863807, 0x07000224, 0x0b867407, 0x22000324, 0x0b865e07, 0x238a0420, 0x0c000524, 0x1786630a, 
    0x178a0620, 0x40000724, 0x1786230a, 0x0f000824, 0x0b864f07, 0x0b8a0920, 0xa3020a24, 0x17868007, 0x1a000b24, 0x0b866f0a, 0x0b840c20, 0x01000324, 
    0x9b820904, 0x03829220, 0x01250b85, 0x64000c00, 0x240b8500, 0x000e0002, 0x240b86dc, 0x00440003, 0x200b86b0, 0x24238a04, 0x06180005, 0x201786ba, 
    0x24178a06, 0x06800007, 0x2417863a, 0x001e0008, 0x200b8692, 0x240b8a09, 0x0046050a, 0x241786f4, 0x0634000b, 0x200b86d2, 0x380b840c, 0x006f0043, 
    0x00790070, 0x00690072, 0x00680067, 0x00200074, 0x00300032, 0x26018231, 0x00430020, 0x826e0061, 0x826e2021, 0x8263201d, 0x826c200b, 0x824c201d, 
    0x00642223, 0x2209822e, 0x844c0020, 0x82652017, 0x00732223, 0x22d18265, 0x82750020, 0x8264200b, 0x8272200b, 0x8274201f, 0x8265204f, 0x00552207, 
    0x20178462, 0x22058274, 0x84460020, 0x8474204f, 0x00692249, 0x202b8263, 0x2005846e, 0x20718220, 0x2079822e, 0x20678444, 0x22258474, 0x824d0020, 
    0x8261200d, 0x206b8399, 0x8b618274, 0x851b871d, 0x903a2091, 0x82522069, 0x8267205b, 0x826c2073, 0x208f8343, 0x20b58230, 0x20618238, 0x20979e54, 
    0x202f8246, 0x22d9826d, 0x8279006c, 0x00612253, 0x24478272, 0x006c0020, 0x85c78269, 0x8466200b, 0x0074229d, 0x201f8273, 0x20f38866, 0x200d8264, 
    0x41338462, 0x20201937, 0x20203984, 0x65204982, 0x61208582, 0x66205582, 0x6f213582, 0x41058300, 0x7020152f, 0x6f227f82, 0x83826a00, 0x74006322, 
    0x2021c182, 0x87bf8700, 0x00202285, 0x201d8264, 0x229f8273, 0x826e0067, 0x8277204d, 0x00722263, 0x2009826b, 0x200f8261, 0x20078264, 0x203d8474, 
    0x210d8268, 0xc7410069, 0x00692407, 0x8270006d, 0x8265207f, 0x82652007, 0x82742019, 0x007422f5, 0x209f8669, 0x20db8469, 0x20378262, 0x201b8269, 
    0x41438267, 0x298309d9, 0x19826b20, 0xef856b83, 0x2015b341, 0x8735822e, 0x007422ab, 0x206d8279, 0x20e78265, 0x06ed4161, 0x73206185, 0x6e207582, 
    0x2d206b82, 0x65200382, 0x6920e982, 0x2c202182, 0x73206d84, 0x73206182, 0x4f200982, 0x6e203784, 0x4185f582, 0x21822020, 0x35826520, 0x75007422, 
    0x65202f82, 0xe787a784, 0x6d205385, 0x75205384, 0x6c200582, 0x7920df82, 0x68204382, 0x6e22d782, 0xa3427400, 0x82662006, 0x827220e3, 0x82632015, 
    0x8461201d, 0x82742073, 0x0799419d, 0x25826420, 0x6b007322, 0x6f222d82, 0x43417000, 0x826d200a, 0x00622235, 0x20338269, 0x20158265, 0x200d8263, 
    0x201f826d, 0x41278275, 0x73200721, 0x7220d982, 0x0f433d82, 0x002e2405, 0x840a000d, 0x07034103, 0x6f201f83, 0x6b83cd84, 0x4319f141, 0x89420921, 
    0x2067830d, 0x207f8263, 0x06ef4175, 0xe1862020, 0x83822020, 0xa3426820, 0x00612506, 0x0067006e, 0x6720fb83, 0x2020c784, 0x9b430b82, 0x05ab4107, 
    0x20076542, 0x203d8276, 0x20cf8272, 0x2121846f, 0xa5430020, 0x4175200d, 0x7320068f, 0x6122eb82, 0xed827200, 0x8905ff41, 0x0565426b, 0x8b826c20, 
    0x83002021, 0x83198399, 0x82652023, 0x82772031, 0x00742211, 0x0e914368, 0x53822720, 0xff822020, 0x1d826820, 0x51826c20, 0x03827320, 0x25827020, 
    0x31847920, 0x63201583, 0x73203384, 0x6120cf82, 0xdb410382, 0x20478305, 0x200d8261, 0x20cf8220, 0x21038276, 0x2f830072, 0x9f867520, 0x07822020, 
    0x9d846820, 0x62208985, 0x20202182, 0x6220d982, 0x2006a741, 0x411b8274, 0xbb870703, 0xcf826920, 0x6f223783, 0x57826600, 0x2d827720, 0x8705d543, 
    0x154b41c5, 0x850db341, 0x20af8343, 0x20cd826f, 0x42758263, 0xb3430bed, 0x8220200d, 0x82732021, 0x006f24e3, 0x8267006e, 0x8469208f, 0x422c2007, 
    0x77200a5b, 0x6524b584, 0x70007800, 0x63200982, 0xf783ed84, 0x23826520, 0x8d446620, 0x0077220c, 0x20d98269, 0x8517826c, 0x203383e9, 0x22338274, 
    0x8264006e, 0x82642005, 0x20f18517, 0x41678263, 0x2021052d, 0x050f4300, 0x20056541, 0x203f8272, 0x225f8274, 0x826e0065, 0x826c202b, 0x0f2f425b, 
    0x200d0541, 0x20478263, 0x8333826d, 0x00202225, 0x26638279, 0x00720061, 0x422e0073, 0x81430e2f, 0x13f94407, 0xc9833183, 0x3d827220, 0x4b826720, 
    0x7f847320, 0xaf850d83, 0x85827220, 0xa783bd83, 0x6b007222, 0x6b415d82, 0x204d9307, 0x203d824c, 0x207f8264, 0x834d8256, 0x07b14489, 0x2007dd45, 
    0x261f8268, 0x00700074, 0x822f003a, 0x00772101, 0x2e220183, 0x55466400, 0x2267830a, 0x82670061, 0x08dd8543, 0x6f432f3d, 0x69727970, 0x20746867, 
    0x31313032, 0x6e614320, 0x63696e6f, 0x4c206c61, 0x202e6474, 0x63694c20, 0x65736e65, 0x6e752064, 0x20726564, 0x20656874, 0x6e756255, 0x46207574, 
    0x85746e6f, 0x6563301e, 0x302e3120, 0x746c6144, 0x4d206e6f, 0x83676161, 0x830e853b, 0x2048820d, 0x2c34873a, 0x75676552, 0x2072616c, 0x30382e30, 
    0x2d4b8e54, 0x696d6146, 0x6120796c, 0x6c206572, 0x05826269, 0x61826620, 0x66207322, 0x64237983, 0x8d796220, 0x8220209b, 0x6562286b, 0x666c6168, 
    0x8b666f20, 0x72702897, 0x63656a6f, 0x83202e74, 0x3442835f, 0x73656420, 0x206e6769, 0x6b726f77, 0x646e6120, 0x63657420, 0x2be38568, 0x6c706d69, 
    0x6e656d65, 0x69746174, 0x69274f82, 0x65622073, 0x85676e69, 0x617424ec, 0x836e656b, 0x85d98a77, 0x79742555, 0x61666570, 0x3082f682, 0x6e617335, 
    0x65732d73, 0x2c666972, 0x65737520, 0x704f2073, 0x82546e65, 0x66202820, 0x75746165, 0x84736572, 0x25298273, 0x756e616d, 0xe1826c61, 0x6e696831, 
    0x20646574, 0x20726f66, 0x72616c63, 0x83797469, 0x23a582cc, 0x706f746b, 0x6d2c2d84, 0x6c69626f, 0x6f632065, 0x7475706d, 0x732b9083, 0x65657263, 
    0x0d2e736e, 0x830a0d0a, 0x637324d7, 0x8e65706f, 0x6f4624f8, 0x4120746e, 0x69240644, 0x756c636e, 0x20205182, 0x202b7082, 0x20656874, 0x676e616c, 
    0x82676175, 0x20a4828d, 0x83d58364, 0x82762015, 0x756f227d, 0x079d4173, 0x72201a82, 0x7224ae82, 0x646e756f, 0x77313584, 0x646c726f, 0x206e6920, 
    0x656e7574, 0x74697720, 0x372a8668, 0x70207327, 0x6f6c6968, 0x68706f73, 0x68772079, 0x20686369, 0x74617473, 0x742a5f82, 0x20746168, 0x72657665, 
    0x4f832079, 0x68732024, 0x4482756f, 0x20656229, 0x656c6261, 0x836f7420, 0x2a5d8316, 0x73207269, 0x7774666f, 0x84657261, 0x86a58a62, 0x252182d9, 
    0x696f6863, 0x76416563, 0x06d94105, 0x73692039, 0x676e6f20, 0x676e696f, 0x6e61202c, 0x65772064, 0x70786520, 0x84746365, 0x426620b3, 0x77240546, 
    0x206c6c69, 0x65277482, 0x6e657478, 0x83646564, 0x6f632178, 0x20239682, 0x826e616d, 0x697222b2, 0x41188274, 0xe5830a17, 0x63228282, 0x58826d6f, 
    0x65792026, 0x2e737261, 0x8306ea42, 0x09184364, 0x7227af83, 0x73696765, 0x83726574, 0x61722757, 0x616d6564, 0x95826b72, 0xa3426620, 0x2e22080d, 
    0x73726556, 0x206e6f69, 0x30382e30, 0x70747468, 0x772f2f3a, 0x642e7777, 0x6f746c61, 0x61616d6e, 0x6e822e67, 0x00002f24, 0x00840002, 0x0085ff23, 
    0x8e08844f, 0xf0042504, 0x02010000, 0x96082582, 0x00040003, 0x00060005, 0x00080007, 0x000a0009, 0x000c000b, 0x000e000d, 0x0010000f, 0x00120011, 
    0x00140013, 0x00160015, 0x00180017, 0x001a0019, 0x001c001b, 0x001e001d, 0x0020001f, 0x00220021, 0x00240023, 0x00260025, 0x00280027, 0x002a0029, 
    0x002c002b, 0x002e002d, 0x0030002f, 0x00320031, 0x00340033, 0x00360035, 0x00380037, 0x003a0039, 0x003c003b, 0x003e003d, 0x0040003f, 0x00420041, 
    0x00440043, 0x00460045, 0x00480047, 0x004a0049, 0x004c004b, 0x824e004d, 0x510907b5, 0x00510050, 0x00530052, 0x00550054, 0x00570056, 0x00590058, 
    0x005b005a, 0x005d005c, 0x005f005e, 0x01610060, 0x00c40003, 0x00c500a6, 0x008200ab, 0x00d800c2, 0x00e400c6, 0x00b000be, 0x00b700b6, 0x00b500b4, 
    0x00b20087, 0x00d900b3, 0x00e5008c, 0x00b100bf, 0x000401bb, 0x008400a3, 0x00bd0085, 0x00e80096, 0x008e0086, 0x009d008b, 0x01a400a9, 0x018a0005, 
    0x00830006, 0x00f20093, 0x008d00f3, 0x01880097, 0x00de0007, 0x009e00f1, 0x00f500aa, 0x00f600f4, 0x00ad00a2, 0x00c700c9, 0x006200ae, 0x00900063, 
    0x00cb0064, 0x00c80065, 0x00cf00ca, 0x00cd00cc, 0x00e900ce, 0x00d30066, 0x00d100d0, 0x006700af, 0x009100f0, 0x00d400d6, 0x006800d5, 0x00ed00eb, 
    0x006a0089, 0x006b0069, 0x006c006d, 0x00a0006e, 0x0071006f, 0x00720070, 0x00750073, 0x00760074, 0x00ea0077, 0x007a0078, 0x007b0079, 0x007c007d, 
    0x00a100b8, 0x007e007f, 0x00810080, 0x00ee00ec, 0x010801ba, 0x010a0109, 0x010c010b, 0x00fd000d, 0x010e01fe, 0x0110010f, 0x01ff0011, 0x01120100, 
    0x01140113, 0x01160115, 0x01180117, 0x011a0119, 0x011c011b, 0x011e011d, 0x0120011f, 0x00f80021, 0x012201f9, 0x01240123, 0x01260125, 0x01280127, 
    0x012a0129, 0x012c012b, 0x012e012d, 0x0130012f, 0x00320131, 0x013301d7, 0x01350134, 0x01370136, 0x01390138, 0x013b013a, 0x013d013c, 0x013f013e, 
    0x01410140, 0x00430142, 0x01e300e2, 0x01450144, 0x01470146, 0x01490148, 0x014b014a, 0x014d014c, 0x014f014e, 0x01510150, 0x01530152, 0x01550154, 
    0x01570156, 0x01590158, 0x015b015a, 0x005d015c, 0x01fc00fb, 0x015f015e, 0x01610160, 0x01630162, 0x01650164, 0x01670166, 0x01690168, 0x016b016a, 
    0x016d016c, 0x016f016e, 0x01710170, 0x01730172, 0x01750174, 0x00770176, 0x01e700e6, 0x01790178, 0x017b017a, 0x017d017c, 0x01e1007e, 0x00db007f, 
    0x00dd00dc, 0x01df00e0, 0x01810180, 0x01830182, 0x01850184, 0x00870186, 0x018801bc, 0x018a0189, 0x018c018b, 0x018e018d, 0x0190018f, 0x01920191, 
    0x01940193, 0x01960195, 0x01980197, 0x019a0199, 0x019c019b, 0x019e019d, 0x01a0019f, 0x01a201a1, 0x01a401a3, 0x01a601a5, 0x01a801a7, 0x01aa01a9, 
    0x01ac01ab, 0x01ae01ad, 0x01b001af, 0x00b201b1, 0x00b30198, 0x0199009a, 0x01ef00b4, 0x00b601b5, 0x009200a5, 0x00a7009c, 0x0094008f, 0x01b90095, 
    0x01c000b7, 0x01c100b8, 0x01ba01b9, 0x01bc01bb, 0x01be01bd, 0x01c001bf, 0x01c201c1, 0x01c401c3, 0x01c601c5, 0x01c801c7, 0x01ca01c9, 0x01cc01cb, 
    0x01ce01cd, 0x01d001cf, 0x01d201d1, 0x01d401d3, 0x01d601d5, 0x01d801d7, 0x01da01d9, 0x01dc01db, 0x01de01dd, 0x01e001df, 0x01e201e1, 0x01e401e3, 
    0x01e601e5, 0x01e801e7, 0x01ea01e9, 0x01ec01eb, 0x01ee01ed, 0x01f001ef, 0x01f201f1, 0x01f401f3, 0x01f601f5, 0x01f801f7, 0x01fa01f9, 0x01fc01fb, 
    0x01fe01fd, 0x020002ff, 0x02020201, 0x02040203, 0x02060205, 0x02080207, 0x020a0209, 0x020c020b, 0x020e020d, 0x0210020f, 0x02120211, 0x02140213, 
    0x02160215, 0x02180217, 0x021a0219, 0x021c021b, 0x021e021d, 0x0220021f, 0x02220221, 0x02240223, 0x02260225, 0x02280227, 0x022a0229, 0x022c022b, 
    0x022e022d, 0x0230022f, 0x02320231, 0x02340233, 0x02360235, 0x02380237, 0x023a0239, 0x023c023b, 0x023e023d, 0x0240023f, 0x02420241, 0x02440243, 
    0x02460245, 0x02480247, 0x024a0249, 0x024c024b, 0x024e024d, 0x0250024f, 0x02520251, 0x02540253, 0x02560255, 0x02580257, 0x025a0259, 0x025c025b, 
    0x025e025d, 0x0260025f, 0x02620261, 0x02640263, 0x02660265, 0x02680267, 0x026a0269, 0x026c026b, 0x026e026d, 0x0270026f, 0x02720271, 0x02740273, 
    0x02760275, 0x02780277, 0x027a0279, 0x027c027b, 0x027e027d, 0x0280027f, 0x02820281, 0x02840283, 0x02860285, 0x02880287, 0x028a0289, 0x028c028b, 
    0x028e028d, 0x0290028f, 0x02920291, 0x02940293, 0x02960295, 0x02980297, 0x029a0299, 0x029c029b, 0x029e029d, 0x02a0029f, 0x02a202a1, 0x02a402a3, 
    0x02a602a5, 0x02a802a7, 0x02aa02a9, 0x02ac02ab, 0x02ae02ad, 0x02b002af, 0x02b202b1, 0x02b402b3, 0x02b602b5, 0x02b802b7, 0x02ba02b9, 0x02bc02bb, 
    0x02be02bd, 0x02c002bf, 0x02c202c1, 0x02c402c3, 0x02c602c5, 0x02c802c7, 0x02ca02c9, 0x02cc02cb, 0x02ce02cd, 0x02d002cf, 0x02d202d1, 0x02d402d3, 
    0x02d602d5, 0x02d802d7, 0x02da02d9, 0x02dc02db, 0x02de02dd, 0x02e002df, 0x02e202e1, 0x02e402e3, 0x02e602e5, 0x02e802e7, 0x02ea02e9, 0x02ec02eb, 
    0x02ee02ed, 0x02f002ef, 0x02f202f1, 0x02f402f3, 0x02f602f5, 0x02f802f7, 0x02fa02f9, 0x02fc02fb, 0x02fe02fd, 0x030003ff, 0x03020301, 0x03040303, 
    0x03060305, 0x03080307, 0x030a0309, 0x030c030b, 0x030e030d, 0x0310030f, 0x03120311, 0x03140313, 0x03160315, 0x03180317, 0x031a0319, 0x031c031b, 
    0x031e031d, 0x0320031f, 0x03220321, 0x03240323, 0x03260325, 0x03280327, 0x032a0329, 0x032c032b, 0x032e032d, 0x0330032f, 0x03320331, 0x03340333, 
    0x03360335, 0x03380337, 0x033a0339, 0x033c033b, 0x033e033d, 0x0340033f, 0x03420341, 0x03440343, 0x03460345, 0x03480347, 0x034a0349, 0x034c034b, 
    0x034e034d, 0x0350034f, 0x03520351, 0x03540353, 0x03560355, 0x03580357, 0x035a0359, 0x035c035b, 0x035e035d, 0x0360035f, 0x03620361, 0x03640363, 
    0x03660365, 0x03680367, 0x036a0369, 0x036c036b, 0x036e036d, 0x0370036f, 0x03720371, 0x03740373, 0x03760375, 0x03780377, 0x037a0379, 0x037c037b, 
    0x037e037d, 0x0380037f, 0x03820381, 0x03840383, 0x03860385, 0x03880387, 0x038a0389, 0x038c038b, 0x038e038d, 0x0390038f, 0x03920391, 0x03940393, 
    0x03960395, 0x03980397, 0x039a0399, 0x039c039b, 0x039e039d, 0x03a0039f, 0x03a203a1, 0x03a403a3, 0x03a603a5, 0x03a803a7, 0x03aa03a9, 0x03ac03ab, 
    0x03ae03ad, 0x03b003af, 0x03b203b1, 0x03b403b3, 0x03b603b5, 0x03b803b7, 0x03ba03b9, 0x03bc03bb, 0x03be03bd, 0x039f00bf, 0x03c103c0, 0x03c303c2, 
    0x03c503c4, 0x03c703c6, 0x03c903c8, 0x03cb03ca, 0x03cd03cc, 0x039b00ce, 0x03d003cf, 0x03d203d1, 0x03d403d3, 0x03d603d5, 0x03d803d7, 0x03da03d9, 
    0x03dc03db, 0x03de03dd, 0x03e003df, 0x03e203e1, 0x03e403e3, 0x03e603e5, 0x03e803e7, 0x03ea03e9, 0x03ec03eb, 0x03ee03ed, 0x03f003ef, 0x03f203f1, 
    0x03f403f3, 0x03f603f5, 0x03f803f7, 0x03fa03f9, 0x03fc03fb, 0x03fe03fd, 0x040004ff, 0x04020401, 0x04040403, 0x04060405, 0x04080407, 0x040a0409, 
    0x040c040b, 0x040e040d, 0x0410040f, 0x04120411, 0x04140413, 0x04160415, 0x04180417, 0x041a0419, 0x041c041b, 0x041e041d, 0x0420041f, 0x04220421, 
    0x04240423, 0x04260425, 0x04280427, 0x042a0429, 0x042c042b, 0x042e042d, 0x0430042f, 0x04320431, 0x04340433, 0x04360435, 0x04380437, 0x043a0439, 
    0x043c043b, 0x043e043d, 0x0440043f, 0x04420441, 0x04440443, 0x04460445, 0x04480447, 0x044a0449, 0x044c044b, 0x044e044d, 0x0450044f, 0x04520451, 
    0x04540453, 0x04560455, 0x04580457, 0x045a0459, 0x045c045b, 0x045e045d, 0x0460045f, 0x04620461, 0x04640463, 0x04660465, 0x04680467, 0x046a0469, 
    0x046c046b, 0x046e046d, 0x0470046f, 0x04720471, 0x04740473, 0x04760475, 0x04780477, 0x047a0479, 0x047c047b, 0x047e047d, 0x0480047f, 0x04820481, 
    0x04840483, 0x04860485, 0x04880487, 0x048a0489, 0x048c048b, 0x048e048d, 0x0490048f, 0x04920491, 0x04940493, 0x04960495, 0x04980497, 0x049a0499, 
    0x049c049b, 0x049e049d, 0x04a0049f, 0x04a204a1, 0x04a404a3, 0x04a604a5, 0x04a804a7, 0x04aa04a9, 0x04ac04ab, 0x04ae04ad, 0x04b004af, 0x04b204b1, 
    0x04b404b3, 0x04b604b5, 0x04b804b7, 0x04ba04b9, 0x04bc04bb, 0x04be04bd, 0x04c004bf, 0x04c204c1, 0x04c404c3, 0x04c604c5, 0x04c804c7, 0x04ca04c9, 
    0x04cc04cb, 0x04ce04cd, 0x04d004cf, 0x04d204d1, 0x04d404d3, 0x04d604d5, 0x04d804d7, 0x04da04d9, 0x04dc04db, 0x04de04dd, 0x04e004df, 0x04e204e1, 
    0x04e404e3, 0x04e604e5, 0x04e804e7, 0x04ea04e9, 0x04ec04eb, 0x04ee04ed, 0x04f004ef, 0x04f204f1, 0x04f404f3, 0x04f604f5, 0x05f804f7, 0x6c756e2e, 
    0x7545046c, 0x75076f72, 0x3030696e, 0x07863041, 0x6d064438, 0x6f726361, 0x65700e6e, 0x646f6972, 0x746e6563, 0x64657265, 0x16854107, 0x85610721, 
    0x41062807, 0x76657262, 0x84610665, 0x41072906, 0x6e6f676f, 0x61076b65, 0x0b2d0785, 0x72696343, 0x666d7563, 0x0b78656c, 0x260b8963, 0x6f64430a, 
    0x83636174, 0x630a2154, 0x06230a88, 0x82616344, 0x64062171, 0x44250685, 0x616f7263, 0x830d8274, 0x45072106, 0x07216f85, 0x21078565, 0x70844506, 
    0x84650621, 0x450a2106, 0x0a214488, 0x210a8865, 0x85854507, 0x85650721, 0x45062107, 0x65205885, 0x0b210684, 0x218f8947, 0x0b89670b, 0x89470a21, 
    0x8867204b, 0x470c260a, 0x6d6d6f63, 0x21b38561, 0x0c8a670c, 0x89480b21, 0x680b213b, 0x04260b89, 0x72616248, 0x04826804, 0x74490628, 0x65646c69, 
    0x06846906, 0x85490721, 0x690721c1, 0x06210785, 0x21c28449, 0x06846906, 0x85490721, 0x690721ab, 0x0a210785, 0x2e828849, 0x6c2e6906, 0x026c636f, 
    0x69024a49, 0x894a0b6a, 0x6a0b2169, 0x0c210b89, 0x219a8a4b, 0x0c8a6b0c, 0x676b1132, 0x6e656572, 0x646e616c, 0x632e6369, 0x0c657361, 0x0628118b, 
    0x7563614c, 0x6c066574, 0x0c210684, 0x21398a4c, 0x0c8a6c0c, 0x634c0628, 0x6e6f7261, 0x06846c06, 0x824c0421, 0x6c04219e, 0x06210482, 0x203f854e, 
    0x203f856e, 0x21328a4e, 0x0c8a6e0c, 0x844e0621, 0x6e062138, 0x102b0684, 0x6f70616e, 0x6f727473, 0x84656870, 0x8a0b2093, 0x45032910, 0x6503676e, 
    0x4f07676e, 0x21052941, 0x07856f07, 0x624f0628, 0x65766572, 0x06846f06, 0x684f0d2f, 0x61676e75, 0x6c6d7572, 0x0d747561, 0x210d8b6f, 0x8d845206, 
    0x84720621, 0x520c2106, 0x0c21878a, 0x210c8a72, 0x8d845206, 0x85720621, 0x84532006, 0x7306212e, 0x0b210684, 0x095d4153, 0x89730b21, 0x7507270b, 
    0x3130696e, 0x07863236, 0x54063322, 0x74203c85, 0x04260684, 0x72616254, 0x04827404, 0x74550628, 0x65646c69, 0x06847506, 0x85550721, 0x750721c3, 
    0x06210785, 0x21c48455, 0x06847506, 0x72550527, 0x05676e69, 0x21058375, 0xd78c550d, 0x0d8b7520, 0x42550721, 0x0721051d, 0x21078575, 0x9789570b, 
    0x8a770b21, 0x8a59200b, 0x8979200b, 0x5a06210b, 0x0621da84, 0x2106847a, 0x63425a0a, 0x7a0a2108, 0x05270a88, 0x676e6f6c, 0x41530c73, 0x0c210a26, 
    0x840c8a73, 0x313222f7, 0x21078641, 0x39820842, 0x73656c25, 0x410a6a73, 0x1b8509d2, 0x0639432a, 0x61726757, 0x77066576, 0x57200685, 0x06217684, 
    0x2b068477, 0x69645709, 0x73657265, 0x77097369, 0x06210987, 0x20288559, 0x31068479, 0x72657a0c, 0x7075736f, 0x6f697265, 0x6f660c72, 0x0c897275, 
    0x65766922, 0x0b230c87, 0x87786973, 0x730d250b, 0x6e657665, 0x65240d88, 0x74686769, 0x6e223488, 0x34886e69, 0x69225b84, 0x5b84666e, 0x6e6f0b23, 
    0x220b8865, 0x876f7774, 0x740d240b, 0x88657268, 0x87818419, 0x660c211a, 0x33888182, 0x33888182, 0x0d888184, 0x34888184, 0x0c878183, 0x6661093d, 
    0x31366969, 0x09393832, 0x69747365, 0x6574616d, 0x6e6f0864, 0x69687465, 0x82096472, 0x21088485, 0x12820973, 0x68214484, 0x858d840c, 0x0b73210b, 
    0x0b867f83, 0x72840c20, 0x42830c86, 0x66696624, 0x42836874, 0x73210884, 0x8538840b, 0x660a240b, 0x8572756f, 0x8229830a, 0x687422b8, 0x844b830a, 
    0x0a732109, 0x4d846d82, 0x0b687422, 0x0a868282, 0x08417320, 0x200d8705, 0x8943830c, 0x7669220c, 0x200c8765, 0x8745820b, 0x8208200b, 0x85ef824a, 
    0x20088488, 0x877c8473, 0x8536820a, 0x840b200a, 0x840b8631, 0x2d0b85c5, 0x6c654405, 0x75076174, 0x3132696e, 0x07843632, 0x35313222, 0x39240786, 
    0x665f6603, 0x69200382, 0x6c210382, 0x210b8205, 0x0584695f, 0x7a086c2a, 0x2e6f7265, 0x07746c61, 0x07847f82, 0x0783c782, 0x68740925, 0x83656572, 
    0x83082009, 0x820885bf, 0x82238484, 0x842384b7, 0x8409848a, 0x82248488, 0x2036848d, 0x23598409, 0x73707573, 0x2e20da83, 0x5b830884, 0x0a200883, 
    0x0a835c85, 0x5d840920, 0x5e830985, 0x5f832784, 0x60852784, 0x61850a84, 0x62842884, 0x63850984, 0x666e6922, 0x08836385, 0x08826384, 0x0a826387, 
    0x09846386, 0x09826384, 0x63840820, 0x0a200882, 0x0a836386, 0x0a826386, 0x63850920, 0x63240983, 0x6e6f7261, 0x0b20da83, 0x230ad643, 0x7665720e, 
    0x0f200e8a, 0x2e302488, 0x726f6873, 0x61500974, 0x6c6e6572, 0x0a746665, 0x723c0984, 0x74686769, 0x70794806, 0x056e6568, 0x73616c53, 0x74410268, 
    0x6172420b, 0x74656b63, 0x09212683, 0x200a8242, 0x20188373, 0x8415860c, 0x83092032, 0x8465200c, 0x84098447, 0x470d2914, 0x736c6975, 0x6c676e69, 
    0x06221883, 0x07827542, 0x45067424, 0x5682646e, 0x6d450622, 0x0e200683, 0x31842288, 0x78450a2a, 0x6d616c63, 0x6e776f64, 0x6c233c84, 0x846f6d65, 
    0x84278476, 0x2827840d, 0x6575510c, 0x6f697473, 0x2629836e, 0x696e7507, 0x48383130, 0x312205e9, 0x0f863138, 0x2106c945, 0x0f863338, 0x07863420, 
    0x07863520, 0x07863620, 0x07863720, 0x07863820, 0x07863920, 0x22050945, 0x86423831, 0x8643200f, 0x86442007, 0x86452007, 0x85462007, 0x30392107, 
    0x31200786, 0x77860786, 0x77863920, 0x77863920, 0x77863920, 0x77863920, 0x77863920, 0x77863920, 0x77863920, 0x77863920, 0x77863920, 0x77863920, 
    0x77863920, 0x05463929, 0x726f684f, 0x836f056e, 0x20738505, 0x20f38641, 0x207b8641, 0x207b8641, 0x207b8641, 0x207b8641, 0x207b8641, 0x207b8641, 
    0x207b8641, 0x207b8641, 0x207b8641, 0x207b8641, 0x237b8641, 0x55054541, 0x75207384, 0x42217389, 0x207b8531, 0x207b8642, 0x207b8642, 0x207b8642, 
    0x207b8642, 0x207b8642, 0x207b8642, 0x207b8642, 0x207b8642, 0x207b8642, 0x207b8642, 0x207b8642, 0x207b8642, 0x21f78642, 0x6f854642, 0x86304321, 
    0x86312007, 0x207f8607, 0x207f8643, 0x207f8643, 0x207f8643, 0x207f8643, 0x207f8643, 0x207f8643, 0x207f8643, 0x207f8643, 0x207f8643, 0x207f8643, 
    0x207f8643, 0x207f8643, 0x217f8643, 0x77853044, 0x86314421, 0x207f8607, 0x207f8644, 0x207f8644, 0x207f8644, 0x207f8644, 0x207f8644, 0x207f8644, 
    0x207f8644, 0x207f8644, 0x207f8644, 0x207f8644, 0x207f8644, 0x207f8644, 0x217f8644, 0x77853045, 0x86314521, 0x207f8607, 0x207f8645, 0x237f8645, 
    0x47063545, 0x2005274b, 0x86068467, 0x207d862d, 0x207d8645, 0x207d8645, 0x207d8645, 0x217d8645, 0x2f864445, 0x45207d86, 0x46217d86, 0x21178530, 
    0x07863146, 0x46207d86, 0x46207d86, 0x46207d86, 0x4620fd86, 0x4620fd86, 0x4620fd86, 0x462e7f86, 0x72410a39, 0x61676e69, 0x65747563, 0x0a88610a, 
    0x45410722, 0x07221284, 0x07846561, 0x734f0b26, 0x6873616c, 0x6f200b85, 0x7d840b89, 0x30303222, 0x8d850786, 0x85303221, 0x3032218d, 0x32218d85, 
    0x218d8530, 0x8d853032, 0x85303221, 0x3032218d, 0x32218d85, 0x218d8530, 0x0d413032, 0x30322105, 0x21050d41, 0x0d413032, 0x30322105, 0x21050d41, 
    0x0d413032, 0x30322105, 0x21050d41, 0x0d413032, 0x31322205, 0x217f8530, 0x07863131, 0x31207f86, 0x31207f86, 0xe6467f86, 0x32302205, 0x207f8631, 
    0x207f8631, 0x205f8631, 0x205f8631, 0x205f8631, 0x205f8631, 0x205f8632, 0x205f8632, 0x205f8632, 0x205f8632, 0x205f8632, 0x47df8632, 0x30220556, 
    0x5f863232, 0xdf863220, 0xdf863220, 0xdf863220, 0xdf863220, 0x7f863220, 0x7f863220, 0x7f863220, 0x7f863220, 0x85303321, 0x313321d7, 0x7f860786, 
    0x7f863320, 0x7f863320, 0x7f863320, 0xdf863320, 0x77863320, 0x77863320, 0x77863320, 0x77863320, 0x77863320, 0x77863320, 0x77863320, 0x77863320, 
    0x85303421, 0x3134216f, 0x77860786, 0x77863420, 0x77863420, 0x77863420, 0x77863420, 0xf7863420, 0x7f863420, 0x7f863420, 0x7f863420, 0x7f863420, 
    0x7f863420, 0x7f863420, 0x7f863420, 0x7f863420, 0x32392908, 0x6572620e, 0x695f6576, 0x7265766e, 0x0c646574, 0x62756f64, 0x675f656c, 0x65766172, 
    0x6e69720a, 0x63615f67, 0x0f657475, 0x2007e94a, 0x05064c5f, 0x6f640a23, 0x200a8674, 0x841a880e, 0x840e8934, 0x840e8938, 0x740c2568, 0x65646c69, 
    0x09203986, 0x2e242184, 0x0e637361, 0x8309ea4b, 0x6309210e, 0x2205e947, 0x8d126373, 0x632e235c, 0x12897061, 0x128c3e85, 0x25836484, 0x6e750731, 
    0x30343069, 0x66610930, 0x30316969, 0x87333230, 0x31352109, 0x32200988, 0x1d890988, 0x13883420, 0x09883520, 0x09883620, 0x09883720, 0x09883820, 
    0x09873920, 0x6d883620, 0x86313621, 0x8844207f, 0x216b871b, 0x57883431, 0x4d883120, 0x4d883120, 0x4d883120, 0xbb893220, 0x3220b188, 0x3220b188, 
    0x3220a788, 0x32204f88, 0x3220a788, 0x32205988, 0x32205988, 0x33205988, 0x33205988, 0x33205988, 0x33205988, 0x20080b41, 0x20638833, 0x20638833, 
    0x20638833, 0x20638833, 0x20638833, 0x20638833, 0x20638834, 0x20638834, 0x20638834, 0x20638834, 0x41638834, 0x34200917, 0x34206388, 0x34206388, 
    0x34206388, 0x36206388, 0x36209588, 0x36203188, 0x36203188, 0x36203188, 0x37203188, 0x37209588, 0x37208b88, 0x37208b88, 0x37208b88, 0x37205988, 
    0x37205988, 0x37205988, 0x37205988, 0x38205988, 0x38205988, 0x3820ef88, 0x38206388, 0x38206388, 0x38206388, 0x38206388, 0x38206388, 0x38206388, 
    0x38206388, 0x39206388, 0x39206388, 0x39206388, 0x39206388, 0x39206388, 0x39206388, 0x39206388, 0x39206388, 0x21053b44, 0x4d883534, 0x4d893720, 
    0x31206b87, 0x21083943, 0x1d873031, 0x42303121, 0x302008c3, 0x31216b87, 0x216b8730, 0x6b873031, 0x87303121, 0x3031216b, 0x3121cf87, 0x20cf8730, 
    0x06834631, 0x43353421, 0x3122071b, 0x25433031, 0x39312306, 0xaf430e33, 0x36362606, 0x636f6c2e, 0x0546436c, 0x2106b450, 0x16453634, 0x37342105, 
    0x21052645, 0x0f873734, 0x21052645, 0x26453734, 0x38342105, 0x20050645, 0x06da4a34, 0x45383421, 0x34210506, 0x05064538, 0x45383421, 0x34220506, 
    0xc4434638, 0x080c4108, 0x2106ae4a, 0x63863934, 0x63863920, 0x63863920, 0x63863920, 0x8a453920, 0x41342005, 0x3788074e, 0x20058a45, 0x06e64a34, 
    0xe64a3420, 0x4a342006, 0x342006e6, 0x2106e64a, 0x83863934, 0x8a453920, 0x54342005, 0x342206c8, 0xf3853141, 0x2006ea4a, 0x06ea4a34, 0xea4a3420, 
    0x4a342006, 0x342006ea, 0x2006ea4a, 0x06ea4a34, 0xea4a3420, 0x4a342006, 0x342006ea, 0x2006ea4a, 0x06ea4a34, 0xea4a3420, 0x4a342006, 0x342106ea, 
    0x207f8641, 0x217f8641, 0x77853042, 0x7f864220, 0x2006ee4a, 0x06ee4a34, 0xee4a3420, 0x42342106, 0xee4aff86, 0x4a342006, 0x342006ee, 0x2106ee4a, 
    0xff864234, 0x2006ee4a, 0x06ee4a34, 0xee4a3420, 0x4a342006, 0x342006ee, 0x2006ee4a, 0x06ee4a34, 0xee4a3420, 0x43342106, 0x43207f86, 0x4a067f41, 
    0x342006ee, 0x2006ee4a, 0x06ee4a34, 0xee4a3420, 0x4a342006, 0x342006ee, 0x2006ee4a, 0x06ee4a34, 0xee4a3420, 0x4a342006, 0x342006ee, 0x2006ee4a, 
    0x06ee4a34, 0xee4a3420, 0x4a342006, 0x342006ee, 0x2006ee4a, 0x06ee4a34, 0x86443421, 0x06ee4a7f, 0xee4a3420, 0x4a342006, 0x342006ee, 0x2006ee4a, 
    0x06ee4a34, 0xee4a3420, 0x4a342006, 0x342006ee, 0x2006ee4a, 0x06ee4a34, 0xee4a3420, 0x4a342006, 0x342006ee, 0x2006ee4a, 0x06ee4a34, 0xee4a3420, 
    0x4a342006, 0x342106ee, 0x4a7f8645, 0x342006ee, 0x2106ee4a, 0x7f414534, 0x42452006, 0x4520067f, 0x2006ce43, 0x050a4845, 0xf04a3420, 0x4a342006, 
    0x342006f0, 0x2006f04a, 0x06f04a34, 0xf04a3420, 0x45342106, 0x4a06ff41, 0x342006f0, 0x2106f04a, 0x7f414634, 0x86462006, 0x06f04a7f, 0xf04a3420, 
    0x46342106, 0xf04a7f86, 0x4a342006, 0x342006f0, 0x2106f04a, 0x42444634, 0x31362305, 0x2e443533, 0x30302105, 0x21067e4a, 0x43423032, 0x323a0805, 
    0x05454130, 0x676e6574, 0x6f720665, 0x656c6275, 0x61726b06, 0x05616b74, 0x68706c41, 0x65420461, 0x47056174, 0x616d6d61, 0x696e7507, 0x34393330, 
    0x73704507, 0x6e6f6c69, 0x1a825a04, 0x82450321, 0x6854211e, 0x04220982, 0x0a826f49, 0x614b2f08, 0x06617070, 0x626d614c, 0x4d026164, 0x754e0275, 
    0x07695802, 0x63696d4f, 0x026e6f72, 0x52036950, 0x53056f68, 0x616d6769, 0x75615403, 0x4a855507, 0x68500325, 0x82430369, 0x73502403, 0x84610569, 
    0x82622077, 0x67052152, 0x05277783, 0x746c6564, 0x85650761, 0x7a04212a, 0x03201882, 0x05210382, 0x20758474, 0x20758369, 0x2075846b, 0x8575846c, 
    0x434229a6, 0x02756e02, 0x6f076978, 0x03257a85, 0x066f6872, 0x21778373, 0x06840531, 0x82740321, 0x8575207e, 0x70032153, 0x63207a82, 0x0e820382, 
    0x6d6f0526, 0x0a616765, 0x7425fc84, 0x736f6e6f, 0x84ee860c, 0x8208200c, 0x200884ee, 0x84ed8309, 0x830c2009, 0x07174909, 0xe9860c20, 0x55201985, 
    0x0c845e85, 0x0c860f20, 0x0a212987, 0x8467834f, 0x840a201a, 0x866c85f1, 0x826c85e5, 0x836c85e5, 0x836c85e4, 0x20428709, 0x850c8b11, 0x84ed861e, 
    0x860f200c, 0x869b88dd, 0x201c840f, 0x841c8e14, 0x840a2014, 0x200a84fb, 0x20058405, 0x24058409, 0x7061632e, 0x8445870d, 0x75072511, 0x4631696e, 
    0x8205064d, 0x86312007, 0x8632200f, 0x86332007, 0x86342007, 0x86352007, 0x86362007, 0x86372007, 0x86382007, 0x86392007, 0x86412007, 0x86422007, 
    0x86432007, 0x86442007, 0x86452007, 0x85462007, 0x05064d07, 0x4d463121, 0x07820506, 0x31207f86, 0x31207f86, 0x31207f86, 0x31207f86, 0x31206f86, 
    0x31206f86, 0x31206f86, 0x31206f86, 0x31216f86, 0x4d5f8544, 0x31210506, 0x05064d46, 0x5f860782, 0x8205064d, 0x4d5f860f, 0x0f820506, 0x064ddf86, 
    0x860f8205, 0x05064d6f, 0x6f860f82, 0x8205064d, 0x4d6f860f, 0x0f820506, 0x064ddf86, 0x46312105, 0x8205064d, 0x85312007, 0x8633208f, 0x05064d7f, 
    0x34201782, 0xdf861786, 0x8205064d, 0x065f4117, 0x82050e4d, 0x20ef860f, 0x4d7f8633, 0x1782050e, 0x0e4d7f86, 0x860f8205, 0x050e4d7f, 0x4d463121, 
    0x0782050e, 0x34207f86, 0x0e4d7f86, 0x86178205, 0x050e4d7f, 0xef860f82, 0x8205fe4c, 0x4c6f860f, 0x0f8205fe, 0xfe4c6f86, 0x46312305, 0xbf853035, 
    0x5f863520, 0x5f863520, 0xbf413520, 0x86352006, 0x8635205f, 0x413520df, 0x3520065f, 0x3520df86, 0x3520d786, 0x2006bf41, 0x06b74135, 0x1f423520, 
    0x86362006, 0x05fe4b5f, 0x48463121, 0x078205b7, 0x36205f86, 0x36205f86, 0x36205f86, 0x36205f86, 0x36205f86, 0x3620cf86, 0x36206786, 0x3620cf86, 
    0x36206f86, 0x3620cf86, 0x36207786, 0x20063f41, 0x207f8636, 0x217f8637, 0xe7853137, 0x21052749, 0x27494631, 0x86078205, 0x0527497f, 0x7f860f82, 
    0x7f863720, 0x7f863720, 0x7f863720, 0x7f863720, 0x7f863720, 0x7f863720, 0x7f863720, 0x6f863820, 0x22059254, 0x41384631, 0x3820064f, 0x3820ef86, 
    0x38206f86, 0x3820ef86, 0x38206f86, 0x38206f86, 0x38206f86, 0xb7496f86, 0x86478205, 0x05b7496f, 0x6f870f82, 0x3820ef86, 0x3921ef86, 0x21e78530, 
    0x07863139, 0xb3497f86, 0x46312205, 0x497f8639, 0x0f8205b3, 0xb3497f86, 0x860f8205, 0x8639207f, 0x05b3497f, 0x7f861782, 0x8205b349, 0x497f860f, 
    0x0f8205b3, 0xb3497f86, 0x46312105, 0x8205b349, 0x497f8607, 0x0f8205b3, 0xb3497f86, 0x860f8205, 0x05b3497f, 0x7f860f82, 0x8205b349, 0x066f410f, 
    0x8205b349, 0x066f410f, 0x8205b349, 0x49ff860f, 0x312105b3, 0x05b34946, 0xff860782, 0x8205b349, 0x067f410f, 0x82056f47, 0x4977860f, 0x0f8205ab, 
    0xab497786, 0x860f8205, 0x05ab4977, 0x77860f82, 0x8205ab49, 0x4977860f, 0x312105ab, 0x05ab4946, 0x77860782, 0x8205ab49, 0x4977860f, 0x0f8205ab, 
    0xa3497786, 0x860f8205, 0x05a34977, 0x77860f82, 0x8205a349, 0x4977860f, 0x0f8205a3, 0xa3497786, 0x46312105, 0x8205a349, 0x49778607, 0x0f8205a3, 
    0x93497786, 0x420f8205, 0x9349065f, 0x410f8205, 0x934906df, 0x410f8205, 0x8b4906df, 0x860f8205, 0x058b4967, 0x49463121, 0x0782058b, 0x57423120, 
    0x058b4905, 0x67860f82, 0x82058b49, 0x06d7420f, 0x82058b49, 0x4977860f, 0x0f82058b, 0x8b497786, 0x860f8205, 0x058b4977, 0x57420f82, 0x058b4906, 
    0x57420f82, 0x057b4906, 0x49463121, 0x0782057b, 0x49064742, 0x0f820573, 0x73496786, 0x860f8205, 0x41462067, 0x4620064f, 0x46206786, 0x20064f41, 
    0x2d678646, 0x750b4546, 0x4631696e, 0x612e3838, 0x0b86746c, 0x0b8a3920, 0x0b8a4120, 0x0b8a4220, 0x0b8a4320, 0x0b8a4420, 0x0b8a4520, 0x0b894620, 
    0x5f8a3920, 0x5f8a3920, 0x5f8a3920, 0x5f8a3920, 0x5f8a3920, 0x5f8a3920, 0x5f8a3920, 0x5f8a3920, 0x5f8a4120, 0x5f8a4120, 0x5f8a4120, 0x5f8a4120, 
    0x5f8a4120, 0x5f8a4120, 0x5f8a4120, 0x5f8a4120, 0x2f8a4220, 0x0b8a4320, 0x0b844620, 0x6e750725, 0x43303269, 0x4523053b, 0x83464630, 0x4645210f, 
    0x2a056341, 0x30303046, 0x75627506, 0x8375746e, 0x82462016, 0x8400201e, 0x00032e00, 0x00020008, 0xff010012, 0x000300ff, 0x3a138201, 0x0042000a, 
    0x6303008e, 0x006c7279, 0x65726714, 0x6c20006b, 0x006e7461, 0x8204002c, 0x8200201d, 0x82012027, 0x200b8907, 0x28178a01, 0x6b030002, 0x006e7265, 
    0x20058414, 0x20058426, 0x202d8236, 0x20038207, 0x21678201, 0xfb6c0003, 0x82002005, 0x00002107, 0x04221185, 0x1d820500, 0x21880920, 0x240b216d, 
    0x001c0014, 0x28798224, 0x003c0034, 0x004c0044, 0x24438254, 0x00010000, 0x21078548, 0x0785ca08, 0x85d62d21, 0x5e802107, 0x81210785, 0x21078580, 
    0x07857ca3, 0x85f4ab21, 0x14d22107, 0xf0250785, 0xf70100bc, 0x08b78400, 0xdc0069e6, 0x0001ea00, 0x20011601, 0x38012e01, 0x64014e01, 0x80017201, 
    0xa8019a01, 0xd001b601, 0xfc01e601, 0x1c021202, 0x34022a02, 0x48023e02, 0x74025e02, 0x88027e02, 0xa0029202, 0xcc02b602, 0xf002da02, 0x14030603, 
    0x2c031e03, 0x40033603, 0x5c034e03, 0x70036a03, 0x8c037e03, 0xa0039203, 0xbc03ae03, 0xd003ca03, 0xdc03d603, 0x4404ea03, 0x54044a04, 0x7c045a04, 
    0x8c048604, 0xf004a204, 0x50052e05, 0x70056605, 0x7c057605, 0xf805ba05, 0x0406fe05, 0x10060a06, 0x1c061606, 0x28062206, 0x34062e06, 0x40063a06, 
    0x4c064606, 0xc8068a06, 0x44070607, 0x50074a07, 0x5c075607, 0xd8079a07, 0x54081608, 0x60085a08, 0x6c086608, 0x78087208, 0x84087e08, 0xca000300, 
    0x04011500, 0x06010b00, 0x05000b00, 0x1500c900, 0x1f201182, 0x33201182, 0x15221182, 0x15840801, 0x0582c720, 0x2000ca22, 0x29201582, 0x1f201582, 
    0x02201584, 0x12202782, 0x0b201182, 0x29204384, 0x28200982, 0x20211b82, 0x20178300, 0x200d820a, 0x224d820c, 0x821e00c7, 0x86282025, 0x821e201b, 
    0x96282037, 0x82032015, 0x8d438927, 0x0006240d, 0x823e00c7, 0x82562099, 0x82662023, 0x8266204b, 0x82662067, 0x8e4e204b, 0x99cb8dbd, 0x95e59735, 
    0xa11593fb, 0x090541fb, 0x9d210f41, 0x976b8961, 0x00052175, 0x21176741, 0xb541000b, 0x0d23410f, 0x412b0941, 0xd5890d93, 0xf793518d, 0x0d8e398d, 
    0x0017032d, 0xff7c032a, 0xff8a03cd, 0x820100e1, 0x0029220d, 0x87138c03, 0xa0cc200d, 0x8d438521, 0x850d8d2f, 0x8d058b5f, 0x1636086b, 0x3400dc03, 
    0x6800dd03, 0xc1fff803, 0xcbfff903, 0xd2fffb03, 0xcbff0504, 0xd6ff1204, 0xd1ff1304, 0x3f001404, 0x4f001504, 0x1f001604, 0x2f001704, 0x0a001804, 
    0x03821904, 0x0b005034, 0xe1ff5104, 0x1500a604, 0x2a00a704, 0x5e00a804, 0x0382a904, 0x2000aa26, 0x3400ab04, 0xdd20d982, 0x02200582, 0x1f205f82, 
    0x49205f82, 0x1f220f84, 0x0f820800, 0x0f821520, 0x57823f20, 0x57822920, 0x53823f20, 0x3f823420, 0x3f822020, 0x3f823e20, 0x8a004921, 0x22238231, 
    0x8205000a, 0x822a2031, 0x82532031, 0x833f2021, 0x225d8221, 0x87130015, 0x20b38215, 0x20ab82cc, 0x20ab82d7, 0x202f82eb, 0x20538249, 0x20ab8249, 
    0x26578215, 0xff18043e, 0x821904ec, 0x82502003, 0xff5122a3, 0x20ab82eb, 0x206b821f, 0x20ab8a29, 0x20ab841f, 0x2163880f, 0x95830014, 0x41825420, 
    0x99840a20, 0x05001822, 0x0521ed82, 0x85418304, 0x203d8fe9, 0x20d3842a, 0x26a18220, 0xffa6043e, 0x82a704fe, 0x00a82103, 0x3e22cb83, 0x0b82aa04, 
    0x0800ab22, 0xff21c383, 0x202182fe, 0x2079822a, 0x24c3821f, 0xffab041f, 0x20e984f9, 0x22158234, 0x8201005e, 0x05314105, 0xbd001f21, 0x893dbd8b, 
    0x978d8587, 0x841f2005, 0xbd05a5b1, 0xb93d4091, 0x410f4b41, 0xd140072d, 0x24b9bdb9, 0x00140401, 0x2a37420a, 0xdd03013a, 0x02001f00, 0x04004cef, 
    0x70f50000, 0x2e0088fa, 0x00006700, 0xf4fff1ff, 0xe52d0382, 0xecffe8ff, 0xe2ffe4ff, 0xe8ffebff, 0xb8004000, 0x82f3ff21, 0xfff324cd, 0x82e5ffdb, 
    0x26cd85d9, 0xffeaffdf, 0x82efffdf, 0x82f320dd, 0x40f2201d, 0x0b24acda, 0x0b000a00, 0xd383b187, 0x10200b86, 0xe0241388, 0xe3ffebff, 0xf026f382, 
    0x0a00f3ff, 0x1787f4ff, 0x24940740, 0x00120013, 0x20998213, 0x22d38227, 0x82270018, 0xff142201, 0x200f82d6, 0x24cd880f, 0xff0000dd, 0x210d85ed, 
    0x0b82ccff, 0xcbffef24, 0x0f850900, 0x2f8f0540, 0xf3fff1ff, 0xdbffefff, 0xebffe8ff, 0xe3ffe5ff, 0xe2200582, 0x0382b182, 0xc38fa940, 0x9e59428f, 
    0x4383e2c3, 0x83966b42, 0x2103879a, 0x0984e7ff, 0x05820b20, 0x13881320, 0xedffe52e, 0xe6ffdeff, 0xe3ffe3ff, 0xe3ff0000, 0x82072944, 0x82e62011, 
    0xffec2203, 0x402987ea, 0xff21b107, 0x9bb340f1, 0xfff0ff2b, 0xffeefff2, 0xffe7ffe1, 0x063d47ea, 0x0000e622, 0x82b76f41, 0x82f320cb, 0xffe02603, 
    0xffecffe5, 0x200182e2, 0x200982eb, 0x47d982e9, 0xc982b43d, 0xcd88f420, 0x20050b48, 0x25cb82e5, 0xffefffea, 0x0b48ffee, 0x370643b1, 0x38b71e20, 
    0x152437dc, 0x15001300, 0x0c246184, 0xe8ffd5ff, 0x0e220982, 0x0582d2ff, 0x230ad948, 0xebff0000, 0x02821182, 0x82c9ff21, 0xffed220b, 0x840a82cc, 
    0x9d8d4602, 0x200aa749, 0x2eb18811, 0xffebffd9, 0xfff2ffe4, 0x00f2fff6, 0x8700000b, 0xf3ff21c1, 0xb5491182, 0x0012248f, 0x84120011, 0xff0924b9, 
    0x82e6ffd9, 0xff0c2209, 0x200582e0, 0x8a03820e, 0x062d4402, 0xcd82dd20, 0xdcffef22, 0xff211883, 0x201382f1, 0x400984f2, 0xcd8b89d3, 0xcd86dd20, 
    0xcd91e420, 0xe783b585, 0xe220c382, 0xf3200d84, 0xcd400583, 0x888e838e, 0x13694203, 0xff000025, 0x82e3ffeb, 0xffeb2203, 0x4d0b84eb, 0x118806cd, 
    0x3e88ee20, 0x218e0840, 0xef43deff, 0x2d988707, 0x0000efff, 0xdfffe4ff, 0xeaffecff, 0x0b82ecff, 0x86fff021, 0xedff21bd, 0x0b820182, 0xf4222184, 
    0x0182f3ff, 0x82807142, 0x82e720a9, 0xffd82203, 0x20b184e5, 0x06114ceb, 0xcd88e120, 0x412c7941, 0x4787110d, 0x0f2207f2, 0x01820d00, 0xf2088f45, 
    0x4872be81, 0xd822060b, 0xe550e5ff, 0xffdc2408, 0x48dcffea, 0xcd83b50b, 0xff000023, 0x230382d6, 0x00e8ffec, 0xff240082, 0xff0000de, 0x0a820382, 
    0x22b70240, 0x823c0012, 0x002d22ba, 0x20018246, 0x8a098214, 0xf5ff2102, 0xff210c83, 0x830185f5, 0x2003840b, 0x200f8e08, 0x8227850a, 0x825a201b, 
    0x000f2409, 0x8208000f, 0x850f2003, 0x82058325, 0x2b02e019, 0xedffebff, 0xb2fff1ff, 0xc1ff0000, 0xe52a0382, 0xbcfff6ff, 0xb9ff1100, 0x8b821a00, 
    0xff217d86, 0x242382ec, 0xfff0fff3, 0x201582f3, 0x20058200, 0x21188319, 0x0184f3ff, 0x4c08ef4c, 0x0d2018f9, 0x00232d83, 0x86edff00, 0x82c02001, 
    0xffc23263, 0xffb1ffee, 0x002100ed, 0x0010001d, 0x00130019, 0x20118222, 0x202182e5, 0x240382cc, 0x000b00f0, 0x25958221, 0xfff2ffee, 0x0353ffd8, 
    0xf5ff2330, 0x0382e7ff, 0xdeffec24, 0x7782eaff, 0x1d47eb20, 0x850d830d, 0xf6ff2103, 0x059d0785, 0x9808a541, 0x20b18226, 0x857183f3, 0x82ff2020, 
    0x082f496f, 0x210e5d48, 0x3346f3ff, 0x9533850f, 0xf0ff2505, 0xf0ffefff, 0x75521b86, 0x054b4105, 0x2708d948, 0xe4ffe2ff, 0xf1ffd3ff, 0x00250183, 
    0xff000016, 0x050949f1, 0xff211185, 0x223b86ef, 0x87ecff00, 0x21079509, 0x0185ecff, 0x82110021, 0x2103841f, 0x4f82e9ff, 0x0a001724, 0x03820d00, 
    0x49885982, 0x0982f420, 0xeeff1424, 0x9982d2ff, 0xe9ff1124, 0x0984f6ff, 0x02a51482, 0xffe6ff2f, 0xff0000df, 0xffd6ffd9, 0xfff4ffe3, 0x419989d5, 
    0x25830de7, 0x410d2344, 0x81852187, 0xff214789, 0x244182e5, 0xffefffef, 0x2a6982d7, 0xffe7ffed, 0xffe8fff5, 0x86d6fff1, 0x05354927, 0xb54bec20, 
    0x82eb2008, 0x00f52291, 0x2033821c, 0x202b82f2, 0x203382e2, 0x220782f1, 0x41eaffe1, 0x39850947, 0xff210583, 0x240184e7, 0xff0000f0, 0x200382f3, 
    0x05434fd5, 0x09200b82, 0x11821d83, 0x0382f220, 0xe9ffed22, 0x03827d82, 0x820b0021, 0x0629430d, 0x82f0ff21, 0x41f12001, 0xff2107d7, 0x074154f2, 
    0x05913785, 0x85e4ff21, 0x09a74f01, 0x1122b182, 0x29861100, 0x48ff1221, 0x1f820657, 0x1382ed20, 0x59831120, 0x82f4ff21, 0x93e3200d, 0x201782b7, 
    0x51d982f5, 0x0d221b61, 0x4782d7ff, 0xc4ff0028, 0xdcff0000, 0x0b84e6ff, 0x07844f82, 0xaf82f220, 0xbffff228, 0xf1ff0000, 0x878299ff, 0x0f840020, 
    0x8383f220, 0x17821f83, 0x0785e720, 0x89000021, 0x200b8213, 0x240383e4, 0xcdffe4ff, 0x053544ff, 0x0e00f322, 0x12202782, 0x14260382, 0xd2ffe8ff, 
    0x0982b0ff, 0xff210282, 0x8a0482b4, 0x06a74b02, 0x1300f524, 0x5f44e6ff, 0x13b34305, 0xe722cf82, 0xf383eeff, 0xff213a85, 0x836d82ee, 0xfff62103, 
    0xff218d82, 0x853393f6, 0x2105f729, 0x3b4eecff, 0x400b820b, 0xff21bc02, 0x57be82ed, 0x0b820815, 0xb3bc0240, 0x056142cd, 0x83deff21, 0x06b3423b, 
    0x86123d4b, 0x08a74d25, 0x213f2641, 0x1343f6ff, 0x55ef2006, 0x50880665, 0x6388ff20, 0x43ecff21, 0x06820667, 0x4609a147, 0x15820855, 0xff230289, 
    0x86d0fff2, 0x00df22a3, 0x05f9430b, 0x82120021, 0x001b211f, 0x2706e750, 0xedffd1ff, 0xebffc3ff, 0x13830183, 0x0f207782, 0x00201f82, 0x03820f83, 
    0x7b45ed20, 0x837f8907, 0x46038a1d, 0xff2106b9, 0x210185dd, 0x1b821100, 0x0a00142a, 0xeeff1600, 0x1b002200, 0x1a240d82, 0x23001500, 0x02860782, 
    0x00eeff29, 0xff22000c, 0x82c8ffe4, 0x831520b3, 0xc8ff2157, 0x068e1a86, 0xff21b983, 0x2b7989f3, 0xdbffd8ff, 0x82ffecff, 0x75ff0000, 0xe0280382, 
    0x8afff1ff, 0x88ff0c00, 0x0a205f82, 0xff273a85, 0xffe8ffbb, 0x83f4ffd9, 0x17002101, 0x0e221384, 0x2b820b00, 0x10841185, 0xff2104a3, 0x240186d3, 
    0xffeeff8d, 0x200b829c, 0x268b828d, 0x001c001c, 0x8214000e, 0x821d2003, 0xffe42651, 0xffacfff4, 0x834d84ed, 0x82a6200f, 0x82c42013, 0xff0022db, 
    0x15d746b0, 0x8405ff46, 0x2104fa2f, 0xa782faff, 0x80a5f820, 0xa5155342, 0x9125403b, 0x2d310544, 0xe4ffe9ff, 0xdeff0000, 0xe3ffd6ff, 0x0582f6ff, 
    0xd595f020, 0x2005d941, 0x0a795bff, 0x91150142, 0x0adb423d, 0x2005d948, 0x08d948f0, 0xe8fff626, 0xd8fff1ff, 0xb9433385, 0xf0ff2105, 0x2608d948, 
    0xffe4ffec, 0x821b00f6, 0x82f2209d, 0x263b8327, 0xffecfff2, 0x47eaffe5, 0x39850933, 0x0a240584, 0x0a000900, 0xe8202b82, 0x61820d83, 0x0a00e824, 
    0x0b83c2ff, 0x33850385, 0x43eeff21, 0xa62606f3, 0xf0ff0000, 0x1b838dff, 0xe0201182, 0x395dcba7, 0x87398309, 0xf4ff2903, 0xa1ffceff, 0xeeff0000, 
    0xac200382, 0x07831587, 0xffedff23, 0x830783d9, 0x20b98203, 0x20a184f1, 0x890d83f5, 0x827b8903, 0x48ef209d, 0xe9200c7f, 0xde203784, 0xf6210584, 
    0x83b18200, 0x41039109, 0xec20069b, 0xa709cf46, 0x10754acf, 0x82169b41, 0x20028c59, 0x416b82ff, 0x268c159b, 0xff250c92, 0xffdffff3, 0x201882f0, 
    0x2003820c, 0x09775e15, 0x4befff21, 0x0e200853, 0xf121e982, 0x06734500, 0x00222582, 0xa789f1ff, 0x03990f83, 0x820bbd4e, 0xff00289f, 0x00f4ffed, 
    0x8216001c, 0x44132031, 0x098205d3, 0x1c200289, 0xcd4a0a87, 0x0000211f, 0x518781a7, 0x5b6207fb, 0x08e9601c, 0xff25a185, 0xffafffea, 0x068f41ea, 
    0xe0ff1622, 0x00260982, 0x0000aaff, 0xeb43eeff, 0xcfff2707, 0xabffe8ff, 0x0184c9ff, 0x1982b520, 0xbdffb124, 0x0782b4ff, 0xcd201185, 0x03833183, 
    0x1951ff20, 0x43ff2008, 0xff230a03, 0x82d3ffd8, 0x21058303, 0x0184ffe5, 0x82180021, 0x001b242d, 0x821d0011, 0xffc0220f, 0x05b542a6, 0x82b8ff21, 
    0x25028a07, 0x0000c4ff, 0x1082bcff, 0xeeff1c22, 0xcf200982, 0x2515d142, 0xb8ffc3ff, 0x2582beff, 0xff210294, 0x4cd983db, 0xd9480617, 0x09574b08, 
    0xdb4e0985, 0x892f891f, 0x13354664, 0x48f6ff21, 0xf02008d9, 0x890f2552, 0xecff212f, 0x054d4582, 0x09534206, 0x8215f34c, 0x4702a429, 0xb52006c7, 
    0x11852c89, 0x09950f89, 0xffe2ff23, 0x240382f1, 0xffe7ffe2, 0x8b0185ef, 0xc2ff2327, 0x0f8ba1ff, 0x25080bbb, 0x0200faff, 0x04001ccc, 0xd4da0000, 
    0x50006cdd, 0x00008400, 0xfeffe8ff, 0xdfffaeff, 0xbdfff6ff, 0xdaffecff, 0x1182e4ff, 0xd5ffb630, 0xcdfff5ff, 0x0e00e6ff, 0x18001000, 0x03821300, 
    0x1f001c24, 0x09821500, 0x1f822120, 0xa782f120, 0xd7fff124, 0x1382f1ff, 0x3b4090bb, 0xedff278a, 0xcfff0000, 0x0582f0ff, 0xfb82d120, 0xdbffed22, 
    0xda22e382, 0x0f82ecff, 0xf2ffe624, 0xaa820d00, 0x1200102e, 0x13001900, 0x0c001600, 0x18000a00, 0x02841182, 0xffe7ff2b, 0xff1600e8, 0xffc4ffee, 
    0x240186f0, 0xffe3ffdb, 0x220184ea, 0x82ebffe6, 0x22038507, 0x42f4ffef, 0x3a84096b, 0x21920440, 0x9482f6ff, 0xd3821c20, 0xe382e420, 0xe6ff002e, 
    0xe6ffdeff, 0xd1ff0a00, 0xe3ff0000, 0x02891982, 0x11000d22, 0x12240c82, 0xefff1300, 0xda26e182, 0x1b00efff, 0x1382ecff, 0x14001b24, 0x0185e8ff, 
    0x820d0021, 0xffee2135, 0x09830184, 0x05820385, 0xf0ffef26, 0xf9fff5ff, 0xdb2c5d82, 0x0d001300, 0xf3fff4ff, 0xdbffedff, 0x8218f94b, 0x8202ef68, 
    0xffe42cf7, 0xffd6ffb0, 0xffaeffcf, 0x82c6ffda, 0xffea26ab, 0xffb4ffb2, 0x200582e0, 0x22f984d5, 0x820b0019, 0x001e2aef, 0x00170021, 0xff230015, 
    0x202382d9, 0x20d982d2, 0x26c782c9, 0xffb1ff22, 0x86d7ff8d, 0x82bf2001, 0x82cf2007, 0x20038349, 0x850782d8, 0x0c575303, 0x00f1ff23, 0x057f440b, 
    0x00ddff27, 0x00f8ff00, 0x4063820c, 0xff218202, 0x248482ed, 0xffebff12, 0x200782c4, 0x20dd8200, 0x209f84d5, 0x099352ce, 0x03841783, 0x8205194d, 
    0xeeff29b7, 0xf2ffc8ff, 0xe4ff1200, 0x1124c582, 0xdcff1100, 0x00210185, 0x2635820b, 0xffeffff0, 0x82e9fff0, 0x8bef2009, 0xe9ff2143, 0xe8201384, 
    0x23078b48, 0xc9ffedff, 0x23051346, 0xf1fff2ff, 0xf3223382, 0x0182f4ff, 0x0d82f220, 0x0b46f020, 0xde818413, 0xcfff2104, 0xc9466083, 0x00d62406, 
    0x83c7ff00, 0x2703830f, 0xd9ffdfff, 0xe7ffdeff, 0xd420d982, 0xff21b583, 0x062954d5, 0x00000d2a, 0xe4ffedff, 0xe5fff3ff, 0x21097b4e, 0x4d4fc4ff, 
    0x953d8309, 0xd1ff2103, 0x23201786, 0xff250783, 0xff0000e6, 0x08f953e5, 0x1384f320, 0xf2ffee26, 0xd7ffe0ff, 0xe9220582, 0x0182dcff, 0x4364175c, 
    0x00208ba5, 0x2f660097, 0xe0209708, 0x86502017, 0x000b2261, 0x4809840f, 0x0b84066d, 0xff210486, 0x860185e2, 0x4306ae0e, 0xc94c2505, 0xa860ae0b, 
    0x08334c2e, 0xff25319a, 0xffdeffe4, 0x200582ee, 0x22248dd5, 0x43ffecff, 0xf42005d9, 0x8d144f4e, 0x660d842c, 0x5da73571, 0x04b66284, 0x210aa360, 
    0xff410000, 0x274b8e07, 0xe3ffdfff, 0xdcffdbff, 0x23822b8c, 0x82e4ff21, 0xffd52101, 0x0e820184, 0x874402a2, 0x21288905, 0x0b89daff, 0xdf4f0999, 
    0xeb1f9905, 0x175d5719, 0x1b971783, 0xd54b9f91, 0xfd1b9109, 0x152d4d11, 0xff2193a5, 0x200182f4, 0x2b1f44e6, 0x210fe943, 0x8342e9ff, 0x0c834417, 
    0x0d8beb20, 0x1f440bd5, 0xffe72624, 0xffedffe7, 0x0f354fe3, 0x4eebff21, 0xb38f1f19, 0x5110f54d, 0x2f8f0ee9, 0x3d410f85, 0xcd15850f, 0x9fff2105, 
    0x93574fa7, 0x0000250f, 0x86ffc0ff, 0xa7291343, 0x2127f567, 0x77a47aff, 0x4a000d21, 0x2c8c0551, 0xffb1ff24, 0x3f5dff85, 0x082d5c05, 0x0c90208c, 
    0x9063f945, 0x2110a474, 0x26a47cff, 0x11001322, 0x0d202782, 0x028a0382, 0xffb5ff25, 0x85ebff8d, 0x40168a01, 0x1520b50a, 0xff29b6a1, 0xffb6ffbd, 
    0xff0c00de, 0x242b8eb3, 0xff1c001a, 0x220182e7, 0x8ee1ffe4, 0x8e0e9719, 0x2175546d, 0xc55a4884, 0xfa0b8406, 0xb3ff2104, 0x5905cf42, 0x084185e3, 
    0xd4ff2155, 0xff2957a1, 0xffd4ffaa, 0xffcdffeb, 0x212b8db2, 0x794decff, 0x9a168d06, 0x4aff200d, 0x2a9a0e91, 0x95461a8a, 0xa83a8a2f, 0x232d520a, 
    0xffceff29, 0xff0000f4, 0x8fceffe1, 0xe4ff2156, 0x0f9d118f, 0x20994749, 0x22cd4d00, 0xffbaff27, 0x00d8ffb3, 0x070d620a, 0x1924eb88, 0xe3ff1c00, 
    0xdf200182, 0x8e283143, 0xe9ff216d, 0x089b4b88, 0x9b0e316e, 0x271bdb2a, 0xebffabff, 0x0000f3ff, 0x8b07cf5b, 0x1055686b, 0x0ba01c8b, 0x46894747, 
    0xbb931003, 0x20001d28, 0x14001600, 0x1c8d2200, 0xffceff25, 0x82e5ffb9, 0x4de62001, 0x09202809, 0x0d40418d, 0xadff27ad, 0xebffe3ff, 0x4d520000, 
    0x4cbeb808, 0x0f8f0fcd, 0x38c058b8, 0xa1b9ff21, 0x91ff2742, 0xd9ffd1ff, 0xa75abbff, 0xd2ff250f, 0xdbffc2ff, 0x45a10185, 0xff212183, 0x890583bc, 
    0x23ad4603, 0x48000021, 0x5889289d, 0x015009b0, 0xd4ff2923, 0xe9ffdcff, 0xcaffd9ff, 0xff215e8d, 0x200182e6, 0x05794ff6, 0x0d97198d, 0x5410674d, 
    0x674d247d, 0x40b19763, 0x6f478d17, 0x6d28419a, 0x0f00102c, 0xdeffe4ff, 0xe8ffddff, 0x5544d7ff, 0x6d044189, 0x19206d92, 0x12401392, 0x791520e3, 
    0xeb87062d, 0x85621120, 0xbc14870b, 0x2b6f6a07, 0x830ea961, 0x5dff208b, 0x83b406e7, 0xb4161756, 0x4434be4b, 0xff252581, 0xff0000f1, 0x4c2b8fee, 
    0x9e8d239b, 0x8d23f35a, 0x670de731, 0x73970b4f, 0x2206fb5b, 0x8fddffde, 0xd8ff2321, 0x01861c00, 0x0f941a8f, 0x0a206d8c, 0x82098762, 0x2102b109, 
    0x0195000f, 0x318249b1, 0x820fd948, 0x28029112, 0x001f001c, 0x00140016, 0x231a8d21, 0xc1ffd8ff, 0x8d080972, 0x530d971a, 0x2a9712dd, 0x115017ed, 
    0xf5ff2525, 0xe5ff0000, 0x820f0750, 0xadd72011, 0xad418fad, 0x5d2ddb3d, 0xff2723e9, 0xfff1ffee, 0x8ceaffe9, 0x0050212b, 0x5505db71, 0xe5202da7, 
    0xff21cb89, 0x614182ef, 0x1b890c1f, 0x3d41098d, 0x082f7615, 0x86073776, 0xa83b8d07, 0x0a536e0d, 0xff273397, 0xffd7ffc4, 0x6e1a00e7, 0x22201061, 
    0xec221382, 0xc758ecff, 0x0f9f542a, 0x8e160b6c, 0x867f5089, 0x0e8c958e, 0x85f4ff21, 0xbb148c01, 0x8a4b470c, 0xc74ac68f, 0x43f34605, 0x8f269f56, 
    0x860f4080, 0x40053764, 0x86d6868c, 0xa1d2ff21, 0xbcff2758, 0x0000f0ff, 0x2b8fd8ff, 0x55eeff21, 0x4d9d11b9, 0x9dd3ff21, 0x201dfa1f, 0x447ba81e, 
    0x37820ee3, 0x22001e22, 0x7b060f78, 0x439127b3, 0x02a04682, 0x56a035b5, 0x47dd2040, 0xea400cdd, 0x21dd9cdd, 0x0557ecff, 0xbaa89c89, 0x0fe94d1c, 
    0x4f734a93, 0x401d9309, 0x3170e913, 0x1127413d, 0x20946743, 0x42a7830d, 0x95671f15, 0x93598335, 0x43374903, 0x13c15793, 0x9d1d0741, 0x5a7db11d, 
    0x5ab128a3, 0xe74131b6, 0x1def4107, 0x4df1ff21, 0x74b61597, 0x6f8d3640, 0xff220699, 0xd55900cc, 0x5e192005, 0xfb78199f, 0x8dc4400b, 0xf5598ded, 
    0x2b0346db, 0xa1412bab, 0xf2ff2131, 0xb14f7f44, 0x4131d983, 0xb78f5d3b, 0x8f31df56, 0x410fd941, 0xff272309, 0xfff0ffe4, 0x5ee7fff4, 0xbf4a0f77, 
    0x94934831, 0x412a5c41, 0x8f46052d, 0x160b41da, 0x96994349, 0x6716d6b0, 0x86832f07, 0xffeeff23, 0x200382ec, 0x820b84ed, 0x23c16e05, 0x03402b83, 
    0x191b4481, 0x270d0f42, 0xc7ffc6ff, 0x0000d9ff, 0x830f0762, 0xddff21c1, 0xdb220182, 0x0b84dbff, 0xeeffef22, 0xff215385, 0x0caf77ee, 0x1d84d320, 
    0x09832384, 0xd9720389, 0x05b95409, 0x89287767, 0x25099442, 0xe7ffd3ff, 0x1a943f00, 0xd94514ac, 0x8cb7c274, 0x424faae4, 0x518c1911, 0x29430cc6, 
    0x517b411d, 0x18f2ff21, 0x990bbd4b, 0x19814ac4, 0x2129df46, 0x0185e9ff, 0x77826583, 0x0382f120, 0x89061343, 0xdcff27d7, 0x0000dcff, 0x2383e0ff, 
    0x6785038d, 0xfff4ff23, 0x05a549f1, 0x8949d757, 0xe6ff21c1, 0x778d7d83, 0xff250db5, 0xffd3ffd0, 0x6dc982da, 0xff23128b, 0x82e8ffe9, 0x89e62069, 
    0x11434159, 0xffd6ff23, 0x5f3d82d3, 0x1382102d, 0x09034218, 0x4183f220, 0x210bf173, 0x1183d0ff, 0xff2103b5, 0x09e942de, 0xd6209f82, 0x35cf45b5, 
    0xffeeff23, 0x334618ec, 0x8f6dcf19, 0xf3ff214f, 0x46394150, 0x598f0d2f, 0xe15b0f97, 0x213b8305, 0x5b18f4ff, 0x2d9709fb, 0x9d4a178f, 0x95418f31, 
    0x19fd430f, 0x25452f87, 0x11db4219, 0x078f3387, 0x82e2ff21, 0x43e02001, 0xff2b05fb, 0xfff1fff2, 0x00edfff3, 0x82f1ff00, 0x534d1803, 0xffd02209, 
    0x600f82cd, 0x3b821e23, 0x5f8f3d82, 0xff210fc1, 0x216143e1, 0x6af4ff21, 0x8b972347, 0x49e5ff21, 0xef450b6f, 0x1df14121, 0x9721b741, 0x18179987, 
    0x1808575b, 0x48204b4f, 0x4f8325b9, 0x8d76f582, 0xe9ff210e, 0x420b714c, 0xa9432343, 0x0907411b, 0xe5226982, 0x1741f1ff, 0x0571413b, 0xfff2ff23, 
    0x714f18f4, 0xeb551808, 0x19354108, 0xff2719df, 0x00e9ffe9, 0x42ecff00, 0x6f471b31, 0x9b899305, 0x872f9335, 0x09a74713, 0x870b8546, 0x44078b1d, 
    0x258b191f, 0xff230b9d, 0x83e5ffe6, 0x23258301, 0xf3fff4ff, 0xf0240382, 0xf3ff0000, 0x230b2745, 0xd4ffd6ff, 0xda200f82, 0x038d2383, 0x82078f45, 
    0x83ef2037, 0x63ff2019, 0x2983241f, 0xe945039f, 0xe8ff2109, 0x9f0f557e, 0x411f893b, 0x4d894321, 0x3e2009f6, 0x76be77f6, 0x4379f753, 0x03452979, 
    0x3bb94405, 0x93072441, 0xf4ff2573, 0xeffff1ff, 0xeb445d8f, 0x0b7f4705, 0x07a14387, 0x69184f82, 0x3345108f, 0xd53fa109, 0x053d4c21, 0xd11d3547, 
    0x09d34779, 0xb3796942, 0x35c34ad5, 0x339169b3, 0x97417bed, 0x496b4e1d, 0xff21e787, 0x2153a9f3, 0x3587c6ff, 0xff21079f, 0x0fdb43e1, 0xffddff23, 
    0x5c3589c1, 0x5d4c0975, 0x11094307, 0x91f0ff21, 0x21418313, 0x0182f4ff, 0x20097b4e, 0xe35318ee, 0x24bb740c, 0x038f4583, 0x830b8547, 0xefff21bb, 
    0xe9686784, 0x33f16806, 0x4a05c941, 0x738f0b3d, 0x66180fbf, 0xab421141, 0xedff213b, 0x8909dd4a, 0x18a39109, 0x910b5f59, 0x4211911d, 0x154b055f, 
    0xfb33911b, 0x0fb94211, 0x7b898bfb, 0xffdbff23, 0xab7318d8, 0x20234479, 0x787a022e, 0x00000400, 0x4c903c90, 0x2f000300, 0xdb2aa982, 0xf4ffe4ff, 
    0xedffacff, 0x0382eeff, 0xebffeb2c, 0xf3ffbeff, 0xddffbbff, 0xd589b6ff, 0x254509b7, 0xd3ff2109, 0xd4200182, 0x270bbb79, 0xaeffc7ff, 0xafffb0ff, 
    0xcc200182, 0xcb200982, 0xc5240384, 0xecffd2ff, 0xe8208382, 0xdc2a0582, 0xcfffbdff, 0xd7ffb6ff, 0x0d82d9ff, 0xcbffe92a, 0xb4ffe9ff, 0xa8ffa7ff, 
    0x1d428da3, 0x24ff8233, 0xffdeffe9, 0x3a6d82f0, 0x790200ee, 0x00040058, 0x96429400, 0x0035005c, 0xff000052, 0x00e2ffe2, 0xa311000b, 0x2123f77d, 
    0x0182f4ff, 0xd5ffe422, 0xe420c182, 0x73180382, 0x9d82949d, 0xdfffd528, 0xe4ffe5ff, 0x0382dcff, 0x014de420, 0x59654139, 0x09f94718, 0x83f6ff21, 
    0x09c74265, 0x03400d83, 0xe2ff2185, 0x4705d974, 0x6b470599, 0x859f400b, 0xff238587, 0x18e8ffe7, 0x1808376e, 0x219a476a, 0xa982c0ff, 0xc0ffc022, 
    0x0740b787, 0x2099828b, 0x258f83e7, 0x0000b1ff, 0x0182b1ff, 0x83383f49, 0x7303d545, 0x0d220671, 0xa382b5ff, 0x0583b520, 0x55bb67d5, 0x82e4ff21, 
    0xffbd2601, 0x001a00b3, 0x2003820c, 0x0ef97a1a, 0x3bcc5abb, 0x55b3ff21, 0x74cc250b, 0xff274cae, 0xffb2ffaa, 0x82cdffec, 0x77ec2003, 0x60ae25c1, 
    0xff242ec2, 0x00ceffce, 0x20053568, 0x94c34500, 0xdfffdf2a, 0xb0ffbaff, 0x0a001900, 0xd9680382, 0x420c411a, 0xff2142b6, 0x200182f5, 0xdf4618ab, 
    0xd250b613, 0xe6ff2d36, 0x1d00e6ff, 0xceff2200, 0xceff1400, 0x46180582, 0xff219243, 0x220182f6, 0x82caffd4, 0x82d920ab, 0x18e62003, 0x410fcf43, 
    0x52b05216, 0xffe7ff23, 0x223482db, 0x820e000b, 0x000e2105, 0xff210582, 0x1b5118f4, 0x401b8211, 0xff258002, 0xfff2fff0, 0x200382e8, 0x054b4ff3, 
    0x82f1ff21, 0x2370180b, 0x28bae424, 0xff100012, 0x00dbffc5, 0x05f14c00, 0x82e1ff21, 0x82122075, 0x86255f0d, 0x00288d82, 0xecffecff, 0x21001c00, 
    0x23063343, 0x000a00d3, 0x00211382, 0x1801820c, 0x278e657e, 0xe5ffebff, 0xe7ffdbff, 0x2107e35b, 0xa550f1ff, 0x1bfd5005, 0x03e5e183, 0x82daff21, 
    0xffee2601, 0xfff2fff3, 0x200382ea, 0x20ab82f2, 0x201182e4, 0x220782e3, 0x82e1ffd5, 0xffe42105, 0xe3200183, 0x091b7018, 0x658b97e5, 0xffebff2b, 
    0xffc4ffe3, 0x002200bf, 0x2d03821a, 0x00150022, 0x00ebff00, 0xff150013, 0x431800d2, 0x388b0f71, 0xcf410bec, 0xa3461817, 0xe7ff2189, 0x210f1f53, 
    0x1f45f2ff, 0xe8ff2505, 0xf1fff0ff, 0xf2200d82, 0x07870382, 0x41275979, 0x0d7d5065, 0xf586180b, 0xd0ed2008, 0x2150bc66, 0x3e8fcbff, 0x8f09c968, 
    0x2b0ff719, 0xcfffbcff, 0xceffeeff, 0xf2fff0ff, 0x7c07c961, 0x9bf70f51, 0xff217783, 0x260182ed, 0x00b1ffc0, 0x82190021, 0x73212003, 0x0f220619, 
    0xe57c1100, 0xc1ff2b15, 0xecfff1ff, 0xe5fff6ff, 0x39821a00, 0xf3ffeb24, 0x0982edff, 0xb9fff328, 0x1900bcff, 0x0f82b2ff, 0x3b82f320, 0x0b82f120, 
    0xf782ea20, 0x0382da20, 0x0382f120, 0xcefff226, 0x0b00f2ff, 0x0f834418, 0x03a38183, 0x00f6ff25, 0x18e7ff00, 0x87097381, 0x15515f33, 0x2006bb42, 
    0x091f49ea, 0x18f5ff21, 0x86097b5f, 0x455b181d, 0x28bb8212, 0x00eaffe2, 0xfff5ff00, 0x20e382e7, 0x0b6f58f3, 0x07977187, 0xffe5ff2d, 0x001800e5, 
    0x00c0ff1d, 0x50c0ff0f, 0xff232303, 0x82e8ffcd, 0xffe0286b, 0xffabffee, 0x82c9ffea, 0xffb52241, 0x255f83c9, 0x0000bdff, 0x0182c9ff, 0xc183aa20, 
    0x82c1ff21, 0xffc2220d, 0x200582a6, 0x201d8294, 0x2795831d, 0xacffc5ff, 0x16000c00, 0x002e0f82, 0xb4ffd3ff, 0xe8ffcfff, 0xa3ff8cff, 0x0382a4ff, 
    0x0382a320, 0x0d828e20, 0x9bffcb22, 0x410df744, 0x122018eb, 0x4115a17e, 0x1a2028eb, 0xf1225982, 0xa162deff, 0xf3ff2105, 0xeb418d82, 0xe4ff2138, 
    0x2006b95c, 0x20db8211, 0x212b5511, 0xf0206d82, 0xea2e7d82, 0x0900d5ff, 0xe7ffe9ff, 0xebffefff, 0x05820b00, 0x3f82f320, 0xf0ff0022, 0xef240982, 
    0xedff0000, 0xea220382, 0xa182eeff, 0x6affeb21, 0xe3200701, 0x8b552182, 0x18258206, 0x7118735c, 0x49820f8f, 0xdcffdc22, 0x0c203b82, 0xa3a29d84, 
    0xf0243182, 0xf1ffddff, 0xce20a384, 0xa386a582, 0x02844382, 0xed22a38a, 0xd182f4ff, 0xff27a382, 0x00f2ffbf, 0x49e4ff0c, 0x298305f5, 0xf6202582, 
    0xc4200784, 0x038f0583, 0x5ac6ff21, 0x6d8f5b7f, 0xff210f8b, 0x0b6542e4, 0x1c8bb582, 0x25840b40, 0xdaffecff, 0x1f41e3ff, 0x1c8f4c09, 0x82789d57, 
    0x0a8342a1, 0x272bdf5b, 0xddffddff, 0x16001100, 0x250b9b49, 0x10000000, 0x05821200, 0xff2d0292, 0xffedffdf, 0xff0000ed, 0xff1b00e6, 0x061343c3, 
    0x1f411020, 0x820f2006, 0x82eb2017, 0xff12220b, 0x201d82f3, 0x2a2982dd, 0xffe0ffd1, 0xffbeffe4, 0x821500f0, 0x820c2013, 0x20538365, 0x2504830b, 
    0x0000eeff, 0x2745d1ff, 0xf1ff250f, 0xc8fff6ff, 0x6ffb6f18, 0xf020c782, 0x67460382, 0x20b7823a, 0x017518ef, 0x51581815, 0x206d8215, 0x202f82f3, 
    0x0a6746e9, 0x410aaf49, 0x034a1bc1, 0xecff2507, 0xf5fff4ff, 0x4e082766, 0xbd46187d, 0xe8002009, 0x39d74300, 0x2406c345, 0x00110013, 0x4303820f, 
    0xc3452051, 0xff132628, 0xff0000f5, 0x05e763f2, 0x00f1ff24, 0xc345ff0c, 0x595b1827, 0xe5ff2714, 0xedffd7ff, 0x0382e8ff, 0x8341ed20, 0x21b98205, 
    0x791800e1, 0x0c820c3b, 0x7b840286, 0x5c18e320, 0xff2b09ab, 0x00dffff4, 0xfff0ff00, 0x42e2fff6, 0x1b83051f, 0x440f8545, 0x5b82097b, 0x2b82de20, 
    0xa34ce720, 0x0bf36007, 0x1806df41, 0x8610df70, 0x4106e07a, 0x45650eeb, 0x2380a110, 0xeeffceff, 0x5c180382, 0xb7420ed3, 0x05b56817, 0x00eeff29, 
    0xff00000a, 0x84a6fff4, 0xff0a225f, 0x2207848d, 0x6dc2ff00, 0xff25136f, 0xffedffe5, 0x201982d9, 0x220382e8, 0x4cf5fff1, 0x618d0595, 0x82065341, 
    0x20238255, 0x079746f6, 0x51e0ff21, 0x5d850543, 0x938205a3, 0xd369e120, 0xd4ff2305, 0x6b82d2ff, 0x0d82ef20, 0x2008736b, 0x835984ff, 0xd7ff216b, 
    0xd22c1782, 0xecffeaff, 0xf0ffd1ff, 0xe2ff0f00, 0x10205d82, 0x02820382, 0x4af2ff21, 0xff210575, 0x8e0c82cd, 0x20558202, 0x0d5344d3, 0x20603f4a, 
    0x177418b0, 0x4ac4200c, 0xe726103f, 0xb6ffb0ff, 0x0382b3ff, 0x0382b620, 0xb4ffb026, 0xc5ffcbff, 0x820bd947, 0x82d7203f, 0x001e28ef, 0x00b1ff23, 
    0x82b1ff15, 0x8b0b2005, 0x18ff20d6, 0x2b12397a, 0xeaffc6ff, 0xe6ff0000, 0xb4fff1ff, 0xcf2c0782, 0xbfffd6ff, 0x0b00cfff, 0xb2ff1100, 0xcf220f84, 
    0x3d45aeff, 0x82de200a, 0xffcf2829, 0xff2200f0, 0x820c00f3, 0x00da2429, 0x83190012, 0xd7ff2d63, 0xcfffe0ff, 0xc8ffeaff, 0xdcffdbff, 0xdb200382, 
    0xbf250382, 0x0000c2ff, 0x14cf76ff, 0x2010d743, 0x827582ed, 0x13f16a48, 0x2123d743, 0x054af5ff, 0x08534207, 0xdaffec26, 0xe3ffd8ff, 0xe4248182, 
    0xf6ffdeff, 0xf320b982, 0x02826082, 0xfff5ff27, 0xfff3fff2, 0x181982f4, 0x2007216b, 0x4216820e, 0x19820511, 0xe8281782, 0x0d00e8ff, 0x1b001300, 
    0x1b20df82, 0x64180582, 0x2a820e29, 0x5b82028c, 0xe6ffe622, 0xde243782, 0xd1ff1300, 0xee245f82, 0x0d00e7ff, 0x20067547, 0x2017820a, 0x2c0b82ee, 
    0x00f6ff0a, 0xffe1ff14, 0xffe2ffea, 0x260782dd, 0x00e9ffd0, 0x82ecff11, 0x821b2048, 0x21028603, 0xaf84ebff, 0x8d181583, 0x118208e5, 0x0382ed20, 
    0xa56cd520, 0x862a8607, 0xcfff2106, 0xcd201b82, 0x210b1f4c, 0x1182f5ff, 0x1e86e920, 0xff21068a, 0x221782ef, 0x82cefff2, 0x84f62005, 0xffec2209, 
    0x05554595, 0xff252483, 0xfff2fff1, 0x840f8bc3, 0x22298315, 0x4f0000d6, 0xff230711, 0x4ae8ffed, 0xff250541, 0xfff0ffef, 0x200582ee, 0x220582ee, 
    0x41ebffee, 0xff2107b9, 0x20eb82ec, 0x491b8200, 0x1982062b, 0x70130142, 0x5b831629, 0x18e5ff21, 0x41090b47, 0x75820543, 0x23468783, 0x209b8214, 
    0x0ac366f6, 0xe9fff122, 0x830bb745, 0x210391c3, 0x9544f4ff, 0x58022e08, 0x00040036, 0x78807700, 0x001800ec, 0x204d822d, 0x05f544e1, 0x11c53591, 
    0xffecff2b, 0xffe2ffeb, 0xffe8fff1, 0x260382e4, 0x000f00e5, 0x82f3ff0f, 0xfff52291, 0x200582f2, 0x8265bbe5, 0x00e52855, 0xffedff11, 0x820b00e0, 
    0x00e724c9, 0x82f4ff0d, 0x06b54807, 0xea205d82, 0xf4207982, 0xe3240782, 0x12001100, 0xf3200782, 0x8d17d967, 0x055f4185, 0x3542ff20, 0x82df2005, 
    0x4100205d, 0x6b4305ed, 0xd4ff2105, 0xed206382, 0x2006a941, 0x07d94dec, 0x11204184, 0xf0206382, 0x8405cb4a, 0x1804920f, 0x83072f8f, 0xedff251a, 
    0x10001200, 0xf3201182, 0xeb224582, 0xbb89e5ff, 0x038b1d83, 0x180aa742, 0x2b16e56e, 0x2600e8ff, 0xd9ff2600, 0x17002300, 0x23263984, 0xe6ff2300, 
    0x0b83e2ff, 0x00cdff23, 0x20af8400, 0x26ff821d, 0xff2c00ed, 0x85d9ffe4, 0xf6ff2151, 0x8309ab62, 0xf1ff2111, 0x83082942, 0x70038438, 0xfb8305d7, 
    0xd3204f82, 0x82073d46, 0x83f220e5, 0x8371821e, 0x5c038606, 0xb7451791, 0x822c860d, 0xf1ff2106, 0xbd437584, 0x08534306, 0x2308774c, 0xe3ffe1ff, 
    0xdf206584, 0x03a90583, 0xfb855783, 0xff000023, 0x058d74ef, 0xfff2ff25, 0x82f4fff3, 0x54f42019, 0xed9109f1, 0xff2163a1, 0x0caf4df6, 0x13001722, 
    0xff25a383, 0xffedfff0, 0x856d82de, 0xffe322af, 0x058556e3, 0xffeaff23, 0x201582ec, 0x0b0954ed, 0xffecff23, 0x4f1382ea, 0xff270ee1, 0xfff5ffce, 
    0x83eeffe5, 0xc8ff2581, 0x1600bfff, 0x00200182, 0xef26af82, 0x0000f4ff, 0x1783c5ff, 0xff210387, 0x035818ed, 0x2016870c, 0x73298400, 0xff27128b, 
    0x00dbffe6, 0x83e3ff00, 0x82fd85f9, 0xffed226b, 0x413883ed, 0xa54109b3, 0x0d534409, 0x00f3ff24, 0xed41ff00, 0x21b38e05, 0x47820900, 0x1200e628, 
    0xd9fff2ff, 0x25820c00, 0x0e00eb22, 0x820b714f, 0xffdd2217, 0x280582dc, 0x00e0fff2, 0xff160015, 0x202f82f6, 0x0f7541f2, 0x93836d8d, 0x37444982, 
    0xfff22405, 0x82e2ffe5, 0x48e02003, 0x0b820bef, 0x2184ea20, 0xe920bf85, 0x200c6557, 0x213f8312, 0x638feeff, 0x03871583, 0xffecff26, 0xff0000de, 
    0x7a05c346, 0x1f830a83, 0x83090d41, 0x9903930d, 0x06eb4459, 0xe420b383, 0x5741b38b, 0x83ff2005, 0x4bed20b3, 0xff21058f, 0x096b41ea, 0x13266382, 
    0x0000f4ff, 0xeb68f1ff, 0x43ff200b, 0xff250ee7, 0x00e6fff5, 0x6d931816, 0x4fee2008, 0xff210f4b, 0x062943e0, 0x63056741, 0x1c222b4d, 0x83821c00, 
    0x102b5e18, 0x13208f8a, 0x00211f82, 0x07651800, 0x23eb5d0c, 0xe522ad82, 0xb9821300, 0x3f84ec20, 0x11000022, 0x23051b42, 0xe4ffebff, 0xf222ef82, 
    0x05830b00, 0x12201384, 0xf0202782, 0x44055941, 0x39860d51, 0xff23068e, 0x82daffe9, 0xffe2223b, 0x200582e5, 0x0c4b41e9, 0x21050d75, 0x7384ffec, 
    0x8909e943, 0x892d8d40, 0x41098317, 0x75420ac1, 0x0ac1410c, 0xfd43e820, 0xe9ff2105, 0x230be742, 0xf4ff1200, 0x83099142, 0x410d8249, 0xf4200fc1, 
    0x85050344, 0x1500254b, 0xebff1100, 0xf1242582, 0xe3ffebff, 0x0b820782, 0x83180583, 0xef220835, 0x0f82eeff, 0x8f42f220, 0xf2ff230b, 0x2346efff, 
    0xdaff2313, 0x1782caff, 0xe2ffd622, 0xe9200582, 0x18084348, 0x2108798e, 0xad41dfff, 0x09b34105, 0x21056942, 0x2f82f1ff, 0xeafff522, 0x09954118, 
    0x46edff21, 0x0d820b01, 0x5b82e620, 0xe3fff622, 0xdc220182, 0x0573d2ff, 0xdbff210d, 0xef200f82, 0x77064746, 0xb3461275, 0x050f4109, 0x022e0584, 
    0x04003250, 0x50720000, 0x2e00a074, 0x41826a00, 0xb582e220, 0x03820b20, 0x1b001128, 0xf3ffd2ff, 0xcd43ebff, 0x4034840c, 0xff20af04, 0x2205b36a, 
    0x82d5fff4, 0x82f220df, 0xfff32c03, 0xffecfff0, 0xffeaffe4, 0x82e6ffed, 0xffee2203, 0x13f94bee, 0x219be740, 0x0182d5ff, 0x0382df20, 0x1a00e524, 
    0xc582d1ff, 0xc782f020, 0xdcffe424, 0xdf82e1ff, 0xd1ffe322, 0xdb240582, 0xe7ffe1ff, 0x40099b4a, 0x9b859bcd, 0x4405136b, 0x9d450675, 0x43f62005, 
    0xff21095f, 0x450b82ec, 0x54852b47, 0xff2305fe, 0x82e6ffe2, 0x82e220b7, 0xff1b2286, 0x20e182df, 0x9b8e18f1, 0x82f5200c, 0x46ec201b, 0x358219c1, 
    0x21960240, 0xb982e7ff, 0xf95de820, 0xebff2909, 0xe9ffe3ff, 0xe8ffe6ff, 0xe9241782, 0xe9fff0ff, 0x11616218, 0x8696ca40, 0x07854196, 0x83b7ff21, 
    0xefff2910, 0xc0ff0000, 0xe2ffe7ff, 0x82093745, 0xffb622d1, 0x401d8390, 0xbd82a503, 0xc582e720, 0xba220383, 0x0982e4ff, 0x0382de20, 0xbb8db120, 
    0xfff5ff23, 0x075753b7, 0x0d40198d, 0xebff2395, 0xc582ebff, 0x5100eb21, 0x096c0a13, 0x293f4195, 0xffe4ff25, 0x82bdffe7, 0x09751805, 0x181a200b, 
    0xa9872f82, 0x20298fc7, 0x20cf82ff, 0x2e294eff, 0x0f40438f, 0xaaff258f, 0xb2ff0000, 0xff21d583, 0x340982f6, 0xffecffe7, 0xffc6ffcd, 0xffcaffda, 
    0xffd7fff0, 0xffd8ffe9, 0xb14718dd, 0x24fbe447, 0xff0f000f, 0x24c982ce, 0x00eaffce, 0x2271820e, 0x82f5ff10, 0x82e1200d, 0xfff122c7, 0x200982d7, 
    0x220382ef, 0x48deffe9, 0xdf30ac47, 0xbaffe3ff, 0xb0ffdfff, 0xd5ff1200, 0xe2ff9bff, 0x1920d782, 0x077b7a18, 0x828bff21, 0xb002400d, 0x82f5ff21, 
    0x82ab2001, 0x85d82003, 0xab8f41ba, 0x0591b185, 0xffe6ff2b, 0xff1d00e5, 0xff2200e6, 0x08674dc5, 0x1400ce24, 0x2b821200, 0x03821a20, 0x03821320, 
    0x1b820020, 0x0783c220, 0x6da50340, 0xf6220683, 0xf14ecaff, 0x00002305, 0xe782f2ff, 0xd2ffd930, 0xd8ffe3ff, 0xe4fff3ff, 0xe5fff1ff, 0xbf41e9ff, 
    0x064748ab, 0x0b00db2d, 0xdeff2300, 0xe6fff5ff, 0x18000000, 0x82149d66, 0x00f4211b, 0x2b8b6d18, 0x02fd4882, 0x200ecf4f, 0x26eb82e8, 0x00eaffee, 
    0x85f0ff00, 0x219d8503, 0x054ff0ff, 0x00122ea4, 0x00c5ff12, 0xffdbff10, 0x001200d8, 0x05a34111, 0xffd4ff23, 0x06d350c9, 0xd382e620, 0xd5ffd822, 
    0xd6821d82, 0x6ea59947, 0xff230543, 0x442100ec, 0x10200e23, 0x220c2344, 0x82c1ffc4, 0x1800200f, 0x8324ef6c, 0x84034028, 0x60ebff21, 0xe5270a2d, 
    0xd4ffdbff, 0x51ffe1ff, 0xff2306fd, 0x58d3ffe5, 0xff21050b, 0x2f677fd5, 0xa36edcf3, 0xffda2806, 0xff2300f3, 0x82eeffd9, 0xffe5240f, 0x82eafff2, 
    0xffe72201, 0x261182ec, 0xffe4ffe9, 0x82efffe9, 0x82e42013, 0x00f32209, 0x08b76e00, 0x5b5b0f83, 0x89c9f316, 0xebff2173, 0xc426b982, 0xbfffe3ff, 
    0x0b823400, 0xf2ffe228, 0x22000e00, 0x01821a00, 0x0e00102c, 0x1400d2ff, 0x12001300, 0x0f821d00, 0x23203483, 0x03400483, 0x05cd44a5, 0x840c3155, 
    0x13f957b8, 0x04401884, 0x069f469c, 0xa482e620, 0xe4ff2326, 0xe7ff0000, 0x180b5151, 0x200cb54d, 0x6ff385f2, 0x0f820847, 0x82110541, 0x84024047, 
    0x83f5ff21, 0x20058486, 0x2309830b, 0xf1ff0000, 0xef200182, 0xff21b183, 0x092556f1, 0x05401b85, 0x0a936fa5, 0xb1871120, 0x620d7542, 0x23870df7, 
    0x269b0740, 0x0000bcff, 0x64ffcfff, 0xff2908db, 0xffceffee, 0xffe7ffc0, 0x201782d8, 0x220382e4, 0x85c8ffd4, 0x8bd96f1d, 0x21195141, 0x0182edff, 
    0x0382c020, 0x1a00b132, 0xdcffe9ff, 0x0e00f0ff, 0x19002100, 0x10001600, 0xcd22cd82, 0x07821400, 0x18001322, 0x2006f744, 0x6e008f00, 0x43820917, 
    0x4382ed20, 0xfb6fb920, 0x11002305, 0x0184f3ff, 0xf3fff122, 0xeb201582, 0x1b203f82, 0x122c4582, 0x0e001300, 0xdafff2ff, 0xe8ffe4ff, 0xee260182, 
    0xf1ffddff, 0x15700b00, 0x8f212008, 0x5e0fc15f, 0xef2208d9, 0x7359edff, 0x99098208, 0x05df6359, 0x47e6ff21, 0x3f620693, 0xdbff2106, 0x20089b69, 
    0x204782f1, 0x580d83f2, 0xff210b49, 0x221582de, 0x82dfffde, 0x08535a05, 0xe2200b82, 0x0f226782, 0x0182f6ff, 0xe582f320, 0xf5fff324, 0x8544efff, 
    0x0eff5e39, 0xebff0022, 0x5982d384, 0x820bc14a, 0x71029071, 0x01710b07, 0x70098209, 0x3c9012fb, 0xc74c1086, 0xf3ff2205, 0x05d960ff, 0x2005b144, 
    0x204382e7, 0x5d1382ec, 0x40861cf5, 0xff25068e, 0x00e5ffe5, 0x22038218, 0x18c0ff00, 0x20089966, 0x06534cc0, 0x2c821420, 0x03821220, 0xbfff0024, 
    0x078392ff, 0x37710393, 0x82ab2008, 0x84b5204b, 0x00bd262d, 0xffaaff00, 0x2601848e, 0xffb1ffc2, 0x82c2ffbe, 0xffb6280b, 0xffb3ff8f, 0x8298ff92, 
    0xffc2241d, 0x82c2ffb4, 0x71a32007, 0xff210599, 0x2a378294, 0xffeeff1d, 0xffcfffc5, 0x82b6ffaf, 0xff0c240d, 0x821600ac, 0x2b028207, 0x1c00b4ff, 
    0x9fff1c00, 0xa3ffa7ff, 0x98200182, 0x09830584, 0x1182a320, 0x0d828e20, 0x1b828820, 0x71ff9f21, 0x4782085f, 0x5b82ee20, 0x3a82e620, 0xe8ff1522, 
    0xf6200982, 0x19220982, 0x01821200, 0x0d820f20, 0x1100e522, 0x11200f82, 0xf35d5d82, 0x82178210, 0xefff2102, 0xf0262582, 0x19001900, 0x2984f2ff, 
    0x11820482, 0x2a00f422, 0x00220884, 0x07821d00, 0x03841520, 0xa3841520, 0x21069b4d, 0x1382edff, 0x1f200283, 0x2d5e0482, 0x00222207, 0x850d8233, 
    0x851a2002, 0x22002306, 0x09864100, 0xff2306a8, 0x82e4ffe4, 0x82038283, 0x82e92005, 0x836b8303, 0x20418fc7, 0x85108f10, 0x09d36b0f, 0xffe9ff25, 
    0x480b00eb, 0xf0200691, 0xf0264982, 0xf0ffefff, 0xf582e7ff, 0xd9610920, 0x8200200c, 0xfff02215, 0x820583ee, 0x5dee2025, 0xf1200657, 0xe3210b82, 
    0x71798e00, 0x7f851baf, 0xff200583, 0x1805ad42, 0x8327658a, 0x2b03de32, 0x0000ddff, 0xe8ffc1ff, 0xebff1000, 0xb505d968, 0xf3ff2370, 0x5144caff, 
    0x0d61470b, 0xf2226382, 0x0582f0ff, 0x0584f620, 0x63a1f220, 0xffe5ff23, 0xd35418da, 0x8bf4200c, 0x413f9f5d, 0xf62006a9, 0x250b2973, 0xf5ffe6ff, 
    0x0182f4ff, 0xab49ed20, 0x40499f0b, 0xe769891f, 0x12b94c08, 0x872b1b41, 0xddff25d1, 0x1100ddff, 0x00280382, 0xd5ff1c00, 0xedffdaff, 0x22241982, 
    0x17001a00, 0x2408fb44, 0x00120012, 0x17154219, 0x2409b371, 0xeeffc3ff, 0x05754300, 0x43820f20, 0xedff1222, 0xd0220184, 0x5982e5ff, 0x1c00d122, 
    0x19220182, 0x01821300, 0xe8ff0f24, 0x2d82d8ff, 0xe9ffe92c, 0xceffc5ff, 0x0c00e4ff, 0xc571beff, 0x18222006, 0x4a0c5d86, 0x4d82067d, 0x14001422, 
    0x02920582, 0xff25af83, 0xff0000ec, 0x05db71f2, 0x12fc2292, 0x7f90dd82, 0x9009d95b, 0x6c10a01a, 0xfa2014cd, 0x002336a0, 0x72fff2ff, 0x27420813, 
    0x43898b09, 0xc143150f, 0x2069830f, 0x0a2b65ff, 0x00ecff23, 0x0b2b7200, 0x03401f83, 0x4f4f43ab, 0xff25fb83, 0xff0000e5, 0x09ff4dd7, 0xffedff29, 
    0xffd1ffe8, 0x82ddffe1, 0x82e32017, 0xffe42203, 0x196d4ce9, 0x2909f76d, 0xdffff4ff, 0xf6fff0ff, 0x2f82e2ff, 0x0e5f4118, 0x82e7ff21, 0x12034417, 
    0x63827f84, 0xff000025, 0x82daffec, 0xff0e2283, 0x210b82f4, 0x2b82fff2, 0x82deff21, 0xffe72233, 0x200f82f1, 0x0dc363f5, 0x03923583, 0x7b451120, 
    0x211f830b, 0x0582baff, 0x09840e20, 0xeeffce24, 0xeb45e4ff, 0xffb8220c, 0x971983a4, 0xe8ff2303, 0x3382d7ff, 0x24055571, 0x008dff0a, 0xd36e1800, 
    0x840a2008, 0xff0a2233, 0x201382d2, 0x900b84d0, 0x08f15f04, 0x1766e520, 0xff0e2206, 0x06916af5, 0xc965f120, 0x61258809, 0x837112af, 0x2467820b, 
    0x00ecffec, 0x23038311, 0xe1ff1200, 0x20060d41, 0x0bdd5d16, 0x12218284, 0xe5771800, 0xefff2118, 0x2505db43, 0xe9ffd3ff, 0x2d821600, 0xb2180d20, 
    0xf0260cf5, 0x0e00f1ff, 0x1382f0ff, 0xbb7c1020, 0xff002806, 0xffdffff0, 0x82dfffd1, 0xffce246d, 0x82eeffdd, 0x82c92007, 0x82112021, 0x6914203f, 
    0x0f200cc7, 0x44088b43, 0x6f8218f7, 0x25870020, 0x82d2ff21, 0x4a108245, 0x1d2008c3, 0x02860c82, 0x45c0ff21, 0x0f8606c7, 0xc34a069d, 0xffc92118, 
    0xea200183, 0xee240582, 0xbbffeaff, 0x8a180182, 0x57930ebb, 0xffcfff23, 0x4a1784ae, 0xd32011c3, 0x2006cf71, 0x20c784b4, 0x940583d8, 0x2a023003, 
    0x000400e0, 0x55285400, 0x002800ce, 0x84000062, 0xffc22237, 0x200786b4, 0x210784b2, 0x0783ffb2, 0x0582bc20, 0xb0ffbd22, 0xc0280182, 0x11001400, 
    0xbfffc0ff, 0xbf2cab82, 0xbcff1c00, 0xc5ffcbff, 0xeeffc4ff, 0x94092942, 0x2114e66d, 0xa742edff, 0x24078805, 0xffe1ffee, 0x210d85da, 0xe382daff, 
    0xe8ffe622, 0x182c8a82, 0xc3ff1300, 0xebffc2ff, 0x2000afff, 0x2206e141, 0x82f2ffc9, 0xffc2261f, 0xffeffffa, 0x20d982ef, 0x332382ef, 0xffe8ffda, 
    0xffecffe4, 0xfff5ffd5, 0x00dffff6, 0x00b5ff10, 0x00293b82, 0x00b6ff18, 0x00bdff0e, 0x203d8220, 0x222f82e6, 0x85c1ffee, 0x85078265, 0xffda286f, 
    0x000f00d8, 0x58f3ff0a, 0xff203165, 0x8806d568, 0x82f22007, 0x180282b1, 0x2008275b, 0x2c0c82ee, 0xffdbff00, 0xffc9ffd8, 0xff0000c7, 0x06975ac9, 
    0xe3ff0e22, 0xed20e384, 0x17821f83, 0x0382e520, 0xf5ffe822, 0x0b414618, 0xe4245382, 0xdeffdfff, 0x2109fb44, 0x0182f2ff, 0x2005c771, 0x822982d8, 
    0x82ed827b, 0x84ff2061, 0xc3ff2175, 0x4e82c782, 0xf6205982, 0x8405dd74, 0xfff2242f, 0x18c7ffd3, 0x231fb764, 0xd4ffe2ff, 0x00203a82, 0x5c077f43, 
    0xe926080f, 0x0000d1ff, 0x5f18eeff, 0x258309d7, 0xff110023, 0x281582d0, 0xff1b00d5, 0x00f3ffec, 0x28bb841b, 0xff0d00e8, 0xff1200e8, 0x200182e6, 
    0x831182de, 0xffe42237, 0x202f82e7, 0x8303820d, 0x820a2002, 0x000a2204, 0x22018212, 0x82e4ff00, 0x4a14200b, 0x00210599, 0x832d8213, 0x07534cc5, 
    0x1546e120, 0x10754408, 0xf9205b82, 0x13222f82, 0x416ef5ff, 0x844b820b, 0x08714d02, 0x215b0d83, 0x821f2011, 0x00112416, 0x82160015, 0x09eb4da7, 
    0x22003322, 0x0f821782, 0x2508274e, 0xff000012, 0x118300f0, 0x1982f220, 0x1a220283, 0x06831100, 0xff200383, 0x8309f74d, 0x20a1870e, 0x860c8316, 
    0x84122003, 0x83002051, 0x85118241, 0x82462021, 0x840f2009, 0xff222445, 0x451d00ef, 0xff21074f, 0x08e344e5, 0x02b92082, 0xb9135f49, 0x6ee7844d, 
    0x14830fdb, 0xef460386, 0xb812860b, 0x06c74606, 0xa7180a20, 0x51b8100f, 0x7b483889, 0x87138909, 0x31eb4309, 0x07853987, 0xffdeff25, 0x83edffe4, 
    0xeaff2161, 0x22067742, 0x43ecff12, 0x0f201ed3, 0x8511d343, 0x2105834d, 0x0583e9ff, 0x4a000021, 0xd3220c57, 0x1583e7ff, 0x2705d343, 0xf5ff0000, 
    0xf2fff3ff, 0xe3220782, 0x0582e5ff, 0x1b83ea20, 0x4b4203cf, 0x9bf1206e, 0x07d976bf, 0x18172d5d, 0x20126144, 0x504f830b, 0x11830db9, 0xdd4b039b, 
    0x8f2f9b13, 0xf6ff231b, 0x9946eeff, 0x18f12006, 0x8f1ff764, 0x210f973b, 0xaa18f3ff, 0x28970e1f, 0x401817c6, 0x568d0f25, 0x2007c779, 0x7f6c18ff, 
    0x44ff200c, 0x68180823, 0xff2109e1, 0xe36c18f4, 0x0555460b, 0xf4261182, 0xcefff4ff, 0x0983f2ff, 0xcc200382, 0xff235d87, 0x18eaffed, 0x2109cb93, 
    0x0b82b6ff, 0xf0fff022, 0x23872585, 0xff230791, 0x82dcfff3, 0x83f12039, 0x20078219, 0x05bf41ed, 0xfff5ff23, 0x201782e7, 0x261584e9, 0xffdbffeb, 
    0x42f6ffe2, 0x8384111f, 0x44086b56, 0xff250dc9, 0x00ebffde, 0x05ef5300, 0x20061d70, 0x06c55f0d, 0x57849382, 0x410ad37a, 0x002705f1, 0x00f3ff11, 
    0x86deff00, 0xff00222f, 0x08c571c6, 0x03863083, 0xd1718785, 0xebff250f, 0xe3ffeeff, 0xf2280582, 0xf2ff1a00, 0xecffeaff, 0x9d824b84, 0x8208c14b, 
    0x204f825b, 0x820f83ef, 0x82db20d1, 0x86ec200b, 0x82eb2007, 0xffc92473, 0x82d6ffbf, 0x82f3200f, 0x82e62007, 0x86d72009, 0x2206876e, 0x82cfff22, 
    0x82db2031, 0x2947821d, 0xf8ffb1ff, 0xd7ffd7ff, 0x1e821e00, 0xc6ff1522, 0xe6306f82, 0xb4ffdaff, 0xcfffe0ff, 0x1200d6ff, 0x1900bfff, 0x2408fb7b, 
    0x002100ae, 0x202d8221, 0x206582e6, 0x261f82b4, 0xffdbffdb, 0x82d0ffb5, 0x82d82009, 0x82ba2003, 0xff0c2241, 0x060141e6, 0xc5820020, 0x0ead6918, 
    0x00221f82, 0xb818f1ff, 0x11830b3b, 0x014403b3, 0x00002107, 0x84062946, 0x06514b44, 0x29510b82, 0xf1ff2209, 0x07e755ff, 0x5c181783, 0x28822445, 
    0xff820020, 0x114bef20, 0xebff2111, 0x0c776b18, 0x8312a176, 0x2303933b, 0xf0ffedff, 0x210d576e, 0x2784f3ff, 0x0f7d0a20, 0x8a198511, 0xfff322e3, 
    0x05014bdf, 0xff213183, 0x063742ef, 0x8308af42, 0x00002115, 0x2109af44, 0xe944f3ff, 0xe1ff2105, 0x08856b18, 0xf2fff222, 0x1f692183, 0xc42f8505, 
    0x510e2005, 0x51c40b25, 0xff2144f4, 0x207682e1, 0x51e34612, 0xff000023, 0x0d4d44ee, 0xdb6e6782, 0xbc0e860e, 0x06194406, 0xedff1122, 0x201e6b48, 
    0x156b480e, 0x48067142, 0xad460639, 0x106b480d, 0x2549f420, 0x080d5a09, 0x840f6344, 0x079f47cd, 0x43180785, 0x1f460843, 0x84e22009, 0x75049026, 
    0x1a830983, 0x21078543, 0x0988d6ff, 0x9b434182, 0x1761410b, 0x038b3d83, 0xfff2ff27, 0xff0000f1, 0x200382f2, 0x213f89f5, 0x0182edff, 0x0f83eb20, 
    0x49ebff21, 0xff210565, 0x053743e7, 0x82cdff21, 0xffed2201, 0x280786dd, 0xffd2ffdc, 0xffa8ffb5, 0x220f82c2, 0x82a7ffe0, 0xffc92a05, 0x00eaffc8, 
    0xff210021, 0x200d82ce, 0x266b82eb, 0xffbdff28, 0x5fc4fff6, 0xff210551, 0x2a6982bc, 0x00edffed, 0x00e2ff26, 0x82d9ff19, 0xff17221f, 0x203982d0, 
    0x222582d4, 0x821500ee, 0x8225200f, 0x2f028403, 0x2c00bbff, 0xc9ff2c00, 0xd2ff0000, 0xa9ff98ff, 0xa1207384, 0xa8206b82, 0xa7220982, 0x2d82b3ff, 
    0x28841020, 0x05831720, 0x44e0ff21, 0x132008f7, 0x84055951, 0x1bf35969, 0x03c43683, 0x210b8d51, 0x7782e8ff, 0x0382e420, 0xa77e0783, 0x17814b28, 
    0x44ecff21, 0x5344054d, 0x06115e63, 0xf5ff1122, 0x0be7ba18, 0x0d4f7018, 0x251d2e41, 0xf4ffefff, 0xab8feaff, 0x54edff21, 0x5a9d243d, 0x89461da4, 
    0x18e9200c, 0x6e09674f, 0x155f29e9, 0x43728b0b, 0xd34e1c4f, 0x85078707, 0x82172038, 0x58118506, 0x1f82168b, 0xff270290, 0x00e6ffee, 0x82ecff00, 
    0x82c82003, 0xfff22203, 0x059161b1, 0xff202883, 0x0aed8d18, 0x20082f4a, 0x8d1983db, 0x09c74303, 0x8f84178d, 0x95881220, 0x028b0882, 0x8b092b47, 
    0x200b8815, 0xa309881d, 0x87fb8308, 0x87182027, 0x00002308, 0xf14fe1ff, 0x41128506, 0xbd500717, 0x85b98a08, 0x13394141, 0xdb591820, 0xc7548517, 
    0xe1ff2105, 0x20069d45, 0x24b78210, 0xfff4ffe4, 0x06d343e2, 0x5f41e620, 0x217c8c1a, 0x2985eaff, 0x210f5941, 0x1185efff, 0x3c8c178f, 0x0f200c85, 
    0x20084d46, 0xa71083e9, 0x282b8479, 0xffedffec, 0xff0000e7, 0x200382de, 0x0dd742e5, 0x0b204782, 0x03862383, 0xe3451720, 0x15002105, 0xe3202982, 
    0xe6200382, 0x4110514d, 0x34860bcf, 0x13200682, 0x02e00382, 0x210bd14e, 0x9d82e8ff, 0x74830382, 0xf942ff20, 0x91178312, 0x17c36e03, 0x8c1dc94d, 
    0x500f2047, 0x7d860873, 0x0c9c1d8c, 0x8741ff20, 0x0fc54f0d, 0x42648741, 0xcc972b37, 0x42e2ff21, 0x12240643, 0xe5ff0000, 0xe224d582, 0xe5ffeaff, 
    0xe0200b82, 0x97088554, 0x4617863a, 0xff2105e3, 0x0d8b42e9, 0xec224182, 0x1383f2ff, 0x861c6345, 0x8906bd43, 0xf5ff21c3, 0xed22c382, 0xc388e4ff, 
    0x0d594118, 0xff236698, 0x82edffeb, 0x11e346b1, 0x6970c39b, 0x42717007, 0xe5207f82, 0xe3207f82, 0xe0200382, 0x0b5ba484, 0x8c0a8405, 0x07394504, 
    0x29821320, 0x1983f320, 0xd518ff20, 0x33560f69, 0x22258210, 0x8410000b, 0x8e048205, 0x4de34602, 0x0000e724, 0x0382edff, 0x0382e220, 0xcdfff324, 
    0x6d87cfff, 0x510ce346, 0xe9430643, 0x1ad14213, 0x46001621, 0xf18717e3, 0x2d83f98d, 0xcf447e85, 0x0b57572c, 0xfff2ff25, 0x82e0ffea, 0xff0b2244, 
    0x0d9f55e2, 0x45e7ff21, 0xff2105e5, 0x181782e4, 0x820b4b4b, 0x22c39a2c, 0x650d0011, 0x09820941, 0x11720292, 0x9a1e890b, 0x88248953, 0xe2ff2109, 
    0x43061b45, 0xe72005d3, 0xd3430f83, 0x46499107, 0xff2713af, 0xffeeffeb, 0x45e4ffec, 0x13820f63, 0xe743f220, 0x8e76880f, 0x081d5108, 0x8e063b52, 
    0x210e9a1e, 0x0f43f3ff, 0x18f1200a, 0x85166b46, 0x4415203f, 0x0025057d, 0xff000013, 0x314318eb, 0x5147180b, 0x0dbd4908, 0x00213585, 0x0eb16500, 
    0x5b501687, 0x8a13890b, 0x7b2f4909, 0x878a5420, 0x49000021, 0x1152182f, 0x0d5b4e07, 0x13543b89, 0x911b8911, 0x0bf95a09, 0x00e7ff23, 0x08675100, 
    0x2b91af20, 0x2f421195, 0xccff2317, 0x3183edff, 0x0b835187, 0xc74d03d5, 0x00112408, 0x82e5ff00, 0x37e34603, 0x43106f58, 0x022e160f, 0x0400160d, 
    0xf03b0000, 0x1300723c, 0x71822a00, 0xf5fff024, 0xdb43edff, 0x21f3b715, 0x5382efff, 0x0582ec20, 0x0382f220, 0xebffec26, 0xe5ffe2ff, 0x2505e943, 
    0xe9ffe0ff, 0xbf471200, 0x517f9727, 0xbb82050d, 0x2183e120, 0x83c6ff21, 0x00002305, 0x6d82f5ff, 0xf3ffed22, 0x85133544, 0x23059d21, 0xdeffedff, 
    0xf2204582, 0xff232583, 0x440000f3, 0x53830825, 0x5d82f520, 0xf0200383, 0xe9200784, 0x8310af4a, 0x25039234, 0xdcffeaff, 0x4d42e6ff, 0x92e92006, 
    0x44128820, 0x1a8811fd, 0xff28088c, 0xffe0ffe7, 0xffe9ffd5, 0xfd83fb8f, 0x9b83fbb2, 0xffceff23, 0x205582ef, 0x05ef42e7, 0x7218ff20, 0xff25207d, 
    0xffe1ffd8, 0x14ad43ee, 0xb2ff1122, 0x2128ae82, 0x16001d00, 0xf1ff0000, 0x09178518, 0x82d4ff21, 0x135d4d2f, 0x25822e82, 0x2100f022, 0x1f2a0184, 
    0x1f001200, 0x12001900, 0x475ee5ff, 0x08e14311, 0x6405a341, 0x3d410a71, 0x0c7d5e1d, 0x008d0020, 0x18beff21, 0x200cafcb, 0x990d85a1, 0xcdff2505, 
    0xe4ffdeff, 0xdf84b184, 0x0cdde018, 0xf3fff322, 0xf2201982, 0x2008ab5f, 0x201d82e3, 0x43618500, 0x754a0961, 0x20518211, 0x831591de, 0x0000233b, 
    0x0782ddff, 0x0e00122c, 0xf5ff0900, 0xf3ffe6ff, 0x0f82d9ff, 0x8d490c20, 0x850c8208, 0xf2ff2102, 0x85055953, 0x2605820d, 0x00160016, 0x7c140012, 
    0xe420082d, 0x21117f7f, 0x1382e7ff, 0x4b42d220, 0x82c72008, 0x2102822b, 0x0182f5ff, 0xcd5cef20, 0xa20e8205, 0x48ff2002, 0xfb820567, 0xee269782, 
    0xd9ffe5ff, 0x9d45e1ff, 0xd4ff2505, 0x1000f5ff, 0xa7414289, 0x9527891d, 0x09514a09, 0x4f911f87, 0x41eeff21, 0x25870969, 0x4b44079b, 0x0b955c05, 
    0x830b3f44, 0x8b63915f, 0x20fb844f, 0x219985f1, 0xfb82efff, 0xfb82da20, 0x2183e120, 0xb7d5ff21, 0x254782fb, 0xffedfff5, 0x3f45fff0, 0x10ed4517, 
    0x03896f83, 0x89174b42, 0x41098521, 0x79180529, 0xed200cd7, 0xf524c986, 0xf3ff0000, 0xf5220382, 0xad45eaff, 0x01780818, 0x2e006900, 0x39003700, 
    0x3c003a00, 0x49003d00, 0x7a006400, 0xea00b800, 0x14011201, 0x3c011b01, 0x40013e01, 0x50014e01, 0x54015201, 0x58015601, 0x66015b01, 0x6a016801, 
    0xaa016c01, 0xfd01f901, 0x13021102, 0x29021802, 0x56024d02, 0x93028502, 0xc302ae02, 0xd302ce02, 0xe302e202, 0x2f032d03, 0x49034103, 0x8d038b03, 
    0x93038f03, 0xa203a003, 0xa403a303, 0xab03a703, 0x08c31d19, 0xb403b32c, 0xd003bb03, 0xd503d103, 0x1d19d603, 0x1d190c39, 0x1c190f29, 0x1c1907e1, 
    0x1b190719, 0x1b1909e7, 0x00250eb9, 0x00500002, 0x26d38224, 0x00440000, 0x82160046, 0x00492ad5, 0x004b0019, 0x001a0055, 0x28018257, 0x00590025, 
    0x0026005b, 0x2001825d, 0x24f18229, 0x002a0064, 0x2201826b, 0x826d002b, 0x002c2a01, 0x00b1009b, 0x00b3002d, 0x223f82b7, 0x82c000ba, 0x00c2223f, 
    0x265382c2, 0x00d100c7, 0x82d30051, 0x005c2201, 0x280182d9, 0x00db005d, 0x005e00eb, 0x220182ed, 0x82ef006f, 0x00702201, 0x220182f1, 0x82f30071, 
    0x00722201, 0x220182f5, 0x82f70073, 0x00742201, 0x220182f9, 0x82fb0075, 0x00762201, 0x090182fd, 0xff00775d, 0x78002701, 0x36012901, 0x3801a100, 
    0xaf003801, 0x3a013a01, 0x3c01b000, 0xb1004201, 0x44014401, 0x4601b800, 0xb9004601, 0x48014801, 0x4a01ba00, 0xbb004a01, 0x4c014c01, 0x4f01bc00, 
    0xbd004f01, 0x53015301, 0x5501be00, 0xbf005501, 0x59015701, 0x5b01c000, 0xc3005d01, 0x67016701, 0x6901c600, 0xc7006901, 0x6b016b01, 0xaa01c800, 
    0xc900b001, 0xe701e701, 0xec01d000, 0xd100ec01, 0xf001ef01, 0xf501d200, 0xd400f501, 0xf701f701, 0xf901d500, 0xd600f901, 0xfe01fd01, 0x0202d700, 
    0xd9000402, 0x0b020902, 0x1002dc00, 0xdf001302, 0x1b021b02, 0x2a02e300, 0xe4003802, 0x3a023a02, 0x3c02f300, 0xf4003c02, 0x3e023e02, 0x4002f500, 
    0xf6004002, 0x47024202, 0x4902f700, 0xfd004902, 0x4b024b02, 0x4d02fe00, 0xff005202, 0x55025502, 0x57020501, 0x06015902, 0x61025d02, 0x63020901, 
    0x0e016902, 0x6b026b02, 0x6d021501, 0x16017902, 0x7b027b02, 0x7f022301, 0x24018002, 0x89028602, 0x8b022601, 0x2a019202, 0x9c029802, 0xa3023201, 
    0x3701a302, 0xa602a502, 0xac023801, 0x3a01ac02, 0x74000100, 0x06000500, 0x0b000a00, 0x0d000c00, 0x10000f00, 0x12001100, 0x1e001d00, 0x19002300, 
    0x340bf526, 0x005e0040, 0x00620060, 0x00650063, 0x006c0066, 0x0070006e, 0x343d8273, 0x007a0078, 0x007e007c, 0x00860080, 0x009a0096, 0x01b900b8, 
    0x0aeb4228, 0x3207e742, 0x01b201b1, 0x01b401b3, 0x01b601b5, 0x01b801b7, 0x19ba01b9, 0x080e3724, 0xdc01db26, 0xdf01dd01, 0xe101e001, 0xe401e301, 
    0xe801e501, 0xf301e901, 0xf901f601, 0xfb01fa01, 0x07020002, 0x0e020c02, 0x08e72319, 0x0be32319, 0x02232208, 0x02290224, 0x02540253, 0x025c0256, 
    0x0281027d, 0x02930285, 0x02960295, 0x029d0297, 0x02ae02a0, 0x20eb82b0, 0x260b8203, 0x00a4029e, 0x82250002, 0x000524f5, 0x820a0000, 0x820120f3, 
    0x821220f5, 0x20f3830f, 0x24f58209, 0x000b0023, 0x2201823e, 0x8240000c, 0x820d2001, 0x005e22f7, 0x20fb820e, 0x20278260, 0x28ff8263, 0x00650010, 
    0x00110066, 0x2201826c, 0x826e0013, 0x00142201, 0x28018270, 0x00730015, 0x00160074, 0x22018278, 0x82860018, 0x00192201, 0x20018296, 0x28e7821a, 
    0x011b00dd, 0x00e101df, 0x08d98326, 0x03290061, 0x00b5039e, 0x03cf032b, 0x034300d7, 0x00f503ee, 0x04fc034c, 0x04540001, 0x0011040a, 0x041a045a, 
    0x04620021, 0x002d0428, 0x0436046a, 0x04700039, 0x00490442, 0x048f0474, 0x047c0092, 0x00a1049e, 0x04ac0480, 0x048400af, 0x00bf04bb, 0x04c80488, 
    0x048d00cb, 0x00e604cf, 0x04e90491, 0x82a900e9, 0x146e08e1, 0xb603b503, 0xb8030000, 0x0200c203, 0xce03c403, 0xd7030d00, 0x1800e203, 0xed03e603, 
    0xf6032400, 0x2c00fb03, 0x09040204, 0x12043200, 0x3a001904, 0x27042204, 0x2e044200, 0x48003504, 0x8e043a04, 0x93045000, 0xa5009304, 0x9d049904, 
    0xa204a600, 0xab00a204, 0xab04a604, 0xb304ac00, 0xb200ba04, 0xc704c304, 0xca04ba00, 0xbf00cc04, 0x7b82df04, 0x7b84c220, 0x0100ca26, 0x05006900, 
    0x21165142, 0x4742003e, 0x11454205, 0x96008622, 0x210e0f42, 0x114201da, 0x8d24190e, 0x02c6260a, 0x02cc02c7, 0x812419cd, 0xe8400828, 0xee02eb02, 
    0x23032103, 0x2f032d03, 0x33033103, 0x37033503, 0x3b033903, 0x41033d03, 0x49034703, 0x5e035d03, 0x6c036203, 0x6f036d03, 0x79037303, 0x7f037b03, 
    0x83038103, 0x87038503, 0x95039303, 0x712cd582, 0xc802c502, 0xca02c902, 0xce02cb02, 0x0cd52419, 0xea02e927, 0xed02ec02, 0xcf241902, 0x02fa2511, 
    0x030003fe, 0x0bc32419, 0x0a03093a, 0x0d030c03, 0x11031003, 0x19031303, 0x1c031a03, 0x20031e03, 0x25032403, 0x089f2419, 0x2e032c2e, 0x34033003, 
    0x38033603, 0x3c033a03, 0x0c892419, 0x24194520, 0x4d200883, 0x0e7f2419, 0x03572d08, 0x035b0359, 0x0360035f, 0x03640363, 0x03670366, 0x036a0368, 
    0x036e036b, 0x03710370, 0x03750374, 0x037a0377, 0x037d037c, 0x03860384, 0x13492419, 0xe5829420, 0x9b821620, 0x030e2808, 0x03140312, 0x031b0315, 
    0x03260322, 0x03440332, 0x034c0346, 0x0358034e, 0x035c035a, 0x03650361, 0x03760372, 0x827e0378, 0x0224222f, 0x5f2b1989, 0x9400202c, 0x00012300, 
    0x00830002, 0x04820320, 0x19000421, 0x2009d52b, 0x08474209, 0x0e000022, 0x9f441b82, 0x00002105, 0x0d976418, 0x1c823583, 0x2a200286, 0x1c200782, 
    0x02d70382, 0xef821820, 0x1c220387, 0xb0181a00, 0x20210809, 0x24018500, 0x0025001b, 0x20018826, 0x21098200, 0x0185002c, 0xe9529183, 0x20f7850f, 
    0x21008200, 0x01850005, 0x83001421, 0x820a20f5, 0x200383f9, 0x82078200, 0x2002861c, 0x20078215, 0x22038a18, 0x8202001a, 0x24038981, 0x0017001b, 
    0x831f821b, 0x20038fff, 0x8b17821e, 0x001f2303, 0x03830004, 0x05002023, 0x24038f00, 0x00210005, 0x23038406, 0x00070022, 0x23230383, 0x85000800, 
    0x86172003, 0x00082207, 0x8ba98225, 0x00002403, 0x82260016, 0x230387af, 0x000d0029, 0x2a230387, 0x87000000, 0x002b2303, 0x0387000e, 0x17822c20, 
    0x00210393, 0x072d4b00, 0x21821220, 0x03200385, 0x39834184, 0x13820620, 0x1020028f, 0x03871082, 0x02f60a82, 0x05000322, 0x08220182, 0x05840800, 
    0x2f6c84eb, 0x84262009, 0x001b2276, 0x8307841b, 0x20118304, 0x2008821d, 0x8303822d, 0x00222202, 0x82068307, 0x00252303, 0x2f850009, 0x00250c82, 
    0x000b0027, 0x84088329, 0x07a54103, 0x04880c84, 0x880d7b43, 0x26088616, 0x00120012, 0x42060021, 0x0622063d, 0x17821800, 0x05002022, 0x0a216382, 
    0x13e74100, 0x21840a20, 0x1c202583, 0x830a9f42, 0x0745429f, 0x00211682, 0x83048206, 0x821e2059, 0x83028307, 0x833387b5, 0x870b8327, 0x861c200f, 
    0x83758771, 0x0785421f, 0x22828187, 0x001f0023, 0x87558204, 0x84122002, 0x423b8387, 0x0b830bc1, 0x00242187, 0x0b000100, 0x1a202582, 0x8706ab44, 
    0x82192017, 0x00182108, 0x08823983, 0x29200284, 0x04242982, 0x5600ad02, 0x0424618a, 0x05003f00, 0x1821c784, 0x206b8300, 0x8f29840b, 0x002b2204, 
    0x2412862b, 0x00210007, 0x200b8240, 0x83038236, 0x83372002, 0x41002104, 0x66200584, 0x38200582, 0x39200382, 0x42350382, 0x3b003a00, 0x3d003c00, 
    0x3e004300, 0x53004400, 0x08002a00, 0x26008500, 0x00300035, 0x8215001e, 0x00242ee9, 0x002f0016, 0x001d002e, 0x002c002d, 0x38018233, 0x00340017, 
    0x00310020, 0x00250032, 0x00010026, 0x000d0002, 0x000e0003, 0x203a8213, 0x22038209, 0x821b0000, 0x001b222d, 0x830b8418, 0x00422804, 0x00380014, 
    0x840a000c, 0x82002003, 0x831220c5, 0x24418216, 0x0017001c, 0x910b843e, 0x91142004, 0x41118c12, 0x40200937, 0x0387ef82, 0x36004522, 0x0c87258c, 
    0x87003821, 0x82002001, 0x823b2009, 0x850383f9, 0x0035217b, 0x1e20018b, 0x1f20f582, 0x2e200384, 0x0383f782, 0xf5841a20, 0xab821720, 0x00200383, 
    0xa5450782, 0x82032007, 0x8203205e, 0x8835207d, 0x00362203, 0x8981821e, 0x00002103, 0x20053d7d, 0x8f518200, 0x00372303, 0x038b0016, 0x2f000022, 
    0x03834f82, 0x07822e20, 0x0d85038d, 0x43004121, 0x15430b8b, 0x82332013, 0x20038b39, 0x20ed8261, 0x22038817, 0x82310000, 0x2303851f, 0x00320042, 
    0x3a230387, 0x87002500, 0x003b2303, 0x03930026, 0x02003d2a, 0x03003e00, 0x0e004400, 0x24200388, 0x39834184, 0x0a001d22, 0x028b5982, 0x2f823d20, 
    0x37830387, 0x0beb1b8b, 0x8b002421, 0x2879c301, 0x004c0050, 0x004d0054, 0x284c824e, 0x00520051, 0x005e0055, 0x240b824f, 0x00540054, 0x20078260, 
    0x2005844f, 0x83098230, 0x00302702, 0x005c0030, 0x81440036, 0x00632805, 0x00190022, 0x834b005d, 0x3800231a, 0x07823c00, 0x03825f20, 0x2d000022, 
    0x23220582, 0x05824600, 0x17823320, 0x41003821, 0x0e8205b5, 0x64200282, 0x57200382, 0x25200382, 0x272a0382, 0x3b003a00, 0x47002600, 0x8f414800, 
    0x00582a08, 0x000f0065, 0x00590028, 0x2021825a, 0x8b038210, 0x84152002, 0x842c200c, 0x00332405, 0x82350040, 0x822e2009, 0x41172063, 0x622014e7, 
    0x2008cb42, 0x42298245, 0x9f83079f, 0x58209387, 0x1d206982, 0x00234382, 0x83001500, 0x200a841f, 0x83598500, 0x83278333, 0x20698565, 0x831e821f, 
    0x05c14203, 0x8542d789, 0x07694205, 0x29004922, 0x8506fb42, 0x004422ad, 0x2287840e, 0x421f0000, 0x3f830cc1, 0x03003e24, 0x6f821100, 0x7f821120, 
    0x25822020, 0x22055b41, 0x8232005b, 0x82448233, 0x824a2002, 0x82398315, 0x8302880a, 0x00282635, 0x006e0002, 0x22018205, 0x8206000e, 0x001a2201, 
    0x2201820a, 0x820b000e, 0x00072201, 0x2201820c, 0x840d0008, 0x000f2601, 0x0014000f, 0x20018210, 0x246b8213, 0x00140011, 0x28018212, 0x001d0016, 
    0x0015001e, 0x22018223, 0x823a0019, 0x00012201, 0x2201823b, 0x823c0002, 0x00032201, 0x2201823d, 0x823e0004, 0x82092001, 0x82402081, 0x005e265b, 
    0x000b005e, 0x22018260, 0x8262000c, 0x001d2101, 0x2007094e, 0x225b8265, 0x82660066, 0x006c2259, 0x2063826c, 0x2299826e, 0x8270000f, 0x000f2801, 
    0x00740073, 0x82780013, 0x00122201, 0x2201827a, 0x827c0003, 0x00172201, 0x2201827e, 0x8280001b, 0x001c2201, 0x22018286, 0x82960011, 0x00122201, 
    0x2201829a, 0x82b80018, 0x00032201, 0x3c0182b9, 0x01280105, 0x01060028, 0x004e014e, 0x01500101, 0x01030050, 0x00520152, 0x01540104, 0x22058254, 
    0x82560156, 0x01662205, 0x221d8266, 0x82680168, 0x016a2205, 0x2205826a, 0x826c016c, 0xb17a0829, 0x2a00b101, 0xb201b201, 0xb3012b00, 0x2c00b301, 
    0xb401b401, 0xb5012d00, 0x2e00b501, 0xb601b601, 0xb7012f00, 0x3000b701, 0xb801b801, 0xb9013100, 0x3200b901, 0xba01ba01, 0xd3013300, 0x1e00d301, 
    0xd401d401, 0xd5011f00, 0x2000d501, 0xd601d601, 0xd7012100, 0x2200d701, 0xd801d801, 0xd9012300, 0x2400d901, 0xdb01db01, 0xdc012500, 0x2600dc01, 
    0xdd01dd01, 0xdf012700, 0x2f82e001, 0xe101e128, 0xe3012800, 0x1182e301, 0xe401e422, 0x92080b82, 0x00e501e5, 0x01e80129, 0x013400e8, 0x00e901e9, 
    0x01f30135, 0x013c00f3, 0x00f601f6, 0x01fa013d, 0x013600fa, 0x00fb01fb, 0x0200023e, 0x023f0000, 0x00070207, 0x020c0237, 0x0240000c, 0x000e020e, 
    0x02160241, 0x02420016, 0x00170217, 0x02180243, 0x02030018, 0x00190219, 0x021c0238, 0x0244001c, 0x001d021d, 0x021e0245, 0x0246001e, 0x001f021f, 
    0x02200247, 0x02480020, 0x00210221, 0x02230249, 0x024a0023, 0x00240224, 0x0229024b, 0x02040029, 0x82530253, 0x02542235, 0x22298254, 0x82560256, 
    0x025c3411, 0x024c005c, 0x007d027d, 0x0281024d, 0x024e0081, 0x82850285, 0x02932217, 0x3a6b8293, 0x00960295, 0x0297023a, 0x023b0097, 0x009d029d, 
    0x02a0024f, 0x023900a0, 0x82ae02ae, 0x02b0241d, 0x474700b0, 0x4c2106f7, 0x05bb4300, 0x00006d2a, 0x04001000, 0x37001100, 0x27250982, 0x27000500, 
    0x13b94a00, 0x07000022, 0x08088f49, 0x08001238, 0x60002100, 0x61002300, 0x63006200, 0x64002400, 0x22006500, 0x67006600, 0x68004000, 0x69002500, 
    0x6a002600, 0x15005500, 0x16004200, 0x18001700, 0x3a001900, 0x61824400, 0x03820920, 0x28380283, 0x29007a00, 0x2b002a00, 0x2c007b00, 0x7d007c00, 
    0x7e005400, 0x2d007800, 0x0cdf3819, 0x0100452e, 0x38003500, 0x36003900, 0x0a000200, 0x43203882, 0x00220382, 0x2d820b00, 0xa9820b20, 0x00210c84, 
    0x2069826d, 0x2375820c, 0x00140013, 0x00200383, 0x0520c582, 0x32241a84, 0x2e000d00, 0x0c837b82, 0x04836c20, 0x0c20038c, 0x0c910d8c, 0x12880d20, 
    0xef822120, 0x03200387, 0x6220f782, 0x0383f782, 0xf7826520, 0x61200383, 0x2520f584, 0x03838382, 0x07820020, 0xf9824220, 0x19260383, 0x7f006b00, 
    0x018c2800, 0xf5822920, 0x03842b20, 0xf7827d20, 0x0e200383, 0x2e20f584, 0x20060548, 0x20078200, 0x83f98201, 0x00362203, 0x20fb8280, 0x873f8221, 
    0x00232203, 0x89818229, 0x00612103, 0x2205b34c, 0x822b0062, 0x23038d95, 0x002c0024, 0x6423038b, 0x83007c00, 0x82652003, 0x20038f77, 0x28cb827d, 
    0x0022007d, 0x00660054, 0x2403827e, 0x00670000, 0x20039078, 0x8ba98268, 0x00832203, 0x20ed820f, 0x2303882e, 0x0031006a, 0x55230387, 0x87003200, 
    0x00152303, 0x03870045, 0xdb824220, 0x17240393, 0x19003800, 0x3a23ed82, 0x87000200, 0x847b2003, 0x22398341, 0x41140054, 0x0885088f, 0x85096d48, 
    0xf1158537, 0x007b2105, 0x5832018b, 0x5f005900, 0x5a005600, 0x5c005700, 0x5b005e00, 0x92b05d00, 0x41001d28, 0x1e003e00, 0x39821b00, 0x1f002028, 
    0x4b003f00, 0x0b821c00, 0x4a003e21, 0x0b830547, 0x7a000022, 0x02831182, 0x7a007a28, 0x23005200, 0x0c832900, 0x00340031, 0x00740033, 0x003d0053, 
    0x0063003b, 0x82160025, 0x82462015, 0x00662203, 0x2605827e, 0x00470071, 0x822d0068, 0x00252117, 0x8205b541, 0x22028414, 0x824d0076, 0x82452007, 
    0x003c2a03, 0x00420015, 0x006e0001, 0x088f416f, 0x79004e2a, 0x70007200, 0x4f007700, 0x73202182, 0x02870382, 0x61006126, 0x67002a00, 0x20062942, 
    0x265b8267, 0x00280021, 0x827d0065, 0x842e2063, 0x0feb4147, 0x42001a21, 0x032007cb, 0x9f422982, 0x879f8307, 0x824e2093, 0x82542069, 0x83598357, 
    0x0000221f, 0x83b58481, 0x83338337, 0x42438727, 0x718307f7, 0x1f837587, 0x87078542, 0x0050287d, 0x00640075, 0x8282007c, 0x22bb83ad, 0x8402003a, 
    0x873f8387, 0x24078777, 0x00360019, 0x20c98248, 0x202b8248, 0x28258230, 0x00290023, 0x00510049, 0x83338232, 0x0000223b, 0x8315824a, 0x850d8539, 
    0x82192005, 0x82702035, 0x02022a21, 0x009e029e, 0x02a40201, 0x240d82a4, 0x02240001, 0x203f828d, 0x08574500, 0x2005d74e, 0x8234852a, 0x45082005, 
    0x0a210817, 0x05e35600, 0x0e000024, 0x15822e00, 0x0f200289, 0x10240a82, 0x12001100, 0x13200782, 0x02870382, 0x14001422, 0x0a413e19, 0x19000021, 
    0x870b433e, 0x83079523, 0x8e002075, 0x82192000, 0x4815200f, 0x0c8208db, 0x292002b6, 0x0387ef82, 0xf7882b20, 0x08214c8d, 0x20018700, 0x20098200, 
    0x83f9820b, 0x840e2003, 0x3dc21824, 0x8210200d, 0x4d1220f5, 0x208308cb, 0xf5842020, 0x85001521, 0x82002001, 0x001a2107, 0x1e200185, 0x1e201e82, 
    0x0f207d82, 0x06220388, 0x81821000, 0x00220389, 0x23821100, 0xb5510383, 0x82002009, 0x2303835d, 0x00130007, 0x2882038b, 0xc541029e, 0x20289709, 
    0x8b188214, 0x82212003, 0x881520ed, 0x50002003, 0x1820085b, 0x19202782, 0xe57d0388, 0x00002205, 0x2011820a, 0x93db820b, 0x000d2a03, 0x000e001c, 
    0x002e001e, 0x8203881f, 0x1900212e, 0x09833584, 0x2f83038d, 0x37830387, 0x0d401d8d, 0x000622ef, 0x20f28810, 0x20098422, 0x22058228, 0x820c0008, 
    0x22028f05, 0x41080014, 0x1d850ab1, 0x2c002322, 0x05820885, 0x0b000a28, 0x02001a00, 0x8f410300, 0x822d2008, 0x00242215, 0x22058225, 0x82260000, 
    0x82272005, 0x20028903, 0x250a8911, 0x29001400, 0x0f840f00, 0x15000822, 0xeb414784, 0x4200200f, 0x2b2008cb, 0x9f422982, 0x83328307, 0x20038331, 
    0x2369862d, 0x00110000, 0x1b831f83, 0x59860020, 0x23833383, 0x3b822920, 0xf7426985, 0x87258507, 0x42002043, 0x7d870689, 0x01000423, 0x85008500, 
    0x002e22ad, 0x2287841f, 0x42120000, 0x3f830cc1, 0x20054d42, 0x222e8214, 0x82170011, 0x075b4125, 0x33821920, 0x02821482, 0x15820520, 0x830f1357, 
    0x00252635, 0x00590002, 0x22018205, 0x820a0007, 0x051b4d01, 0x0d000122, 0x06200182, 0x0f20b182, 0x10260782, 0x0c001000, 0x01821100, 0x7b820d20, 
    0x15821220, 0x1e001d26, 0x23000e00, 0x10220182, 0x01823e00, 0x40000222, 0x03220182, 0x01825e00, 0x60000422, 0x05220182, 0x01826300, 0x65000922, 
    0x09220182, 0x01826600, 0x6c000d22, 0x0a220182, 0x01826e00, 0x70000822, 0x08240182, 0x74007300, 0x78265982, 0x0b007800, 0x01828600, 0x96000a22, 
    0x3f080182, 0x01d3010b, 0x011100d3, 0x00d401d4, 0x01d50112, 0x011300d5, 0x00d601d6, 0x01d70114, 0x011500d7, 0x00d801d8, 0x01d90116, 0x011700d9, 
    0x00da01da, 0x01db0118, 0x011900db, 0x00dc01dc, 0x01dd011a, 0x2005495b, 0x083582e0, 0xe101e1a4, 0xe3011c00, 0x1b00e301, 0xe401e401, 0x9e031c00, 
    0x1d009e03, 0x9f039f03, 0xa0031e00, 0x1f00a003, 0xa103a103, 0xa2032000, 0x2100a203, 0xa303a303, 0xa4032200, 0x2300a403, 0xa503a503, 0xa6032400, 
    0x2500a603, 0xa703a703, 0xa8032600, 0x2700a803, 0xa903a903, 0xaa032800, 0x2900aa03, 0xab03ab03, 0xac032a00, 0x2b00ac03, 0xad03ad03, 0xae032c00, 
    0x2d00ae03, 0xaf03af03, 0xb0032e00, 0x2f00b003, 0xb103b103, 0xb2033000, 0x3100b203, 0xb303b303, 0xb4033200, 0x3300b403, 0xb503b503, 0xcf033400, 
    0x8f82cf03, 0xd003d022, 0xd1227d82, 0x7782d103, 0xd303d222, 0xd4227182, 0x5382d403, 0xd603d522, 0xd7223b82, 0x2982d703, 0xf503ee22, 0x2c082982, 
    0x000104fc, 0x040a0421, 0x04230011, 0x0021041a, 0x04280425, 0x042b002d, 0x00390436, 0x04420430, 0x04340049, 0x0092048f, 0x049e041d, 0x2229829f, 
    0x82a104a0, 0x04ac2229, 0x222982af, 0x82be04bb, 0x04bf2823, 0x042d00bf, 0x82c904c8, 0x04ca2235, 0x222f82cb, 0x82d604cf, 0x04d7222f, 0x222982de, 
    0x82e604df, 0x04e92a11, 0x003400e9, 0x00860002, 0x22018204, 0x8205004f, 0x00282201, 0x2201820a, 0x820b0028, 0x00222201, 0x2201820c, 0x820d003a, 
    0x00192201, 0x2201820f, 0x82100023, 0x00402201, 0x22018211, 0x82120023, 0x002b2801, 0x001e001d, 0x82220039, 0x003b2201, 0x22018223, 0x823e001a, 
    0x003c2201, 0x22018240, 0x825e001d, 0x001b2201, 0x22018260, 0x8263001c, 0x00272201, 0x22018265, 0x82660027, 0x00232201, 0x2201826c, 0x826e001f, 
    0x00252201, 0x2201826f, 0x82700026, 0x00252201, 0x24018271, 0x00730026, 0x24438274, 0x00780078, 0x24a3823f, 0x001f0086, 0x08018296, 0x5e013f4c, 
    0x26005e01, 0xd301d301, 0xd4013400, 0x3700d401, 0xd501d501, 0xd6014b00, 0x3800d601, 0xd701d701, 0xd8013200, 0x5100d801, 0xd901d901, 0xda013500, 
    0x3600da01, 0xdb01db01, 0xdc014c00, 0x3d00dc01, 0xdd01dd01, 0xdf013300, 0x3582e001, 0xe101e128, 0xe3014a00, 0x1182e301, 0x01e42e09, 0x034a00e4, 
    0x009e039e, 0x039f0305, 0x030a009f, 0x00a003a0, 0x03a10311, 0x030800a1, 0x00a203a2, 0x03a30312, 0x030900a3, 0x00a403a4, 0x03a50313, 0x030b00a5, 
    0x00a603a6, 0x03a70314, 0x031500a7, 0x00a803a8, 0x03a90307, 0x031000a9, 0x00aa03aa, 0x03ab0316, 0x030c00ab, 0x00ac03ac, 0x03ad0301, 0x031700ad, 
    0x00ae03ae, 0x03af0318, 0x030d00af, 0x00b003b0, 0x03b10303, 0x030400b1, 0x00b203b2, 0x03b30302, 0x030600b3, 0x00b403b4, 0x03b5030e, 0x030f00b5, 
    0x00b603b6, 0x03b7033e, 0x035000b7, 0x00b803b8, 0x03b9032e, 0x034100b9, 0x00ba03ba, 0x03bb0342, 0x034e00bb, 0x00bc03bc, 0x03bd0343, 0x032f00bd, 
    0x00be03be, 0x03bf0344, 0x034500bf, 0x00c003c0, 0x03c1032d, 0x034600c1, 0x00c203c2, 0x03c30320, 0x034d00c3, 0x00c403c4, 0x03c50321, 0x034700c5, 
    0x00c603c6, 0x03c70348, 0x032a00c7, 0x00c803c8, 0x03c90329, 0x033000c9, 0x00ca03ca, 0x03cb032c, 0x032400cb, 0x00cc03cc, 0x03cd031e, 0x033100cd, 
    0x00ce03ce, 0x03d30349, 0x22f582d3, 0x82d603d6, 0x03d822b9, 0x22a182d8, 0x82d903d9, 0x03da228f, 0x228982da, 0x82dd03db, 0x03de2283, 0x226582de, 
    0x82e103df, 0x03e22247, 0x223582e2, 0x82ed03e6, 0xf62c0829, 0x4200fb03, 0x09040204, 0x12044300, 0x44001904, 0x27042204, 0x2e042100, 0x2c003504, 
    0x41043a04, 0x4a044900, 0x3e004b04, 0x4d044c04, 0x4e222982, 0x29824f04, 0x51045022, 0x52222982, 0x29825304, 0x55045422, 0x56222982, 0x29825704, 
    0x5f045822, 0x68222982, 0x23826f04, 0x7f047822, 0x88221182, 0x11828e04, 0x90048f28, 0x99040500, 0x17829d04, 0xab04a622, 0xac283b82, 0x1400ad04, 
    0xb604b304, 0xb7283b82, 0x4800b804, 0xba04b904, 0xbd2e0b82, 0x0400be04, 0xbf04bf04, 0xc3041800, 0x4182c704, 0x04e72a08, 0x040500e7, 0x00e804e8, 
    0x04e90413, 0x000f00e9, 0x033c0002, 0x00b603b6, 0x03b80301, 0x030200b8, 0x00b903b9, 0x03ba0303, 0x08ff82ba, 0xbb03bb74, 0xbc030500, 0x0600bc03, 
    0xbd03bd03, 0xbe030700, 0x0800be03, 0xbf03bf03, 0xc0030900, 0x0a00c003, 0xc103c103, 0xc2030b00, 0x0c00c203, 0xc403c403, 0xc5030d00, 0x0e00c503, 
    0xc603c603, 0xc7030f00, 0x1100c703, 0xc803c803, 0xc9031000, 0x1200c903, 0xca03ca03, 0xcb031300, 0x1400cb03, 0xcc03cc03, 0xcd031500, 0x1600cd03, 
    0xce03ce03, 0xd8031700, 0x8982d803, 0xd903d922, 0xda227d82, 0x7782da03, 0xdd03db22, 0xde227182, 0x5982de03, 0xe103df22, 0xe2223b82, 0x2982e203, 
    0xed03e622, 0xf6222982, 0xe182fb03, 0x09040234, 0x12040600, 0x08001904, 0x27042204, 0x2e040d00, 0xe1823504, 0x41043a2e, 0x4a041700, 0x01004b04, 
    0x4d044c04, 0x4e222982, 0x29824f04, 0x51045022, 0x52222982, 0x29825304, 0x55045422, 0x56222982, 0x29825704, 0x5f045822, 0x60222982, 0x1d826704, 
    0x6f046822, 0x70222982, 0x0b827704, 0x7f047822, 0x80221d82, 0x0b828704, 0x8e048822, 0x93222382, 0x0b829304, 0x9d049922, 0xa2222382, 0x0b82a204, 
    0xab04a622, 0xb3220582, 0x4d82b604, 0xb804b728, 0xb9040f00, 0x0b82ba04, 0xc704c322, 0xcc2a3b82, 0x0800cc04, 0x50000200, 0x01820400, 0x05002222, 
    0x0b220182, 0x01820a00, 0x83000b21, 0x53102001, 0x04220ad5, 0x01820f00, 0x10001522, 0x20220182, 0x01821100, 0x12001522, 0x19280182, 0x1e001d00, 
    0x22002300, 0x09200182, 0x23240782, 0x3e002600, 0x24220182, 0x01824000, 0x5e000622, 0x11200182, 0x220abf46, 0x82650016, 0x00162201, 0x22018266, 
    0x826c0015, 0x00122201, 0x2201826e, 0x826f0013, 0x000a2201, 0x22018270, 0x82710013, 0x000a2801, 0x00740073, 0x82860020, 0x12a00801, 0x5e015e01, 
    0xd6010a00, 0x0300d601, 0xda01da01, 0xdc010100, 0x0200dc01, 0xb603b603, 0xb7032700, 0x2100b703, 0xb803b803, 0xb9031a00, 0x1c00b903, 0xba03ba03, 
    0xbb032c00, 0x1d00bb03, 0xbc03bc03, 0xbd032a00, 0x2800bd03, 0xc003c003, 0xc1030c00, 0x2b00c103, 0xc203c203, 0xc3030700, 0x2900c303, 0xc403c403, 
    0xc6031400, 0x1e00c603, 0xc703c703, 0xc8031800, 0x1700c803, 0xc903c903, 0xca031b00, 0x2500ca03, 0xcb03cb03, 0xcc030e00, 0x0d00cc03, 0xcd03cd03, 
    0xce030f00, 0x1f00ce03, 0xd803d803, 0xd9228382, 0x7182d903, 0xda03da22, 0xde226b82, 0x4d82de03, 0xe103df22, 0xe2223582, 0x2382e203, 0xed03e622, 
    0xff612382, 0x2a280809, 0x27042204, 0x2e041400, 0x25003504, 0x41043a04, 0x4a041f00, 0x27004b04, 0x4d044c04, 0x4e042c00, 0x2a004f04, 0x53045204, 
    0x54222382, 0x23825504, 0x57045622, 0x58222382, 0x23825f04, 0x6f046822, 0x78221d82, 0x11827f04, 0x8e048822, 0x99221182, 0x11829d04, 0xb604b322, 
    0xb7282982, 0x1e00b804, 0xba04b904, 0xc3280b82, 0x1f00c704, 0x62000200, 0x08e99148, 0x02c0022d, 0x022200c1, 0x00c202c2, 0x02c3021e, 0x022000c3, 
    0x00c402c4, 0x02c6022c, 0x022900c7, 0x00cc02cc, 0x02cd0226, 0x022500cd, 0x82cf02cf, 0x02d02811, 0x021d00d0, 0x82d102d1, 0x02d2282f, 0x021f00d2, 
    0x82d302d3, 0x02d42835, 0x022100d4, 0x82d502d5, 0x02d62e4d, 0x022300d6, 0x00d702d7, 0x02d80224, 0x223b82d9, 0x82da02da, 0x02db2e47, 0x022700db, 
    0x00dc02dc, 0x02dd0228, 0x284d82dd, 0x00de02de, 0x02df022a, 0x280b82df, 0x00e002e0, 0x02e1022b, 0x287d82e1, 0x00e202e2, 0x02e8022d, 0x221782e8, 
    0x82eb02eb, 0x02ee2e05, 0x032a00ee, 0x00210321, 0x0323031e, 0x280b8223, 0x002d032d, 0x032f0320, 0x2205822f, 0x82310331, 0x03333417, 0x03230033, 
    0x00350335, 0x03370324, 0x03260037, 0x82390339, 0x033b2205, 0x2205823b, 0x823d033d, 0x03412e05, 0x032d0041, 0x00470347, 0x0349032c, 0x280b8249, 
    0x005d035d, 0x035e0329, 0x283b825e, 0x00620362, 0x036c0327, 0x2811826c, 0x006d036d, 0x036f031d, 0x2805826f, 0x00730373, 0x03790322, 0x22238279, 
    0x827b037b, 0x037f2e5f, 0x0325007f, 0x00810381, 0x03830325, 0x228f8283, 0x82850385, 0x03872205, 0x22058287, 0x82930393, 0x03952a95, 0x00290095, 
    0x00f20002, 0x22018204, 0x8205004c, 0x002c2201, 0x2201820a, 0x820b002c, 0x00272201, 0x2201820c, 0x820d004d, 0x00212201, 0x2201820f, 0x82100028, 
    0x00492201, 0x22018211, 0x82120028, 0x002d2801, 0x001e001d, 0x8222004e, 0x004f2201, 0x22018223, 0x823e0022, 0x00502201, 0x22018240, 0x825e0025, 
    0x00232201, 0x22018260, 0x82630024, 0x002b2201, 0x22018265, 0x8266002b, 0x00282201, 0x2201826c, 0x826e0026, 0x00292201, 0x2201826f, 0x8270002a, 
    0x00292201, 0x28018271, 0x0073002a, 0x00490074, 0x22018278, 0x82860053, 0x00262201, 0x08018296, 0x5e015346, 0x2a005e01, 0xd301d301, 0xd4014500, 
    0x4300d401, 0xd501d501, 0xd6016700, 0x4800d601, 0xd701d701, 0xd9014200, 0x4600d901, 0xda01da01, 0xdb014700, 0x6800db01, 0xdc01dc01, 0xdd015100, 
    0x4400dd01, 0xe001df01, 0xe1282f82, 0x6600e101, 0xe301e301, 0x38081182, 0x00e401e4, 0x02c00266, 0x021e00c1, 0x00c202c2, 0x02c30203, 0x021d00c3, 
    0x00c402c4, 0x02c50202, 0x020a00c5, 0x00c702c6, 0x02c8021b, 0x021500c8, 0x00c902c9, 0x02ca0214, 0x221182ca, 0x82cb02cb, 0xcc26082f, 0x2000cc02, 
    0xcd02cd02, 0xce021f00, 0x0f00ce02, 0xd002d002, 0xd1020b00, 0x1600d102, 0xd202d202, 0xd3021700, 0x5382d302, 0xd402d428, 0xd5020600, 0x6b82d502, 
    0xd602d62e, 0xd7020d00, 0x0e00d702, 0xd902d802, 0xda223b82, 0x4782da02, 0xdb02db22, 0xdc285f82, 0x1a00dc02, 0xdd02dd02, 0xde286582, 0x0100de02, 
    0xe002df02, 0xe1220b82, 0x9582e102, 0xe202e222, 0xe3227782, 0x6b82e302, 0xe402e434, 0xe5020400, 0x0c00e502, 0xe702e702, 0xe8021000, 0x2982e902, 
    0xea02ea22, 0xeb222382, 0x0b82ec02, 0xed02ed28, 0xee021100, 0x0b82ee02, 0x02ef5008, 0x021200ef, 0x00f002f0, 0x02f10256, 0x023b00f1, 0x00f202f2, 
    0x02f30257, 0x025b00f3, 0x00f402f4, 0x02f50235, 0x022e00f5, 0x00f602f6, 0x02f70236, 0x024a00f7, 0x00f902f8, 0x02fa0258, 0x025900fa, 0x00fb02fb, 
    0x02fc0237, 0x025a00fc, 0x82fd02fd, 0x02fe3d35, 0x022f00fe, 0x00ff02ff, 0x0300035c, 0x035d0000, 0x00010301, 0x03020330, 0x033c0002, 0x2f080082, 
    0x04033100, 0x32000403, 0x05030503, 0x06033300, 0x5b000603, 0x07030703, 0x08033d00, 0x5e000803, 0x09030903, 0x0a035f00, 0x3e000a03, 0x0c030b03, 
    0x20081d82, 0x000d030d, 0x030e0338, 0x0360000e, 0x000f030f, 0x03100339, 0x032e0011, 0x00120312, 0x03130354, 0x08238213, 0x14031420, 0x15036100, 
    0x3a001503, 0x17031603, 0x18036900, 0x52001803, 0x19031903, 0x1a033700, 0x23821a03, 0x1b031b34, 0x1c035500, 0x59001c03, 0x1d031d03, 0x1e035800, 
    0x8f821e03, 0x031f2c08, 0x0362001f, 0x00200320, 0x0321033b, 0x03030021, 0x00220322, 0x0323033f, 0x03010023, 0x00240324, 0x0325032f, 0x030f0025, 
    0x82260326, 0x0328222f, 0x283b8228, 0x002a032a, 0x032c034b, 0x28e3822c, 0x002d032d, 0x032e031d, 0x2265822e, 0x822f032f, 0x0330220b, 0x280b8230, 
    0x00310331, 0x0332031b, 0x080b8232, 0x33033320, 0x34030d00, 0x36003403, 0x35033503, 0x36030e00, 0x4a003603, 0x37033703, 0x38032000, 0x95823803, 
    0x39033922, 0x3a220b82, 0x0b823a03, 0x3b033b22, 0x3c220b82, 0x0b823c03, 0x3d033d22, 0x3e220b82, 0x0b823e03, 0x3f033f22, 0x40225382, 0x53824003, 
    0x41034122, 0x42220b82, 0x0b824203, 0x43034322, 0x44220b82, 0x0b824403, 0x4503453a, 0x46030700, 0x63004603, 0x47034703, 0x48030200, 0x30004803, 
    0x49034903, 0x4a34dd82, 0x3c004a03, 0x4b034b03, 0x4c030500, 0x34004c03, 0x4d034d03, 0x4e220b82, 0x0b824e03, 0x4f034f2e, 0x50030c00, 0x33005003, 
    0x51035103, 0x52222f82, 0x2f825203, 0x5303532e, 0x54031000, 0x3d005403, 0x55035503, 0x56220b82, 0x0b825603, 0x57035734, 0x59031c00, 0x08005903, 
    0x5a035a03, 0x5b034000, 0x0b825b03, 0x5c035c22, 0x5d220b82, 0x95825d03, 0x5e035e22, 0x5f22fb82, 0xfb825f03, 0x60036028, 0x61031900, 0xa7826103, 
    0x6203622e, 0x63031400, 0x37006303, 0x64036403, 0x65222982, 0x17826503, 0x66036622, 0x67220b82, 0x0b826703, 0x68036822, 0x69226b82, 0x6b826903, 
    0x6b036b28, 0x6c035a00, 0x1d826c03, 0x6d036d2e, 0x6e030b00, 0x56006e03, 0x6f036f03, 0x70220b82, 0x0b827003, 0x03712608, 0x03180071, 0x00720372, 
    0x03730364, 0x031e0073, 0x00740374, 0x0375032e, 0x03090075, 0x00760376, 0x03770365, 0x220b8277, 0x82780378, 0x0379220b, 0x229b8279, 0x827a037a, 
    0x7b26089b, 0x0e007b03, 0x7c037c03, 0x7d034a00, 0x13007d03, 0x7e037e03, 0x7f034100, 0x1f007f03, 0x80038003, 0x81035800, 0x0b828103, 0x82038222, 
    0x832e0b82, 0x01008303, 0x84038403, 0x85032f00, 0x0b828503, 0x86038622, 0x87220b82, 0x0b828703, 0x88038822, 0x89280b82, 0x11008903, 0x8a038a03, 
    0x8b2e5382, 0x0f008b03, 0x8c038c03, 0x8d033100, 0x0b828d03, 0x8e038e22, 0x8f220b82, 0x0b828f03, 0x90039022, 0x91220b82, 0xef829103, 0x92039222, 
    0x932eef82, 0x1d009303, 0x94039403, 0x95035b00, 0xf5829503, 0x9603962d, 0x01005b00, 0xd000c502, 0x83000900, 0x000a2200, 0x20018206, 0x210a830b, 
    0x05840100, 0x012804a3, 0x03000200, 0x05000400, 0x04222c82, 0x05820600, 0x07000622, 0x08200582, 0x550aab55, 0x148205a9, 0x831d0021, 0x20038204, 
    0x1903821e, 0x820df953, 0x25002310, 0x06822600, 0x52002621, 0x1a220541, 0x0d821a00, 0x03821820, 0x26200287, 0x43831f84, 0x12822220, 0x03821620, 
    0x1e220283, 0x7b841400, 0x06002522, 0x1f201f84, 0x39873586, 0x0f821b20, 0x03821c20, 0x038c1d20, 0x6d820420, 0x18000022, 0x00223382, 0x19820c00, 
    0x20000022, 0x21220582, 0x05820d00, 0x03230383, 0x83002400, 0x20038323, 0x20138205, 0x2003820e, 0x8203860f, 0x1b002306, 0x06831000, 0x0a204582, 
    0x25870782, 0x00205585, 0x0383fb82, 0x19821120, 0xc5820020, 0x07821220, 0x00200383, 0x00233582, 0x56001c00, 0x00210bd5, 0x09056800, 0x1b820720, 
    0x22000123, 0x83038700, 0x82002077, 0x000224a3, 0x820400cd, 0x004d2201, 0x22018205, 0x820a0036, 0x00362201, 0x2001820b, 0x24bb822f, 0x0030000c, 
    0x2201820d, 0x820f0057, 0x82312001, 0x00102497, 0x8211002e, 0x00312201, 0x22018212, 0x821d0037, 0x822b2063, 0x00222457, 0x82230032, 0x00282201, 
    0x2201823e, 0x8240004c, 0x002a2201, 0x2201825e, 0x82600029, 0x004b2201, 0x22018263, 0x82650035, 0x00352201, 0x22018266, 0x826c0031, 0x002c2201, 
    0x2201826e, 0x826f0033, 0x00342201, 0x22018270, 0x82710033, 0x00342401, 0x82740073, 0x0078266b, 0x002d0078, 0x22018286, 0x8296002c, 0x2d430801, 
    0x5e015e01, 0xd3013400, 0x4a00d301, 0xd401d401, 0xd5014800, 0x1d00d501, 0xd601d601, 0xd7011e00, 0x4900d701, 0xd801d801, 0xd9015500, 0x1a00d901, 
    0xda01da01, 0xdb011f00, 0x2000db01, 0xdc01dc01, 0x52015600, 0x1d21095b, 0x105b5201, 0xc2022108, 0x2500c202, 0xc402c402, 0xc5022400, 0x6100c502, 
    0xc802c802, 0xc9021900, 0x1700c902, 0xcb02cb02, 0x20081d82, 0x00ce02ce, 0x02d00214, 0x022100d0, 0x00d402d4, 0x02d60216, 0x024700d6, 0x00d702d7, 
    0x02db0253, 0x2e2982db, 0x00dc02dc, 0x02de0222, 0x022300de, 0x82e102e1, 0x02e2224d, 0x223b82e2, 0x82e302e3, 0x02e4343b, 0x022600e4, 0x00e502e5, 
    0x02e70227, 0x025d00e7, 0x82ea02ea, 0x02ed301d, 0x021500ed, 0x00ef02ef, 0x02f00260, 0x463a00f0, 0x3a080af5, 0x02f3023c, 0x020100f3, 0x00f402f4, 
    0x02f5023d, 0x023e00f5, 0x00f602f6, 0x02f7024e, 0x024f00f7, 0x00f902f8, 0x02fa023f, 0x024000fa, 0x00fb02fb, 0x02fc0241, 0x024200fc, 0x82fd02fd, 
    0x02fe3c35, 0x024300fe, 0x00ff02ff, 0x03000302, 0x03440000, 0x00010301, 0x03020345, 0x83030002, 0x002f0800, 0x03040358, 0x03460004, 0x00050305, 
    0x03060359, 0x03010006, 0x00070307, 0x03080304, 0x03050008, 0x00090309, 0x030a0306, 0x0307000a, 0x820c030b, 0x0d20081d, 0x08000d03, 0x0e030e03, 
    0x0f030900, 0x0a000f03, 0x11031003, 0x12033e00, 0x38001203, 0x13031303, 0x20082382, 0x00140314, 0x0315030b, 0x030c0015, 0x00170316, 0x03180350, 
    0x03510018, 0x00190319, 0x031a0341, 0x3423821a, 0x001b031b, 0x031c0339, 0x0340001c, 0x001d031d, 0x031e033f, 0x248f821e, 0x001f031f, 0x0af5460d, 
    0x2203253c, 0x5c002203, 0x23032303, 0x24032300, 0x43002403, 0x25032503, 0x26031400, 0x2f822603, 0x28032822, 0x2a283b82, 0x0e002a03, 0x2c032c03, 
    0x2e22e382, 0x5f822e03, 0x30033022, 0x32220582, 0x05823203, 0x3303333a, 0x34034700, 0x4e003403, 0x35033503, 0x36035300, 0x4f003603, 0x38033803, 
    0x3a227d82, 0x05823a03, 0x3c033c22, 0x3e220582, 0x05823e03, 0x40034022, 0x42223582, 0x05824203, 0x44034422, 0x32080582, 0x00450345, 0x03460318, 
    0x030f0046, 0x00470347, 0x03480324, 0x03450048, 0x00490349, 0x034a0325, 0x0303004a, 0x004b034b, 0x034c035a, 0x035b004c, 0x824d034d, 0x034e220b, 
    0x2e0b824e, 0x004f034f, 0x03500327, 0x03590050, 0x82510351, 0x0352222f, 0x2e2f8252, 0x00530353, 0x0354035d, 0x03040054, 0x82550355, 0x0356220b, 
    0x340b8256, 0x00580358, 0x03590352, 0x035f0059, 0x005a035a, 0x035b0310, 0x220b825b, 0x825c035c, 0x035e220b, 0x22cb825e, 0x825f035f, 0x036122cb, 
    0x2e9b8261, 0x00620362, 0x03630317, 0x03410063, 0x82650365, 0x03672211, 0x22058267, 0x82680368, 0x03692253, 0x34538269, 0x006b036b, 0x036d0342, 
    0x0321006d, 0x006e036e, 0x036f033a, 0x220b826f, 0x82700370, 0x03723a0b, 0x03110072, 0x00740374, 0x0375033e, 0x035e0075, 0x00760376, 0x03770312, 
    0x220b8277, 0x82780378, 0x0379220b, 0x22778279, 0x827a037a, 0x7b200877, 0x53007b03, 0x7c037c03, 0x7d034f00, 0x54007d03, 0x7e037e03, 0x80031300, 
    0x3f008003, 0x82038203, 0x832e0582, 0x23008303, 0x84038403, 0x85034300, 0x0b828503, 0x86038622, 0x87220b82, 0x0b828703, 0x88038822, 0x89280b82, 
    0x15008903, 0x8a038a03, 0x8b2e4782, 0x14008b03, 0x8c038c03, 0x8d035800, 0x0b828d03, 0x8e038e22, 0x8f220b82, 0x0b828f03, 0x90039022, 0x91220b82, 
    0xd1829103, 0x92039222, 0x9422d182, 0xe3829403, 0x96039626, 0x02000100, 0x0e224582, 0x0f820e03, 0x1203122e, 0x14030200, 0x03001403, 0x15031503, 
    0x2c082782, 0x001b031b, 0x03220305, 0x03060022, 0x00260326, 0x03320307, 0x03080032, 0x00440344, 0x03460309, 0x030a0046, 0x004c034c, 0x034e030b, 
    0x2e05824e, 0x00580358, 0x035a030c, 0x030d005a, 0x825c035c, 0x03613a05, 0x030e0061, 0x00650365, 0x0372030f, 0x03100072, 0x00760376, 0x03780311, 
    0x20058278, 0x82f9827e, 0x51002373, 0x01820500, 0x64000e21, 0x142209ad, 0x01820c00, 0x0d000a22, 0x07220182, 0x01820f00, 0x10000322, 0x11260184, 
    0x03001100, 0x01821200, 0x1d000f28, 0x04001e00, 0x01822200, 0x23000b22, 0x15220182, 0x01823e00, 0x40001622, 0x09220182, 0x01825e00, 0x60001d22, 
    0x08220182, 0x01826300, 0x65002922, 0x29220182, 0x01826600, 0x6c000322, 0x1e220182, 0x01826e00, 0x6f000c22, 0x0d220182, 0x01827000, 0x71000c22, 
    0x0d240182, 0x74007300, 0x78266d82, 0x26007800, 0x01828600, 0x96001e22, 0x3d080182, 0x015e0126, 0x020d005e, 0x00f102f1, 0x02f40212, 0x022700f4, 
    0x00f502f5, 0x02f60217, 0x021100f6, 0x00f702f7, 0x02fb0201, 0x022800fb, 0x00fe02fe, 0x03010318, 0x03190001, 0x00020302, 0x0082031f, 0x05003b08, 
    0x04030403, 0x05031a00, 0x06000503, 0x07030703, 0x0a032300, 0x20000a03, 0x0d030d03, 0x10030200, 0x17001103, 0x12031203, 0x14031300, 0x1b001403, 
    0x19031903, 0x1e032800, 0x3b821e03, 0x20032028, 0x24031200, 0x59822403, 0x26032622, 0x2a3a1182, 0x24002a03, 0x34033403, 0x36031100, 0x01003603, 
    0x46034603, 0x48031c00, 0x77824803, 0x4a034a22, 0x4c287782, 0x21004c03, 0x4e034e03, 0x50220582, 0x77825003, 0x52035222, 0x54221782, 0x7d825403, 
    0x56035622, 0x5a280582, 0x25005a03, 0x5c035c03, 0x5f220582, 0x4d825f03, 0x63036322, 0x69227782, 0x1d826903, 0x74037422, 0x7a229582, 0x17827a03, 
    0x7c037c22, 0x7e286582, 0x22007e03, 0x84038403, 0x86228982, 0x05828603, 0x88038822, 0x8a220582, 0x1d828a03, 0x8c038c22, 0x8e229b82, 0x05828e03, 
    0x90039022, 0x92280582, 0x23009203, 0x01000000, 0x0a240382, 0x5a078401, 0x0cfb2f19, 0x6c922208, 0x006e7461, 0x001600b4, 0x52474203, 0x4d300020, 
    0x0020444b, 0x4252534a, 0x00640020, 0x00ffff00, 0x3037820a, 0x00140009, 0x002d001f, 0x00460039, 0x005e0053, 0x20198669, 0x2e1d8201, 0x00270015, 
    0x003a002e, 0x00540047, 0x866a005f, 0x00022219, 0x2c53820b, 0x002f0028, 0x0048003b, 0x00600055, 0x3419866b, 0x000c0003, 0x00290017, 0x003c0030, 
    0x00560049, 0x006c0061, 0x83638204, 0x820c206b, 0x0d360809, 0x20001800, 0x3d003100, 0x4a004400, 0x57005100, 0x6d006200, 0x05002200, 0x20455a41, 
    0x52434200, 0x5e002054, 0x204c4f4d, 0x4f527a00, 0x9200204d, 0x204b5254, 0x5d84aa00, 0x05000d3a, 0x19000e00, 0x32002100, 0x3e003800, 0x4b004500, 
    0x58005200, 0x6e006300, 0x0b261f84, 0x0f000600, 0x4d821a00, 0x33002a28, 0x4c003f00, 0xe5825900, 0x1b866f20, 0x10000734, 0x23001b00, 0x34002b00, 
    0x4d004000, 0x65005a00, 0x1b847000, 0x11000932, 0x24001c00, 0x41003500, 0x5b004e00, 0x71006600, 0x12301786, 0x25001d00, 0x42003600, 0x5c004f00, 
    0x72006700, 0x0b3e1784, 0x13000800, 0x26001e00, 0x37002c00, 0x50004300, 0x68005d00, 0x74007300, 0x65736163, 0x0584ba02, 0x0584c220, 0x0584ca20, 
    0x0584d220, 0x0584da20, 0x0584e220, 0x0584ea20, 0x0584f220, 0x6e64fa26, 0x02036d6f, 0x08200584, 0x0e200584, 0x14200584, 0x1a200584, 0x20200584, 
    0x26200584, 0x2c200584, 0x32200584, 0x38200584, 0x3e260584, 0x63617266, 0x05844403, 0x05845020, 0x05845c20, 0x05846820, 0x05847420, 0x05848020, 
    0x05848c20, 0x05849820, 0x0584a420, 0x0584b020, 0x696cbc26, 0xc8036167, 0xce200584, 0xd4200584, 0xda200584, 0xe0200584, 0xe6200584, 0xec200584, 
    0xf2260584, 0x6c636f6c, 0x0584f803, 0x0583fe20, 0x84040421, 0x840a2005, 0x84102005, 0x6e162605, 0x04726d75, 0x2005841c, 0x20058422, 0x20058428, 
    0x2005842e, 0x20058434, 0x2005843a, 0x20058440, 0x20058446, 0x2005844c, 0x27058452, 0x64726f58, 0x705e046e, 0x04210c82, 0x20058464, 0x2005846a, 
    0x20058470, 0x20058476, 0x2005847c, 0x20058482, 0x20058488, 0x2005848e, 0x20058494, 0x2605849a, 0x6c6173a0, 0x84a60474, 0x73b02605, 0x04666e69, 
    0x200584ba, 0x200584c0, 0x200584c6, 0x200584cc, 0x200584d2, 0x200584d8, 0x200584de, 0x200584e4, 0x200584ea, 0x260584f0, 0x307373f6, 0x83fc0431, 
    0x06052705, 0x73627573, 0x05841005, 0x05841620, 0x05841c20, 0x05842220, 0x05842820, 0x05842e20, 0x05843420, 0x05843a20, 0x05844020, 0x05844620, 
    0x75734c26, 0x52057370, 0x58200584, 0x5e200584, 0x64200584, 0x6a200584, 0x70200584, 0x76200584, 0x7c200584, 0x82200584, 0x88200584, 0x8e260584, 
    0x6d756e74, 0x05849405, 0x05849a20, 0x0584a020, 0x0584a620, 0x0584ac20, 0x0584b220, 0x0584b820, 0x0584be20, 0x0584c420, 0x0584ca20, 0x0000d028, 
    0x12000200, 0x07c21300, 0x0a000122, 0x05bb4582, 0x0e000428, 0x10000f00, 0x47821100, 0x01220bf7, 0xc5841600, 0x05841520, 0x05a21420, 0x23840320, 
    0x05840420, 0x05840520, 0x00270482, 0x00020001, 0x82010000, 0x20058301, 0xbb0b8408, 0x84092005, 0xbe062041, 0x00032105, 0x2105c369, 0x09890000, 
    0x0d000122, 0x05b95584, 0x0c205595, 0x05bb5584, 0x41840b20, 0x072005bb, 0x05b74184, 0x001b3608, 0x00400038, 0x00500048, 0x00600058, 0x00700068, 
    0x00800078, 0x00900088, 0x00a00098, 0x00b000a8, 0x00c000b8, 0x00d000c8, 0x00e000d8, 0x00f000e8, 0x010001f8, 0x06f34108, 0x0786d820, 0x0786d620, 
    0x0786d420, 0x0786d220, 0x0786d020, 0x0786ce20, 0x0786cc20, 0x0786ca20, 0x0785c820, 0x862a0121, 0x862c2007, 0x868e2007, 0x85f02007, 0x52022107, 
    0xb4220786, 0xed830400, 0x85b60221, 0x6c29230f, 0x0f830600, 0x5f862920, 0x8f862920, 0x85002a21, 0xfc2a2127, 0x2b210785, 0x2007862a, 0x21378558, 
    0x0786862b, 0x07869620, 0x0786a620, 0x2b275782, 0x00c100c8, 0x84c22b01, 0x86bc2005, 0x822f2005, 0x00b62111, 0xb0200583, 0x01210585, 0x3311829e, 
    0x0062feb4, 0x00b82b02, 0x006f0132, 0x008d0094, 0x0170018e, 0x09ad6219, 0x698213ce, 0x02006426, 0x95008500, 0x62200982, 0x76227382, 0x63197701, 
    0x01210d09, 0x2c0f847f, 0x01760177, 0x017b017a, 0x017d017c, 0x9313827e, 0x8213a627, 0x821a2069, 0x19bb2069, 0x2212bf62, 0x82be01bd, 0x19bb2015, 
    0x930cd362, 0x2313a627, 0xd82a0200, 0xc5216982, 0x15631901, 0x01c72211, 0x221582c8, 0x19c901c5, 0x930a2963, 0x8213a627, 0xe86e2069, 0x266c0869, 
    0x6e010200, 0x01006e01, 0x3000242a, 0x48026600, 0x2c043a03, 0xd405e204, 0x8c061206, 0xbc07ca06, 0x900aae08, 0x380c460b, 0xf00c760c, 0x100f2e0d, 
    0xf4100210, 0x9c12aa11, 0x5413da12, 0x74159213, 0x58176616, 0x00190e18, 0xb8193e19, 0xd81bf619, 0xbc1dca1c, 0x641f721e, 0x1c20a21f, 0x3c225a20, 
    0x20242e23, 0xc825d624, 0x80260626, 0x62086182, 0x006a0062, 0x007a0072, 0x008a0082, 0x009a0092, 0x00aa00a2, 0x00ba00b2, 0x00ca00c2, 0x00da00d2, 
    0x00ea00e2, 0x01fa00f2, 0x010a0102, 0x011a0112, 0x012a0122, 0x013a0132, 0x014a0142, 0x015a0152, 0x016a0162, 0x017a0172, 0x018a0182, 0x019a0192, 
    0x01aa01a2, 0x01ba01b2, 0x01ca01c2, 0x00da01d2, 0x82030098, 0x011522cd, 0x22078482, 0x84970016, 0x01172207, 0x22078488, 0x848c0118, 0x01192207, 
    0x2207848e, 0x8484011a, 0x011b2207, 0x20078494, 0x203f861c, 0x203f868d, 0x213f858e, 0x3f857001, 0x85710121, 0x8481823f, 0x7301213f, 0x01213f85, 
    0x213f8574, 0x3f857501, 0x85780121, 0x7901213f, 0x7a203f86, 0x7b203f86, 0x7c203f86, 0x01217f85, 0x203f867d, 0x203f867e, 0x203f867f, 0x203f86b3, 
    0x203f86b4, 0x203f86b5, 0x203f86b6, 0x203f86b7, 0x203f86b8, 0x203f86b9, 0x203f86ba, 0x203f86bd, 0x203f86be, 0x203f86bf, 0x203f86c0, 0x203f86c1, 
    0x203f86c2, 0x203f86c3, 0x203f86c4, 0x203f86c7, 0x203f86c8, 0x203f86c9, 0x203f86ca, 0x203f86cb, 0x203f86cc, 0x2f3f86cd, 0x001800ce, 0x003a0032, 
    0x004a0042, 0x005a0052, 0x2922ed41, 0x03008301, 0x16006e01, 0x07848901, 0x8f011822, 0x1a220784, 0x07849501, 0x1f861c20, 0x1f858e20, 0x85710121, 
    0x7301211f, 0x01211f85, 0x211f8575, 0x1f867901, 0x1f867b20, 0x1f867d20, 0x1f867f20, 0x1f86b420, 0x1f86b620, 0x1f86b820, 0x1f86ba20, 0x1f86be20, 
    0x1f86c020, 0x1f86c220, 0x1f86c420, 0x1f86c820, 0x1f86ca20, 0x1f86cc20, 0x0021f1b2, 0x22d98499, 0x848a0117, 0x01182207, 0x22078490, 0x8485011a, 
    0x851b2007, 0x7001211f, 0xf1821f85, 0xf1821f84, 0x01211f84, 0x201f8674, 0x201f867a, 0x213f857b, 0x3f857d01, 0x867e0121, 0x86b5201f, 0x86b6201f, 
    0x86b8201f, 0x86b9201f, 0x86bf201f, 0x86c0201f, 0x86c2201f, 0x86c3201f, 0x86c9201f, 0x86ca201f, 0x86cc201f, 0xcd28081f, 0x26001200, 0x36002e00, 
    0x46003e00, 0x56004e00, 0x66005e00, 0x76006e00, 0x86007e00, 0x96008e00, 0xa6009e00, 0x8b01ae00, 0x1822cd84, 0x07849101, 0x96011a22, 0x1c200784, 
    0xd5821785, 0xd5821784, 0x01211784, 0x20178675, 0x822f857b, 0x201785cd, 0x2017867f, 0x201786b6, 0x214785b8, 0x1786ba01, 0x1786c020, 0x1786c220, 
    0x1786c420, 0x1786ca20, 0x1786cc20, 0x2132a741, 0xb1848d01, 0x92011922, 0x1a220784, 0x07848601, 0x44011b21, 0x1c200553, 0x01211f85, 0x821f8572, 
    0x211f84c9, 0x1f857401, 0x3f84d182, 0x867c0121, 0x857d201f, 0x7e01213f, 0x7f201f86, 0xb7203f86, 0xb8201f86, 0xb9201f86, 0xba201f86, 0xc1201f86, 
    0xc2201f86, 0xc3201f86, 0xc4201f86, 0xcb201f86, 0xcc201f86, 0xcd201f86, 0xce281f86, 0x0e000600, 0x1e001600, 0x2105ad41, 0xbd849301, 0x07851a20, 
    0x0f84ad82, 0x867d0121, 0x86b8200f, 0x86c22007, 0x00cc2207, 0x06c94f0c, 0x2110cf43, 0x49848701, 0x45011b21, 0x1c20056b, 0xf7820f85, 0xf7820f84, 
    0xe7821f84, 0x7f200f85, 0xb9201f86, 0x01212f85, 0x200f86ba, 0x200f86c3, 0x200f86c4, 0x8f0f86cd, 0x849920b7, 0x011c216d, 0x5d820784, 0x7f200785, 
    0xba200f86, 0xc4200786, 0xe7410786, 0x81041033, 0x3020b101, 0x10235946, 0xbc014708, 0x02630610, 0x7f04109d, 0x0c10e101, 0x108104c7, 0x2b136306, 
    0xd4020222, 0x2466e368, 0x03010003, 0x24038230, 0x0000004c, 0x26038201, 0x0302001a, 0x18150050, 0x2416c964, 0x01df01de, 0x118b19e0, 0x36002309, 
    0x2f822d00, 0x7f004e29, 0x25002400, 0x19002600, 0x082d898e, 0x6d006bb2, 0x9c009b00, 0x9e009d00, 0xa0009f00, 0xa200a100, 0xa400a300, 0xa600a500, 
    0xa800a700, 0xaa00a900, 0xac00ab00, 0xae00ad00, 0xb000af00, 0xb300b100, 0xb500b400, 0xb700b600, 0xb900b800, 0xdb007a00, 0xdf00dd00, 0xe300e100, 
    0xe700e500, 0xeb00e900, 0xef00ed00, 0xf300f100, 0xf700f500, 0xfb00f900, 0xff00fd00, 0x03010101, 0x07010501, 0x0b010901, 0x10010e01, 0x14011201, 
    0x18011601, 0x1c011a01, 0x20011e01, 0x24012201, 0x28012601, 0x2c012a01, 0x30012e01, 0x34013201, 0x38013601, 0x3c013a01, 0x40013e01, 0x44014201, 
    0x48014601, 0x4c014a01, 0x0a176818, 0x6b185920, 0x003d0903, 0x004c0301, 0x00080001, 0x000c0005, 0x001c0014, 0x01280022, 0x000300af, 0x014c0049, 
    0x280784b0, 0x00aa014f, 0x01490002, 0x220582ac, 0x82ae014c, 0x824f2005, 0xb3162035, 0xe0022135, 0x022535b2, 0x0900b002, 0xeb861904, 0x00e7240f, 
    0x82a80202, 0x396b1817, 0xe804210e, 0xa0201782, 0x86191782, 0xe9260ffb, 0x1c010200, 0xf56a0a00, 0x22938213, 0x834c0001, 0xf1022105, 0x012edd82, 
    0x1c001300, 0x02000000, 0xb1010100, 0x0984ba01, 0x13850320, 0x01760123, 0x2443827f, 0x00ce01b1, 0x282f8214, 0x00440002, 0x00020052, 0x271d8505, 
    0x8e008d00, 0x94000a00, 0x0c270182, 0x75016f01, 0x85010d00, 0x00022229, 0x20219406, 0x2421847f, 0x011e00ba, 0x205182c5, 0x85499828, 0x00c42227, 
    0x2273841e, 0x82a00112, 0x82082029, 0x821b2081, 0x2073839b, 0x3d738408, 0x0170010a, 0x010b0074, 0x007e0177, 0x01b20110, 0x011800b9, 0x00c301bc, 
    0x01c60120, 0x5d8300cd, 0x9700042c, 0x00009900, 0x6e016e01, 0xcb840300, 0x8201042a, 0x0e009901, 0x03000200, 0x0020bd84, 0x02204984, 0x0320bd84, 
    0x2a086d82, 0x000b0015, 0x0010000c, 0x00230012, 0x003f003e, 0x005e0040, 0x006c0060, 0x00730072, 0x00780074, 0x0086007c, 0x019a0096, 0x825d0158, 
    0x197f202d, 0x08349591, 0x790077c9, 0xbc00bb00, 0xbe00bd00, 0xc000bf00, 0xc200c100, 0xc400c300, 0xc600c500, 0xc800c700, 0xca00c900, 0xcc00cb00, 
    0xce00cd00, 0xd000cf00, 0xd300d100, 0xd500d400, 0xd700d600, 0xd900d800, 0xdc00da00, 0xe000de00, 0xe400e200, 0xe800e600, 0xec00ea00, 0xf000ee00, 
    0xf400f200, 0xf800f600, 0xfc00fa00, 0x0001fe00, 0x04010201, 0x08010601, 0x0d010a01, 0x11010f01, 0x15011301, 0x19011701, 0x1d011b01, 0x21011f01, 
    0x25012301, 0x29012701, 0x2d012b01, 0x31012f01, 0x35013301, 0x39013701, 0x3d013b01, 0x41013f01, 0x45014301, 0x49014701, 0x4d014b01, 0x51014f01, 
    0x55015301, 0x5a015701, 0x67015c01, 0x6b016901, 0x82006d01, 0x49003164, 0x02000200, 0x67046004, 0x93040000, 0x08009304, 0x70280f84, 0x00007704, 
    0xa204a204, 0x80220f86, 0x0f828704, 0xcc04cc22, 0x00200f82, 0x01213784, 0x22078300, 0x821a1900, 0x82142007, 0x08028203, 0x3012192e, 0x060e1982, 
    0x48862a09, 0x010df786, 0x82a00207, 0x8230ff18, 0x0102fb18, 0x300b3101, 0x2b050609, 0x1a02030e, 0x61300005, 0x062b0a06, 0x8221de82, 0x25e48237, 
    0x513053a0, 0x118a2c30, 0x1ea21c26, 0x3c001c80, 0x4f2c0184, 0x73006200, 0x6c006f00, 0x74006500, 0x3e210382, 0x21018200, 0x4c8a2130, 0x14042c08, 
    0x19b48e6f, 0xe98dfd06, 0x6306bf49, 0xe2997359, 0x87ad61ee, 0x821382a0, 0x56058230, 0x3e048230, 0x010203a0, 0x20020202, 0x880d3005, 0x0501219c, 
    0x81218682, 0x2c9684cf, 0x06045503, 0x53550213, 0x0e301031, 0x2d0c8206, 0x41071308, 0x6f7a6972, 0x1331616e, 0x11831130, 0x0a130730, 0x746f6353, 
    0x61647374, 0x2531656c, 0x14832330, 0x130a2208, 0x6174531c, 0x65696672, 0x5420646c, 0x6e686365, 0x676f6c6f, 0x2c736569, 0x636e4920, 0x303a312e, 
    0x37268338, 0x6831130b, 0x3a707474, 0x65632f2f, 0x66697472, 0x74616369, 0x732e7365, 0x74203a87, 0x2e333982, 0x2f6d6f63, 0x6f706572, 0x6f746973, 
    0x312f7972, 0x83343036, 0x1303223b, 0x2e62892d, 0x76726553, 0x73656369, 0x6f6f5220, 0x89432074, 0x4120364c, 0x6f687475, 0x79746972, 0x0d171e30, 
    0x35303131, 0x37303330, 0x20008230, 0x200e825a, 0x220e8a36, 0xdbc18130, 0x303322f1, 0x20f18531, 0x9ff18a2a, 0x302f22ea, 0x20ea852d, 0x28ea9226, 
    0x656d6954, 0x6d617473, 0x22e38a70, 0x41220182, 0x2d090bc8, 0x03000501, 0x000f0182, 0x0a018230, 0x01018202, 0x91b3f200, 0xd6d7baa5, 0x7df60d49, 
    0x902dc2d6, 0x60e9fbce, 0x15631a5a, 0x30b49c19, 0x78d49ba0, 0x3b4306ea, 0x28239ded, 0x325f2632, 0x8595e825, 0x804f3e0d, 0x9cb020b4, 0x513e5ea2, 
    0x2e93fa8f, 0xc6cab2bb, 0x5602113b, 0x418b2000, 0x2bb48429, 0xb0fb7935, 0x88f10769, 0xc0ad725d, 0x0e45cbe2, 0xb4c4af25, 0x65acd6c2, 0xe21a61b4, 
    0x0c122ddf, 0x19639776, 0xbb3c794c, 0xf566740c, 0x50591901, 0x5f9b0de2, 0x39fa2459, 0x89d3991f, 0xa6485570, 0xe00ba699, 0x2028a67b, 0x5dcb8ae5, 
    0x2850ad92, 0xcc2080ff, 0xbfd32f2a, 0x4aabb9f1, 0x7a973d5e, 0x15a10875, 0x5e5f0299, 0x40a7cced, 0x5d5581d6, 0xee2745e8, 0xf89dffbb, 0xf580c218, 
    0xb074ecb7, 0x3e3fc2ce, 0xc1eff733, 0x48d50b1c, 0x373265c9, 0xc9550b6d, 0x22cd4f55, 0xf19fbf1c, 0xab2b2f94, 0x7430a8a0, 0x8ae72c43, 0x220d204b, 
    0x517840ab, 0x010302cb, 0x82a30100, 0x82304601, 0x0c304201, 0x1d550306, 0xff010113, 0x00300204, 0x0d830e30, 0x0d830f20, 0x02030426, 0x1630c006, 
    0x25200f83, 0x0c2e0f83, 0x08060a30, 0x0501062b, 0x08030705, 0x17831d30, 0x16040e3a, 0x23ca1404, 0xb1b420a3, 0xba9f726b, 0x3e839a6f, 0xb1d8c90b, 
    0x1f30a7d8, 0x233c1e83, 0x16301804, 0xc6b41480, 0xcc431a7f, 0x2f5d759b, 0x8bf24bc4, 0xf1e91098, 0x3a301051, 0x01274b87, 0x302e0401, 0x872a302c, 
    0x0130230f, 0x1c421e86, 0x636f2306, 0x06437073, 0x39302112, 0x1f2c5c83, 0x30303204, 0x2ca02e30, 0x28862aa0, 0x63223086, 0x2f926c72, 0x73667327, 
    0x746f6f72, 0x211d822e, 0x3a835330, 0x4c042037, 0x48304a30, 0x86600b06, 0xfd860148, 0x1807016e, 0x30393002, 0x23828737, 0x2b160102, 0x73205183, 
    0x42069243, 0x34441ea0, 0x030c090e, 0x00010182, 0x747e5318, 0xa37aa7ac, 0x5978ea2b, 0xf9c23cd2, 0x5f25f7c2, 0x3c5b3742, 0xa61c6111, 0x6a34ff03, 
    0x22dabe68, 0x485a21a4, 0x4d559085, 0xcba6abce, 0xc6c0c634, 0x80b6baad, 0xc0790bbe, 0xa7dae4a7, 0x57cfe71a, 0xf939c81e, 0x3030dfef, 0xaf2aa0d0, 
    0x53258d5c, 0xf5f74c2d, 0x727bb46d, 0xb7a352ae, 0x8355eab9, 0x4b453a3e, 0x64961a94, 0x60e8d616, 0x8d35afe3, 0x5b4c2554, 0xd937d6f8, 0x36b8ab04, 
    0xfb894ae0, 0xcc6f690a, 0xdceae157, 0xc5b5b222, 0x63d71e41, 0xac649ee9, 0xbec7c3b2, 0x58e077da, 0x9901369d, 0x661786ae, 0x64bd1d38, 0x5e52c6f6, 
    0xd0602f10, 0xc4c3cbca, 0x85366f72, 0x9c402244, 0x335441c5, 0xa37b6c23, 0x8558d98e, 0x34b8aaf1, 0xaeb5bb7e, 0x20785468, 0x4d93520c, 0xf2014bb2, 
    0x954788c1, 0x53d26ccd, 0x18f04ca8, 0xa3338c3e, 0xcecf8ac4, 0x22499273, 0xc8bbed8f, 0xab637c9c, 0x00048230, 0xe8028230, 0x21055945, 0x23410001, 
    0x6330210e, 0x220d6544, 0x451f3021, 0x18320530, 0x20656854, 0x44206f47, 0x79646461, 0x6f724720, 0x2c457075, 0x30312206, 0x053a442f, 0x1e882820, 
    0x616c4326, 0x32207373, 0x220ae944, 0x446e6f69, 0x1e2a0a07, 0x34300d17, 0x39323630, 0x05823731, 0x175a3024, 0x0e8b330d, 0x822284e5, 0x8c442001, 
    0x0d130911, 0x01823000, 0x01820208, 0x9dde0001, 0x1857ead7, 0xeb5ba149, 0x86485fd7, 0xffddbeea, 0x1c67efe4, 0xb36865f4, 0x5ea07157, 0x9bedbb77, 
    0x8070e949, 0x6318563d, 0xf2da6f08, 0x7f3fd0cc, 0x54225402, 0x81b2d810, 0x3d75c0d4, 0x77c77f4b, 0xab783ec3, 0x20b5031a, 0x2b6a2f6b, 0x7e88c5b1, 
    0xb01ebbc4, 0x2745d8c1, 0x5837aa6f, 0xd72687f7, 0xa9f62dd8, 0x721fb717, 0x17a64e36, 0x9298653f, 0x5d6e2adb, 0xe088fea2, 0xe57fde0b, 0xebe1158d, 
    0xe2d53acb, 0x2d13a212, 0x5faf8ed8, 0x08a03d12, 0x5cb60805, 0x043865a5, 0xa31e9945, 0xc5746060, 0x6272a541, 0x1fc5621b, 0x421a5f6f, 0x655102be, 
    0x1823aea8, 0x0378fc6a, 0x807f4da9, 0x5aabfac3, 0xa440a1fc, 0xfe1619ca, 0x5eefc8b2, 0x77ee0d73, 0x79f69abd, 0x07b1bc98, 0x0d15a267, 0xc658a0dd, 
    0x3e0a7b44, 0xba5f2862, 0x58530741, 0x387e11cf, 0xfff8c574, 0x8f9069b5, 0x97ea7484, 0x0102af1b, 0xc081a303, 0x44bd8130, 0xd2360a52, 0x91d2b0c4, 
    0x71114cd4, 0x3dcb61b3, 0xa8ddfea1, 0x30e3d46a, 0x53448d81, 0x85812605, 0x80828130, 0x23239314, 0x65a467a1, 0x2264d541, 0x45000182, 0x04260637, 
    0x01033005, 0xdf42ff01, 0x030c090e, 0x00010182, 0xb2f34b32, 0xfc913eca, 0x07a1c612, 0xa0778e8c, 0x5c140633, 0xf7181e90, 0x0a3da608, 0x8087f919, 
    0xe4696e11, 0xff301796, 0x72639134, 0x1cccee38, 0x941da301, 0xf631a428, 0xd754c47a, 0x5831e5f6, 0xcecca203, 0x4594db62, 0x45bfb573, 0xd5b524c9, 
    0x23ad0282, 0xb88d6979, 0xcfce4db6, 0x2333ca4c, 0xaa881ce8, 0x6e418b9d, 0xe520c916, 0x3bcd9e89, 0x7ef770da, 0x14202699, 0x6eab2554, 0x9be68573, 
    0x6c0a9d21, 0xf8a80e82, 0x10fa0cc2, 0xef966c1e, 0x0fc40d87, 0xeead8b61, 0xf8952b83, 0x7284928e, 0xea20eb39, 0xcd83ed83, 0xbc086e97, 0xb6264eeb, 
    0xd3e42b73, 0x26fe4cf6, 0x1161e271, 0x57ff4a74, 0x750f871a, 0x51cf2e48, 0x02a01769, 0xd5956112, 0x10b240d1, 0xacc4ee4c, 0xa5a64310, 0x95d50a9e, 
    0xcf0d9a62, 0x32c58288, 0x9f2be40c, 0x9f0de645, 0xb9b19c28, 0xad575a2a, 0x1daf0f37, 0x9fbddb7f, 0xde048230, 0xc6038230, 0x22050344, 0x41010302, 
    0xa9410e24, 0x1e303364, 0x36300d17, 0x36313131, 0x34353130, 0x175a3733, 0x0e8b320d, 0xca813022, 0x490d8a44, 0x1a2226e2, 0xb1441830, 0x47112b05, 
    0x6461446f, 0x632e7964, 0xaa446d6f, 0x14e54806, 0x2208d749, 0x87646f67, 0x0ad1492f, 0x30303123, 0x05e5482e, 0xdf442720, 0x65532508, 0x65727563, 
    0x2317de44, 0x0f301131, 0x052b3183, 0x37300813, 0x32393639, 0x48303738, 0xff081ff9, 0x15d52dc4, 0x4c269c8c, 0xeb3532ec, 0x0159b85f, 0x8161a65a, 
    0x63703b59, 0x3ddce3ab, 0xc9b82ac7, 0xe479d333, 0x303ced3a, 0xb38e8423, 0xb2b61430, 0x953dc387, 0xdf9e0454, 0x250bdd99, 0x65de211e, 0xa8357e29, 
    0xf6eb54a9, 0xd43932f7, 0xad955526, 0x58fefbef, 0xf49ed786, 0x2a8c8d00, 0x0442bd0c, 0x043fa7ce, 0xf280eef6, 0xa152efaa, 0xbeda6669, 0xda5dad1a, 
    0x1aea662c, 0x1ae5bb6b, 0x2f004a51, 0x7598c748, 0xc829b9d8, 0x6d66f8ee, 0xf3b39c0a, 0xa27c78fc, 0xb5f2a3f8, 0x7ab9f3c3, 0xe6a7c191, 0xa89c2e25, 
    0x6e6512ed, 0x4412f66a, 0x95307053, 0x582b9cc3, 0x74083d2b, 0x51bef24a, 0xd087bfb0, 0x6b58274c, 0x9dc535b5, 0xf83117af, 0xadee8f0b, 0x89053681, 
    0x3acf9808, 0xc08725af, 0xfda7ea49, 0x8e45f767, 0x3914cc97, 0xb58536e2, 0xfd371a7e, 0x1171f616, 0x1630749a, 0xa39413fe, 0x4f0d843f, 0x2407f948, 
    0x01823032, 0x0a70442e, 0x61acfd33, 0x456c9332, 0x85eee2d6, 0xe7ba9a5f, 0xcc689976, 0x0cc348e7, 0x21136d44, 0x39491230, 0x30082a08, 0xff010106, 
    0x30000102, 0x07444833, 0x04010127, 0x30253027, 0x0ad74823, 0xa6481720, 0x636f2406, 0x422e7073, 0x30210a06, 0x05d04846, 0x3d303f2a, 0x39a03b30, 
    0x358637a0, 0x4213104c, 0x2f221538, 0xdd486467, 0x484b2008, 0x442e05dd, 0x40304230, 0x1d550406, 0x38300020, 0xd6483630, 0x0b764b0a, 0x4a1e9042, 
    0x01210d09, 0x0ebc4306, 0x82030c09, 0xd2000101, 0xbdecc086, 0x67b6a1f9, 0xa20b66ee, 0x50043a06, 0xac72158e, 0x5395744a, 0x44cb37cb, 0x9007ef49, 
    0x96d9336b, 0xa55694f0, 0x3c053013, 0x7b213285, 0xa80ac7c9, 0xde90a424, 0x2325d346, 0xc2670314, 0x0f6fd610, 0xcc7a7b5d, 0x2a58c59f, 0x219ec4c1, 
    0xacf35aa8, 0x9ef346a4, 0x2fcb63e4, 0x2929a490, 0x2c72d901, 0x0137df29, 0xee4fbc27, 0x8f21d368, 0xf5e4b3c0, 0x10d2ed09, 0xbeb453aa, 0x0b59ccf0, 
    0x1c963bd6, 0xdf492495, 0xa7fdecce, 0x45149148, 0x6f363a0e, 0x45b345da, 0xd4c941a2, 0x3e4e44d7, 0xd57674b9, 0x2c5513a2, 0xb5a387c6, 0x8406ac99, 
    0x06757f87, 0x4c14bffc, 0xc46ecc0e, 0x12b73ddf, 0xf1e8f471, 0x28224051, 0x4b1de049, 0xcc34a887, 0x12dda206, 0x3686d15a, 0x6f350364, 0xeb6e776f, 
    0x985085f2, 0x5303ab5e, 0x632391ad, 0xcd9c161f, 0x6305b2b9, 0x68f4e13a, 0x3505171b, 0x30ee5395, 0x303e0582, 0x44260482, 0x062605e1, 0xbff4ef0b, 
    0x28417b69, 0xcd60440e, 0x0d171e33, 0x39303930, 0x33313432, 0x33323434, 0x310d175a, 0x210e8a32, 0x4c456b30, 0x4247250a, 0x0d300f31, 0x26052f4f, 
    0x6e6f4c06, 0x876e6f64, 0x13072110, 0x1c221087, 0x47451a30, 0x19132005, 0x280a0ba6, 0x6d694c20, 0x64657469, 0x211d8631, 0x1d931303, 0x0820ed44, 
    0x5f04a2ff, 0xd2dbd8e6, 0x7ef3a2a1, 0x72e734c5, 0x95fbaed8, 0xeaa4eccf, 0x07001d0e, 0xf616db92, 0x351f53ac, 0x9c0194f1, 0x99908ea3, 0x05e04608, 
    0xb6912b0f, 0x1b0bffa6, 0x462bba0c, 0x89e6626e, 0xf5410ba7, 0xeac0e614, 0x1172556b, 0xdccf8e5d, 0xff893358, 0xdc7590e5, 0x602dccc3, 0xe903d63e, 
    0x3e54c6a9, 0x8aecbc94, 0xed7a3691, 0x3dd8fd55, 0x0946276b, 0xc1dbd45f, 0x88f7a25f, 0xfa7e88e4, 0x2fe082e3, 0x46516242, 0x7130c6bb, 0x8cccb27b, 
    0xe0ed7633, 0xc3ad99b5, 0x88e30d1d, 0x3c317877, 0x6c155254, 0x70ccdcde, 0x859b1c97, 0x05f738f4, 0xb0274b47, 0x663ca35d, 0x9728a522, 0x6794760a, 
    0x9f8fbbc1, 0x7c06f01a, 0x1a589180, 0x06202075, 0x710b5a94, 0xf2ed26ef, 0x9ad3825e, 0xb793e60b, 0xea411607, 0xd2d4d562, 0xf8aa938c, 0x8ad734c1, 
    0x4c458dfb, 0x7c8c6f6e, 0x668d01af, 0xaeeb31f4, 0x07ed441d, 0x82308626, 0x0f308201, 0x2708ad44, 0x01033005, 0x13300001, 0x25211083, 0x0bd74d04, 
    0xf5430320, 0x8007230d, 0x9a443230, 0x302b2a05, 0xa0273029, 0x8623a025, 0x0a6b4d21, 0x250b9144, 0x32736467, 0x644d302d, 0x016d2318, 0x644d1707, 
    0x0ff65014, 0x2216e544, 0x45808130, 0x74240a59, 0x24307230, 0x200a5945, 0x16594518, 0x4a302f22, 0x02222588, 0x55453e86, 0x695f2c2c, 0x7265746e, 
    0x6964656d, 0x82657461, 0x467420d7, 0x31460c10, 0x09144f14, 0x30666833, 0xa1556710, 0x37e9a1b3, 0x891175c6, 0xd785e333, 0x0e184413, 0x82031209, 
    0xbd000101, 0xb4093e56, 0xedfa7d13, 0xb645fed3, 0x4819dfdf, 0xd58ca3f8, 0xd48f5411, 0xc1134492, 0xc3a36971, 0x1d800630, 0xcaae37da, 0xb3d96847, 
    0x0c360925, 0xe23b04e9, 0x741051db, 0xc95e10fe, 0x240f3bde, 0x399eb103, 0x0fa0c396, 0xe7ca524c, 0x5a116642, 0x3a496875, 0x5e6b232d, 0xf143c406, 
    0x2fb1019e, 0x129ca50b, 0x183d3e1e, 0x95b05a6e, 0x4b2e3f74, 0x736d30e1, 0xaf6f9ec3, 0xfa470fe3, 0x646024dd, 0x00635ca7, 0x50b7a9dd, 0x28c76534, 
    0x5afe4905, 0x1cea187a, 0x9ab646c0, 0x6581d92a, 0x0cca91b2, 0xf0887bd6, 0x18e93eea, 0xcf873055, 0x1ea891af, 0x456b0823, 0xdc069990, 0xbf0d3791, 
    0x5f66ddd4, 0xf1f40055, 0x3460ede3, 0xa2973e95, 0x8d6acac2, 0x91304061, 0x0601a5c4, 0x6d60d05b, 0x7e1f344f, 0x5331099d, 0x9678e9e5, 0xaac483d0, 
    0xaa62e5bd, 0x23221c32, 0x7c2e124e, 0xdf9fb608, 0x3196235c, 0x30fe0482, 0x02fa0482, 0x81300101, 0xcc2b45d5, 0x0f460220, 0x09d65407, 0x8681a024, 
    0xc7541030, 0x310c3c0a, 0x30003002, 0x2b090614, 0x01040106, 0x01283782, 0x05030731, 0x00000300, 0x54193000, 0x09230889, 0x8a0c3103, 0x30042234, 
    0x230d8a1c, 0x300e310b, 0x15221d8b, 0x38892330, 0x16310438, 0x7d581404, 0xf6bb0e92, 0x8acd975f, 0xe518f1ed, 0x78368da1, 0x8a4279a0, 0x010e090b, 
    0x82040005, 0xef320001, 0x0900153e, 0x296b2b23, 0xc30b372e, 0x1a879f97, 0xb2c0b6b1, 0x045ce0b4, 0xdab441dd, 0x21c59606, 0x1b3d5ee6, 0x06400325, 
    0x615753a0, 0x8d6c157c, 0xb142c654, 0x90593a12, 0xcabbf62a, 0xae8dcbbd, 0x17723a5a, 0xe8d34d28, 0x125aea61, 0xc0d6bf2d, 0x2ccb1c2e, 0x95e3f668, 
    0x97b31ae1, 0xba724f75, 0xa0ff9875, 0x2b653318, 0x9a3738d0, 0x9ec01ac2, 0x717a2364, 0xee88e123, 0xa0cdc5fb, 0x6612a608, 0x6f582eb2, 0x5c63af80, 
    0xa6999e6d, 0x81dca6f7, 0x5d643779, 0x99e80965, 0xe78da462, 0x6626107a, 0xf9b87f7b, 0x6c8998b8, 0x57f2c419, 0xfa64c953, 0x92d70b88, 0x5e690a7e, 
    0x0061bf82, 0xdb588520, 0x12c99b50, 0x8d93b1c8, 0xc6ab4024, 0x1aa976c6, 0xa1a2dbab, 0x53a46a0a, 0x947222cb, 0xac15ed25, 0x4ca63526, 0xbf844268, 
    0x8ac03bc2, 0x7c15f755, 0xba20fcea, 0x771d066a, 0xe0979de5, 0x82a1c740, 0x82307402, 0x3d417002, 0x31062409, 0x82610282, 0x025d2712, 0x81300101, 
    0x0c5630d6, 0x560220d0, 0xa02311f1, 0x4118305d, 0x03220901, 0x0c880b31, 0x30010723, 0x320c881c, 0x0f310509, 0x31310d17, 0x32323930, 0x37353431, 
    0x425a3331, 0x84331077, 0x62cba1ab, 0xcd5f7957, 0x87b239df, 0x11d1b2e9, 0x426c0206, 0x01091277, 0x86c20438, 0x6fbfcba6, 0xc3c2ef5a, 0x19de51e9, 
    0x930535a4, 0x9cf781a4, 0x985310c9, 0xbb34cfa7, 0x091eef7e, 0x6fb500b3, 0xc9cc4373, 0xd4618735, 0x5631c00a, 0x09db10fc, 0xd937f073, 0x4317d889, 
    0x53cead68, 0xa66d5849, 0x5527569a, 0x3201e491, 0x0312bd43, 0x74caac06, 0xe8736adf, 0x55e7da5d, 0xa8a3f08a, 0xe90b2179, 0x936b992f, 0xb3a6e1c1, 
    0x61b611a3, 0xd6319807, 0xc875ab7a, 0x13343563, 0x28c309de, 0xcce8f849, 0xd412105e, 0x387fbeae, 0x4fa97af8, 0x6d45e3e4, 0x5eb8026e, 0x56ab6f63, 
    0x15dd1770, 0xa08429e5, 0xd5f68a9f, 0x860ea9c1, 0x1ce1bbb5, 0xfcd4f4ed, 0xfeed26c1, 0xcfdf8917, 0x83108adf, 0x515fe352, 0x82a25f8d, 0x1009151b, 
    0x83e0c548, 0x20f347a8, 0x65781eee, 0xfe4f311d, 0xdc525b58, 0x9c84c4c2, 0x7dbdf076, 0x7841b5ef, 0x51952284, 0x59f87d55, 0xb074260b, 0x916b1d64, 
    0xfa050000, 0xc9d10b9f, 
};

