// File: 'fontB.ttf' (333616 bytes)
// Exported using binary_to_compressed_c.cpp
static const unsigned int ubuntu_bold_compressed_size = 220122;
static const unsigned int ubuntu_bold_compressed_data[220124/4] =
{
    0x0000bc57, 0x00000000, 0x30170500, 0x00000400, 0x00010025, 0x82150000, 0x00042d04, 0x49534450, 0x60924f47, 0xfe04005d, 0x29081482, 0x50473019, 
    0xa8d7534f, 0x0300cd56, 0x0100b491, 0x53479c35, 0x436d4255, 0x040076eb, 0x000050c7, 0x544cb036, 0xd1114853, 0x4082467f, 0x0000f830, 0x534ff404, 
    0x5a8a322f, 0x0000e1fc, 0x4082d801, 0x56604808, 0xe6584d44, 0x00daeed4, 0x00ec1a00, 0x63d61600, 0xb270616d, 0x00c06a7b, 0x007cbc00, 0x63a80500, 
    0x15207476, 0x00d80cf9, 0x00c8c900, 0x66140200, 0x766d6770, 0x00c444bd, 0x0024c200, 0x67230600, 0x00707361, 0x82090012, 0x82a4207f, 0x6710374f, 
    0x1466796c, 0x00c7a3d5, 0x00c0d500, 0x68f4e401, 0x8a786d64, 0x4b82e8fa, 0x00c4312c, 0x68b88a00, 0x00646165, 0x4b828742, 0x825c0121, 0x6836212f, 
    0x10231082, 0x824011ac, 0x8294208f, 0x6824280f, 0x7178746d, 0x82b1b465, 0x382c086b, 0xc0130000, 0x6e72656b, 0xd58f128d, 0xb4ba0200, 0x529e0000, 
    0x61636f6c, 0xe8fbb476, 0xdccb0000, 0xe2090000, 0x7078616d, 0xb908970a, 0xb8203f82, 0x203b3f82, 0x656d616e, 0x2173d2bb, 0x08590300, 0xe10b0000, 
    0x74736f70, 0xc6d4c658, 0x82640300, 0xb52c2ddf, 0x70657270, 0x1f0a9b8d, 0x48c80000, 0x7f223382, 0x35820100, 0xcccc002d, 0xf0df5c67, 0xf53c0f5f, 
    0x82031900, 0x22ed825b, 0x8358b68a, 0xa0ca2b19, 0x56ffd9c0, 0x930d23ff, 0x2b82c203, 0x02000923, 0x2a008500, 0x03000001, 0x0043ffa4, 0x82b70d1c, 
    0x0d55221f, 0x85498593, 0x2105831c, 0x1183f004, 0x01f00429, 0x000e0002, 0x820a008c, 0x00102c39, 0x0059002f, 0x06200500, 0x820500f9, 0x0203241d, 
    0x82bc0283, 0x02002409, 0x828a02bc, 0x858c2033, 0xdd013907, 0xfa007800, 0x0b020000, 0x06030408, 0x04020302, 0xff0200e0, 0x5b200050, 0x02842382, 
    0x4d414433, 0x00200041, 0x0304fb00, 0x0047ff08, 0x00a40338, 0x210e82bd, 0x9582569f, 0x020e0223, 0x262482b5, 0x01030020, 0x823200f4, 0x00002209, 
    0x820582f0, 0x1e013903, 0xd1013200, 0xbb023200, 0x38023700, 0x96032300, 0xc1022300, 0xf7002300, 0x642a1782, 0x64014600, 0xf6010500, 0x1b822800, 
    0xf6003128, 0x54011100, 0x07821900, 0xb5011e24, 0x1382e7ff, 0x03822220, 0x03824620, 0x03822320, 0x03821a20, 0x03821420, 0x03822620, 0x03822520, 
    0x03822b20, 0x03822720, 0x2f831c20, 0x11200382, 0x32200b82, 0x31200382, 0x01250383, 0x031400c7, 0x287782ce, 0x020a00d1, 0x025000a0, 0x200b8288, 
    0x200782e1, 0x2003825e, 0x2003823e, 0x240f82be, 0x015000de, 0x200b823c, 0x20238211, 0x280782ac, 0x03500033, 0x023c0081, 0x200782f4, 0x201f8216, 
    0x20078684, 0x301b829b, 0x02250046, 0x02140066, 0x024600c3, 0x030a00d2, 0x200b82b4, 0x2a3782a3, 0x02050095, 0x01230062, 0x835a0073, 0x200782b3, 
    0x267f820a, 0x00f40112, 0x821e0100, 0x82292023, 0x825c20ef, 0x00f424e7, 0x825c022d, 0x00482403, 0x82a6012d, 0x82522043, 0x824d200b, 0x00212817, 
    0xff210137, 0x824302b8, 0x003c240b, 0x825e0346, 0x2117821b, 0x2f845f02, 0x33834620, 0x01292f83, 0x012700e5, 0x024100bc, 0x2003824d, 0x207f8226, 
    0x207b8210, 0x2203822a, 0x82050023, 0x227f836b, 0x82420123, 0x82732083, 0x00382213, 0x32838217, 0x00f3002e, 0xffa6010f, 0x00c601b8, 0x00e8030f, 
    0x82ee013c, 0x240383a7, 0x052a008e, 0x82978228, 0x470127d3, 0xe5031400, 0x2b823200, 0x2f842820, 0x2800c622, 0x01232f83, 0x8226006c, 0x82002057, 
    0x01002837, 0x03040075, 0x841e0056, 0x00472483, 0x82a9031e, 0x20f7829b, 0x06df4100, 0x2d206b82, 0x73830382, 0x3802193c, 0x2e01fbff, 0x03025000, 
    0x18021c00, 0x1c034f00, 0x8f013200, 0x55021800, 0x23821400, 0x54013224, 0x13841900, 0x1b007824, 0x13846b01, 0x07823120, 0x03821020, 0x1e011126, 
    0x52021a00, 0x8382ff82, 0x82f60021, 0x0046226f, 0x2417822d, 0x00c90126, 0x223f8221, 0x826e031e, 0x260385ab, 0x00c70117, 0x82d10219, 0x210392eb, 
    0x1782e203, 0x32008824, 0xef415e02, 0x21078606, 0xff823c01, 0x8f823c20, 0x04003c28, 0xe4ff3c01, 0x2782ec02, 0x2306eb41, 0x32001603, 0xab82038b, 
    0x0f833e20, 0x82c30221, 0x82038b8f, 0x840221f7, 0x93205782, 0x29231782, 0x92022300, 0x6a032103, 0xf4206782, 0x2105eb41, 0x07894802, 0x00210123, 
    0x24038216, 0xff210129, 0x220382f6, 0x425902d0, 0x02210503, 0x8f07825f, 0x00382203, 0x21178431, 0xf341004d, 0x24078705, 0x02050023, 0x837b825c, 
    0x83fb8307, 0x82078f7f, 0x830120fb, 0x2007977f, 0x20bf82e1, 0x837382ad, 0x825e20ff, 0x825e2007, 0xa248200f, 0x00be2407, 0x82520232, 0x20079727, 
    0x2e4782de, 0x0244004d, 0x020a00f4, 0x01120057, 0x82e7ff3c, 0x82d920e7, 0x82ff2007, 0x01f12407, 0x8208003c, 0x82f02007, 0x01202407, 0x820f0021, 
    0x824e2007, 0x82462007, 0x03372203, 0x263b8249, 0x02370040, 0x820a0011, 0x02b82223, 0x240f82ac, 0x03460043, 0x20078243, 0x22ef8246, 0x824a0033, 
    0x0232242f, 0x82500033, 0x84302007, 0x84722007, 0x02502217, 0x26078206, 0x01000052, 0x82f6ff6c, 0x0250227b, 0x200f824d, 0x208b84f4, 0x270f8746, 
    0x02007a03, 0xedff6b02, 0x16200f88, 0x5f23cb82, 0x8e032d00, 0x9b022107, 0xa6205f82, 0x07853f82, 0x0f880e20, 0x25004627, 0x2700e501, 0x27078f02, 
    0x01140066, 0x024100bc, 0xc320078f, 0x4d204382, 0x07a61782, 0x00b40325, 0x44100314, 0x2320064f, 0x27065344, 0x022300f4, 0x01230062, 0x0121078a, 
    0x87578249, 0x39738683, 0xb8ff2101, 0x40001001, 0x2d008401, 0x1b007801, 0x2b009a01, 0x2c00f600, 0x03824401, 0x33003826, 0x2700b201, 0x078f5f87, 
    0x82950221, 0x276f826b, 0x56ff9800, 0x0f006b01, 0x14200382, 0x1a200382, 0x1f200382, 0x1e200382, 0x15200382, 0x1b830786, 0xab432620, 0x826b2008, 
    0x006b21f7, 0x02272790, 0x031a001d, 0x434300a8, 0x102006ab, 0x17200786, 0x1a200782, 0x12200382, 0x1383178a, 0x0f861420, 0x0b831b83, 0x0f821020, 
    0x13831787, 0x478e1f20, 0x15324387, 0x25006402, 0x0a00b502, 0x5000da02, 0x0f001f02, 0x43460f03, 0x82c78206, 0x021e2afb, 0x021a005a, 0x011e007c, 
    0x45df8291, 0x3123050f, 0x85003802, 0x004e2803, 0x0049032f, 0x86c40246, 0x82e02003, 0x25038207, 0x46006704, 0x0b828304, 0x2d004e3c, 0x1b00cf01, 
    0x23003202, 0x10002402, 0x1e003e02, 0x20002902, 0x29003b02, 0x17821a02, 0x6b823820, 0x20003b22, 0x41062f41, 0x27a72013, 0x00d00027, 0x00d90028, 
    0x2203820e, 0x82d2001d, 0x476420bb, 0x542a061f, 0xb5011900, 0xce03e7ff, 0x67463200, 0x200b820b, 0x24038223, 0x0047010a, 0x0caf4514, 0x3b824720, 
    0x32001e26, 0x14005502, 0x1e300382, 0x1900c701, 0x08005c02, 0x0f002b03, 0x50008a02, 0x462a0b82, 0xf1ff5c02, 0xfbff8302, 0x23828802, 0x2b82d020, 
    0x0f442420, 0x6c032105, 0xab462384, 0x00512805, 0x005e022a, 0x82da0223, 0x8267201f, 0xff3e241f, 0x47d902d0, 0x03210553, 0x289b8271, 0x015000b3, 
    0x0202006a, 0x05ab43b7, 0x0058012d, 0x0023020a, 0x00d6030b, 0x82f40246, 0x0066222b, 0x07534546, 0x005f022d, 0x0032042d, 0x00650332, 0x820f032d, 
    0x435c2063, 0x02370563, 0x01280046, 0x022800e5, 0x011f0053, 0x01d8ffa1, 0x024100bc, 0x840f008e, 0x82662007, 0x82eb209b, 0x00722427, 0x82050341, 
    0x82d42087, 0x00cb220b, 0x474b8205, 0xf4200573, 0x23831382, 0x37006624, 0x43820302, 0x7f820620, 0x33823520, 0x07822c20, 0x0a000028, 0x2700e901, 
    0xa7824c02, 0x5a004224, 0x03823102, 0x17413a20, 0x14052505, 0xbf045000, 0x47200382, 0x42249382, 0x50035000, 0x5b24bf82, 0x01054600, 0x13201382, 
    0x6e200f82, 0x53456782, 0x3c012706, 0x21010400, 0x2744f6ff, 0x43022007, 0x022426cf, 0x022d0048, 0x250e9745, 0x0a00e203, 0xb3826a03, 0x3200d824, 
    0x47455a02, 0x07eb440a, 0x830f8b44, 0x000322db, 0x207f8205, 0x20b38bb8, 0x067f4502, 0x82250421, 0x829f20b7, 0x07eb4403, 0x67876f86, 0x878eb388, 
    0xef450220, 0x3c01230e, 0x6382baff, 0x0782ad20, 0x0782fe20, 0x1345f020, 0x45012016, 0x0341080b, 0x41342005, 0x3827080b, 0xdd010f00, 0x45020a00, 
    0x462605ff, 0x5000c002, 0xdf820e03, 0xe782c820, 0x28005622, 0x8708c344, 0x8f7f8687, 0x440f8f67, 0x0127079b, 0x03fbfffd, 0x84460004, 0x00972307, 
    0x0382032d, 0x82e70221, 0x8295206f, 0x8202205f, 0x823e2067, 0x0060340b, 0x00e50111, 0x00f40128, 0x00fb0123, 0x00c20102, 0x82a00207, 0x82ed2017, 
    0x82d22003, 0x20738303, 0x282b8255, 0x010a0026, 0x03baff2b, 0x203b822c, 0x200f825c, 0x200f82a6, 0x201f82ac, 0x200382a9, 0x26038233, 0x01050003, 
    0x82210086, 0x0114283f, 0x011c0044, 0x821e0078, 0x01392203, 0x875782ca, 0x005f2403, 0x824b011f, 0x0070236b, 0x03830131, 0x2382ca20, 0x02200386, 
    0x29066b48, 0x14002e03, 0x50005102, 0x6782ae02, 0x25004638, 0x50003c01, 0xe4ff3c01, 0x0a001102, 0x14006a04, 0x50003304, 0x23820303, 0xbf41ac20, 
    0x828c2006, 0x82da200b, 0x82d1200b, 0x828a2083, 0x82a02007, 0x213f8203, 0x17823603, 0x03215382, 0x241782d7, 0x02190062, 0x822f86f4, 0x15032937, 
    0x81031400, 0xde023c00, 0x8306a74a, 0x8284203f, 0x8288201f, 0x82662073, 0x29538237, 0x2e006603, 0x0a00a302, 0x17821603, 0x2800a828, 0x5000fc03, 
    0x2f823804, 0x3b820520, 0x13829f20, 0x03829320, 0x2800a924, 0x07823904, 0x2800b134, 0x23002902, 0x2d005902, 0x46005602, 0x4600c501, 0x4782a602, 
    0x2d00482c, 0x0a005103, 0x1e00ef01, 0x13826b02, 0x4a200383, 0x73200782, 0xf9209382, 0x51207f82, 0x5f200b82, 0x07833382, 0x2007eb4a, 0x2437820d, 
    0x03050023, 0x2017821a, 0x2027822a, 0x20238278, 0x82478238, 0x8303211f, 0x7f200b82, 0x38207f82, 0x34200782, 0x09240382, 0x68031d00, 0x48200782, 
    0x2f495f82, 0x00572207, 0x277f8412, 0x01230009, 0x012700e5, 0x2605274b, 0xff2101d0, 0x828603b8, 0x826420cf, 0x2123822f, 0x8f864a02, 0x02206b82, 
    0xeb248787, 0x7c020f00, 0x3221f384, 0x21978202, 0x7f821703, 0x0f825520, 0xe3823b20, 0x32007624, 0x0f829402, 0x03823620, 0x0f828e20, 0x3f826620, 
    0x50003d24, 0x0782cf01, 0xcb827a20, 0x1f820d20, 0x1782a420, 0x46003924, 0x3382fe03, 0x77416920, 0x20fb8405, 0x201782e1, 0x2017825e, 0x20078210, 
    0x282f82aa, 0x020900c4, 0x0302005e, 0x20eb821d, 0x20cf8291, 0x20178227, 0x201f827b, 0x28078245, 0x0446008d, 0x03500055, 0x200f8269, 0x23538220, 
    0x022d0079, 0x24078f49, 0x01140066, 0x245782f9, 0x02050095, 0x20078a25, 0x200b82cc, 0x2073824b, 0x204f82ab, 0x200b82b9, 0x243782d4, 0x021e004d, 
    0x200782a8, 0x20078232, 0x05d348bc, 0x82700321, 0x82c4201b, 0x21078627, 0x67823c01, 0x0f82d720, 0x17825120, 0x2382bf20, 0x73823e20, 0x0b823e20, 
    0x0382a320, 0x0f82de20, 0x0f825820, 0x07821220, 0xb3827320, 0x2800a830, 0x2d003802, 0x3c00b803, 0x32001a03, 0xeb442101, 0x07af4409, 0x4308a744, 
    0x022106a7, 0x207f82da, 0x86bf8248, 0x87032007, 0x0062246b, 0x82ef0119, 0x06a74497, 0x82f40221, 0x826b2063, 0x4307864f, 0x8f440fcf, 0x82a92008, 
    0x00092483, 0x428c021d, 0x07900523, 0x0225a386, 0x01500051, 0x20bb82c5, 0x24df829f, 0x04460038, 0x22078261, 0x4c0000e8, 0x0c20066b, 0x1f200782, 
    0x17240382, 0x09008b01, 0x3343bb84, 0xb5022106, 0x2206ef43, 0x43230062, 0x0121071b, 0x209b823c, 0x230382ac, 0x030a00d2, 0x2306e34d, 0x23002e02, 
    0x37439384, 0x00532307, 0xcb83021f, 0x05009522, 0x24083743, 0x0341004d, 0x20af820f, 0x20ff826a, 0x24db827d, 0x0208002d, 0x280b825f, 0x01250003, 
    0x023c00f4, 0x2813824d, 0x01300067, 0x02440035, 0x240b8246, 0x020b0023, 0x20078252, 0x20838226, 0x06c34b2c, 0x0f825120, 0x46006422, 0x2d262f82, 
    0x2d007702, 0x1b82e301, 0x57825120, 0x1b431620, 0x2e032105, 0x4a220b82, 0xc3823000, 0xeb02062a, 0x6b03fdff, 0xc901fdff, 0x3c240382, 0x7903e4ff, 
    0x5d230f82, 0x8302fdff, 0x82672093, 0x82878307, 0x8377837b, 0x35012373, 0x0382daff, 0x9384bd20, 0x02205382, 0x03200386, 0x012c4f82, 0x017f00c0, 
    0x0269007d, 0x02470067, 0x039b3783, 0x0e00ee3a, 0x0b00ee02, 0xfeffca03, 0xffffac03, 0xf9ff7a03, 0x09009803, 0xf8ff3203, 0x02200383, 0x03937383, 
    0x0400ff2c, 0x0100eb02, 0x0800e303, 0x0382c403, 0x0300bc26, 0x0300ce03, 0x039b9f83, 0x007f032d, 0x006e0304, 0x00630401, 0x82440408, 0x003c2403, 
    0x824e0403, 0x82e3203b, 0xffe1226f, 0x20db82f8, 0x20df8637, 0x20df82bf, 0x200382cb, 0x200382e1, 0x200382d8, 0x2c0384f9, 0x010400d9, 0x020100db, 
    0x020800c1, 0x200382a2, 0x2073829a, 0x240382ac, 0x02f8ff41, 0x4d03823f, 0x0f860f4f, 0x82830321, 0x82a12077, 0x82872077, 0x00692473, 0x82460409, 
    0x006e2277, 0x07374113, 0x03330797, 0x03f7ff34, 0x04fffffc, 0x03ffff2e, 0x03eeffd2, 0x9c30004a, 0x827c2003, 0x82a62067, 0x828a205b, 0x826a2067, 
    0x82312067, 0x0044240b, 0x82ec0309, 0x410382df, 0x5341088f, 0x004d2207, 0x06d34146, 0xf7820c20, 0x86020521, 0x0bcf41af, 0xc7416f83, 0x05042d1f, 
    0x24040c00, 0x03050b00, 0xe204feff, 0xb024af82, 0xce04f9ff, 0x6a237f82, 0x8204f8ff, 0x1b934103, 0x042f1b83, 0x040400b5, 0x050100b4, 0x050800a5, 
    0x82090086, 0x05032a03, 0x051300a9, 0x05f8ff19, 0x9ebb8218, 0xb20421f7, 0xe3203f82, 0xc0203f82, 0xa3203f82, 0x69243f82, 0x9e050300, 0x22203f82, 
    0x03823f82, 0xcb4fbf9c, 0x26033306, 0x0e030500, 0x07041200, 0x62010a00, 0x35015d00, 0x07844b00, 0x1b008426, 0x5d001802, 0x3382c393, 0x03002008, 
    0x030d002d, 0x030000a6, 0x040d00ad, 0x02500015, 0x026b0076, 0x015c0039, 0x0121007e, 0x82fbff35, 0x82fc2003, 0x82a42003, 0x82bd2003, 0x82f32003, 
    0x01ea2403, 0x82feff3c, 0x02ff3403, 0x0205001d, 0x0212002d, 0x02620043, 0x016c0066, 0x42210087, 0x3a200a0b, 0x64200b84, 0x8805c743, 0x82952017, 
    0x21038233, 0x73827103, 0x7b829420, 0x01002d22, 0x47289f82, 0x47006702, 0x0c001e01, 0x20141f42, 0x24db82ee, 0x031200c9, 0x200782f0, 0x22e382c1, 
    0x82280047, 0x8205202b, 0x035a24df, 0x820e000c, 0x030b2c03, 0x03feffde, 0x03ffffc0, 0x82f9ffa2, 0x088343cb, 0x007f0338, 0x007d0304, 0x006d0401, 
    0x004f0408, 0x00500409, 0x00720403, 0x33430313, 0x7c032106, 0xae201f82, 0x9e201f82, 0x80201f82, 0x6d201f82, 0xa3201f82, 0x73421f82, 0x46d12007, 
    0x0320050f, 0x39052b4d, 0x000e032d, 0x00a2061d, 0x00d1030f, 0x00b70d49, 0x00c30114, 0x0400000a, 0x008201f0, 0x1201ae2f, 0xc5281117, 0xab010a0a, 
    0x09c692c7, 0x21008817, 0x0a82c6c6, 0x0a0c4808, 0x0a1c0b45, 0x300c1c0c, 0x0109099d, 0x090c1736, 0x8501110c, 0x0c4c4515, 0x090a0185, 0x0101900a, 
    0x190c1912, 0x1911c20a, 0xa50aa8a8, 0x192b1972, 0x700e7519, 0x26455919, 0x9aff0c9d, 0xcc1717ff, 0x6501bdd5, 0x82430165, 0xcccc2a69, 0x0d80bdbd, 
    0x0e19010d, 0x203d8201, 0x225d82ae, 0x820f3194, 0x17012f17, 0xf2010192, 0x011010ab, 0x18c60119, 0x12836d01, 0x84450c21, 0x1c012200, 0x2000820c, 
    0x2100829d, 0x08821716, 0x170c0c24, 0x00821501, 0x17098523, 0x22008412, 0x820a0105, 0x82a82000, 0x19012200, 0x2000832b, 0x2680825d, 0x199d1919, 
    0x8212459d, 0x1c0a2101, 0x0383b982, 0x161c0a25, 0x830a0c11, 0x83012001, 0x0c112105, 0x30250184, 0x9d160119, 0x2a0187a8, 0x092f01a8, 0x010a09a8, 
    0x82a5010c, 0x22848301, 0x83191786, 0x01012501, 0x2b0c0a17, 0x11210183, 0x21018375, 0x01830e01, 0x83708521, 0x19152101, 0x0a240188, 0x9d85454c, 
    0x0c283d82, 0x01970c01, 0xa870850e, 0x01254283, 0x4c010901, 0x23018345, 0x10189d85, 0x01200086, 0x22850888, 0x482a0593, 0x17ac090c, 0x0132c618, 
    0x0082177c, 0x8c010127, 0x71a5a58c, 0x204e8371, 0x222e821c, 0x88100117, 0x20098944, 0x3819820d, 0x09920a0a, 0x0a090a0a, 0x8001ffff, 0xae010d0d, 
    0x190c0101, 0x19190b2e, 0x35368201, 0x19090116, 0x01010c2c, 0x700d191c, 0x0a2aff85, 0x177901ee, 0xd8830c0c, 0x09190d25, 0x82160e01, 0x858b2c15, 
    0x010c0f0c, 0x0c015185, 0x820b0909, 0x2f0b2548, 0x98019a0a, 0x5a824582, 0x01110129, 0x9d124501, 0x882b0ca8, 0x0a1933f3, 0x12451245, 0x32010501, 
    0x0a09110c, 0x2b012b01, 0xf7830b09, 0x7c110c25, 0x84191727, 0x832b2019, 0x0a0c2521, 0xa89d0a0c, 0x0c253a83, 0x1175112b, 0x26408375, 0x19301717, 
    0x82222832, 0x124521a0, 0x2b201f82, 0x27056241, 0x79c29d85, 0x425555c2, 0x5121a582, 0x2dab820e, 0x0c45110b, 0x09a6010c, 0x650b0919, 0x85830b8e, 
    0x0d0d0124, 0x0882300d, 0x36080682, 0x2c0a0c0c, 0x9d9d012c, 0x0c0c0a09, 0x854c1309, 0x2c0b0b45, 0x01110c0b, 0x11091313, 0x1d0c3036, 0x4c851c09, 
    0x10110c79, 0x310a585d, 0x260d0917, 0x21110c12, 0x82690a8c, 0x0b7208f3, 0x2b2c7e0c, 0xb30c192c, 0x18267e9d, 0x0e687017, 0x500b8c99, 0x0c0a0a0a, 
    0xa80e0b21, 0x807ea8a8, 0x9d0c0b16, 0x9a732b7a, 0x533f2b0c, 0x0a091f14, 0x012a0c09, 0x0a090e10, 0x0c01553e, 0x8b2d0a01, 0x0101090d, 0x150a2618, 
    0x100b0c0c, 0xa685011c, 0xad91ad85, 0x8c33100c, 0x9a860c16, 0x16011919, 0x119d1601, 0x0e1c2169, 0x16163026, 0x34171013, 0x2941a83e, 0x0a0c2205, 
    0x29018201, 0x0c016911, 0x0c130b09, 0xf5850c13, 0x4c0b0923, 0x3a01839d, 0x212c1710, 0x0d0c9931, 0x17928b17, 0x2c0b4501, 0x30010c48, 0x45099d0c, 
    0x82121736, 0x163608cd, 0x0c798585, 0x9817ac96, 0x09092b59, 0x0ca10c19, 0x0959195a, 0x01112c2b, 0x7e2cce0d, 0x457b7e26, 0x9d010103, 0x01851301, 
    0xa1190917, 0x2c2ba1a1, 0x017b2c2c, 0xd1430101, 0x840a8207, 0x84092002, 0x03012600, 0x01010f01, 0x82008619, 0x82272018, 0x82012003, 0x22028436, 
    0x84280101, 0x842b202b, 0x01062500, 0x2a010117, 0x02844e82, 0x18211882, 0x8400867b, 0x21398224, 0x91821717, 0x2b207482, 0x7b217482, 0x2071877b, 
    0x8c1e8412, 0x86118465, 0x307b233c, 0x0f841301, 0x45272f86, 0x11283245, 0x86190119, 0x82322030, 0x010c231b, 0x90841201, 0x9d9da124, 0x10822401, 
    0x11278183, 0x852c2c11, 0x82070185, 0x8401200e, 0x2008824a, 0x8434820e, 0x8204864b, 0x33098344, 0x01090118, 0xac304501, 0x5a012817, 0x01000101, 
    0x05000500, 0x05262184, 0x05010606, 0x0b840303, 0x00820020, 0xae042434, 0xc20d3809, 0xc1004c12, 0x0800c808, 0xfdff0b00, 0x05840900, 0x0c000a22, 
    0x0b220b82, 0x05820d00, 0x05840c20, 0x0e000d22, 0x0e220b82, 0x05820f00, 0x10000f28, 0x1000fcff, 0x05821100, 0x05841120, 0x13001222, 0x13280b82, 
    0xfbff1400, 0x15001400, 0x15220582, 0x05821600, 0x05841620, 0x17001728, 0x1800faff, 0x05821900, 0x1a001922, 0x1a220582, 0x05821b00, 0x1c001b22, 
    0x1c220582, 0x05821d00, 0x05821d20, 0x1e00f92a, 0xf9ff1e00, 0x1f001f00, 0x20280582, 0xf8ff2000, 0x21002100, 0x22220582, 0x05822300, 0x05842320, 
    0x24002422, 0x25220b82, 0x05822500, 0x26002622, 0x272c0582, 0xf7ff2900, 0x2a002800, 0x2900f6ff, 0x2a220584, 0x0b822b00, 0x2c002b26, 0x2c00f5ff, 
    0x2d220584, 0x0b822d00, 0x2f002e22, 0x2f220582, 0x05823100, 0x05843020, 0x32003122, 0x32260b82, 0xf4ff3300, 0x05843300, 0x34003422, 0x35260b82, 
    0xf3ff3600, 0x05843600, 0x38003722, 0x38220b82, 0x05823900, 0x3a003922, 0x3a200582, 0x3b220584, 0x0b823c00, 0x3e003c26, 0x3d00f2ff, 0x3e280584, 
    0xf1ff3f00, 0x40003f00, 0x40200582, 0x41220584, 0x0b824100, 0x43004222, 0x43200582, 0x44220584, 0x0b824400, 0x45004528, 0x4600f0ff, 0x05824600, 
    0x47004722, 0x48220582, 0x05824800, 0x4a004928, 0x4a00efff, 0x05824b00, 0x4c004b22, 0x4c220582, 0x05824d00, 0x05844d20, 0x4e004e26, 0x4f00eeff, 
    0xee240b82, 0x4f005000, 0x51200b82, 0x52220584, 0x0b825000, 0x51005322, 0x54200582, 0xed2a0582, 0x52005500, 0x5600ecff, 0x05825400, 0x56005722, 
    0x58200582, 0x59220584, 0x0b825700, 0x58005a22, 0x5b200582, 0x5c220584, 0x0b825a00, 0x5b005d28, 0x5e00ebff, 0x05825c00, 0x5d005f26, 0x6000eaff, 
    0xe92a0582, 0x5e006100, 0x6200e9ff, 0x05826000, 0x5f006322, 0x64220582, 0x05826100, 0x62006522, 0x66220582, 0x05826300, 0x64006728, 0x6800e8ff, 
    0x05826500, 0x66006922, 0x6a220582, 0x05826700, 0x05826b20, 0x6c00e72a, 0xe7ff6900, 0x6b006d00, 0x6e260582, 0xe6ff6c00, 0x05846f00, 0x6d007022, 
    0x71220b82, 0x05826e00, 0x05847220, 0x70007322, 0x74280b82, 0xe5ff7100, 0x72007500, 0x76280582, 0xe4ff7300, 0x74007700, 0x78200582, 0x79220584, 
    0x0b827600, 0x77007a22, 0x7b220582, 0x05827800, 0x79007c22, 0x7d260582, 0xe3ff7a00, 0x05847e00, 0x7c007f22, 0x80220b82, 0x05827d00, 0x05848120, 
    0x7e008222, 0x83280b82, 0xe2ff7f00, 0x80008400, 0x85220582, 0x05828100, 0x82008622, 0x87220582, 0x05828300, 0x84008828, 0x8900e1ff, 0x05828500, 
    0x05848a20, 0x88008b22, 0x8c200b82, 0x8d280584, 0xe0ff8900, 0x8a008e00, 0x8f220582, 0x05828b00, 0x05829020, 0x9100df2a, 0xdfff8c00, 0x8d009200, 
    0x93220582, 0x05828f00, 0x05849420, 0x90009522, 0x96280b82, 0xdeff9200, 0x93009700, 0x98200582, 0xdd2a0582, 0x94009900, 0x9a00ddff, 0x05829500, 
    0x96009b22, 0x9c220582, 0x05829800, 0x99009d22, 0x9e220582, 0x05829a00, 0x9b009f22, 0xa0200582, 0xdc300582, 0x9c00a100, 0xa200dcff, 0xdbff9d00, 
    0x9e00a300, 0xa4220582, 0x05829f00, 0xa000a522, 0xa6260582, 0xdaffa100, 0x0584a700, 0xa300a822, 0xa9220b82, 0x0582a400, 0x0584aa20, 0xa600ab22, 
    0xac280b82, 0xd9ffa700, 0xa800ad00, 0xae220582, 0x0582a900, 0x0582af20, 0xb000d82a, 0xd8ffaa00, 0xab00b100, 0xb2220582, 0x0582ac00, 0xad00b322, 
    0xb4220582, 0x0582af00, 0x0582b520, 0xb600d72a, 0xd7ffb000, 0xb100b700, 0xb8220582, 0x0582b200, 0x0584b920, 0xb400ba28, 0xbb00d6ff, 0x0582b600, 
    0xb700bc22, 0xbd200582, 0xbe200584, 0xd52a0582, 0xb800bf00, 0xc000d5ff, 0x0582ba00, 0x0584c120, 0xbc00c222, 0xc3280b82, 0xd4ffbd00, 0xbe00c400, 
    0xc5200582, 0xc6280584, 0xd3ffc000, 0xc100c700, 0xc8200582, 0x89440584, 0xff082205, 0x890410fe, 0x0d228604, 0x8944f7ff, 0xff2d23d4, 0x091000f5, 
    0x26ad0313, 0x00f8ff21, 0x82260009, 0x000a3a05, 0x00f6ff2b, 0xff2f000b, 0x000c00f5, 0x00f4ff33, 0xff36000d, 0x000e00f3, 0x2805823a, 0xff40000f, 
    0x001000f1, 0x34058243, 0xff470011, 0x001200f0, 0x00efff4c, 0xff4d0013, 0x001400ee, 0x28058251, 0xff560015, 0x001600ec, 0x2805825a, 0xff5d0017, 
    0x001800e9, 0x08058261, 0x65001926, 0x1a00e8ff, 0xe7ff6900, 0x6e001b00, 0x1c00e6ff, 0xe5ff7200, 0x76001d00, 0x1e00e4ff, 0xe3ff7a00, 0x7d001f00, 
    0x26080582, 0xff810020, 0x002100e2, 0x00e1ff85, 0xff8a0022, 0x002300e0, 0x00dfff8d, 0xff920024, 0x002500de, 0x00ddff95, 0x829a0026, 0x00272e05, 
    0x00dbff9e, 0xffa10028, 0x002900da, 0x280582a6, 0xffa9002a, 0x002b00d8, 0x080582ad, 0xb1002c20, 0x2d00d7ff, 0xd6ffb700, 0xba002e00, 0x2f00d5ff, 
    0xd4ffbe00, 0xc1003000, 0x3100d3ff, 0x0582c600, 0xc900322e, 0x3300d1ff, 0xd0ffcf00, 0xd2003400, 0x35280582, 0xceffd600, 0xd9003600, 0x3e080582, 
    0xffde0037, 0x003800cd, 0x00ccffe2, 0xffe60039, 0x003a00cb, 0x00caffea, 0xffee003b, 0x003c00c9, 0x00c8fff2, 0xfff5003d, 0x003e00c7, 0x00c6fffa, 
    0xffff003f, 0x014000c5, 0x00c4ff01, 0x82050141, 0x01423a05, 0x00c3ff0b, 0xff0d0143, 0x014400c2, 0x00c1ff11, 0xff160145, 0x014600bf, 0x3405821b, 
    0xff1e0147, 0x014800be, 0x00bdff22, 0xff260149, 0x014a00bc, 0x28058229, 0xff2d014b, 0x014c00ba, 0x28058232, 0xff36014d, 0x014e00b8, 0x2805823a, 
    0xff3d014f, 0x015000b6, 0x08058242, 0x46015132, 0x5200b5ff, 0xb4ff4a01, 0x4e015300, 0x5400b3ff, 0xb2ff5201, 0x56015500, 0x5600b1ff, 0xb0ff5a01, 
    0x5f015700, 0x5800afff, 0xaeff6201, 0x67015900, 0x44080582, 0xff6a015a, 0x015b00ad, 0x00acff6d, 0xff71015c, 0x015d00ab, 0x00aaff76, 0xff7a015e, 
    0x015f00a9, 0x00a8ff7e, 0xff820160, 0x016100a7, 0x00a6ff86, 0xff8a0162, 0x016300a5, 0x00a4ff8e, 0xff920164, 0x016500a3, 0x28058296, 0xff9a0166, 
    0x016700a1, 0x2805829e, 0xffa20168, 0x0169009f, 0x340582a7, 0xffab016a, 0x016b009e, 0x009dffae, 0xffb2016c, 0x016d009c, 0x3a0582b5, 0xffba016e, 
    0x016f009a, 0x0099ffbf, 0xffc20170, 0x01710098, 0x0097ffc6, 0x82cb0172, 0x73260805, 0x96ffce01, 0xd2017400, 0x750095ff, 0x94ffd601, 0xdb017600, 
    0x770093ff, 0x92ffde01, 0xe3017800, 0x790090ff, 0x0582e701, 0xea017a34, 0x7b008fff, 0x8effef01, 0xf2017c00, 0x7d008dff, 0x0582f701, 0xfa017e28, 
    0x7f008bff, 0x0582fe01, 0x02028034, 0x81008aff, 0x89ff0602, 0x0a028200, 0x830087ff, 0x05820f02, 0x02842608, 0x0086ff13, 0xff160285, 0x02860085, 
    0x0084ff19, 0xff1f0287, 0x02880083, 0x0082ff22, 0xff260289, 0x028a0081, 0x2805822a, 0xff2e028b, 0x028c007f, 0x08058232, 0x37028d2c, 0x8e007eff, 
    0x7dff3b02, 0x3e028f00, 0x90007cff, 0x7bff4202, 0x46029100, 0x92007aff, 0x79ff4b02, 0x4f029300, 0x940077ff, 0x05825302, 0x5702952e, 0x960076ff, 
    0x75ff5b02, 0x5e029700, 0x983a0582, 0x74ff6202, 0x67029900, 0x9a0073ff, 0x72ff6b02, 0x6e029b00, 0x9c0070ff, 0x05827302, 0x029d2008, 0x006fff76, 
    0xff7b029e, 0x029f006e, 0x006dff7f, 0xff8302a0, 0x02a1006c, 0x006bff87, 0x828a02a2, 0x02a32e05, 0x0069ff8e, 0xff9202a4, 0x02a50068, 0x28058298, 
    0xff9b02a6, 0x02a70066, 0x0805829f, 0xa302a83e, 0xa90065ff, 0x64ffa702, 0xaa02aa00, 0xab0063ff, 0x62ffaf02, 0xb302ac00, 0xad0061ff, 0x60ffb702, 
    0xba02ae00, 0xaf005fff, 0x5effbf02, 0xc302b000, 0xb1005dff, 0x5cffc602, 0xcb02b200, 0xb32e0582, 0x5bffcf02, 0xd302b400, 0xb50059ff, 0x0582d602, 
    0x02b62008, 0x0058ffdb, 0xffe002b7, 0x02b80057, 0x0056ffe2, 0xffe602b9, 0x02ba0055, 0x0054ffeb, 0x82ee02bb, 0x02bc2805, 0x0052fff2, 0x82f702bd, 
    0x02be2805, 0x0050fffc, 0x82fe02bf, 0xc0320805, 0x4fff0303, 0x0703c100, 0xc2004eff, 0x4dff0b03, 0x0f03c300, 0xc4004cff, 0x4bff1303, 0x1803c500, 
    0xc6004aff, 0x49ff1b03, 0x1e03c700, 0xc80048ff, 0x05822303, 0x04271210, 0x82002089, 0x001c3a00, 0x0bf40400, 0x03000627, 0x08050303, 0x03080b06, 
    0x07060404, 0x05030403, 0x21008806, 0x0a830303, 0x07080b2f, 0x06060807, 0x06030707, 0x070a0608, 0x82018208, 0x0a08290c, 0x04070908, 0x06050405, 
    0x33822482, 0x2e820282, 0x83090421, 0x05052131, 0x0a230d82, 0x83050607, 0x0307381e, 0x060b0705, 0x060f0406, 0x03040b04, 0x07040707, 0x0509040c, 
    0x85090904, 0x06032f5d, 0x07040906, 0x04090406, 0x04040706, 0x87850603, 0x0a0a0a24, 0x00840806, 0x83070b21, 0x20a48251, 0x83788203, 0x09062211, 
    0x82008207, 0x20a68504, 0x8306840a, 0x2228841f, 0x85080606, 0x82072007, 0x060825ac, 0x05070607, 0x3a820185, 0x06202984, 0x03831382, 0x09821982, 
    0x07202582, 0x03203b83, 0x0782fd82, 0x06060924, 0x60820803, 0x84040621, 0x85918201, 0x070a2126, 0x50824e85, 0x06214e84, 0x83018305, 0x244a8b58, 
    0x0a0a0607, 0x21708609, 0x28820604, 0x05245583, 0x05030403, 0x0282ce82, 0x02060923, 0x20008f04, 0x921a8506, 0x82e48205, 0x030224c2, 0x84040707, 
    0x23f182b8, 0x0c0c0808, 0x0e847882, 0x8f060621, 0x200f834a, 0x82008202, 0x0b052b07, 0x05040504, 0x07040405, 0x4082040c, 0x82070621, 0x244f823c, 
    0x0a080608, 0x283d8207, 0x08060708, 0x05050908, 0x204c8208, 0x220b830b, 0x83090b06, 0x23b282e8, 0x07050805, 0x08211183, 0x41dd8207, 0x05340549, 
    0x07060406, 0x0c0d0e03, 0x0e07090c, 0x06080a0b, 0x06080303, 0x83051741, 0x82062005, 0x82062055, 0x21368316, 0x69830906, 0x2c830620, 0x0d060722, 
    0x0b231184, 0x8307090a, 0x08c54121, 0x5a822f82, 0x3a840520, 0x09200583, 0x08206a83, 0x25831e82, 0x09260383, 0x06090606, 0xa4820a09, 0x05060627, 
    0x07050605, 0x241d8308, 0x07060904, 0x82088205, 0x040422d8, 0x84db8305, 0x202b8306, 0x25918207, 0x090b0c06, 0x01830708, 0x09060728, 0x07070b06, 
    0xeb820807, 0x08825a82, 0x0808092a, 0x090c0b07, 0x0b07070a, 0x4582d183, 0x6e820a20, 0x56840620, 0x06205e82, 0x6f821882, 0x77820720, 0x72821784, 
    0x03030324, 0xfd850a0c, 0x08060827, 0x08060a06, 0x21af8607, 0xeb820705, 0x0f820720, 0x08090922, 0x0383eb82, 0x0a830b20, 0x82070621, 0x22b6823f, 
    0x82080a07, 0x07082984, 0x0a080a06, 0x0a0b0308, 0x09202082, 0x10832e83, 0x29410420, 0x41062005, 0x81420631, 0x420f8408, 0x062b0860, 0x090a0506, 
    0x07070c0d, 0x82040607, 0x25258247, 0x08030807, 0x45840a08, 0x09216582, 0x83798208, 0x20c3821d, 0x82248204, 0x058d4106, 0x09070922, 0x0a26e982, 
    0x090a0305, 0xbc820a09, 0x04040424, 0x30820706, 0x82040521, 0x24028505, 0x0a0b0808, 0x421e820a, 0x0d820541, 0x0b0b0b22, 0x06240b85, 0x0c0a0a06, 
    0x0b210082, 0x8436820b, 0x05052102, 0x8505f743, 0x0a0a221f, 0x851d820d, 0x21538245, 0xf5820c0b, 0x00840920, 0x0b211985, 0x238a850b, 0x06060404, 
    0x6f421f82, 0x07072a05, 0x0e0c0b07, 0x0c0e0d0e, 0x2445850c, 0x0d0d0606, 0x21008210, 0x3a840e0e, 0x0d270482, 0x0f10100e, 0x860e0e10, 0x08082659, 
    0x040b0909, 0x83458303, 0x22c88231, 0x42070c0a, 0x032107e9, 0x20138203, 0x83cd8807, 0x0609231c, 0x4a840307, 0x00820b20, 0x04030c22, 0xe1823d82, 
    0x0c233684, 0x820b0d0c, 0x0d0d210b, 0x08370783, 0x09060807, 0x05270b13, 0x2a0c0000, 0x03030006, 0x07090604, 0x8204090b, 0x04082468, 0x41050405, 
    0x07280821, 0x08070404, 0x090c0507, 0x07268982, 0x04090807, 0x27820806, 0x09080922, 0x5c824182, 0x07080822, 0x07292e82, 0x07070306, 0x05070706, 
    0x222e8307, 0x82070a04, 0x84052000, 0x821682f7, 0x29168253, 0x060c0706, 0x07120506, 0x50820c04, 0x0703072c, 0x060a040d, 0x03080b04, 0x55820704, 
    0x06060424, 0x3e82050a, 0x05050a27, 0x03040408, 0x20878407, 0x20c18207, 0x23cb8405, 0x07080c09, 0x48820082, 0x0f850420, 0x84070921, 0x08082107, 
    0x07231784, 0x87060a07, 0x8207831f, 0x22178603, 0x84090707, 0x08494301, 0x87410820, 0x43248408, 0x23830520, 0x260a3b44, 0x0406070a, 0x820a0708, 
    0x040721b3, 0x06220182, 0x44850407, 0x4a840b20, 0x05820920, 0x83050821, 0x20f08201, 0x07a44206, 0x05852185, 0x43090b21, 0x4682051c, 0x042a1e83, 
    0x05050503, 0x05040403, 0x0183090b, 0x44070821, 0xe98212f3, 0x07220295, 0x89820909, 0x07040223, 0x21e18408, 0xf7830a07, 0x820e0e21, 0x83bf827a, 
    0x13f34405, 0x00820320, 0x05236f82, 0x8305040c, 0x0703321e, 0x0704040d, 0x0a070507, 0x08070708, 0x09070908, 0x8208820b, 0x080724c6, 0x82050a08, 
    0x070422ea, 0x2614820c, 0x0a0d0709, 0x8208070a, 0x06062154, 0x1183de82, 0x0d830920, 0x06060723, 0x20038307, 0x2bcf8204, 0x0d0d0f10, 0x0d0f070a, 
    0x0407090b, 0x85061541, 0x244d82f3, 0x0a0c0709, 0x203f8209, 0x850b8408, 0x0708232c, 0x2083080d, 0x07831983, 0x4108c541, 0x13840644, 0x35820620, 
    0x82090921, 0x41038263, 0x07280962, 0x0a060906, 0x0608090a, 0x0623fa82, 0x83080506, 0x04072121, 0x0521a082, 0x05474708, 0x06060524, 0x00820406, 
    0x07210682, 0x82178207, 0x0e062391, 0x6f83090d, 0x08080922, 0x0c221182, 0x0d820907, 0x82090b21, 0x250f8205, 0x0809080c, 0xfa820d0c, 0x080c0822, 
    0x45828682, 0x82060a21, 0x05104207, 0x0a20e282, 0x0a260c82, 0x070a080a, 0xbd420b06, 0x205b8206, 0x8215830b, 0x8209200e, 0x060a2197, 0x08246483, 
    0x07060707, 0x0c203c82, 0x15822882, 0x33829582, 0x080a0823, 0x42ab840d, 0x09220567, 0x70820a07, 0x07267682, 0x090b090b, 0x0d820c04, 0x67820a20, 
    0x0720e682, 0x0f410e82, 0x82072005, 0x07092251, 0x8245820c, 0x20f589e8, 0x05bf4206, 0x05256582, 0x0d0d0a0b, 0x22988207, 0x82080905, 0x0907261f, 
    0x09080409, 0x82d0820b, 0x8208200e, 0x213a82c3, 0x1f830609, 0x42040721, 0x0684060d, 0x0a070a29, 0x0b09090c, 0x840b0405, 0x820720cb, 0x215283c4, 
    0xd143050c, 0x09092709, 0x0b0b0b0c, 0x81440a0a, 0x220d8205, 0x850c0b0c, 0x07072476, 0x820d0b0b, 0x0c0c2100, 0x02843682, 0x08060622, 0x83086443, 
    0x0e0e231d, 0x2b870e0d, 0x0d0c0a23, 0x2100870c, 0x19820b0b, 0x07200e82, 0x04209185, 0x55887384, 0x0f0d0c25, 0x440f0e0f, 0x072308d3, 0x82110e0e, 
    0x10102100, 0x0e223d87, 0x0f84120f, 0x09235986, 0x83090a09, 0x06052181, 0x0a211084, 0x2295820a, 0x88050708, 0x88158293, 0x080827cd, 0x060a0b0b, 
    0x89880307, 0x04030d22, 0xe082d284, 0x0d239482, 0x820c0e0d, 0x820e20ed, 0x0c0c2100, 0x072a5782, 0x2a0b1409, 0x0d000005, 0xf344072e, 0x0c082a05, 
    0x05050409, 0x06040807, 0x82ea8404, 0x390282ed, 0x08070404, 0x090d0607, 0x080a0809, 0x040a0907, 0x0d070907, 0x0a080a0a, 0x03820809, 0x05820d20, 
    0x82060521, 0x29248381, 0x08050808, 0x08040408, 0x36820c04, 0x07060826, 0x0b070806, 0x2c05aa44, 0x06040707, 0x06060d07, 0x04081205, 0x2050820d, 
    0x220d8207, 0x82070b05, 0x06f34428, 0x0a070723, 0x2c658205, 0x0805050a, 0x08040505, 0x05040409, 0x22cd8206, 0x8409060b, 0x080d2100, 0xf4830083, 
    0x20060b49, 0x20078407, 0x05b14208, 0x0b070723, 0x841f8707, 0x20048728, 0x057f4307, 0x20058943, 0x220d8208, 0x8a0a090a, 0x08092120, 0x0a230185, 
    0x44080a08, 0xb3820a3b, 0x08090426, 0x0407080b, 0x05240182, 0x04080707, 0x2005d642, 0x8526820c, 0x06092109, 0x30450183, 0x05e64205, 0x05851785, 
    0x3a820d20, 0x04201b85, 0x06220682, 0xf3440404, 0x0d062205, 0x2201830b, 0x82020708, 0x21028d0f, 0xf1440c07, 0x0b0b2415, 0x82090908, 0x040222dc, 
    0x05f34408, 0x440b0821, 0x0d8505f3, 0x07209a82, 0x0d85488d, 0x00820320, 0x0605052e, 0x06050d06, 0x04040405, 0x040d0706, 0x08214083, 0x22fb840b, 
    0x840a0709, 0x08092608, 0x0c090907, 0x22ea8205, 0x820c0704, 0x080a25b9, 0x080a0b0e, 0x08251582, 0x05080605, 0x22118208, 0x82080909, 0x070821c0, 
    0x06310083, 0x06070408, 0x0e101104, 0x11080b0e, 0x07090b0e, 0x06154104, 0x0826f385, 0x07090709, 0x4f410b0d, 0x07082109, 0x09232c83, 0x82090e08, 
    0x83198253, 0x41092005, 0x348308a5, 0x09060923, 0x20078306, 0x21058207, 0x6a830a09, 0x4e851f83, 0x78820a20, 0x060a0628, 0x09090c0c, 0x80830707, 
    0x21850620, 0x080b0424, 0x0f820609, 0x04060522, 0xde82e083, 0x08210684, 0x27178208, 0x07040408, 0x090a0e0f, 0x08210183, 0x22118209, 0x820a080d, 
    0x0a0d220b, 0x224d820a, 0x820c0908, 0x0f0e2618, 0x09090c0a, 0x2367830e, 0x0a080806, 0x39830382, 0x08080826, 0x0c070607, 0x6f829c82, 0x07080b23, 
    0x2210820b, 0x82070608, 0x0c0422e1, 0x200b820c, 0x232a8207, 0x0a080a09, 0xe5825282, 0x06070824, 0xeb820608, 0x82080a21, 0x090a24b7, 0x820a0809, 
    0x090b271b, 0x090a0b0e, 0x0c420708, 0x08092605, 0x0809080c, 0x261b8209, 0x0a0b0a0b, 0x820a0d04, 0x263e8224, 0x0809080a, 0x41040b0d, 0x08200529, 
    0x0e820c82, 0x08214582, 0x093c4207, 0x26083a47, 0x0c060808, 0x820d0f0b, 0x05072250, 0x284b8209, 0x0a0a0808, 0x0d090904, 0x8207820a, 0x0c082592, 
    0x080b0c09, 0x0724c782, 0x04080807, 0x07837782, 0x08230683, 0x820c070a, 0x060b22e9, 0x201f8204, 0x2211820b, 0x84040404, 0x0506212f, 0x4908f842, 
    0x07200993, 0x0d820082, 0x0d0c0d22, 0x74821c87, 0x0e0e0e24, 0x5f440d0d, 0x82062008, 0x4d0920c6, 0x0826065c, 0x0f0f0c0c, 0x2b870f0e, 0x0e0d0b22, 
    0x8309f444, 0x21378219, 0x91840808, 0x0c207385, 0x0d262987, 0x1010110e, 0x39880f10, 0x13101028, 0x11131212, 0x00860c11, 0x13200f82, 0x2f860f83, 
    0x82090921, 0x04052494, 0x84070505, 0x0b0a2410, 0x440e0c0c, 0x07200af3, 0x05201682, 0x0826cd88, 0x070b0c0b, 0x49840408, 0x00820d20, 0x05040e22, 
    0xae82e087, 0x0f0e0e23, 0x20a4820d, 0x3800820f, 0x0a090d0d, 0x160a070b, 0x00062e0d, 0x08350f00, 0x04040400, 0x0f090b07, 0x2568820b, 0x06040a08, 
    0xea830705, 0x05210385, 0x3e078205, 0x0a0b0f07, 0x09090b0a, 0x08040b0b, 0x0b0d080a, 0x0a0c0a0c, 0x0b0b0809, 0x090a0a0f, 0x82060706, 0x09082d74, 
    0x06090908, 0x04040909, 0x090c0409, 0x06220082, 0x2f820707, 0x08070825, 0x82050405, 0x07063616, 0x0608080f, 0x0f050915, 0x07070404, 0x060f0806, 
    0x0e05070d, 0x222e820a, 0x82080909, 0x820c20c2, 0x0c06323b, 0x060a0606, 0x0b090406, 0x08050505, 0x0d0d0d09, 0x050c4407, 0x820a0f21, 0x82092050, 
    0x0b0422a4, 0x21dd840b, 0x18830c09, 0x0a0a0a23, 0x21008408, 0x1f87080d, 0x0586b385, 0x07090724, 0x0183080b, 0x20075542, 0x88c3830b, 0x05784922, 
    0xf3440585, 0x090d250a, 0x090a0408, 0x08270583, 0x08060804, 0x85050908, 0x090d2422, 0x840c090b, 0x820a2001, 0x060a21a5, 0x2105a042, 0x01830708, 
    0x0f234a8b, 0x43070a0b, 0x052105fc, 0x2a1c8209, 0x06060404, 0x05050406, 0x830b0f07, 0x070a2201, 0x840f8202, 0x08405002, 0x820e0821, 0x210294ea, 
    0xbe820b09, 0x05020923, 0x206e8209, 0x20008209, 0x22f2820d, 0x8210100a, 0x84082057, 0x4e092062, 0x098909e5, 0x2d06f344, 0x07060f07, 0x05050506, 
    0x050f0806, 0xad820904, 0x090a0c25, 0x820a0a09, 0x820d2050, 0x0b092208, 0x275c8209, 0x0a06060e, 0x0e080409, 0x0c26d982, 0x0c0d1009, 0x27820a09, 
    0x09070624, 0x11820806, 0x22820b20, 0x09090823, 0x20008308, 0x30258207, 0x12140408, 0x090d1010, 0x0b0d1013, 0x0c040408, 0x20f58909, 0x22558209, 
    0x830d0f08, 0x090a2210, 0x2001820c, 0x232c8409, 0x0a0f090b, 0x19821382, 0x21840c20, 0x00820920, 0x00820420, 0x0a232183, 0x82060a06, 0x8298821b, 
    0x0b0c2105, 0x0b206782, 0x60416c82, 0x27878205, 0x080c0707, 0x0a0b0e0e, 0x07241382, 0x0a070808, 0x73828c84, 0x072a3682, 0x05070608, 0x07070606, 
    0x06850507, 0x70820920, 0x0424c682, 0x0c101108, 0x0a236f82, 0x820a0a0b, 0x820e2011, 0x0c0a24df, 0x820c0b0d, 0x09082c0e, 0x0b0c0a0e, 0x0e0c0f0e, 
    0x84100a0a, 0x21338253, 0x00820907, 0x82090b21, 0x20608200, 0x2068820c, 0x223d820c, 0x820d0808, 0x05b84110, 0x0e0e0422, 0x26820b82, 0x2108f841, 
    0xaf820a08, 0x05820920, 0x090c0f23, 0x82158307, 0x0c0a2c03, 0x110a0d0a, 0x0a0a0c0d, 0x45080808, 0x0f2e051b, 0x0a090a0a, 0x0d090b09, 0x040b0d0b, 
    0x28860c0e, 0x0e221082, 0x2941040c, 0x82092005, 0x090b220c, 0x2245820e, 0x420b0809, 0x08200958, 0x20055442, 0x2a65820b, 0x0f110b0e, 0x09080809, 
    0x820a0b06, 0x0b09241f, 0x820a040c, 0x8208204d, 0x837f82cd, 0x0a0922cd, 0x241f8308, 0x08090409, 0x82028309, 0x09072e03, 0x0c0c080c, 0x070d0b0b, 
    0x0a0d0d04, 0x2311820d, 0x09040404, 0x0c220082, 0xf6420607, 0x0f0b2609, 0x0c0e0d0e, 0x82ad820c, 0x820c2002, 0x0f0e210d, 0x0d271c87, 0x1010110d, 
    0x430f0f11, 0x0721070e, 0x05074f07, 0x0d251f85, 0x1011110e, 0x260b8511, 0x0f0c0909, 0x860c0f10, 0x21198400, 0x47820f10, 0x8c820820, 0x0c207386, 
    0x0f262987, 0x12131310, 0x39881112, 0x16121227, 0x14161515, 0x243c8614, 0x1613120c, 0x860f8316, 0x0b0b282f, 0x050f0c0c, 0x82060505, 0x2712824a, 
    0x0e0e0c0c, 0x06090910, 0x83078a4d, 0x21cd8861, 0xca820a0a, 0x04090822, 0x0f264a84, 0x100e0f0f, 0x3d820504, 0x0e0e0e24, 0xcc820c0c, 0x82111121, 
    0x0e0d21cc, 0x122f7b82, 0x0b0b0f0f, 0x190c090b, 0x0007350e, 0x44381000, 0x102807f3, 0x0606040b, 0x07040a08, 0x230ef344, 0x1007090a, 0x0c2d3082, 
    0x0b0b090a, 0x090b0804, 0x0a0d0c0f, 0x05f3440d, 0x0a0a0b29, 0x09060706, 0x44090508, 0x0e220af3, 0xa3820a09, 0x09070825, 0x82090b09, 0x06f3441a, 
    0x08081033, 0x05091706, 0x07040410, 0x10080707, 0x05080e06, 0x08f3440f, 0x060d0930, 0x0d07090a, 0x060a0606, 0x0b090506, 0x87820505, 0x0720b882, 
    0x2005f344, 0x20668210, 0x202b820a, 0x20db8204, 0x2100830d, 0xf3440d09, 0x205f8205, 0x20008209, 0x08f3440e, 0x0a090a22, 0x80830083, 0x0a201782, 
    0x0b208082, 0x08200383, 0x2205fb44, 0x820c0b0c, 0x050b4819, 0x1f821b88, 0x44090c21, 0x0b250ef3, 0x09090d09, 0x24018204, 0x0a080906, 0x05884305, 
    0x0c0a0e23, 0x20f78309, 0x22f2820d, 0x820a060a, 0x20f28219, 0x14f34408, 0x080a0922, 0x05210183, 0x241e8209, 0x06060404, 0x0af34407, 0xf3440920, 
    0x08325508, 0x820f0921, 0x200294ea, 0x23b0820a, 0x0502090c, 0xce827282, 0x7f820920, 0x1022dd82, 0x93460910, 0x8a438808, 0x82032008, 0x30738200, 
    0x07061007, 0x05050506, 0x05100807, 0x070a0a04, 0x82b8820a, 0x3bcc823d, 0x090a0a0e, 0x090a0c0a, 0x060e0c0c, 0x04090b06, 0x0a0c0e09, 0x110a0d0d, 
    0x0b0a0d0e, 0x072aef82, 0x08060907, 0x0c0c0a0c, 0xc5820a0b, 0x08080a23, 0x82c78209, 0x04082a25, 0x11121315, 0x11150a0e, 0x2034820e, 0x202c8304, 
    0x0660410b, 0x10200684, 0x10834682, 0x820a0d21, 0x222c8469, 0x8211090b, 0x090b22c0, 0x21598410, 0x7682090b, 0x82040921, 0x44218400, 0x082007f3, 
    0x0d203382, 0x1f836a83, 0x82056041, 0x0709273f, 0x0e0e080c, 0x7c840b0c, 0x0b070823, 0x2021820b, 0x22738309, 0x44090a07, 0x062008f3, 0x2205f344, 
    0x820d0a0a, 0x04042580, 0x0c111208, 0x0b286f83, 0x0d090b0a, 0x0c0a0e0a, 0x0f220d82, 0x0e820d0b, 0x0e09082c, 0x100b0c0b, 0x0b0f0c11, 0x6783110b, 
    0x0c224582, 0x8f820a08, 0x94820d20, 0x0c24de83, 0x0e090909, 0x09223282, 0x09820e08, 0x08070a23, 0x20a78208, 0x240b820e, 0x0a09090a, 0x83d1820c, 
    0x090b2103, 0x07243282, 0x090b080a, 0x0820ea82, 0x0a221184, 0x07830b0d, 0x0d0e1224, 0xf3440b0a, 0x05e94507, 0x0e229282, 0xf3440e0b, 0x0b0d2105, 
    0x2805f744, 0x0b040e10, 0x10090b09, 0x0519460e, 0x0a204583, 0x41834782, 0xed83f983, 0x21827d82, 0x0f07092b, 0x0910120c, 0x06090a08, 0x3431820b, 
    0x0d0b0a0a, 0x0f0b0b04, 0x0b0d090c, 0x0a080a0a, 0x0c0c0b0e, 0x24078209, 0x0a090808, 0x84318304, 0x080a25c5, 0x0c090c09, 0x0e291b82, 0x0e0e0407, 
    0x08090e0a, 0x20c48209, 0x221f820a, 0x8306070e, 0x27298406, 0x0f100c0c, 0x0d0d0f0e, 0x0282ad82, 0x0f210d83, 0x82188410, 0x0e0e2704, 0x12111112, 
    0x5f441010, 0x820b2009, 0x09092200, 0x2500840a, 0x12130f0e, 0x2b871212, 0x11100d23, 0x08b44210, 0x11241982, 0x09101011, 0x21058545, 0x6d820a04, 
    0xaf530e20, 0x11102508, 0x14131415, 0x13223989, 0x00821713, 0x87151521, 0x1413273d, 0x17161718, 0xf3441515, 0x0d0d2608, 0x06050611, 0x250f8506, 
    0x0f0f0d0d, 0xf3440a11, 0x48158209, 0x09830601, 0xca820a20, 0x050a0922, 0x10264a84, 0x120f1010, 0xd2840605, 0xcc82e082, 0x1021ae82, 0x39b68410, 
    0x0b101013, 0x0d090c0b, 0x0738101b, 0x3c110000, 0x04040009, 0x0a0d0805, 0x68830c10, 0x07050a24, 0xe3840705, 0x05210484, 0x21068205, 0xfa821108, 
    0x0a0a0d28, 0x09050c0c, 0x4f820a0c, 0x0b0d0b2c, 0x0d0c0b0a, 0x0a0b0b0f, 0x9c820706, 0x09252482, 0x0a070a0a, 0x212e820a, 0x31820f05, 0x08070a26, 
    0x0d090a08, 0x1f829682, 0x072b1682, 0x09091109, 0x060a1707, 0x82050511, 0x11092908, 0x06080f06, 0x05040b10, 0x0b202b82, 0x0e211182, 0x203e8207, 
    0x05f3440e, 0x87850a20, 0x0f0f0f24, 0x00840b08, 0x820b1121, 0x225a8225, 0x850d0505, 0x0d0a2200, 0x8200820c, 0x22a2841b, 0x87090f0a, 0x200f851f, 
    0x242f840a, 0x090a090a, 0x480a820b, 0x0d22098e, 0xd8890d0c, 0x880c0a21, 0x840d2001, 0x05194e5b, 0x0a0e0527, 0x0a0c0509, 0x23b3820e, 0x060a050a, 
    0x06224482, 0x01830a0d, 0x850b0f21, 0x0a0d2307, 0x0183070b, 0x4505d744, 0x4a88064c, 0x0f0a0c23, 0x05dc430d, 0x06090a31, 0x080b080a, 0x06070505, 
    0x05060407, 0x830d0f07, 0x090b2201, 0x10a74403, 0x82100921, 0x270294ea, 0x090c0b0a, 0x05030a0e, 0xb8847282, 0x820c0e21, 0x13132100, 0xdb827a82, 
    0x0a209a82, 0xe5524b90, 0x07072408, 0x82070611, 0x0706250d, 0x05061109, 0x22052843, 0x820b0a0a, 0x0f0d2250, 0x2c4c820b, 0x0c0a0a0c, 0x07070f0c, 
    0x09050a0c, 0x23d98211, 0x0f120a0d, 0x5a82da82, 0x0b080728, 0x0b0d0b07, 0x22820c0d, 0x0a0a0923, 0x054f4309, 0x0b0a072b, 0x13151605, 0x160a0e13, 
    0x22408212, 0x8a0d0505, 0x0b0a21f3, 0x11210182, 0x0551410f, 0x35824c82, 0x0c232c83, 0x830b120a, 0x84112053, 0x840b2059, 0x820520c2, 0x82218300, 
    0x827b8263, 0x82082062, 0x820d2035, 0x83092007, 0x0862411f, 0x0e090931, 0x0c0f0f09, 0x0b0a090b, 0x08090908, 0x830d0d0b, 0x0a0e2853, 0x090b070c, 
    0x82080709, 0x080821d8, 0x06200583, 0x0a210682, 0x2d17820a, 0x0905050a, 0x0c0d1213, 0x0b0c0b0d, 0x11820b0b, 0x0d0a1122, 0x0f220d82, 0x0f830d0c, 
    0x820f0b21, 0x121126cf, 0x0c0b100d, 0x256b8212, 0x0a0c080a, 0x2682080f, 0x95829e82, 0x0909092e, 0x0a0a090f, 0x0e0b100f, 0x0a0f090a, 0x08220082, 
    0xa7820809, 0x0b821120, 0x0a218182, 0x2d26820d, 0x0c0e0a0f, 0x0a0b0a0b, 0x090b080a, 0x19820a0b, 0x0a0d0828, 0x0a0c0c0d, 0x01830b0e, 0x0e0f1323, 
    0x0767420b, 0x100a0c27, 0x0c0a0c0d, 0x2562820b, 0x050c0f0c, 0x24820f11, 0x0a0c0c24, 0x18820a0d, 0x41050e21, 0x0a200529, 0x0c200c82, 0x0a214584, 
    0x425d8209, 0x3a4b065a, 0x25a18207, 0x130e1008, 0x69820a11, 0x840b0721, 0x0d0c2575, 0x0f0d0c05, 0x0e827283, 0x0f2bcd82, 0x090c0a0e, 0x0a09090a, 
    0x850a050a, 0x090a2d07, 0x0f0a090b, 0x0b0f0f09, 0x05080f0d, 0x0f200682, 0xc4821882, 0xeb82cd82, 0xf8420620, 0x0d0d2108, 0x44053158, 0x11230751, 
    0x87111010, 0x0f0f271c, 0x13121313, 0x0a431111, 0x08052406, 0x820b0c08, 0x251e86c7, 0x1314100f, 0x0c861313, 0x110e0a24, 0xb4421112, 0x83198208, 
    0x850a2037, 0x84052091, 0x870f2073, 0x12122529, 0x15141516, 0x14273989, 0x18181914, 0x87161619, 0x1514223d, 0x21108219, 0x2f861616, 0x0e0b0b29, 
    0x0506120d, 0x84090706, 0x0e0e2710, 0x0b121010, 0x9387070a, 0x16820920, 0x26089f44, 0x100f0b0b, 0x820a090e, 0x0f0f2bee, 0x1110110f, 0x06051310, 
    0xd2820d0d, 0x0e0e1022, 0x1320cc83, 0x0f36cc82, 0x13141410, 0x0b111114, 0x0d0a0e0c, 0x083c101d, 0x43130000, 0x4f82000a, 0x0b0d092c, 0x07050d11, 
    0x050b0a07, 0x6b440608, 0x820b2006, 0x06062100, 0x092b0482, 0x0c0d0d13, 0x0d0b0c0e, 0x820a070e, 0x0f0e2527, 0x0b0d0f0c, 0x11209a82, 0x07341682, 
    0x0a0b0708, 0x0a0b0b05, 0x0b080b0b, 0x0b05050b, 0x0c0b1106, 0x09200b82, 0x0f200d82, 0x08211682, 0x23088207, 0x13090905, 0x19241382, 0x0513060b, 
    0x07280b82, 0x1007130a, 0x0d120609, 0x5e822e82, 0x0a0a0623, 0x3324820f, 0x06070f08, 0x0507070b, 0x06060d0b, 0x110b0907, 0x0d091111, 0x13210084, 
    0x2000830c, 0x83008207, 0x22dd82c9, 0x820e0f0b, 0x0c0d2200, 0x823c820d, 0x0a112102, 0x7a820482, 0x0b050522, 0x8305fb4e, 0x211a8480, 0x01830b0d, 
    0x26058b43, 0x0d0e0a0c, 0x820c0c0e, 0x8503851b, 0x0b0d221b, 0x2101820e, 0x01870507, 0x82100521, 0x0b0d25cd, 0x060b0b10, 0xda820182, 0x42070b21, 
    0x112505d6, 0x0f0b0e0c, 0x2101830c, 0x0183080d, 0x2106e242, 0x01820b08, 0x05852185, 0x4f0f1121, 0x0c2205fb, 0x2282070a, 0x0505082b, 0x05080707, 
    0x11080606, 0x2201830f, 0x5a030b0d, 0x0986091f, 0x82120a21, 0x2a0294ea, 0x0a0e0d0c, 0x06030b0e, 0x84070c0b, 0x0d1026ce, 0x150e0e0d, 0x20578216, 
    0x820f820a, 0x554b9003, 0x04200540, 0x082d7382, 0x07080713, 0x07060808, 0x0506130a, 0x2532820b, 0x0b0b0c0f, 0x50820c0c, 0x08831120, 0x0b0c0e29, 
    0x08110e0e, 0x820b0d07, 0x0c0e2920, 0x140c0f0f, 0x0d0b0f11, 0x08242782, 0x0b090c08, 0x0e271182, 0x0a0c0b0e, 0x820a0c0c, 0x090a2f66, 0x0c0b070b, 
    0x15171905, 0x180b1015, 0x34821114, 0x0c0f0522, 0x0b21f589, 0x2201820d, 0x840e1113, 0x0c0f2207, 0x8335820f, 0x0b0d232c, 0x13830d16, 0x0f111323, 
    0x2621830c, 0x0b0c0b0c, 0x82070507, 0x220f823a, 0x83080d08, 0x090b2140, 0x0f212182, 0x206a820e, 0x411d820d, 0x1d820560, 0x090b2508, 0x1111090f, 
    0x0b0a0d0e, 0x0a0a090c, 0x0d0e0d09, 0x050a0b0c, 0x080d0b0f, 0x070a0a0d, 0x07070609, 0x07090909, 0x0c210685, 0x2b17820c, 0x0a07070b, 0x0d0f1415, 
    0x0d0f0b0e, 0x23086c82, 0x0c130c10, 0x0f0d0e0e, 0x0e0f0e11, 0x0b0b0c0c, 0x0d0f0d11, 0x120f1515, 0x0d150d0d, 0x090b0b0b, 0x09110b0d, 0x39821782, 
    0x0a231c82, 0x830f0b09, 0x8210207c, 0x110a210e, 0x0b271e82, 0x05090a09, 0x82120505, 0x052b410b, 0x19820f20, 0x0d0d0f23, 0x2932820b, 0x0d0a0c09, 
    0x0c11130b, 0xe7820e09, 0x03820d20, 0x100c0f25, 0x8311150c, 0x225683f3, 0x820e0b0b, 0x2029826c, 0x2962820b, 0x070d110d, 0x0b0d1113, 0xea820d10, 
    0x12229582, 0x2941050f, 0x820c2005, 0x840e2025, 0x0a0c2345, 0x49830c0e, 0x49820f20, 0x7c83ed82, 0x0b253982, 0x150f1209, 0x200c8313, 0x28758208, 
    0x0e0c0c0d, 0x0d0d070f, 0x20dc8211, 0x8290820e, 0x0e0f2c56, 0x0c0a0c0b, 0x0c0b0a0a, 0x820a0b05, 0x840c2027, 0x0f0b2d0e, 0x0d110f0b, 0x0709110e, 
    0x110d1011, 0xc4821882, 0x1d820c20, 0x33561082, 0x0e0e2808, 0x11111212, 0x840a1010, 0x0e0f2400, 0x84121213, 0x23268268, 0x1511110b, 0x13210082, 
    0x095f4413, 0x00820d20, 0xf6820b20, 0x00820c20, 0x16121125, 0x83161515, 0x23038327, 0x13141310, 0x4408b442, 0x0b2106d5, 0x2391820b, 0x0c05050b, 
    0x11216d82, 0x27298711, 0x18181414, 0x15151717, 0x17270f87, 0x1b1b1b17, 0x8719191c, 0x1817273d, 0x1b1a1b1c, 0x1f861919, 0x0f0d0d29, 0x0607140f, 
    0x840a0707, 0x0f0f2610, 0x0c141212, 0x06f3440b, 0x0d431584, 0x27648305, 0x11110d0d, 0x050c0a0f, 0x13284a84, 0x15121312, 0x0f0f0705, 0x1224d282, 
    0x11111010, 0x1321ae83, 0x3cb68213, 0x13171616, 0x0e0e0d13, 0x12200f0b, 0x00000943, 0x000a4614, 0x09050505, 0x0e120b0e, 0x24528205, 0x0608050d, 
    0x846d8409, 0x06f34404, 0x0d0d0f33, 0x0e0b0c0f, 0x0e0b070f, 0x100f110b, 0x0c0d100d, 0x305c820b, 0x070c0d0e, 0x0a0b0709, 0x0a0c0b06, 0x0c080c0c, 
    0x22ef820c, 0x820c1106, 0x0a082200, 0x44218209, 0x14270af3, 0x1b080b0b, 0x8214070c, 0x0809286a, 0x1107140a, 0x4413070a, 0x0b2e08f3, 0x0b0c0810, 
    0x06081008, 0x0607070d, 0xf0830e0c, 0x12120c24, 0x0a460912, 0x0d142105, 0x2207f344, 0x83100f0f, 0x100b2100, 0x0d211883, 0x08f3440d, 0xc4821f83, 
    0x07830520, 0xf9440382, 0x0b0f2208, 0x48b0820f, 0x0f21073d, 0x0881500e, 0x0e212482, 0x2301850c, 0x0c0f0c0f, 0x250af344, 0x050b0c11, 0x05820c0e, 
    0x2106f344, 0x8843070c, 0x82122005, 0x0c102126, 0xf3440183, 0x05484505, 0x8505f944, 0x20058521, 0x09f34413, 0x0b0a0c2e, 0x08050509, 0x06050808, 
    0x0f130906, 0xf3440183, 0x130b2113, 0x0294ea82, 0x0f0d0c2b, 0x030b100b, 0x090d0c06, 0x2100820b, 0xf344110c, 0x410c2005, 0xf344089f, 0x1309341a, 
    0x08070907, 0x0a080708, 0x0c050714, 0x100c090c, 0x820c0c0d, 0x0f0b223f, 0x82088212, 0x0f0b34cc, 0x0709110e, 0x0b070c0e, 0x100c0f15, 0x11150c10, 
    0x820d0c10, 0x09082ad5, 0x0f0b090c, 0x0e0e0f0d, 0x08f3440c, 0x25820a20, 0x1a050d30, 0x11161618, 0x12151a0c, 0x05070b0f, 0xf5890c10, 0x0b0f0c29, 
    0x11140b0f, 0x820e0c0f, 0x0c102201, 0x83388210, 0x0c0e232c, 0x24820d16, 0x2c821982, 0x0c202182, 0x07210082, 0x253a8305, 0x080d0c10, 0x1b82080d, 
    0x0a0b0c22, 0x10213582, 0x2231820e, 0x820c0b0f, 0x06624139, 0x0f090b2e, 0x0e13130a, 0x0c0b0a0d, 0x090a0a0a, 0x0c328d82, 0x10050b0c, 0x0d090e0c, 
    0x09080a0b, 0x09080806, 0xfd830909, 0x36830682, 0x0725c682, 0x0f16170b, 0x2289820e, 0x820d0d0f, 0x0c142848, 0x100e0f0f, 0x82100f11, 0x0b0b2d0e, 
    0x0e100e11, 0x130f1515, 0x0e160e0d, 0x09276782, 0x0a110c0d, 0x820c0c0c, 0x2d05829e, 0x110b090a, 0x110b0d0b, 0x0b100d12, 0x1082110a, 0x0a090c27, 
    0x0505050a, 0x210b8312, 0xd3860b0b, 0x0d0d1134, 0x0b0c0d0b, 0x0e0b0d09, 0x0c11130b, 0x100c0f0a, 0x03820e0d, 0x110d1027, 0x1011160e, 0x20ab820d, 
    0x22218209, 0x820c0e0b, 0x0d0c2165, 0x122a3582, 0x070e120e, 0x0b0e1114, 0xea820e11, 0x0b0e0d25, 0x41051012, 0x0c210529, 0x2110820c, 0x4582140c, 
    0x85050d4a, 0x430e20f5, 0x5f8205e5, 0x13090c25, 0x82141610, 0x080b237a, 0x4b820d0f, 0x100f0c28, 0x110e0e07, 0xcd820b0f, 0x820b0c21, 0x10112a70, 
    0x0c0b0c0c, 0x0c0c0a0a, 0x82078206, 0x0c0c3128, 0x0c0a0d0a, 0x110f0b11, 0x09120f0f, 0x0d111207, 0x06225c83, 0xce830606, 0x08091122, 0x03840683, 
    0x130f0f25, 0x44121213, 0x0f2408f3, 0x13131314, 0x04821884, 0x16121222, 0x14210082, 0x073e4c14, 0x0e0a0925, 0x880e0d0d, 0x1713241d, 0x87171617, 
    0x1410240d, 0x86111415, 0x13122300, 0xa1531717, 0x85918405, 0x08a35873, 0x1a151526, 0x17191819, 0x18273988, 0x1c1c1d18, 0x861a1a1d, 0x1811243c, 
    0x831d1d19, 0x2859860f, 0x10100f0f, 0x07060715, 0x05c54308, 0x13101027, 0x0b0d1513, 0x21938508, 0xeb830707, 0x0d21cd88, 0x22ca820d, 0x84060c0b, 
    0x1314284a, 0x06161314, 0x83101007, 0x101031d2, 0x16171212, 0x14141716, 0x17181312, 0x14141817, 0x0b345782, 0x46122210, 0x15000009, 0x05000b4a, 
    0x0f0a0505, 0x050f130c, 0x0d245282, 0x09060805, 0x21082141, 0xc083060c, 0x0f140a33, 0x0d0f0e0e, 0x070f0f0c, 0x130c0e0b, 0x110e1110, 0x06f3440e, 
    0x09080d2a, 0x060b0b08, 0x0d0b0d0c, 0x3409f344, 0x080d0d0d, 0x0b0c090a, 0x0b0b0c11, 0x0c080708, 0x0a08050c, 0x320a8215, 0x15070c1c, 0x0a0a0505, 
    0x08150b08, 0x14070a12, 0x8305050d, 0x0b062469, 0x8208110b, 0x0811283e, 0x08080d06, 0x820f0c06, 0x820a20f0, 0x0a1222cd, 0x2100840f, 0x50820e15, 
    0x82070d21, 0x100f2100, 0x0c21dd84, 0x22178311, 0x850e0e0d, 0x0b1221a7, 0x2107f344, 0x29830c0d, 0x10830582, 0x0b0d0b22, 0x48059643, 0x0f200790, 
    0x1b83c382, 0x1b850385, 0x10200583, 0x290bf344, 0x050b0c12, 0x0c120c0e, 0x0182060c, 0x0b0c0824, 0x9042070c, 0x0d132505, 0x0d110c10, 0x0e210183, 
    0x44018308, 0x112018f3, 0x2f07404a, 0x0b0a0c07, 0x08060509, 0x07050908, 0x11130907, 0x0d220183, 0x5b5e030b, 0x210c830c, 0xf044140b, 0x2a148214, 
    0x0b0f0f0d, 0x06030c10, 0x84090d0d, 0x0d1221e9, 0x1521f382, 0x207a8216, 0x2100820c, 0x1a5b0c0b, 0x2a538b08, 0x04050504, 0x09080707, 0x82090814, 
    0x08072b16, 0x0507150b, 0x0d0a0d0d, 0x3d830e11, 0x2908ef82, 0x0c0d0e12, 0x0c0d0f0d, 0x09110f0f, 0x070c0f07, 0x0d10150b, 0x170d1111, 0x0e0d1012, 
    0x090d0a0c, 0x0b090c09, 0x0f100d10, 0xc9820d0f, 0x820b0d21, 0x0a0b2f66, 0x0d0c070c, 0x171a1b05, 0x1b0d1217, 0x34821216, 0x0d110522, 0x20094041, 
    0x220a830c, 0x820f1215, 0x0c0e2412, 0x82110d11, 0x242c8338, 0x0e170c0f, 0x211b8210, 0x2c851215, 0x0c237682, 0x82070507, 0x0d11253a, 0x080e080e, 
    0x0c213583, 0x2005820a, 0x226a8310, 0x840d0c0f, 0x2e3f853b, 0x130a1009, 0x0b0e0f13, 0x0b0a0c0c, 0x830e090b, 0x820c2021, 0x090e2c38, 0x080b0b0d, 
    0x08080709, 0x820a0a0a, 0x0a0835e5, 0x0d0d0a0a, 0x0c0e0c11, 0x180b0707, 0x100e1017, 0x0e0f0f0d, 0x15288483, 0x0e10100d, 0x110f1311, 0x0b310e82, 
    0x110e130d, 0x1015150e, 0x170e0e13, 0x0d0d0c0e, 0x4e21820a, 0x518208fb, 0x0c110b22, 0x12337c82, 0x0b0b100d, 0x0c0c0c12, 0x0a0b0a0d, 0x13050505, 
    0x820c0c12, 0x0f0d271c, 0x100d110e, 0x5682110c, 0x0c0d0e2d, 0x0e0b0d0a, 0x0d11150c, 0x820d0f0a, 0x110d216b, 0x12237182, 0x8212170e, 0x0b0b21d1, 
    0x3006e74a, 0x0c0e0d14, 0x0c100c0d, 0x0e120e12, 0x0f111507, 0x06f3440c, 0x10140c23, 0x05294105, 0x83051f4a, 0x0b0d2245, 0x42478210, 0x3f840658, 
    0x0c365f83, 0x1810130a, 0x0d0b0c15, 0x0e0f080c, 0x0d0d0f0c, 0x0e07110f, 0x8482130f, 0x0d0e0f22, 0x1021cd84, 0x2607820d, 0x0d0c0b0b, 0x820b0c06, 
    0x0c0d2101, 0x0a350e82, 0x110c110c, 0x12100f11, 0x1213070a, 0x0b0d120d, 0x0606060c, 0x23cf820d, 0x0d080911, 0x10270087, 0x13141410, 0x82111113, 
    0x250282ad, 0x14151010, 0x22821414, 0x13270284, 0x17171812, 0x44151517, 0x0625055f, 0x0f0a0a06, 0x43f5820e, 0x0d260554, 0x18181413, 0x28841817, 
    0x11240482, 0x11151615, 0x19840086, 0x15151722, 0x0b219382, 0x2074820c, 0x2174820d, 0x71871111, 0x1b161626, 0x181a191a, 0x19223988, 0x00821e19, 
    0x861b1b21, 0x1911283c, 0x1d1e1f1a, 0x861c1c1e, 0x0f0f242f, 0x44161011, 0x112609f3, 0x16141411, 0xf3440c0d, 0x0c0c2309, 0x7f82080d, 0x09829482, 
    0xca820d20, 0x440d0b21, 0x152605f3, 0x17141514, 0xd2850706, 0x13111123, 0x08cc8213, 0x1515182a, 0x18191413, 0x15151918, 0x0c100f0f, 0x4a162410, 
    0x17000009, 0x06000c51, 0x100b0506, 0x0510150d, 0x0d0c0808, 0x0a060905, 0x22082141, 0x8206060d, 0x160a340b, 0x110f0f11, 0x11100d0e, 0x0d100c07, 
    0x0f121114, 0x820d0f12, 0x1017370d, 0x0a090e0f, 0x070c0d09, 0x0e0c0e0d, 0x0e0e090d, 0x070d0507, 0x00820e15, 0x0a0b0924, 0xf6820d0e, 0x07080c24, 
    0x53820d08, 0x0b170a38, 0x0d1f090b, 0x05051708, 0x0c090a0a, 0x0b140917, 0x060f1608, 0x00820d05, 0x0c0c0724, 0x3e820912, 0x07091231, 0x0708080d, 
    0x0806100e, 0x140e0b08, 0x410a1414, 0x17210516, 0x2150820f, 0x0082070e, 0x12111122, 0x0d220083, 0x00821012, 0x0f0f0f23, 0x2000840d, 0x21ff8214, 
    0xfb4e0d0d, 0x82298305, 0x2006838b, 0x2280830d, 0x43100d11, 0x1124089c, 0x0e0e1110, 0x03851582, 0x850e1021, 0x0e112201, 0x08746411, 0x13264382, 
    0x10050c0d, 0x4f82130d, 0x0d070d27, 0x0e0c0d09, 0x22208308, 0x82140e11, 0x0e122126, 0x0f210183, 0x44018309, 0x0a2106d9, 0x8501820d, 0x23058548, 
    0x0d0f1117, 0x2005404a, 0x2b228208, 0x0906050a, 0x07060909, 0x11170a07, 0x0f220183, 0xf344040d, 0x160c2210, 0x2b009614, 0x0c110f0e, 0x06040d10, 
    0x0d090f0e, 0x0e210082, 0x24f58213, 0x0e191910, 0x82f6840b, 0x824b90f5, 0x82052010, 0x08082700, 0x09160a09, 0x0e82090a, 0x170c0932, 0x0e0e0508, 
    0x0f130e0a, 0x0f0f0e0e, 0x14110d11, 0xcc820882, 0x11110d3c, 0x10070915, 0x170d080d, 0x12120e11, 0x1214190e, 0x0b0d0f0e, 0x0e0a0a0e, 0x11820d0a, 
    0x0e101122, 0x0e21c782, 0x3466820c, 0x070e0b0c, 0x1e050d0d, 0x1419191c, 0x14181d0e, 0x07070d11, 0x063e4112, 0x07821020, 0x55820d20, 0x14170d23, 
    0x240a8211, 0x0e120d10, 0x83388212, 0x0e10262c, 0x0e110f18, 0x20198211, 0x22058212, 0x820e0d11, 0x82072001, 0x07444100, 0x0b203a84, 0x12213582, 
    0x83318210, 0x0560411f, 0x12258784, 0x1115150c, 0x397c820f, 0x0a0c0c0b, 0x0e11110f, 0x13070d0e, 0x0f0a100e, 0x0a090c0c, 0x0b090907, 0xdd820b0b, 
    0x06820820, 0x820e0e21, 0x2a918217, 0x12191a0c, 0x100e1110, 0x820f0f11, 0x0e172811, 0x12101111, 0x82121114, 0x0e0d350e, 0x10121013, 0x15121717, 
    0x1019100f, 0x0a0e0e0d, 0x0b130d0e, 0x0e205182, 0x0e245682, 0x0d0b0c0e, 0x15327c83, 0x0d130f15, 0x0d0d140c, 0x0c0a0e0d, 0x0507070b, 0xb1831414, 
    0xd5820f20, 0x50821220, 0x0f0e1334, 0x0d0e0f0d, 0x100c0f0b, 0x0e13160d, 0x120e110b, 0x0382100f, 0x130f1227, 0x12141a0f, 0x27ab820f, 0x0d0b0f0b, 
    0x160e100b, 0x102d5682, 0x140e100d, 0x07101410, 0x0d101317, 0x21968213, 0x36830e12, 0x29410720, 0x05994205, 0x45821720, 0x110c0e22, 0x21085842, 
    0x99420c10, 0x36808206, 0x171a1315, 0x0d0d0b0d, 0x0e0f1109, 0x110e0e0f, 0x11100712, 0x820d1114, 0x0d0e26cd, 0x1310130f, 0x26b68210, 0x0e0c0c0e, 
    0x820d070e, 0x0e0d2135, 0x0f360e82, 0x0d110e0b, 0x11111313, 0x14070b14, 0x0e140f14, 0x07070e0c, 0x00820e07, 0x090a1322, 0x02850582, 0x16111126, 
    0x13151416, 0x2506db49, 0x16171112, 0x19851616, 0x150e0e29, 0x19191a14, 0x4c171719, 0x0b26073e, 0x0f10100b, 0x5d830d10, 0x15252282, 0x191a1b15, 
    0x0879581a, 0x17191723, 0x84008613, 0x82378219, 0x0e0c2184, 0x73847482, 0x29871320, 0x1e181826, 0x1a1c1c1d, 0x1c223988, 0x0082211c, 0x861e1e21, 
    0x1c13283c, 0x2021221d, 0x861e1e21, 0x1111292f, 0x08181213, 0x0c090807, 0x13261084, 0x18161513, 0x596b0d0e, 0x820c2008, 0x21cd888e, 0xca820f0f, 
    0x070e0c22, 0x172c4a84, 0x19161716, 0x12120807, 0x16151617, 0x15203682, 0x2a08cc82, 0x1517171a, 0x1a1b1b16, 0x1117171b, 0x120d1011, 0x0a511627, 
    0x54180000, 0x0606000c, 0x0e110b08, 0x09061116, 0x060d0c09, 0x410a0609, 0x0e220821, 0x0b820606, 0x11170b3b, 0x0f121010, 0x0812110e, 0x150e100d, 
    0x130f1312, 0x110e0e10, 0x10101711, 0x06f3440f, 0x0f0c0f2c, 0x0f0e0a0e, 0x080e0608, 0x00820f16, 0x0b0c0b2a, 0x0d130d0f, 0x07090c0d, 0x063aa182, 
    0x0c180c0a, 0x0e200a0c, 0x06061808, 0x0c090c0c, 0x0c150918, 0x06101608, 0x00820e08, 0x0d0c0739, 0x0e0e0a13, 0x08091309, 0x0709090d, 0x0806110f, 
    0x150e0b09, 0x440b1515, 0x182205f3, 0x00820f10, 0x00820820, 0x84121221, 0x130e22dd, 0x23008211, 0x0d100f10, 0x15220084, 0x00820e0c, 0x08211e82, 
    0x8227820e, 0x22068502, 0x470d0f0d, 0x1021053f, 0x2001850c, 0x21c38212, 0x01870e0f, 0x2505ca44, 0x0f120e11, 0x3b440e12, 0x0e14290a, 0x0e10060d, 
    0x080e0e14, 0x09240182, 0x090e0c0e, 0x0f262082, 0x0f150f12, 0x9f4e0e12, 0x0b102105, 0xd7440183, 0x05424a05, 0x8405ab53, 0x170e2205, 0x07644513, 
    0x0b2b3c83, 0x09090706, 0x0708060a, 0x8313170a, 0x0d102201, 0x0c4f6304, 0x0d210c83, 0x94ea8216, 0x110f2902, 0x0e120d12, 0x0f0e0604, 0x21059141, 
    0x00821214, 0x0e1c1c26, 0x0e0d0d0b, 0x1a5b0183, 0x20538b08, 0x82008205, 0x170a230f, 0x06820a09, 0x0c090836, 0x0e080818, 0x130f0b0e, 0x0f0f0f10, 
    0x120d1110, 0x0e0f1015, 0x0e34d082, 0x0a161112, 0x090e1108, 0x0f12180d, 0x1a0f1313, 0x100f1315, 0x0a24d582, 0x0e0b0f0b, 0x112a1182, 0x0c0f0e12, 
    0x0c0c0f0f, 0x03820d0e, 0x0e0d0732, 0x1a1d1f08, 0x1f0e141a, 0x0d111519, 0x0f130808, 0x0e2ff589, 0x0d110d11, 0x0e111518, 0x0e100e11, 0x82130f13, 
    0x82062035, 0x0e11252c, 0x0f12101b, 0x13201983, 0x11210582, 0x2176820d, 0x0082080e, 0x10242183, 0x110b100b, 0x0e214282, 0x2121820b, 0x6a821113, 
    0x60411f83, 0x34878205, 0x0d140d0d, 0x10121616, 0x0c0e0e0c, 0x100b0c0c, 0x0e0f1112, 0x2773820d, 0x0d100a10, 0x080b090c, 0x8406f344, 0x0f0f2206, 
    0x25768214, 0x1b0d0808, 0x6f82131a, 0x10111230, 0x0f140e10, 0x12120f18, 0x12151310, 0xd5821213, 0x10160f33, 0x19181013, 0x10101613, 0x0e0d111a, 
    0x0e110b0e, 0x23db8214, 0x0e110f0e, 0x0c219482, 0x296d820c, 0x16160e0f, 0x0d0f160f, 0x00820e16, 0x0c0d0b2e, 0x16060808, 0x0f0e0e15, 0x120f100d, 
    0x1322d182, 0x4782140f, 0x0e0f1023, 0x2411820b, 0x0f15190e, 0x2415820c, 0x130f1111, 0x22198210, 0x82151b10, 0x0e0c29b3, 0x100e100c, 0x160e110e, 
    0x102acf82, 0x150f100f, 0x08111511, 0x6b821418, 0x0e121122, 0x0e232082, 0x41081317, 0x0f220529, 0x0182120e, 0x0f141823, 0x8547830c, 0x2020825f, 
    0x05e85a0d, 0xa0821020, 0x1b161623, 0x22888218, 0x8211090e, 0x0f0f2951, 0x10081312, 0x0d121511, 0x0e30cd82, 0x1016100e, 0x110f1216, 0x0c0c0f0d, 
    0x0e080f0f, 0x0d203582, 0x0f2fc583, 0x0d140e0c, 0x12111414, 0x15080b15, 0x82151015, 0x0808235c, 0x45820f08, 0x090b1422, 0x82051843, 0x12122105, 
    0x2007874e, 0x2500820c, 0x17181212, 0x1c871717, 0x1b151527, 0x181a1a1a, 0x84368218, 0x0b0b2102, 0x83070e58, 0x16162521, 0x1b1a1b1c, 0x23071a44, 
    0x171a1814, 0x2007aa47, 0x82198315, 0x850f2037, 0x0f082191, 0x14217482, 0x27558714, 0x1e1f1919, 0x1b1b1e1d, 0x1d270f87, 0x2222231d, 0x871f1f23, 
    0x1e1d273d, 0x23212323, 0x1f862020, 0x13111129, 0x07091913, 0x840d0909, 0x14132610, 0x0f191716, 0x0533650e, 0x0d249582, 0x090f0e0d, 0x64838483, 
    0x15101027, 0x0f0d1416, 0x2b4a8407, 0x17181718, 0x1309071a, 0x16171813, 0xcc839a82, 0x1b1b2308, 0x17151818, 0x1c1b1c1c, 0x12111818, 0x29130e12, 
    0x000b5418, 0x0d581900, 0x08060600, 0x170e110c, 0x68820612, 0x09060d24, 0xf3440b07, 0x07072109, 0x0b2b0b82, 0x10111118, 0x120e0f12, 0x820d0812, 
    0x14133927, 0x0f111410, 0x19111210, 0x090f1011, 0x0d0d090b, 0x0d0f0e07, 0x0f0b0f0f, 0x3e0ff344, 0x0a0d0d0e, 0x0e0e0a08, 0x190c0b06, 0x210a0e0e, 
    0x0619080f, 0x090c0c06, 0x1509190d, 0x4417080c, 0x082406f3, 0x0a140d0d, 0x1430d682, 0x090d0909, 0x120f0709, 0x0c090807, 0x1616160f, 0x2006f344, 
    0x08f34419, 0x84131321, 0x140e22dd, 0x22008212, 0x85101010, 0x821620a7, 0x237a827b, 0x0f080808, 0x210ff344, 0x7347110e, 0x100d2105, 0x12220182, 
    0x1f851311, 0xca440584, 0x20058305, 0x082e6913, 0x15274282, 0x11060d0e, 0x440f150e, 0x0d2106f3, 0x0689530f, 0x130f1624, 0x0184140f, 0x830b1121, 
    0x05d94d01, 0x8905ff44, 0x0f12244a, 0x42101319, 0x092f06ba, 0x0b100c0f, 0x090a0706, 0x0808060a, 0x8313190b, 0x13f34401, 0x82170e21, 0x2a0294ea, 
    0x0e12110f, 0x07040e12, 0x830a100f, 0x150f22e9, 0x23008213, 0x0c0f1e1e, 0x0d20f784, 0x44090e60, 0x0b3a12f3, 0x090b0918, 0x09080a0a, 0x0808190d, 
    0x0f0b0f0f, 0x0f0f1014, 0x0e121010, 0x08821613, 0x0f120f2d, 0x1712120e, 0x0e110a0b, 0x82180e09, 0x0f1426d9, 0x0f14161b, 0x2fd58211, 0x0c100b0a, 
    0x13101310, 0x0f0e1212, 0x0d0f0f0d, 0x0d346682, 0x0e080f0c, 0x1e210810, 0x0f151b1b, 0x11161a20, 0x1408080e, 0xf7874282, 0x0e110f26, 0x16190e11, 
    0x11240e83, 0x140f140e, 0x06203582, 0x12242c82, 0x13111b0f, 0x19201b82, 0x21825983, 0x8307b946, 0x0b112321, 0x2f830b11, 0x820c0e21, 0x12142105, 
    0x11223182, 0x39820f0e, 0x35056241, 0x140d0d10, 0x1218180d, 0x0f0e0d11, 0x0b0d0d0c, 0x0f111311, 0x73820e0f, 0x820b1121, 0x440a201a, 0x092106f3, 
    0x07f34408, 0x0825b882, 0x1b1c0d08, 0x3f288213, 0x11101112, 0x190f150f, 0x1113130f, 0x14121714, 0x10101012, 0x14111611, 0x131c1a11, 0x1b111017, 
    0x0b246783, 0x0c160f13, 0x10218e82, 0x05245115, 0x0e140d2b, 0x17160e10, 0x0d0f1610, 0x44118317, 0x182005f3, 0x0d370b83, 0x10120f10, 0x0f130f14, 
    0x0e111015, 0x0c0e0f10, 0x0e110d10, 0x820f171a, 0x111438b7, 0x10140f12, 0x10151014, 0x1014161c, 0x0c100d10, 0x0e100e10, 0x82180f12, 0x0f112dcf, 
    0x12160f12, 0x19081216, 0x150e1216, 0x11242884, 0x0814180e, 0x20052941, 0x281d820f, 0x16190f12, 0x0d0f0c0f, 0x09584213, 0x8206a347, 0x170b25a1, 
    0x0e191c16, 0x0a220082, 0xdc821111, 0x82120f21, 0x17112339, 0xcd820e13, 0x10100f27, 0x12161116, 0x2c25820f, 0x0f0f0d0d, 0x0f0d0f09, 0x0f0f0e0d, 
    0x2b7e820f, 0x160e140f, 0x16131114, 0x1616080b, 0x0f23cb83, 0x82090909, 0x140f2319, 0x06830a0b, 0x13280384, 0x16181813, 0x0d141417, 0x13250084, 
    0x18181913, 0x82188418, 0x16162704, 0x1c1b1b1c, 0x36821919, 0x0c250284, 0x1111120c, 0x06385c11, 0x17160f26, 0x1c1b1c1d, 0x15242b87, 0x14181b1a, 
    0x19840086, 0x19191b22, 0x0d208482, 0x73859182, 0x2608f344, 0x1f201b1a, 0x881c1f1e, 0x1e1e2739, 0x24232324, 0x3c862121, 0x1f1e1424, 0x0f832425, 
    0x11295986, 0x1a141411, 0x0a090809, 0x2710840d, 0x18171414, 0x0a0e101a, 0x09239084, 0x820e0808, 0x21cd888e, 0xca821010, 0x2b07f344, 0x18191819, 
    0x1409071b, 0x17181914, 0xcc829a82, 0x821c1c21, 0x162708cc, 0x1c1d1e18, 0x1119191e, 0x140e1212, 0x0b58182a, 0x5f1b0000, 0x0606000e, 0x0f130d08, 
    0x0a061319, 0x07100e0a, 0x410c070a, 0x0f220821, 0x0b820707, 0x1a0c2f08, 0x14121213, 0x14131010, 0x0f120e08, 0x11151419, 0x12101215, 0x121b1313, 
    0x0c0a1012, 0x080e0f0a, 0x100e100f, 0x10100c10, 0x08100608, 0x00821018, 0x0c0d0b2a, 0x0f150f10, 0x080a0e0f, 0x0739a182, 0x0e1b0d0c, 0x10230b0e, 
    0x07071b09, 0x0e0a0d0d, 0x0d170a1b, 0x06121909, 0x205d8208, 0x2ec78210, 0x0f100b15, 0x0b0a150a, 0x080a0a10, 0x82071310, 0x181025f0, 0x130c1818, 
    0x1b220084, 0x00821012, 0x00820820, 0x15141422, 0xfc430083, 0x11122205, 0x21a78512, 0x1f870e18, 0x03820783, 0x07840f20, 0x0f100f22, 0x4d053748, 
    0x14220731, 0x18841413, 0x13210485, 0x23018510, 0x10141014, 0x290ae749, 0x060e1017, 0x10171012, 0x0182080f, 0x1021da82, 0x26208309, 0x11181014, 
    0x84151014, 0x0b122101, 0x10200183, 0x21054645, 0x0182120c, 0x05854885, 0x12151b23, 0x05e54e0f, 0x0d10092f, 0x07060c12, 0x070b0a0a, 0x1b0c0809, 
    0x23018315, 0x0a040f12, 0x0f21008f, 0x94ea8219, 0x13112202, 0x24c28214, 0x11100704, 0x21e9830a, 0xf3441710, 0x0d102405, 0x84100f0f, 0x834a8ffa, 
    0x8206200f, 0x23078200, 0x0c0a1a0c, 0x09330682, 0x091b0e0a, 0x0c101008, 0x10121610, 0x13121110, 0x8218140f, 0x14103708, 0x13141011, 0x130a0c18, 
    0x1a0f0910, 0x15151114, 0x15171d10, 0xd5821210, 0x120c0b24, 0x1182120d, 0x22821420, 0xf1420e20, 0x0d0e3405, 0x100f0810, 0x1e212308, 0x2310171d, 
    0x0f13181c, 0x41150808, 0x1320063e, 0x10210782, 0x22a68213, 0x8214181b, 0x1012220a, 0x22018215, 0x82060e11, 0x1013232c, 0x1382121d, 0x181b0f22, 
    0x21822c82, 0x8307a541, 0x0b122321, 0x3a830b12, 0x820d0f21, 0x13152721, 0x130e1010, 0x3b84100f, 0x0f301d84, 0x180d150d, 0x0e121418, 0x0e0d1010, 
    0x14120c0e, 0x0f312182, 0x12101608, 0x0e0e120c, 0x0a090c0b, 0x0c0c0c0a, 0x22068509, 0x82161010, 0x08082c78, 0x151d1f0e, 0x12121412, 0x82121213, 
    0x101b3811, 0x15121414, 0x14151419, 0x12121211, 0x12151216, 0x19151e1c, 0x831d1212, 0x140c2967, 0x110d1610, 0x15111011, 0x0e2d9383, 0x0f160f10, 
    0x19180f11, 0x0e0f1611, 0x2a118318, 0x080d0e0c, 0x17180608, 0x82111010, 0x83132095, 0x160f2f97, 0x120f1212, 0x110d0f11, 0x1c0f120e, 0xb7821018, 
    0x1311152d, 0x16121610, 0x1e121711, 0x42111618, 0xc7820565, 0x141a102f, 0x0f121014, 0x13181013, 0x1b081318, 0x28248316, 0x11151014, 0x151a0f12, 
    0x05294108, 0x14101022, 0x1b220182, 0x4d821016, 0x14111422, 0xf5848682, 0x46465982, 0x0c102c05, 0x1b1e1619, 0x0f100e0f, 0x8212130b, 0x141028dc, 
    0x13120815, 0x820f1419, 0x121030cd, 0x18121612, 0x0f111113, 0x100e0e10, 0x82100911, 0x38a48225, 0x0d110e11, 0x160f1510, 0x18141316, 0x1718080c, 
    0x0e111812, 0x09090910, 0x21008210, 0x25520c16, 0x11112806, 0x1a141411, 0x4e191819, 0x152507cf, 0x1a1a1b14, 0x8422821a, 0x18182702, 0x1e1d1d1e, 
    0x5f441b1b, 0x09092405, 0x48130d0d, 0x1d85055b, 0x1e1f1924, 0x0a841f1e, 0x16230482, 0x471a1d1c, 0x182907a8, 0x1d1f1f19, 0x111b1b1d, 0x82918211, 
    0x20738474, 0x05a44d16, 0x1c111128, 0x2022231d, 0x39881f21, 0x27212127, 0x23272626, 0x243d8723, 0x27282220, 0x860f8225, 0x1313292f, 0x0a1c1516, 
    0x0e0a0a08, 0x16266a84, 0x1c191916, 0xf3440f11, 0x0f0f2408, 0x830b1110, 0x11112519, 0x12121010, 0x0e22ca82, 0x4a840811, 0x1b1a1b2b, 0x0a081e1a, 
    0x1a1b1515, 0x21e08219, 0xae831818, 0x1b1b2008, 0x1f201918, 0x1b1b201f, 0x0f131413, 0x5f1b2e15, 0x1c00000c, 0x07000e62, 0x140d0807, 0x44141a10, 
    0x1a4408f3, 0x07072109, 0x28080b82, 0x13131b0d, 0x10111512, 0x0f081514, 0x15191013, 0x13161216, 0x13141210, 0x1112131b, 0x110a0c0a, 0x110f080e, 
    0x0c10110e, 0x06f34411, 0x1111113b, 0x100c0e0b, 0x0f10150f, 0x0a0a0a0e, 0x0c071010, 0x0e0e1c0d, 0x0910250b, 0x05f3441c, 0x180a1c28, 0x121a090e, 
    0x5d820807, 0x0e08103b, 0x110b160f, 0x0b160a10, 0x0a0a100b, 0x07141108, 0x110d0a09, 0x0d191919, 0x21008413, 0x5082121c, 0x82081121, 0x15152100, 
    0x1022dd84, 0x00821416, 0x44121221, 0x112010f3, 0x2105e358, 0x5683110f, 0x44110f21, 0x15230ef3, 0x82111513, 0x85102021, 0x11142103, 0x15220185, 
    0x5b841510, 0x02835e82, 0x0f101829, 0x17101306, 0x82081010, 0x100a2401, 0x4409110f, 0x192505e9, 0x16101511, 0x21018311, 0x01830b13, 0x830e1021, 
    0x0c122101, 0x15450183, 0x23058505, 0x0f12151b, 0x2c05364f, 0x120e1009, 0x0b08060c, 0x09070b0b, 0x1bf34409, 0xea821a20, 0x112a0294, 0x150f1413, 
    0x11070410, 0xd0830c12, 0x44181121, 0x112305f3, 0x840f100d, 0x44102001, 0x1b201bf3, 0x2c07f344, 0x1108091c, 0x17110d11, 0x12111112, 0x20508212, 
    0x82088219, 0x141022fb, 0x07f34414, 0x16111537, 0x181e1116, 0x10131116, 0x0c0c110e, 0x15120d12, 0x14141612, 0x3ac78211, 0x100f0e11, 0x100e0e10, 
    0x0810100a, 0x1f1f2224, 0x1d241118, 0x080f1319, 0x89111608, 0x131027f5, 0x1c0f130f, 0x55821418, 0x16101324, 0x38821611, 0x2c820620, 0x1e111424, 
    0x1b821513, 0x59831c20, 0x11242182, 0x08101110, 0x21830082, 0x130b1323, 0x2640830b, 0x10150d10, 0x82141614, 0x0f132231, 0x833b8411, 0x0f122a1d, 
    0x1a0e160d, 0x0e13141a, 0x3b7c8210, 0x15130d0e, 0x0f111113, 0x13111708, 0x0e11120c, 0x0b090d0b, 0x0d0d0d0b, 0x0a0a090a, 0x11210682, 0x82178211, 
    0x200f2a58, 0x1513161e, 0x12131412, 0x2a118213, 0x1515111c, 0x15191613, 0x82121516, 0x13182a00, 0x1e1c1316, 0x13121a16, 0x2b67821e, 0x10140d11, 
    0x11110e18, 0x11151210, 0x0e390082, 0x10160f10, 0x19181012, 0x0f101712, 0x10101018, 0x0e0f0d11, 0x19060808, 0x21b18219, 0xd582120f, 0x15111638, 
    0x12121710, 0x10111210, 0x130f120d, 0x11191c10, 0x1611150e, 0x03821412, 0x17121727, 0x16181f12, 0x08594712, 0x141b1033, 0x10131014, 0x14191014, 
    0x1c081419, 0x17101418, 0x212c8313, 0xf3441013, 0x181c2206, 0x211d8211, 0x07821014, 0x47830e20, 0x58421c82, 0x440f2005, 0x132805f1, 0x1a0d1110, 
    0x101c1f17, 0x0b2efd82, 0x13111313, 0x16151111, 0x19131308, 0xcd821015, 0x1212112a, 0x15181318, 0x11101111, 0x3505f344, 0x100f110f, 0x0e111111, 
    0x16110d12, 0x13161810, 0x080d1915, 0xf3441819, 0x22198207, 0x4d0d1611, 0x0c820631, 0x1b151528, 0x171a191a, 0x00840e17, 0x1c151525, 0x821b1b1b, 
    0x270284f2, 0x1f1f1919, 0x1c1c1f1e, 0x2409f344, 0x13131314, 0x05544310, 0x1a191126, 0x201f2020, 0x25069944, 0x1e1d1711, 0x0086161b, 0x211a1923, 
    0x44378320, 0x738407f3, 0x2708f344, 0x23241e1d, 0x20202222, 0x04826284, 0x28222227, 0x25292828, 0x283c8625, 0x29232216, 0x25282728, 0x08f34425, 
    0x1d161727, 0x0b0a090a, 0x2630840f, 0x1a1a1717, 0x7010121d, 0x0821067e, 0x20158208, 0x21cd8811, 0xca821212, 0xf3440f20, 0x1b1c2b06, 0x081f1b1c, 
    0x1c16160a, 0xe0821a1b, 0x20191927, 0x1c201f1f, 0x319c831c, 0x1c1c2120, 0x10151513, 0x621b3016, 0x1d00000d, 0xf3440f66, 0x141b2a06, 0x0f0a0a06, 
    0x070a0710, 0x0ff3440d, 0x151c3a08, 0x12151313, 0x08151411, 0x1b10140f, 0x17131716, 0x15121113, 0x12141d15, 0x0b0d0b12, 0x10080f11, 0x11120f12, 
    0x0811110c, 0x18081106, 0x12121211, 0x110c0e0c, 0x0f10150f, 0x07f3440f, 0x0e0e1d33, 0x0911260c, 0x0d07071d, 0x1d0f0a0d, 0x090e190b, 0x06f3441b, 
    0x100f0933, 0x10110c17, 0x0b0b170a, 0x080b0b10, 0x09071511, 0x05f3440b, 0x00841520, 0x82131d21, 0x08122150, 0x16220082, 0x00831716, 0x15171022, 
    0x12220082, 0xa7851313, 0x450f1921, 0x11210713, 0x83298311, 0x2111828b, 0x8082120f, 0x15101523, 0x05ed4910, 0x150f1327, 0x12121614, 0x44018711, 
    0x112108f3, 0x0cf34416, 0x060f1128, 0x11181114, 0x01820810, 0x0f100b24, 0xe9440911, 0x121a2505, 0x12171116, 0x13210183, 0x4401830c, 0xf34405d7, 
    0x11152105, 0x1d210189, 0x05b84215, 0x090f1223, 0x06f34411, 0x09070c26, 0x151d0d09, 0x12220183, 0x5c7b040f, 0x1b102110, 0x8214f044, 0x13122114, 
    0xf344be83, 0x8214200a, 0x20202600, 0x10100d11, 0x21018211, 0x4b901110, 0xe7491082, 0x1c0d3506, 0x0a0b0d0b, 0x0f0a090a, 0x1108091d, 0x18120d11, 
    0x13121213, 0x163c5082, 0x11121319, 0x11121512, 0x0c1a1515, 0x0911140a, 0x12161c10, 0x1f121717, 0x13121719, 0x0c2ad582, 0x120d120c, 0x15161216, 
    0xc9821114, 0x0f0f123a, 0x0e0f1010, 0x10100a11, 0x20232608, 0x25111920, 0x1015191e, 0x12170808, 0x1120f389, 0x1d24a683, 0x14111519, 0x17260182, 
    0x12121712, 0x2c82060f, 0x1e111424, 0x1b821613, 0x59821d20, 0x76822183, 0x82081121, 0x07444100, 0x10214083, 0x2135820e, 0x6a821517, 0x12101522, 
    0x83066041, 0x160d2f3f, 0x151a1a0e, 0x11110f13, 0x0d0f0f0e, 0xaf821613, 0x18081028, 0x120c1412, 0xf3440f11, 0x0b0a2808, 0x0d0d0d0b, 0x82181212, 
    0x08083876, 0x161f210f, 0x14131614, 0x11131315, 0x121d1218, 0x17141616, 0x8217151b, 0x1312360e, 0x14171418, 0x1b161e1c, 0x141f1413, 0x0d111110, 
    0x0e181115, 0x218f8212, 0x04821117, 0xf3440f20, 0x131a2606, 0x190f1017, 0x44008211, 0x978208f3, 0x15121222, 0x172bd182, 0x13131811, 0x11121310, 
    0x820f120d, 0x121922d7, 0x8215830e, 0x17132503, 0x20131812, 0x133be182, 0x120e120f, 0x150f120f, 0x15141b11, 0x14101211, 0x1a151a11, 0x181d0815, 
    0x82181114, 0x12172610, 0x171c1014, 0x05294108, 0x83111221, 0x181d21fb, 0x16223183, 0x5f831612, 0x14210382, 0x05a9420f, 0x0d25a182, 0x1d21171b, 
    0x24008210, 0x1113150b, 0x26828213, 0x15140817, 0x8210161b, 0x121134cd, 0x18141812, 0x10111215, 0x110f0f12, 0x0f110912, 0x83100f11, 0x0e123dc5, 
    0x18101611, 0x19161518, 0x191a080d, 0x0f121912, 0x09090911, 0x11111112, 0x120b0d18, 0x16280087, 0x1a1b1c16, 0x0f18181b, 0x16250084, 0x1c1c1d16, 
    0x8422821c, 0x191a2702, 0x201f2021, 0xf3441d1d, 0x0e0e2507, 0x14131414, 0x26065443, 0x221b1a12, 0x84212021, 0x23048228, 0x1c1f1e18, 0x83079c4c, 
    0x20378319, 0x82918312, 0x82122074, 0x18182174, 0xbb4e7187, 0x27398707, 0x292a2323, 0x26262a29, 0x23243d87, 0x282a2b24, 0x2f860f82, 0x17151528, 
    0x090a1e17, 0x6a450b0a, 0x18172605, 0x121e1b1b, 0x08f34411, 0x11101024, 0x4a830b12, 0x12206483, 0x18239482, 0x84081210, 0x1c1d2b4a, 0x08201c1d, 
    0x1d17170a, 0xe0821b1c, 0x211a1a27, 0x1d212020, 0x089c831d, 0x1d222123, 0x1515151d, 0x1d311710, 0x00000d66, 0x000f691e, 0x0e090707, 0x151c1115, 
    0x0f0b0b09, 0x080b0810, 0x086c680d, 0x08081122, 0x0e3a0b82, 0x1314151d, 0x15111216, 0x15100916, 0x18171b11, 0x11141813, 0x1d151513, 0xf3441314, 
    0x11092e05, 0x12120f12, 0x0912120e, 0x1b091109, 0x38008212, 0x120e0f0d, 0x11111710, 0x0c0a0c0f, 0x0d081111, 0x11111e0f, 0x0a11260c, 0x055c521e, 
    0x1a0b1e28, 0x131c0a0f, 0x5d820907, 0x0f091125, 0x820c1810, 0x0b1832d6, 0x0b0b100b, 0x08151209, 0x120e0b0a, 0x0e1a1a1a, 0x21008415, 0x5082131e, 
    0x09235a82, 0x84171609, 0x181121dd, 0x13221783, 0xa7851413, 0x7b821a20, 0x09217a83, 0x06364109, 0x07841020, 0xb0821120, 0x82151121, 0x05494201, 
    0x160f1324, 0xfa411615, 0x12122208, 0x22018615, 0x84171216, 0x06e8415b, 0x10111928, 0x19111509, 0xc9821111, 0x110b1125, 0x440a1210, 0x1b2405e9, 
    0x18121713, 0x14210184, 0x5701830d, 0x132105c1, 0x8701830e, 0x2307834a, 0x1113171d, 0x2f05f544, 0x130f1109, 0x0c08090e, 0x0a070c0b, 0x171d0d09, 
    0x13220183, 0xa7440511, 0x1c102110, 0x0294ea82, 0x1615122a, 0x05111710, 0x0d131208, 0x1222e983, 0x00821719, 0x12252525, 0x8210110e, 0x9003820f, 
    0x2310824b, 0x06070706, 0x2b080682, 0x0d0b1d0d, 0x0a0c0c0b, 0x0a1e0f0b, 0x0e121209, 0x12141812, 0x16131312, 0x141a1610, 0x16121212, 0x16161112, 
    0x150b0d1b, 0x1d100a11, 0x1834d982, 0x171a2012, 0x0f111412, 0x140e0d12, 0x1316130f, 0x12151617, 0x1221c782, 0x3466820f, 0x0a120f0f, 0x27091211, 
    0x19212124, 0x1a1f2612, 0x09091115, 0x08404118, 0x15262782, 0x1e111511, 0x1283161a, 0x12181123, 0x83388218, 0x1215252c, 0x12171420, 0x2c821983, 
    0xc5412182, 0x24218307, 0x0d140d14, 0x212f8215, 0x35820e11, 0x42821720, 0x11150f23, 0x41398212, 0x13310562, 0x0f180f11, 0x14161b1b, 0x0f13110f, 
    0x140e0f0f, 0x20218216, 0x2d738211, 0x12130d14, 0x0a0e0c0f, 0x0e0e0b0b, 0x06850b0e, 0x91833683, 0x20221025, 0x82171517, 0x14143d2a, 0x1d121912, 
    0x15171712, 0x18161b18, 0x13131316, 0x18141b14, 0x17221f14, 0x2014141c, 0x0e296783, 0x0f191217, 0x13121313, 0x2e938317, 0x1711110f, 0x1b111311, 
    0x121a131d, 0x82121a10, 0x100e2600, 0x0909090f, 0x260b821c, 0x12131113, 0x82181317, 0x14193499, 0x12141114, 0x10130e11, 0x1b1f1114, 0x12160f12, 
    0x82151418, 0x13182903, 0x1a211419, 0x0f131318, 0x46820182, 0x1d121523, 0x82d38217, 0x151a2adb, 0x1d09151a, 0x19111519, 0x252c8215, 0x1d111413, 
    0x29410918, 0x12122205, 0x27018216, 0x0f12191d, 0x13170f12, 0x18225f85, 0x59821412, 0x26058947, 0x1a1c0e12, 0x82111e22, 0x150c2200, 0x21498214, 
    0x39821612, 0x171b1523, 0x3ecd8211, 0x1b131312, 0x13171b14, 0x0f121113, 0x0a12120f, 0x10121011, 0x12121211, 0x120e130f, 0x82191117, 0x0e1a2c6b, 
    0x131a1b09, 0x120f131a, 0x820a0a0a, 0x19122319, 0x35820b0d, 0x00841320, 0x1d171728, 0x191c1b1c, 0x00840f19, 0x1e161725, 0x831d1d1d, 0x27038323, 
    0x21221a1b, 0x1e1e2121, 0x26073e4c, 0x14150e0e, 0x83111514, 0x251e825d, 0x22231c1b, 0x2b872221, 0x201f1923, 0x07ab471d, 0x20201983, 0x13213782, 
    0x85918413, 0x84192073, 0x2604826e, 0x2626201f, 0x88222524, 0x24242739, 0x2b2a2a2b, 0x3d872727, 0x2c262423, 0x5e0f832b, 0x18260804, 0x090b1f17, 
    0xc5430c0b, 0x18182705, 0x131f1c1c, 0x93850b11, 0x10090922, 0x0c208e82, 0x13278487, 0x181b1a13, 0x84091210, 0x1d1e2b4a, 0x09211d1e, 0x1e17170b, 
    0xe0821c1d, 0x821b1b21, 0x1e2222cc, 0x089c821e, 0x24222324, 0x16151e1e, 0x33171117, 0x000e691d, 0x10702000, 0x09080800, 0x1d12160f, 0x0b0b0917, 
    0x0b081410, 0x1a440e08, 0x08082109, 0x0f2b0b82, 0x1516171f, 0x16121318, 0x82110b17, 0x19183f27, 0x13151915, 0x1f171715, 0x0c141516, 0x10130c0e, 
    0x10131209, 0x130e1313, 0x13090913, 0xbc831b0a, 0x0f100d39, 0x12191113, 0x0b0c1011, 0x0812120c, 0x11200f0f, 0x132b0d11, 0x8208200a, 0x100b2a0b, 
    0x101b0c20, 0x08151e0a, 0x3b5d8209, 0x11100a13, 0x12130d19, 0x0c0c190b, 0x090c0c14, 0x0a081713, 0x1c130f0c, 0x170f1c1c, 0x20210084, 0x20518315, 
    0x2100820b, 0xdd841818, 0x2205fc43, 0x85151515, 0x821c20a7, 0x827a837b, 0x8728837c, 0x13112103, 0x4e063748, 0x1524059c, 0x18161810, 0x16211f8a, 
    0x23018513, 0x13181317, 0x2a099f76, 0x11121b09, 0x1b131609, 0x820a1213, 0x120c2501, 0x180b1311, 0x18252082, 0x18141c13, 0x05875813, 0x830d1521, 
    0x05bd5301, 0x830f1521, 0x05935d01, 0x1f220585, 0xf54d1519, 0x130c2f06, 0x090f1510, 0x0d0c0c09, 0x0e0a0a08, 0x0183191f, 0x05111523, 0x22008f0c, 
    0x961c1e11, 0x15142a00, 0x12181117, 0x14130805, 0x29e9830d, 0x17171b13, 0x26251818, 0xf7840f13, 0x12121122, 0x0f834a8f, 0x00820720, 0x0b0b0b3d, 
    0x0e0c1f0e, 0x0a0c0c0c, 0x0a20100b, 0x0f131309, 0x13151a13, 0x17151513, 0x821c1812, 0x17133708, 0x17171214, 0x160b0f1c, 0x21120c13, 0x19191418, 
    0x191c2213, 0xd5821513, 0xd2830d20, 0x17271182, 0x10141317, 0x82101414, 0x10103566, 0x13120b13, 0x23272a09, 0x29131b23, 0x12171c21, 0x1319090b, 
    0x1329f589, 0x12171217, 0x13171c20, 0x22018216, 0x82191319, 0x242c8338, 0x15231316, 0x201b8218, 0x83598220, 0x82132021, 0x090b2100, 0x19253a83, 
    0x150d1513, 0x2140830d, 0x05820f12, 0x6a831920, 0x13121722, 0x82066041, 0x1011391d, 0x1d1d111a, 0x12101518, 0x10101014, 0x1718160e, 0x09121313, 
    0x0e16131a, 0x0c29a282, 0x0c0c0a0e, 0x0b0f0f0f, 0x2106840b, 0x17821313, 0x0b0b132d, 0x19222411, 0x19151816, 0x82161517, 0x141f2711, 0x19161818, 
    0x0e82171d, 0x1515152e, 0x1619161d, 0x1e192321, 0x16231615, 0x0f236782, 0x821b1318, 0x141322db, 0x2e928219, 0x11111013, 0x12141219, 0x1a141d1b, 
    0x831b1112, 0x110f2e11, 0x09090910, 0x13131c1d, 0x13131114, 0x3f268218, 0x141a1319, 0x14151215, 0x11140f12, 0x1c211216, 0x13181014, 0x13171419, 
    0x141a151a, 0x1c23151b, 0x103c1d82, 0x11150f15, 0x13171113, 0x1317171f, 0x13161216, 0x171c171c, 0x171b1f0b, 0x17161b12, 0x16242c82, 0x091a1f12, 
    0x22052941, 0x82171313, 0x1b1f2301, 0x47821014, 0x5f851420, 0x16131923, 0x053a4b11, 0x0f37a182, 0x20241a1e, 0x12131112, 0x1316170d, 0x17141315, 
    0x17160b19, 0x8212181d, 0x831320cd, 0x181b2bcd, 0x13121314, 0x14131010, 0x7382130a, 0xa8821220, 0x0f14102f, 0x1b121913, 0x1c18171b, 0x1c1c0b0f, 
    0x24a28215, 0x0a0a0a13, 0x23008213, 0x140c0e1b, 0x18250087, 0x1c1e1f18, 0x07c3531d, 0x20181925, 0x821f1f1f, 0x27028422, 0x23241c1d, 0x20202323, 
    0x28055f44, 0x0f0f0a0a, 0x16151617, 0x062f4512, 0x251e1d25, 0x84242324, 0x24048228, 0x1f22211a, 0x8300861b, 0x82222019, 0x14142137, 0x74829182, 
    0x1b207384, 0x21267187, 0x26282922, 0x39882427, 0x2e272727, 0x2a2e2d2d, 0x253c862a, 0x2f28261b, 0x0f822c2e, 0x17292f86, 0x21191a17, 0x0c0b0a0b, 
    0x276a8411, 0x1e1e1a1a, 0x0c121421, 0x0b269385, 0x1312110b, 0x19830d14, 0x13141425, 0x82151513, 0x141122ca, 0x304a8409, 0x1f201f20, 0x190b0923, 
    0x1e1f2019, 0x1d1a1a1e, 0x08cc821d, 0x2020242a, 0x25261e1d, 0x20202624, 0x12181717, 0x701f3619, 0x2100000e, 0x08001174, 0x170f0908, 0x09171e13, 
    0x14110c0c, 0x0e080c08, 0x21091a44, 0x0b820808, 0x82200f21, 0x14182efb, 0x0b181713, 0x1d131711, 0x1a151a19, 0x0bf34416, 0x12091132, 0x13141114, 
    0x0913140e, 0x1d0b1309, 0x14141413, 0x3107f344, 0x0c0b0c11, 0x0f081313, 0x1111210f, 0x0b132c0d, 0x0b820821, 0x21110c2a, 0x0b101c0c, 0x0908151f, 
    0x13395d82, 0x1a12110a, 0x0c13140d, 0x140e0c1a, 0x14090c0c, 0x0c0b0817, 0x1d1d140f, 0x06f3441d, 0x82152121, 0x0b142150, 0x19220082, 0x00831a19, 
    0x171a1322, 0x15200082, 0x2207b649, 0x8213111d, 0x82092000, 0x83142000, 0x822c837a, 0x4d13200f, 0x844d0667, 0x17182309, 0x21821419, 0x03851320, 
    0x85141721, 0x13182301, 0xf3441419, 0x131c290a, 0x13170911, 0x0b13131c, 0x0c200182, 0x715d4482, 0x141d2506, 0x141a1319, 0x16210183, 0x4401830d, 
    0x7a821cf3, 0x44111421, 0x0d2406f3, 0x0b080e0c, 0x221bf344, 0x961d1f12, 0x17142a00, 0x13191218, 0x15140805, 0x2bd0830d, 0x17171c13, 0x27251919, 
    0x12130f13, 0x64650184, 0x0df94406, 0x00820720, 0x0e361182, 0x0c0e0c20, 0x0c0b0c0c, 0x090b2111, 0x140f1414, 0x1414151b, 0x50821515, 0x08821d20, 
    0x18144308, 0x18181314, 0x170b0f1d, 0x21120c13, 0x1a1a1419, 0x1a1d2314, 0x10131614, 0x160f0e14, 0x1519150f, 0x1317181a, 0x14141114, 0x12131111, 
    0x0b131011, 0x2b091313, 0x1c242428, 0x1d222a14, 0x090b1217, 0xf344141a, 0x1d21240e, 0x82171418, 0x141a2214, 0x8335821a, 0x1417282c, 0x13191625, 
    0x82211217, 0x12172959, 0x13141217, 0x090b1314, 0x69823a83, 0x0d160d22, 0x13264083, 0x17131810, 0x3182181a, 0x60411f83, 0x141a2205, 0x06f34415, 
    0x13111637, 0x11111014, 0x1719160f, 0x09121414, 0x0e16141b, 0x0d111317, 0x05ec440f, 0x0c26dc82, 0x140f0f0f, 0x76821b14, 0x110b0b27, 0x17192325, 
    0x212a8219, 0x11821615, 0x19142038, 0x1d1a1719, 0x15181a18, 0x1d161515, 0x23161a16, 0x161f1a25, 0x67822416, 0x190f1422, 0x2205f344, 0x82141915, 
    0x13113100, 0x15121911, 0x151d1b13, 0x1d11121b, 0x14131313, 0x8207f344, 0x131123b1, 0xd1821914, 0x141a2108, 0x1316151b, 0x0f131416, 0x13161115, 
    0x10141d21, 0x151a1418, 0x161a1417, 0x161c151b, 0x151a1d25, 0x3605af44, 0x13181115, 0x1318171f, 0x13171316, 0x171d171d, 0x171b200b, 0x83161b13, 
    0x13162d2c, 0x17091b1f, 0x21121712, 0x1813141d, 0x20260182, 0x1410141b, 0x5f861911, 0x51141a21, 0x05820544, 0x1f2b8082, 0x1321251b, 0x0d131311, 
    0x82141617, 0x1a1827fb, 0x1d17170b, 0xcd821219, 0x1515142b, 0x191b161d, 0x14121414, 0x219c8211, 0x0782130a, 0xc5831220, 0x140f1535, 0x1b1b1219, 
    0x0f1d1917, 0x151c1d0b, 0x1311141d, 0x820a0a0a, 0x1b142319, 0xf3440d0f, 0x19192808, 0x1e1d1f20, 0x84111b1b, 0x19192600, 0x20202021, 0x27008613, 
    0x24251d1e, 0x21212424, 0x27055f44, 0x10100a0a, 0x17161617, 0x26062c61, 0x261f1e14, 0x87252425, 0x221b2348, 0xf3442023, 0x20198208, 0x20378223, 
    0x82918314, 0x44738474, 0x222708f3, 0x28292a23, 0x86252529, 0x28132864, 0x2f2f3028, 0x872b2b30, 0x2928273d, 0x2f2e3031, 0xf3442b2b, 0x1a1b2608, 
    0x0c0a0c22, 0x056a450d, 0x1f1b1b27, 0x1315221f, 0x2593850d, 0x12120b0b, 0xcd881413, 0x82151521, 0x441220ca, 0x212e06f3, 0x24202120, 0x1a1a0c09, 
    0x1f1f2021, 0xcc841b1b, 0x21262a08, 0x271f1d21, 0x21272526, 0x19181721, 0x1f381a13, 0x00000f74, 0x00127b23, 0x10090808, 0x19201418, 0x120c0c09, 
    0x090c0815, 0x0821410f, 0x09091422, 0x29080b82, 0x18192210, 0x14151a17, 0x130b1a19, 0x1a1f1418, 0x171c171c, 0x19191514, 0x15171822, 0x150d0f0d, 
    0x15130a12, 0x0e141512, 0x2e821515, 0x151d0b22, 0x26080082, 0x150f110e, 0x13131b13, 0x0d0b0d12, 0x0e081414, 0x12122310, 0x0b142e0e, 0x10080823, 
    0x23120c10, 0x0b111e0d, 0x83081721, 0x0b133b5d, 0x0e1c1312, 0x1c0c1415, 0x0d150e0d, 0x19150a0d, 0x100d0b09, 0x1f1f1f15, 0x00841910, 0x15172322, 
    0x0b200082, 0x1a220082, 0x00831c1a, 0x831c1421, 0x17172217, 0x05464117, 0x82121f21, 0x21a982a3, 0x26820909, 0xdd5d0283, 0x15132105, 0x20063748, 
    0x062f5117, 0x1a181a25, 0x87141515, 0xad741801, 0x151a2307, 0xf344151a, 0x141d290a, 0x14180913, 0x0b14141d, 0x0d240182, 0x0b151214, 0x1a262083, 
    0x1a161f15, 0x01841c15, 0x830e1721, 0x05844c01, 0x8705e749, 0x2307834a, 0x13171b22, 0x2f05eb4e, 0x1511140c, 0x0e0a090f, 0x0b090e0d, 0x1b220f0b, 
    0x17220183, 0x4a180513, 0x13211035, 0x94ea8221, 0x17152a02, 0x1419131a, 0x16150905, 0x21e1830d, 0xf3441d15, 0x10152105, 0x2105b545, 0x4b901414, 
    0x073b1082, 0x0c070808, 0x220f0c0c, 0x0d0d0f0d, 0x120c0b0d, 0x15090b23, 0x1c151015, 0x82151517, 0x1a13223f, 0x2d08821f, 0x14161a15, 0x0f1e191a, 
    0x0c14180d, 0xd9822313, 0x26151c26, 0x17151b1e, 0x0f22b283, 0x1e820f17, 0x19191b23, 0x3ac78215, 0x14121215, 0x15111213, 0x0913140b, 0x26262b2e, 
    0x252d151e, 0x0b13191f, 0x89151c09, 0x191426f5, 0x23131913, 0x2410831f, 0x151c1418, 0x8338821c, 0x1519252c, 0x151a1725, 0x2c821983, 0x15252182, 
    0x0b141514, 0x253a8309, 0x0e17151c, 0x2f830e17, 0x82111421, 0x831b2021, 0x1319226a, 0x833b8415, 0x1317313f, 0x21111b10, 0x12171a21, 0x12111414, 
    0x1a181012, 0x13202182, 0x182e7382, 0x1215190f, 0x0d0b100e, 0x1010100d, 0x06840c0c, 0x70821520, 0x14183908, 0x28130b0b, 0x1a181b26, 0x17191916, 
    0x151d1518, 0x1a1a1522, 0x1a1f1c18, 0x17171a1c, 0x181f1615, 0x2523181c, 0x1817201b, 0x15131826, 0x14191015, 0x1616111d, 0x151b1615, 0x39051856, 
    0x1416131d, 0x1c161f1d, 0x141f1214, 0x10151414, 0x09091112, 0x151f2009, 0x2d821615, 0x1c161b34, 0x1d151b15, 0x17141716, 0x16101415, 0x23141812, 
    0xb782151e, 0x161b2608, 0x171c1519, 0x171d161c, 0x161c1f27, 0x11151217, 0x13151317, 0x19211519, 0x14161519, 0x191f1519, 0x220b191f, 0x296b821d, 
    0x1c151a18, 0x21141816, 0x2941091d, 0x14152205, 0x2801821a, 0x11151d22, 0x161a1215, 0x205f821a, 0x20c4831c, 0x05794c12, 0x1514183a, 0x271c2010, 
    0x13131423, 0x18190e14, 0x15151715, 0x180b1c1a, 0x141a1f19, 0x1526cd82, 0x181f1715, 0x8d82191d, 0x12121526, 0x140b1615, 0x133a7382, 0x12151515, 
    0x1d151116, 0x191d1b13, 0x0b101f1a, 0x1e171e1f, 0x0b151216, 0x19820b0b, 0x101d1523, 0x0730580d, 0x1a1a1624, 0x7b532122, 0x05cd4e05, 0x21222323, 
    0x06364322, 0x1f1f1522, 0x8205515d, 0x26028436, 0x18191111, 0x43141817, 0x1526054e, 0x2829211f, 0x2b872826, 0x25241d23, 0x07aa4722, 0x26241984, 
    0x16162323, 0x74829182, 0x1d207384, 0x24267287, 0x2a2c2d25, 0x3988282b, 0x332a2a27, 0x2e333131, 0x273d872e, 0x33342c2a, 0x2e2e3230, 0x19282f86, 
    0x241b1c19, 0x0e0c0b0c, 0x1529d483, 0x211c1c15, 0x14162521, 0x8290840d, 0x82132004, 0x870e208e, 0x17172784, 0x131c201f, 0x4a840a16, 0x23222328, 
    0x0c0a2622, 0xd2821b1b, 0x1d1d212a, 0x27281f1f, 0x23232827, 0x23089c83, 0x23232a28, 0x14191a19, 0x7b233b1b, 0x25000010, 0x09001382, 0x1a110a09, 
    0x0a1a2215, 0x15130d0d, 0x10090d09, 0x15235387, 0x82090915, 0x112e080b, 0x18191a24, 0x1a15161b, 0x19140c1b, 0x1d1c2115, 0x16191d18, 0x231a1a18, 
    0x0e171819, 0x13150e10, 0x1316140b, 0x16111616, 0x150a0c16, 0xbc83220d, 0x1212102a, 0x151b1316, 0x0b0e1313, 0x0939a182, 0x14251210, 0x16310f14, 
    0x0909250c, 0x130d1212, 0x12200e25, 0x0918230c, 0x3b5d820a, 0x14130b16, 0x15160f1d, 0x0e0e1d0d, 0x0b0d0d15, 0x0c091a16, 0x2016100d, 0x1a112020, 
    0x25210084, 0x20518318, 0x2100820c, 0xdd841c1c, 0x831d1521, 0x18182317, 0x00841418, 0x87132021, 0x0ce5661f, 0x13161322, 0x4e053748, 0x1824059c, 
    0x1c191b13, 0x1a21208a, 0x23018516, 0x161c161b, 0x260a2949, 0x0a14151f, 0x821f1519, 0x0d15228e, 0x22da8215, 0x821c0d16, 0x161c2620, 0x161c1721, 
    0x2101841d, 0x01831019, 0x83121621, 0x057e5201, 0x05854885, 0x181b2323, 0x05014913, 0x12160d2f, 0x0a0a1218, 0x090f0e0e, 0x23100c0c, 0x2201831b, 
    0x44061318, 0x142110a7, 0x94ea8223, 0x19172b02, 0x151e141b, 0x18160906, 0x00821510, 0x831f1621, 0x2d2c24ff, 0x45151116, 0x152005b9, 0x10824b90, 
    0x00820820, 0x103a0682, 0x0e100e24, 0x0d0c0e0e, 0x0a0c2513, 0x16111616, 0x1616181e, 0x141b1818, 0x0882201c, 0x171b1637, 0x221b1b15, 0x151a0e11, 
    0x1c26140d, 0x161d1d17, 0x161d2028, 0x24d38219, 0x1219120f, 0x22118218, 0x82161b1b, 0x131739c7, 0x13151513, 0x150b1612, 0x2d300a16, 0x161f2829, 
    0x1a20272f, 0x1d0c0c14, 0x83063e41, 0x1a1627f5, 0x25141a14, 0x12821b20, 0x1d151924, 0x38821d16, 0x1a252c83, 0x1c192816, 0x82198316, 0x1a14222c, 
    0x07a54114, 0x19232183, 0x83101910, 0x1215213a, 0x1d213582, 0x8331821a, 0x0560411f, 0x18161d3a, 0x131d1313, 0x181a2424, 0x12181513, 0x19111313, 
    0x16161a1c, 0x161e0c14, 0x152a3482, 0x0c110e13, 0x11110e0e, 0x06850d11, 0x82161621, 0x0c162d17, 0x282a140c, 0x181c191d, 0x19181a1c, 0x242a1182, 
    0x191c1c17, 0x1d1b211d, 0x0082181b, 0x1d19222a, 0x1d292619, 0x28191822, 0x11296783, 0x1220161c, 0x17161717, 0x2d93831b, 0x1e131413, 0x22151715, 
    0x17211823, 0x11832213, 0x12131126, 0x240a0c0c, 0x17230b82, 0x82161813, 0x2ed38247, 0x1518171f, 0x11151718, 0x15191317, 0x82172126, 0x191d39b7, 
    0x181d161a, 0x181f181e, 0x171e2029, 0x12181318, 0x14181418, 0x1d23161a, 0x1736d382, 0x1a21161a, 0x240c1a21, 0x1f151a20, 0x1d161b1a, 0x23151917, 
    0x29410c1d, 0x16162205, 0x2901821b, 0x12172024, 0x171c1317, 0xf785171c, 0x42131921, 0x193005a9, 0x22111615, 0x15252921, 0x0f151514, 0x1916191a, 
    0x1d26a782, 0x211a190c, 0xcd82151c, 0x18181624, 0x6f821922, 0x151a2608, 0x16131316, 0x14160d17, 0x16151316, 0x17131716, 0x151e1612, 0x1c1a2020, 
    0x210c1120, 0x17201820, 0x0d0d1613, 0x23ce830d, 0x170e1120, 0x1c270087, 0x2123241c, 0x481e1e22, 0x1c25052e, 0x2324251c, 0x07154324, 0x2a202127, 
    0x25292828, 0x07564225, 0x1a121226, 0x15191919, 0x21835d82, 0x2b222125, 0x872a282a, 0x261e232b, 0xb4422428, 0x23212107, 0x28241982, 0x17172525, 
    0x74829182, 0x20207384, 0x26217187, 0x05bb4e27, 0x2d273987, 0x3434352d, 0x87303036, 0x2e2c273d, 0x35333536, 0x2f863131, 0x1e1a1a29, 0x0b0d261d, 
    0x84140e0d, 0x1e1e2730, 0x17272323, 0x93850e15, 0x140c0c26, 0x0e171515, 0x17251983, 0x18161617, 0x22ca8218, 0x840b1714, 0x253e084a, 0x29242524, 
    0x1d1d0d0b, 0x23222425, 0x21211e1e, 0x2a29292a, 0x23212525, 0x2c2a2b2c, 0x1b1a2525, 0x3f1d151e, 0x00118226, 0x13852600, 0x0a090900, 0x23161b12, 
    0x0e0e0a1b, 0x0d091713, 0x1a441109, 0x09092109, 0x2f080b82, 0x1a1b2511, 0x16171c19, 0x140c1c1b, 0x1d21151a, 0x191e181e, 0x1b1b1816, 0x17181a24, 
    0x170e110e, 0x17150b13, 0x11161713, 0x0a0c1617, 0x16220d16, 0x2708bd82, 0x16121210, 0x14151e15, 0x0e0b0e13, 0x100a1616, 0x14142613, 0x0c16320f, 
    0x130a0a26, 0x26130d13, 0x0c12200e, 0x0a091824, 0x163b5d82, 0x1e14140b, 0x0d16170f, 0x170e0e1e, 0x170b0e0e, 0x0e0c091b, 0x21211711, 0x841b1121, 
    0x19262100, 0x17215082, 0x2200820c, 0x831e1d1c, 0x1e162100, 0x18231783, 0x84151918, 0x44212000, 0x172008f3, 0x2105d75d, 0x56831716, 0x14171422, 
    0x53051467, 0x19250586, 0x1c1a1c13, 0x82218217, 0x2105831d, 0x0185171b, 0x1d161c22, 0x8208fe7c, 0x16202662, 0x161a0a14, 0x07f34420, 0x0d171422, 
    0x25059042, 0x161d1822, 0x0183171e, 0x2111f344, 0x0189161b, 0x181e2422, 0x4406f54d, 0x0f2806f3, 0x0c09100e, 0x1e24100c, 0x18230183, 0x8f0e0614, 
    0x24152100, 0x0294ea82, 0x1c19172a, 0x06162015, 0x10181709, 0x1621d083, 0x06f34420, 0x15151228, 0x14161516, 0x4a8f1616, 0x25088f72, 0x25110d0e, 
    0xf344110e, 0x26570805, 0x17170a0c, 0x191f1711, 0x19181717, 0x211c151b, 0x17171719, 0x1c16171c, 0x0e11221b, 0x150d161a, 0x1e171d26, 0x2129171e, 
    0x1619171e, 0x12101712, 0x1c18121a, 0x1b1c1d18, 0x17131717, 0x15141417, 0x16131315, 0x0a16150b, 0x292a2e31, 0x28311720, 0x0c151b21, 0x89171e0c, 
    0x1b162ff3, 0x26151b15, 0x1b171c21, 0x1e161a17, 0x35821e17, 0x1b242c83, 0x1d1a2917, 0x26201b82, 0x21835982, 0x17161724, 0x00820c16, 0x83074441, 
    0x12162540, 0x1e1b161c, 0x1b226a83, 0x3b841715, 0x18311d83, 0x131e1314, 0x191c2424, 0x12181614, 0x1a111313, 0x2921821c, 0x171f0c15, 0x161a101a, 
    0xf3440f14, 0x0e0d2707, 0x1111110e, 0x17821717, 0x142a5882, 0x1a1d292b, 0x1b1c181d, 0x11821a19, 0x17252708, 0x1e1a1d1d, 0x1c1e1c21, 0x18181918, 
    0x1a1e1a22, 0x231d2926, 0x1a291a19, 0x11171715, 0x1320161d, 0x18161818, 0x0082171d, 0x14134608, 0x18152014, 0x18232216, 0x22141721, 0x17161616, 
    0x0c121411, 0x23240a0c, 0x14181617, 0x191d1718, 0x161e171e, 0x1619181f, 0x12161719, 0x161a1418, 0x13172227, 0x1a1e171c, 0x191e171b, 0x1920181f, 
    0x181e212a, 0x06f34419, 0x24161b34, 0x1a161c1d, 0x21161b17, 0x0c1b211b, 0x161b2025, 0x2c821a20, 0x161a1825, 0x410c1e24, 0x17220529, 0x01821c16, 
    0x17202529, 0x1d141713, 0x42181d18, 0x1a220558, 0x01841814, 0x80821a20, 0x2b212336, 0x16141626, 0x1a1b0f16, 0x17171917, 0x1a0c1e1c, 0x151d211b, 
    0x1720cd82, 0x2022cd83, 0xc7821720, 0xf3441420, 0x15172505, 0x17171715, 0x172b7e82, 0x20201520, 0x11211c1b, 0x8321220c, 0x0d1623cb, 0x19820d0d, 
    0xf3441720, 0x0512440b, 0x05711f20, 0x1c1d2406, 0x62242526, 0x21260935, 0x2a292a2b, 0xf3442626, 0x1a1b2409, 0x43161a19, 0x17260554, 0x2b2c2322, 
    0x99442b2a, 0x1f172506, 0x20252927, 0x19830086, 0x17223783, 0xb2821417, 0xf3447386, 0x28272108, 0x2005bb4e, 0x27008616, 0x36372e2e, 0x32323736, 
    0x20253c86, 0x3738302e, 0x860f8235, 0x1b1b2859, 0x0d271e1f, 0x440f0d0c, 0x1f2705f3, 0x2824231f, 0x850f1618, 0x0c0c2693, 0x17161515, 0x252a860f, 
    0x21181817, 0xf3441f23, 0x263e0807, 0x2a252625, 0x1e1e0d0b, 0x24232426, 0x22221f1f, 0x2b2a2a2b, 0x24222626, 0x2d2b2c2d, 0x1c1b2626, 0x411e1620, 
    0x00118526, 0x148c2800, 0x0c0a0a00, 0x25171c13, 0x0e0e0a1c, 0x0e091714, 0x15461109, 0x09172208, 0x080b8209, 0x1c27122f, 0x181d1a1b, 0x0c1d1c17, 
    0x23171b15, 0x201a201e, 0x1c18171b, 0x1a1b261c, 0x0f110f18, 0x160b1417, 0x17181418, 0x0c181811, 0x240d170a, 0x08008218, 0x12131127, 0x161f1518, 
    0x0e0e1415, 0x0a17170e, 0x14281311, 0x17351014, 0x0a0a280d, 0x14101313, 0x13220f28, 0x0a1a250d, 0x205d820c, 0x37c78218, 0x17181020, 0x0e0f200e, 
    0x0b0f0f17, 0x0d091c18, 0x2318120f, 0x1c122323, 0x28220084, 0x0082181a, 0x00820c20, 0x201e1e22, 0x17210083, 0x22178320, 0x411a1a1a, 0x23210545, 
    0x07134514, 0x02832682, 0x07841720, 0x15181522, 0x4905a249, 0x1a2705ed, 0x1e1b1d14, 0x87171818, 0x181c2101, 0x1d220185, 0xfe7c1e18, 0x29628208, 
    0x0a151722, 0x1721171b, 0x01820d17, 0x15170f25, 0x821e0d18, 0x181e2620, 0x181e1924, 0x21018420, 0x0183111b, 0x2105cb49, 0x01831218, 0x05854885, 
    0x1a1f2623, 0x05ba4215, 0x13170d2f, 0x0b0a1218, 0x0a100f10, 0x26110c0d, 0x2201831f, 0x1806151a, 0x2110294f, 0xea822516, 0x182a0294, 0x20161d1b, 
    0x18090617, 0xe1831019, 0x44221821, 0x182205f3, 0xb7451613, 0x90172005, 0x3410824b, 0x08090908, 0x110e0e0e, 0x0f110f27, 0x100d0e0e, 0x0c0d2814, 
    0x29a58218, 0x18181a20, 0x161d1a1a, 0x0882231e, 0x191d1837, 0x241d1d17, 0x171c0e11, 0x1e28160d, 0x18202019, 0x181f232b, 0x08b2821b, 0x1a121127, 
    0x191e1812, 0x171d1d1f, 0x19191418, 0x16171515, 0x0e181414, 0x340c1616, 0x222c2c31, 0x232a3318, 0x0c0c161c, 0x063e4120, 0x1727f583, 0x161c161c, 
    0x821d2328, 0x171b2812, 0x18201820, 0x820a1519, 0x181c252c, 0x181e1b2a, 0x2c821983, 0x18242182, 0x0c171817, 0x21830082, 0x1b111b23, 0x203a8411, 
    0x27358213, 0x18181c1f, 0x18161c14, 0x1d833b84, 0x13151a31, 0x2626131f, 0x17151a1d, 0x14141318, 0x821e1b12, 0x82162021, 0x2a348273, 0x12101517, 
    0x120f0f0d, 0x850e1212, 0x18182206, 0x2cb88221, 0x2d150c0c, 0x1e1b1f2b, 0x1a1c1c1a, 0x3811821b, 0x1e1e1827, 0x1d23201b, 0x1a1a1d20, 0x1b241a18, 
    0x2b281b20, 0x1b1a251f, 0x2467822b, 0x171c1218, 0x23db8222, 0x181d1917, 0x21080082, 0x20151614, 0x22171916, 0x17211a24, 0x17172315, 0x15121817, 
    0x0a0c0c13, 0x17182324, 0x18191519, 0x9383191f, 0x19213c08, 0x191a171a, 0x15191317, 0x2328171b, 0x181d1418, 0x181c1b1f, 0x19201a20, 0x232c1a21, 
    0x141a1920, 0x161a1418, 0x171d1618, 0x181d1c26, 0x181c181a, 0x1c231c23, 0x1c22270c, 0x821b2117, 0x1b19252c, 0x0c1f2617, 0x22052941, 0x821d1718, 
    0x22272801, 0x15191418, 0x841e191e, 0x1820235f, 0x4651151b, 0x821b2005, 0x21253680, 0x1617282d, 0x1c101716, 0x181b181b, 0x0c201d18, 0x1e231c1b, 
    0x21cd8216, 0xcd821818, 0x6f822220, 0x1518162d, 0x0d191814, 0x15181517, 0x82181816, 0x1812344a, 0x22221620, 0x12231e1c, 0x1a22240c, 0x18151923, 
    0x820d0d0d, 0x22182419, 0x87190f12, 0x1e1e2800, 0x25242627, 0x84152121, 0x1e1f2500, 0x27262728, 0x03832383, 0x2d232427, 0x282c2b2c, 0x84368228, 
    0x13132602, 0x1b1b1b1c, 0x054e4317, 0x25241826, 0x2d2c2d2e, 0x21242b87, 0x22272b29, 0x19830086, 0x19243783, 0x18151519, 0x73847482, 0x71872220, 
    0x332a2926, 0x2d313032, 0x30273988, 0x39393a30, 0x8634343a, 0x3022283c, 0x373a3b32, 0x8635353a, 0x1c1c282f, 0x0e291f20, 0x82100e0c, 0x2648824a, 
    0x26252120, 0x4417192a, 0x162408f3, 0x10191716, 0x02841782, 0x231a1a27, 0x19152125, 0x084a840b, 0x2827283e, 0x0e0b2c26, 0x26281f1f, 0x21212625, 
    0x2c2d2424, 0x28282e2c, 0x2e2f2624, 0x28282f2d, 0x17201d1c, 0x8c28441f, 0x2a000012, 0x0a001593, 0x1d140c0a, 0x0a1e2718, 0x18150f0f, 0x120a0e09, 
    0x04845084, 0x820a0a21, 0x29132b06, 0x1f1b1c1d, 0x1f1d1819, 0x2782160d, 0x21204b08, 0x181c211b, 0x281d1e1b, 0x101a1b1c, 0x15191012, 0x1519170c, 
    0x19121919, 0x180a0c19, 0x1a19240d, 0x14111919, 0x21171913, 0x0f151617, 0x18180f0e, 0x2a13120a, 0x37111616, 0x0a2a0e18, 0x1013130a, 0x24102a15, 
    0x1b270e14, 0x5d820c0a, 0x160d193b, 0x19112117, 0x10210e18, 0x0f0f180f, 0x0a1e190c, 0x19120f0e, 0x13252525, 0x2200841d, 0x82191b2a, 0x820d2000, 
    0x201f2200, 0x22008321, 0x821e2118, 0x1b1b2200, 0x059b451c, 0x7b822520, 0x0c257a82, 0x19190c0c, 0x2000831a, 0x24808217, 0x19161919, 0x05206216, 
    0x2405ed49, 0x1d1f151b, 0x08fa411f, 0x1d191922, 0x1f250186, 0x0d192019, 0x2a01870c, 0x1618230c, 0x23181d0a, 0x820d1818, 0x18102501, 0x200e1916, 
    0x20272082, 0x201a2519, 0x831a2119, 0x111c2101, 0x18210183, 0x21018314, 0x0183131b, 0x89191e21, 0x21282301, 0xba42161b, 0x180e2f05, 0x0a131b14, 
    0x1110100b, 0x120d0e0a, 0x01832128, 0x44161b21, 0x172211f3, 0x00962527, 0x1f1d1a2b, 0x06182217, 0x101b190a, 0x29008218, 0x1e1e2319, 0x31301f1f, 
    0xb7451319, 0x08347406, 0x200bfb44, 0x27008209, 0x120e0f0f, 0x10121029, 0x10320782, 0x0c0e2a15, 0x19131919, 0x19191b22, 0x171e1b1b, 0x0882251f, 
    0x1f192508, 0x1e1f181a, 0x1d0f1325, 0x29170d18, 0x21211a20, 0x21252d1a, 0x14181c19, 0x1d131219, 0x1a1f1b13, 0x1a1e1e20, 0x1a3ac782, 0x17181616, 
    0x0e191516, 0x370c1818, 0x242e2e33, 0x252c3619, 0x0c0d171d, 0xf3891a21, 0x171d1933, 0x252a171d, 0x191d191f, 0x1a21181d, 0x161a1a21, 0x242c820a, 
    0x1c2d191d, 0x231b8220, 0x1a21252a, 0x19202183, 0x0d210082, 0x363a830c, 0x111c1a21, 0x191e111c, 0x1418191e, 0x211e191f, 0x151a191e, 0x4119171d, 
    0x2b080660, 0x161b1a21, 0x26152114, 0x161c1e26, 0x15141b18, 0x1f1c1315, 0x1719191d, 0x1c19220c, 0x16181d12, 0x100e1310, 0x13131310, 0x0f0f0e0f, 
    0x19220682, 0x76822219, 0x160d0d3a, 0x1d202d2f, 0x1d1f1b20, 0x23191c1b, 0x201a2919, 0x27211d20, 0x1b1f211f, 0x252a0082, 0x2b1d211c, 0x1c27202f, 
    0x67832d1d, 0x191e133b, 0x1a1a1522, 0x19211a19, 0x1519191a, 0x17221616, 0x2624181b, 0x1618221b, 0x27a48225, 0x14161319, 0x250a0c0c, 0x1a240b82, 
    0x201a1a16, 0x2e08d182, 0x1a231820, 0x1a1b181c, 0x161b1318, 0x242b181c, 0x191f151a, 0x191e1b21, 0x1b221c21, 0x252f1b23, 0x151b1b22, 0x161b141b, 
    0x191e161b, 0x821e1c28, 0x191d2c90, 0x1e251e25, 0x1e22290d, 0x821c2318, 0x1d1a252c, 0x0c222818, 0x22052941, 0x821f1919, 0x22292601, 0x161a151a, 
    0x245f8420, 0x1a211a21, 0x062e4c1d, 0x19181d3a, 0x2f222713, 0x1719182a, 0x1c1d1118, 0x1a191d19, 0x1d0d211f, 0x1720271d, 0x1934cd82, 0x1c251b1b, 
    0x1a1a2227, 0x15161a17, 0x180d1a19, 0x17171916, 0x7e82ca82, 0x17221933, 0x1f1d2422, 0x250d1325, 0x1a251b24, 0x0d0d1916, 0x23df820d, 0x10132419, 
    0x28080b65, 0x27292020, 0x22222725, 0x25008416, 0x282a1f20, 0x15432928, 0x25262707, 0x2e2e2e2f, 0x36822a2a, 0x14270284, 0x1c1c1e14, 0x8518181d, 
    0x2726253c, 0x302e2f31, 0x22242b87, 0x24292d2b, 0x25200086, 0x2d201982, 0x1a243782, 0x1916161a, 0x1a207482, 0x24217482, 0x29358524, 0x2d2b1a1a, 
    0x34323536, 0x39872f2f, 0x3d333327, 0x373d3b3b, 0x283c8637, 0x3e353224, 0x373c3a3d, 0x292f8637, 0x21221d1d, 0x0f0d0f2b, 0x30841710, 0x27222226, 
    0x181a2c28, 0x26065a7f, 0x17170d0d, 0x83101a18, 0x27648319, 0x26251b1b, 0x0c1a1722, 0x3e084a84, 0x282a292a, 0x210f0c2e, 0x27282a21, 0x26222228, 
    0x2e2e3026, 0x252a2a30, 0x30303228, 0x1d2a2a32, 0x2118221f, 0x13932847, 0xa22e0000, 0x0b0b0017, 0x1a20150d, 0x100b202a, 0x0b1a1710, 0x41140b0f, 
    0x1a220821, 0x0b820b0b, 0x2d155a08, 0x221e1f20, 0x22201a1c, 0x1a1f180f, 0x1e24232a, 0x1d1b1f24, 0x1f2b2121, 0x14111c1d, 0x0d171b11, 0x1c171c19, 
    0x1b1b131b, 0x0f1b0b0d, 0x1c1c1b27, 0x1416131c, 0x1924191b, 0x0f121718, 0x0c1a1a12, 0x192e1615, 0x1b3d1219, 0x0c0c2e0f, 0x17111616, 0x1627112e, 
    0x0b1d2b0f, 0x3b5d820d, 0x19180e1b, 0x1a1b1225, 0x1111250f, 0x0d11111a, 0x0f0b211b, 0x281b1611, 0x20152828, 0x2e220084, 0x00821c1e, 0x00820f20, 
    0x84232221, 0x241a22dd, 0x23008221, 0x191e1e1d, 0x28220084, 0x00821b17, 0x00820d20, 0x7a831c20, 0x1a1c1c23, 0x230f821c, 0x181c181b, 0x4c05ae44, 
    0x1e250539, 0x22202217, 0x2021821c, 0x2103851b, 0x01851b20, 0x231b2225, 0x870d0f1c, 0x270d2a01, 0x1f0b181b, 0x1a1b261b, 0x2301820f, 0x1b181a11, 
    0x25068953, 0x1b231c29, 0x01831c24, 0x83131f21, 0x05d94d01, 0x83141d21, 0x1b212101, 0x2b250189, 0x1c181d24, 0x2f018317, 0x1d161b10, 0x120d0b14, 
    0x0f0b1311, 0x242b140e, 0x1d230183, 0x8f110718, 0x2b192100, 0x0294ea82, 0x221f1c2b, 0x071a2419, 0x131d1c0b, 0x2b00821a, 0x2020271b, 0x35332222, 
    0x191a151b, 0x4c180184, 0x528b0882, 0x00820a20, 0x10103808, 0x112d140f, 0x12121114, 0x2e17110f, 0x1b1b0d0f, 0x1e251c15, 0x1e1e1c1c, 0x28221921, 
    0x1c1b1c1e, 0x221a1c22, 0x11142921, 0x19101b20, 0x241c232f, 0x28311c24, 0x821f1c24, 0x14132ad5, 0x221d151f, 0x2121241d, 0x3ac5821c, 0x1a18181c, 
    0x1b17181a, 0x0d191a0f, 0x3232383c, 0x303b1c27, 0x0f192028, 0x891c240d, 0x201b33f3, 0x2e192019, 0x201c2128, 0x241b1f1b, 0x1c1c241c, 0x2c820b18, 
    0x321b2025, 0x831b231f, 0x1c242119, 0x76822183, 0x0d0f1b22, 0x69823a83, 0x131f1322, 0x1a254083, 0x201b2216, 0x226a8324, 0x841c1920, 0x083f833b, 
    0x16181d26, 0x2b2b1724, 0x1a181e22, 0x1717161c, 0x21221f15, 0x0d191b1c, 0x141f1c25, 0x12181a1f, 0x11110f15, 0x10151515, 0x2e080685, 0x1b251c1c, 
    0x0f0f1b20, 0x23313418, 0x221e231f, 0x1b1f1e20, 0x1c2d1c26, 0x241f2323, 0x2224222a, 0x1e1d1e1e, 0x1f241f27, 0x2b24322f, 0x82321f1e, 0x151c2b67, 
    0x17271b22, 0x1d1b1c1c, 0x94821b23, 0x18191739, 0x1a1d1925, 0x261d2927, 0x1b28181a, 0x151c1b1b, 0x0d0d1618, 0x82282a0b, 0x1c18241c, 0x821d231c, 
    0x1b2f0893, 0x1a1e1d26, 0x151a1c1e, 0x1a1f181d, 0x171c282f, 0x1f241c22, 0x1e251c21, 0x1e271d25, 0x1d252833, 0x171d171e, 0x191d191d, 0x212b1b21, 
    0x821e1b21, 0x21282a92, 0x2d0f2128, 0x261a2027, 0x252c821f, 0x2d1a1f1d, 0x29410d24, 0x1b1c2205, 0x29018222, 0x171c272d, 0x1c23181c, 0x58421c23, 
    0x4c182006, 0x1f3a0552, 0x2b151b1a, 0x1a2e3426, 0x121a191b, 0x1f1b1f20, 0x24221c1c, 0x2a211f0f, 0xcd821a23, 0x1d1d1b30, 0x24271f27, 0x1c191d1c, 
    0x1c1b1718, 0x26831b0e, 0x173ca882, 0x251b151d, 0x20272519, 0x0f152822, 0x281d2829, 0x0e1b181c, 0x1b1c0e0e, 0x15271b1b, 0x2006314d, 0x24cc821c, 
    0x292b2d23, 0x07116c2a, 0x2e222325, 0x822d2c2c, 0x27028422, 0x32342829, 0x2e2e3332, 0x27073251, 0x1f201616, 0x1a1b1f1f, 0x02823682, 0x352b2925, 
    0x84343234, 0x24048228, 0x2d312f26, 0x83008627, 0x32312819, 0x1c1c2e2e, 0x821b1818, 0x821c2074, 0x27272174, 0x1c283585, 0x3b312f1c, 0x3439373a, 
    0x37273988, 0x41414237, 0x863c3c43, 0x3727283c, 0x4042443a, 0x863c3c42, 0x2020292f, 0x102f2425, 0x1912100e, 0x25276a84, 0x302b2b25, 0x85121a1d, 
    0x0f0f2693, 0x1c1b1a19, 0x83198312, 0x1d1d2764, 0x19252a29, 0x4a840d1c, 0x2d2e3e08, 0x0d322c2e, 0x2e242410, 0x262b2b2c, 0x34292926, 0x2e343333, 
    0x362b292e, 0x2e373435, 0x2422202e, 0x2c4e241a, 0x000015a2, 0x0019b032, 0x170d0c0c, 0x232e1c23, 0x1912120d, 0x0d110c1d, 0x827e8616, 0x0d0d2106, 
    0x59080482, 0x22253117, 0x1d1e2520, 0x1a102523, 0x262d1c22, 0x21282028, 0x25231e1d, 0x1f20222f, 0x1d131613, 0x1e1c0e19, 0x151d1e19, 0x0d0f1d1e, 
    0x1d2b101d, 0x161e1e1e, 0x1d1d1718, 0x191c1c28, 0x1c131113, 0x17150c1c, 0x14191932, 0x32101d42, 0x17170c0c, 0x13321912, 0x2f10182b, 0x5d830c20, 
    0x1a0f1e3b, 0x1e14281b, 0x1328111c, 0x12121d12, 0x0d241e0e, 0x1e181210, 0x172c2c2c, 0x21008425, 0x50822032, 0x82101e21, 0x26252200, 0x22008328, 
    0x8223281c, 0x20202200, 0x22a78521, 0x821d192c, 0x820f2000, 0x531e2000, 0x1c2105ef, 0x240f821e, 0x1c1e1c1d, 0x44018425, 0x202505f9, 0x25222519, 
    0x2021821e, 0x2103851d, 0x01851e23, 0x261d2525, 0x870f101e, 0x2a0f2a01, 0x220d1a1d, 0x1c1d2a1d, 0x26018210, 0x1e1a1c13, 0x831d2611, 0x1f2d2501, 
    0x1e281d26, 0x21210183, 0x21018316, 0x8851181d, 0x1d232109, 0x2f250189, 0x1f1c2028, 0x2f018319, 0x1e181d11, 0x130e0d17, 0x100c1513, 0x282f1610, 
    0x20230183, 0x8f12081c, 0x2f1b2100, 0x0294ea82, 0x25231f2a, 0x081c271b, 0x13201e0d, 0x1e31e983, 0x2423232a, 0x1e383724, 0x1d1b1c17, 0x1c1b1d1c, 
    0x834a8f1d, 0x0a21080f, 0x120b0b0b, 0x31161112, 0x13131613, 0x19121013, 0x1e0d1032, 0x291e171e, 0x201e1e21, 0x251b2420, 0x3708822c, 0x1d1f251e, 
    0x162d2424, 0x111d2312, 0x1f26321b, 0x361e2828, 0x211e272b, 0x1523b282, 0x82162117, 0x2427231e, 0xc5821f23, 0x1a1a1f3a, 0x181a1c1c, 0x1d1c111d, 
    0x373d410d, 0x401e2a37, 0x1c252c34, 0x1e280f10, 0x1d32f389, 0x1c251c25, 0x1e242c32, 0x1d221e23, 0x1e281e28, 0x2c831a1f, 0x371e2324, 0x1b822622, 
    0x282c3223, 0x2521831e, 0x1d1e1d1e, 0x3a830f10, 0x211e2825, 0x83162116, 0x181c2c40, 0x27231d25, 0x191f1e24, 0x841e1c25, 0x083f833b, 0x181c2029, 
    0x2d2d1927, 0x1d1a2126, 0x1919181e, 0x25252217, 0x0f1c1e1e, 0x15221e29, 0x141a1c22, 0x13131017, 0x12171717, 0x82121211, 0x1e1e2106, 0x1d2d1782, 
    0x391a1010, 0x26222736, 0x21252521, 0x08118222, 0x261f3127, 0x2d272226, 0x20252825, 0x2e211e20, 0x34222822, 0x212e2738, 0x1c223622, 0x24171e1e, 
    0x1f192b1d, 0x271f1d1f, 0x0800821e, 0x1c191921, 0x1c201c27, 0x29202c2b, 0x1d2b1a1c, 0x171e1d1d, 0x0f0f181a, 0x1e2c2e0d, 0x1f1c1f1d, 0x8220261e, 
    0x291f2e93, 0x211c2120, 0x20171d1f, 0x341c221a, 0x33af822c, 0x2321271e, 0x2821281e, 0x37212a20, 0x2020282c, 0x20191e19, 0x24254682, 0x2423301d, 
    0x33db831d, 0x232c232c, 0x232b3110, 0x25222a1d, 0x221f271e, 0x0f282f1c, 0x22052941, 0x82251d1e, 0x2b312901, 0x1a1f191f, 0x1f261f26, 0x21055842, 
    0x61821a22, 0x1c211c22, 0x1725a182, 0x3238292e, 0x2ef3821c, 0x1e222514, 0x251f1e23, 0x25221028, 0x821c262d, 0x1e1e32cd, 0x2c222e20, 0x1b1f1f27, 
    0x1d191a1e, 0x1c1d101f, 0x3902821e, 0x20191f1e, 0x1c271e18, 0x2525292a, 0x2c10172c, 0x1f2c202b, 0x10101d1a, 0x00821e10, 0x13162922, 0x27081760, 
    0x2f312626, 0x29292e2d, 0x2505d648, 0x30322526, 0xf2823130, 0x2d270284, 0x3637382c, 0x82323237, 0x26028436, 0x22231818, 0x431d2221, 0x1e260554, 
    0x383a2e2d, 0x4e823937, 0x29240284, 0x29313633, 0x2d230086, 0x83393a2f, 0x1f1f2437, 0x821d1a1a, 0x20738474, 0x27728729, 0x3f403533, 0x39393e3c, 
    0x04826284, 0x483c3c27, 0x41484747, 0x283c8641, 0x4a3f3c29, 0x42484548, 0x292f8642, 0x27282525, 0x120f1234, 0x30841b13, 0x2f292827, 0x1c20342f, 
    0x82908413, 0x1c1b2404, 0x83141f1d, 0x1f1f2b60, 0x20201e1e, 0x1b292e2c, 0x4a840e1f, 0x30323e08, 0x0e373032, 0x32272712, 0x292f2f30, 0x392d2d29, 
    0x32393737, 0x3b2f2d32, 0x323b393a, 0x27252532, 0x3155271c, 0x000017b0, 0x001bbe36, 0x190e0d0d, 0x26321f26, 0x1b13130e, 0x0e120d1f, 0x08214118, 
    0x0e0e1f22, 0x59080b82, 0x24283519, 0x1f212823, 0x1d102826, 0x29301e25, 0x242b232b, 0x2826201f, 0x21222433, 0x1f141814, 0x211e0f1b, 0x1720211b, 
    0x0e102020, 0x2030111f, 0x17212121, 0x1f20191a, 0x1b1e1e2b, 0x1f151215, 0x19170d1f, 0x151c1c36, 0x36121f48, 0x19190d0d, 0x14361b14, 0x33121a2e, 
    0x5d830d22, 0x1c10203b, 0x20162b1d, 0x142b121f, 0x14141f14, 0x0e26200f, 0x20191412, 0x192f2f2f, 0x22008428, 0x82212336, 0x23ef8200, 0x2b292810, 
    0x1f220083, 0x0082262b, 0x24232222, 0x1e24fb83, 0x201b2f1e, 0x1f830082, 0xfb4e2020, 0x211f2105, 0x20230f82, 0x421e211e, 0x325d054b, 0x1b232705, 
    0x21282528, 0x01872021, 0x85202621, 0x20282301, 0x50412029, 0x29078207, 0x0e1d1f2d, 0x1f2d1f25, 0x0182111e, 0x1c1e1425, 0x82291220, 0x20292720, 
    0x20292130, 0x0183212b, 0x83172421, 0x1a1f2101, 0x4e450183, 0x85488505, 0x2b332305, 0x01491e22, 0x1f122f05, 0x0e19201a, 0x1614150f, 0x1711120d, 
    0x01832b33, 0x081e2223, 0x21008f14, 0xea82331d, 0x212b0294, 0x291d2727, 0x210e081f, 0x821f1622, 0x2d202f00, 0x28282727, 0x19203f3e, 0x1e1f1e1e, 
    0x88561d1f, 0x08508d07, 0x0c0c0b3c, 0x1213130b, 0x18143518, 0x12151514, 0x12361b14, 0x1920200e, 0x21232c21, 0x27232321, 0x232f281e, 0x27212021, 
    0x27271f21, 0x26121730, 0x341e121f, 0x2b2b2129, 0x2a2f3a21, 0xb2822421, 0x2319172a, 0x22282018, 0x2125272a, 0x213ac782, 0x1e1f1c1c, 0x12201a1c, 
    0x460e201e, 0x2e3b3b42, 0x2f384521, 0x10101e28, 0xf589212b, 0x1e282027, 0x2f361e28, 0x27128227, 0x212b1f25, 0x1c21212b, 0x26242c83, 0x29243920, 
    0x36231b82, 0x83212b2f, 0x21768221, 0x00821020, 0x83074441, 0x1a1f2c40, 0x2a262028, 0x1b212026, 0x41211e28, 0x28080660, 0x1e22212b, 0x301b2a1a, 
    0x1c242930, 0x1b1a201f, 0x2824181b, 0x1e202128, 0x25212c10, 0x1c1e2417, 0x14121815, 0x19191914, 0x08068513, 0x2c21213d, 0x101f2520, 0x3a3d1d10, 
    0x2429252a, 0x24232826, 0x35212c20, 0x25292921, 0x2b28302b, 0x20232327, 0x2b243024, 0x2a393625, 0x3a252432, 0x20201e25, 0x2e202718, 0x2021211b, 
    0x82202922, 0x1c1b2e94, 0x221e2a1e, 0x23302e1f, 0x2f1c1f2d, 0x26008220, 0x101a1c18, 0x82320e10, 0x1e21370b, 0x23292122, 0x202a212b, 0x1f24222d, 
    0x191f2123, 0x1f251c22, 0xaf822f37, 0x2a213408, 0x2b212624, 0x2d222c23, 0x2b2f3c23, 0x201b2322, 0x221e221c, 0x3320271e, 0x23202728, 0x3020261f, 
    0x10263026, 0x1f262e35, 0x2028242d, 0x1f25222a, 0x41102c34, 0x21220529, 0x01822720, 0x212e3529, 0x291c211b, 0x42212921, 0x25210558, 0x05e85a1c, 
    0x201f253a, 0x3d2d3218, 0x1f1e1f36, 0x2428151f, 0x21212720, 0x25102b28, 0x1e293028, 0x2034cd82, 0x24302220, 0x2221292e, 0x1b1c211e, 0x1f112120, 
    0x1e1f201e, 0x2236c583, 0x1e2a201b, 0x28282c2e, 0x3010192f, 0x212f222f, 0x1111201c, 0xce822111, 0x15182c23, 0x28008721, 0x33342929, 0x2c2c3230, 
    0x2500841c, 0x34362829, 0x22823534, 0x30270284, 0x3b3b3d2f, 0x8236363c, 0x27028436, 0x24261a1a, 0x1f1f2524, 0x31253b85, 0x3b3d3f32, 0x086d5d3d, 
    0x353a3722, 0x2007a847, 0x28198230, 0x36363b3a, 0x1c1c2121, 0x20748220, 0x21748221, 0x35852c2c, 0x38212128, 0x41444539, 0x39883d42, 0x4e414127, 
    0x464e4c4c, 0x273d8746, 0x4e4f4441, 0x47474e4b, 0x28292f86, 0x382a2c28, 0x15131113, 0x276a841d, 0x33322c2c, 0x151f2238, 0x11279084, 0x1e1d1010, 
    0x8315211f, 0x27648319, 0x31302222, 0x0f211d2c, 0x3e084a84, 0x34363436, 0x2a130f3b, 0x3234352a, 0x302c2c33, 0x3c3c3d30, 0x3036363d, 0x3d3e4033, 
    0x28363640, 0x2a1f2928, 0x18be355c, 0xcc3a0000, 0x0e0e001d, 0x21291b11, 0x150f2935, 0x0e221d15, 0x41190f13, 0x21220821, 0x0b820f0f, 0x381a5a08, 
    0x2b26272b, 0x2b292123, 0x21281f13, 0x252e2c33, 0x2322272e, 0x27372b29, 0x19162325, 0x111d2116, 0x231d2320, 0x22221922, 0x13220f11, 0x23232233, 
    0x1a1c1923, 0x202d2122, 0x12171d20, 0x0e212117, 0x1f3a1b19, 0x224d171f, 0x0e0e3a13, 0x1d151b1b, 0x1c32163a, 0x0e253613, 0x3b5d8211, 0x1f1e1221, 
    0x2123172e, 0x14162e13, 0x11151522, 0x130f2922, 0x33231b15, 0x2b1a3333, 0x3a210084, 0x21508226, 0x00821323, 0x2e2c2b22, 0x21220083, 0x0082292e, 
    0x26252522, 0x2024fb83, 0x221d3320, 0x11200082, 0x23200082, 0x23207a83, 0x0f820582, 0x23202224, 0x01842b20, 0x2405a849, 0x282b1d26, 0x831b842b, 
    0x2223221f, 0x25018629, 0x232c222b, 0x01871113, 0x2131112a, 0x22280f1f, 0x13212230, 0x15260182, 0x14221e21, 0x0183222c, 0x2c243425, 0x83232e22, 
    0x19272101, 0x22210183, 0x2101831c, 0x01831a23, 0x07834a87, 0x252d3723, 0x05014920, 0x1c22142f, 0x100f1a23, 0x0e181617, 0x37191213, 0x2201832d, 
    0x18092025, 0x2110294f, 0xea82361f, 0x242b0294, 0x2c202a29, 0x230f0921, 0x82211725, 0x31222b00, 0x2c2c2a2a, 0x1b224543, 0x01822021, 0x88561f20, 
    0x34518d07, 0x0c0d0d0c, 0x19131515, 0x16191638, 0x15131717, 0x11133a1d, 0x08a58223, 0x23262f24, 0x2a262523, 0x26332b20, 0x2a232223, 0x2a2a2124, 
    0x28151934, 0x3b201522, 0x2e2e242c, 0x2d323e23, 0xb2822723, 0x1a182808, 0x2b231b26, 0x282a2d24, 0x241d2324, 0x211e1e24, 0x221c1e20, 0x11232112, 
    0x3f40464b, 0x3d4a2331, 0x13202b33, 0x89232e11, 0x2b2227f5, 0x3a202b20, 0x12822a33, 0x2e222828, 0x24232e23, 0x2c820f1e, 0x40222925, 0x83222c27, 
    0x232e2119, 0x76822183, 0x11132222, 0x2e253a83, 0x27192723, 0x2c408319, 0x222b1c21, 0x23292d29, 0x202b1d23, 0x833b8423, 0x2025373f, 0x371e2e1d, 
    0x1e262c37, 0x1d1c2321, 0x2b271a1d, 0x2023232b, 0x36832f11, 0x171e202d, 0x1616131a, 0x141b1b1b, 0x82151513, 0x23360806, 0x28222f23, 0x1f131322, 
    0x282d3e42, 0x2b2b262c, 0x30222726, 0x2c233923, 0x332e282c, 0x252a2e2b, 0x33262326, 0x3b272e27, 0x26362d3e, 0x20283f28, 0x2b1a2323, 0xdb823322, 
    0x2b242223, 0x08948222, 0x201f1d33, 0x2125202f, 0x30253533, 0x22331e22, 0x1a232222, 0x11111c1e, 0x2334370f, 0x24202422, 0x2e262b23, 0x30232f23, 
    0x26212625, 0x251b2124, 0x3b21271e, 0x08af8234, 0x272d2334, 0x262e2329, 0x2631252f, 0x252e3340, 0x1f231d26, 0x21252125, 0x2b36222a, 0x2328222a, 
    0x29332229, 0x39132933, 0x30212933, 0x2e232b27, 0x36212724, 0x2941112e, 0x22232205, 0x2901822a, 0x1d233339, 0x242c1e24, 0x5842242c, 0x1e282105, 
    0x28054646, 0x1a222127, 0x3a413036, 0x2e008221, 0x22272b17, 0x2b232329, 0x2b28132e, 0x82202c33, 0x232334cd, 0x33273325, 0x2026242c, 0x221d1e23, 
    0x20221224, 0x82202122, 0x251d37a8, 0x202f221d, 0x2b2b3131, 0x34131b33, 0x24332532, 0x1212221e, 0xcf822312, 0x161a3123, 0x27008724, 0x37382c2c, 
    0x2f2f3534, 0x25052e48, 0x383a2b2c, 0x22823837, 0x34270284, 0x3f3f4133, 0x4c3a3a40, 0x1b28073e, 0x2727291c, 0x23212128, 0x34250084, 0x3f414336, 
    0x82288442, 0x3b302404, 0x8631393e, 0x29198200, 0x3a3f3e42, 0x1e24243a, 0x7482221e, 0x74822320, 0x87313121, 0x3d3c2671, 0x4746494a, 0x27398842, 
    0x52544646, 0x4c4c5452, 0x31283c86, 0x54554946, 0x4c4c5350, 0x2b292f86, 0x3c2d2f2b, 0x17151215, 0x276a841f, 0x37362f2f, 0x1621253d, 0x13269385, 
    0x22201f13, 0x19831724, 0x2224242b, 0x33252522, 0x241f2f35, 0x084a8411, 0x3a383a3f, 0x15114038, 0x38392d2d, 0x2f2f3736, 0x40423434, 0x3a3a4240, 
    0x43453734, 0x3a3a4542, 0x212c2b2b, 0xcc38622d, 0x4300001a, 0x100022eb, 0x2f1f1210, 0x102f3e26, 0x27221818, 0x1d101710, 0x21008826, 0x0a821010, 
    0x411e5a08, 0x312b2d31, 0x312f2629, 0x262e2314, 0x2b35333c, 0x28272d35, 0x2d3f312f, 0x1d19292c, 0x13222519, 0x28222825, 0x27281c27, 0x16271014, 
    0x2829273a, 0x1e211d28, 0x25362527, 0x161a2226, 0x1126261a, 0x2243201d, 0x27591b22, 0x11114316, 0x22192020, 0x21391943, 0x102c3f16, 0x3a5d8212, 
    0x24231426, 0x26281b35, 0x17193517, 0x13181827, 0x16103028, 0x3b281e18, 0x841e3b3b, 0x433123cb, 0x0082292b, 0x00821420, 0x35333222, 0x26220083, 
    0x00822f35, 0x2c2b2c23, 0x22008425, 0x8227223b, 0x221e8200, 0x82272814, 0x29292328, 0x0f822925, 0x28262725, 0x83253126, 0x222b2101, 0x31250185, 
    0x2929322e, 0x4e018727, 0x2f25056c, 0x33273128, 0x0a294928, 0x23273829, 0x38272e10, 0x82162627, 0x26192601, 0x33172823, 0x25018327, 0x2733293c, 
    0x01832935, 0x831d2d21, 0x21272101, 0x28210183, 0x2101831e, 0x0189272f, 0x2c363f23, 0x050d4426, 0x2127162f, 0x12101e28, 0x101b191a, 0x3f1d1516, 
    0x23018336, 0x180a262c, 0x2421008f, 0x94ea823f, 0x2f292b02, 0x26342431, 0x2b28100a, 0x0082261a, 0x3038282b, 0x4c323230, 0x261f284e, 0x22018225, 
    0x8f262624, 0x340f834a, 0x0e0f0f0e, 0x1d171818, 0x191d1941, 0x19161a1a, 0x12164322, 0x29a58228, 0x28282c36, 0x25302b2b, 0x08823b32, 0x29312937, 
    0x3c303126, 0x272f181c, 0x33422518, 0x29353529, 0x28343a48, 0x2ab2822d, 0x1e2b1e1c, 0x342a3228, 0x822a2f31, 0x23293ac7, 0x22252623, 0x26162721, 
    0x51571226, 0x28394949, 0x313b4656, 0x35141425, 0x33f38929, 0x31253127, 0x313b4325, 0x2e282f28, 0x35293527, 0x10232929, 0x2f252c82, 0x332d4828, 
    0x21198327, 0x21832935, 0x29272924, 0x00821427, 0x83074441, 0x20262c40, 0x342f2731, 0x22292830, 0x84292531, 0x081d833b, 0x25262c26, 0x3e3e2436, 
    0x26222c33, 0x22222128, 0x31322d1e, 0x14252829, 0x1d2d2836, 0x1a23262e, 0x1919161e, 0x181f1f1f, 0x29220685, 0x76823729, 0x14145c08, 0x34484c23, 
    0x302c332e, 0x282d2c31, 0x29422937, 0x352e3333, 0x3135313c, 0x2c282b2b, 0x2e352d3a, 0x3e344844, 0x2e482e2c, 0x1e282825, 0x213a272f, 0x2a272929, 
    0x28292833, 0x26222228, 0x262a2536, 0x382b3c3a, 0x273b2327, 0x1e282727, 0x14142123, 0x283b3e10, 0x2a262927, 0x832b3129, 0x37450893, 0x2c262c2a, 
    0x2a1f2629, 0x44262d23, 0x3121293b, 0x2f2d3529, 0x362c3529, 0x4a2c382b, 0x2b2a363a, 0x2c222822, 0x30262a26, 0x31303f27, 0x2f272c27, 0x3b2f3b27, 
    0x3a42142f, 0x2d38262f, 0x2a352831, 0x3540262e, 0x05294114, 0x31272922, 0x42290182, 0x2921293a, 0x33293323, 0x05584229, 0x82232e21, 0x2c262b61, 
    0x28262e26, 0x4b383e1e, 0x00822643, 0x2d311a2e, 0x29292f28, 0x2e143531, 0x25333c31, 0x2820cd82, 0x2908cd83, 0x2b293438, 0x22232925, 0x27152927, 
    0x25252825, 0x22292829, 0x3628212a, 0x31383825, 0x141f3b32, 0x3a2c3a3c, 0x15272329, 0xdf821515, 0x1e382824, 0x0087291a, 0x41323228, 0x373e3c3f, 
    0x00842337, 0x43323325, 0x82414041, 0x270284f2, 0x494b3b3c, 0x43434a49, 0x02843682, 0x2f202026, 0x272e2d2d, 0x27055443, 0x4e3e3c29, 0x284c494c, 
    0x37240086, 0x38424844, 0x3c2c0086, 0x484c4e3f, 0x29434349, 0x27232329, 0x29207482, 0x38217482, 0x27718738, 0x54564745, 0x4c4c5250, 0x04826284, 
    0x61515127, 0x57615f5f, 0x283c8657, 0x63545138, 0x58605d61, 0x292f8658, 0x34363131, 0x18151845, 0x3084241a, 0x3f363627, 0x262a463f, 0x2790841a, 
    0x24141415, 0x1a292725, 0x64838383, 0x3b2c2c27, 0x2924363d, 0x084a8413, 0x44414328, 0x18134940, 0x40423434, 0x37373f3e, 0x4a4c3c3c, 0x43434c4a, 
    0x4d4f3f3c, 0x4343504c, 0x26343131, 0xeb437234, 0x0083001e, 0x04820320, 0x1c220383, 0x0e840100, 0x03009e22, 0x1c240984, 0x82030400, 0xce261182, 
    0x06008000, 0x09824e00, 0x0009ca08, 0x001d000d, 0x0131017e, 0x01480137, 0x01530151, 0x0161015f, 0x01780177, 0x0191017f, 0x02170292, 0x0236021b, 
    0x024f0237, 0x02bc0292, 0x02c902c7, 0x031103dd, 0x038a0386, 0x0390038c, 0x03a903a1, 0x03c903b0, 0x045f04ce, 0x04750463, 0x1e851ef9, 0x1f151ff3, 
    0x1f451f1d, 0x1f571f4d, 0x1f5b1f59, 0x1f7d1f5d, 0x1fc41fb4, 0x1fdb1fd3, 0x1ff41fef, 0x201520fe, 0x201e201a, 0x20262022, 0x203a2030, 0x20702044, 
    0x20892079, 0x20ae20ac, 0x21b920b4, 0x21162113, 0x21262122, 0x2154212e, 0x225e215a, 0x22062202, 0x2212220f, 0x221a2215, 0x222b221e, 0x22602248, 
    0xe0ca2565, 0xf0fdefff, 0xf2fff002, 0xf811f500, 0xff04fb1d, 0x22cd82ff, 0x84080000, 0x002030cf, 0x013201a0, 0x01490138, 0x01540152, 0x82620160, 
    0x01792acf, 0x01920180, 0x02180293, 0x20cf821c, 0x20cf8438, 0x20cf82c6, 0x22cf82d8, 0x82880384, 0x8e2008cf, 0xa3039103, 0xb103aa03, 0x0004ca03, 
    0x72046204, 0x801e8a04, 0x001ff21e, 0x201f181f, 0x501f481f, 0x5f36cf86, 0xb61f801f, 0xd61fc61f, 0xf21fdd1f, 0x1320f61f, 0x1c201820, 0xcf842020, 
    0xcf843920, 0x80207422, 0x5324cf92, 0x5b215521, 0x1120cf86, 0x1920cf82, 0x6420cf88, 0x0020cf86, 0x0624cf84, 0x00fb00f8, 0x0132cf82, 0xf5fff9ff, 
    0xe3ffe4ff, 0xdcffdbff, 0xdeffddff, 0x078205ff, 0xff03b708, 0xff02ffda, 0xfe6600d9, 0xff6500d2, 0xff610041, 0x00600026, 0xffa2fe1e, 0xfc97fef7, 
    0xffa0ffcd, 0x0048003d, 0x00850248, 0xff0c000d, 0xff05003b, 0xfec0fe4e, 0xfeb1febf, 0xe2e6e29d, 0xe4e6e47a, 0xe4e2e4e4, 0xe4dee4e0, 0xe4dce4dd, 
    0xe4dae4db, 0xe4d7e4d8, 0xe4d4e4d6, 0xe4d1e4d3, 0xfe0affd0, 0x00fcfefa, 0xe040e000, 0xe104ff3a, 0xe0ffe02a, 0xdff6e0fc, 0xe2ece2b6, 0xe031e4e5, 
    0xdf81e26d, 0xe078e054, 0xe02fe053, 0xdf29e033, 0xdf95df98, 0xdf0dfd8d, 0xdf88df8b, 0xdf79df85, 0xdf46df5d, 0x23dfdb43, 0x00ef14ec, 0x12f0135b, 
    0x09880cee, 0x001afdb1, 0x00910001, 0x1282c220, 0x0382be20, 0xa2200295, 0xb2201682, 0xc4200382, 0x00210382, 0x20058500, 0x200b82ac, 0xa9038296, 
    0x00642602, 0x005c005e, 0x85308452, 0x9c0a8405, 0x94382004, 0x8840201d, 0x82182015, 0x673c0809, 0x72006800, 0x74016801, 0x69017501, 0x8e046a01, 
    0x90049104, 0x94049204, 0x96049504, 0xa8039704, 0x9b049804, 0x9e049d04, 0xa0049f04, 0xa804a604, 0x50019204, 0x58015201, 0x0a020600, 0x00223f82, 
    0x13410001, 0x00012310, 0x00850002, 0x00200787, 0x01200096, 0xbc081784, 0x00040003, 0x00060005, 0x00080007, 0x000a0009, 0x000c000b, 0x000e000d, 
    0x0010000f, 0x00120011, 0x00140013, 0x00160015, 0x00180017, 0x001a0019, 0x001c001b, 0x001e001d, 0x0020001f, 0x00220021, 0x00240023, 0x00260025, 
    0x00280027, 0x002a0029, 0x002c002b, 0x002e002d, 0x0030002f, 0x00320031, 0x00340033, 0x00360035, 0x00380037, 0x003a0039, 0x003c003b, 0x003e003d, 
    0x0040003f, 0x00420041, 0x00440043, 0x00460045, 0x00480047, 0x004a0049, 0x004c004b, 0x004e004d, 0x0050004f, 0x00520051, 0x00540053, 0x00560055, 
    0x00580057, 0x005a0059, 0x005c005b, 0x005e005d, 0x0060005f, 0x08c18261, 0xa0009fde, 0xa400a200, 0xb100ac00, 0xbc00b700, 0xbd00bb00, 0xbe00bf00, 
    0xc200c000, 0xc300c400, 0xc600c500, 0xc700c800, 0xca00c900, 0xce00cc00, 0xcf00cd00, 0xd000d100, 0xd400d500, 0xd700d600, 0x8b006700, 0x7e007d00, 
    0x72008200, 0xba009100, 0x84008900, 0x8f007600, 0xa6018300, 0xb300a100, 0x8c00a301, 0xa801a701, 0x90008000, 0x9d019a01, 0xc5039c01, 0x8500a401, 
    0x9e019500, 0xd300c100, 0x7c009a00, 0xa2018700, 0xa5016400, 0x86009b01, 0x66009600, 0x9b007b00, 0xb0009e00, 0x79006d00, 0x74007300, 0x71007000, 
    0x6f006e00, 0xa901d200, 0x7a00da00, 0x62006e01, 0x78006c00, 0xae01ac01, 0x92006800, 0x65006300, 0x9d006a00, 0x9c00a500, 0xa300a600, 0xa900a800, 
    0xa700aa00, 0xaf00ae00, 0x6d08e182, 0x00b500ad, 0x01b400b6, 0x0069000c, 0x018a0075, 0x01620161, 0x01930063, 0x01640165, 0x583f405f, 0x52535455, 
    0x4e4f5051, 0x4a4b4c4d, 0x46474849, 0x42434445, 0x3e3f4041, 0x3a3b3c3d, 0x36373839, 0x2d2e2f35, 0x2526282c, 0x1f222324, 0x10111418, 0x0a0b0d0f, 
    0x06070809, 0x02030405, 0x452c0001, 0x20604623, 0xb06026b0, 0x48232604, 0x0f832d48, 0x82612321, 0x8a612010, 0xb0602210, 0x20128220, 0x21238d46, 
    0x378320b0, 0x1a826120, 0x4020298c, 0x66202982, 0x4020298e, 0x40202985, 0x01355388, 0x003c2010, 0x202c2d3c, 0xb0202345, 0x202344cd, 0x515a01b8, 
    0x260b8258, 0x5923448d, 0x84edb020, 0x844d200b, 0x2604210b, 0x0d200c84, 0x21210c82, 0x08318221, 0x18452023, 0xb0204468, 0x45206001, 0x687646b0, 
    0x4460458a, 0xb1012c2d, 0x23430a0b, 0x2d0a6543, 0x0ab1002c, 0x200a820b, 0x2809820b, 0x702328b0, 0x3e2801b1, 0x28088401, 0x3a452802, 0x080002b1, 
    0x3044820d, 0x2503b045, 0xb0646145, 0x45585150, 0x21211b44, 0x21138459, 0x4b844300, 0x4306b024, 0x4b8407b0, 0xb0692022, 0x0037b382, 0x2cb1208b, 
    0xb88c8ac0, 0x60620010, 0x23640c2b, 0x585c6164, 0x826103b0, 0x038a3d34, 0x878a8a45, 0xb02b11b0, 0xb0442329, 0x18e47a29, 0x65452c2d, 0x44232cb0, 
    0x232bb045, 0x4b219882, 0x29608852, 0x2505b001, 0x8a202310, 0xbc8200f5, 0xeced2322, 0x118ab582, 0x11866120, 0x10250624, 0x1c8300f5, 0x2641e283, 
    0x01b02208, 0x200b8761, 0x829b8200, 0x21df82a1, 0x8b832121, 0x40b88b2b, 0x2c2d6200, 0x5180b021, 0x2c0f8558, 0x1b620020, 0x2f4000b2, 0x02b0592b, 
    0x20198360, 0x211987c0, 0x19835515, 0x19878020, 0x60223e88, 0xb7822123, 0x60452322, 0x762b0286, 0x80b01868, 0x2c2d2062, 0x842604b0, 0xb0252e02, 
    0x23452504, 0x03b02045, 0x63626026, 0x24078368, 0x238a6561, 0x28e18244, 0x00b04520, 0x40b05854, 0x21088244, 0x4c416140, 0xb1452306, 0x2f822f30, 
    0x82606121, 0x826920ea, 0x514b2a24, 0x232fb058, 0x2314b070, 0x056d4142, 0x44821082, 0x69452524, 0x32845853, 0x45271585, 0xb04314b0, 0x86636000, 
    0x2fb02235, 0x253b8245, 0x45202345, 0x0884608a, 0x06834520, 0x51234b32, 0x3300b958, 0x34b1e0ff, 0x33b31b20, 0x59003400, 0xb0238783, 0x82584316, 
    0x4525089e, 0x6664588a, 0x1b601fb0, 0x6020b064, 0x1b582066, 0x5940b021, 0x596101b0, 0x59655823, 0x442329b0, 0x29b01023, 0x236e82e0, 0x59212121, 
    0x3583e082, 0x2d8edb82, 0xf6822c87, 0x2507b02d, 0x02582008, 0xb059031b, 0x82102505, 0x46202110, 0x23220482, 0x18823c42, 0x06b01023, 0x820e8425, 
    0x241182b0, 0x1b015820, 0x82268700, 0x83218665, 0x25042109, 0x0c82478a, 0x43250323, 0x223c8248, 0x822503b0, 0x4843243a, 0x8259211b, 0x9a02838f, 
    0x851b2092, 0x218682c0, 0x938808b0, 0x93820420, 0x84850520, 0xaf868182, 0x2d859a98, 0x29249083, 0x44654520, 0x0f832786, 0x8a250521, 0x840c8254, 
    0x96b585a0, 0x820220a7, 0x8420206c, 0x422321fd, 0x08209382, 0x4521cb82, 0x20c28548, 0x200b8202, 0x221e8220, 0x8202b008, 0x081382e7, 0x452c2d2d, 
    0x18452023, 0x5000b020, 0x65235820, 0x68235923, 0x5040b020, 0x40b02158, 0x65582359, 0x44608a59, 0x534b2c2d, 0x5a514b23, 0x82452058, 0x050f420d, 
    0x8c544b21, 0x201f850d, 0x861b8838, 0x02b02709, 0xb0585443, 0x17822b46, 0x8405d341, 0x8447200f, 0x2d59220f, 0x201e852c, 0x201e8e48, 0x820f8449, 
    0x8a20261e, 0x534b2308, 0x2079838a, 0x2f508623, 0x498a2000, 0x585100b0, 0x202340b0, 0x3412388a, 0x2b087085, 0x46234601, 0x61462360, 0x20102023, 
    0xb8618a46, 0x8a6280ff, 0x8a4040b1, 0x68604570, 0x202c2d3a, 0x6449238a, 0x5853238a, 0x59211b3c, 0x5224cc82, 0x7a1b7d58, 0x26080882, 0x4b0012b0, 
    0x42544b01, 0x02b12c2d, 0x23b14200, 0xb1518801, 0x53880140, 0x10b9585a, 0x88200000, 0x02b15854, 0x82594201, 0x18453629, 0x514b2368, 0x45202358, 
    0x40b06420, 0x597c5850, 0x59608a68, 0x24c18244, 0x02b01600, 0x37028225, 0x2301b001, 0x02b0003e, 0x01b13e23, 0xb00c0602, 0x4265230a, 0x42230bb0, 
    0x3f201783, 0x3f201783, 0x06201785, 0x07391783, 0x01b04223, 0x002d0116, 0x010900ba, 0xb2020103, 0x41201f64, 0x0002010d, 0x20038230, 0x22038240, 
    0x82600003, 0x82702005, 0xff022203, 0x3b1f82c0, 0xb9463936, 0x00010101, 0x301fa6b2, 0x00011841, 0x08010100, 0x07019000, 0x06015500, 0x09200782, 
    0x05200782, 0x04240782, 0x3f005500, 0x01281582, 0x04010f00, 0xcf000100, 0x2e080582, 0x400401ef, 0x7f81028d, 0x6e761f14, 0x70741f29, 0x70401f0f, 
    0x6e461810, 0x691f1b42, 0x671f2961, 0x651f6465, 0x631f2943, 0x6f1f6461, 0x82610161, 0x51592816, 0x55571f64, 0x82551f64, 0x82532016, 0x516f230b, 
    0x16825101, 0x29444c28, 0x64484a1f, 0x1682481f, 0x64444627, 0x0144501f, 0x08168244, 0x11414224, 0x1f410f1f, 0x03412f41, 0x082a0d08, 0x022a0555, 
    0x2a020455, 0x002a0f1f, 0x0a2a0b55, 0x062a0755, 0x0b820155, 0x1b820920, 0x1b820320, 0xb853543c, 0x16b30001, 0xb8010501, 0xb84b9001, 0x4b52ff07, 
    0x5b5008b0, 0xb08801b0, 0x05835325, 0x51402208, 0x8806b05a, 0x5a5500b0, 0x01b1585b, 0x85598e01, 0x42008d8d, 0x1db04b1d, 0xa0b05853, 0xb04b591d, 
    0x2a088280, 0x16b11d00, 0x2b594200, 0x872b002b, 0x735e2500, 0x742b2b01, 0x01201084, 0x16840790, 0x73747322, 0x01202c82, 0x742d2383, 0x5e182b75, 
    0x000e0200, 0x00b5020e, 0x23038210, 0x0008030e, 0xff250082, 0xff0000f0, 0x250383f2, 0x000045ff, 0x1282c102, 0x952602dd, 0x80009500, 0x64829c00, 
    0x0382a120, 0x03828420, 0x03828920, 0x2009054b, 0x200d8295, 0x20038298, 0x2003827c, 0x20038280, 0x8b03828c, 0x201f8702, 0x201f867d, 0x89078276, 
    0x863e2002, 0x863a200a, 0x00503207, 0x00460032, 0x0071002d, 0x00c30080, 0x0055006e, 0xd219864b, 0x18012306, 0x56d2af00, 0x5d3052cb, 0x54006000, 
    0x08025000, 0xf5ff0d00, 0x07000103, 0x24215c84, 0x07018500, 0x005e0d0a, 0x0134016a, 0x037e02da, 0x036e0348, 0x04d0039e, 0x04a00470, 0x05f204d2, 
    0x053e051a, 0x06ce058a, 0x06ac0636, 0x075807f4, 0x08f607c0, 0x08e2087e, 0x09fa08ee, 0x09840956, 0x0b520ade, 0x0cb00b1a, 0x0c660c14, 0x0de60cb0, 
    0x0d6a0d14, 0x0dc20da4, 0x0e7e0efa, 0x0f0a0f9c, 0x0fa20f50, 0x105210e6, 0x112c11ba, 0x12961152, 0x13101310, 0x14f813a2, 0x1460143a, 0x14a81482, 
    0x15f214d4, 0x1584150e, 0x163016e0, 0x17f6168c, 0x17ac1738, 0x182418f2, 0x19f41872, 0x1984191e, 0x1a0e1ac2, 0x1abc1a66, 0x1b741bf0, 0x1cf21bb4, 
    0x1d081d6e, 0x1e861eda, 0x1f321fd8, 0x1fa61f4c, 0x207820ee, 0x20d22082, 0x21ec20dc, 0x215e211e, 0x2260227e, 0x23a42276, 0x232c2300, 0x23a8235e, 
    0x242024f2, 0x245c243e, 0x25fc249a, 0x253e2510, 0x25ec25d2, 0x262626ec, 0x27da2680, 0x27cc2752, 0x288c28f4, 0x293e29c2, 0x29a22996, 0x2ac829c0, 
    0x2a7c2a62, 0x2b082bcc, 0x2bd22b5e, 0x2c3c2cf0, 0x2c682c5e, 0x2dba2c96, 0x2d0e2d02, 0x2d2e2d1e, 0x2db22d3e, 0x2de22dca, 0x2e102efa, 0x2f042f2a, 
    0x30083080, 0x30383020, 0x306a3050, 0x30983082, 0x31c830ae, 0x3140312a, 0x316e3158, 0x319a3184, 0x32ee31b4, 0x327c3264, 0x32aa3292, 0x33da32c4, 
    0x33ac3326, 0x33d833c2, 0x340234ee, 0x342c341a, 0x356435e4, 0x3592357c, 0x35c035a8, 0x35ea35d6, 0x361836fe, 0x36a83694, 0x36d636c0, 0x370037ec, 
    0x37583718, 0x37dc37c4, 0x380638f2, 0x3834381e, 0x389a3882, 0x38c438b0, 0x39ee38da, 0x3a2e3a8e, 0x3a5a3a44, 0x3a843a70, 0x3ab03a9a, 0x3ada3ac6, 
    0x3bfe3af2, 0x3b743b06, 0x3ba03b8c, 0x3bcc3bb8, 0x3cfc3be4, 0x3ce23c54, 0x3d0e3dfa, 0x3d383d24, 0x3d623d4e, 0x3d8e3d78, 0x3db63da0, 0x3ee43dce, 
    0x3e8c3e34, 0x3eb63ea2, 0x3ee03ecc, 0x3f0a3ff6, 0x3fa63f4e, 0x3fda3fbe, 0x3fee3fe2, 0x401040fa, 0x40384024, 0x4058404c, 0x41fa40e2, 0x41244110, 
    0x414a4138, 0x41684156, 0x41ac4174, 0x420042ea, 0x422c4218, 0x42584240, 0x427a426e, 0x43e04286, 0x4340432a, 0x436a4354, 0x4398437e, 0x43c843b0, 
    0x44f043dc, 0x441c4404, 0x44464430, 0x4470445a, 0x45224584, 0x462c46d6, 0x46b0469a, 0x47f446c2, 0x474c4736, 0x47764760, 0x47a0478a, 0x47c847b4, 
    0x48f647dc, 0x487a480e, 0x49f448de, 0x4922490c, 0x494c4936, 0x497a4962, 0x49a64990, 0x4aee49ba, 0x4a164a02, 0x4a3e4a2a, 0x4a9a4a76, 0x4ac04ab8, 
    0x4b164bf0, 0x4ba04b68, 0x4cea4bd2, 0x4c184c02, 0x4c484c2e, 0x4c7a4c62, 0x4ca04c90, 0x4d224de0, 0x4ed64d7a, 0x4e8e4e0c, 0x4ef04ee6, 0x4f044ffa, 
    0x4f184f0e, 0x4f2c4f22, 0x4f404f36, 0x50a24f4a, 0x50125002, 0x50325022, 0x50525042, 0x50725062, 0x50925082, 0x50b250a2, 0x50d250c2, 0x51f250e2, 
    0x51125102, 0x51325122, 0x51525142, 0x51725162, 0x52e25182, 0x52685240, 0x52c652be, 0x52e452dc, 0x532a53ee, 0x54c4538a, 0x5488544a, 0x555055ec, 
    0x56aa559e, 0x562c5624, 0x579c5694, 0x57ea5748, 0x58fa57f2, 0x580a5802, 0x581a5812, 0x582a5822, 0x583a5832, 0x584a5842, 0x585a5852, 0x586a5862, 
    0x587a5872, 0x588a5882, 0x589e5894, 0x58b258a8, 0x58c658bc, 0x58da58d0, 0x59ee58e4, 0x59305904, 0x59685952, 0x59785970, 0x59885980, 0x59985990, 
    0x59a859a0, 0x59b859b0, 0x59c859c0, 0x59d859d0, 0x59ea59e0, 0x5a025af6, 0x5a765a0c, 0x5b405bee, 0x5cee5b96, 0x5c8e5c3e, 0x5d4c5df0, 0x5dac5d54, 
    0x5e565efc, 0x5f0c5fd4, 0x60dc5f6a, 0x61866018, 0x617c6118, 0x62e061ac, 0x63c4623a, 0x638a6306, 0x643e64e6, 0x65d6647a, 0x66a66546, 0x6684661a, 
    0x674e67e6, 0x681a68b0, 0x68886880, 0x694669e8, 0x6ad0697e, 0x6a606a0a, 0x6b266bb8, 0x6cea6b76, 0x6df46c9a, 0x6eb46d4c, 0x6e7c6e18, 0x6f606fee, 
    0x702470c4, 0x70c6707c, 0x71da70ce, 0x712e7126, 0x714e713e, 0x716a715e, 0x71827176, 0x719a718e, 0x71be71a6, 0x71e871d2, 0x721272fc, 0x723c7226, 
    0x726c7250, 0x72a8728a, 0x72e272c4, 0x731c73fe, 0x739c7338, 0x73d673ba, 0x740874f0, 0x7436741e, 0x751a7598, 0x75447530, 0x7572755c, 0x765476e8, 
    0x767e766a, 0x76a87694, 0x76c876bc, 0x76e076d4, 0x770c77f6, 0x779a7756, 0x78ca77b2, 0x78ca78b4, 0x79f678e0, 0x791e7908, 0x79527938, 0x797e796a, 
    0x79b27998, 0x79de79ca, 0x7a127af8, 0x7a3c7a28, 0x7a707a56, 0x7a9a7a86, 0x7ace7ab4, 0x7bfa7ae6, 0x7b2e7b14, 0x7b587b44, 0x7c227cc2, 0x7c4e7c38, 
    0x7d187d88, 0x7e1e7ea6, 0x7ee47e78, 0x7f127ffc, 0x80208080, 0x805a803e, 0x808c8074, 0x80b880a2, 0x81ea80d2, 0x81148100, 0x82e8816c, 0x83d68248, 
    0x84f0835c, 0x85ca8464, 0x853c8500, 0x864886dc, 0x87e48698, 0x87ce8770, 0x884688d6, 0x893a89f6, 0x8af88990, 0x8bce8a62, 0x8c8a8b18, 0x8cba8c56, 
    0x8d1e8de8, 0x8db48d70, 0x8e268ede, 0x8fbe8e70, 0x8f268f10, 0x8f668f46, 0x90f48fac, 0x9062904a, 0x91ea907c, 0x91649100, 0x9174916c, 0x9296918e, 
    0x92729208, 0x92dc92c6, 0x930a93f4, 0x934c9344, 0x935c9354, 0x93c8937a, 0x959c94d0, 0x95529512, 0x95709568, 0x95bc95b4, 0x95cc95c4, 0x95dc95d4, 
    0x96ec95e4, 0x968e9686, 0x97c89696, 0x973e970a, 0x98ce977a, 0x9876982c, 0x993a99d6, 0x9ab499ac, 0x9a929a1e, 0x9b0e9bb4, 0x9cb89b16, 0x9c869c28, 
    0x9d269d9c, 0x9ee89d74, 0x9e289e20, 0x9e389e30, 0x9e649e40, 0x9ed89e6c, 0x9f1e9fe0, 0x9f969f62, 0xa02ea0d2, 0xa1e0a08e, 0xa2a8a148, 0xa236a21e, 
    0xa2c2a24e, 0xa33ea3d6, 0xa34ea346, 0xa370a368, 0xa45ca4f0, 0xa47aa464, 0xa4a6a492, 0xa55ea5e4, 0xa62ea6c2, 0xa726a7a6, 0xa82ea8a4, 0xa93ea9aa, 
    0xaa20aaa6, 0xab0eab94, 0xab52ab30, 0xacc8ab8e, 0xad82ac26, 0xae00ae4c, 0xaf4eafa6, 0xb01ab0bc, 0xb1deb084, 0xb2e4b168, 0xb3b6b24e, 0xb34cb302, 
    0xb4c2b388, 0xb592b430, 0xb5c2b52c, 0xb6d2b5ca, 0xb634b600, 0xb692b63c, 0xb860b7f8, 0xb9e6b800, 0xb960b926, 0xba00bab0, 0xbbbaba5e, 0xbb0ebb06, 
    0xbc0abc8a, 0xbd1abd90, 0xbd3abd22, 0xbeb4bd52, 0xbe72be1c, 0xbf2ebfe0, 0xc0d0bf80, 0xc06ec022, 0xc142c1c2, 0xc1e4c1cc, 0xc210c2fc, 0xc242c22a, 
    0xc252c24a, 0xc27ec26a, 0xc28ec286, 0xc2c2c2a8, 0xc3f6c2dc, 0xc32ac310, 0xc33ac332, 0xc364c350, 0xc396c37e, 0xc4c8c3b0, 0xc48cc426, 0xc4c0c4a6, 
    0xc5f4c4da, 0xc51ec50a, 0xc550c538, 0xc582c56a, 0xc5b4c59c, 0xc614c6e2, 0xc648c62e, 0xc7dcc6d4, 0xc8d0c75c, 0xc862c800, 0xc89ac892, 0xc8aac8a2, 
    0xc8bac8b2, 0xc9cac8c2, 0xc938c930, 0xc9bcc940, 0xcaccc9c4, 0xca14ca0c, 0xca4cca44, 0xcaa8caa0, 0xcb30cbb0, 0xcb80cb38, 0xcc38ccd2, 0xcdf0cca0, 
    0xcee4cd68, 0xce8cce4e, 0xcf06cfdc, 0xcf7ccf0e, 0xd08ccf84, 0xd024d01c, 0xd1a0d052, 0xd15cd10a, 0xd2d4d19c, 0xd240d238, 0xd3f6d28e, 0xd316d30a, 
    0xd32ed322, 0xd354d348, 0xd37ad360, 0xd39ad386, 0xd3c2d3ae, 0xd4f0d3d6, 0xd422d40e, 0xd44ed43a, 0xd480d46a, 0xd4acd496, 0xd50ed5f6, 0xd53ed526, 
    0xd570d558, 0xd5a2d588, 0xd5c8d5bc, 0xd5e0d5d4, 0xd6f8d5ec, 0xd610d604, 0xd630d61c, 0xd65cd644, 0xd68cd674, 0xd6b0d6a4, 0xd6c8d6bc, 0xd6e0d6d4, 
    0xd702d7ec, 0xd730d716, 0xd762d74a, 0xd792d77a, 0xd7b8d7ac, 0xd7d0d7c4, 0xd7e8d7dc, 0xd800d8f4, 0xd822d80c, 0xd852d838, 0xd886d86c, 0xd8bad8a0, 
    0xd8e0d8d4, 0xd9f8d8ec, 0xd910d904, 0xd928d91c, 0xd94ad934, 0xd978d960, 0xd9aad992, 0xd9ced9c2, 0xd9e6d9da, 0xdafed9f2, 0xda1eda0a, 0xda4cda34, 
    0xda7eda66, 0xdaaeda96, 0xdad2dac6, 0xdaeadade, 0xdb0cdbf6, 0xdb3cdb24, 0xdb70db56, 0xdba4db8a, 0xdbcadbbe, 0xdbe2dbd6, 0xdcfadbee, 0xdc12dc06, 
    0xdc36dc1e, 0xdc64dc4e, 0xdc90dc7a, 0xdcbedca8, 0xddeadcd4, 0xdd18dd00, 0xdd46dd2e, 0xdd74dd5c, 0xdda4dd8c, 0xddd6ddbe, 0xde08deee, 0xde32de22, 
    0xde52de42, 0xde72de62, 0xde92de82, 0xdebadea2, 0xdfeaded2, 0xdf1adf02, 0xdf4adf32, 0xdf72df62, 0xdf92df82, 0xdfb2dfa2, 0xdfd2dfc2, 0xe0fadfe2, 
    0xe02ae012, 0xe05ee044, 0xe092e078, 0xe0bce0ac, 0xe0dce0cc, 0xe1fce0ec, 0xe11ce10c, 0xe142e12c, 0xe172e158, 0xe19ee184, 0xe1d0e1b6, 0xe2fce1e6, 
    0xe214e208, 0xe228e220, 0xe27ae252, 0xe310e3a6, 0xe33ce328, 0xe36ae354, 0xe38ee382, 0xe3a6e39a, 0xe3bee3b2, 0xe42ee4f6, 0xe4a0e48a, 0xe4d4e4b6, 
    0xe508e5f2, 0xe53ce526, 0xe55ee552, 0xe5a4e56a, 0xe63ae6dc, 0xe662e64e, 0xe69ce680, 0xe6cae6b4, 0xe7fae6de, 0xe726e710, 0xe73ee732, 0xe794e74a, 
    0xe7b6e79c, 0xe7e2e7d0, 0xe810e8fa, 0xe834e828, 0xe84ce840, 0xe864e858, 0xe8a4e87c, 0xe8c4e8b4, 0xe8e4e8d4, 0xe904e9f4, 0xe924e914, 0xe944e934, 
    0xe964e954, 0xe984e974, 0xe9a4e994, 0xe9c4e9b4, 0xe9e4e9d4, 0xea04eaf4, 0xea24ea14, 0xea48ea36, 0xebe4ea5a, 0xefbeeba4, 0xf2d2f1a2, 0x0000007a, 
    0x00320002, 0x02c20100, 0x000300ee, 0x40200007, 0x4002040f, 0x02480b08, 0x08010709, 0x02060307, 0x2fcd2f00, 0xde1001cd, 0x2bde10cd, 0x333031cd, 
    0x27112111, 0x322e0382, 0xfe329001, 0xfdee02d4, 0x8a023212, 0x478476fd, 0x00f3ff32, 0x00b502ec, 0x00150009, 0x1700b92a, 0x1240c0ff, 0x29084982, 
    0x09030a17, 0x07041051, 0x0d130316, 0x00020812, 0xcedd3f3f, 0x32d61001, 0xc432fdc4, 0x30312bc6, 0x07061413, 0x3d012e23, 0x09823301, 0x26222334, 
    0x33363435, 0x0cdf1632, 0x0d0a720a, 0x24390d9f, 0x03833924, 0x5102022e, 0x8c48488c, 0x9afdb351, 0x2c30302c, 0x002f0382, 0x00ffff00, 0x01d20132, 
    0x00f8029f, 0x820a0026, 0x820720cb, 0x82da2005, 0x02ef0807, 0x00003700, 0xb5028402, 0x1f001b00, 0xd4403501, 0x060d021e, 0x0d021d17, 0x020e1409, 
    0x0b130a0d, 0x130a0c03, 0x090c0308, 0x0c030714, 0x03041706, 0x0118050c, 0x18050d02, 0x02290209, 0x290d0902, 0x0d02020d, 0x0302030c, 0x030c590d, 
    0x0d030c14, 0x0c010cbf, 0x0301035f, 0x0a111a12, 0x101b0f13, 0x1c0a130a, 0x1409101b, 0x09111a15, 0x1b1f0914, 0x19170610, 0x1805111a, 0x06111a16, 
    0x101b0017, 0x1f061805, 0x3f052f05, 0x21050305, 0x211f210f, 0x216f214f, 0x219f217f, 0x261b0606, 0x1006021b, 0x1b021026, 0x1b1a1110, 0x1159101a, 
    0x1a11141a, 0x011ab010, 0x0111501a, 0x14171811, 0x0801130f, 0xdf062013, 0x05170117, 0x1801186f, 0x1a03031a, 0x14d00902, 0xbf0a1401, 0x13000113, 
    0x13021360, 0x080c1111, 0x2f333f00, 0xc05d5dde, 0x82c05dd5, 0xde103809, 0x5dddc05d, 0xd61001c0, 0xc0c05d5e, 0xc55dd6c0, 0x87c1005d, 0x83102b05, 
    0x107d2c05, 0x5d5d01c4, 0xd610185d, 0x820fc05d, 0x82048200, 0x5dd62202, 0x772390d4, 0x31290745, 0x37330130, 0x15330733, 0x23038423, 0x07233723, 
    0x35230382, 0x82233733, 0x03332103, 0x012e0782, 0x82217445, 0x185f4921, 0x82208d77, 0x03827420, 0x185e4832, 0x82218c76, 0x7418744f, 0xaaaa0b02, 
    0xaa737b73, 0x06830082, 0x68fe8308, 0x0001007b, 0x0293ff23, 0x0008030b, 0x40ad0037, 0x301f2062, 0x8037361b, 0x2d03371a, 0x01110c01, 0x11292d01, 
    0x110d2d0d, 0x142d2969, 0x29112d29, 0x378f0d29, 0x26373701, 0x4030610a, 0x30480b08, 0x1f390f39, 0x03395f39, 0x04146126, 0x40203803, 0x40230123, 
    0x1f000d29, 0x1a011a00, 0x1c0f1980, 0x1c021c3f, 0x01074f04, 0x360f4007, 0x80360801, 0x00000335, 0x1a32322f, 0x1a5d5ecd, 0x2f325dcd, 0x0682335d, 
    0x39123323, 0x38068239, 0xde100132, 0x5dedd632, 0xed2bde10, 0x5d2f3911, 0xc1103939, 0x102b0487, 0x08058201, 0xc4107de0, 0x5d5d5f00, 0x1a331101, 
    0x32cd1018, 0x3132c410, 0x012e3730, 0x011e3727, 0x35363233, 0x27022e34, 0x3435032e, 0x3537023e, 0x011e1533, 0x012e0717, 0x15062223, 0x17021e14, 
    0x1415031e, 0x1507020e, 0x5b49dd23, 0x61232b16, 0x122d3d36, 0x21223422, 0x131f333f, 0x7e2c4028, 0x1f164b34, 0x30305721, 0x291c0d2a, 0x374b2c1d, 
    0x432a121f, 0x060a7e31, 0x11730b21, 0x131e211c, 0x0c15161b, 0x3d2a1d0c, 0x323d212b, 0x686c0823, 0x780a1405, 0x1a20140e, 0x11121710, 0x3126100a, 
    0x3b1e2c42, 0x7a082432, 0x05000000, 0xf0ff2300, 0xc5027303, 0x17000b00, 0x27001b00, 0xab003300, 0x220f1740, 0x2202221f, 0x2e4f807c, 0x2e022e5f, 
    0x7c28407d, 0x0118cf1c, 0xc0ffb818, 0x0b085540, 0x011ac048, 0x0782401a, 0x191a1836, 0x181b551a, 0x1b181b14, 0x06191b19, 0x357f351c, 0x3502358f, 
    0x00311a83, 0x02001000, 0x807c0008, 0x0c400c30, 0x407d0c02, 0x3f0a8212, 0x02064006, 0x2b253406, 0x0d1f317e, 0x0c1a0c1b, 0x04180419, 0x0f7e1503, 
    0x3f000509, 0x3fcdfedd, 0x07820083, 0x10012108, 0xfd1a5dde, 0x1a5dfe1a, 0x2b5d5eed, 0x11c6105d, 0x2f2f3939, 0x7d872b87, 0x712b01c4, 0x1018712b, 
    0x5d251c85, 0x14013031, 0x08e84306, 0x26340730, 0x15062223, 0x32331614, 0x01332536, 0x1b962523, 0x60850125, 0x83605151, 0x24713003, 0x23231d1c, 
    0x01241c1d, 0x79fe8b34, 0x90b2028b, 0x03022518, 0x5e64645e, 0x332a0383, 0x33332e2e, 0xfde52f2f, 0x128eb24b, 0x00820020, 0x00036808, 0x02f7ff23, 
    0x00c502b7, 0x0039002b, 0x40c70045, 0x0143037c, 0x1f013a0f, 0x513a013a, 0x4f01102f, 0x02105f10, 0x18001010, 0x1d141343, 0x05204220, 0x22243435, 
    0x21c00621, 0x1b210b01, 0x42000221, 0x14420401, 0x42210242, 0x06594220, 0x21061421, 0x51170642, 0x0f472018, 0x2f471f47, 0x04474f47, 0x0601061b, 
    0x82014000, 0x08510802, 0x08005140, 0x08200810, 0x532c0803, 0x06184600, 0x310b1717, 0x210b2757, 0x3f0a200a, 0x573d013d, 0x3f00030b, 0x3f3f5ded, 
    0x3912ed3f, 0x0133392f, 0xd4edde10, 0x5d5eed5d, 0x5d5d3371, 0xedd6d610, 0x87c10010, 0x7d872b05, 0x715d01c4, 0x0e875d5d, 0x200083c4, 0x08078510, 
    0x12110141, 0x5d2f1839, 0x715ded71, 0x5d003031, 0x023e3437, 0x35012e37, 0x32333634, 0x1415021e, 0x3e170706, 0x0e173701, 0x011e0703, 0x012e2317, 
    0x23010e27, 0x37022e22, 0x33021e14, 0x27373632, 0x4113030e, 0x28820785, 0x1623ac08, 0x181b3125, 0x2f5d6a26, 0x45182f46, 0x11097035, 0x0a027c02, 
    0x200b130f, 0x0899163d, 0x6a280e1c, 0x395e4642, 0x1b0c8b18, 0x3f2a1e2a, 0x1b0ea015, 0x1ec20e16, 0x1e232023, 0xb82e2018, 0x27333f26, 0x28431d0f, 
    0x2b195f58, 0x5f3d2139, 0x3d147020, 0x2d131017, 0x24132e2e, 0x270d2b55, 0x232b200e, 0x0f314537, 0x16111b20, 0x1407a112, 0x4301221b, 0x1f272417, 
    0x1216311a, 0x00000032, 0x01320001, 0x02c500d2, 0x000900f8, 0x0b00b921, 0x0d40c0ff, 0x0b480b08, 0x05510004, 0x09040a08, 0xcd3f000b, 0x32de1001, 
    0x2bce32fd, 0x83133031, 0x31d182dc, 0x0fc5013d, 0x0d0b6309, 0x304af802, 0x723a3a72, 0x4a824931, 0x59084b82, 0x0147ff46, 0x000f035f, 0x4027000d, 
    0x1f0f0f13, 0x0408020f, 0x0b03070a, 0x0e075100, 0x04030a0b, 0x2f332f00, 0xd6100133, 0x1032c6fd, 0x303132c5, 0x14135d5e, 0x2e071716, 0x36343501, 
    0x010e1737, 0x683c4ad9, 0x555c5c55, 0x014a3c68, 0x55d6762b, 0x8bf66343, 0x4363f68b, 0x5f85d655, 0x5f820520, 0x5f841e20, 0x18402d27, 0x0b07040a, 
    0x25598203, 0x480b0840, 0x6d850f07, 0x5e246489, 0x2bd6105d, 0x13266787, 0x37272634, 0xbd83011e, 0x013e2723, 0x08659a8b, 0x28000164, 0xce012401, 
    0x4000b502, 0x47408500, 0x012da02e, 0x201a2d2d, 0x21702160, 0x21032180, 0x6f141a21, 0x8f137f13, 0x13130313, 0x0707061a, 0x1a3b3b1a, 0x27343939, 
    0x1a1a000d, 0x0d1a4142, 0x34002727, 0x062d2d07, 0x3a2e2e34, 0x20131321, 0x01147020, 0x00023a14, 0x325dc53f, 0x3311322f, 0x392f3911, 0x07823333, 
    0x33270483, 0x39121101, 0x83332f19, 0x2f182300, 0x02833311, 0x2f211b82, 0x08048a5d, 0x01303151, 0x013f033e, 0x020e0717, 0x031e2322, 0x2707011f, 
    0x0e27032e, 0x27010f03, 0x37033e37, 0x012e012a, 0x1737012f, 0x2e17031e, 0x33013d03, 0x020e1415, 0x1e0a1b01, 0x180c201f, 0x220d1828, 0x0c0e2426, 
    0x081a1d1d, 0x080f6a10, 0x040a0e0f, 0x820e0a04, 0x106a2b08, 0x1d1d1a08, 0x26240e0c, 0x26820d22, 0x200c3508, 0x050b1d1f, 0x82070a0b, 0x020b0a07, 
    0x15150918, 0x7c080411, 0x01040408, 0x18171508, 0x144b150b, 0x2223200a, 0x23220e0e, 0x4b140a20, 0x17180b15, 0x04010815, 0x112a2284, 0x0d091515, 
    0x0d232423, 0x06831919, 0x00005408, 0x00310001, 0x02070233, 0x000b0022, 0x301c4036, 0x060d010d, 0x800803b0, 0x0bb00a02, 0xb003050c, 0x0b800140, 
    0x0700b009, 0x00070801, 0xed5d5e2f, 0x1add1a33, 0x100133ed, 0x1a32fdde, 0xc6f632dd, 0x1330315d, 0x15333533, 0x15231533, 0x31233523, 0x82a788a7, 
    0x69012702, 0xb97db9b9, 0x5f8300b9, 0xff112408, 0x00d6005d, 0x00110098, 0x1300b926, 0x0f40c0ff, 0x13480b08, 0x51030008, 0x120c0911, 0x00080911, 
    0x822f332f, 0xce370850, 0x3232fd33, 0x30312bce, 0x15011e37, 0x07020e14, 0x35013e27, 0x35022e34, 0x0b0102d3, 0x75131e14, 0x01011217, 0x14189801, 
    0x44431e07, 0x421d1f44, 0x13062674, 0x83031214, 0x00192d63, 0x013b01e7, 0x0003006e, 0x0500b923, 0x05306386, 0x2f040002, 0x30000100, 0x00020102, 
    0x5dcd5d2f, 0xdd206482, 0x132b6083, 0x19211521, 0xdefe2201, 0x82876e01, 0x282282a2, 0x00f3ff1e, 0x00ab00d8, 0x203f830b, 0x0653430d, 0x00400d31, 
    0x400c0680, 0x00038009, 0x01cd1a2f, 0x82de101a, 0x45a084fb, 0xd8200a83, 0x24078149, 0x2f2f2d4f, 0x8203822d, 0xff012850, 0x0147ffe7, 0x820f03ce, 
    0x402b2d8f, 0x00010213, 0x00030203, 0x14020159, 0x01218882, 0x25018203, 0x012f2f00, 0xb2442f2f, 0x30058405, 0x31c4107d, 0x01231730, 0x01998033, 
    0x03b99750, 0x084682c8, 0x00020033, 0x02f2ff22, 0x00c50216, 0x0021000d, 0x0e1d4030, 0x08400063, 0x2300480b, 0x231f230f, 0x0803235f, 0x22066318, 
    0x050b6713, 0x0d03671d, 0x3fed3f00, 0x26e282ed, 0x105d5eed, 0x46ed2bde, 0x3e2f0946, 0x16323302, 0x022e3407, 0x020e2223, 0x821e1415, 0x3e34080e, 
    0x85160202, 0x23857575, 0x75395c42, 0x160a9885, 0x251c1c26, 0x170a0a17, 0x261c1c25, 0x5c010a16, 0xafbbbbaf, 0x305c8657, 0x5534aebb, 0x3e22223e, 
    0x56343455, 0x56200783, 0x08052f41, 0x00004637, 0xb5029301, 0x54000c00, 0x003f3740, 0x005f004f, 0x0c200003, 0x08050c01, 0x01077061, 0x073f072f, 
    0x01070002, 0x0e0f0e07, 0x0e5f0e1f, 0x3f090803, 0x001e0100, 0x34d2822e, 0x08060c0c, 0x060c070c, 0x3f3f0004, 0x2f39123f, 0xc55d5dcd, 0x08b28301, 
    0x5d5d5d2e, 0x5dde32fd, 0x30315dc5, 0x37033e13, 0x11231133, 0x4607010e, 0x373c3f1d, 0x1e956816, 0x2502234a, 0x29251f0c, 0x014bfd17, 0x0c2114f3, 
    0x53088882, 0x00230001, 0x02050200, 0x002a00c5, 0x1a324050, 0x400b0063, 0x0b480b08, 0x1f2c0f2c, 0x032c5f2c, 0x01220608, 0x27231722, 0x10230223, 
    0x0a260a06, 0x12610a02, 0x222b1012, 0x2623671d, 0x0c650a05, 0xed3f000c, 0x32ed333f, 0x32ce1001, 0x105ded10, 0x5d325dc6, 0x2b3d8983, 0x3031edd6, 
    0x020e1401, 0x07030e07, 0x26211521, 0x3e343534, 0x033e3702, 0x23263435, 0x05994222, 0x32335008, 0xf001021e, 0x1d3c301e, 0x1920230f, 0xfe2a0103, 
    0x321f0232, 0x2a181f3f, 0x25321220, 0x1c272f1b, 0x752c4a07, 0x39583d43, 0x26ff011b, 0x1b3c4146, 0x1f24230e, 0x220b7d0a, 0x45503007, 0x29171e3c, 
    0x2c142727, 0x17171124, 0x35296807, 0x8449331c, 0xff1a24cf, 0x82f901f1, 0x00362dcf, 0x19304052, 0x012caf63, 0x32630c2c, 0x2108d483, 0x380f3832, 
    0x385f381f, 0x22120803, 0x13c03705, 0x7f401301, 0x20120112, 0x1e002f2f, 0x09052767, 0x00420067, 0x39122f05, 0xdd1a2f19, 0xcd181a5d, 0xde10015d, 
    0xcf84c6d6, 0x5dd4ed22, 0x1723d182, 0x49022e22, 0x2b310aa9, 0x32333501, 0x3435023e, 0x2223022e, 0x3e270706, 0x070d4703, 0x08057f43, 0x3c1be459, 
    0x1d0d2e38, 0x453c511a, 0x37281740, 0x16423a1f, 0x10132029, 0x2b112119, 0x10351e49, 0x213b342b, 0x1c3a593d, 0x3b36272e, 0x0f694420, 0x060e0c07, 
    0x34190b7c, 0x17251b2c, 0x13087809, 0x1c131921, 0x131a0912, 0x12160a6d, 0x47351d0c, 0x144d292a, 0x303d5716, 0x82213b51, 0x004c08ea, 0x00140002, 
    0x021b0200, 0x000400b5, 0x404a0013, 0x0c00132b, 0x070a0561, 0x1f150f15, 0x03155f15, 0x24010333, 0x03150103, 0x01030601, 0x140e0308, 0x0603030e, 
    0x0a0c0865, 0x0405000c, 0x3f333f00, 0x32ed32dd, 0x10013311, 0x5d5e32ce, 0x10220083, 0x1182dcd6, 0x30313229, 0x07010e01, 0x44111333, 0x3008058f, 
    0x033e3521, 0x273f0137, 0x929d1e58, 0xfe924a4a, 0x514216d5, 0xff012d5a, 0x013f7833, 0x7a60fea0, 0x2c6d9b9b, 0x2d70756f, 0x00010000, 0x01f1ff26, 
    0x308f82fd, 0x405e0021, 0x6300091f, 0x2f111f40, 0x03113f11, 0x086d4311, 0x800b0e2e, 0x100c4008, 0xb8050848, 0x1740c0ff, 0x05320982, 0x1c221b1c, 
    0x0516671f, 0x090e0e65, 0x0b0d161b, 0x9d820965, 0x333fed28, 0xed2f3912, 0x4a4bed10, 0xd62b2405, 0x82cd1a2b, 0xd61032a6, 0xc4ed1a5d, 0x34253031, 
    0x3e23022e, 0x15213701, 0x26ab8223, 0x1415011e, 0x4123020e, 0x7b08099b, 0x401a6801, 0x0e0b526c, 0xfa770104, 0x92030502, 0x6744228b, 0x373b1b45, 
    0x191b0c2c, 0x3e453952, 0x1e2d1dcc, 0x54c05d10, 0x1943247d, 0x3068750a, 0x07223c52, 0x7b060c0b, 0x0037150b, 0x00020000, 0x02f2ff25, 0x00ba0215, 
    0x002f0012, 0x25284043, 0x40631028, 0x60185018, 0x31180318, 0x311f310f, 0x0803315f, 0x6306032d, 0x65003020, 0x281d1313, 0x0b042565, 0x000d1d65, 
    0xe43fed3f, 0x0124b683, 0x32edde10, 0xed2aae85, 0x303132c4, 0x07062201, 0x37440614, 0x34352607, 0x1e322726, 0x08b38502, 0x34352692, 0x1e37023e, 
    0x030e1701, 0x01013e07, 0x0e321612, 0x28180a01, 0x1723191e, 0x4129330b, 0x1d1a3a5b, 0x7d3e5b3b, 0xa3733e82, 0x02040266, 0x36495933, 0x012e160f, 
    0x04070846, 0x40240610, 0x20151b30, 0x37331227, 0x503c2374, 0x4454282d, 0x648b9e2c, 0x0137699a, 0x01203b1f, 0x29392411, 0x0000080a, 0x002b0001, 
    0x02100200, 0x000e00b6, 0xdf214036, 0x053f0105, 0x0502059f, 0x400e6100, 0x10080108, 0x101f100f, 0x0803105f, 0x0c0e0f07, 0x04076505, 0x5808c683, 
    0x5ece1001, 0x5dd6105d, 0x5dcdfddc, 0x33303171, 0x2137033e, 0x0e152135, 0x068e0703, 0x23443726, 0xe501d3fe, 0x33454d20, 0x989e4906, 0x6c7f3187, 
    0xb49d7c23, 0x0000005a, 0xff270003, 0x021202f2, 0x002100c5, 0x00410031, 0x982f4050, 0x1a97011f, 0x32021aa7, 0x612a1c61, 0x3d8d8240, 0x1f430f43, 
    0x03435f43, 0x12613c08, 0x420a6122, 0x1f0f2f3f, 0x6537051f, 0x65270517, 0x7d830d05, 0x2348ed20, 0x18012606, 0xd4edde10, 0x828984ed, 0x30312407, 
    0x41255d5d, 0x352006e9, 0x2107804a, 0x7343023e, 0x14052209, 0x4d0d821e, 0x0e220544, 0xaf451301, 0x16760808, 0x02013e17, 0x5d3e1f12, 0x395d463d, 
    0x231c1018, 0x21292b14, 0x3d34553c, 0x33193857, 0xfe313926, 0x26180ba6, 0x1530341b, 0x1c1c3124, 0x1509b926, 0x20161720, 0x392f0a15, 0x2dc12220, 
    0x271f384b, 0x1e1d453a, 0x0f222932, 0x28354423, 0x2321374a, 0x30214336, 0x51251853, 0x181d0c3c, 0x171f3210, 0x09151b24, 0x22013815, 0x0f16190b, 
    0x0c1a170e, 0x14143820, 0x00820034, 0x00023008, 0x02feff1c, 0x00c6020d, 0x00300013, 0x14204039, 0x24630703, 0x1f320f32, 0x03325f32, 0x63112908, 
    0x6500311c, 0x2c211717, 0x0c0c2965, 0x83052165, 0x42e620fe, 0xc4200743, 0xed2ef983, 0x30313232, 0x37363201, 0x35363435, 0x8146032e, 0x17162905, 
    0x2223010e, 0x3435022e, 0x7408ff83, 0x0e141516, 0x012e0702, 0x01033e27, 0x0c321721, 0x180a0101, 0x24181e29, 0x85350b16, 0x41123315, 0x1b1c3b5c, 
    0x813f593a, 0xa66b3383, 0x02040172, 0x31465c39, 0x08097401, 0x03080409, 0x1b2f3f24, 0x12262014, 0x0a613436, 0x50391f09, 0x45542830, 0x62959f2d, 
    0x01356696, 0x01203c20, 0x003a230f, 0x00ffff00, 0x00f3ff1e, 0x020e02d8, 0x00110037, 0x00630100, 0x82078306, 0xff112217, 0x20178e5d, 0x28f7820f, 
    0x00320001, 0x02070238, 0x3927821e, 0x0f1b408e, 0x40060106, 0x06480b08, 0x06030405, 0x05510403, 0x06051406, 0x48820504, 0xffb80025, 0x823540c0, 
    0x002f081a, 0x00030201, 0x01510203, 0x00011400, 0x3f010102, 0x052b0105, 0x01051d01, 0x01033f05, 0x1a01032d, 0x00030103, 0x02054005, 0x4f010f05, 
    0x82080201, 0x2f192c0d, 0xcd5d5ecd, 0x2f18015d, 0x835d5d5d, 0x4f322003, 0x2b270d66, 0xc1011071, 0x4f180487, 0x2b3d0978, 0x13303171, 0x010d1725, 
    0x01322507, 0xc6fe27ae, 0xfe273a01, 0xb5690152, 0x797a7a79, 0x37b782b5, 0x00310002, 0x0107027e, 0x000300d6, 0x40340007, 0x0707031d, 0x2f051f02, 
    0x2c087682, 0x3f080905, 0x5f094f09, 0x04097f09, 0x40008002, 0x00068004, 0x1acd1a2f, 0x01cd1ade, 0x3912115d, 0x33335d2f, 0x3031332f, 0x21152137, 
    0x24038211, 0xfed60131, 0x2403832a, 0x58017dfb, 0x205b827d, 0x2d5b8201, 0x02060238, 0x0006001e, 0x0600b38b, 0xfb830601, 0x16414b20, 0x000f2211, 
    0x05a44801, 0x350e1241, 0x2c010539, 0x4f050105, 0x03390103, 0x2b031b01, 0x0f030203, 0x9a824f05, 0x40010022, 0x41151141, 0x25332410, 0x012d2705, 
    0x06020537, 0x012752fe, 0x27c6fe3a, 0x41edae01, 0x26080710, 0xff140002, 0x02ae01f3, 0x002700c5, 0x40500033, 0x2e161d2d, 0x160f8028, 0x0802161f, 
    0x28162816, 0x0c532504, 0x82403535, 0x040321c3, 0x35080583, 0x40193404, 0x0b2b8031, 0x04570003, 0x3f000607, 0x3f32ed33, 0xce1add1a, 0x2bc61001, 
    0xd6102b32, 0x393912ed, 0x5d5e2f2f, 0x10cd101a, 0x133031cd, 0x27070622, 0xc143013e, 0x020e2b05, 0x15030e07, 0x2317011c, 0x2d48012e, 0x20068205, 
    0x0bb25326, 0x4024c93f, 0x6a272a27, 0x30534033, 0x221a1113, 0x151a0c10, 0x0284010e, 0x1e170e01, 0x25261710, 0x07484a39, 0x46022808, 0x19711412, 
    0x3e34221b, 0x282f1c1c, 0x1b0c1024, 0x0411211e, 0x190a0610, 0x272d1c09, 0x2d171022, 0xfe22181d, 0x53302c09, 0x900806e6, 0x00020000, 0x035cff32, 
    0x00ce029c, 0x00570044, 0x456d40a2, 0x5f804803, 0x12300112, 0x1b401201, 0x2f401b01, 0x4f403f40, 0x59400340, 0x591f590f, 0x0a805002, 0x2501254f, 
    0x1f013640, 0x58360136, 0x504b4049, 0x124b024b, 0x0120000f, 0x20502040, 0x20e02060, 0x200520f0, 0x4f16453b, 0x02555f55, 0x05000355, 0x012a0f2d, 
    0x2a5f2a4f, 0x2aef2a6f, 0x2a052aff, 0x1031002e, 0x50314031, 0x31080431, 0x5d5e2f00, 0x715ddd33, 0x3232de32, 0x32325dcd, 0x200b822f, 0x2a0983de, 
    0x5dd61001, 0xde5ddd5d, 0x825dcd1a, 0x821a2009, 0x5d5d2c09, 0x3232cd1a, 0x22253031, 0x44062726, 0x17230a01, 0x48161411, 0xa44a098b, 0x37362107, 
    0x460c2744, 0x27250574, 0x013d012e, 0x09c94a26, 0x02369008, 0x133a1dbd, 0x5332432c, 0x4021213b, 0x5b3b3b5d, 0x1012131e, 0x2b0e161f, 0x474a7551, 
    0x30315777, 0x32507f59, 0x190f1e59, 0xa8603966, 0x7c4c487d, 0x9e5c549f, 0x3b1f4273, 0x0202c052, 0x2e211614, 0x190a0d1c, 0x20121f2a, 0x1f120e1c, 
    0x3c5b3e1f, 0x26415833, 0xc6fe0b15, 0x2f121017, 0x673e3e51, 0x59302949, 0x7d535080, 0x060d2b54, 0x3212085e, 0x6f73a56a, 0x333870a7, 0x495e9162, 
    0x77284c71, 0xcc0e1f08, 0x31241504, 0x24311d1d, 0x82000515, 0x028c0800, 0x00000a00, 0xb502c702, 0x1e001300, 0x7a40c800, 0x1a030201, 0x00141e1d, 
    0x010e2414, 0x0e100e00, 0x240e1402, 0x030e940e, 0x0b010e00, 0x000e0100, 0x134c0014, 0x0e13140e, 0x01139020, 0x04050613, 0x15161719, 0x2b140714, 
    0x0d0f010d, 0x1b020d1f, 0x9b0d2b0d, 0x0d0f030d, 0x01070401, 0x0714070d, 0x140d084c, 0x14cf0d08, 0x140214ff, 0x0b084008, 0x131f0848, 0x48191a08, 
    0x04030304, 0x14080114, 0x020d020e, 0x08070808, 0x3f000800, 0x33310083, 0x2f395d5e, 0x3f32ed33, 0x2bd61001, 0x875dc519, 0x05285118, 0x715d5d2c, 
    0x0e871071, 0x05c4c4c4, 0x0682c4c4, 0xd5190125, 0x52c6185d, 0x5d200593, 0x1b851c88, 0x30317008, 0x27012e21, 0x07010e21, 0x37033e23, 0x17031e33, 
    0x07030e01, 0x02032e33, 0x0d1b0b20, 0x1b0df2fe, 0x4627a20b, 0x95234143, 0x46434222, 0x059efe27, 0x101f1a14, 0x1b1e10c5, 0x264c2414, 0x70244c26, 
    0x4897a8be, 0xbea89748, 0x0f180270, 0x2d524434, 0x3444522d, 0x50000300, 0x7302f7ff, 0x1300bd02, 0x29001e00, 0x2c404a00, 0x0c0e4623, 0x8311461b, 
    0x112008d7, 0x2b202b79, 0x012b0f01, 0x44152908, 0x0e2a7804, 0x14304820, 0x00141401, 0x02074826, 0x09004818, 0x39067047, 0x39ed5d2f, 0xfdf61001, 
    0x5d5d5ec0, 0xed2bfe10, 0x31ed32d4, 0x26220530, 0x9f431127, 0x1e072707, 0x06141501, 0xa8541503, 0x26630806, 0x32332723, 0x26343536, 0x07062223, 
    0x71393701, 0x3172303d, 0x2d506f42, 0x9f304250, 0x182811ec, 0x43485646, 0x3e484c62, 0x2e143e40, 0x0d070912, 0x0909a002, 0x374b2e13, 0x56193053, 
    0x016e6d36, 0x0202b337, 0x29303628, 0x2a292577, 0x00020122, 0xff320001, 0x027402f2, 0x002300c5, 0x0e1e4036, 0x8321200d, 0x252133c0, 0x1601257f, 
    0x24790346, 0x0d4a110e, 0x1b200308, 0xb583214a, 0x32ed3222, 0x2805794c, 0x105dedfe, 0xc6322bde, 0x47af8432, 0x1e250511, 0x2e071702, 0x09e34201, 
    0x023e4408, 0x010e1737, 0xb1a98c01, 0x4c825e36, 0x2436482c, 0x55202d08, 0x35452436, 0x4c2f1520, 0x2a362236, 0x212b0d20, 0xadbc0e78, 0x305d8756, 
    0x0512110d, 0x1818117e, 0x303c5435, 0x08233c53, 0x7d060e0b, 0x82002014, 0x00023300, 0x02f7ff50, 0x00bd02af, 0x001d000c, 0x061e4034, 0xa4830d46, 
    0x1f790d36, 0x00011f00, 0x1e781644, 0x164a090c, 0x03000219, 0x0912154a, 0x25050045, 0x0132ed33, 0xa582fe10, 0xed2bfe25, 0x41373031, 0x2227083f, 
    0x14050706, 0x4123020e, 0x31080964, 0x141d0bec, 0x756c7175, 0x010f2210, 0x946738c3, 0x36702a5c, 0x592a7536, 0x7f386891, 0x68760101, 0x0201706d, 
    0x58865ada, 0x020b072c, 0x28070aa3, 0x93828656, 0x50000134, 0x3b020000, 0x0b00b502, 0x25403f00, 0x0601060f, 0x94830a02, 0x200d0a3a, 0x0904010d, 
    0x0c780144, 0x072f4805, 0x01070701, 0x080b4809, 0x02014803, 0x8209f441, 0xc0fd2e99, 0x2bde105d, 0x315dc6c6, 0x21113330, 0x33018715, 0xfed40150, 
    0xfe1501c8, 0x024f01eb, 0x808883b5, 0x000083a7, 0x20206b85, 0x09206b82, 0x1d23fd82, 0x840b0207, 0x050a335f, 0x01075048, 0x071f070f, 0x07070802, 
    0x04080902, 0x63840248, 0x2f39122e, 0xed5d5d5e, 0xfdf61001, 0xc4d610c0, 0x1129608a, 0xfed00150, 0xfe1201cc, 0x235c82ee, 0xe2fe8391, 0x32305b82, 
    0x7d02f3ff, 0x2300c502, 0x23403e00, 0x440c2021, 0x37055b41, 0x25202578, 0x16460301, 0x0d0d2479, 0x4a002111, 0x0b031b20, 0x110e4a08, 0x82095e41, 
    0x05614166, 0xed2bf627, 0x303132c6, 0x05315701, 0x36323326, 0x11333537, 0x420b2a49, 0x33080518, 0x616da201, 0x30483018, 0x9c0e251a, 0x4e5b7c1c, 
    0x36315a7f, 0x31487f5e, 0x0825394f, 0x0253202d, 0x3369793d, 0x02213c53, 0xa9fef103, 0x5c30190b, 0x86575686, 0x23051642, 0x0019117d, 0x08087341, 
    0xb5028e34, 0x41000b00, 0x03002840, 0x08400144, 0x7801480b, 0x200d000d, 0x030d700d, 0x08440609, 0x02090c78, 0x042f480a, 0x01040401, 0x08020806, 
    0x3f000201, 0xab823f3f, 0x3fed5d22, 0x23067641, 0xc0fd2bfe, 0x3324ae82, 0x21112311, 0x33380382, 0xf2012111, 0xfafe9c9c, 0x06019c9c, 0x4bfdb502, 
    0xdafe2601, 0xf7feb502, 0x00217388, 0x227382ec, 0x51200003, 0x0e2005a3, 0x05267382, 0x00440278, 0x5e860478, 0xee245783, 0x1330312b, 0x50225282, 
    0x43839c9c, 0x0a243b85, 0xcb01f2ff, 0x11263b82, 0x1e403300, 0x1b44440f, 0x13782605, 0x0801130f, 0x05004509, 0x02111227, 0x084a0c09, 0x06564105, 
    0xc610012c, 0x5d5e322b, 0xed2bf610, 0x764b3031, 0x4e262005, 0x113f07fb, 0x17cb0133, 0x444a6139, 0x1d342062, 0x32392742, 0x5a33e99c, 0x16212743, 
    0x381a1179, 0x42c40142, 0xa2200627, 0x30086f82, 0x40c00014, 0x0e110f6c, 0x0a0b0c11, 0x010a240d, 0x0a100a00, 0x010dc402, 0x0d1b0d0b, 0x0d0d0a02, 
    0x14110e4c, 0x140e110e, 0x14111213, 0x05030211, 0x373c8200, 0x001b000b, 0x0105c402, 0x0f01052b, 0x02051f05, 0x4c050500, 0x11141411, 0x163e0382, 
    0x0801160f, 0x110111b4, 0x0a050a05, 0x08440609, 0x08141578, 0x020d020e, 0x09061111, 0xaf450602, 0x39123706, 0x3f182f19, 0x10013f3f, 0x00c0fdf6, 
    0x037d3939, 0x18c4c405, 0xce825dcc, 0x0487c62d, 0x7d052b10, 0x5d00c410, 0x56015d5d, 0x102b05e6, 0xc4c40e87, 0xd6101801, 0x5a042b87, 0x1c8205c9, 
    0x18831383, 0x30313b08, 0x27032e21, 0x33112311, 0x37013e11, 0x07010e33, 0x0117011e, 0x433915e9, 0x9c9c2448, 0xb9357b3d, 0x534f8f47, 0x4f22479b, 
    0xfe1c494f, 0xfeb502db, 0x3b8b40fa, 0x454f9c54, 0x074173be, 0x021f3506, 0x000500b5, 0x000d401b, 0x03440507, 0x02040678, 0x08014a05, 0x2805674d, 
    0xc610edf6, 0x15253031, 0x345f8221, 0x31fe1f02, 0x0286869c, 0x00d1fdb5, 0x00010000, 0x0300003c, 0x083b8245, 0x5e00283f, 0x001f0a40, 0x14234422, 
    0x2a44110a, 0x40c0ffb8, 0x480b0826, 0x109f0b2a, 0x191a1001, 0x29232805, 0x08230228, 0x0b191905, 0x08110822, 0x020b0810, 0x1f14020a, 0x0002001f, 
    0x3311323f, 0x3700833f, 0xc52f3912, 0x10013f3f, 0xdc19cdde, 0x5ddc3232, 0x2bcecd18, 0x103232ed, 0x31250382, 0x031e0130, 0x06924617, 0x012e2327, 
    0x07030e27, 0x46f38223, 0x4f0806a8, 0x2f120801, 0x16163233, 0x122f3332, 0x0d110a8e, 0x0398040b, 0x2c120a0a, 0x6d0e282b, 0x2c2b280e, 0x030a0a12, 
    0x0d0b0498, 0xb5020a11, 0x76716121, 0x71763434, 0xab452161, 0x6552bab9, 0x662a79ee, 0x21215d66, 0x2a66665d, 0x5265ee79, 0x45abb9ba, 0x2108cb42, 
    0xdb82a402, 0x50000f29, 0x0d003440, 0x82400e44, 0x0e2b08d1, 0x11001178, 0x11201110, 0x11d01150, 0x44040705, 0x0f107806, 0x0d020e08, 0x01037b02, 
    0x06020703, 0x04080502, 0x010c7408, 0x8208000c, 0x835d20da, 0x833320d8, 0x10012a05, 0x5d32edfe, 0xed2bfe10, 0x05654732, 0x11231123, 0x34d48233, 
    0x02113311, 0x589c4321, 0x50217f9a, 0x9b245253, 0xfe67e877, 0x27a6823a, 0x36756d60, 0x4bfd9901, 0x02338b83, 0xf2ff3200, 0xc502e402, 0x27001300, 
    0x1c402e00, 0x8314460a, 0x7914358c, 0x20291029, 0x46000229, 0x0f28791e, 0x0503234a, 0x0009194a, 0x45052254, 0x132308cd, 0x49021e14, 0xd0450b77, 
    0x07984d05, 0x021e2008, 0x442f19d3, 0x2f452b2c, 0x452f1919, 0x2f442c2b, 0x35110219, 0x47497f5c, 0x38365e7e, 0x83457d5f, 0x01200807, 0x3b52335b, 
    0x523b2020, 0x3b533333, 0x533b2120, 0x5b875932, 0x875b2e2e, 0x5c875959, 0x875c2e2e, 0x0233a482, 0x00005000, 0xbd026102, 0x19000c00, 0x1f403600, 
    0x83034415, 0x7b0337a3, 0x011b0f1b, 0x44081008, 0x121a780a, 0x00060648, 0x4a0d0808, 0xa6830200, 0x0805454e, 0xc0fdfe4c, 0xfe105d5e, 0x3031ed2b, 
    0x15163201, 0x012b0614, 0x3e112315, 0x06221701, 0x32331507, 0x2e343536, 0x9b200102, 0x319ca8a6, 0x3572339c, 0x310c2111, 0x27155251, 0x6dbd0238, 
    0xe86f7d7c, 0x080aab02, 0xc8010285, 0x261d3c2c, 0x58820917, 0x44ff3222, 0x2b062b41, 0x40440032, 0x141e1f28, 0x00242419, 0x37083241, 0x10340034, 
    0x03342034, 0x79294600, 0x2e4a0f33, 0x191e1f03, 0x09244a05, 0x33249082, 0xed3fc5d4, 0x28080847, 0xcd2f3911, 0x3132c410, 0x13414130, 0x031e0726, 
    0x032e0717, 0x2106095d, 0x47413233, 0x41243214, 0x2205365a, 0x20284534, 0x2d4d6f4e, 0x4e6a3e0c, 0x1952412c, 0x58754934, 0x19140d3a, 0x72030810, 
    0x402c1903, 0x5a35082a, 0x5f41507e, 0x0287380f, 0x001700bd, 0x40640022, 0x0b060c3d, 0x0c114c06, 0x0c111114, 0x4146200b, 0x2d08056b, 0x01248024, 
    0x0401240f, 0x02111411, 0x131b1108, 0x23781544, 0x3f4a1106, 0x1d1d011d, 0x0c081300, 0x1b080b08, 0x00154a18, 0x323f0002, 0xea4532ed, 0x82322007, 
    0xc0fd31f2, 0x5d5d5ece, 0x2bde105d, 0x1087c6ed, 0xc47d872b, 0x83078d41, 0x822320e9, 0x412320e9, 0x2f080e94, 0x9c1b0126, 0x153f43a6, 0x122a2d2e, 
    0x292713af, 0x9c4d1428, 0x11346d33, 0x582c0c1b, 0xbd024d4c, 0x5b49756f, 0x49431a1a, 0x4622264f, 0xfd183b42, 0x0806a741, 0x352cbc49, 0x00002b33, 
    0x25000100, 0x1e02f2ff, 0x3100c502, 0x33405600, 0x7f156f16, 0x03158f15, 0x1c071f15, 0x40264405, 0x26480b08, 0x0d441c33, 0x39322e2f, 0x0735011f, 
    0x19071f01, 0x2f012f37, 0x292e4a00, 0x4a191609, 0x48031215, 0x5d2508ba, 0x5d393911, 0x05d15e5d, 0x2c05d05e, 0x325dc439, 0x32253031, 0x3435023e, 
    0x08a34126, 0xaa5e1620, 0x2306210f, 0x39069153, 0x2b210d01, 0x4e400a1a, 0x22364422, 0x3b5e4224, 0x2d216646, 0x3832471d, 0x17821231, 0x50363808, 
    0x89881a35, 0x29394a2e, 0x5b1f2c0e, 0x1a130b77, 0x1a2d2210, 0x432f1f0c, 0x364d3030, 0x7b121e1d, 0x201f170f, 0x11151a13, 0x34271409, 0x6b613246, 
    0x0812100b, 0x821b117c, 0x001432e3, 0x02520200, 0x000700b5, 0x09154027, 0x04440300, 0x3eda8307, 0x08040807, 0x02060803, 0x00020048, 0x3fc0fd3f, 
    0xd610013f, 0xdcfddc2b, 0x013031c6, 0x82112315, 0x02353701, 0xd19cd152, 0xfd85b502, 0x853002d0, 0x01000000, 0xf2ff4600, 0x4b827d02, 0x3c001727, 
    0x44112740, 0x3d488312, 0x3f197812, 0xaf194f19, 0x0419bf19, 0x07011920, 0x18780644, 0x02110212, 0x02060207, 0x3a4b4a0d, 0x833f2005, 0xedfe215e, 
    0x2205344b, 0x82053031, 0x113529f3, 0x1e141133, 0x36323302, 0x29080984, 0x5f01020e, 0x21456a49, 0x2f21139c, 0x9c47391c, 0x0e6c4622, 0x3d654929, 
    0x5efeaf01, 0x10253b2a, 0xa2015446, 0x663d51fe, 0x87832849, 0x00000a24, 0x8782c802, 0x00164208, 0x126340a9, 0x11161513, 0x0d0e0f16, 0x0b100b0c, 
    0x14011636, 0x02162416, 0x16011600, 0x4c100b10, 0x11141611, 0x119f1816, 0x110211cf, 0x0a090807, 0x040b060b, 0x05000103, 0x1b010039, 0x02002b00, 
    0x2ad5820f, 0x4c060b06, 0x05140005, 0x83050b00, 0x17052bd0, 0x08010b08, 0x1108160b, 0xc3821002, 0x4c020521, 0x3f2907de, 0x015d5e33, 0x192bd610, 
    0x09d84cc5, 0xc40e8725, 0x8410c4c4, 0x4cc42005, 0x15860ed6, 0x20470685, 0x46332005, 0x2f080642, 0x0107030e, 0x4850291e, 0x14ac163d, 0x142e312f, 
    0x2f312f13, 0x3c17a614, 0x57295048, 0x42a8b8bc, 0x7e8a8b3c, 0x8a7e2e2e, 0xa8423c8b, 0x0057bcb8, 0x1424f383, 0xa0030000, 0xa508f382, 0x408a0124, 
    0x010e4fff, 0xc4010e2a, 0x0e26010e, 0x0e660e56, 0x010e0103, 0x0e010a09, 0x4c0a050a, 0x0b140e0b, 0x0b7f260e, 0x0b020bff, 0x01165f05, 0xbb01162b, 
    0x0216cb16, 0x16591629, 0x0b031669, 0x1a160116, 0x194c1a1f, 0x19191416, 0x01157d16, 0x4601155b, 0x15290115, 0xe415c401, 0x15660215, 0x01154401, 
    0x1901152d, 0x150b0115, 0x01247201, 0x24662456, 0xcb244b02, 0x0324eb24, 0x22012433, 0x24130124, 0x01240101, 0x241f2415, 0x14151248, 0x0f591512, 
    0x010f4b01, 0xe4010fff, 0x0fcb010f, 0x690f5901, 0x1082020f, 0x0f1d3508, 0x010f0b01, 0xf4010056, 0x00eb0100, 0x0100c401, 0x570100bb, 0x00460100, 
    0x01003901, 0x04010015, 0x000f0100, 0x12480005, 0x0f12140f, 0x5f120f05, 0x03126f12, 0x38080683, 0x12bf12af, 0x120512ff, 0x1f601f20, 0x011fb002, 
    0x0840191f, 0x2519480b, 0x0219021a, 0x161f1f05, 0x15154008, 0x0f122408, 0x02001f00, 0x0a000008, 0x080e080f, 0x020a020b, 0x06c34700, 0x335d5e28, 
    0x333f3fc0, 0xd5423311, 0xd5192405, 0x8218715d, 0x4ec52003, 0x5d200871, 0x71200084, 0x5d230584, 0x4171715d, 0x0d8309cf, 0x71201685, 0x87220082, 
    0xc14e1018, 0x10192109, 0x820cb54e, 0x09134836, 0x0702062d, 0x27012e23, 0x2307010e, 0x41270226, 0x480806e6, 0x1d0c2102, 0x0d102221, 0x0a17181b, 
    0x355b23a2, 0x2042238f, 0x8f234020, 0xa9235b35, 0x1b1a180a, 0x2022120e, 0x6b020b1b, 0x6e6e6729, 0x8078332f, 0xfeae3b7f, 0xd360a19a, 0x60d36a6a, 
    0xae6601a1, 0x78807f3b, 0x6e6e3133, 0x08f34266, 0x02995208, 0x001500b5, 0x0a8940d7, 0x11120102, 0x000e1508, 0x150f010f, 0x0c09100e, 0x000d0910, 
    0x1009100a, 0x08110607, 0x01030f11, 0x0d081103, 0x0110c400, 0x09011056, 0x08cb0110, 0x01085901, 0x10010806, 0x4c081108, 0x09141009, 0x13111009, 
    0x150e1514, 0x08258202, 0x56010025, 0x00090100, 0x010ecb01, 0x06010e59, 0x0008010e, 0x4c0e150e, 0x0d14000d, 0x1715000d, 0x0b084017, 0x83090d48, 
    0x16092e05, 0x02110815, 0x020e0210, 0x0809020d, 0x08f84f08, 0x68413f20, 0x2bc62205, 0x06b94510, 0x2d590120, 0x875d2205, 0x051c430e, 0x87180121, 
    0x055c4118, 0x5d000f23, 0x073b4a10, 0x0c820f20, 0x30310f25, 0x49215d01, 0x64080655, 0x0337013e, 0x33371733, 0x17011e03, 0x451dde01, 0x2b2b0e2d, 
    0x2cb20926, 0xbddf4875, 0xdcb28487, 0x3a217254, 0x40123e77, 0x51134248, 0x4e0164b2, 0xb0fed8d8, 0x003fb96d, 0x00050001, 0x02900200, 0x001000b5, 
    0x043d406a, 0x24001400, 0x00080300, 0x030e0003, 0x1407044c, 0x04120704, 0x000a4407, 0x000a0d0e, 0x25df820a, 0x0a0d140a, 0xdd840d0a, 0xd1851120, 
    0x07070a29, 0x04080804, 0x4c020302, 0x11210584, 0x21d98633, 0xc26587c5, 0x10182d09, 0x87c6d5fd, 0x107d082b, 0x5d5e00c4, 0xf14ab882, 0x23112206, 
    0x08c08211, 0x011e3329, 0x4c2a4e01, 0x7a39ac20, 0x7b449c44, 0x4a20b539, 0x8e479801, 0x6ad27048, 0x0701f7fe, 0x4870d46a, 0x0000008e, 0x82230001, 
    0x824420ab, 0x001134ab, 0x05234043, 0x05090e00, 0x004c0e09, 0x05001405, 0x8306000e, 0x13063294, 0x0012090f, 0x0210480f, 0x07480609, 0xed3f0008, 
    0x27028232, 0xc6de1001, 0xd62bde10, 0x820c5666, 0x05425c84, 0x3e352908, 0x35213703, 0x20390221, 0x245c5e58, 0xdffd6101, 0x5b58511c, 0x02c9fe27, 
    0x21490206, 0x3c847c69, 0x7d335d83, 0x832f777f, 0x45088384, 0x0147ff5a, 0x000f0369, 0x40260007, 0x09050214, 0x091f090f, 0x51030802, 0x04087807, 
    0x55020655, 0xed2f0000, 0x1001ed2f, 0x5d5eedfe, 0x31c0d610, 0x15211330, 0x15331123, 0x0f015a21, 0xf1fe8181, 0xfd770f03, 0x4a827726, 0x8b5e0020, 
    0x4029330b, 0x03020112, 0x03000100, 0x14010259, 0x02030102, 0x49820200, 0x2f012f23, 0x2cb58e2f, 0x23013303, 0x50019719, 0xfc0f0399, 0x20308238, 
    0x208f820a, 0x838f8719, 0x25918686, 0x05080106, 0x8f890755, 0x82c0d621, 0xedfe378f, 0x21053031, 0x23113335, 0x19012135, 0x8181f1fe, 0x77b90f01, 
    0x8f85da02, 0x12005308, 0x26022101, 0x0600b902, 0x13403000, 0x02000108, 0x05050606, 0x07040302, 0x01000004, 0x00050203, 0x32cdc52f, 0x01331132, 
    0x1932d610, 0x2f1832c5, 0x10192f32, 0xc61832d5, 0x07013031, 0x13270727, 0x7d260233, 0xcf7d8d8d, 0x3d5e0176, 0x013df5f5, 0x0082005b, 0x0000012d, 
    0xf40147ff, 0x0300c3ff, 0x82b42400, 0x04330845, 0xc0ffb800, 0x0b080c40, 0x30800048, 0x02024002, 0x3f000e02, 0x2bcd1a5d, 0x10c01001, 0x153031c0, 
    0x01211521, 0x3d0cfef4, 0x0001007c, 0x00400214, 0x821f03fd, 0x1b28083b, 0x01020940, 0x03040300, 0x00020100, 0xcdddcd2f, 0x19de1001, 0x19dd18c5, 
    0x133031c5, 0x6f270717, 0x03a5448e, 0x8b3da21f, 0x02337382, 0xf5ff2300, 0x1c02e801, 0x31000e00, 0x39405c00, 0x4b510325, 0x2f08057c, 0x330f337a, 
    0x339f331f, 0x202c0803, 0x402d302d, 0x0c2d032d, 0x327b1d51, 0x30250704, 0x22220122, 0x0030030f, 0x15550001, 0x292c0b18, 0x010f2d55, 0x3207af48, 
    0x3912325d, 0xcd335d2f, 0xfe100132, 0x325dc4ed, 0x4f105d5e, 0x25240564, 0x35373632, 0x25071352, 0x1e321316, 0x19501502, 0x1716210c, 0x0806cb52, 
    0x033e2796, 0x28160f01, 0x0f24090c, 0x101c2515, 0x58421d2f, 0x72201635, 0x3c533351, 0x503e2520, 0x0e2d1d2b, 0x4a26392e, 0x270d131b, 0x0268332e, 
    0x04027102, 0x12180e05, 0xb4011b23, 0x3150381e, 0x1307cafe, 0x30422912, 0x1126402e, 0x260e0405, 0x780a0b2e, 0x05070904, 0x46000200, 0x2f02f3ff, 
    0x0b000803, 0x4d002000, 0x01862e40, 0x010b7601, 0x0c3f5300, 0x227b0c01, 0x22802230, 0x1f220f02, 0x18080222, 0x7a175106, 0x57020521, 0x17011c19, 
    0x09060618, 0x0b111657, 0xf352e086, 0xfdf63905, 0x5d5d5ec0, 0xed5df610, 0x5d003031, 0x34015d01, 0x07062223, 0x33011e11, 0x1420e582, 0x22060c5d, 
    0x53113711, 0x390805bb, 0x176a9701, 0x220b0e2d, 0x983e3d14, 0x41664625, 0x34393b1b, 0x36199514, 0x3a56381f, 0x900b011e, 0xf1fe090c, 0x41540302, 
    0x2748663f, 0x060b0805, 0xfe18df02, 0x270c0bfa, 0x17426548, 0x2d330805, 0xd601f2ff, 0x1d001c02, 0x28404200, 0x11781168, 0x57024702, 0x08090202, 
    0x08401615, 0x1f16480b, 0x0f011f20, 0x1e7b0053, 0x16571215, 0x0c090b19, 0x41050857, 0x32200890, 0x5305f24b, 0x5d2206a1, 0xb25a135d, 0x082d4a05, 
    0xb2831620, 0x0806a656, 0x46252d30, 0x462a4064, 0x32151f21, 0x3d41421f, 0x1a3e1b4c, 0x2f4e1a15, 0x1f436848, 0x65390701, 0x0e0f2c4b, 0x520c0877, 
    0x0a4e4743, 0x100b7a0b, 0xa0834a2b, 0x2d000226, 0x1602f3ff, 0x2c065741, 0x8930404f, 0x0176010b, 0x51061f01, 0x219d8320, 0x5a417a20, 0x5300310b, 
    0x1f217b16, 0x0a070620, 0x011b1e57, 0x0c570306, 0x23085941, 0x333f32ed, 0x25050f44, 0x2bf6105d, 0x5941c0fd, 0x14132105, 0x1127a084, 0x2223012e, 
    0x57030e01, 0x3b080b72, 0x3ec53735, 0x0b22143d, 0x6a172d0e, 0x34145101, 0x411b3b39, 0x20254666, 0x1f38573c, 0x01951931, 0x0354450b, 0x090f0102, 
    0x0676fe0c, 0x2605080b, 0x403f6547, 0x0c264867, 0x0018ee0b, 0xb7830082, 0x02f25108, 0x001c021b, 0x0027001c, 0x5639405c, 0x021a661a, 0x08010706, 
    0x1da71312, 0x2f531d01, 0x7b080108, 0x01290f29, 0x270127a8, 0x7b00530c, 0x570f1228, 0x0b2f2718, 0x0b020b3f, 0x1813050b, 0x01223f0b, 0x01055722, 
    0x5ded3f00, 0x3912333f, 0x10cd5d2f, 0x20056b54, 0x051c4232, 0x32c45d25, 0x415e3031, 0x15240873, 0x21070614, 0x20052342, 0x20ca8517, 0x05505c25, 
    0x2d077808, 0x305b462b, 0x01028270, 0x4c05aefe, 0x194f2940, 0x31280c14, 0x69471c38, 0x5e012145, 0x23170b01, 0x1824191a, 0x0301030d, 0x24466946, 
    0x1f0d8589, 0x0f362e0c, 0x0c06790b, 0x492a0609, 0x24137364, 0x1c11121c, 0x01001325, 0x00004600, 0x0803ad01, 0x3b001500, 0x14082140, 0x04030801, 
    0x0401040f, 0x010e0017, 0x51110d0e, 0x11167a13, 0x0e55100a, 0x55070400, 0x4d060003, 0xed200529, 0x2605a851, 0x33c65ddc, 0x8333115d, 0x320121b1, 
    0x08064e4c, 0x1d020e2f, 0x23153301, 0x34112311, 0x2a2a0136, 0x141d1346, 0x251b142f, 0xb8b80915, 0x08037395, 0x09770811, 0x241a0f09, 0xfe7c1a15, 
    0x662a026e, 0x06574178, 0x02442c08, 0x001a020c, 0x002a000b, 0x87404066, 0x0b79011f, 0x51051a01, 0x0b08402a, 0x2c7a2a48, 0x2c802c30, 0x1f2c0f02, 
    0x1308022c, 0x82781212, 0x532508b5, 0x062b7b20, 0x252a5709, 0x57020501, 0x901d801a, 0x1d71021d, 0x16131d01, 0x0e0f1257, 0xfd333f00, 0x5d5dde32, 
    0x0a715632, 0x33113322, 0x42052857, 0x5d240527, 0x32331413, 0x25065f44, 0x06140106, 0x2b532223, 0x013d2307, 0x0d82010e, 0x08089656, 0x1765c545, 
    0x1e0b0e28, 0x013a3b14, 0x30898347, 0x231a2960, 0x3540314d, 0x6d1e3318, 0x64452474, 0x38391b3f, 0x18011433, 0xee080c7d, 0xfe4e0302, 0x117d81ee, 
    0x100e7d0e, 0x0b132c38, 0x3a74810b, 0x0525445f, 0x82060b08, 0x056b41e6, 0x030c022f, 0x00150008, 0x07294043, 0x510e0109, 0x08e1830b, 0x177a0b23, 
    0x0f01170f, 0x02171f17, 0x51150208, 0x0d167a01, 0x5711140a, 0x01010603, 0x0a000602, 0x333f3f00, 0x05ca583f, 0xc0fdf630, 0x10715d5e, 0x31ed2bf6, 
    0x11335d30, 0x2f441537, 0x11152305, 0xd7571123, 0x11230805, 0x2f0f9546, 0x33554016, 0x32259515, 0x020e2314, 0x05fc18f0, 0x58402309, 0x01d7fe36, 
    0x073c4817, 0x4270fe04, 0x372005cb, 0x23080682, 0x00fe02e9, 0x000f0003, 0x1100b92d, 0x1640c0ff, 0x11480b08, 0x5103047a, 0x107a020a, 0x0701070f, 
    0x0003060d, 0x3f317f84, 0x10015dcd, 0x32fd32fe, 0x30312bee, 0x33112333, 0x0a0f6637, 0x9595db27, 0x2424350e, 0x26038335, 0x29980e02, 0x82292f2f, 
    0x00002703, 0xffb8ff02, 0x63830047, 0x1b000f27, 0x00b94200, 0x2063821d, 0x3f638223, 0x0c10791d, 0x0f164051, 0x02031f03, 0x0b800308, 0x130f1c79, 
    0x06191301, 0x0704000c, 0x0e000357, 0x85056442, 0xcc1a2573, 0x1a335d5e, 0x17207885, 0x2608a441, 0x11331135, 0x8a130614, 0x0e152c84, 0x0f141837, 
    0x1c231319, 0x87746695, 0x06b92f8d, 0x04057908, 0xf701282a, 0x646805fe, 0x9a885f03, 0x08068b41, 0x08033941, 0xb2001800, 0x0f092140, 0xc4020f19, 
    0x14390114, 0x01142b01, 0x0b011419, 0x140f0114, 0x0e095914, 0x0e090914, 0xb800060e, 0x4440f8ff, 0x244d0010, 0x02003400, 0x02010016, 0x05190100, 
    0x82050c01, 0x052e0808, 0x09065905, 0x06090614, 0x1f1a0f1a, 0x1408021a, 0x18001400, 0x0901090b, 0x7a175115, 0x06181719, 0x09090a15, 0x0e0a0f05, 
    0x0500060a, 0x174c0000, 0x2f192b05, 0x333f3f18, 0xfdfe1001, 0xf0545dc4, 0x5d5e2108, 0x2a09d254, 0x005d5d5f, 0x2b5d5d5d, 0x55101801, 0x5d230c01, 
    0x665d015d, 0x0e21062d, 0x078c5001, 0x23155608, 0x16db3711, 0x0e272c2f, 0x3c6535b1, 0x323c401e, 0x2910ab11, 0x9519332e, 0x18500195, 0x112e3334, 
    0x1b3b6f3d, 0x2150504b, 0x3a3f3f1a, 0xf002e614, 0x00000018, 0xff460001, 0x032d01f6, 0x000d0008, 0x0f0f401f, 0x51080d00, 0x060e7a06, 0x570d0607, 
    0x3f000b00, 0x08a085ed, 0xc632de2a, 0x2e053031, 0x37113503, 0x021e1411, 0x41180117, 0x95112f51, 0x1b201106, 0x2f1a010a, 0x43022a43, 0x14c3fd18, 
    0x020e1620, 0x4a085384, 0x1d030000, 0x27001a02, 0x07b35500, 0xb8290117, 0x2d40c0ff, 0x29480b08, 0x0f51197a, 0x021cbf1c, 0x0f51251c, 0x0227bf27, 
    0x51072708, 0x26287a09, 0x060a1a0a, 0x1f220303, 0x0e0e0957, 0x07011411, 0x3f3f000a, 0x33113333, 0x4d3232ed, 0xfe2e0535, 0x5d5edced, 0xfd5ddced, 
    0x30312bee, 0xe842015d, 0x11232706, 0x3233033e, 0x01431716, 0x1e36080f, 0x23111501, 0x2d256701, 0x950e1e0e, 0x3c393313, 0x1747391d, 0x3f235320, 
    0x95123051, 0x2b0c2d25, 0x9504070e, 0x3c481701, 0x6afe0203, 0x0b05fc01, 0x141d0509, 0x22431a17, 0x090c2609, 0xfe1d3317, 0x21cb86e1, 0xcb820c02, 
    0x38001326, 0x510a2240, 0x38057657, 0x150f157a, 0x1f150f01, 0x12080215, 0x147a0051, 0x0a090a12, 0x00570e11, 0x06414703, 0x93463f20, 0x53712005, 
    0x132005c3, 0x11349f8f, 0x78264623, 0x34594342, 0x34269516, 0x950e2410, 0x130bfc01, 0x95837d89, 0x26086b46, 0x001c0232, 0x821f0013, 0x2329087d, 
    0x40005314, 0x00480b08, 0x2130217b, 0x1f210f01, 0x1a080221, 0x207b0a53, 0x17011797, 0x1d010f57, 0x000b0557, 0xed3fed3f, 0x547d855d, 0x7d630741, 
    0x3233230a, 0x5a6f021e, 0x32022e0b, 0x3b5f4424, 0x26445f3a, 0x385f4527, 0x08078239, 0x3337983b, 0x33383833, 0x08013733, 0x2849673e, 0x3e674928, 
    0x2848663e, 0x3e664828, 0x454f4f45, 0x00515145, 0xff460002, 0x022f0247, 0x000b001a, 0x40490020, 0x860b762e, 0x5300020b, 0x499c830c, 0x06310d14, 
    0x7a175115, 0x57030621, 0x15011c17, 0x570a070e, 0x07b94714, 0x20051249, 0x08ba5cfe, 0x240ad541, 0x3233011e, 0x22b48437, 0x41152726, 0x1e2305e2, 
    0x47970102, 0x982808b6, 0x38563a1e, 0x9519361f, 0x3a08bd47, 0x53450301, 0xf3fe0203, 0x3d930c09, 0x0c284864, 0xb502c60b, 0x05080b06, 0x41664727, 
    0x47220647, 0xaf841602, 0xaf831e20, 0x89017928, 0x18060201, 0xb0831751, 0x207b172d, 0x20802030, 0x1f200f02, 0x82080220, 0x1f7b2ec5, 0x19570205, 
    0x0e170b1c, 0x16570906, 0x07d14111, 0xa4473320, 0x09404605, 0x3e465d20, 0x2e112705, 0x06222301, 0xd3643407, 0x11172405, 0x820e3523, 0xc5262110, 
    0x3a16bd49, 0x03017670, 0x01090c8f, 0x5303020d, 0x49653d41, 0x0b080528, 0xc64bfd06, 0x46930c0b, 0x0138081f, 0x0019029c, 0x40250011, 0x11001312, 
    0x7a095107, 0x03000612, 0x0c091157, 0x2c071843, 0x013232ed, 0xdcfdf610, 0x3031c632, 0x227f8501, 0x42112311, 0x21080565, 0x14830117, 0x270e1f36, 
    0x6d28950a, 0x22220c43, 0x8a010c22, 0x03050b05, 0xf2016efe, 0x0503190e, 0x67850507, 0xff273a08, 0x02bc01f2, 0x002a001c, 0x1750408b, 0x1112010c, 
    0x08692111, 0x01081d01, 0x6401080f, 0x1e12011e, 0x011e0001, 0x081a1e08, 0x08051e05, 0x141e1a59, 0x1a081e1a, 0x0317051a, 0x05e25d51, 0x2c7b2008, 
    0x2c4f2c0f, 0x27272802, 0x7b0b5117, 0x15051a2b, 0x24270028, 0x1115120b, 0x3f00010e, 0x8332cd33, 0x39112e03, 0xfe100139, 0x331133ed, 0x2bfe105d, 
    0x630e82ed, 0x974f0dee, 0x11012106, 0x31272182, 0x375d0030, 0x54353632, 0x3621069f, 0x074f4833, 0x48731520, 0x07a24707, 0x29dd7c08, 0x232d2c22, 
    0x6e162839, 0x1a583060, 0x263d1a1a, 0x1f120646, 0x25403118, 0x466b750f, 0x2619125d, 0x17106b50, 0x0d111b12, 0x2636271c, 0x0a11564a, 0x270e0974, 
    0x0f0d0e09, 0x29231209, 0x504e2132, 0x0f790818, 0x00000011, 0xff410001, 0x029e01f4, 0x001500a9, 0x0a20403a, 0x0d080113, 0x17100c0c, 0x17021720, 
    0x51060204, 0x0c167a00, 0x100d5709, 0x0501000b, 0x00000355, 0x5eceed3f, 0xfd2407c1, 0x5dc6dec0, 0x5e28b684, 0x1537135d, 0x15231533, 0x4b05764a, 
    0x22080617, 0xb3954135, 0x183221b3, 0x1b151533, 0x503d3042, 0x91021330, 0xb97c9b18, 0x0809382f, 0x21100b74, 0x8633543b, 0x0702317f, 0x13000e02, 
    0x22403800, 0x40135111, 0x13480b08, 0x2d0a5f44, 0x7a09510a, 0x0a001314, 0x570e1100, 0x514c0300, 0x0d5f4406, 0x660e2521, 0x11220557, 0x81851133, 
    0x02331123, 0x0d604407, 0x130b1230, 0x365a4124, 0xedfe2501, 0x02034048, 0xfb849601, 0x00000a24, 0x7b821c02, 0x00122108, 0x877c40b4, 0x10780100, 
    0x01066701, 0x00011224, 0x02121012, 0x12a41294, 0x220312d4, 0x02123212, 0x12271084, 0x590e090e, 0x8214120f, 0x0f7f3802, 0x2b090f01, 0x000f0100, 
    0x9b02001f, 0xdb00ab00, 0x002d0300, 0x8402003d, 0x082c0810, 0x04090400, 0x14000359, 0x0f090003, 0x2f031f03, 0x13030303, 0x52010910, 0x02096209, 
    0x09140904, 0x09030924, 0x000f0a12, 0x0004000e, 0x2a075e48, 0xcd3f3f3f, 0x01715d5d, 0x545dd610, 0x5e2108d1, 0x2111825d, 0xe9521971, 0x7171290d, 
    0x5d003031, 0x335d015d, 0x0809db52, 0x02063328, 0x6933d507, 0x1b0a9e2f, 0x0d0e1d1d, 0x0a1b1d1e, 0x33692f9a, 0x9e0c0164, 0x585d5b27, 0x5d582424, 
    0xfe9e275b, 0xf78764f4, 0x06035708, 0x28000e02, 0x7840b800, 0x40531f2a, 0x2001200f, 0x01263620, 0x01258b26, 0x251b250b, 0x1a0f2502, 0x158b1a01, 
    0x49153901, 0x81150215, 0x14060114, 0x46143601, 0x0f140214, 0x02008f00, 0x04844000, 0x14040401, 0x39040204, 0x10030103, 0x0f0f010f, 0x200f0801, 
    0x9752530a, 0x29230805, 0x0a250a26, 0x001f0020, 0x00140015, 0x00c00f1a, 0xcf0200d0, 0x020fdf0f, 0x0a040f00, 0x04000900, 0x480a030a, 0x39240605, 
    0x33117171, 0x0282fb82, 0x2b2ffa82, 0xdd191aed, 0x32715d5e, 0x715d325d, 0x82dd181a, 0x83712008, 0x21088403, 0x1c825d32, 0x181a5d2d, 0x3031c6ed, 
    0x07010e01, 0x53032e23, 0xc95507db, 0x2350080a, 0x8601012e, 0x74192d14, 0x2f2d2a12, 0x13089d16, 0x0d0c1715, 0x08151719, 0x1614086c, 0x180c0d18, 
    0x9b081315, 0x2b2d2f16, 0x30197412, 0x964c2e01, 0x89742a4c, 0x55244e99, 0x2c2a5b5a, 0x2453595c, 0x5c595324, 0x5a5b2a2c, 0x994e2455, 0x4c2a7489, 
    0x08092b42, 0x0e022092, 0x47011b00, 0x170bda40, 0x01102c01, 0x17010f2b, 0x0908010e, 0x01080a01, 0x08010304, 0x130b0102, 0x2f101f01, 0x100d0210, 
    0x010f2e01, 0x0f1b0f0b, 0x010c0f02, 0x00010b25, 0x00140100, 0x01171901, 0x01071a17, 0x15141312, 0x1b011201, 0x0e100110, 0x0b021102, 0x2b0c1b0c, 
    0x1a0c030c, 0x0c110207, 0x0803010a, 0x1a19180a, 0x04051a07, 0x171b061b, 0x1b030103, 0x06110206, 0x02002600, 0x01061b00, 0x0107c612, 0x07180708, 
    0x011bc902, 0x07011b17, 0x59392382, 0x1a14071a, 0x11c9071a, 0x01111701, 0xc6011105, 0x01180101, 0x01010b01, 0x23648211, 0x14110259, 0x06316382, 
    0x2b1d1b1d, 0x031d3b1d, 0x02011d0f, 0x08011a07, 0x052c581a, 0x001b1c2e, 0x0a12001a, 0x0a070a11, 0x00020a06, 0x8a41a782, 0x06405405, 0x5f5d5e27, 
    0xd6105d5d, 0x0ba955d6, 0x84558720, 0x0f5d2509, 0x010f5d00, 0x24093a54, 0x01c4c4c4, 0x2214835f, 0x820e8710, 0x2018850a, 0x242182c4, 0x5d003031, 
    0x20018271, 0x2000825d, 0x23078601, 0x33370171, 0x08057975, 0x0e270343, 0x3e230703, 0x012e3703, 0x17013327, 0x3cb49a68, 0x08a01d62, 0x10211e18, 
    0x1b1c1f0f, 0x2a0c980a, 0x2d1a3631, 0x01a12c5a, 0x4bfda06e, 0x2d0f388e, 0x13143131, 0x142e2f2e, 0x49494419, 0x3f813f20, 0x08008200, 0x0500012f, 
    0x190247ff, 0x20000e02, 0xa940ef00, 0x2b0112df, 0x7b123b12, 0x120f0312, 0xab02121f, 0xdb12bb12, 0x0412eb12, 0x7901129f, 0x123d0112, 0x08168301, 
    0x03122f2b, 0x12011689, 0x59161b16, 0x15141215, 0x03d01215, 0x01037401, 0x03100300, 0xb403a402, 0xe403d403, 0x03900403, 0x01037601, 0x08168532, 
    0x0303203e, 0x09012086, 0x29201920, 0x03080320, 0x59201b20, 0x00140300, 0x001f2203, 0x005f002f, 0xaf04006f, 0x0200ef00, 0x011b6000, 0x0b0c151b, 
    0x0840150b, 0x2115480b, 0x1b240020, 0xf4021b34, 0x032d1582, 0x16081212, 0x0c001500, 0x080b570f, 0x3cb8820e, 0xed333f3f, 0x123f3f32, 0x33331139, 
    0x013f715d, 0x322bc610, 0x1019332f, 0x5dd55dd5, 0x07986571, 0x575d5e21, 0x81410807, 0x5d5d2c0b, 0x31717171, 0x02060130, 0x4d030e07, 0x372209c1, 
    0xf656012e, 0x19340808, 0x153a622d, 0x2a3f322a, 0x1a133b23, 0x28142417, 0x66330f2b, 0x1b0a9e2d, 0x0d0e1f1e, 0x0a191b1c, 0xfe980e02, 0x3f2d7df6, 
    0x080d1329, 0x2b060877, 0x9bf96426, 0x55093544, 0x0139051b, 0x000e02d6, 0x40660011, 0x2405143c, 0x05000205, 0x2b0e1b01, 0x0e0f020e, 0x062b5501, 
    0x55005921, 0x2c55052b, 0x13303407, 0x01130f01, 0x090f0f08, 0x550f0012, 0x06090010, 0x550a0755, 0xce220834, 0xd0822f32, 0x82ce1021, 0x0c8354e8, 
    0xe4830120, 0x08053e55, 0x2115332b, 0x37033e35, 0x01213523, 0x463d12d1, 0xfefe1d47, 0x413b154d, 0x01e01b40, 0x14aa01a2, 0x2a5a5244, 0x5324587c, 
    0x7c204f54, 0x55a38300, 0x2633063b, 0x2a404800, 0x101b0b28, 0x22045116, 0x26702660, 0x5c032680, 0x4508053c, 0x00572627, 0x09131300, 0x0b1d571b, 
    0x30091057, 0x03096009, 0x5d2f0009, 0x12ed2fed, 0x332f3d39, 0x01ed2f18, 0x5d2bd610, 0x32fd32de, 0x31c632de, 0x36321330, 0x3e34013d, 0x15013b02, 
    0x1d062223, 0x07061401, 0x0682011e, 0x10841620, 0x82022e21, 0x2639081c, 0x282d2323, 0x3f553316, 0x1f2d1914, 0x1c2a2a1c, 0x14192d1f, 0x1633553f, 
    0x66012d28, 0x2b972a34, 0x77182e43, 0x34852a28, 0x481a1a48, 0x282a8534, 0x432e1877, 0x342a972b, 0x3fb38300, 0x0047ff5a, 0x000f03e8, 0x40180003, 
    0x018f050a, 0x00800101, 0x00010204, 0x10012f2f, 0x5ddd1ad6, 0x332a8383, 0x8e5a2311, 0xfc0f038e, 0x00820038, 0x0a000122, 0x5020e782, 0xe7843382, 
    0x28602c08, 0x28802870, 0x22002803, 0x0f175103, 0x08401b0b, 0x271b480b, 0x26265700, 0x1b0a1313, 0x301c1057, 0x031c601c, 0x0a570b1c, 0x82ed2f00, 
    0x82e78be9, 0x24e782e3, 0x30315dc6, 0x25dc8425, 0x012b020e, 0xf2843335, 0x2e373623, 0x84dc8301, 0x021e2810, 0x1614011d, 0x97500133, 0xa0f020e8, 
    0x173708e7, 0x2102c400, 0x1f009301, 0x17403000, 0x200b211b, 0xa01a1a40, 0x80050105, 0x15af4010, 0x80001501, 0x00000a0a, 0x1a2f322f, 0x1a5ddd10, 
    0x5dcd1adc, 0x1a012f33, 0x8210ce10, 0x222524ff, 0x7323022e, 0x0322057c, 0xb7603233, 0x17373505, 0x8201030e, 0x2d31351e, 0x10110816, 0x0566060f, 
    0x27382516, 0x262e0f8c, 0x1c18c437, 0x1d0f0418, 0x3e1c1c19, 0x0b8b2234, 0x01006508, 0xf3ff2e00, 0xc3023502, 0x87003100, 0x0e0f5040, 0x1f170f18, 
    0x17170217, 0x1f06072c, 0x40333320, 0x19480b08, 0x130d1016, 0x26292f51, 0x0f272c00, 0x2f301f30, 0x30080330, 0x28192732, 0x300d3117, 0x0f3f0f2f, 
    0x0f6f0f5f, 0x0a0f0f04, 0x011c301f, 0x2320571c, 0x0a3f0709, 0x06570a01, 0x3f000303, 0x325ded33, 0x112f0484, 0x335d2f39, 0x32de32cd, 0x100132cd, 
    0x825d5ed6, 0x32322309, 0x0382ed32, 0x102b3225, 0x55c632d6, 0xc62605f6, 0x13303132, 0xee49013e, 0x07062a08, 0x06230733, 0x011c1514, 0x52088217, 
    0x9b0807fa, 0x26222301, 0x33352327, 0x3c353426, 0x35233701, 0x72921a7a, 0x1f20402d, 0x3c253218, 0x13de0f43, 0xcc0101d8, 0x4411ac13, 0x22442133, 
    0x39551b1d, 0x4815847d, 0x3f01013f, 0x7270e101, 0x08740c0e, 0x6333340b, 0x08080f0b, 0x3c630b0c, 0x730e0c2f, 0x6e79150e, 0x080c0b63, 0x63081208, 
    0x00ffff00, 0x0081ff0f, 0x029a00cb, 0x006f0017, 0x009bfd00, 0xff010000, 0x0147ffb8, 0x000803ad, 0x40390021, 0x121c231e, 0x11011180, 0x0a511e1a, 
    0x1e220304, 0x12001c55, 0x0e115515, 0x55080406, 0x3208af50, 0x3f32ed33, 0xd41001ed, 0xc0fddc32, 0xc6325ddc, 0x503031c6, 0x34200bb0, 0x5309d34a, 
    0x14210723, 0x09b55006, 0x53717321, 0x65200c2b, 0x2307ba50, 0x78661302, 0x220b3453, 0x82636981, 0x21b3859e, 0xb3849e01, 0xb3857120, 0x3c321382, 
    0xac03f3ff, 0x2600ab00, 0x001e1100, 0x11002700, 0x2c827901, 0x11000724, 0x0782d402, 0x23000124, 0x53666fff, 0x29350806, 0x10131340, 0x510e0004, 
    0x0c05080a, 0x55110a12, 0x020d0b0f, 0x3f2f0004, 0x32ed32de, 0x32dc1001, 0x32fdcdc0, 0x31ccce32, 0x14150130, 0x2e230706, 0x23013d01, 0x05f57835, 
    0x0a340138, 0x0a0a530a, 0x977b9696, 0x51e47801, 0x8b49498b, 0xca73e451, 0x638c73ca, 0x00172008, 0x161c403a, 0x03141912, 0x09511000, 0x04070b0d, 
    0x0008180f, 0x0c160955, 0x120d5514, 0x84030210, 0x32fd216c, 0x6d827087, 0x72823220, 0xcecc3228, 0x25303132, 0x7383010e, 0x72832720, 0x232d7687, 
    0x01153315, 0x09090234, 0x010a0953, 0x2c008296, 0x9797977b, 0x4278456e, 0x73457a40, 0x3a7f8397, 0x01007397, 0x43022a00, 0x0e036201, 0x1b000500, 
    0x00040a40, 0x060202a0, 0x82010205, 0xdd332a6d, 0x331101cd, 0xcd1a2f19, 0x32d582cd, 0x27072707, 0x37620137, 0x9d396464, 0x4d428502, 0x8289424d, 
    0x070027be, 0xf0ff2300, 0x477f0505, 0x003f260c, 0xb3ea004b, 0x06377fcf, 0x377f3620, 0x00002b1a, 0x00020010, 0x0c40807c, 0x2b7f0c50, 0x06402c06, 
    0x06020650, 0xffb84d4c, 0x821940c0, 0x404d223a, 0x2f1f8234, 0x02405040, 0x00407d40, 0x02461046, 0x3a807c46, 0x3e201d83, 0x3a221d82, 0xb27f401c, 
    0x0f803511, 0x2f1c1f1c, 0x8f1c6f1c, 0x1c08051c, 0x2b43253d, 0x3731497e, 0x2919797f, 0xfe32dd33, 0x0132cd32, 0x7d7f5e2f, 0x1a5d2907, 0x1a2bde10, 
    0xfe1a5dfd, 0xce211183, 0x09977f2b, 0x12115d23, 0x0c937f39, 0x8a7f3120, 0x45a27f34, 0xce7f6020, 0x23b57f0f, 0x7f5e3321, 0x00220dd8, 0x4b63ffff, 
    0x03200805, 0x002602b6, 0x01000036, 0x005f0107, 0x00a10069, 0x010b4010, 0x2e363210, 0x13015026, 0x2b2b4f37, 0x3d058746, 0x012c0014, 0x000c0229, 
    0x403a0005, 0x40020420, 0x00058003, 0x70011001, 0xd001c001, 0xe44c0501, 0x086d0805, 0x05040600, 0x03000102, 0x332f1900, 0x32cd32cd, 0xd4101801, 
    0x5dc55d5e, 0x1add1a32, 0x303132cd, 0x27071713, 0x65c41737, 0x71a4a471, 0x35bb1c01, 0x0035f0f0, 0x32000200, 0xc203faff, 0x1a00bb02, 0x42002700, 
    0x441f2440, 0x08181813, 0x29191115, 0x79084625, 0x15481728, 0x48181015, 0x4812081a, 0x4a220210, 0x4a1b020d, 0x3f000803, 0x660185ed, 0xed24060d, 
    0xc6c6d610, 0x33240b82, 0x213031ed, 0x2806eb4d, 0x33023e34, 0x21171632, 0x39018715, 0x37013a25, 0x23222611, 0x14150622, 0x17220216, 0x91581739, 
    0x67393967, 0x0a825891, 0x89013708, 0x0401d9fe, 0x3e01fcfe, 0x150cf7fd, 0x0e121413, 0x03727275, 0x85572a03, 0x57845b5b, 0x8303032a, 0x83a78088, 
    0xb701017e, 0x6b6b7101, 0x01000072, 0xef012800, 0x8b82e400, 0x1e000f3e, 0x0f110d40, 0x06510a07, 0x0f100300, 0x00060607, 0x012f333f, 0x3232de10, 
    0xce33cefd, 0x2e21f782, 0x06167f01, 0x011c152e, 0x2c17011e, 0x23300202, 0x01171369, 0xef2f0082, 0x43071e0e, 0x2b182a79, 0x0d02316c, 0x82071211, 
    0x010f2a57, 0x02cb00e6, 0x000f00ff, 0x05715627, 0x0b081028, 0x00061148, 0x63825103, 0x060f102c, 0x2f000607, 0x10013f33, 0x187dcedc, 0x1e132207, 
    0x06117f01, 0x013c3526, 0xc727012e, 0x02216089, 0x23608fff, 0x02000000, 0x0121bb83, 0x2abb84b7, 0x402b001f, 0x1a172114, 0x83131651, 0x200327c1, 
    0x07170f1f, 0xc4841607, 0x33113324, 0xc883332f, 0xdecefd22, 0xca92cb82, 0xda933320, 0xda846520, 0x84834a20, 0x01200a85, 0x1722e586, 0xe5856d2b, 
    0x0e889385, 0x93829282, 0x0121f782, 0x85f7849e, 0x03063493, 0x160a0751, 0x1a175113, 0x17170720, 0x10001606, 0x823f0006, 0x11332190, 0xdc249382, 
    0xde32fdce, 0x93820382, 0xfd8e0120, 0x0f8e2320, 0x899a0121, 0x41948a89, 0x949a0719, 0x00012508, 0x01d30026, 0x00ef0146, 0x40180013, 0x0a00150b, 
    0x480b0840, 0x0f05140a, 0x01c52f00, 0xd52bd610, 0x013031c6, 0x290e3d54, 0x26144601, 0x35212135, 0x07871426, 0x1d61012b, 0x17172733, 0x1c1d3327, 
    0x20078334, 0x20ef8334, 0x33048201, 0x01f401ed, 0x00030069, 0x05134022, 0x3f002f02, 0x04000200, 0x9a7e0685, 0x5dd0260a, 0x3031c0dd, 0x06955e11, 
    0x7c690124, 0x3b840000, 0xabe80321, 0xe803233b, 0x3b8618fc, 0x02042508, 0x02760157, 0x001b00f5, 0x1b104026, 0x1c0e0d00, 0x0a1b1b00, 0x0e051813, 
    0x00050d0d, 0x332f332f, 0xcddcdd10, 0xe1820682, 0x32cd3222, 0x0e23e182, 0x7c222303, 0x33330c0c, 0x01373632, 0x1e150676, 0x1f121726, 0x14101e1e, 
    0x8749081a, 0x111d210d, 0x022b0d82, 0x1f240fc5, 0x0b0d0b14, 0x8830111a, 0x08de8209, 0x55011e4e, 0xb5023803, 0x20000700, 0x33405b00, 0x010c7f20, 
    0x01087f0c, 0x010b5008, 0x0b010b2b, 0x1d2b0e0f, 0x151a1d01, 0x50011619, 0x04030103, 0x0e2f2106, 0x0e020e3f, 0x03160c0c, 0x19800106, 0x00020708, 
    0x1a33333f, 0x32c432cd, 0x5dc61032, 0xd62aa182, 0xd6d671dd, 0xd432cdc5, 0x0382325d, 0x72c57124, 0xb28372cd, 0x15231538, 0x35233523, 0x17011e21, 
    0x23072723, 0x020e1427, 0x013e2315, 0x10823337, 0x72080682, 0x76666001, 0x0af90266, 0x0473080f, 0x013b4f3b, 0x07720101, 0x156a0810, 0x29141426, 
    0x67b50210, 0x3b67f9f9, 0x96bb7ca9, 0x343f2095, 0xa97c0324, 0x2d5d2d3b, 0x0026642d, 0x00ffff00, 0x01f2ff27, 0x021503bc, 0x00560026, 0x01060100, 
    0x00003b5f, 0x010b4010, 0x272f2b12, 0x0d015020, 0x2b2b4f30, 0x00010034, 0x012c001e, 0x000c0233, 0x40380005, 0x8260031e, 0x0f043863, 0x7f001f00, 
    0xdf00cf00, 0x00080500, 0x05800240, 0x01040307, 0x45020500, 0xdc290a31, 0xdd1acd1a, 0xcd325d5e, 0x33c6825d, 0x07173713, 0x711e3727, 0x6571a4a4, 
    0xf035d701, 0x00bb35f0, 0x5c080082, 0xff2d0003, 0x027c03f2, 0x0027001c, 0x003e0033, 0x033f406f, 0x533e1c12, 0x220b2828, 0x2f533423, 0x7b180118, 
    0x01402040, 0x2e01400f, 0x3f7b0b53, 0x3901393f, 0x3410572b, 0x1c3f1c2f, 0x061c1c02, 0x12151510, 0x1f220110, 0x0657311f, 0x03000023, 0x3f000b06, 
    0x322f3333, 0x1132ed10, 0x20098333, 0x07755d11, 0x10015d24, 0x755dedfe, 0x32c42105, 0xed291482, 0x31393932, 0x26220530, 0x0b654527, 0x013e1725, 
    0x5d163233, 0x81580d87, 0x05f05305, 0x36078f5d, 0x6740a402, 0x335a2123, 0x24435e3a, 0x385e4425, 0x58244174, 0x5d82702d, 0x2a29069f, 0x0c14194e, 
    0xfe383128, 0x086157da, 0x0b01522f, 0x1a192417, 0x030d1823, 0x282a290e, 0x076c572b, 0x26305624, 0xae5d8688, 0x1601210b, 0x20067b57, 0x08b45d79, 
    0x00003308, 0x0500ffff, 0x90020000, 0x26029203, 0x00003c00, 0x83000701, 0xa0003f00, 0x10401700, 0x13000102, 0x50040d25, 0x4f1d0302, 0x4f110301, 
    0x342b2b2b, 0x00820034, 0x3200022b, 0xec004cff, 0x09000e02, 0x8f4b1800, 0x0627080e, 0x05105100, 0x0d051601, 0x0e000013, 0xdd3f3f00, 0xde1001ce, 
    0x32fdc432, 0x312bcec4, 0x35231730, 0x33373634, 0x1815011e, 0x250c8f4b, 0x720a0d9f, 0x4b180c0a, 0xb429088f, 0x488c51b8, 0x01518c48, 0x0aa777ae, 
    0x00014708, 0x0193ff2d, 0x00b402d6, 0x404e0021, 0x8021092a, 0x0320200a, 0x1c1b0e0f, 0x480b0840, 0x5315231c, 0x181b2203, 0x001c2157, 0x57120f1f, 
    0x010a2f0e, 0x0b20080a, 0x00010b01, 0xcd335d3f, 0x32ed335d, 0xcd33332f, 0x8e8232ed, 0xd610ed23, 0x05364c2b, 0xdd1ac029, 0x373031c0, 0x1835012e, 
    0x20117649, 0x069d6016, 0x15074308, 0x575ce023, 0x2a422f18, 0x172f1a8e, 0x1f311521, 0x4940443f, 0x151a3e1b, 0x8e203414, 0x5d8a1925, 0x3142512c, 
    0x0487920d, 0x08770a0c, 0x44404b0c, 0x7a0b0a47, 0x89040d08, 0x17000100, 0xf7010000, 0xb382c202, 0x2c404c25, 0x83011819, 0x6a0120ab, 0x250805aa, 
    0x00030623, 0x0f090c51, 0x0d2f0d1f, 0x0e220d02, 0x020d5700, 0x571c0802, 0x57060315, 0x3f000a08, 0x12ed3fed, 0xb7822f39, 0xd6100129, 0x3232dd5d, 
    0x823232ed, 0x2bc635b7, 0x303132c6, 0x23153313, 0x2107010e, 0x013e2115, 0x33352337, 0x0805635e, 0x07171665, 0x2227012e, 0xff15020e, 0x0701a6a6, 
    0xfe050105, 0x020c1257, 0x3f245757, 0x46283458, 0x29172521, 0x1c27181d, 0x798a0110, 0x7d215023, 0x79398850, 0x3c634b35, 0x750e1019, 0x0a010a0b, 
    0x0024301c, 0x00020000, 0x02600019, 0x0056021f, 0x002b001f, 0x15394066, 0x1a16181b, 0x060a181a, 0xbf050b06, 0x82200120, 0x00300802, 0x08100108, 
    0xe0087001, 0x0308f008, 0x0126b008, 0x2601262f, 0x0d132c18, 0x100c140d, 0x1c1d1d03, 0x29002304, 0xcd2f0010, 0x32cecddc, 0x10331133, 0x01290584, 
    0x5dcddc10, 0x715ddc5d, 0x84068272, 0x85112011, 0x3122081b, 0x16320130, 0x07173717, 0x07141516, 0x0e270717, 0x26222301, 0x37270727, 0x37343526, 
    0x3e173727, 0x49181701, 0x012f0ac8, 0x162d191c, 0x15485d4a, 0x4a5e4815, 0x8c1a2c15, 0x306c240d, 0x83302222, 0x20022f03, 0x5b470a08, 0x33332745, 
    0x485c4527, 0x0d8d080a, 0x2c2bc524, 0x03822b2c, 0x0122ef82, 0xf482fbff, 0x023d5b08, 0x002000b5, 0x1a554097, 0x1411201e, 0x59140e11, 0x15141815, 
    0x22201818, 0x44201b15, 0x0d0e1100, 0x0e081108, 0x14080d59, 0x08080d0d, 0x00040206, 0x1c03210d, 0x201e1002, 0x031e301e, 0x1e801e70, 0x4f031e90, 
    0x201e011e, 0x08181a06, 0x15181808, 0x02150820, 0x020e0214, 0x696b020d, 0x39122c08, 0x102f332f, 0xde1032cd, 0x4e715d5d, 0xd42605cd, 0x3332ce32, 
    0x87671087, 0xd432240c, 0x673311c6, 0x012a058a, 0x32ce1018, 0x35333031, 0x03843523, 0x27032e22, 0x27069c45, 0x07010e33, 0x15231533, 0xd1350383, 
    0x64949494, 0x282c2e15, 0x391faa0f, 0x1e362122, 0x2e5126a9, 0x31148264, 0x6341636f, 0x50545426, 0x428b4521, 0x4d438d42, 0x108251a1, 0xee826f20, 
    0x50002e08, 0xde0047ff, 0x03000f03, 0x2c000700, 0x0f011640, 0x059f0105, 0x03800501, 0x08090707, 0x0801090f, 0x02000406, 0x2fcd2f00, 0x5d5e01cd, 
    0x22b88211, 0x82cd1ac0, 0x303126b3, 0x23113337, 0x21038211, 0x00828e50, 0x73fed426, 0x73fec803, 0x4d082982, 0x0193ff1c, 0x00c502e2, 0x00470039, 
    0x081c4065, 0x1d1e3451, 0x2c505143, 0x2c022c60, 0x2f490f49, 0x03496f49, 0x12390008, 0xb8175124, 0x1f40c0ff, 0x17481c11, 0x121f513d, 0x1202122f, 
    0x403a1548, 0x001a0431, 0x36395505, 0x55211e0e, 0x826e1a1d, 0x17122f09, 0xd6100139, 0x2bd4ed5d, 0x32c610ed, 0x0b835d5e, 0xd432c423, 0x248882ed, 
    0x3233031e, 0x354d1836, 0x37362308, 0x184f3526, 0x1506230a, 0x4d181614, 0x1e290735, 0x23141501, 0x13272622, 0x2308820e, 0x013e1716, 0x71083483, 
    0x29291741, 0x26251b2c, 0x1b231508, 0x1d334527, 0x7130202d, 0x27612e6a, 0x2d452025, 0x2d221f26, 0x1a30462c, 0x111c130a, 0x4dd81a1f, 0x10b4236d, 
    0x10454315, 0x34211115, 0x090e0936, 0x0a151105, 0x090e0e0f, 0x3d2b1d0d, 0x1f402f2d, 0x564d3828, 0x0e781014, 0x15111110, 0x200f0f19, 0x16293a2a, 
    0x0f1d1e23, 0xa3253717, 0xc101121a, 0x2611220e, 0x05821728, 0x171b1324, 0x00820014, 0x00022f08, 0x015a024f, 0x00f202c8, 0x0017000b, 0x150d4020, 
    0x03400f80, 0x12180909, 0x0080060c, 0xcd1a2f00, 0x1101cd2f, 0x1acd2f33, 0x31cd1ade, 0x50181330, 0x152307b8, 0x8a330614, 0x1f9c240b, 0x821f2e2e, 
    0x86c02003, 0x5a022507, 0x29232329, 0x6b82038b, 0x00033808, 0x02f1ff32, 0x00c502ea, 0x00270013, 0x403a0043, 0x1441311d, 0x2b384500, 0x32440a1e, 
    0x192e3135, 0x0f600f50, 0x40100f02, 0x2328413d, 0x3f001205, 0xcd32d6dd, 0x845d3f32, 0x10012a06, 0xcdd6ddd6, 0xc6ddde10, 0x11c54932, 0x0f164718, 
    0x9b870720, 0x3208e165, 0x3233021e, 0x0e173736, 0x39ea0201, 0x45457e60, 0x8739607e, 0x24662807, 0x36365b41, 0x8724415b, 0xe6210807, 0x51635e59, 
    0x200b3b30, 0x211c230e, 0x1c100628, 0x10281e17, 0x013e0d1c, 0x5d87555b, 0x875d3131, 0x27078755, 0x2646623c, 0x3c624626, 0x46080786, 0x5a5b627f, 
    0x58061a62, 0x282a0b08, 0x10192112, 0x075b060e, 0x00020018, 0x01340118, 0x00c40269, 0x002b000c, 0x2117402e, 0x13807f03, 0x7f0a292d, 0x81072c19, 
    0x00251e1e, 0x80251680, 0x3f00100d, 0x12edd4fd, 0x82ed1039, 0x39ed25ea, 0xed1ade10, 0x1320e982, 0x2808d163, 0x13161415, 0x1d021e32, 0x0acb6301, 
    0x080a2f68, 0x10c8015e, 0x1a07091d, 0x232c1e0b, 0x28413014, 0x3a571711, 0x2d1b5a4f, 0x2114213d, 0x1c29220b, 0x130f1438, 0x0289014b, 0x03024e01, 
    0x121a1a10, 0x28153b01, 0x05e32438, 0x2246380f, 0x040c1c2d, 0x1f1c0a02, 0x06590708, 0xffff000c, 0x2c001400, 0x0c023702, 0x6c002600, 0x07000000, 
    0x0e016c00, 0x01370782, 0x2f003200, 0x96010802, 0x1c000500, 0x80010b40, 0x06040705, 0x82800540, 0xcd2f27e0, 0x1a01cd1a, 0xb482ce10, 0x3031cd33, 
    0x21352325, 0x08022135, 0x01b2fe88, 0x7dea2fd6, 0x2a538300, 0x01e70019, 0x026e013b, 0x82100006, 0x4204204b, 0x34080c0b, 0x0046003b, 0x2b41406e, 
    0x363b4028, 0x120f4034, 0x00143448, 0x2d6f3c48, 0x2f602d01, 0x2f022f70, 0x3c470a1e, 0x36362b2b, 0x0143c02d, 0x2f7f3243, 0x012f6001, 0x072d422f, 
    0x2d702823, 0x422a8301, 0x5d340631, 0x5d3fc05d, 0x5d5dd6dd, 0x125dcdc5, 0x2f331139, 0xd61001cd, 0xdd220f82, 0x0783c05d, 0x32322b24, 0x414232cd, 
    0x012e2423, 0x5e152327, 0x15250584, 0x031e0714, 0x0a697c17, 0x08224342, 0x1811b922, 0x2261280f, 0x36a1163b, 0x1111110b, 0x2012c60b, 0x071b1c20, 
    0x5b01050f, 0x315d8656, 0x56865d31, 0x08164442, 0x39266e2f, 0x56017617, 0x3e790708, 0x211f111d, 0x11c41927, 0x01101418, 0x00010001, 0x016f021b, 
    0x00d5025d, 0x40180003, 0x0403010c, 0x004f003f, 0x240d825f, 0xcd2f0002, 0x08e6825d, 0x3031cd46, 0x21152113, 0xfe42011b, 0x66d502be, 0x02000000, 
    0xd7011400, 0x0d035601, 0x1f001300, 0x24403e00, 0x01050021, 0x050105f0, 0x00401780, 0x1df0011d, 0x0f801d01, 0x480b0840, 0x6f0a200f, 0x14df0114, 
    0x1a001401, 0xde234d82, 0x82cd715d, 0x1a2b2650, 0x1a715ddd, 0x200583de, 0x185b82c6, 0x29083146, 0x3435022e, 0x3217023e, 0x0e473536, 0x20b52807, 
    0x1a1a2c3b, 0x87203b2c, 0x22152307, 0x03821522, 0x150d0329, 0x24243929, 0x87152939, 0x1fd42407, 0x831f1a1a, 0x829e8203, 0x0031339f, 0x02070200, 
    0x000b0071, 0xb944000f, 0xc0ff1100, 0x8f822040, 0x0d112408, 0x0440b005, 0x01098007, 0x100b0cb0, 0x40b00305, 0x070b8001, 0x0c4008b0, 0x00120e80, 
    0x1add1a3f, 0x1832fdde, 0x2007c44c, 0x250a8332, 0x32fd1a32, 0x4c182bce, 0x15270dc7, 0x31211521, 0x82a788a7, 0x012d0802, 0x012afed6, 0x7daaaac7, 
    0x7dcdaaaa, 0x10000100, 0x42012e01, 0x2200c502, 0x23404000, 0x0e0e7f08, 0x14301b1a, 0x14021440, 0x0a00007f, 0x3601821b, 0x245f2423, 0x1a02246f, 
    0x1e1b8017, 0x000a0810, 0x333fcd2f, 0x520132ed, 0x1126065d, 0x5ded2f33, 0x05823311, 0x2e058d44, 0x07010e07, 0x26211533, 0x36343534, 0x41013e37, 
    0x42180517, 0x3c080757, 0x170e3801, 0x24110f1e, 0xe1fe9c0b, 0x1b333501, 0x1d111221, 0x1a341131, 0x37272d51, 0x4a021022, 0x1b1f2416, 0x0f230e0d, 
    0x070d085b, 0x172b4f31, 0x120f1222, 0x164e0e17, 0x2d211225, 0x24ab8200, 0x01260111, 0x08ab8240, 0x69002c44, 0x0b403f40, 0x1c7f0b01, 0x061f1919, 
    0x40033029, 0x7f030203, 0x1f011f3f, 0x6f2e5f2e, 0x1110022e, 0x2d292a11, 0x070107a0, 0x065f0d1c, 0x067f066f, 0x0604069f, 0x002a0d06, 0x10242980, 
    0x1411800d, 0xc5830010, 0xed32dc36, 0x2f391132, 0xcd39125d, 0xc610015d, 0x33113232, 0x5dde105d, 0x3920d182, 0x392a1682, 0x30315ded, 0x35363213, 
    0xad822b34, 0x23210783, 0x23431822, 0x0706220a, 0xec48181e, 0x9546080c, 0x29461c23, 0x2c1e1729, 0x26152e17, 0x28244b19, 0x130e2137, 0x121d2017, 
    0x112f4128, 0x0c1f2425, 0x012f2217, 0x29101584, 0x20121252, 0x104f0a0f, 0x291f1217, 0x12261516, 0x1b1f320f, 0x04142330, 0x59060908, 0xe782080e, 
    0x40021a2a, 0x1f030301, 0x1f000300, 0x0230e582, 0x00050003, 0x02800340, 0xcd2f0001, 0xcd1add1a, 0x080ac36d, 0x27070121, 0xa5030137, 0xcb028e44, 
    0x00a23d8b, 0x46000100, 0x0c025aff, 0x18000e02, 0x2b404500, 0x680b510a, 0x1a280584, 0x30011a0f, 0x021a801a, 0x3005c766, 0x51001216, 0x16197a18, 
    0x060c120e, 0x0b0b0f57, 0x2e008200, 0xed3f3f3f, 0x013f3333, 0x32edf610, 0x685d5e32, 0x1320078a, 0x21063e75, 0xbc7d1137, 0x26310805, 0x1d011e27, 
    0xdb112301, 0x1722170b, 0x950e2310, 0x1a3f6d27, 0x03021336, 0xfe0e0295, 0x1d3226e6, 0x0102030c, 0x0b04fe96, 0x14090a11, 0x024d2529, 0x825b82b4, 
    0xff283997, 0x02760246, 0x001300bd, 0x012e0100, 0x33363435, 0x17021e32, 0x2e112311, 0x31084c82, 0x70030123, 0x1fa1ab6b, 0x1a404445, 0x16340e8d, 
    0x0f02018e, 0x746d6467, 0x060a0604, 0xf802a3fc, 0x04fd0202, 0x1e00ffff, 0xd800cb00, 0x17028301, 0x54821100, 0x0382d820, 0x2d000130, 0x0f0123ff, 
    0x1c001400, 0x1e170000, 0xee691501, 0x3741080b, 0x012f2636, 0x3337033e, 0x20d7010e, 0x163f4b18, 0x0712162c, 0x150e1225, 0x17150101, 0x0c0b030c, 
    0x0663030a, 0x2c102812, 0x07323017, 0x09025706, 0x140c0e0b, 0x1a0a0305, 0x0b051519, 0x00010025, 0x20a98226, 0x08b38213, 0x1a000a21, 0x7f040b40, 
    0x050b0006, 0x04000a07, 0xdd3f0010, 0x012f32cd, 0xeddcd610, 0x3e133031, 0x82333701, 0x0e2108c7, 0x2a260701, 0x72571d4f, 0x021e2a14, 0x172b116a, 
    0x0e0171fe, 0x000b130b, 0x01210002, 0x02a80132, 0x2afb82c5, 0x402f001f, 0x14402109, 0x82d0807f, 0x01b82f5f, 0x1a0c4040, 0x200a807f, 0x1705801d, 
    0x58820f80, 0xeddced22, 0x1a245782, 0x5ddc1aed, 0xce200482, 0x2013e247, 0x050b5426, 0x3632332e, 0x331da801, 0x482b2b48, 0x341d1d34, 0x3b080783, 
    0x2a721d33, 0x2b2c2627, 0x012a2727, 0x334a2ffa, 0x4a331c1c, 0x344b302f, 0x4b341c1c, 0x37373030, 0x37372d30, 0x00ffff00, 0x022c001e, 0x000c0241, 
    0x00780026, 0x00070000, 0x000e0178, 0x2205ef46, 0x825e0300, 0x00262aef, 0x0000ee94, 0x016e0127, 0x2d1f8363, 0x03027001, 0xffffd4fe, 0x00001400, 
    0x1f8c4503, 0x1f834720, 0x868d0021, 0x8217201f, 0x825e201f, 0x002623e7, 0x3f85068e, 0x3f855f84, 0x02006208, 0x3bff1900, 0x0d02b301, 0x33002700, 
    0x30405200, 0x161d282e, 0x10160080, 0x16280216, 0x030c1628, 0x04100400, 0x35040802, 0x0b084035, 0x1f532548, 0x020c2f0c, 0x311a340c, 0x0003002b, 
    0x0e070457, 0xed333f00, 0xcedd3f32, 0x5dd61001, 0xc6102bed, 0x11325d5e, 0x2f2f3939, 0xcd101a5d, 0x3031cd10, 0x05d94817, 0x2707166e, 0x35033e37, 
    0x3327013c, 0x2b05a543, 0x15010e07, 0x34031614, 0x16323336, 0x21052542, 0x461824fe, 0x21210bc1, 0xc1461811, 0xc0461817, 0x272e2a1a, 0x2d171021, 
    0x0122181d, 0x08184ff7, 0xffff2808, 0x00000a00, 0xbf03c702, 0x24002602, 0x07010000, 0xd9004300, 0x1300a000, 0xff0200b9, 0x220940f9, 0x50130820, 
    0x56210d02, 0x2f9206a6, 0x2f898f20, 0x0940ff24, 0x2f841f21, 0x2f8f2020, 0x5f88b420, 0xa1006924, 0x5f85a600, 0x23202f82, 0x98202f96, 0x752b2f88, 
    0xa300ae00, 0x0b401000, 0x852d0202, 0x852c202c, 0x208b885c, 0x222b8892, 0x82560083, 0xb11a24bb, 0x82b80203, 0x210d22bc, 0x268c8233, 0x4f2b0d03, 
    0x821f0d02, 0x342b2433, 0x86030034, 0x007238ef, 0x002d0022, 0xb9080139, 0xc0ff1000, 0x14109e40, 0x34341048, 0x82401a31, 0x1a420808, 0x31312e2e, 
    0x29030201, 0x00232d2c, 0x011d6023, 0x00011d24, 0x021d101d, 0x1d241d14, 0x00031d94, 0x000b011d, 0x23001d01, 0x1d224c00, 0x3b1d2214, 0x22012290, 
    0x28040506, 0x23242526, 0x0d6f2307, 0x46182b01, 0x2320153d, 0x073d4618, 0xff232708, 0x08230223, 0x480b0840, 0x08223a08, 0x1d373115, 0x04482829, 
    0xc0010390, 0x03f00103, 0x04030301, 0x23080123, 0x4618021d, 0x5d2c124a, 0xed337271, 0xd6d51032, 0x10013fcd, 0x10514618, 0x87107122, 0x1a524618, 
    0x05221d85, 0x2382c4c4, 0x3d33012a, 0x2f18c22f, 0xc2102bcd, 0x46180482, 0xd0500d61, 0x32332805, 0x1415021e, 0x181e0706, 0x20086e46, 0x0a474f37, 
    0x0b200222, 0x077a4618, 0x42442635, 0x14112240, 0x172a2113, 0x13212b18, 0x41211115, 0x18264541, 0x080b8546, 0x121c2b26, 0x111c1c11, 0x4c241c12, 
    0x244c2626, 0x94a5bb6d, 0x1d2b0f47, 0x0f1d2b1c, 0x1c2b1d0f, 0x470e2c1d, 0x6dbba594, 0x0a9c4618, 0x1817f624, 0x03821718, 0x00820020, 0x00024c08, 
    0x0300000a, 0x00b502bf, 0x001a0013, 0x1f55409c, 0x090d010d, 0x111f110f, 0x1103112f, 0x0807061c, 0x02030805, 0x14171901, 0x04140408, 0x1408054c, 
    0x05040805, 0x131a1a14, 0x00440f0c, 0x13051300, 0x0e480c08, 0x1a480001, 0x823f1a19, 0x011a3b07, 0x0e1a0e08, 0x4810091a, 0x02090812, 0x480b1414, 
    0x08050208, 0xed3f3f00, 0x04822f32, 0x39391232, 0x5d5e2f2f, 0x1033115d, 0xed1032ed, 0x2f2f013f, 0x11210983, 0x2a108233, 0x0587c100, 0xc47d872b, 
    0x41c40e10, 0x10380546, 0xc4c40e87, 0xde101801, 0x5dc6c65d, 0x23253031, 0x2307010e, 0x21371236, 0x31081359, 0x030e1121, 0xea013307, 0x123215dc, 
    0x5ed27aab, 0x0659f401, 0x2bfe3b07, 0x292b2810, 0x26a49d11, 0x01db2658, 0x88838357, 0x0283a780, 0x4540171e, 0xf6821c46, 0x01004508, 0x23ff3200, 
    0xc5027402, 0x5b003d00, 0x27283140, 0x130d0c3b, 0x0003171a, 0x13130600, 0x403b3a1d, 0x3b480b08, 0x013f7f3f, 0x791d4630, 0x4a2b283e, 0x1a032227, 
    0x353a0901, 0x1009004a, 0x0009003b, 0xcddc323f, 0x3f21c382, 0xef461833, 0x2bce3409, 0x2f391132, 0x332f33cd, 0xce1032cd, 0x32c61032, 0x82053031, 
    0x148d46b3, 0xda520120, 0x32332106, 0x16164718, 0x0604b027, 0x4c182002, 0x0dac463e, 0x060d0424, 0x4718908c, 0x1d251a2e, 0x0e080d65, 0x0fc94605, 
    0x0e1f0c26, 0x569db711, 0x16454718, 0x001d1231, 0x5000ffff, 0x3b020000, 0x2602bf03, 0x44002800, 0xab2005ab, 0x2c05ab44, 0x40eeff01, 0x000d0f09, 
    0x0101500a, 0x097b440e, 0x8f222f8f, 0x2f87b500, 0x0940fe24, 0x2f840c0e, 0x2f8f0d20, 0x5f88b420, 0x75006922, 0x2505ab44, 0x40f6ff01, 0x2f961009, 
    0x2f889220, 0x2c008322, 0x1a2a5f82, 0xb80102b1, 0x0d40f2ff, 0x6082200e, 0x18010226, 0x0c01014f, 0x82057f44, 0x822320c3, 0x840c20b9, 0x862c20c3, 
    0x870f20c3, 0x40fa2a93, 0x00050709, 0x00015001, 0x20938906, 0x20258232, 0x222f8a1b, 0x8218008f, 0x4010262f, 0x0608010b, 0x202c8404, 0x080f4505, 
    0x00000425, 0x83033c01, 0x255b85bf, 0x00daff69, 0x2b8300a6, 0x8e080221, 0xe4ff212b, 0x5d212b82, 0x85bb8303, 0xff83222b, 0x27578295, 0x02104017, 
    0x18060201, 0x02265882, 0x014f1000, 0xb7550400, 0x0a3e080b, 0xba02f7ff, 0x1000bd02, 0x52002500, 0x46063040, 0x0b084011, 0x27791148, 0x27c02700, 
    0x000c0e02, 0x1e191b44, 0x3f0e2678, 0x1b1c011c, 0x0f010f30, 0x090c160f, 0x02211e4a, 0x194a0300, 0x13470916, 0xed332105, 0x2b057261, 0x01325dcd, 
    0xcc32fc10, 0x5dcc32fd, 0x1805a36e, 0x2f0ce148, 0x23153315, 0x020e1425, 0x27262223, 0x33352311, 0x20065a6c, 0xe94818f7, 0x7e7e2209, 0xeb481801, 
    0x51512107, 0x0fed4818, 0x2d73942d, 0x2c58865a, 0x25010b07, 0x180b0173, 0x4207f248, 0xa42e0643, 0x26029803, 0x00003100, 0x75000701, 0x5f46bf00, 
    0x02012905, 0x0e05101e, 0x1d060150, 0x26084f41, 0x02f2ff32, 0x82bf03e4, 0x8432202b, 0x0043222b, 0x05ab41fc, 0xfaff022c, 0x292b0940, 0x0250141d, 
    0xab412a22, 0x222f8e0a, 0x41fe008f, 0x022305ab, 0x84282a01, 0x8e29202c, 0x88b4205b, 0x0069225b, 0x05ab41c5, 0x2c000222, 0xb3832b95, 0x75228785, 
    0xb385d000, 0x36020222, 0x35202b85, 0x9220578e, 0x83225788, 0x13477900, 0x40fa2408, 0x823c2a0d, 0x22032687, 0x22024f34, 0x06da4128, 0x00013a08, 
    0x014d003e, 0x000a02fb, 0x4040000b, 0x050b0220, 0x00070408, 0x03040101, 0x09090a0d, 0x0b0c0706, 0x04050208, 0x09000106, 0x0704030a, 0x332f0006, 
    0x32d432c0, 0x171232c0, 0x06874c39, 0x32ce103e, 0x11331132, 0x30313917, 0x17071701, 0x27072707, 0x17372737, 0x8857a401, 0x87885788, 0x87220583, 
    0x09870a02, 0x41081282, 0x32000300, 0xe402d3ff, 0x1a00e202, 0x2e002400, 0x35405800, 0x18171716, 0x1e281d15, 0x080b0827, 0x00461b0e, 0x0a093079, 
    0x0f46250a, 0x790e010e, 0x1616172f, 0x1d281815, 0x080b1e27, 0x4a2a0508, 0x99820313, 0x054a202b, 0xed3f0009, 0x3f331133, 0x828b82ed, 0x10012307, 
    0x0f835df6, 0x86f61021, 0x07924a10, 0x91832620, 0x0807d646, 0x1737177c, 0x07011e07, 0x16032734, 0x023e3233, 0x13171425, 0x0e222326, 0x35e40202, 
    0x32497f5c, 0x553a275b, 0x382c273d, 0x63457d5f, 0x3b55384f, 0x18a12d28, 0x2b3229fb, 0xfe192f45, 0x27fa1790, 0x2f442c32, 0x595b0119, 0x152e5b87, 
    0x4e3f4b17, 0x59517d2d, 0x2c2e5c87, 0x2d4c3f49, 0x3348517e, 0x2016bbfe, 0x4533523b, 0x16430133, 0x00533b21, 0x4600ffff, 0x7d02f2ff, 0x2602bf03, 
    0x47423800, 0x42be2006, 0x012c0547, 0x0940e5ff, 0x1204191b, 0x1a060150, 0x8f094742, 0x008f222f, 0x054742e6, 0x1a130123, 0x202c8418, 0x08ef4119, 
    0xb4202b85, 0x69225b88, 0xb3449a00, 0x40ff2307, 0x2e8c1c09, 0x92208b89, 0x33492f88, 0x40172705, 0x00010210, 0x5c822c1a, 0x24060226, 0x1806014f, 
    0x8208f743, 0x05e359bf, 0xe359bf83, 0x008f2205, 0x288f86d4, 0x0d111318, 0x03015004, 0x088f8512, 0x0002003b, 0x02000050, 0x00b50261, 0x001f0012, 
    0x1b214039, 0x1f050f46, 0x03052f05, 0x210f2105, 0x0d170801, 0x780c440a, 0x0c001320, 0x082f1802, 0x080a0801, 0x5dde3f00, 0xcddc3fcd, 0x06cb4d01, 
    0x5dde1039, 0x013031ed, 0x15021e32, 0x012b0614, 0x33112315, 0x32023e15, 0x18062207, 0x2e097646, 0x506f4234, 0x319ca82c, 0x14079c9c, 0x18041314, 
    0x2e097b46, 0x58381954, 0x806f7d3f, 0x0164b502, 0x18840101, 0x08097f46, 0x46000143, 0x6d02f4ff, 0x3c000803, 0x39405f00, 0x14155306, 0x24243114, 
    0x9f532a31, 0x40000100, 0x00480c08, 0x0e531c00, 0x480b0840, 0x3e0f3e0e, 0x51310801, 0x1f3d7a32, 0x0427030b, 0x38572d1a, 0x150a3206, 0x0a38721a, 
    0x1711ed23, 0x31b08339, 0xde105d5e, 0x2f39ed2b, 0x11ed5d2b, 0x39122f39, 0xbb833311, 0x07061424, 0x3070010e, 0x09e44d05, 0x32330322, 0x50085570, 
    0x1527086c, 0x34112311, 0x8233023e, 0x026a08ed, 0x16141110, 0x231a1023, 0x62362414, 0x14423771, 0x1e1c0a19, 0x36430e1f, 0x12231d2a, 0x111a2606, 
    0x30242a12, 0x3b1c922f, 0x543a3d59, 0x62021936, 0x1a17322a, 0x160f1c2c, 0x150b1414, 0x5c563644, 0x04780814, 0x36050809, 0x0d13291a, 0x1222211e, 
    0x141e392a, 0x20211a22, 0xe8fd383c, 0x59351502, 0x2d1b2441, 0x0000003d, 0x3b7dffff, 0x1f032d05, 0x44002602, 0x06010000, 0x007b4300, 0x2e05914b, 
    0x350940fe, 0x50131c33, 0x4f340f02, 0x91342b2b, 0x0007242b, 0x828a008f, 0x40102644, 0x3413020b, 0x202a8432, 0x088b4233, 0xf5ff2326, 0x0e03e801, 
    0x69215788, 0x2357863e, 0x360940ff, 0x83872c8b, 0x88f50221, 0x5175242b, 0x82100000, 0x40082155, 0x3f202885, 0x27885583, 0x2788f220, 0x00fe832b, 
    0x10401700, 0x34040203, 0x267e8246, 0x4f3e0f03, 0x42320f02, 0xdb8806ad, 0x2f872e20, 0x7363012a, 0xb70c0000, 0x3b0f0203, 0x034c5783, 0x23600805, 
    0x3d03f2ff, 0x3b001c02, 0x57004c00, 0x43407500, 0x033f0520, 0x2f531157, 0x174a4242, 0x534d1818, 0x36597b0d, 0x534a3737, 0x45587b27, 0x22200005, 
    0x2c012c30, 0x3c30002c, 0x22553c01, 0x103f570b, 0x08101001, 0x0b1d5714, 0x5201523f, 0x33010857, 0x00010055, 0xed3fed3f, 0x12ed3f5d, 0xcd5d2f39, 
    0x07830982, 0x1239122b, 0x1001cd39, 0x1139edf6, 0x27058533, 0x332f3911, 0x391732ed, 0x2205e142, 0x4b013e17, 0x5e7b0765, 0x2726220b, 0x0c2e7c06, 
    0x51263421, 0x032705cb, 0x37363213, 0x7e27012e, 0x2535088c, 0x2223032e, 0x0107020e, 0x27321f03, 0x56220e20, 0x3e563631, 0x0f8c7b21, 0x1f583b24, 
    0x847e634b, 0x1f263014, 0x0a0e1333, 0x0a260e01, 0x101c2515, 0x7bc6012f, 0x022b09b1, 0x1b11081c, 0x23212613, 0x5e426544, 0x1a220b06, 0xa47e2c15, 
    0x26112209, 0x06a47e2b, 0x074cfe2f, 0x172d2408, 0x0e050202, 0x1b231218, 0x0a235ed4, 0xf7500020, 0xd64a0805, 0x37001c02, 0x2d405900, 0x32242425, 
    0x35000310, 0x17091417, 0x0317031c, 0x32311c17, 0x1c532b39, 0x2e31387b, 0x00143557, 0x3237060d, 0x28250b35, 0x00012157, 0x3f3f000b, 0x333f32ed, 
    0x11cdd4c6, 0x32ed1039, 0xedf61001, 0x494fc610, 0x12112505, 0xcd103239, 0x11260282, 0x31331133, 0xc24a0530, 0x5c032017, 0x8d500ade, 0x17372808, 
    0x0e07010e, 0x4a480101, 0x0e2512be, 0x314b3407, 0x12517e17, 0x28431724, 0x82510604, 0x210d2710, 0x47310a0e, 0x667e325a, 0x0e0a350f, 0x000e0802, 
    0xffff0000, 0xf2ff2d00, 0x1f031b02, 0x48002602, 0x2006ff45, 0x22188295, 0x4800b913, 0x00240647, 0x04025007, 0x8f0a4748, 0x008f222f, 0x262f829f, 
    0x020b4010, 0x84282a09, 0x0947482c, 0x0e202b85, 0x06235b86, 0x435d6900, 0x2c200973, 0x87872c8b, 0x88f20221, 0x1e83212b, 0x22064b43, 0x823c2a05, 
    0x04032556, 0x04024f34, 0x82071648, 0x8216202f, 0x83ff2075, 0x0c0121b7, 0x0623b782, 0x84024300, 0xff012b5b, 0x070940fa, 0x50000105, 0xa94a0201, 
    0x202b8205, 0x20218229, 0x2a2b8a12, 0x00000f8f, 0x010b4010, 0x8404060d, 0x43052028, 0xff2105cf, 0x212782f6, 0xaf82032e, 0x69215386, 0x212785cc, 
    0x278d0801, 0x2782d020, 0xab834920, 0x832e2786, 0x1a000081, 0xb80102b1, 0x0d40fcff, 0x53821806, 0x10020225, 0x4a02014f, 0x177f09a0, 0x3c2f0805, 
    0x23000c03, 0x54003600, 0x24152f40, 0x181d1953, 0x21171e1a, 0x0d092200, 0x2f387b03, 0x377b0d53, 0x1a19572a, 0x2122171a, 0x00002321, 0x82121718, 
    0x1e083201, 0x08573206, 0xed3f000b, 0x3939123f, 0x33112f2f, 0x20028433, 0x2e068211, 0xf61001ed, 0x11f610ed, 0x32ed3917, 0x51013031, 0x9d43059f, 
    0x065a480b, 0x1e372728, 0x17371701, 0x9e433c03, 0x337a080a, 0x01023e32, 0x1f2823e3, 0x3f446340, 0x1f1f3f5e, 0x1a3f5e3e, 0x1f0c1439, 0x11501d6f, 
    0x23531426, 0x1d731b3f, 0x331901a6, 0x1a2a2018, 0x2134310a, 0x0209192b, 0x4f8c3c5b, 0x32597c4b, 0x335a4328, 0x24405c37, 0x32350a0f, 0x111b5425, 
    0x14560e1e, 0x54271f33, 0x0902c0fe, 0x140d1405, 0x361a2e22, 0x48372143, 0x00ffff00, 0x02000046, 0x02f5020c, 0x00510026, 0x00060100, 0x53416c75, 
    0x22002805, 0x50070014, 0x41210201, 0x0027057b, 0x02f2ff2d, 0x821f0332, 0x42522027, 0xa0200687, 0x2a078742, 0x230940f9, 0x50000921, 0x48220e02, 
    0x2f8f0987, 0xa8008f22, 0x10262f82, 0x07020b40, 0x2c842022, 0xe3425984, 0x03322208, 0x235b860e, 0x68690006, 0x20098742, 0x422c8b24, 0x32200687, 
    0x8783af84, 0x7220af82, 0x0222af84, 0x28852e00, 0xaf8b2d20, 0x88f20221, 0x24832153, 0x2206af42, 0x82342200, 0x0e03267e, 0x0e024f2c, 0x06fb4520, 
    0x03003208, 0x0c003100, 0x49020702, 0x17000b00, 0x23001b00, 0x1a1d0f40, 0x12060c00, 0x03091c1b, 0x0f151b18, 0xdd3f0010, 0xcdd6ddd6, 0xd6d61001, 
    0xd632dd32, 0x0d646ac6, 0xc67d1120, 0x2125290a, 0x72012115, 0x34212134, 0xfe28038b, 0xfed601bf, 0x2af5012a, 0xfe210085, 0x23078541, 0x007ddf2a, 
    0x3f080082, 0xff2d0003, 0x023202d9, 0x001a0036, 0x002b0022, 0x1730404c, 0x1d151618, 0x07261e27, 0x0c090a08, 0x00531b0d, 0x51232d7b, 0x172c7b0d, 
    0x18151616, 0x1e261d27, 0x0508070a, 0x01125729, 0x20080809, 0x4a053a7b, 0xed260dce, 0x12edf610, 0xc74a3917, 0x0bc64a07, 0xc74a1620, 0x16072608, 
    0x27363233, 0x38108214, 0x06222326, 0x44243202, 0x3b4b3b5f, 0x1d31462d, 0x5f45271e, 0x1c422538, 0x2f0b822e, 0xa108901f, 0x3c361f18, 0xa00503e5, 
    0x3d361e17, 0x2c055c7b, 0x3f353b22, 0x3e395e24, 0x11284866, 0x2e0b8210, 0x22395e23, 0x550fd120, 0x0e211349, 0x82530ed0, 0xffff2dd6, 0xf4ff4100, 
    0x1f030702, 0x58002602, 0x20063742, 0x05374280, 0xe5ff012c, 0x15170940, 0x01500007, 0x37421609, 0x222f8f09, 0x42a1008f, 0x01230537, 0x8414160b, 
    0x4815202c, 0x2b850833, 0x5b860e20, 0x6900062b, 0x1000005f, 0x01010b40, 0x87298a18, 0xf2022183, 0x83222788, 0x65640019, 0x28162106, 0x02265282, 
    0x014f2009, 0x07481409, 0xff052409, 0x84190247, 0x845c20b3, 0x008f22b3, 0x238386ab, 0x0b21232a, 0x0020b082, 0x2207e842, 0x82460002, 0x2f28082b, 
    0x14000803, 0x36002000, 0x53151e40, 0x0f227b00, 0x0c1c0122, 0x7a0a5109, 0x10571821, 0x060c0b01, 0x1f1c0e09, 0x0b050857, 0x2a05c54e, 0xed3f333f, 
    0xedf61001, 0x825d3232, 0x09674c05, 0x18231521, 0x7c080d41, 0x072805e4, 0x33011e11, 0x1e2f0232, 0x3306307c, 0x102a1195, 0x2545623d, 0x14393d98, 
    0x2d0e0b27, 0x07016a17, 0x3106307c, 0xf818a903, 0x47270505, 0x53454366, 0xf7fe0405, 0xf7820c09, 0xf784c784, 0x0623c783, 0x86098300, 0x23052cf7, 
    0x50000b35, 0x4f2d0002, 0x89210001, 0x000a26f7, 0x03c70200, 0x0813556e, 0xac008a2b, 0x10009900, 0x00020b40, 0x0ccc551f, 0x21072b49, 0x5b49d502, 
    0x548a2208, 0x21298400, 0x044a320a, 0x0867550a, 0x53879520, 0x00610123, 0x255386a5, 0x082d2309, 0x5f555013, 0x4a342005, 0x0221095b, 0x087f49fc, 
    0x85486121, 0x360f2353, 0x29821c40, 0x82320f21, 0x346108aa, 0x0a000200, 0xdb0223ff, 0x2c00b502, 0x98003700, 0x03234d40, 0x1d394009, 0x0b0c0d33, 
    0x180a2e0a, 0x4c0a2d0a, 0x1d14181d, 0x1d802a18, 0x2e2d1d01, 0x0e32302f, 0x1711100f, 0x4c112d11, 0x12141712, 0x12202d17, 0x48333238, 0x180d0d0e, 
    0x2a26291d, 0x2d081d00, 0x1702182d, 0x11081202, 0x00080a08, 0x2a00833f, 0xd43f2f33, 0x1132c532, 0x652f3912, 0x1a240507, 0x1887cd19, 0x2006be53, 
    0x05bf53c4, 0x1901c426, 0x325ddd10, 0x87221686, 0x1783c40e, 0x10180138, 0xd5dd1ac6, 0x053031c5, 0x34352622, 0x013e3736, 0x012e2337, 0x5b182127, 
    0x0a820a81, 0x67010e21, 0x3734057b, 0x01010e17, 0x3307030e, 0x7802032e, 0x0f123a43, 0x300d1b0c, 0x3a081d55, 0x41434627, 0x41229523, 0x0b284643, 
    0x0f0d0b17, 0x1909110d, 0x38140c11, 0x1805d6fe, 0x2808a55b, 0x152932dd, 0x190f1328, 0x051f550a, 0xbe703c08, 0x474897a8, 0x72c0a795, 0x0d0b1608, 
    0x0e0b0b17, 0x08640503, 0x0ff50208, 0x2d524434, 0x3444522d, 0x23000200, 0xea0123ff, 0x0e001c02, 0x70004900, 0x1b284240, 0x14212122, 0x18032d3d, 
    0x08070649, 0x4b0f4b2e, 0x08024b1f, 0x30452044, 0x03454045, 0x35510c45, 0x07044a7b, 0x013a303d, 0x300f3a3a, 0x30031e25, 0x55000100, 0x0b30152d, 
    0x45554144, 0x08084918, 0x5ded3326, 0x11cddc32, 0x130c4918, 0x11c0322c, 0xde332f33, 0x253031cd, 0x49183632, 0x07201213, 0x200b1141, 0x053a4123, 
    0x6e373621, 0x35200d2c, 0x1808cc4a, 0x22112b49, 0x4111240a, 0x1729091f, 0x0f123a43, 0x2a111712, 0x14ba4a14, 0x49186820, 0x0822123f, 0x2d41111f, 
    0x29322809, 0x17132815, 0x4a010213, 0x491809ae, 0xff2d0953, 0xff3200ff, 0x037402f2, 0x002602bf, 0x051f4426, 0x4e040121, 0x3f2d06d3, 0x21022426, 
    0x25070150, 0x342b2b4f, 0x06bf4900, 0x03d60127, 0x0026021f, 0x212b8546, 0x4b44ae00, 0x203b2806, 0x5016001e, 0x511f0401, 0x74220c7f, 0x5788b403, 
    0xc3006922, 0x2205d751, 0x95283601, 0x860e2057, 0x00062b57, 0x00006469, 0x010b4010, 0x558a2228, 0x9420ab88, 0x01235387, 0x860d0162, 0x263522ab, 
    0x20ab842c, 0x21ab8d24, 0x5386f402, 0x62010724, 0xab86b100, 0x26202a22, 0x1e20ab84, 0xb620ab8e, 0x5f245788, 0xa100bf00, 0x35228184, 0x57842824, 
    0x230c674a, 0x1503d601, 0x06225786, 0xab865f01, 0x221e2b22, 0x23205584, 0x2506b347, 0x02f7ff50, 0x538303af, 0x00002728, 0x5f010701, 0x53829900, 
    0x00b9132e, 0x40e3ff02, 0x15221e09, 0x1802500d, 0x8b4e2c84, 0xff2d2a05, 0x03d502f3, 0x00260008, 0x29108247, 0x02cf0107, 0xff000033, 0x6b5400ff, 
    0x06022306, 0x1782ab00, 0x83000221, 0x82542027, 0x1c400827, 0x61002800, 0x17193b40, 0x1c51221b, 0x08400301, 0x7a03480b, 0x802a302a, 0x2a0f022a, 
    0x1d022a1f, 0x297b0e53, 0x23061c1b, 0x01135726, 0x1901198f, 0x00161802, 0x02131013, 0x22001308, 0x09045720, 0x2c06c045, 0xde335d5e, 0x325dcd32, 
    0x3f32ed10, 0x07836b33, 0xc0cd2b2d, 0xcdd0c0fd, 0x33013031, 0x6d112315, 0x3e4c0594, 0x23353607, 0x37353335, 0x33161401, 0x2e113732, 0x06222301, 
    0x3e3e1602, 0xbd491814, 0x8f2d080e, 0xaffe958f, 0x19283c3f, 0x36172d0e, 0x5db10234, 0x0b06bdfd, 0x46260508, 0x633d3c62, 0x0b0c2747, 0x183f5d60, 
    0x533ffcfd, 0x09010105, 0x54f2830c, 0x3b220693, 0x47566e03, 0x008a2e08, 0x00990080, 0x0100b913, 0x0940f7ff, 0x10d7560c, 0xf2ff2d26, 0xd5021b02, 
    0x2a08c74b, 0x0000688a, 0x020b4010, 0x4c292800, 0x5788094a, 0x57879520, 0x00610123, 0x27578773, 0x100940fb, 0x500a001a, 0x21059a56, 0xc3490034, 
    0x021b2208, 0x235787fc, 0x00576101, 0x2c215785, 0x20578436, 0x07e34128, 0x02000025, 0x8894033b, 0x00622257, 0x0b5757c8, 0x57951420, 0x5786f420, 
    0x62010724, 0x7082a800, 0x0226df82, 0x0940ffff, 0x5c89302a, 0x37081682, 0x50000100, 0x4f0223ff, 0x2400b502, 0x1e403b00, 0x03031b22, 0x150c1109, 
    0x44130e26, 0x0f25060a, 0x0a121248, 0x020b480e, 0x4813001e, 0x3f00080a, 0x3fcdd4ed, 0x2f3912ed, 0x27058e47, 0xc4c4de10, 0xcd2f32cd, 0x07d45f18, 
    0x3e373625, 0x18213701, 0x450a9d5e, 0xec200fb8, 0x2106b145, 0x5e188cfe, 0x0a2109b6, 0x0aa84518, 0x26089c45, 0x8883b502, 0x4583a780, 0xaf830c93, 
    0x2d000222, 0x5108af82, 0x001c021b, 0x003c0031, 0x0640406a, 0x46080116, 0x020c560c, 0x2f2e2803, 0xa722212f, 0x53320132, 0x1701172f, 0x3e0f3e7b, 
    0x013ca801, 0x0f531b3c, 0x2f3c3d7b, 0x021a3f1a, 0x3f0a1a1a, 0x57370137, 0x2b000114, 0x22571e21, 0x000b0a09, 0xed33333f, 0xd682dc32, 0xd7825d20, 
    0x01cd5d26, 0x32edfe10, 0x2c05226e, 0x3232c45d, 0xcddc332f, 0x5e5d3031, 0x0a9d465d, 0xdd632220, 0x0f236e05, 0x92450120, 0x5003200c, 0x9220072e, 
    0x0827f383, 0x47160912, 0x18214569, 0x2210c14b, 0x4510290f, 0x1e200986, 0x41091250, 0x0b260508, 0x492a0811, 0x4b183a64, 0x0a210dcf, 0x0a794521, 
    0x4f190221, 0x834208fd, 0x42b62008, 0x5f22082b, 0x0f447500, 0xff012c05, 0x0c0940f9, 0x500a0010, 0x4c110101, 0x1b220d73, 0x83421503, 0x625f2108, 
    0x27058342, 0x002c2807, 0x04025007, 0x26071b4c, 0x02f3ff32, 0x82b4037d, 0x002a2827, 0x00070100, 0x45c20069, 0x30270667, 0x0d152428, 0x451a0150, 
    0x44240bbf, 0x0e030c02, 0x4a202b82, 0x06232b82, 0x85766900, 0x2c1f2853, 0x500c1e28, 0x42292302, 0x538506d7, 0x53879520, 0x00610123, 0x05e748b8, 
    0x282d0123, 0x45538432, 0x53820b67, 0x87fc0221, 0x61012253, 0x22538570, 0x84362c20, 0x072b4353, 0x94205385, 0xbb455388, 0x26302209, 0x2053942c, 
    0x255386f4, 0x00620107, 0x558500b7, 0x302a1522, 0x002b5589, 0x00ffff00, 0x0224ff32, 0x88c5027d, 0x01d02257, 0x252b8205, 0x1c01b60a, 0x56822730, 
    0x82342b21, 0xff2d2123, 0x0321a382, 0x224f8819, 0x86d000d1, 0x2a30224f, 0x264f8e2d, 0x02000050, 0x82b4038e, 0x002b212b, 0x20054f41, 0x0a4756a8, 
    0x070c1026, 0x00015001, 0x200a2b5b, 0x222f8244, 0x82c2030c, 0x824b202f, 0x0206242f, 0x440013bb, 0xae2a05b1, 0x161a0940, 0x01500a00, 0xd5411702, 
    0x02310805, 0x00000a00, 0xb502ea02, 0x17001300, 0x2d405500, 0x440d0617, 0x0c0f0709, 0x780c0801, 0x10031619, 0x11021344, 0x48161878, 0x120b150f, 
    0x01040801, 0x2a01820f, 0x0c081102, 0x02020708, 0x823f0002, 0x07964f00, 0x32cd102b, 0x01ed1032, 0xce32f610, 0x240982ed, 0x325d5ef6, 0x660882cc, 
    0x212a0640, 0x33153335, 0x23112315, 0x03822111, 0x0129233a, 0x510a2115, 0x9c06019c, 0xfe9c5151, 0x01519cfa, 0x01fafef3, 0x51640206, 0x6e2d0082, 
    0x1c010afe, 0xf601e4fe, 0x00010054, 0x2b9f8212, 0x00080316, 0x4057001d, 0x0f511235, 0x08065a5e, 0x801f7a38, 0x021fd01f, 0x1f1f1f0f, 0x05080802, 
    0x1d511a03, 0x1e7a1b02, 0x0107701c, 0x04040107, 0x110a1b03, 0x0b57160a, 0x06030201, 0x3f333f00, 0x123f3fed, 0xcd332f39, 0xa084325d, 0xcc32fd23, 
    0x6b511833, 0x33132308, 0x9b833735, 0x11284d18, 0x2311232a, 0x8f953e12, 0x162f0f8f, 0x092e4d18, 0x3e952808, 0x183fb102, 0x05575d57, 0x58402309, 
    0x01e6fe36, 0x073c4808, 0x027ffe04, 0xffff0054, 0x0000e7ff, 0x98035901, 0x5b002602, 0x752705bb, 0xa300e3ff, 0x82401000, 0x0412268a, 0x01500100, 
    0x06504300, 0xd9202b82, 0x4b242b82, 0x2602f502, 0x22064751, 0x8400d575, 0x12012129, 0x84056f51, 0x20278229, 0x222782ff, 0x886e0341, 0xff8a2253, 
    0x06fb42e4, 0x05040222, 0x820b945c, 0x82f1202b, 0x0233222b, 0x215388d5, 0x5386d68a, 0x14520420, 0xffff230a, 0x27820800, 0x95034c22, 0x01235387, 
    0x86ddff61, 0x080c2253, 0x20538412, 0x05224204, 0xf0205382, 0x34222b82, 0x5387fc02, 0xc5610122, 0x08245386, 0x50000112, 0x0805e751, 0x0100343c, 
    0x23ff2000, 0xb5020001, 0x2b001c00, 0x0f0e1540, 0x1515080f, 0x02781e00, 0x1d780044, 0x1c02120b, 0x00020008, 0xd4333f3f, 0xf61001cd, 0x3311e6fd, 
    0x1132cd2f, 0x13303133, 0xf8451133, 0x069f4a0e, 0x37013e25, 0x459c5023, 0x17200cf0, 0x24061146, 0xfdb50225, 0x0ced454b, 0xa64b3220, 0x82002006, 
    0xff0f2664, 0x02ef0023, 0x3f8782fe, 0x40340028, 0x1d7a2a1a, 0x190a510d, 0x03131a1a, 0x7a0a2303, 0x07262029, 0x0016000b, 0x000a0a0d, 0x3f218d83, 
    0x2290823f, 0x843232e6, 0xf410268e, 0x3031e632, 0x095b4c17, 0x9d901120, 0x200be072, 0x218f868c, 0xa68c951e, 0x24354624, 0x03833524, 0x2209a046, 
    0x8cf2fd0e, 0x830325af, 0x292f2f29, 0xff290382, 0x004e00ff, 0x03ec0000, 0x088b4194, 0x22006222, 0x2407b347, 0x060940ff, 0x0b8e410c, 0x01000024, 
    0x2f824600, 0x0e02db26, 0x20000300, 0x0a336418, 0x51037a3b, 0x03047a02, 0x000a0000, 0x10013f3f, 0x2beefdfe, 0x23333031, 0x95db3311, 0x822c8295, 
    0x82372067, 0x02e93637, 0x000602fe, 0xff00004c, 0xff5000ff, 0x020303f2, 0x002600b5, 0x2419822c, 0x012d0007, 0x26178438, 0x0247ff37, 0x82fe0208, 
    0x25278217, 0x4d000700, 0x17841f01, 0xf2ff0a2a, 0xb4031602, 0x2d002602, 0x20068744, 0x06d745b4, 0x12168f28, 0x01500008, 0x33421310, 0xffb82a08, 
    0x032c0147, 0x0126020e, 0x232b825d, 0xca690006, 0x27053342, 0x03101446, 0x0b01500c, 0x8206db42, 0x02242483, 0x82b502a2, 0x822e2053, 0x01072427, 
    0x82de00d0, 0xb90d2d8b, 0xd4ff0100, 0x071821b4, 0x342b5014, 0x4626ab83, 0x390224ff, 0x27820803, 0x27864e20, 0x2787a320, 0x25b4d225, 0x860e161c, 
    0x00502927, 0x03550300, 0x00260008, 0xbb824f82, 0x71026e22, 0x59082782, 0x00460001, 0x023c0200, 0x001a000e, 0x136740be, 0x0b111614, 0x02111b11, 
    0x0f01161b, 0x16110116, 0x100b5916, 0x0b0d0e14, 0x0a080710, 0x040b060b, 0x05000103, 0x00010014, 0x050b0100, 0x0002051b, 0x06590505, 0x0606140b, 
    0x010b3b0b, 0x06170b0b, 0x401c1c10, 0x16480b08, 0x02821a00, 0x51171a29, 0x041b7a18, 0x8208010b, 0x001a2d1a, 0x0a110a17, 0x00060a10, 0x3f000005, 
    0x123b0084, 0x5e2f1939, 0x1018015d, 0x0032edfe, 0x10393911, 0xc405037d, 0x10182bc4, 0x8211c6d6, 0x875d301a, 0x042b1018, 0x01c4107d, 0x5d5d005d, 
    0x18c40e87, 0x8307a15d, 0x1804230a, 0x1a82052b, 0x01201882, 0x31281a84, 0x033e1330, 0x030e3337, 0x0ad74f18, 0xdb333108, 0x282c2f16, 0x3816b10f, 
    0x1e16383c, 0x12333c41, 0x302a10ab, 0x95951933, 0x35184901, 0x1b133035, 0x163d4040, 0x4d4d481d, 0x3c3d1a21, 0x02e01538, 0x2a06fb56, 0x0200004a, 
    0x02bf031f, 0x822f0026, 0x000724e9, 0x4230008f, 0x872a0777, 0x06080940, 0x01500002, 0xff470703, 0xff322609, 0x032d01f6, 0x202f82c2, 0x232f824f, 
    0x0aba0206, 0x2a065746, 0x100940f5, 0x500d040e, 0x840f0701, 0xffff292d, 0x24ff5000, 0xb5021f02, 0x01235b87, 0x41be00d0, 0xf52307af, 0x820912b4, 
    0x05d7415a, 0x24ff3022, 0x08205382, 0x012d5387, 0x000022d0, 0x0100b90d, 0x1ab4d7ff, 0x82528211, 0x00002125, 0x2206ab48, 0x88b7021f, 0x01cf294f, 
    0x00afff29, 0x5601b60a, 0x2b21a784, 0x20238234, 0x259f8246, 0x0008039a, 0x9f820026, 0x01070025, 0x8af800cf, 0x258b883b, 0x3b011100, 0x3b834401, 
    0x830b7e21, 0x203b88e3, 0x823b89ed, 0x01152423, 0x8201004d, 0x002d08b3, 0xb5023e02, 0x3a000d00, 0x05062040, 0x000f0a08, 0x040e0d0d, 0x0b014408, 
    0x04050e78, 0x00070106, 0x02080d0c, 0x080b4808, 0x3f000202, 0x067e5c3f, 0xed323208, 0x11391232, 0x11c61033, 0x30313939, 0x33113711, 0x07173715, 
    0x21152115, 0x9c6f0735, 0x01ab317a, 0x3e31fe33, 0x01384401, 0x653eeb39, 0xfe86c657, 0x226a831f, 0x82f6ff01, 0x826a20c3, 0x00152e87, 0x171b4030, 
    0x07040d0e, 0x7a140151, 0x27698516, 0x03081514, 0x0b0e550d, 0x2f07d546, 0x01391711, 0xfd32f610, 0xc632d632, 0x37033031, 0x37206782, 0x31086582, 
    0x17021e14, 0x3d032e07, 0x6b0a0701, 0x742d4795, 0x1b201106, 0x2f514115, 0x89013e11, 0x18320135, 0x5c2400ff, 0x2014cb3a, 0x7b020e16, 0x432f1a01, 
    0xdf439f2a, 0x00503205, 0x03a40200, 0x002602bf, 0x01000031, 0x008f0007, 0x06cb4ef5, 0x61120921, 0xbb46057f, 0x46002108, 0x0c222b82, 0x2b821f03, 
    0x2b865120, 0xc0829820, 0x00b9132f, 0x40feff01, 0x00141609, 0x02015007, 0x093b4215, 0x24ff5026, 0xb502a402, 0x01235b87, 0x82f800d0, 0x830d202f, 
    0xb4ed242f, 0x4305131c, 0x462007bf, 0x0c222782, 0x57871a02, 0x99202782, 0xdf232787, 0x821720b4, 0x05374256, 0xb620ab85, 0x5f224f88, 0xbb4aa500, 
    0x40f42407, 0x82141009, 0x06012150, 0xaf857f8a, 0x57861520, 0x5f010623, 0x06bb425b, 0x0940fb24, 0xad841814, 0x3b05b85f, 0x0200ffff, 0x2a030000, 
    0x27000803, 0x86003100, 0x06000000, 0x00c25e01, 0xedffffff, 0x1783f382, 0x51002623, 0x2015841e, 0x251c82ad, 0x50000100, 0xdb8345ff, 0x001c002a, 
    0x16364056, 0x440d0015, 0x3305ad5e, 0x1e001e78, 0x1e201e10, 0x1ed01e50, 0x44040705, 0x0e1d7806, 0x0cf76618, 0x16121533, 0x010c7419, 0x0008040c, 
    0xde5d333f, 0x3f32cd32, 0x3e08823f, 0x10013f3f, 0x5d32edfe, 0xfd2bfe10, 0x3132cc32, 0x012e2530, 0x11231127, 0x17031e33, 0x6c113311, 0x35250b9b, 
    0x913f0902, 0x0a67184f, 0x675e2f07, 0x1418310e, 0x2013130f, 0xd16d2a18, 0x6718fe5e, 0x5c290a16, 0x08056468, 0x2a030579, 0xe37e1828, 0x022c0808, 
    0x001a020c, 0x4035001e, 0x1e07181f, 0x08401251, 0x7a12480b, 0x1f200f20, 0x07080220, 0x1f7a0851, 0x010c5703, 0x0a07151c, 0xcdd43f00, 0x2a055255, 
    0xf6105d5e, 0x3911ed2b, 0x52013031, 0x9582052c, 0x8b06285d, 0x01353996, 0x10342677, 0x26950e24, 0x59434278, 0x67541634, 0x12162d0d, 0x370d150b, 
    0x09555318, 0x23130b39, 0xfe365840, 0x045c60da, 0x04036b08, 0x00ffff47, 0x02f2ff32, 0x636e03e4, 0x8a22081f, 0x9348cf00, 0x00022205, 0x0cd06328, 
    0x2d202b82, 0x32222b82, 0x2b82d502, 0x0000522f, 0x8a000601, 0x10000073, 0x00020b40, 0x0a2a5920, 0x95205388, 0x01235387, 0x87be0061, 0x362c2753, 
    0x0250141d, 0x73512822, 0x20538508, 0x215387fc, 0xdf4c6101, 0x24002506, 0x5000092e, 0x2005ce58, 0x20538834, 0x2d5388c1, 0x00c10065, 0x401700a2, 
    0x29020310, 0x54822c2a, 0x2d220326, 0x2922024f, 0x590ba761, 0x06240daf, 0x005e6501, 0x22223185, 0x5c822422, 0x250e0325, 0x560e024f, 0x50260a2b, 
    0x87020000, 0x6382bf03, 0x5f433520, 0x45be2006, 0x022b059b, 0x0940e1ff, 0x0b142325, 0x4c000250, 0x002006f2, 0x46209382, 0x9c222582, 0x2f821f03, 
    0x09825520, 0x8f000632, 0x1000006b, 0x08010b40, 0x11081214, 0x130b0150, 0x24080352, 0x02870224, 0x235787bd, 0xd400d001, 0x27055f43, 0xb4d7ff02, 
    0x0b12242d, 0x26064747, 0x0124ff0e, 0x8719029c, 0x2027824f, 0x05974500, 0x1eb47e23, 0x45518215, 0x87220b97, 0x4f88b603, 0x77005f22, 0x26058743, 
    0x40d5ff02, 0x82252109, 0x00022250, 0x09074426, 0x1520a785, 0x5f215788, 0x22a7852e, 0x84161206, 0x861720a7, 0xff2524a7, 0x841e02f2, 0x863620ff, 
    0x44af20ff, 0x1c27068b, 0x252e3234, 0x60130150, 0x937e09db, 0x20fb8305, 0x20fb8556, 0x2853857d, 0x272b2d1a, 0x0d015020, 0x20538c2c, 0x857b82b4, 
    0x00692253, 0x06bf4869, 0x85360d21, 0x09ab6553, 0x0e205385, 0x53852b82, 0x853b6921, 0x2f0f2153, 0x002f538a, 0xff250001, 0x021e0223, 0x004800c5, 
    0x183d406a, 0x28089367, 0x2e343526, 0x1f073b3b, 0x9a671807, 0x1c4a2808, 0x45460d44, 0x18383149, 0x28099c67, 0x00460146, 0x4229454a, 0x9d671809, 
    0xed33340c, 0x39115d32, 0xdc5d5d39, 0xde1001cd, 0x10edd632, 0x82ed2bde, 0x33112610, 0x32cccd2f, 0xa7671810, 0x06072226, 0x17745f07, 0x37270124, 
    0x6718011e, 0x662320bf, 0x5f050966, 0x0c241280, 0x19614e06, 0x24d46718, 0x0d675424, 0x496a0e10, 0x0b30080f, 0x22040e1d, 0x1b117c0e, 0x01000000, 
    0x23ff2700, 0x1c02bc01, 0xa2004400, 0x0c175b40, 0x11111201, 0x2a313021, 0x64053737, 0x1e12011e, 0x011e0001, 0x08725418, 0x1b695418, 0x460f4639, 
    0x4202464f, 0x51174141, 0x30457b0b, 0x1a34312d, 0x00421505, 0x183e2441, 0x290c6e54, 0x1132cd33, 0x32dc3939, 0x541832cd, 0x18242673, 0x32cecd2f, 
    0x267a5418, 0xa96b0720, 0x3727231b, 0x5418011e, 0x52231a94, 0x6b07054c, 0x0c2413ac, 0x104a3806, 0x1fac5418, 0x0b4d4125, 0x41061108, 0x57081368, 
    0x0f790714, 0x01000011, 0x23ff1400, 0xb5025202, 0x3f002200, 0x11102140, 0x1f17170a, 0x03002403, 0x40221f44, 0x22480b08, 0x110d1023, 0x081f1b14, 
    0x02210803, 0x00020048, 0x3fc0fd3f, 0x32dede3f, 0x100132cd, 0xf4dc2bd6, 0x1211c6dc, 0xcecd2f39, 0x01303132, 0x23112315, 0x1c82e999, 0x52023527, 
    0x0a0520d1, 0x113b4203, 0x0710052c, 0xb502d119, 0x0bd0fd85, 0xaf8f0815, 0x0f260e25, 0x82853002, 0x413108ab, 0x9e0123ff, 0x2d00a902, 0x2d405400, 
    0x08012b0a, 0x21141b1a, 0x0d040021, 0x2f100c0c, 0x2f022f20, 0x51060204, 0x1a2e7a00, 0x251e1b17, 0x2857090c, 0x7c55180d, 0xed33230e, 0xbb85dd32, 
    0x5518fe20, 0xbe880782, 0x55185e20, 0x0f211089, 0x17264301, 0x18350321, 0x2309a055, 0x0d1d2f14, 0x0435d091, 0x3c2d070d, 0x91020f23, 0xb97c9b18, 
    0x0809382f, 0x030d0874, 0x27d98f1f, 0x070e210c, 0x2d4c3a25, 0x2805f772, 0xb6035202, 0x37002602, 0x057f5700, 0xd3576a20, 0x08002406, 0x5100060c, 
    0x535d09c4, 0x9e012305, 0x2b820803, 0x2b845720, 0x00d25008, 0x000000f4, 0x5e01b60a, 0x0d001618, 0x00342b50, 0x00140001, 0x02520200, 0x000f00b5, 
    0x1116402e, 0x44020601, 0x100e0d09, 0x09060c03, 0x0e010809, 0x08020f48, 0x3f3f0008, 0x391132ed, 0x32cd332f, 0xddd61001, 0xdd32fd32, 0x013031c6, 
    0x51152315, 0x233a058d, 0x23353335, 0xd1520235, 0x8d9c8d8d, 0xb502d18d, 0xfe6eb785, 0x6e0b01f5, 0x6e8285b7, 0x41386382, 0x9e01f4ff, 0x1900a902, 
    0x1b403700, 0x0609031b, 0x7a005102, 0x1107101a, 0x05316482, 0x14110d10, 0x0055050b, 0x00000201, 0xed32cd3f, 0x8266823f, 0x01cd286c, 0x1033332f, 
    0x8432fdf6, 0x5113206c, 0x5718055d, 0xb2211500, 0x025718b2, 0x5d512411, 0x18382f0b, 0x2a080457, 0x4600ffff, 0x7d02f2ff, 0x69029803, 0x752207a3, 
    0x5351a700, 0x69262007, 0x4f540544, 0x23af8209, 0xf5020702, 0x582f2b82, 0x06010000, 0x00687500, 0x0b401000, 0x5e220101, 0x212005b3, 0x85060b46, 
    0x886e2053, 0x008a2153, 0x2206375d, 0x69180001, 0xdf5e0cf4, 0x88d52008, 0x6a8a2153, 0x02225385, 0x5e5f1514, 0x20a78809, 0x23538795, 0x94006101, 
    0x26056b48, 0x261c0001, 0x69501204, 0x342205ba, 0x53880000, 0x5387fc20, 0x5a610122, 0x03225385, 0x53842218, 0xa78c1420, 0x5388b520, 0xbf00632b, 
    0x0c008700, 0x000102b7, 0x21fb8321, 0x4f8a342b, 0x862e0321, 0x0107264f, 0x00850063, 0x21278400, 0xf9831d03, 0xf7852787, 0x4f88c120, 0x97006522, 
    0x2405bb48, 0x1a290102, 0x26a4821c, 0x4f1d0602, 0x48190601, 0x41250bbb, 0x1302f4ff, 0x07636003, 0x6501062d, 0x17000053, 0x01021040, 0x82181622, 
    0x090226ac, 0x09014f19, 0x34318715, 0xff460001, 0x027d0223, 0x002f00b5, 0x2430404e, 0x111e2b25, 0x055d4a44, 0x31782808, 0x314f313f, 0x31bf31af, 
    0x01312004, 0x78064407, 0x11021230, 0x06020702, 0x24282502, 0x4a0d1621, 0x3f000900, 0x4bdc33ed, 0x3f200509, 0x2d06fb59, 0xd4fd2bfe, 0x3132cccd, 
    0x032e0530, 0x6d181135, 0x06230c88, 0x57030e07, 0x3b520c48, 0x01363406, 0x43684859, 0x21139c20, 0x47391c2f, 0x0e3f369c, 0x58121315, 0x172b0a39, 
    0x0f123a43, 0x2a010e11, 0x183c6449, 0x260db46d, 0x0826784f, 0x5d110f0f, 0x3b080adc, 0x28152932, 0x01001613, 0x26ff4100, 0x0e020902, 0x42002c00, 
    0x232a2640, 0x13030309, 0x401c511b, 0x1c480b08, 0x2e0f2e7a, 0x08022e1f, 0x7a125113, 0x12001b2d, 0x1d002600, 0x0b0c5717, 0xd422cd83, 0xc9823fcd, 
    0x4bedf621, 0x2f21073c, 0x0d025933, 0x59180e20, 0x1053109e, 0xa601210f, 0x0826ae83, 0x26100913, 0x5e184311, 0x945d0916, 0x84da200c, 0x130b24a6, 
    0x18010208, 0x210dca59, 0x7c5d04fe, 0x0587440c, 0x03a0033e, 0x002602aa, 0x0100003a, 0x01690007, 0x009c0014, 0x010b4010, 0x19252900, 0x0a01500b, 
    0x6006b049, 0x0323055f, 0x820e0306, 0x855a202b, 0xc100212b, 0x2907e74d, 0x2d0940ff, 0x50200929, 0x1f670901, 0x0005260a, 0x03900200, 0x202f82b4, 
    0x222f863c, 0x85a60085, 0x6c15205b, 0x5b820c8f, 0x47ff0524, 0x5b841902, 0x2b825c20, 0x69000623, 0x0503434b, 0x62250221, 0x27820a05, 0x53822320, 
    0xbf034422, 0x3d205382, 0x8f225384, 0x0b4ab600, 0x14112406, 0x52060812, 0x00200b77, 0x0f5e2b82, 0x865d2006, 0x8280202b, 0x821020af, 0x931220db, 
    0x4402232b, 0x57879403, 0x84620121, 0xb9132157, 0x2105c34e, 0x5a841a14, 0x85073e6d, 0xd6012387, 0x2f82f402, 0x06235b83, 0x4e7f6201, 0xfe220643, 
    0x2d8c0940, 0xb620b388, 0x5f225b88, 0xeb456f00, 0x12042206, 0x20588416, 0x08774c17, 0x1520b385, 0x5f215788, 0x05074139, 0x298c0520, 0x46000122, 
    0x2c08d182, 0x000803ad, 0x40260011, 0x13030415, 0x0d1f0d0f, 0x08030d2f, 0x12780e0d, 0x57070a0e, 0x3f000600, 0x10013fed, 0x5d5eddf6, 0x3132c4c6, 
    0x72651830, 0x1115230a, 0x65181123, 0x65180e6e, 0xfd320c6c, 0x662a02d8, 0x00000078, 0x2500ffff, 0x1e0224ff, 0x8f82c502, 0x71823620, 0xd0010724, 
    0x18829700, 0x00b90d2a, 0xb4e4ff01, 0x252e373e, 0x2606234c, 0x0124ff27, 0x4b1c02bc, 0x01230723, 0x4c0065d0, 0xe2250523, 0x272e37b4, 0x84258320, 
    0x8214204f, 0x0252224f, 0x08f746b5, 0xa000d022, 0xdc254f87, 0x060b14b4, 0x204f8600, 0x224f8241, 0x46a9029e, 0x062306f3, 0x866ed001, 0xb4ed234f, 
    0xf4461922, 0x08378205, 0xb8ff0128, 0xdb0047ff, 0x0f000e02, 0x00b93500, 0x40c0ff11, 0x480b081b, 0x510c7911, 0x1f030f40, 0x03080203, 0x10790b80, 
    0x64180f0c, 0x012a0b29, 0xcc1afe10, 0xfd1a5d5e, 0x53182bee, 0x33210d73, 0x62531811, 0x6695220b, 0x0f6418b9, 0x086e820c, 0x00010045, 0x001c0240, 
    0x000803e5, 0xb511000d, 0x070e0a03, 0x2f000006, 0x100132cd, 0x3031cddc, 0x07011c13, 0x2707010e, 0x3435013e, 0x01e52726, 0x611d2204, 0x02011115, 
    0x120d0803, 0x2c573e0c, 0x2b4c2d1b, 0x8208190c, 0x00012848, 0x014a022d, 0x18150365, 0x260b7752, 0x05020103, 0x82dd2f00, 0x3311254d, 0xcd1a2f19, 
    0x37335183, 0x07173717, 0x6464372d, 0xd3029d39, 0x424d4d42, 0x18ffff89, 0x2307ab40, 0x8a000602, 0x2b3a4b84, 0x6f015602, 0x1300fc02, 0x0f402000, 
    0x07060d0e, 0x0d071407, 0x0f0c400a, 0x9d820a48, 0xce2bdd29, 0x33110132, 0x83decd2f, 0x22570850, 0x013d022e, 0x33011e33, 0x33373632, 0x020e1415, 
    0x2b3b23cd, 0x22036519, 0x03221818, 0x3c2b1965, 0x28165602, 0x2a08253b, 0x082a1d1d, 0x16283b25, 0x2c000100, 0xca005802, 0x0b00f402, 0x0e401e00, 
    0x09010970, 0x400c0380, 0x06010670, 0x2f000080, 0x015dcd1a, 0x82de101a, 0xc3441806, 0x207b240d, 0x82202f2f, 0x58022503, 0x2a24242a, 0xab820383, 
    0x4b820220, 0x18014824, 0xab822e03, 0x001f3608, 0x002b4042, 0x01140f70, 0x01147f3e, 0x1a700a14, 0xbf0faf20, 0x0fbf020f, 0x0f020fcf, 0x17d01720, 
    0x05a01702, 0xb00205b0, 0x0205c005, 0x2f001d05, 0xde715dcd, 0x28048271, 0xeddc1001, 0x5d5e72de, 0x1eca7ced, 0x21131829, 0x2a17182b, 0x78131321, 
    0x492006f3, 0x2107e078, 0xd478bb02, 0x78078707, 0x013709c8, 0x23ff3300, 0x0f001301, 0x1a001900, 0x17160a40, 0x100a0309, 0x82130a1a, 0x2fcd21eb, 
    0x32257a82, 0x32cc32cd, 0x0a175831, 0xb2583320, 0x43b0280e, 0x110f123a, 0x45751126, 0xdd280c93, 0x28152a31, 0x0c201513, 0x080c8145, 0x00000045, 
    0x02270002, 0x03c00141, 0x0003001f, 0x40390007, 0x04200716, 0x40020106, 0x20050003, 0x40000406, 0x06800307, 0x00010502, 0x32cd332f, 0x1a32dd1a, 
    0x2f0132cd, 0x18cd191a, 0x1ac519d6, 0xc519dd18, 0x82dd1018, 0x3031260e, 0x37270713, 0x25038205, 0x78438cf6, 0x04822101, 0x98d90225, 0x8246ab33, 
    0x45002003, 0xbd2008e7, 0x3508e745, 0x004b0143, 0xb913009e, 0xfaff0100, 0x26280940, 0x01500b19, 0x0f7c270a, 0x0603230c, 0xeb451f03, 0x00432208, 
    0x84ab82ef, 0x40f02a2f, 0x092a2c09, 0x09015020, 0x252f892b, 0x03000014, 0x5f8903a0, 0x5f848f20, 0x0b401025, 0x46270001, 0x5b891547, 0x0d018f22, 
    0x21069745, 0x44462b13, 0x20b7880c, 0x24b78888, 0x00cf0083, 0x05714896, 0x39270022, 0x0226b582, 0x014f310a, 0xa348250a, 0x820a200b, 0x0206228b, 
    0x24bb86f2, 0x76830006, 0x06936c00, 0x0d40fa24, 0xba823e2c, 0x35090225, 0x5109014f, 0x3b730894, 0x00432212, 0x0afb73a7, 0x0d121427, 0x03015004, 
    0x68ef8913, 0x06240db7, 0x005d4300, 0x2a054d41, 0x240940d7, 0x50000b22, 0x85230001, 0xff013b2d, 0x01000056, 0x00b50243, 0x09000003, 0x01012301, 
    0x8a9dfe43, 0xb5026501, 0x14824bfd, 0x02003108, 0x26010f00, 0xc5025c01, 0x17000b00, 0x21403500, 0x0c400c30, 0x3f7f0c02, 0x02064f06, 0x195f1906, 
    0x4f02196f, 0x7f120112, 0x80151800, 0x03800f09, 0x2a08d27f, 0x105d5ded, 0x5ded5dde, 0x7e133031, 0x37200a83, 0x080afe7b, 0x50570f22, 0x4f57574f, 
    0x18e25750, 0x1b1b2222, 0x01182222, 0x6c6c63f6, 0x6c6c6463, 0x41413464, 0x41413534, 0x2c087f82, 0x012d0114, 0x00bd025b, 0x0011000c, 0x11284046, 
    0x4007300c, 0x7f070207, 0x040f0102, 0x3f02041f, 0x13040104, 0x136f135f, 0x12091002, 0x25c2820d, 0x07070411, 0x86820005, 0x39cd4f08, 0x32cd332f, 
    0x01391132, 0x5dcdd610, 0x715dd610, 0x5dedcd32, 0x30313232, 0x15331501, 0x35231523, 0x013e3523, 0x010e1737, 0x2d013307, 0xbb5e2e2e, 0x0535572a, 
    0x52122917, 0x53e7bd02, 0x47485656, 0x1a6f3873, 0x0100233b, 0x26011a00, 0x83824601, 0x4100242d, 0x301b2440, 0x02104010, 0x823f7f10, 0x5f263618, 
    0x02266f26, 0x1a1d0815, 0x0e152508, 0x1c0e2020, 0x05800e1b, 0x277d821b, 0xcd10eddc, 0x122f3911, 0xd6237d83, 0x413912cd, 0xc420050c, 0x2c09e469, 
    0x33031e37, 0x2e343532, 0x033e2302, 0x828f8237, 0x1e430886, 0x11460103, 0x232e4028, 0x0a17184a, 0x131c1714, 0x3c281540, 0x06070328, 0x99ed0204, 
    0x31020201, 0x01122842, 0x24321dad, 0x590c0d14, 0x03060704, 0x09131128, 0x3f411a02, 0x0a5b1137, 0x12010b23, 0x82002e20, 0x00022200, 0x34af821f, 
    0x00be0250, 0x0023000a, 0x1e2e404b, 0x0108401e, 0x103f7f08, 0x3fb7824f, 0x6f255f25, 0x4f210225, 0x7f030103, 0x18801870, 0x180318e0, 0x0b0b0024, 
    0x1d801e05, 0x1d158005, 0xed20bb85, 0xcd27bb82, 0x5dd61001, 0x85325ded, 0x2f332cba, 0x22133031, 0x33060706, 0x18353632, 0x0810458c, 0x0e173373, 
    0x013e0701, 0x071b0cb3, 0x16193f06, 0x34250c1a, 0x24120f21, 0x4f4e2638, 0x40654725, 0x144e4705, 0xdf01200a, 0x1e590406, 0x49191913, 0x1a2c2012, 
    0x1726321b, 0x57375259, 0x0359213e, 0x07042223, 0x1e000100, 0x51012e01, 0x0c00bd02, 0x22403900, 0x40003003, 0x7f000200, 0x0c4f0c3f, 0x040c0c02, 
    0x0601063f, 0x6f0e5f0e, 0x0d04020e, 0x0c800407, 0x29a98205, 0x0132edcc, 0x105dc610, 0xaf825dce, 0xa382ab83, 0x013e4e08, 0x21352337, 0x07030e15, 
    0x2d380e5d, 0x143301b2, 0x061b2429, 0x90622e01, 0x1754603d, 0x305e5244, 0x03000000, 0x26011500, 0xc5025701, 0x2b001f00, 0x61003700, 0x2c403e40, 
    0x1a7f2c01, 0x29351d1a, 0x300a040d, 0x02264026, 0x003f7f26, 0x0882824f, 0x395f3922, 0x3f02396f, 0x02324f32, 0x10107f32, 0x2001204f, 0x35380a7f, 
    0x04290d1d, 0x15802f23, 0x15058023, 0x28073541, 0x10013917, 0x335dedd6, 0x07fe422f, 0x39171222, 0xf7410c83, 0x022e2407, 0x7d363435, 0x15280a12, 
    0x1e070614, 0x16140701, 0x21065541, 0x2143010e, 0x175f0808, 0x5701013e, 0x2c3d2712, 0x0d233e32, 0x181c1a24, 0x26392612, 0x0e233a2c, 0x1d25191f, 
    0x1f2018d9, 0x11222919, 0x1a166914, 0x2019161a, 0x9d011314, 0x121f2c1a, 0x11272216, 0x14112d23, 0x2a171e28, 0x20141320, 0x2f1b1326, 0x1f2e160e, 
    0x0f1a1b0e, 0x0b071c19, 0x1a0ca11d, 0x1e110c1a, 0x821a0b0a, 0x1e3708d8, 0x4f012d01, 0x0a00c502, 0x47002100, 0x401f2b40, 0x7f030103, 0x184f183f, 
    0x5f231802, 0x02236f23, 0x084f1c1c, 0x807f0801, 0x0210e010, 0x0b002210, 0x801c050b, 0x8380051b, 0xdced21ee, 0x210a2342, 0x24422f33, 0x31322705, 
    0x36321330, 0x23733637, 0x64172005, 0x23300c51, 0x37013e27, 0x0cbc010e, 0x3d06071b, 0x0b1a1819, 0x08092242, 0x058d8437, 0x0a114c4d, 0x060e0221, 
    0x131c5904, 0x134b1b19, 0x1a1a2d21, 0x5b172531, 0x597f6e50, 0x04232302, 0xffff0007, 0xfaff0f00, 0x99015c01, 0x6f011702, 0xd4fe0000, 0x2a138300, 
    0x01020026, 0x02910113, 0x88940017, 0x82102013, 0x83422013, 0x8d002127, 0x11201388, 0x40203b82, 0x07221382, 0x13888e00, 0x01001424, 0x3b835b01, 
    0x88700121, 0x821a2013, 0x84462027, 0x88712013, 0x821f2013, 0x01502213, 0x20778292, 0x20138872, 0x2063821e, 0x20278451, 0x20138873, 0x20278215, 
    0x209f8457, 0x24138874, 0x0101001e, 0x2013844f, 0x08138575, 0x00020051, 0x01f2ff1a, 0x000803fa, 0x0029001d, 0x1d1b4033, 0x2b142100, 0x08442917, 
    0x1e2a0c06, 0x0608170b, 0x241a0607, 0x481a100f, 0x3f001203, 0x11cd3fed, 0x10013917, 0xedc632d4, 0xcdd61032, 0x303132c6, 0x23010e25, 0x07272622, 
    0x37013e27, 0x75363435, 0x152507ff, 0x36323314, 0x05e14937, 0x22234908, 0x0115020e, 0x3c6226fa, 0x2d0a6055, 0x162d1830, 0x3d2a5869, 0x67731329, 
    0x15381c55, 0x184134be, 0x11170c1e, 0x27243d0b, 0x48205850, 0xf0122113, 0x331e838d, 0xa85b2644, 0x1b5e215b, 0x7438d712, 0x0e282731, 0x002c3b23, 
    0x2808af82, 0x03f3ff43, 0x00c40265, 0x00330021, 0x0b174030, 0x2053330c, 0x532e0235, 0x0b303416, 0x08000008, 0x08101b27, 0x3f001211, 0x27ab82cd, 
    0x39122f39, 0xd61001cd, 0xed2aac83, 0x30313939, 0x011d2213, 0xd4491714, 0x0b0e6906, 0x1d021e27, 0x27342701, 0x23cb822e, 0x010e0706, 0x333f2582, 
    0xdb353221, 0x7c300905, 0x30844f49, 0x52451a39, 0x9253305c, 0x6c3f3f6c, 0x93535392, 0x82943f6d, 0x48390819, 0x052f7e47, 0xf2010505, 0x04510104, 
    0x33090dc5, 0x20364138, 0x39142433, 0x4b4b8361, 0x39396283, 0x0a4b8362, 0x300b0ddf, 0x04303a36, 0x07c1070d, 0x00ffff07, 0x03faff14, 0xc7451843, 
    0x028e2412, 0x82d4fe03, 0x8410201f, 0x00c52c1f, 0x008d0026, 0x01270000, 0x8269016e, 0x00072107, 0x3f831f87, 0x3f8c5a20, 0x1f834d20, 0x86740121, 
    0x8217203f, 0x185a203f, 0x200c0746, 0x201f8c61, 0x241f841a, 0x012600bd, 0x83178271, 0x201f8d5f, 0x211f8812, 0x7f85f473, 0x3f8c3c20, 0x1f821420, 
    0x7f8c4920, 0x1f845720, 0xbf8a7120, 0x7f844920, 0x7520bf87, 0x9f831f8c, 0x46181f85, 0x632007a7, 0x5f881f8c, 0x86700121, 0x21a7839f, 0x5f870107, 
    0x53201f83, 0x5b207f8c, 0x72203f84, 0xdf837f86, 0xdf881f84, 0x1f877f85, 0x00001424, 0x3f8c5403, 0x3f844220, 0x3f867320, 0x1f841020, 0x200b7f41, 
    0x201f8c62, 0x871f8817, 0x8c5220bf, 0x885f881f, 0x8c5f20bf, 0x841a201f, 0x0b7f413f, 0x1f203f8d, 0xbe241f84, 0x72012600, 0x5420ff86, 0x5f833f8c, 
    0xbf8c5220, 0x2005ff41, 0x20bf8a75, 0x0c7f4152, 0x3f847020, 0x3f881f87, 0x6b209f88, 0x9f831f8c, 0x1f425f84, 0x203f870e, 0x859f8212, 0x071f421f, 
    0x3f8c3920, 0x1f841520, 0xbf82c520, 0xbf867420, 0x1f896e20, 0x02002f08, 0xf4ff2500, 0x07033202, 0x30002000, 0x19403100, 0x0c632e1e, 0x63260432, 
    0x212e3116, 0x1b1b1e67, 0x11672900, 0x07670012, 0xed3f0010, 0x5e7aed3f, 0x10012405, 0x8239edd6, 0x47322003, 0x272005f5, 0x18063c5d, 0x080c455b, 
    0x2e171665, 0x0e220301, 0x16141502, 0x023e3233, 0xfb012e37, 0x17233c1a, 0x58234f2d, 0x1d1a4373, 0x33537043, 0x25233f55, 0x223c6145, 0x53051a36, 
    0x1f34270c, 0x2428380e, 0x02112234, 0x8a023717, 0x11750e08, 0x8b6c420d, 0x738f464a, 0x583d2048, 0x4b6a4039, 0x500e0f2a, 0x1d00ff56, 0x3c1f3b2e, 
    0x5c422536, 0x820e1036, 0x0a5208bf, 0xab020000, 0x0b00b502, 0x72001400, 0x010610b3, 0xa8ffb806, 0x49083c40, 0x0e010c1b, 0x0c06010c, 0x0b4c0c0f, 
    0x060b1406, 0x010b0f16, 0x14050f0b, 0x004c140f, 0x05001405, 0x0f010f0f, 0x001f000f, 0x15000802, 0x080b480c, 0x0f0f0206, 0x48140205, 0xea830800, 
    0x2f193926, 0xed3f3f18, 0x5e21ea82, 0x568d185d, 0x18192009, 0x080ca56b, 0x315d2b3b, 0x033e3330, 0x031e3337, 0x012e2717, 0x07030e27, 0x4142230a, 
    0x25822643, 0x23414245, 0x19472bc8, 0x27231e0c, 0xa5b86e15, 0x9b50509a, 0x826db8a5, 0x1b35c87d, 0x3e71624e, 0x26008200, 0xff500001, 0x828a0293, 
    0x00073fbb, 0x0318402a, 0x08400061, 0x0900480b, 0x09200900, 0x07610402, 0x07650408, 0x00050210, 0x8784c02f, 0x105ded28, 0x31ed2bde, 0x7f680130, 
    0x8a023306, 0x9cfefe9c, 0xdefcb502, 0x62fd9e02, 0x01002203, 0x4f820f00, 0x4f820b20, 0x59001732, 0x0c003140, 0x0c200c10, 0x0c000c03, 0x07120900, 
    0x072b5a83, 0x190f4019, 0x13050801, 0x83090f20, 0x1809360f, 0x050c0c00, 0x110f4813, 0x09480502, 0x332f0007, 0xed333fed, 0x2efa8211, 0x10180133, 
    0x1ad62bd6, 0x5e32cd3d, 0x82181a5d, 0x12c02578, 0x2f2f3939, 0x0120f082, 0x2126e582, 0x3e352115, 0xf2823701, 0x0a823520, 0x031e2f08, 0x341a8901, 
    0x01132f32, 0x3104fe44, 0x6534336b, 0xfef90133, 0x2e2c13cb, 0x202e0130, 0x21484847, 0x9c5b6083, 0x4b914a48, 0x401b835d, 0xfa824644, 0x00ffff2d, 
    0x02000028, 0x02c502e7, 0x82b50306, 0x00013e10, 0x02ec0031, 0x00690107, 0xb5110003, 0x04000501, 0x2f000200, 0xc61001c5, 0x3031c610, 0xb6921813, 
    0x7d692408, 0x4cffff00, 0x02240797, 0x006e0106, 0x4d180f82, 0x2908140b, 0x02f2ff1a, 0x000f037d, 0x403b000e, 0x0d090a1a, 0x06060001, 0x10080700, 
    0x0e0f000e, 0x0601000d, 0x09080106, 0x00100812, 0xd9823f3f, 0x182f1926, 0x32c5332f, 0x32276e82, 0x11cdde10, 0x822f1939, 0x33332114, 0x37277982, 
    0x1317031e, 0x82230333, 0x1a073feb, 0x15170fca, 0x8daa0f18, 0x3a1e7df3, 0x60015622, 0x34341f43, 0x4f022438, 0x8a4ce3fc, 0xc6821b46, 0x82030021, 
    0x8632088b, 0xc6015e02, 0x23001700, 0x34002f00, 0x00241a40, 0x1e04180c, 0x1e31122a, 0x21273006, 0x0c1b2d03, 0x04002418, 0x0315090f, 0xd4332f00, 
    0xc5391732, 0x7a831032, 0x10c5d627, 0x1711c5de, 0x07c24739, 0x36343526, 0x17163233, 0x07985b18, 0x26222325, 0x49012e27, 0x3325053c, 0x1e373632, 
    0x05164a01, 0x012b1182, 0x2a3e193e, 0x4a55554a, 0x88183f2a, 0x0e4d2a09, 0x18171626, 0x24161718, 0x2809887a, 0x552b1fd0, 0x2a534d4b, 0x28078620, 
    0x231c1c76, 0x1a231515, 0x0807861e, 0x0100002d, 0x47ff0500, 0x09038c01, 0x1e001b00, 0x091d0e40, 0x1b17610e, 0x1667171c, 0x10086709, 0x2fed3f00, 
    0xde1001ed, 0xcecefdce, 0x82133031, 0x013a259f, 0x1517011e, 0x152a8282, 0x23061411, 0x012e012a, 0x96833527, 0x726a7e2a, 0x10100b01, 0x242a2b06, 
    0x022b0989, 0x01756c28, 0x31820101, 0x87fefd29, 0x82002009, 0x02470800, 0x47001700, 0x05022202, 0x3f001f00, 0x2b405500, 0x03231333, 0x3a1a2a04, 
    0x0a413b1b, 0x402b0b2a, 0x202a2a2b, 0x303a3a3b, 0x000a0a0b, 0x101a1a1b, 0x67150567, 0x25673000, 0x00206735, 0xfdd4ed2f, 0xedd4edd6, 0x8b331132, 
    0x10012501, 0x32cd32d6, 0x11260484, 0x30313917, 0x68182201, 0x07201562, 0x01281796, 0x31351e82, 0x1009162d, 0x0d7a6818, 0x26220f87, 0x1f9e2637, 
    0x173b012d, 0x0f04171d, 0x1c1c191d, 0x8b21333c, 0x97f4200b, 0x05ab5a18, 0xff313a08, 0x020702f8, 0x00130052, 0x031f4038, 0x08070204, 0x0c110b12, 
    0x0f0b0d0e, 0x00150a05, 0x0205140f, 0x13066500, 0x0c651009, 0x2f000f0a, 0x32fdc433, 0xc6fd32d6, 0xc6100133, 0x84028232, 0x211327ec, 0x33071737, 
    0x03822315, 0x07212808, 0x35233727, 0x31233733, 0x54441001, 0x319b592b, 0x44f2fecc, 0x9d5c2c54, 0xd201cf32, 0x7d522e80, 0x2e827d5e, 0x825e7d54, 
    0x0002217c, 0x07775318, 0x0a000624, 0x97189200, 0x372b201d, 0x00480b08, 0x00030201, 0x18510203, 0x221b1d97, 0x18000907, 0x23141f97, 0x01c52f18, 
    0x07219718, 0xc1103326, 0x102b0487, 0x0788a618, 0x84712b21, 0x2197180a, 0x21073f15, 0x01322115, 0xcefe24b0, 0xfe243201, 0xd6010150, 0xc4012afe, 
    0x727177ad, 0x79d4ad77, 0xc78d0000, 0x00b38f2a, 0xb8060106, 0x4d40c0ff, 0x3cd19618, 0x0f070928, 0x02054f05, 0x96180005, 0xc58a0ed3, 0x0137c4a4, 
    0x012d2705, 0x21130537, 0x06022135, 0x012450fe, 0x24cefe32, 0x8201b001, 0x01d62ac3, 0x7277ad4d, 0xfead7771, 0x82c6823c, 0x2f3808c7, 0x2502efff, 
    0x1300c702, 0x31001f00, 0x1d141640, 0x00041a17, 0x2000210a, 0x0014140a, 0x0f1d0517, 0x0f051a1a, 0x39c42f00, 0x39122f3d, 0x33333912, 0x18013311, 
    0xc610c610, 0x08050642, 0x37033e21, 0x0e17031e, 0x032e0703, 0x27012e25, 0x1e07010e, 0x013e1701, 0x3e41232f, 0x3c1d1d3c, 0x8823413e, 0x3d013809, 
    0x1919321a, 0x331a1a33, 0x01321919, 0x5861375b, 0x53292953, 0x89376158, 0x462c2509, 0x2c462323, 0x00200584, 0x2f05ab63, 0x08035003, 0x49002600, 
    0x07000000, 0xa3014900, 0x03260782, 0x00004600, 0x17828c02, 0x19001536, 0x7f002500, 0x011408b4, 0xffb82708, 0x0b08b5c0, 0x1a7a2748, 0x40210982, 
    0x240a820d, 0x2051191a, 0x21078240, 0x11821720, 0x1512b323, 0x21078348, 0x11822a40, 0x04031737, 0x0401040f, 0x0e010e00, 0x1351110d, 0x1d0f267a, 
    0x06231d01, 0x05936a19, 0x7d185520, 0x3f390fa1, 0x5dcd3f3f, 0xfdf61001, 0x325ddcc0, 0xd633115d, 0x2b322b2b, 0xe62b32fd, 0xaf7d182b, 0x11232519, 
    0x06143733, 0x2a05655b, 0x01163233, 0x13372a2a, 0x1827101a, 0x2108bf7d, 0x7b18c501, 0x03340aea, 0x75080e08, 0x1a0f0607, 0x7c1a1524, 0x2a026efe, 
    0xf8fc7866, 0x0aff7b18, 0x83050b41, 0x060224f3, 0x8200ab01, 0x460039fe, 0xd102f6ff, 0x15000803, 0x5e002300, 0x14080a40, 0x16250801, 0x1b511d23, 
    0x0783eb86, 0x82244021, 0x031b22eb, 0x2ee88904, 0x061d1c24, 0x0b165723, 0x55100a11, 0x18040f0e, 0x230c877e, 0x333fed3f, 0x1128e487, 0x2b2bde33, 
    0xc632defd, 0x2e20e099, 0x09c57a18, 0x0221db8f, 0xd67a1803, 0x21d99308, 0x7a1801ee, 0xdf830fea, 0xdf82cf85, 0xdf82ad20, 0x46000426, 0x2f040000, 
    0x2b27df84, 0x3b002f00, 0x83b6ab00, 0x7a3d22e2, 0x21df8230, 0xd7820d40, 0x512f3024, 0x07824036, 0x862d3621, 0x210783f1, 0x11821240, 0x1a192d2e, 
    0x1a011a0f, 0x24012400, 0x28512622, 0x07831e86, 0x822e4021, 0x4128201e, 0x24080b10, 0x0639333c, 0x0a2c002f, 0x0a110a27, 0x24551026, 0x041a0f0e, 
    0x55071d04, 0x16030319, 0x3f000600, 0x33113232, 0x200483ed, 0x2006823f, 0x2000833f, 0x0d2341cd, 0x5dddc027, 0x33115d32, 0x071242de, 0x2c183041, 
    0x17163221, 0x23012e07, 0x1d020e22, 0xd67f1801, 0x11264208, 0x0de67f18, 0x42140221, 0x11201d37, 0x0f048018, 0x261d4842, 0xff460003, 0x417404f6, 
    0x39220657, 0x39429900, 0x2c3b2505, 0x31513339, 0x83062841, 0x10402807, 0x31480b08, 0x411a1924, 0x3a272545, 0x39063332, 0x410b2c57, 0x69422745, 
    0x2bd62a0c, 0xcdc0fd2b, 0x332f325d, 0x1f744210, 0x42154341, 0x3e410c89, 0x0c9a421e, 0x42223c41, 0x2d3614ab, 0x2102f2ff, 0x0600c502, 0x000b1300, 
    0x1b00ffff, 0x68010000, 0x0f82b502, 0x83d51421, 0x0023240f, 0x84050200, 0x0015211f, 0x10240f83, 0xef01f1ff, 0x16210f84, 0x200f83f6, 0x201f821e, 
    0x212f8425, 0x0f830a17, 0x1f822020, 0x0f84f720, 0x83fa1821, 0x8229200f, 0x0219225f, 0x214f82ba, 0x5f860419, 0x02000223, 0x210f82b6, 0x0f83f01a, 
    0x1f822820, 0xc5021327, 0x1b001602, 0x243f8501, 0x021102fe, 0x201f82c6, 0x362f841c, 0x019e010f, 0x023d035c, 0x006f0116, 0x00ffff78, 0x01a60126, 
    0x82350313, 0x8494202f, 0x8210200f, 0x8342200f, 0x8d00211f, 0x11200f84, 0x40202f82, 0x8e200f84, 0x14240f84, 0x5b01a501, 0x01212f83, 0x200f8470, 
    0x201f821a, 0x200f8446, 0x200f8471, 0x220f821f, 0x82360350, 0x8472205f, 0x821e200f, 0x8451204f, 0x8473201f, 0x8215200f, 0x8457201f, 0x8474207f, 
    0x821e200f, 0x844f204f, 0x8475200f, 0xff0f260f, 0x015c0182, 0x06475321, 0x83005c21, 0xff2626c3, 0x0113018a, 0x06475319, 0x10201385, 0x42201382, 
    0xa7822783, 0x85fe0021, 0x82112013, 0x8440203b, 0x008e2113, 0x14241387, 0x5b0189ff, 0xaf823b83, 0x1a201387, 0x46202782, 0x71201384, 0x1f202788, 
    0x50221382, 0x77821a01, 0x13887220, 0x63821e20, 0x27845120, 0x13887320, 0x27821520, 0x9f845720, 0x13887420, 0x63821e20, 0x13844f20, 0x13857520, 
    0x01004e08, 0x14022800, 0x0803a200, 0x11000300, 0x030001b5, 0x00030204, 0x1001c52f, 0x3132c5d6, 0x23071330, 0x5921a235, 0xf4f40803, 0x01000000, 
    0x24ff0e00, 0xccffcf00, 0x18001200, 0x000d0940, 0x14130404, 0x0000090d, 0x01c5d42f, 0x2f391211, 0x083282cd, 0x1e33172e, 0x0e141501, 0x26222302, 
    0x3e323527, 0x76563502, 0x28180102, 0x1e0f1b33, 0x131b0f06, 0x160b340b, 0x1e322604, 0x5402040d, 0x16190d04, 0x57825682, 0x57021d38, 0x1903dd00, 
    0x1c000800, 0x05040b40, 0x01010005, 0x04050a09, 0x52820001, 0x11215986, 0x388e8233, 0x37362623, 0x15010e17, 0x4a087a9f, 0x1f1f3145, 0x5d535702, 
    0x31134412, 0x2443822c, 0x0049021e, 0x20c78e95, 0x83c782cd, 0x38c78394, 0x03562195, 0x00bfbf08, 0x00ffff00, 0x0176ff46, 0x023e035f, 0x000b0016, 
    0x200f822f, 0x200f8205, 0x200f841e, 0x260f840c, 0x01170119, 0x829e013b, 0x0010261f, 0xffffff30, 0x201f82e7, 0x201f84ce, 0x261f8412, 0x03a1ff32, 
    0x8213039c, 0x0023221f, 0x203f8245, 0x201f825a, 0x201f8469, 0x8a1f833e, 0x843f202f, 0x820a202f, 0x8419201f, 0x8440201f, 0x8823200f, 0x885e202f, 
    0x8450201f, 0x8460201f, 0x0014260f, 0x0229016a, 0x225f824a, 0x823e006c, 0x00262a5f, 0x014601d3, 0x000602ef, 0x26bf8472, 0x011c0100, 0x829801f4, 
    0x8473201f, 0x210f822f, 0x0f84e803, 0x0f847420, 0x3f821e20, 0x3f843320, 0x3f847820, 0x0000322a, 0xc202ec00, 0x7c001702, 0xb4200982, 0x63824384, 
    0x02370226, 0x0026004a, 0x00256382, 0x016c0007, 0x822b840e, 0x4102213b, 0x3b821784, 0x78201782, 0x19241786, 0xb301f0ff, 0x9a204384, 0xb5204382, 
    0x31080382, 0xff080002, 0x032f02f3, 0x001c0008, 0x4054002b, 0x10531d2e, 0x2d0f2d7b, 0x08022d1f, 0x05070704, 0x011c5124, 0x242c7a1a, 0x151a5727, 
    0x5720230b, 0xb0771b0b, 0x0b082d07, 0x00060302, 0x332f333f, 0x332f3912, 0x2007fc7d, 0x06af77ed, 0x1133cc2a, 0x105d5e33, 0x3031edf6, 0x200fae77, 
    0x19891814, 0x01232307, 0x89182634, 0x3e2e0831, 0x953e0802, 0x36198f8f, 0x3a56381f, 0x8918251e, 0x7a080720, 0x358f013e, 0x0e2d1735, 0x1e14220b, 
    0x02101f2e, 0x57183fb1, 0x0c0b605d, 0x3a634628, 0x2747633c, 0x060b0805, 0xb0fe4302, 0x090c4841, 0x0302fffe, 0x00362716, 0xff0f0003, 0x02fe02f7, 
    0x001f00bd, 0x0034002a, 0x2f2e4053, 0x0a0a0c46, 0x0f204627, 0x367b0f01, 0x0801360f, 0x1544212b, 0x21350019, 0x0c124a24, 0x2030482b, 0x05202001, 
    0x1d091215, 0x054a3216, 0xfd3f0002, 0x833fc432, 0xed5d23d7, 0xd2831039, 0xd6ddd624, 0xcf8332ed, 0x2f211082, 0x22d48339, 0x56023e34, 0x0720056e, 
    0x2b088f68, 0x15010e11, 0x07171614, 0x1505012e, 0x2008b14e, 0x07b94e27, 0x4f0f073d, 0x4a3b8a77, 0x502d5477, 0x9d9f3042, 0x293d7139, 0x76040126, 
    0x64010804, 0x18182811, 0x2709a79d, 0x0b02282c, 0x07224841, 0x0aa59d18, 0x020d072f, 0x1720042a, 0x10101705, 0xb3ca2c0e, 0xb19d1802, 0x00032109, 
    0x022a0082, 0xf9ff5000, 0xb5025d02, 0xf1821000, 0x40412e08, 0x16101025, 0x01073f46, 0x20217b07, 0x210f0121, 0x001c0801, 0x20780e44, 0x0101481c, 
    0x0e48000a, 0x0d4a1102, 0x3f00080a, 0xed3fed33, 0x07eb7d12, 0x25065d79, 0x30312f39, 0xd9851513, 0x22230631, 0x21112726, 0x3e320315, 0x2e343502, 
    0x82012b02, 0xe53308d6, 0x53794d33, 0x2a9ba72c, 0xcc01366b, 0x2b381ff9, 0x402c181a, 0x1f0b2e28, 0x18723102, 0x733e5636, 0x020d0a71, 0x4dfe84a5, 
    0x1d241508, 0x0816261e, 0x840101be, 0x463c08a3, 0x2f02f3ff, 0x16000103, 0x3b002300, 0x0d0d2140, 0x7b005317, 0x1f250f25, 0x1d080225, 0x7a0b510e, 
    0x571a1d24, 0x550e120f, 0x211e070b, 0x000b0557, 0x3f32ed3f, 0xed332fed, 0xf6100132, 0x20057c41, 0x209d83ed, 0x083f4201, 0x21152123, 0x058e5315, 
    0x0b1d4618, 0x2f023622, 0x23083d42, 0xe1feb401, 0x20065142, 0x07464298, 0x013e3d24, 0x39423d01, 0x7bf03107, 0x270c0b90, 0x43386247, 0xfe090c47, 
    0x520302fd, 0xff21ab83, 0x22ab84f1, 0x82170008, 0x403e23ab, 0xa98a1822, 0x0c510f22, 0x1026aa85, 0x0c0c0b13, 0xab82060f, 0x46180a20, 0x332207c7, 
    0xaf863311, 0xb086cd20, 0x89303121, 0x3e2724ae, 0x87113701, 0x08f742af, 0x5523ae8b, 0x87417633, 0x426a20ae, 0xad8205f4, 0x663f0723, 0x05e74248, 
    0x1c594126, 0xfafe1130, 0x4823b182, 0x82903a65, 0xf13108b0, 0x00540302, 0xfbff0200, 0x5d02faff, 0x1000bf02, 0x36002100, 0x46111c40, 0x19237b06, 
    0x0c0d4410, 0x0d0c2278, 0x4a19100d, 0x10080000, 0x0b4a1d03, 0x05f64108, 0x2f391224, 0xad8211ed, 0xf6100122, 0xa543a982, 0x32362b05, 0x15163233, 
    0x26222114, 0xaa831127, 0x2e341323, 0x21a58302, 0x18821615, 0xe5023e2c, 0xa50b150c, 0x2abbfea7, 0xa6833569, 0x2f1bda38, 0x0f122640, 0x131c0b09, 
    0x1a2b3a21, 0x7101c301, 0x0c09e475, 0xa284fa01, 0x1e1f4c08, 0x01091727, 0x0901c401, 0x00002616, 0xff140001, 0x025602f2, 0x002300c5, 0x181c4034, 
    0x2f051f46, 0x79050205, 0x21212025, 0x10240f10, 0x0a0f4a13, 0x4a1d2009, 0x00030021, 0x32ed323f, 0x32ed333f, 0x32ce1001, 0x10331132, 0x18ed5df6, 
    0x240d7763, 0x011e3727, 0x06904233, 0xaa829e83, 0x8254fc24, 0x59182d57, 0x452c1423, 0x212b1951, 0x30c50278, 0x5656875c, 0x110d5918, 0x7d0c1b24, 
    0x9f832014, 0x9f823220, 0x03ee2508, 0x002e0012, 0x191d403a, 0x0b122b2b, 0x21302c11, 0x2f790346, 0x084a1c19, 0x800e4015, 0x262b0308, 0x09002c4a, 
    0x1a24a085, 0x10cd1adc, 0xfe2ea483, 0xc6d610ed, 0x11333232, 0x05303133, 0x42182622, 0x3e2007de, 0x1624a282, 0x012e0717, 0x0f21a182, 0x056b4b01, 
    0x1e141523, 0x27b88302, 0x010e1737, 0xb1a98c01, 0x2032b083, 0x44151931, 0x10352032, 0x0f190c24, 0x170b2611, 0xa1185520, 0x062c170e, 0x0e253507, 
    0x06057708, 0x11492312, 0x1115a118, 0x2d000122, 0x2608c382, 0x006e0247, 0x4039002a, 0x2222161c, 0x230e080f, 0x00531c2c, 0x571f222b, 0x160b2623, 
    0x12055719, 0x05800b40, 0x863f0001, 0x056741be, 0xc28ade20, 0x3e341322, 0x8753a382, 0x21bf8c06, 0x83181506, 0x2d380c0b, 0x40644625, 0x130e190e, 
    0x2e1c2e3d, 0x150b210e, 0x08220f0e, 0x1f321511, 0x14308e18, 0x3002022c, 0x6f070c26, 0x1e100505, 0x8e180840, 0x44180c39, 0x2508129b, 0x03f7ff0f, 
    0x00bd023a, 0x002b001e, 0x2516402b, 0x2d790046, 0x0c08441f, 0x09102c13, 0x021a4a28, 0x05084a22, 0xbb820009, 0x32fd3f29, 0xd61001c4, 0x18edd6dd, 
    0x450c344a, 0x35280985, 0x33043e34, 0x01021e32, 0x2b088c45, 0x03070622, 0x9467383a, 0x36702a5c, 0x2b067d45, 0x5d574529, 0x9159255a, 0x3dfe3868, 
    0x090e5918, 0x5a5b0129, 0x072c5886, 0x452c020b, 0x133c0877, 0x15283e2d, 0x56280109, 0x01c6fe86, 0x6d687601, 0x00020170, 0x2d000200, 0x3a02f9ff, 
    0x08067b45, 0x22403c26, 0x02441015, 0x480b0840, 0x0f217802, 0x00080121, 0x09461b00, 0x0f481520, 0x4a11020f, 0x48100806, 0x3f000202, 0x23087745, 
    0x2f39edde, 0x2505646a, 0x13303132, 0xbb822135, 0x45422320, 0x3b420805, 0x32033501, 0x23353736, 0x15020e22, 0x6e021e14, 0x6b36cc01, 0x2ca79b2a, 
    0x334d7953, 0x0b1f143e, 0x2c40282e, 0x382b1a18, 0xfd843102, 0x710a0d5b, 0x36563e73, 0x4dfe7218, 0x08be0101, 0x1d1e2616, 0x7b821524, 0x9f840020, 
    0x1602f323, 0x05774503, 0x2a404626, 0x0c51091e, 0x0c259f83, 0x2530257a, 0x057e4501, 0x170a0a3a, 0x247b0053, 0x120d571a, 0x0c55090b, 0x57211e07, 
    0x000f0508, 0x32ed333f, 0x3324ab82, 0xfe1001ed, 0x5d24a884, 0xed2bf610, 0x2642a983, 0x21352106, 0x0325b283, 0x022e2223, 0x051e4237, 0x2e114208, 
    0x06222301, 0x563a1e2d, 0x19361f38, 0xb401e1fe, 0x3b393414, 0x4666411b, 0x3d3e9825, 0x0e0b2214, 0x3535172d, 0x623c0101, 0x0b0c2747, 0x10fd7b90, 
    0x05080b06, 0x41634727, 0x02035241, 0x0c090301, 0x38b38347, 0x0244ff2a, 0x001b0227, 0x00380028, 0x2e314056, 0x00533329, 0x0e0f1703, 0x08018208, 
    0x003f1f23, 0x3a7b0001, 0x0f013a30, 0x023a1f3a, 0x1f532908, 0x032e397b, 0x3612031c, 0x0f012457, 0x0b0e5712, 0x22ba860e, 0x83391712, 0x5d5e2fba, 
    0x5de6105d, 0x2f393911, 0xcd33112f, 0x0e771039, 0x06142505, 0x15031e07, 0x460a9a77, 0x272005e4, 0x09b05f18, 0x1e140529, 0x033e1702, 0x82263435, 
    0x026308d3, 0x10464d27, 0x640a131a, 0x28503e66, 0x2a461e1f, 0x0d121609, 0x22362413, 0x42244845, 0x5e3b3a5e, 0x9afe2442, 0x1f2a190b, 0x0c182519, 
    0x3b2c2c3c, 0x70472d01, 0x1d190d24, 0x51411623, 0x0c740f11, 0x0d06010e, 0x17160e0c, 0x6b28141c, 0x415b3748, 0x573f2224, 0x2125153e, 0x200a101f, 
    0x3e132825, 0x18003939, 0x0808b795, 0xb5020e2f, 0x43000b00, 0x02072840, 0x08400b44, 0x780b480b, 0x010d200d, 0x01050008, 0x060c0005, 0x01033048, 
    0x0301032f, 0x48020703, 0x4807080b, 0x0553420a, 0x2f39112b, 0x01ed5d5d, 0x5dc4de10, 0x07aa41c4, 0x21353322, 0x44080187, 0x4f012311, 0x1501ebfe, 
    0xd401c8fe, 0x8880a783, 0x004bfd83, 0x32000200, 0xa802f2ff, 0x2200c502, 0x38002b00, 0x002b1f40, 0x2f151f46, 0x79150215, 0x46230b2d, 0x232c791f, 
    0x26100000, 0x0a0b1a4a, 0x100b4a05, 0x07594103, 0xcd2f3939, 0xedfe1001, 0x5df61039, 0x303132ed, 0x23032e01, 0x07020e22, 0x48033e27, 0xe349053b, 
    0x34352405, 0x45173736, 0x4e0805af, 0x05040237, 0x3148311d, 0x252f351e, 0x2c0c280d, 0x5f29493c, 0x30285788, 0x45477757, 0x052c5070, 0x4a069b02, 
    0x25372640, 0x8c010415, 0x132a4431, 0x060f0e0a, 0x1214077a, 0x8361370d, 0x5b895b4c, 0x82572c2d, 0x0b290b56, 0x184f4780, 0x411f3629, 0x3508052b, 
    0x02f1ff2d, 0x00c40249, 0x404e0034, 0x27272829, 0x0e060000, 0x462e360f, 0x061f1f1c, 0x35791746, 0x244a2b28, 0x2f48341c, 0x00000100, 0x03242714, 
    0x0f4a090e, 0xc3850914, 0x820bde49, 0x392f2bc8, 0x32c610ed, 0x322f3911, 0xcf82332f, 0x5b057743, 0x172105ce, 0x20dc820e, 0xecae1826, 0x07dc450c, 
    0x14153b08, 0x013b021e, 0x245ed401, 0x51192d3e, 0x32361b42, 0x152e0e29, 0x23453f37, 0x1f129d8c, 0x292a1729, 0x38604627, 0x32287148, 0x31375225, 
    0x2f231436, 0x2701691b, 0x1d241307, 0xe184262f, 0x10140b3c, 0x216f660a, 0x0c202a35, 0x32264b1a, 0x1f19314b, 0x19157b19, 0x20182222, 0xe4820814, 
    0xff012808, 0x0245ffd0, 0x00b50220, 0x40300015, 0x0f111318, 0x44111517, 0x780e0607, 0x12481516, 0x48110312, 0x4a0a020e, 0x442f0003, 0xf62b0853, 
    0x32ed32c6, 0x3911ce10, 0x42373031, 0x36240add, 0x15211135, 0xec200184, 0x2a08747a, 0xd001181f, 0x1201ccfe, 0x7a11eefe, 0x0224086c, 0x839183a0, 
    0x08051347, 0xf702f348, 0x2e001203, 0x2f405200, 0x00272128, 0x100f440f, 0x102f101f, 0x78100803, 0x30300030, 0x46060230, 0x282f7919, 0x2427402b, 
    0x1010801e, 0x4a030014, 0x0b11031e, 0x0009144a, 0x3f33ed3f, 0x391232ed, 0xdc101a2f, 0xbf751a32, 0x105d2d05, 0xed5d5ef6, 0x3232c439, 0x2e013031, 
    0x2905dd59, 0x3233021e, 0x33353736, 0x526f0e11, 0x127f4605, 0x4602072b, 0x6d315320, 0x48301861, 0x2aa61830, 0x3d24210e, 0x230d3e47, 0x19111302, 
    0x1434a618, 0x47050821, 0x2408063c, 0x00002213, 0x0a000200, 0xc70247ff, 0x1f00b502, 0x98002b00, 0x40290a40, 0x29480b08, 0x23001a1a, 0x40c0ffb8, 
    0x080c824f, 0x1414234d, 0x18010e04, 0x0a09010a, 0x070a0e01, 0x0e0b4c0a, 0x0e0b0b14, 0x0701000b, 0x02041704, 0x04070400, 0x1400034c, 0x07000303, 
    0x2d0b0307, 0x03012d40, 0x0107142c, 0x08010700, 0x070e0026, 0x48200304, 0x0a100b17, 0x03100410, 0x823f0010, 0xed2f3b00, 0x5e391711, 0x10015d5d, 
    0xc6105dce, 0x2f193911, 0x2b101887, 0x01c47d87, 0x09895d5d, 0x18325d27, 0x112bcd2f, 0x34048233, 0x26253031, 0x1e332702, 0x013e1701, 0x02063337, 
    0x031e1707, 0x05ee6215, 0x023e3424, 0x7c661737, 0x0e550805, 0x16141501, 0x85441201, 0x5a2ea93f, 0x2c5a2f30, 0x46823ea7, 0x0e181319, 0x515c0104, 
    0x05015c51, 0x7014180d, 0x0f1b1614, 0xad161b0f, 0x8009017f, 0x6467ba67, 0xff8768bc, 0x1e278100, 0x10232932, 0x43505043, 0x32292310, 0x1118c71e, 
    0x17173a1d, 0x18111d3a, 0x08008200, 0x4600016a, 0x3003f2ff, 0x25000803, 0x10b45900, 0x270e510d, 0x40c0ffb8, 0x480b082f, 0x51227a27, 0x0f012140, 
    0x19210121, 0x01047f51, 0x0f010440, 0x04080104, 0x22267a0e, 0x57090c00, 0x0f011411, 0x0a0e0610, 0x0b00571d, 0x3fed3f00, 0x333f333f, 0x013f32ed, 
    0x5edcfe10, 0xed5d5d5d, 0xfd5d5ddc, 0xed102be6, 0x05303132, 0x013d2622, 0x2106674a, 0x51182311, 0x1d2408ec, 0x33161401, 0x3f08e082, 0x14113311, 
    0x724f0206, 0x1e100670, 0x0e231419, 0x2f0f9595, 0x2f524016, 0x2e2e1f12, 0x0e6f951e, 0x24347d74, 0x070e2032, 0x0270fe04, 0x05fc18f0, 0x58402309, 
    0x3d453536, 0x1a01453d, 0x747dd5fe, 0x503dc784, 0x9f01f2ff, 0x1100b502, 0x10402100, 0x01090813, 0x12780044, 0x094a0508, 0x0200090c, 0x219d8200, 
    0x9a8232ed, 0x32dcfd26, 0x133031c6, 0x79837082, 0x42173721, 0x503d068f, 0x13321e9c, 0x16171029, 0x53402a39, 0xb5021330, 0x342f20fe, 0x08770508, 
    0x523b1f0e, 0x245f8433, 0x01000002, 0x2b5f8268, 0x4039000b, 0x04060d20, 0x09014408, 0x3105b345, 0x013f040c, 0x0102014f, 0x010a3007, 0x09020a0a, 
    0x6f830208, 0x2f391226, 0x5dcd335d, 0xd6267482, 0xfd32de2b, 0x7785de32, 0x55113321, 0x2324058a, 0x659c6502, 0x012b0282, 0xfe17019e, 0xd0fe6ee9, 
    0x84003001, 0x00503c67, 0x02ad0200, 0x002200c3, 0x1f224044, 0x1516061f, 0x0a240022, 0x78074406, 0x7a082223, 0x0a280590, 0x1f1f0508, 0x07020807, 
    0x0a81a718, 0x39123923, 0x067f4118, 0x32edf627, 0xc6d6c410, 0x30818232, 0x2e213031, 0x23112703, 0x3e113311, 0x033e3701, 0x07135633, 0x16790620, 
    0x17400805, 0x3915e901, 0x9c244843, 0x23401f9c, 0x382c2411, 0x21392626, 0x14190c41, 0x260f1c17, 0x9d532040, 0x4f4f2247, 0xdbfe1c49, 0xfafeb502, 
    0x13284e26, 0x1717232b, 0x0c0b681f, 0x492b1119, 0x73c04526, 0x4620b385, 0x3939b382, 0x23000803, 0x1d40a600, 0x3b0114c0, 0x142f0114, 0x01141b01, 
    0x0801140f, 0x8b93180f, 0x3d21080f, 0x104d0010, 0x02002000, 0x00010004, 0x06590505, 0x09061409, 0x250f2506, 0x231d1e01, 0x00140014, 0x81931823, 
    0x1e243a07, 0x061a1d21, 0x09090a15, 0x0e0a0f05, 0x230f060a, 0x3f000f05, 0x3f3f3f33, 0x05cb6012, 0xcd332208, 0xfe100132, 0xc05dc4fd, 0x7d393900, 
    0xc4c40503, 0x32cc1018, 0x87d6105d, 0x107d042b, 0x5d5d00c4, 0x8493182b, 0x5d5e210c, 0x31330083, 0x033e1330, 0x010e3337, 0x17031e07, 0x27032e23, 
    0x18112315, 0x200ac974, 0x8e931815, 0x7f542015, 0x5023092b, 0x18333418, 0x20109793, 0x07307f4c, 0x08051341, 0xf6ff0a28, 0x08034901, 0x3d001500, 
    0x0e172140, 0x0704060d, 0x00140151, 0x480b0840, 0x04011600, 0x480f0c40, 0x07071404, 0x42180d03, 0xcd260835, 0x332f3912, 0xd1822bcd, 0xdd2bd627, 
    0xcd32fd32, 0x06ab42de, 0x33113725, 0x18152315, 0x25083c42, 0x95500a23, 0x42185a5a, 0x502a083b, 0x3001c001, 0x5fb8fe18, 0x42181496, 0xb4200938, 
    0x01268482, 0x00000b00, 0x83822002, 0x00274c08, 0x2646408a, 0x16190100, 0x11121516, 0x110c150c, 0x14151259, 0x01151212, 0x59070c07, 0x06140106, 
    0x0c0c0106, 0x17290612, 0x1f1f1818, 0x28122020, 0x23571c1f, 0x01161926, 0x0c231616, 0x2320110c, 0x110a1206, 0x060a070a, 0x833f000a, 0x12332e00, 
    0x122f1939, 0x18331139, 0x1032c510, 0x24b282ed, 0x332f32c6, 0x44018211, 0x87230cf4, 0x182b1018, 0x2008b2c4, 0x221e8332, 0x41303133, 0x0e2d0875, 
    0x36230703, 0x07273712, 0x012e3727, 0x796f1823, 0x16510807, 0xc5013717, 0x363e2071, 0x0a9f0e2a, 0x0d1c1b19, 0x1d21200e, 0x702d990a, 0x1f720d32, 
    0x171e0c68, 0x19101a0d, 0x3c233413, 0x02792153, 0xa649297d, 0x273391a1, 0x245b625f, 0x5f625b24, 0x08019a27, 0x53291f63, 0x040d0f25, 0x0b067206, 
    0x002c372d, 0x05e34400, 0x02862f08, 0x002600b5, 0x2800b943, 0x2340c0ff, 0x28480b08, 0x20442178, 0x44191302, 0x0b440c16, 0x02202778, 0x020b0217, 
    0x024a1013, 0x1c220905, 0xdc46004a, 0xed332205, 0x30ef8232, 0xedf61001, 0x3939edd4, 0x2be6fdd4, 0x22053031, 0x0f197627, 0x35012e22, 0x1425dd82, 
    0x36323316, 0x08088237, 0x02030e32, 0x1c3e618c, 0x604c3c5a, 0x289c1336, 0x11321c3c, 0x279c0607, 0x112e143c, 0x423a179c, 0x0f2f0e45, 0x674c2a20, 
    0xfea8013e, 0x0e525a6f, 0x21411c09, 0x03290a85, 0xfd380202, 0x090b065d, 0x08134806, 0xb782a420, 0x56001b29, 0x19003640, 0x82401a44, 0x1a3408b7, 
    0x1d001d78, 0x1d201d10, 0x1dd01d50, 0x130a0b05, 0x78124404, 0x1a081b1c, 0x7b021902, 0x13030103, 0x0b021202, 0x74070a0e, 0x00180118, 0x323f0008, 
    0xc5332f5d, 0x3321c582, 0x23c9845d, 0xce32edfe, 0x0dbda918, 0x200d3d48, 0xc9a91833, 0x185c200a, 0x2207b642, 0x187f181f, 0x2009d3a9, 0x0a44484b, 
    0x6d602128, 0x99013675, 0xaf834bfd, 0xff46002f, 0x020c0247, 0x0013001a, 0x0a204036, 0x05906351, 0x30157a31, 0x150f0115, 0x51120801, 0x13147a13, 
    0x180e0a0a, 0x26127195, 0x2bf6105d, 0x183031ed, 0x2a2a7195, 0x48d0011e, 0xfe02033c, 0x1803006a, 0x080a53aa, 0x21001a35, 0x2d404800, 0x1f461f17, 
    0x02002f00, 0x10237900, 0x02232023, 0x0a46181e, 0x1e3f2279, 0x1e021e4f, 0x2f011830, 0x18180118, 0x0f4a1b14, 0x054a1403, 0x663f0009, 0x5d280505, 
    0x015dcd5d, 0x32edfe10, 0xed4a8c82, 0x0cfd6505, 0x01021e32, 0x21373632, 0x2213011e, 0x2e210706, 0x35e40201, 0x0e5caa18, 0x4ba7fe32, 0x97fe0c5d, 
    0x4b4b5e0c, 0x67010d5c, 0x5b015b0d, 0x0e5daa18, 0x5cc7fe2b, 0x015c4f4f, 0x4d4d5bc1, 0x3a9d825b, 0x02f2ff32, 0x002103e4, 0x00340020, 0x002b4047, 
    0x20171017, 0x17080317, 0x872b1818, 0x103626bf, 0x02362036, 0x36be8221, 0x301e1135, 0x8017404a, 0x4a26030f, 0xed2f0005, 0x1ace1a3f, 0x833939ed, 
    0x24b084b1, 0x5ecd2f33, 0x0988525d, 0x3e343526, 0x17323302, 0x2905fe74, 0x15011e33, 0x1e070614, 0x9d500501, 0x34352106, 0x8d053b62, 0x526a35c4, 
    0x01010709, 0x1f02028a, 0xfd252126, 0x442f19ef, 0x2f452b2c, 0x084eab18, 0x3233ce8d, 0x0c192f15, 0x1a0e0d18, 0x24532f0e, 0x3349742d, 0x18203b52, 
    0x200a58ab, 0x20df8200, 0x2adf822d, 0x00780259, 0x002b001f, 0x8224403e, 0x53202ad7, 0x0001003f, 0x2d302d7b, 0x057c5601, 0x0a53262c, 0x111e2c7b, 
    0x0f175723, 0x0e542901, 0xce3f2105, 0x5e21d686, 0x93d8875d, 0x013c22d6, 0x23d68627, 0x26340716, 0x38084464, 0x44243202, 0x5f3a3b5f, 0x45272644, 
    0x3f55385f, 0x7d020e08, 0x212a0103, 0x21971824, 0x0e2b3616, 0x1b0b1d25, 0x0e1e1011, 0x3f234932, 0x4f4f4557, 0x51514545, 0x08008200, 0x32000236, 
    0xe203f2ff, 0x2600c502, 0x42003a00, 0x46312940, 0x1b441c00, 0x480b0840, 0x003c781b, 0x203c103c, 0x4627033c, 0x1b3b790a, 0x4a222408, 0x36031512, 
    0x2c030f4a, 0x47075142, 0xfe21068d, 0x23c482ed, 0xeddefd2b, 0x9818c38f, 0x2e230cfe, 0x41222302, 0x2908139e, 0x795a35ca, 0x5b784244, 0x785d3837, 
    0x2a66363f, 0x4b355728, 0x9c11325c, 0x1823180b, 0x19172628, 0x2d1909fe, 0x3f26263f, 0x0787192d, 0x200da441, 0x2f008220, 0x3e674b29, 0xa90154fe, 
    0x0d21392d, 0x3c63291a, 0x380fa841, 0xff2d0002, 0x02240347, 0x0022001c, 0x404e002e, 0x0053232f, 0x511c2900, 0x3fe98319, 0x34307a19, 0x301b0130, 
    0x01300f01, 0x53290208, 0x1a2f7b0a, 0x571f210e, 0x26011411, 0x2c010f57, 0x2006b241, 0x23ed88ed, 0x5d5d5e5f, 0xed23f183, 0x902f3911, 0x551720f3, 
    0x15250517, 0x34112311, 0x41f18226, 0x24080db9, 0x5c422424, 0x435c3839, 0x5c442625, 0x1f3f5736, 0x51422a4d, 0x19950f2d, 0x191c242b, 0x362f3498, 
    0x2f2f352e, 0xdf981834, 0x17302f0d, 0x5d452716, 0x012cfe35, 0x134344cc, 0xbe41453a, 0x023c0807, 0x00000f00, 0xbd02ec02, 0x27001a00, 0x2d404d00, 
    0x143b4623, 0x297b1401, 0x3001294b, 0x20020129, 0x290f0129, 0x191e0801, 0x0a031a44, 0x3f482028, 0x17170117, 0x0708191b, 0x114a1b00, 0x2b061858, 
    0x5d2f3912, 0xd61001ed, 0x32eddedd, 0x5f20d482, 0x22058d42, 0x57133031, 0x795208ff, 0x15162905, 0x012b0614, 0x22132315, 0x096e6718, 0x7652db20, 
    0x43282c06, 0x255a5b57, 0x9ca8a69b, 0x18da9c31, 0x20097367, 0x0a6e5235, 0x15283d2d, 0x7c6d010a, 0x02e86f7d, 0x18010238, 0x2007fcad, 0x35be8200, 
    0x47ff4600, 0x08032f02, 0x2b001f00, 0x2e404f00, 0x153f5320, 0x3c431501, 0x06073c0a, 0x511e0c27, 0x1e2c7a1f, 0x572a270e, 0x260b1a1d, 0x100d5723, 
    0x570a0701, 0x4e060306, 0x675506fe, 0x013f2705, 0x32fdfe10, 0xc883cc32, 0x6c551020, 0x0af14805, 0x41011d21, 0x14200697, 0x20050c5c, 0x0cb25915, 
    0xf9484620, 0x2a112609, 0x45623d10, 0x06f75125, 0x51019522, 0x08905d18, 0xfe480220, 0x05413f08, 0x66472705, 0x48643d3f, 0xc60b0c28, 0x5345bc01, 
    0xf7fe0405, 0x02000c09, 0x94ff5000, 0xcf82bc02, 0x2400192b, 0x2e405500, 0x0b06110c, 0xfaad180c, 0x46223c09, 0x0f267903, 0x11080126, 0x4413161d, 
    0x06257814, 0x1e1e4811, 0x0b081300, 0x82164a1a, 0xc63f273d, 0x123f2fed, 0xc84b2f39, 0x32322905, 0x105d5ec6, 0x87c6edf6, 0x18096348, 0x2313e8ad, 
    0x013e1533, 0x097faf18, 0x01264208, 0x43a09528, 0x413e153f, 0x13af123b, 0x14393c38, 0x0d9b9c4d, 0x1b110725, 0x4c582c0c, 0x73bc024d, 0x1a5b4970, 
    0x7170611a, 0x66692a2b, 0x03fd1858, 0x01014e08, 0xbc010284, 0x2b33352c, 0x00010000, 0x068b5f28, 0x00312808, 0x13244046, 0x46162d2b, 0x04040325, 
    0x2501252f, 0x1d1d1c33, 0x320c462d, 0x1c002b13, 0x201d4a19, 0x4a000303, 0x41090904, 0x112d0887, 0x10013939, 0x2f39edde, 0x5dc61033, 0x20058232, 
    0x251182ed, 0x32253031, 0x7a503736, 0x0788520a, 0x826c0720, 0x075c080a, 0x1415010e, 0x3901021e, 0x2c1f5b42, 0x4a39290e, 0x1a88892e, 0x19365035, 
    0x3112212c, 0x1d473238, 0x4666212d, 0x24425f3a, 0x22443622, 0x1a0a404e, 0x111b772b, 0x1012087c, 0x32616b0b, 0x14273446, 0x1a151109, 0x171f2013, 
    0x1e127b0f, 0x304d361d, 0x1f2f4330, 0x222d1a0c, 0x0b131a10, 0x012fd385, 0x001c02bd, 0x404d002a, 0x2811262a, 0x82205314, 0x1f2008d3, 0x02202f20, 
    0x2c0f2c20, 0x19022c4f, 0x53281a1a, 0x112b7b0a, 0x16190026, 0x03011d1a, 0x0b070400, 0xcd25d982, 0xcd333f32, 0x20d98432, 0x20d983fe, 0x20da925d, 
    0x06eb5401, 0xda833720, 0x2309e749, 0x020e1415, 0x5908d884, 0x27070116, 0x12192650, 0x756b465d, 0x3140250f, 0x06121f18, 0x1a3d2646, 0x30581a1a, 
    0x28166e60, 0x2c2d2339, 0x0f116b22, 0x50180879, 0x2932214e, 0x0f091223, 0x27090e0d, 0x0a74090e, 0x264a5611, 0x0d1c2736, 0x17121b11, 0xff000010, 
    0x001f00ff, 0x022b0200, 0x030602b5, 0x0a8200af, 0xd8ff3308, 0xad0145ff, 0x1e000c03, 0x3e002b00, 0x061f2240, 0x7a181e51, 0x2b2d1b2d, 0x032d4b2d, 
    0x08012d0f, 0x2c0e2502, 0x282b0906, 0x13221e28, 0x0e001e06, 0xd6713f00, 0x2bd78205, 0xcdd41001, 0x5d5d5e5f, 0xedc6f610, 0x07e54018, 0x280bc150, 
    0x1115021e, 0x17021e14, 0x0a7f4603, 0x01374a08, 0x2f514198, 0x1d280b11, 0x1c2d381d, 0x2544341f, 0x152f4c37, 0x1b201106, 0x1a1e1ae7, 0x0f191d1c, 
    0x01bb0b1e, 0x2a432f1a, 0x0e06d101, 0x2a3e2a14, 0x152c412b, 0x3a5a3e21, 0x201401fe, 0x02020e16, 0x242a1d96, 0x0d231814, 0x22bf820a, 0x82410001, 
    0xa13808bf, 0x2900a902, 0x25404400, 0x00202021, 0x2b101a1a, 0x2b022b20, 0x510e0a0d, 0x092a7a08, 0x0b550e0a, 0x24502100, 0x1d202401, 0x03571215, 
    0xed3f000b, 0xcd32d432, 0xed3f325d, 0x36051e4d, 0x5dc6dd32, 0x32cd2f33, 0x3031332f, 0x23220605, 0x35022e22, 0x18153711, 0x5509f843, 0x43080d20, 
    0x013c3536, 0x0c052401, 0x30503d02, 0xb3b39513, 0x3c183221, 0x03050317, 0x0d505902, 0x0e131734, 0x201a1218, 0x3b21010b, 0xba013354, 0xb97c9b18, 
    0x0806382f, 0x24232515, 0x05505515, 0x03056a08, 0x05031d17, 0x3808ba82, 0x0f000100, 0x7a020000, 0x1500b502, 0x15402800, 0x44131117, 0x400a0314, 
    0x0a480b08, 0x12081316, 0x0f481507, 0xfd3f0002, 0x013f33c4, 0xcd2bd610, 0xc6d6fdd4, 0x22133031, 0x065c5d06, 0x3e34353d, 0x15213302, 0x11231123, 
    0x012029d7, 0x08047804, 0x38776340, 0x9cd11901, 0x5d243002, 0x132a0625, 0x04204843, 0x02d0fd85, 0x6f820030, 0xff412a08, 0x03a401f4, 0x00230008, 
    0x1a1e403a, 0x09251919, 0x23010a0a, 0x7a125103, 0x23550224, 0x571d1a00, 0x09061619, 0x0d0a5706, 0x0895430b, 0x01ed3f33, 0x32fdf610, 0x332f32ce, 
    0x332f33c6, 0x15013031, 0x0d045923, 0x1c4e3520, 0x0e3d080b, 0x01011d02, 0x3223b98f, 0x15153518, 0x3d30441b, 0x71143051, 0x13442a71, 0x142d141d, 
    0x0815241b, 0xb97c0e02, 0x080a382f, 0x21110b74, 0x0133543b, 0x10786653, 0x08097708, 0x15241a0f, 0x08a3821a, 0x45ff142c, 0xb5025202, 0x31001300, 
    0x07061940, 0x12151307, 0x0f0e4413, 0x480b0840, 0x0e13140f, 0x06021048, 0x000a0703, 0x32cd332f, 0x0b4eed3f, 0xddfd2405, 0x833912c6, 0x4c25209a, 
    0x2d080561, 0x23010e17, 0x11352622, 0x15213523, 0x18810123, 0x0f13131f, 0x0e311814, 0x02d15e67, 0x2815d13e, 0x7905032a, 0x68640508, 0x85851f02, 
    0xff4c0000, 0xf5022e05, 0x26002103, 0x22403a00, 0x44111918, 0x356e8321, 0x00287821, 0x02282028, 0x78064407, 0x18402127, 0x07021180, 0xf94c0d02, 
    0x3f3f2505, 0xcd1ace1a, 0x29065b4a, 0xcddded2b, 0x22053031, 0x4318022e, 0x32240ce4, 0x26343536, 0x087e7918, 0x0e141123, 0x7bb11802, 0x2f39300c, 
    0x86010124, 0x1b0a0202, 0x4622252e, 0x18290e6c, 0x2e0e86b1, 0x140c1926, 0x0e1a0e0d, 0x1f292e17, 0x18b0fe08, 0x310793b1, 0x02f4ff41, 0x0078027c, 
    0x40460022, 0x0008072a, 0xab831051, 0x7a102108, 0x40243024, 0x03246024, 0x0801240f, 0x7a1a511b, 0x22001a23, 0x14115720, 0x0740100b, 0x00000080, 
    0x8548b084, 0x485e2008, 0xb7830583, 0x3e330124, 0x2c4a3501, 0x020e2207, 0x07835407, 0x3008b04d, 0x20537201, 0x0378021d, 0x2c1c0e01, 0x4278261f, 
    0xc8431843, 0x0e023308, 0x0b1b2102, 0x1e101110, 0x252a150e, 0x5cfe061c, 0x4318130b, 0x003a0bc3, 0x23000100, 0xe202f2ff, 0x2600b502, 0x00b96c00, 
    0x40f0ff21, 0x4d001042, 0x04820807, 0x600c0034, 0x030c700c, 0x1f08090c, 0x1c6f1c0f, 0x1c031c7f, 0x01820820, 0x46170529, 0x222f221f, 0x41792202, 
    0x112e057f, 0x1c270546, 0x021d4820, 0x0b48080c, 0x80411402, 0x41ed2006, 0x250805fe, 0x105dedde, 0x12ed5df6, 0x2f2f3939, 0xcd5dcd10, 0x5dcdcd10, 
    0x2b2b3031, 0x022e2205, 0x37363435, 0x15213523, 0xb042030e, 0x34352405, 0x8227022e, 0x2343080f, 0x0e141516, 0x48830102, 0x34335a7b, 0x2f017733, 
    0x14222e1a, 0x5e51515e, 0x1a2e2314, 0x68772f01, 0x0e7b5a33, 0x507a542b, 0x81357c48, 0x3e331774, 0x66612e4b, 0x4b2e6166, 0x7417333e, 0x508e6b81, 
    0x422b547a, 0x24080837, 0x00bd02a2, 0x40340024, 0x2222211c, 0x1f461a0f, 0x79030103, 0x0e440f26, 0x15020e25, 0x2109084a, 0x00224a1f, 0x052e5d02, 
    0x013fed25, 0x83edde10, 0x391123ae, 0x8c47332f, 0x06215806, 0x11331122, 0x080c7a4c, 0x3e270793, 0x899e0101, 0x77542d7b, 0x476a4749, 0x23159c23, 
    0x3d2b1a2f, 0x19091125, 0x1517262f, 0x022e100e, 0x59b3b2bd, 0x292d5a86, 0x0141694b, 0x2e68fea5, 0x2011263f, 0x3633523a, 0x061e3953, 0x00050482, 
    0x00050001, 0x02d50200, 0x001c00bf, 0x1b434086, 0x191c191a, 0x0e0f1011, 0x191c021c, 0x120e4c02, 0x02120e14, 0x081e120e, 0x1518191c, 0x4c19151c, 
    0x16141518, 0x18151817, 0x44120809, 0x121d1815, 0x19141515, 0x14021802, 0x0e081308, 0x084a0c09, 0x05f55805, 0x823f3221, 0x39123200, 0x1001c52f, 
    0xc4fdd5d6, 0x877d1032, 0x05c4c40e, 0x09c95018, 0xc610182e, 0xc100d410, 0x082b0587, 0x10c4107d, 0xc4211d82, 0x82238310, 0x0f6253f1, 0x23114008, 
    0x27012e11, 0x17011e33, 0x1a0aa101, 0x28263426, 0x0b412246, 0x17141218, 0x2545260b, 0x397a459c, 0x2a4a20b5, 0x2e153c02, 0x21181927, 0x120d0b66, 
    0x42864114, 0x0701f7fe, 0x4870d46a, 0x8200488d, 0x08e78200, 0x0247ff33, 0x0016025a, 0x40de0028, 0x19191a93, 0x10090a23, 0x2b0120df, 0x7b203b20, 
    0x200f0320, 0xab02201f, 0xdb20bb20, 0x0420eb20, 0x7901209f, 0x203d0120, 0x08168301, 0x03202f28, 0x24002420, 0x14202359, 0xd0202323, 0x13740113, 
    0x10130001, 0x13a40213, 0x13d413b4, 0x900413e4, 0x13760113, 0x16853201, 0x0313202f, 0x03000313, 0x14131059, 0x2a031310, 0x0707580f, 0x2320002f, 
    0x480b0840, 0x00132923, 0x24162020, 0x064a4500, 0x10100e2f, 0x09570d0a, 0x3f000106, 0x3232ed33, 0x3605832f, 0x39123f3f, 0x0133332f, 0x1a2bd610, 
    0x5edddd19, 0x00c6185d, 0x570587c1, 0x5d250602, 0x71715d5d, 0x079c1871, 0x2d0f820c, 0x32c41018, 0x332f3311, 0x3e253031, 0x545f3701, 0x0e07220b, 
    0x22028201, 0x60262223, 0x2008050e, 0x012e3736, 0x031e3327, 0x25111801, 0x42401211, 0x1f1a3716, 0x1208150f, 0x3d240918, 0x566b2123, 0x289c1823, 
    0x32270808, 0x0a9e2d67, 0xb31e1e1c, 0x3c367e3a, 0x6d0b0939, 0x17120307, 0x5860c260, 0x77080d55, 0x262b0608, 0x279afb63, 0x5b585d5b, 0x3e08098b, 
    0x00b50244, 0x405d0019, 0x07100336, 0x03144c10, 0x03141414, 0x14141818, 0x051f050f, 0x0503052f, 0x120c0c1b, 0x171a0712, 0x0d4f0d3f, 0x30000d02, 
    0x0a0a010a, 0x48101403, 0x03070212, 0x62080548, 0x322105c6, 0x08f55511, 0x2f32ce27, 0xce102f33, 0x2106835d, 0xff831087, 0x01303125, 0x7407010e, 
    0x23220667, 0xeb823335, 0x21352123, 0x08138215, 0x0115332e, 0x17391f52, 0xdffd6101, 0x67264319, 0x1b3d1fb5, 0x0602c9fe, 0x892b4d1d, 0x552b2b01, 
    0x2d5d8328, 0x2b6e3869, 0x6c83204e, 0x6e365c1e, 0x0128b482, 0x00002300, 0x0e02d601, 0x5b31b382, 0x16093340, 0x0059160d, 0x00001409, 0x00040409, 
    0x05644700, 0x1b301b3d, 0x011b0f01, 0x18121208, 0x031a0d18, 0x10100613, 0x55160009, 0x090d0018, 0x890a0b55, 0xcd3324b0, 0x84100132, 0x5d5e25ae, 
    0x2bce105d, 0x8c18b18f, 0x352008f9, 0xb785b182, 0x35232808, 0x11d10121, 0xa2572139, 0x01112715, 0x114dfe08, 0x87401d32, 0xea112816, 0xaf01a201, 
    0x58264112, 0x7718351a, 0x82471e53, 0x332c0808, 0x00007714, 0xff140001, 0x022f02f1, 0x002800b5, 0x22304056, 0x090e1146, 0x00000509, 0x3f112f1b, 
    0x79110211, 0x012a0f2a, 0x07071c08, 0x2a055d4f, 0x270e0029, 0x1f1c0727, 0x82161b4a, 0x07482225, 0x26ac8402, 0x1232ed33, 0x82c12f39, 0x82c620ac, 
    0x5e3229a3, 0x5de6105d, 0x332f3911, 0x1021af82, 0x05d355ed, 0x2135212a, 0x07030e15, 0x1415011e, 0x42057744, 0x4d080637, 0x022e3435, 0x13b2012b, 
    0x0f282c2b, 0xe501e5fe, 0x34322a0c, 0x2b5a6b17, 0x2a436f4f, 0x0e2f3e4a, 0x3a65212e, 0x2d194a42, 0x0131263f, 0x2e2d1388, 0x5d82122b, 0x3836300f, 
    0x51621318, 0x1a365339, 0x0815120d, 0x2922117c, 0x17261d30, 0x00820009, 0x37000122, 0x5220cf82, 0x4e29cf84, 0x28282a40, 0x0c212106, 0x08c5830d, 
    0x17460620, 0x170f1f1f, 0x0802171f, 0x1f297917, 0x28214823, 0x1200001a, 0x090c0221, 0x09120d4a, 0xc6823f00, 0xc7823f20, 0x1032cd33, 0x100132ed, 
    0x325d5ee6, 0x5ded102f, 0x3232c610, 0x5ccd822f, 0x174c0b93, 0x05e84506, 0x27032e22, 0x4b08dc82, 0x17031e21, 0x2631b401, 0x4a192d3f, 0x21653a42, 
    0x3e2f0e2e, 0x6e442a4a, 0x6b5a2b4f, 0x2a323417, 0xfee5010c, 0x2c280fe5, 0x3201132b, 0x1d261709, 0x111f2930, 0x1114087c, 0x53361a0c, 0x13625139, 
    0x30363818, 0x12825d0f, 0x132d2e2b, 0x3c08c785, 0x0147ff28, 0x000e02fe, 0x40540026, 0x04262630, 0x0d0c1f1f, 0x1f280f28, 0x03282f28, 0x1d155304, 
    0x1f150f1d, 0x03152f15, 0x277b1508, 0x1f55211d, 0x0101261a, 0x0c001f12, 0x120d5707, 0x20cda10e, 0x07985125, 0x4c023e21, 0x2e210be5, 0x20cd8301, 
    0x08cd8323, 0x47368740, 0x133e3f4c, 0x10282b2c, 0x372f1121, 0x8d7c1c3a, 0x243f2e1b, 0x0119522c, 0x230eeaa7, 0x8f112526, 0x342e3432, 0x070c0804, 
    0x0b0f0877, 0x2a6e6e06, 0x0a233343, 0x66206335, 0x2e2d127c, 0xc785122d, 0x3fff0a24, 0xc782cf01, 0x00312708, 0x102f4055, 0x530a0010, 0x3f191923, 
    0x7b230123, 0x01330f33, 0x00532b08, 0x08401600, 0x3216480b, 0x1e285705, 0xe3820f10, 0x2f2e0f28, 0x5515190e, 0x5e420017, 0x05624705, 0xed103239, 
    0x2bc61001, 0x5eed2f32, 0x5de6105d, 0xed102f32, 0x312f3911, 0x82341730, 0x033e29c1, 0x022e3435, 0x033e3523, 0x22067847, 0x4c031e07, 0x5b0809c7, 
    0x012e0717, 0x432f1a0a, 0x202c1c29, 0x48260b11, 0x22230f3d, 0x01e90c1e, 0x27230ea7, 0x3c271227, 0x3f21152a, 0x192b3b5c, 0x0a790508, 0x31246614, 
    0x070a1722, 0x1218100c, 0x0a121910, 0x20200f57, 0x667c0b1d, 0x2525210e, 0x26180910, 0x3e2f2635, 0x0a0d1d2b, 0x1b0a111a, 0x2c12180a, 0x2e08e482, 
    0x00140001, 0x02080200, 0x002e00c5, 0x0337405f, 0x04161906, 0x0c050518, 0x2f461e0c, 0x02003f00, 0x0f307900, 0x02301f30, 0x110b1808, 0x83272611, 
    0x2f2732ec, 0x2a4a2126, 0x16061903, 0x2a270e16, 0x0e480b03, 0x25eb8208, 0x3912333f, 0x8042332f, 0x23ea8206, 0x33cd2f32, 0x3105f468, 0x11332f33, 
    0x31391712, 0x06140130, 0x23153307, 0xd218030e, 0x23220a50, 0xff833335, 0x01602620, 0x016c0806, 0x021e3233, 0x1d24f301, 0x2c14b04f, 0x01031b26, 
    0x0220fe3b, 0x182a1f12, 0x1f10c55b, 0x29350f19, 0x1f28301c, 0x7a2c4a0b, 0x3b5b3f48, 0x26ff011c, 0x136e213e, 0x0a21272a, 0x07210b7d, 0x2f333a25, 
    0x1f106e18, 0x2c0f1f1e, 0x18150f24, 0x3529680a, 0x0049331c, 0xff0a0001, 0x020e02f2, 0x002400b5, 0x18324057, 0x1b1b200a, 0x131e1e1c, 0x263fe187, 
    0x261f260f, 0x0a0b0802, 0x08401c0a, 0x251c480b, 0x23234a18, 0x481b2005, 0x0e0b021d, 0x43050a4a, 0xed24065f, 0x2f391132, 0x8806c741, 0x21f482da, 
    0xdb8212cd, 0x1b442520, 0x023e2c0c, 0x022e3435, 0x37013e23, 0x82213523, 0x014408f1, 0x0e020407, 0x4b6b4520, 0x2c373f1e, 0x571b1f0a, 0x1e322436, 
    0x6f421c0d, 0x040c0854, 0xfae9015e, 0x01040502, 0x5230d120, 0x0d09213c, 0x0c83050e, 0x1f180e1c, 0x1d2c1c11, 0x3c72470f, 0x43208080, 0x00001520, 
    0x0132c785, 0x000e02d3, 0x405a0022, 0x1c061434, 0x1b181717, 0xfe540e1b, 0x0f242c05, 0x2f241f24, 0x07080324, 0x83180606, 0x23183ac7, 0x031f1f14, 
    0x1955171c, 0x0c300700, 0x06570c01, 0x3f000b03, 0x325ded33, 0x20ca843f, 0x059242cd, 0xc520ca8b, 0x0620ca85, 0x22051c47, 0x44323303, 0xc78a05e3, 
    0x32333a08, 0x7cd30116, 0x13654478, 0x2a200919, 0x0e631b32, 0x51354326, 0x4a030a05, 0x01e6b501, 0x6a200204, 0x5a55a177, 0x037c0815, 0x3306080a, 
    0x060f1812, 0x782b5831, 0x11281178, 0x3abf8254, 0x01f2ff27, 0x00a902bc, 0x40440023, 0x00101f23, 0x0d1a1a16, 0x257b0053, 0x8251181b, 0x7a162db5, 
    0x0a101f24, 0x1716551b, 0x0a070018, 0x323bae87, 0xed32cd3f, 0x01393911, 0x1132f610, 0x1032ed33, 0x2f33edf6, 0x39391211, 0x58253031, 0x34240c65, 
    0x032e2726, 0x0809834e, 0x031e173e, 0x6b75bc01, 0x19125d46, 0x29275026, 0x21302522, 0x95162837, 0x291fb3b3, 0x162a3c26, 0x18504e90, 0x110f7908, 
    0x19131710, 0x271b0c12, 0x0a012d3c, 0x0e7a9b18, 0x0e0f1f1a, 0x0036261c, 0x33080082, 0xff460002, 0x021f0247, 0x000b001a, 0x4038001b, 0x3f530020, 
    0x7b0c010c, 0x1f1d0f1d, 0x0608021d, 0x7a135112, 0x1155071c, 0x5703061d, 0x12011714, 0x3f3f000e, 0xde21a083, 0x20ab82ed, 0x06f26bed, 0x01303123, 
    0x05a96c34, 0x37033e29, 0x07020e14, 0x53112315, 0x41080518, 0x32398701, 0x2b0c2015, 0x98152b41, 0x42765933, 0x42712495, 0x24435f3c, 0x39313001, 
    0xc6fe0305, 0x40332812, 0x516e4a29, 0x028b183b, 0x211c0ea9, 0x0000573d, 0x5a00ffff, 0xe80047ff, 0x06020f03, 0x0f875f00, 0x03d70125, 0x8326000f, 
    0x0700210f, 0xef200582, 0x0122bb82, 0xbb821e00, 0x17821c20, 0x5b001332, 0x11013240, 0x06150e11, 0x0808040a, 0x130e510b, 0x3406184e, 0x400b300e, 
    0x080b020b, 0x3f010811, 0x02044f04, 0x07120704, 0x24018208, 0x030e0c03, 0x20cb8206, 0x05f56412, 0x5dcd1025, 0x83331132, 0x10012605, 0xdd322bd6, 
    0x290d82fd, 0x11c632dd, 0x31331133, 0x05821330, 0x18331121, 0x230d6154, 0xb78fb81e, 0x8f320082, 0x01b8b8b8, 0xfe4601c9, 0x6c5a6cba, 0x5001b0fe, 
    0xbf835a6c, 0xf3ff3226, 0xb502ec00, 0x0420bf82, 0x5026bf84, 0xf604f7ff, 0xbf82b603, 0xb7822720, 0x5f012726, 0xa1002103, 0x3d22c782, 0x1f88b202, 
    0x1503a122, 0x37821f8a, 0x5d221f82, 0x1f84cb02, 0xf3ff2d24, 0x1f842904, 0x3f854720, 0x82840221, 0x00072407, 0x8453025d, 0xff50261f, 0x02fc03f2, 
    0x203f82b5, 0x2217842f, 0x8631022d, 0x03472417, 0x88fe0217, 0x024d2217, 0x2617842e, 0x0247ff46, 0x82080322, 0x844f2017, 0x014d222f, 0x82178439, 
    0xbb042147, 0x3f824784, 0x00070025, 0x88f0022d, 0x84d92047, 0x20178547, 0x8217864d, 0x35032147, 0x51201784, 0x02214785, 0x082f844c, 0x00000a24, 
    0xb603c702, 0x24002602, 0x07010000, 0x9c005f01, 0x1300a100, 0xff0200b9, 0x1f0940fd, 0x50130823, 0x5b180d02, 0x23260aeb, 0xe801f5ff, 0x2f821503, 
    0x2f824420, 0x5f01062d, 0x10000052, 0x15020b40, 0x821c3632, 0x370f2d2a, 0x342b2b4f, 0x0400ffff, 0x3c010000, 0x2c205784, 0x57820982, 0x82d7ff21, 
    0x2d298257, 0x08040201, 0x01500100, 0x2b4f0900, 0x8383342b, 0x82f6ff21, 0x832e2021, 0x0c012153, 0xc9205385, 0x01285384, 0x01080401, 0x02015000, 
    0x53822984, 0xf2ff3224, 0x5384e402, 0x53853220, 0x85c30021, 0x01022953, 0x141d2c28, 0x2d220250, 0x00215387, 0x202b822d, 0x82a78432, 0x820120a0, 
    0x846620a7, 0x00022953, 0x00092420, 0x250e0250, 0x4620a786, 0x7d202782, 0x38205384, 0x99205386, 0x01265385, 0x041c1800, 0x81185012, 0x41240bf7, 
    0x0702f4ff, 0x58205384, 0x53822b82, 0x53845b20, 0x14000124, 0xa7820718, 0x8c190921, 0x02c22353, 0x53840026, 0x00b4022f, 0x008e00a5, 0x0315401e, 
    0x1d000102, 0x2a558224, 0x4f322103, 0x4f260602, 0x821a0601, 0x2b2b2433, 0x82343434, 0x205f85df, 0x84378234, 0xb402215f, 0x2121b382, 0x263482b2, 
    0x40feffb8, 0x82201911, 0x1e032a64, 0x09024f2e, 0x09014f22, 0x25388716, 0xff000000, 0xc78500ff, 0x06257387, 0x007bbe02, 0x223b8600, 0x851140fa, 
    0x31182174, 0x7518748f, 0x70200bc7, 0xb7227788, 0xad89003c, 0x09217483, 0x24748226, 0x18014f1a, 0x92748915, 0x7fbf2173, 0xaf827388, 0x35207386, 
    0x5c20739b, 0xb8217388, 0x8573883d, 0x821420e8, 0x92e88fac, 0x8cbd2073, 0x1d242773, 0x03501204, 0x7382322a, 0x014f2c24, 0x23412006, 0x055f410d, 
    0xb620e789, 0x2421e789, 0x20e7841d, 0x23e7822c, 0x2a014f20, 0x180b5c41, 0x240d57b9, 0x0c2e404c, 0x05e24627, 0x1f292a08, 0x531d0129, 0x1f080f13, 
    0x03082f08, 0x0c287b08, 0x08012700, 0x12052727, 0x1813570f, 0x01223001, 0x0b055722, 0x5ded3f00, 0x05d74b3f, 0xcd5d5e27, 0x5df61001, 0x05ef5032, 
    0x3031322e, 0x020e1401, 0x35262223, 0x21373634, 0x26071f60, 0x1e323303, 0x821e0502, 0x023e2406, 0x181b0237, 0x0807866d, 0x05520125, 0x4e2a404c, 
    0x280c1419, 0x471c3831, 0xfe214569, 0x160b01a2, 0x24191a24, 0x01030d18, 0x4769460b, 0x18868823, 0x251148b9, 0x1c11111d, 0xe7411424, 0x05eb4305, 
    0xeb43c220, 0x02200807, 0x00aa00b4, 0xb221008e, 0xb8020304, 0x1140feff, 0x13082b24, 0x39280450, 0x2d0d034f, 0x210d024f, 0x18083d41, 0x20083f7f, 
    0x07f74334, 0x4fb40227, 0x401e0000, 0x233a8215, 0x1c3e3705, 0x3c293682, 0x0f034f4c, 0x0f024f40, 0x0c234234, 0xb522738f, 0x7382ab00, 0x85b11a21, 
    0x2b0d2272, 0x2172822c, 0x6e882803, 0x92343421, 0x52b52b6b, 0x40170000, 0x07020310, 0x6a823f3e, 0x883c0321, 0x34342266, 0x822f8200, 0xbf032363, 
    0x9b826e03, 0x0000a138, 0x8a000701, 0x99009e01, 0x0b401000, 0x1c1b7502, 0x02501105, 0x17441d08, 0xff232608, 0x023d03f2, 0x202b82d5, 0x342b85c1, 
    0x0000e800, 0x00b91300, 0x40f4ff03, 0x27595809, 0x0003500d, 0x822e855a, 0x003d0820, 0x02f3ff32, 0x00c502ce, 0x4048002b, 0x01212b25, 0x1a1b442a, 
    0x7807041a, 0x1046212d, 0x1e1b2c79, 0x2a07154a, 0x01150204, 0x151a0b01, 0x084a2603, 0x3f00090b, 0x333fed33, 0x122f3912, 0x07804a39, 0x10edf636, 
    0x113232f6, 0x1132ed33, 0x01303139, 0x15333533, 0x15231533, 0x6e0d6757, 0x152106a4, 0x06496814, 0x80012328, 0x51519c61, 0xce187c1c, 0x4268104f, 
    0x01613509, 0x6b4a4a38, 0x30190bb6, 0x5756865c, 0x0d305d86, 0x7d051211, 0x20093a68, 0x08db8250, 0x2d000252, 0x500244ff, 0x22001a02, 0x73003300, 
    0x334f4340, 0x12323301, 0x01035124, 0x001f000f, 0x357a0002, 0x351f350f, 0x0a0a0b02, 0x180f532b, 0x0802181f, 0x00347b18, 0x32033224, 0x15572e31, 
    0x32401512, 0x32153201, 0x57280e15, 0x0b011d22, 0x070a570e, 0x2006144d, 0x05b35333, 0x33115d23, 0x37d98210, 0x32cd1033, 0x5ef61001, 0x1133ed5d, 
    0xf4105d33, 0xfd33cd5d, 0x5dcd3232, 0xec82f083, 0x210b1c49, 0xde55013d, 0x3e342b05, 0x1e323302, 0x33071702, 0x43182e35, 0x35250a23, 0x440c0223, 
    0xcdba1844, 0x4be03e18, 0x3d141e0b, 0x1736313a, 0x014b0e28, 0x81b45a50, 0x7d0e117d, 0x2c38100e, 0x810b0b13, 0xd3ba1874, 0x4fac3107, 0x3c500302, 
    0x080c403f, 0x00ffff49, 0x02f3ff32, 0x2005e745, 0x06e7452a, 0xa100c830, 0x0b401000, 0x28243901, 0x01500d15, 0x2342291a, 0xff2d2a08, 0x030c0244, 
    0x00260215, 0x05e7454a, 0x83007521, 0x21022929, 0x0c202f2b, 0x30260250, 0x0aef7218, 0xb603a222, 0x2e202782, 0x92205386, 0x2c053b47, 0x40e2ff01, 
    0x07191509, 0x08015014, 0x2056851a, 0x66838200, 0xc2200543, 0x4e202f82, 0x06352f82, 0x001ebc02, 0x00b91300, 0x40a3ff01, 0x161e1a09, 0x1801500e, 
    0x202d8519, 0x08af8202, 0xe4022336, 0x2b00c502, 0x36003f00, 0x22291c40, 0x362c0303, 0x41791746, 0x790d462c, 0x124a3b40, 0x29252803, 0x1a4a3100, 
    0x3f000908, 0x32dded33, 0xed3f32cd, 0xedf61001, 0x11240282, 0xc4dd2f39, 0x08a57818, 0x2e373624, 0xe3753503, 0xb45a1808, 0x54012010, 0x0e2c0cb3, 
    0x43c10102, 0x110f123a, 0x5c7c4711, 0x0852cc18, 0x103f4526, 0x0f1f1f20, 0x09fe7118, 0x61fbfe21, 0xdd3d0f38, 0x28152932, 0x010e1613, 0x59865b2e, 
    0x2e5c8759, 0x59875c2e, 0x0c308f68, 0x10171515, 0xac78180d, 0x5f382009, 0x002d0f9a, 0xff2d0002, 0x02320223, 0x002a001c, 0x3beb8336, 0x03032128, 
    0x18532b0e, 0x5331387b, 0x2e377b0e, 0x27011357, 0x34002824, 0x0b091b57, 0x1220eb90, 0x3e21eb8c, 0x20ec8f01, 0xa15b1801, 0x5a13200c, 0x01210ac5, 
    0x33e8834d, 0x34091308, 0x27213d56, 0x39385f45, 0x4026445f, 0x14231339, 0x3628e789, 0x38333337, 0x37333338, 0x0b35de85, 0x2c040813, 0x3e3b6148, 
    0x28284866, 0x543e6648, 0x1f0b237c, 0x21dd8914, 0x5b61e501, 0xffff2109, 0x2505c341, 0x26026e03, 0x6b444f02, 0x44cf2006, 0x00280697, 0x170d4240, 
    0x42120250, 0x240a7342, 0x02320223, 0x202b82d5, 0x53661850, 0x3837210d, 0x39202984, 0x26067342, 0x02f1ff14, 0x82b6032f, 0x421c2027, 0x60200673, 
    0x2806c742, 0x1b2d2907, 0x07015010, 0x2653882e, 0x0147ff05, 0x821503db, 0x42b0202b, 0x2d2a05c7, 0x40100000, 0x2306010b, 0x29831727, 0x53852820, 
    0x82b8ff21, 0x83332027, 0x5d012127, 0xce202785, 0x4d282785, 0x0c031410, 0x150b0150, 0x00272785, 0x04f7ff50, 0x4abd02f6, 0x072106fb, 0x0c134b00, 
    0x0b4b178a, 0x8208200d, 0x4b47202f, 0x8b430c03, 0x02bf2405, 0x822a0026, 0x0007266f, 0x0015018f, 0x219984a0, 0x7318264c, 0x1f2015a3, 0x82068b43, 
    0xdf00212b, 0x102c4b82, 0x51020b40, 0x0c202b2d, 0x2c250250, 0x20066043, 0x089f8201, 0xe903f243, 0x1d00b502, 0x1f403a00, 0x4409781f, 0x4400160a, 
    0x44181b01, 0x481c1e19, 0x09170917, 0x19021a19, 0x104a0508, 0x00020109, 0x3fed3f3f, 0x3939123f, 0x01ed2f2f, 0x32fdde10, 0xde32eddc, 0x3031e6ed, 
    0x06386b01, 0x82113521, 0x05615308, 0x23013d24, 0x0e822311, 0x01332b08, 0x372d9ceb, 0x169b2d36, 0x4b4c6339, 0xff183a63, 0x02ff9c9c, 0x4b55feb5, 
    0x014b4747, 0x38e2fe0c, 0x27284660, 0x31385f45, 0x1682dafe, 0x0000f723, 0x39938202, 0x02770247, 0x000f00bb, 0x4033001b, 0x3f46151c, 0x790a010a, 
    0x011d0f1d, 0x9c821b08, 0x101c782e, 0x010f0f4a, 0x02074a18, 0x3f2f0001, 0x330bc478, 0xed5df610, 0x23173031, 0x33033e11, 0x14151632, 0x3507020e, 
    0x08069c50, 0xec070633, 0x4038159c, 0xa1922245, 0x54906b3c, 0x223e5633, 0x2c1d434d, 0x4103b910, 0x0a0f1208, 0x85538187, 0x92205269, 0x59453617, 
    0x06423d3a, 0x00ffff04, 0x228c8250, 0x18bf03a4, 0x24085f6b, 0x00c70043, 0x057d44a0, 0x0940d629, 0x0e051113, 0x18060150, 0x200a6f5c, 0x222f8246, 
    0x821f030c, 0x0051292f, 0x00070100, 0x00820043, 0x2a06ad44, 0x170940e2, 0x50070015, 0x41160201, 0x0022067a, 0xe7470004, 0x1f003006, 0x36002a00, 
    0x25013a00, 0x39380d40, 0x8239373a, 0x17540801, 0x0f010fd0, 0x40c0ffb8, 0x481610a0, 0x2e31310f, 0x15104017, 0x2b2b1748, 0x02012e2e, 0x2a292603, 
    0x60200020, 0x1a24011a, 0x101a0001, 0x1a14021a, 0x1a941a24, 0x011a0003, 0x1a01000b, 0x4c002000, 0x1f141a1f, 0x1f903c1a, 0x05061f01, 0x22232504, 
    0x20072021, 0x194e9318, 0x4c07203f, 0x08140d08, 0xff20cf0d, 0x08200220, 0x480b0840, 0x081f3b08, 0x2e14383a, 0x25261a34, 0x50931848, 0x0120240c, 
    0x181a2008, 0x261c5093, 0x18d67cdd, 0x18013fc5, 0x2d495493, 0x39391171, 0xc5102f2f, 0x3031c510, 0x7e182e21, 0x2620093e, 0x2105a445, 0x93181516, 
    0x3725185c, 0x02372707, 0x427e1820, 0x42243208, 0x0e203d3f, 0x15251c11, 0x05073f2a, 0x433f3e20, 0x5d931825, 0x1f2c0808, 0x171f141a, 0x17170d0e, 
    0x3e170e0d, 0x24a220a9, 0x4c26264c, 0x9fb46924, 0x20174490, 0x0d1a2619, 0x180f3333, 0xa091450b, 0x180269b6, 0x083f7e18, 0x1412be2b, 0x13121214, 
    0x3c40bd13, 0x08874954, 0xf349b520, 0x02073706, 0x008e00b3, 0x400f0000, 0x02030409, 0x1c36340b, 0x342b5013, 0x5b4a3434, 0xbf032308, 0x8349bf03, 
    0x018f2208, 0x05d343e5, 0x1d8f0229, 0x5011051b, 0x441c0802, 0x23260897, 0x3d03f2ff, 0x83491f03, 0x018f2208, 0x05d34352, 0x5a300329, 0x500d2658, 
    0x88590003, 0xff32242b, 0x84e402d3, 0x00b32857, 0x00070100, 0x82fe008f, 0xb60a2757, 0x2f310103, 0x8082000d, 0x2d24a782, 0x3202d9ff, 0xd3204f84, 
    0xa8202386, 0x07224f86, 0x24822c2e, 0x4e120321, 0xa7420917, 0x4bc12005, 0xb2250803, 0xa2007500, 0x058f4a00, 0x0d40ed2a, 0x13082026, 0x250d0350, 
    0x4a07fe4a, 0xaf830a8f, 0x5f824420, 0xb2020624, 0x31890012, 0x1c333922, 0x0f223182, 0xf94a4f38, 0x34342106, 0x200a574f, 0x22678894, 0x43a400b1, 
    0x0225056f, 0x0940ffff, 0x05574f2d, 0xba442520, 0x076b4106, 0x4bf40221, 0xb129085f, 0x1000004f, 0x0c020b40, 0x05574f40, 0x73483820, 0x033b210a, 
    0x2820bf83, 0x07248b82, 0x4600b202, 0x0232bf84, 0xe1ffb801, 0x0d130d40, 0x02500a00, 0x014f1201, 0x31820e01, 0xbf842b20, 0xf2ff2d25, 0x83031b02, 
    0x854820bf, 0x873b20bf, 0x40f82ebf, 0x00292f0d, 0x04035007, 0x04024f2e, 0x1831852a, 0x2108b770, 0xbf83033b, 0xb1226785, 0xbf857900, 0xf7ff0126, 
    0x101a0940, 0x01206682, 0x2b216682, 0x06ff412b, 0xbf846384, 0xb1216385, 0x22bf8569, 0x822c3608, 0x8202205f, 0x232a825f, 0xbaffffff, 0x53208182, 
    0x2c20bf84, 0xff21bf85, 0x2ebf88a6, 0x0b0d40e9, 0x50010005, 0x4f0a0002, 0x85060001, 0x2033828d, 0x202982ad, 0x50bf8346, 0x0222051f, 0xbf8399b2, 
    0x3184f183, 0x50000124, 0x31820202, 0x31860220, 0xff21bf83, 0x203382fe, 0x85bf8442, 0xffb12267, 0x058f42dd, 0x12020123, 0x22638208, 0x820a0001, 
    0x23bc825f, 0xf0ffffff, 0x34202b82, 0x5f86bb83, 0x84cfb121, 0x50df82bb, 0x2984057f, 0x24087f50, 0x002602c1, 0x21bb8532, 0x3b428a00, 0x40e02d08, 
    0x1d292f0d, 0x22035014, 0x22024f2e, 0x82064941, 0x05875033, 0x33821f20, 0x7b415220, 0x40ec2e0e, 0x0921270d, 0x0e035000, 0x0e024f26, 0x0a7b4122, 
    0x2005e750, 0x22678894, 0x85c800b1, 0x000222bb, 0x05e75036, 0x8409e347, 0x20bb835f, 0x215f8500, 0xbb846cb1, 0x2e000222, 0x2005e750, 0x0a374226, 
    0x83038721, 0x863520bb, 0x883c20bb, 0x40b12ebb, 0x15242a0d, 0x0003500b, 0x00024f27, 0x08374223, 0x29820120, 0x83039c21, 0x855520bb, 0x41ed20bb, 
    0xdd2d0777, 0x13190d40, 0x02501108, 0x014f180b, 0x5e85180b, 0x82002007, 0x005025ef, 0x03870200, 0x6785bb83, 0x7f00b122, 0x26053742, 0x40d7ff02, 
    0x82283209, 0x00022166, 0x4b066a4b, 0x01210613, 0x85bf849c, 0x32b12163, 0x0123bf84, 0x82162004, 0x8201205f, 0x2b2b225f, 0x08f74f34, 0x3820bf83, 
    0x6320bf86, 0x2a083742, 0x1f0d40e2, 0x50120419, 0x511e0602, 0x34200751, 0x34243383, 0x0702f4ff, 0x5820bf84, 0x2020bf85, 0x1b27bf8a, 0x50000715, 
    0x511a0902, 0xb743074a, 0x05475106, 0x6785bf83, 0x9f00b122, 0x22057b41, 0x52260001, 0x8118050f, 0x41200927, 0xbb845f83, 0xb1215f85, 0x21bb8561, 
    0x0f522200, 0x05fa4b05, 0x00013f08, 0x0246ff0f, 0x00c50205, 0x40410034, 0x051f2221, 0x4610170c, 0x46051f1f, 0x2f367925, 0x22351716, 0x0b0b480c, 
    0x2a4a001a, 0x174a1316, 0x3f00031a, 0x2f32ed33, 0x2f3912ed, 0x100139ed, 0x625632c6, 0x11ed2805, 0x39121139, 0x7e173031, 0x9f180630, 0x262007ce, 
    0x24086d66, 0x1415021e, 0x07175c06, 0x012a9008, 0x3727012e, 0x6e32021e, 0x29445930, 0x2241321f, 0x59483941, 0x5027333f, 0x682b331e, 0x48623a3a, 
    0x42333429, 0x926f4241, 0x1b170651, 0x0a0a0c1d, 0x31141818, 0x2c39220d, 0x0d1f3326, 0x30393883, 0x7c0f1432, 0x371a1915, 0x5a333c57, 0x3f6e1f1f, 
    0x1e446f52, 0x88020201, 0x00010201, 0x0a000100, 0xb20146ff, 0x2a001c02, 0x25404600, 0x53160508, 0x20261d0b, 0x0b050553, 0x11252c7b, 0x30082b26, 
    0x551d011d, 0x11001c1c, 0x250e1057, 0x82265723, 0x323f2432, 0x843f32ed, 0x865d20d7, 0x82e620d8, 0x7a1120e7, 0x132106c5, 0x23c08b32, 0x033e2707, 
    0x2405ed57, 0x35363235, 0x83e58234, 0xb1470811, 0x243f5733, 0x3f39362e, 0x55977142, 0x4c603209, 0x3225152e, 0x464b1a1c, 0x3c452a2a, 0x2a230c1e, 
    0x141c022f, 0x272f432c, 0x56141d4a, 0x395b4439, 0x027e011a, 0x242d1a0a, 0x08142019, 0x1e2b2a79, 0x047a1721, 0x4206080a, 0x8e2606a7, 0x2602b603, 
    0x474b2b00, 0x4ba72006, 0x01260647, 0x0107100c, 0x7b180150, 0x0020092b, 0x20050b49, 0x202b82c2, 0x0db74d4b, 0x0940b926, 0x0a001b17, 0x08090949, 
    0x5000012e, 0x750247ff, 0x1500c502, 0x1a402d00, 0x4009440a, 0x09480b08, 0x17201778, 0x15441401, 0x08151678, 0x004a100a, 0x3f000303, 0x3f2fed33, 
    0x70087c64, 0x8a080d16, 0x2223022e, 0x23110706, 0x51843050, 0x1d436e52, 0x3525159c, 0x12331a1f, 0x0ca6029c, 0x6d4f2c13, 0x02abfd41, 0x263d2c57, 
    0xfd030411, 0x000300c9, 0x0347ff2d, 0x00080306, 0x00310025, 0x406a003e, 0x2d26113c, 0x24101213, 0x34253251, 0x08380138, 0x01401b40, 0x0201400f, 
    0x1b0f5326, 0x1b2f1b1f, 0x7b1b0803, 0x0625243f, 0x2357302d, 0x3b3e0120, 0x0d350300, 0x11111012, 0x1657290d, 0xed3f000b, 0x332f32c4, 0xd4dd1033, 
    0x8232cd32, 0x4f0382a6, 0x5f3205d6, 0xd6105d5d, 0x32d45dcd, 0x33cc32fd, 0x31391233, 0x536b2530, 0x2707220d, 0x067a6737, 0x7c7f3420, 0x37352105, 
    0x2505fe76, 0x012e1137, 0x0b852223, 0x26343522, 0x2408dd83, 0x290b1602, 0x2b3a201d, 0x43321d1a, 0x17523c25, 0x0b524c4a, 0x66410913, 0x3c202546, 
    0x311f3857, 0xaffe9519, 0x06667d3e, 0x016a8808, 0x1b201951, 0x101a1d1c, 0x06860a1f, 0x3e2a160f, 0x2b412c29, 0x512b3015, 0x26015b48, 0x403f6547, 
    0x0c264867, 0xfe18ee0b, 0x03544503, 0x090f0102, 0x1f63fe0c, 0x1915242a, 0x000a0c23, 0xff320002, 0x029602f2, 0x003100b5, 0x40650041, 0x0908113b, 
    0x08080c09, 0x0c3f4603, 0x46370c01, 0x163f162f, 0x43791602, 0x2a2a2921, 0x3029462f, 0x3d260126, 0x1f1c0f46, 0x1c08021c, 0x11214279, 0x3a3a4a00, 
    0x4a320229, 0x4c090919, 0x39240535, 0x3939ed2f, 0x32051241, 0xe5325dd4, 0x39122f32, 0xed5df610, 0x32ed5dd4, 0x8233112f, 0x3031280d, 0x35363201, 
    0x66022e34, 0x7d680839, 0x05797b07, 0x3435032e, 0x0e333736, 0x16141503, 0x023e3213, 0x08051141, 0x1e1415bc, 0x38640102, 0x06030131, 0x0a0a9705, 
    0x181e0f05, 0x0b1b2e23, 0x90a2a290, 0x232e1b0b, 0x050f1e18, 0x05970b09, 0x31010306, 0x28351d38, 0x40405218, 0x35281852, 0x3140b101, 0x25212014, 
    0x2d452919, 0x272b2c13, 0x2d29110e, 0x73661831, 0x31186673, 0x0e11292d, 0x132c2b27, 0x1929452d, 0x14202125, 0xc2fe4031, 0x1924180b, 0x322d2d32, 
    0x0b182419, 0x00020000, 0x02f2ff28, 0x0008032e, 0x00350029, 0x06324053, 0x8f075103, 0xaf0a9f0a, 0x0a0a030a, 0x7b10532d, 0x51272437, 0x90208023, 
    0x0320a020, 0x53332020, 0x0d367b1a, 0x3057001d, 0x2a062330, 0x070b1557, 0x3f3f0006, 0x12413fed, 0x33ed2407, 0x5b335d2f, 0x08830614, 0x20060941, 
    0x05084126, 0x21089d44, 0x5f182e22, 0x36280833, 0x010e3337, 0x13161415, 0x2006e643, 0x080b8206, 0x272b0123, 0x8c07042c, 0x33270908, 0x45263a3e, 
    0x5f39395f, 0x3e3a2645, 0x08092733, 0x2c04078c, 0x3a3a3127, 0x08038231, 0x3ee90172, 0x2f5a1d3b, 0x3e2b5128, 0x6f1e1c57, 0x3f5b3840, 0x5b3f2222, 
    0x1e6f4038, 0x2b3e571c, 0x5a2f2851, 0xfe3e3b1d, 0x393b3f89, 0x3b394444, 0x0000003f, 0xff230001, 0x02440245, 0x001d00b5, 0x0e2b4055, 0x0506130d, 
    0x05151a00, 0x004c1a15, 0x05001405, 0x4006001a, 0x06480b08, 0x1e151b1f, 0x1c481b00, 0x0e0a0d02, 0x48061511, 0x3f000814, 0x32de32ed, 0x1806b068, 
    0x251257d4, 0xdd101801, 0xef8232cc, 0x07030e24, 0xec521521, 0x2135210a, 0x0f69d418, 0x635b2408, 0x1418310e, 0x39141310, 0x511c70fe, 0xfe275b58, 
    0x020602c9, 0x7c692149, 0x68723c84, 0x73080564, 0x18430305, 0x080b7bd4, 0x47ff2328, 0x0e02d601, 0x77001f00, 0x0d0e4440, 0x05140614, 0x00020524, 
    0x1c1b0105, 0x0f021c2b, 0x0005011c, 0x1705171c, 0xc384591c, 0x86001c21, 0x302130c4, 0x210f0121, 0x1d1d0801, 0x1d002017, 0x83001e55, 0x061724cc, 
    0x8c0a1655, 0x32ce22cc, 0x0714632f, 0x87c10023, 0x09036605, 0x00825d20, 0x3320d58a, 0x3622d58b, 0xd784013d, 0x2135232a, 0x3d12d101, 0xfe1d4746, 
    0x250a3a6b, 0x3b15c9fe, 0xc0184041, 0x92310a0d, 0x08055152, 0x1803056a, 0x2458181a, 0x204f5453, 0x06b7557c, 0x03c70222, 0x2308234b, 0xec006201, 
    0x220a234b, 0x18082721, 0x830a428c, 0xff23242f, 0x4be801f5, 0x07200823, 0x912b2f82, 0x10000000, 0x06020b40, 0x821c3a34, 0x320f212c, 0x0806504b, 
    0x50000153, 0x3b0223ff, 0x2600b502, 0x37406300, 0x261f1918, 0x0c0c0f23, 0x011f1f12, 0x0601060f, 0x08400a02, 0x280a480b, 0x04012820, 0x78014409, 
    0x19151827, 0x48050b1c, 0x0701072f, 0x48090107, 0x03080b00, 0x00020148, 0x333fed3f, 0x2f3912ed, 0xdc10ed5d, 0x05686c32, 0x105dc027, 0xc6c62bde, 
    0x2b15825d, 0x332f33cd, 0xce1032cd, 0x33303132, 0x2207917e, 0x18152115, 0x201aa372, 0x4b861850, 0x05b92109, 0x16a77218, 0x83b5022c, 0x83a78088, 
    0x1008160a, 0xa518172c, 0x0e220cd4, 0xee820f26, 0x2f530020, 0x1b560805, 0x34001c02, 0x81003f00, 0x32564c40, 0x06023266, 0x22080107, 0x2d302923, 
    0x1c161619, 0x12002929, 0x0135a713, 0x082f5335, 0x417b0801, 0xa801410f, 0x0c3f013f, 0x407b0053, 0x26231f22, 0x0f120b17, 0x2f3f1657, 0x020b3f0b, 
    0x30050b0b, 0x3f0b1613, 0x573a013a, 0xad580105, 0x82332005, 0xcd5d25dd, 0x3f32ed10, 0xed21f686, 0x05197232, 0x32c45d22, 0x5e23f88d, 0x45135d5d, 
    0x152e05ec, 0x21070614, 0x3233011e, 0x0e173736, 0x02820701, 0x42011e21, 0x37290c31, 0x012f2636, 0x2e37013e, 0x25d21803, 0x56142d19, 0x02060430, 
    0x3e4c1820, 0x12162c16, 0x09e8a618, 0x070d042c, 0x19355036, 0x0b015e01, 0xf2582317, 0x46032606, 0x89244669, 0x07f25885, 0x03120b24, 0xa0180e08, 
    0x212f113e, 0x472f090e, 0x24136c59, 0x1c11121c, 0x5d001325, 0xf22405f3, 0xc203e402, 0x22085f4b, 0x59ce00b4, 0xff2e0907, 0x342d1140, 0x0450141d, 
    0x034f4230, 0xcc4b3622, 0x342b2307, 0x3b833434, 0xf2ff2d26, 0x34033202, 0x2108cf4b, 0x075975b4, 0x25012c07, 0x5000092c, 0x4f3a2804, 0x4b2e0e03, 
    0x368407d1, 0xb9227393, 0x7382d100, 0x10401727, 0x36010203, 0x226f8228, 0x82464303, 0x1835206b, 0x8f0b5768, 0x79b9216b, 0x22060759, 0x82202e04, 
    0x3b03226a, 0x2066823e, 0x4c31862d, 0x9420089f, 0x081b7a18, 0x10016222, 0x2305bb4a, 0x302a0002, 0x02206282, 0x106f7a18, 0xc786f420, 0x62010725, 
    0x4300b400, 0x0022054b, 0x5c822822, 0x200e0222, 0x410a834f, 0xb5220d2f, 0xbb87d000, 0x35340022, 0x03215882, 0x08274131, 0x8f070f50, 0x74b521bb, 
    0x0022bb86, 0x5e822d2c, 0x41280321, 0x57410822, 0x00052605, 0x03900200, 0x268f826e, 0x0100003c, 0x828a0007, 0x00992761, 0x010b4010, 0x69181100, 
    0xe7820c0c, 0x47ff0526, 0xd5021902, 0x5c202b82, 0x20052b55, 0x23b98457, 0x22210401, 0x0a086918, 0xff022e08, 0x0147fffb, 0x000703f5, 0x00240017, 
    0x261d403c, 0x241e5108, 0x12115117, 0x257a1610, 0x00071716, 0x1b212403, 0x0d111112, 0x0d101013, 0x05db7b00, 0xdd331133, 0x32cd32d6, 0x1001333f, 
    0x32c632f6, 0xfddc32fd, 0x13e748c6, 0x11352626, 0x16140337, 0x08cb5b18, 0x05010724, 0xcf482a0a, 0x553d2908, 0x764c4c19, 0x1a019501, 0x2405b648, 
    0x07860a20, 0x07b6480e, 0x532c312b, 0x0a0d8348, 0xfc18bc02, 0x05a448f7, 0x000a0d22, 0x02220082, 0xd7824600, 0x02fc4708, 0x0027001a, 0x405e0034, 
    0x08510735, 0x0436357a, 0x021a141a, 0x232e511a, 0x00222424, 0x121b3451, 0x0f02122b, 0x02080112, 0x34151212, 0x23242b31, 0x22251f23, 0x090e1f22, 
    0x010c5703, 0x3f000a08, 0x3f33ed3f, 0x01841133, 0x0135cb84, 0x5d5e5f2f, 0x32ed335d, 0xdc331132, 0x10c65dfd, 0x3031edfe, 0x427d1801, 0x0f1e750e, 
    0x37270725, 0x8c173526, 0x187720e0, 0x490c567d, 0xed860abd, 0xec889420, 0x48170127, 0xfe02033c, 0x3ad0186a, 0x05a32207, 0x20fc8e10, 0x21f88535, 
    0xf7830b0c, 0x0805a741, 0x00a90224, 0x0028001b, 0x2a234047, 0x0801082f, 0x171a2822, 0x1211511b, 0x16291610, 0x18551b17, 0x28030000, 0xad411f25, 
    0xcded2f16, 0xd6100132, 0xfd32ce32, 0xdc33cd32, 0xb2415ddd, 0x33152318, 0xb6412315, 0x22c8910e, 0x41b3b395, 0xbb900ab8, 0x185e0226, 0x6bfe7c9b, 
    0x6108c188, 0xff2d0003, 0x036a03f3, 0x000b0008, 0x003a002e, 0x3045406e, 0x7b3c013c, 0x27305100, 0x27602740, 0x27042790, 0x36511e05, 0x1d401d30, 
    0x1d901d60, 0x532f1d04, 0x141f140f, 0x0803142f, 0x1d3b7b14, 0x3605061e, 0x57390236, 0x221c1c1f, 0x35060119, 0x57320935, 0x0b0f0c2c, 0xc0333f00, 
    0x1133c0fd, 0x04833f33, 0x33200985, 0x2105764a, 0xe9825ddc, 0xed5ddc33, 0x30315de6, 0x22233401, 0x1e110706, 0x36323301, 0x0b515c05, 0x35171622, 
    0x07a44d18, 0x20052a6a, 0x0b8c4b26, 0x6ad20222, 0x07964d18, 0x22fafe24, 0x794b2348, 0x1819200b, 0x2309b950, 0xd7fe4822, 0x2b09864b, 0x090c900b, 
    0x0302f1fe, 0x0e0bba54, 0x2d0c774b, 0x270c0bfa, 0x3f3e6548, 0x0e274866, 0x844b0a01, 0x4c002007, 0x4f08069b, 0x001a026a, 0x002c000b, 0x40660038, 
    0x2d7b3a40, 0x40143053, 0x90146014, 0x0c140414, 0x1f51331c, 0x06400630, 0x06900660, 0x53000604, 0x251f250f, 0x0803252f, 0x30397b25, 0x0c0f5709, 
    0x1f1c012a, 0x0534221f, 0x57023705, 0x1d0b2219, 0x3f3f000e, 0x25051641, 0x33113311, 0x0b82333f, 0x2b0a1341, 0xed5ddc39, 0x133031e6, 0x36323314, 
    0x2005744c, 0x0ea34c06, 0x35231522, 0x200a7b5c, 0x07074316, 0x33011e24, 0x1141c532, 0x06012708, 0x41224922, 0x05784666, 0x36192c08, 0x2576701f, 
    0x21416646, 0x41290149, 0xd118090f, 0xb722082e, 0x1078100b, 0xc684080a, 0x7e930c0b, 0x2849653d, 0x45f9fe10, 0xfe020353, 0x000c09f3, 0x0a000300, 
    0xdd029fff, 0x19001303, 0x26002100, 0x5740a800, 0x03082600, 0x0b191909, 0x18032120, 0x0a1a180a, 0x171a0909, 0x0e160316, 0x1a1c0c0d, 0x0f1a0f15, 
    0x1415104c, 0x05151010, 0x1a04161a, 0x16034c04, 0x28160314, 0x10201a03, 0x20201f27, 0x48222626, 0x080b0b0c, 0x04070708, 0x0216181a, 0x08100215, 
    0x0409080f, 0x00080308, 0x3f333f3f, 0x33230082, 0x44391233, 0xed3a05d6, 0x11331132, 0xd6100133, 0xdddd191a, 0x2b87c618, 0x10c47d87, 0x0587c40e, 
    0x0a861018, 0x0ec40529, 0x8710c4c4, 0x4401c40e, 0x1124053a, 0x32391712, 0x20080483, 0x16013031, 0x2e231712, 0x07232701, 0x0e233727, 0x3e230701, 
    0x17333703, 0x0e071737, 0x37330703, 0x08198217, 0x0402078e, 0xa73b6b33, 0x880d180b, 0x44495552, 0xa20b180d, 0x42434627, 0x2c129523, 0x1505e357, 
    0x45101f1b, 0x0f07593d, 0x2e021b07, 0xabf1fe74, 0xf7264c24, 0x4c26de19, 0xa8be7024, 0x85274897, 0x340fe618, 0xba2d5345, 0x122914ba, 0x0002004f, 
    0x029aff32, 0x0015037b, 0x00310025, 0x04294047, 0x00250303, 0x2a232407, 0x29161408, 0x260c1718, 0x26330f0e, 0x32791b46, 0x244a2d07, 0x29032000, 
    0x184a090e, 0x09120f16, 0x33333f00, 0x3232ed33, 0xed290682, 0xf6100132, 0x32c610ed, 0x21c68211, 0xc482332f, 0x17011e23, 0x61aa8207, 0x17260557, 
    0x2223010e, 0xd0822726, 0x57012e21, 0xd0820676, 0x16140125, 0x822e1317, 0x0e600819, 0x12420202, 0x0b2d0b1c, 0x0f8c101c, 0x202a3622, 0x78212b0d, 
    0x0b170c4f, 0x621b621e, 0x825e3665, 0x1125144c, 0x76fe641c, 0x08892d27, 0x4524080f, 0xa5022035, 0x7e060e07, 0xfe050d06, 0x0e0b0858, 0x20147d06, 
    0x1d5a0101, 0x83ac2352, 0x305d8756, 0x1c550203, 0x684165fe, 0x01a1011d, 0x54351801, 0x0805ef45, 0xa7ff2d34, 0x6402e401, 0x2a002300, 0x26404200, 
    0x22070023, 0x14130828, 0x0b151627, 0x0e030319, 0x1953242c, 0x28072b7b, 0x1e002257, 0x0a0d2701, 0x0e141657, 0xe4930b11, 0xe5822f20, 0x1620e28a, 
    0x21068449, 0xe18c2223, 0x17373323, 0x08e18203, 0x010e3799, 0x1c10ab01, 0x200c200d, 0x16125e14, 0x151a3e1b, 0x232f4e1a, 0x1a4e1a1f, 0x46253e44, 
    0x0e084064, 0xfc501807, 0x36510e0b, 0x050c0234, 0x0577050b, 0xe1fe050a, 0x7a0b0a03, 0x5106100b, 0x82225217, 0x4b653953, 0x1649012c, 0x3420b9fe, 
    0x4f08fa13, 0x0a000100, 0x2a020000, 0x0d00b502, 0x1e403b00, 0x09070606, 0x4407040f, 0x0100000c, 0x040e780c, 0x0101014f, 0x020c0c07, 0x080b4808, 
    0x3f000202, 0x3912ed3f, 0x5dcd332f, 0xe6100132, 0x102f3932, 0xc61032ed, 0x672f3911, 0x35080abf, 0x11211521, 0x9c510a23, 0x33018989, 0x015131fe, 
    0xfe0b01aa, 0x86b66ef5, 0x02003c01, 0xd2ff1100, 0xf602b002, 0x0f000c00, 0x1d403900, 0x11060607, 0x440f0805, 0x6f82020b, 0x0d10032e, 0x040b0108, 
    0x0f08090c, 0x04064802, 0x333f6c82, 0x333f32ed, 0x10013917, 0x331132d6, 0x32fd32dd, 0x1133c4dd, 0x3f303133, 0x35231101, 0x83173721, 0x07220806, 
    0x1f233701, 0x2502d1c3, 0xcefe4733, 0x18017c9c, 0xf80c4f4f, 0x41852c01, 0xfe7afe3a, 0x019e70ca, 0xe38266f8, 0xff286408, 0x02bc0147, 0x003a001c, 
    0x1758409c, 0x2d2c010c, 0x1111121f, 0x011c641f, 0x00011c12, 0x0869011c, 0x01081d01, 0x0801080f, 0x0508191c, 0x5908051c, 0x19141c19, 0x1919081c, 
    0x51031705, 0x0b08401f, 0x3c7b1f48, 0x3c4f3c0f, 0x37373802, 0x7b0b5117, 0x2c302d3b, 0x1505192a, 0x25370038, 0x15120b22, 0x7a010e11, 0x727a0671, 
    0x32de2205, 0x308018cd, 0x33112d27, 0x32c41018, 0x5d003031, 0x35363237, 0x12a8d418, 0x50171621, 0x49080585, 0x1e27012a, 0x37323303, 0x23010e17, 
    0x27042e22, 0xde011e37, 0x2d2a2129, 0x17293923, 0x5830606e, 0x3d1a1a1a, 0x2d244626, 0x0e253f31, 0x0d075560, 0x191c1307, 0x2716101a, 0x0d36190e, 
    0x28313b26, 0x28192a28, 0x116b4126, 0xd4181216, 0x21080ec4, 0x12111913, 0x21322823, 0x13014b45, 0x06070f19, 0x18050772, 0x2a303027, 0x0b0f670e, 
    0x01000000, 0x876f2300, 0x23460806, 0x41406f00, 0x07240714, 0x01070002, 0x202b201b, 0x01200f02, 0x1b200007, 0x59201b07, 0x00140700, 0x00002007, 
    0x08400e0f, 0x250e480b, 0x0f012530, 0x21080125, 0x00241b21, 0x00225521, 0x0e0a191b, 0x120f550c, 0x9b52000e, 0xed3f2105, 0x4e05da71, 0x322106c3, 
    0x11c44e2f, 0x01303125, 0x8b07050e, 0x2b2408f4, 0x033e3501, 0x21352337, 0x270cd101, 0x2f343530, 0x353b2612, 0x20222034, 0x0c37190e, 0x2f333a25, 
    0x21293f35, 0x3309c34e, 0x40382c0d, 0x0d1c4042, 0x06263332, 0x1b050776, 0x1b2a2f2a, 0x8207c74e, 0x820220d7, 0x02da3fdc, 0x002700c5, 0x0017402f, 
    0x15010144, 0x291d460c, 0x07281514, 0x0f140022, 0x031a154a, 0x8c6b0800, 0x39113605, 0xc6100139, 0xedde1032, 0xed2f3911, 0x23213031, 0x023e3435, 
    0x0b736e37, 0x0808ec5d, 0x15030e46, 0x129c0601, 0x1513251d, 0x35111d26, 0x2c2f162c, 0x11320d27, 0x203e3931, 0x190f857a, 0x2b151322, 0x24c61522, 
    0x0f232b38, 0x1f1b1a10, 0x081f2316, 0x7e070f0c, 0x0a0f1409, 0x37245a66, 0x110f212a, 0x1f2d241f, 0x07209f82, 0xa43d9f82, 0x25001c02, 0x15402b00, 
    0x01015100, 0x1b530c13, 0x12261327, 0x2007570f, 0x00011813, 0x239d830a, 0x32ed3939, 0x9b889c82, 0x9b8c3320, 0x27070622, 0x8209875e, 0xf6d2089a, 
    0x231b1195, 0x171d0f11, 0x252a1e0d, 0x0b2e1e51, 0x1e3c3529, 0x140b706a, 0x25130f19, 0x2073121d, 0x0c1c2531, 0x1915140b, 0x151a1410, 0x10067610, 
    0x4c590a0f, 0x1a222d1e, 0x1d190e0a, 0x00001823, 0x0a000300, 0x7302f7ff, 0x1700bd02, 0x33002800, 0x2b408400, 0x1012462d, 0x40154625, 0x15480b08, 
    0x35203579, 0x01350f01, 0x101a0033, 0x031a201a, 0x1d181a08, 0x08030644, 0xb0123478, 0xb82a012a, 0x2840c0ff, 0x2a480f0c, 0x1b051848, 0x011a1f06, 
    0x5f184f1a, 0x8f186f18, 0xbf189f18, 0x18180618, 0x0b483000, 0x01203002, 0x09004820, 0x5ded3f00, 0x3912ed3f, 0x5dde5d2f, 0x1032cd32, 0x395d2bed, 
    0x32f41001, 0xcc32fdce, 0x5dc05d5e, 0x2bfe105d, 0xf618d4ed, 0x352307a1, 0x6d333523, 0x15300614, 0x011e0714, 0x03061415, 0x23153315, 0x33011e15, 
    0x2006ae53, 0x0af84b27, 0x7139373a, 0x3046463d, 0x6f423172, 0x42502d50, 0x5eec9f30, 0x1828115e, 0x17293923, 0x0db0f618, 0x01589e25, 0x180909aa, 
    0x080a0c59, 0x2f390157, 0x02023058, 0x1c251609, 0x25752a31, 0x01222a29, 0x02000002, 0xf2ff0a00, 0xb502e302, 0x23001800, 0x2f405400, 0x0b44061d, 
    0x2578070a, 0x0f012580, 0x02252f25, 0x44031e08, 0x78021718, 0x1e1e0b24, 0x04040817, 0x0101014f, 0x19021717, 0x0709114a, 0x00020202, 0x055f453f, 
    0x325dcd22, 0x8305ca47, 0xedcc23e9, 0xe6825e32, 0x33ccf424, 0x664532ed, 0x821d8307, 0x601420d5, 0x270808e4, 0x3d363205, 0x14152301, 0x510a021e, 
    0x519cff9c, 0x6c462251, 0x456a494a, 0x6c015121, 0x13ff4739, 0xb5012f21, 0x00ff0001, 0x6e330383, 0x49663d41, 0x65492928, 0x46ce413d, 0x2a343454, 
    0x5110253b, 0x300807d3, 0x02b502c8, 0x00a80306, 0x00030000, 0x029bff50, 0x00080351, 0x0013000f, 0x408b0017, 0x0c0d0049, 0x08010809, 0x12060708, 
    0x03151611, 0x07020702, 0x05ea430a, 0x20194208, 0x17130119, 0x02020544, 0x18780501, 0x10090a11, 0x0c161748, 0x0b010b2f, 0x0708040b, 0x05064812, 
    0x0d141502, 0x0102480e, 0x0400030f, 0x333f0008, 0x32cc3333, 0x323232ed, 0xceed333f, 0x2f391232, 0x05ff475d, 0x10013233, 0x2f32c5f6, 0x5d32ed10, 
    0xc62bde10, 0x877d10c4, 0x240084c4, 0x18331101, 0x330c852f, 0x07213031, 0x11233727, 0x03173721, 0x07231533, 0x33011533, 0x03820e82, 0x34012808, 
    0x841b5526, 0x57208a01, 0x4060307b, 0x89acfeda, 0x4019bd34, 0x471e6559, 0x1d53b502, 0xa780bffe, 0x88aa0183, 0x82a751fe, 0x042c08df, 0xa6ff2d00, 
    0x66022802, 0x2f002500, 0x39003400, 0x5c40ac00, 0x230d1817, 0x27263938, 0x08220807, 0x11122008, 0x090a3334, 0x09222121, 0x00340182, 0x0d3f5330, 
    0x3b7b0d01, 0x1f013b30, 0x352f013b, 0x1f000f53, 0x28083982, 0x7b000803, 0x2630343a, 0x1011392f, 0x1d053535, 0x38212122, 0x57141217, 0x1d182023, 
    0x2a27330b, 0x08090557, 0x05070a08, 0x21f48401, 0xda82332f, 0x3321f482, 0x23fc8333, 0x11332f33, 0xfa82fb82, 0x3232cd22, 0x5e21fa83, 0x7bf8825d, 
    0x11210952, 0x21fe8833, 0x08411033, 0x052b4607, 0x2205ba51, 0x42173717, 0x072205e5, 0x3a480723, 0x49032006, 0x7a08081d, 0x2622013f, 0x020e2223, 
    0x012e3307, 0x1e010f27, 0x2d371701, 0x2f59462b, 0x4f19171f, 0x02403c18, 0x191fda01, 0x194b2923, 0x30260c14, 0x28171c37, 0x194d1b13, 0x24e54244, 
    0x1a040604, 0x030f1a26, 0x100f02e9, 0x0f02aa1b, 0x0301160e, 0x24466946, 0x48194e04, 0x0d5e7c1d, 0x07600c1c, 0x06790b0f, 0x0406090c, 0x4e1a5404, 
    0x6e848320, 0x27201301, 0x112d1615, 0x23145c54, 0x8200440d, 0x012b0800, 0xf2ff0a00, 0xb5021c02, 0x3a001900, 0x15151d40, 0x4418140c, 0x78190203, 
    0x1a0c0d1b, 0x14480017, 0x19090303, 0x4a100d02, 0x7509090c, 0x332908a8, 0x100132ed, 0xf41032c6, 0x280982cc, 0x312f3911, 0x15330130, 0x06034d23, 
    0x1e372733, 0x36323301, 0x3523013d, 0x01331133, 0x175151cb, 0x78f61839, 0x7949080a, 0xa5019c79, 0x5a334e6e, 0x16212743, 0x381a1179, 0x016e4642, 
    0xff020010, 0x0147ffba, 0x00fe0221, 0x00230017, 0x0f224042, 0x7a25020e, 0x03050818, 0x15171e51, 0x1b247a02, 0x04072157, 0x16160701, 0x57120f02, 
    0x020e0b0e, 0x05f04500, 0x2f391223, 0x05996733, 0xcc32f42f, 0x33cefd33, 0xc410e433, 0x03303132, 0x06036a33, 0x210d1669, 0x0f841323, 0x3634353b, 
    0x0f163233, 0x44449557, 0x370e6066, 0x190f1418, 0x571c2313, 0x242435fa, 0x35038335, 0xc7c74701, 0x6468d75d, 0x05790806, 0xd3282a04, 0x2f29bc01, 
    0x0382292f, 0x00820020, 0x00023d08, 0x0345ff32, 0x00c5025e, 0x00320020, 0x0023403e, 0x1a194629, 0x78124420, 0x0f462134, 0x02081f08, 0x33790808, 
    0x030d4a2e, 0x1a4a1619, 0x004a261d, 0x3f000903, 0x32d4ed33, 0xed3f32ed, 0x25054c4d, 0xccedf610, 0xa782ed32, 0x514e2520, 0x021e240b, 0x4a141115, 
    0x2621095c, 0x053b6835, 0x3435362f, 0x2223022e, 0x4202020e, 0x433f6022, 0x0637687a, 0x355b7c24, 0xb67f1f18, 0x91fe3508, 0x2c442f19, 0x2f196058, 
    0x442c2b45, 0x2440192f, 0x875b2e2a, 0x08082968, 0x28bafe21, 0x7905032a, 0x68580508, 0x52335601, 0x6b75203b, 0x203b5333, 0x00533b21, 0xff2d0002, 
    0x4e8e0247, 0x32080643, 0x12314050, 0x51061b13, 0x2c1f2c0f, 0x2c032c2f, 0x2e202e7a, 0x012e0f01, 0x220f5300, 0x2202221f, 0x09062d7b, 0x01272c57, 
    0x1c570205, 0x0f120b1f, 0x6a181357, 0x322008ad, 0x3220e582, 0x5d29e082, 0x105d5ded, 0x32ed5df6, 0x4ee182ce, 0x204f0b2b, 0x0e172506, 0x26222303, 
    0x4e0fa46a, 0x512d0a1e, 0x190e1d12, 0x1e0c150d, 0x5307191d, 0x081c4e53, 0x393b1b25, 0x4e011434, 0xfe2d0814, 0x042920c3, 0x06047303, 0x5a4e0203, 
    0x07134e1e, 0x0b080523, 0x3dd38206, 0x0200000a, 0x00bd0292, 0x0026001b, 0x11394062, 0x4c0b100b, 0x16141116, 0x10160b11, 0xb5644624, 0x282e0805, 
    0x0401280f, 0x02161416, 0x18201608, 0x19011b44, 0x01202778, 0x1a1a1648, 0x11081905, 0x1c081008, 0x0002054a, 0x3f3fed3f, 0x2f39123f, 0xda83edc0, 
    0xfdce3225, 0x825ec632, 0x2bd628de, 0x0010c6ed, 0x7b0587c1, 0x13200596, 0x6405d146, 0x232d075c, 0x2327032e, 0x23352315, 0x07062201, 0x05cc4615, 
    0x33510a28, 0xa69c2b6d, 0xf4183f43, 0x22080c24, 0x11250151, 0x582c0c1b, 0x79014d4c, 0x080a3201, 0x5b49756f, 0x49431a1a, 0x4622264f, 0xfd183b42, 
    0x183b01fd, 0x24083946, 0x00010000, 0x0804820a, 0x1902a42f, 0x46001900, 0x1b192740, 0x1b2b1b1b, 0x011b0f02, 0x07080208, 0x0f10510b, 0x071a7a0c, 
    0x300a5510, 0x0d0d010d, 0x5703000c, 0x0c011419, 0x082a430a, 0x84335d21, 0x33cc25c4, 0x5fcc32fd, 0xc626c583, 0x2e013031, 0xa4842301, 0xb0841520, 
    0x35333537, 0x3233013e, 0x0117021e, 0x1f36148b, 0x7f0a270e, 0x4444957f, 0x50e01828, 0x5d7d2b0c, 0xdd5db8b8, 0x0503190e, 0x6b410507, 0x9f350806, 
    0x1d00b502, 0x6c002400, 0x0c1e3940, 0x4c0c051e, 0x0d14160d, 0x160d2616, 0x051e1944, 0x191e1904, 0x19044c05, 0x19190414, 0x21122504, 0x09111c21, 
    0x19160109, 0x2a01821c, 0x0d081804, 0x05020c02, 0x82020402, 0x3f3f21a7, 0x22053368, 0x47cd3311, 0xd422085d, 0x345987cd, 0x10182f09, 0x87c4ddfd, 
    0x107d082b, 0x133031c4, 0x197f2e33, 0x3e332a05, 0x0e333701, 0x15330701, 0x7f058223, 0x23210531, 0x08148205, 0x011e2330, 0x1e10420a, 0x1d0cb00f, 
    0x1e10c20f, 0x1f0fa70c, 0x1d804310, 0x219c203f, 0x017f1e3f, 0x0b140b4e, 0x02150b55, 0x1d3b1d40, 0x1e1e3b1c, 0x08821c3b, 0x66356e31, 0x01fcfe33, 
    0x36673302, 0x16291453, 0x83002916, 0xff3008e3, 0x02290247, 0x0029000e, 0x40010130, 0x252732a3, 0x03d00324, 0x01037401, 0x03100300, 0xb403a402, 
    0xe403d403, 0x03900403, 0x01037601, 0x32010364, 0x20341985, 0x23030303, 0x2459232a, 0x03241403, 0x182a2428, 0xdf121b1a, 0x1c9edb18, 0x01126b22, 
    0x09a1db18, 0x1c120834, 0x1b591c2a, 0x121b1412, 0x2a012a60, 0x0b0c201b, 0xe17c160b, 0x24313105, 0x2a002300, 0x2e001203, 0x1f27152e, 0x1215181f, 
    0x08290182, 0x001b001c, 0x0b570f0c, 0x06954308, 0x20054e41, 0x074d4110, 0x3333113a, 0x10013f3f, 0x33c42bd4, 0x191a332f, 0x875dcd10, 0x7d872b18, 
    0x5d5e01c4, 0x712a0084, 0x0e877171, 0x01c405c4, 0xc7501019, 0x8e012007, 0xc4182a19, 0x0e013031, 0x030e0701, 0x0c547f23, 0x41352321, 0x8241118d, 
    0xcd012706, 0x15203a1b, 0xdb18322a, 0x25080b87, 0x5f1c381b, 0x0d1a0e3d, 0x0e17089c, 0x09150c84, 0x0d190d98, 0x09f7fe3b, 0x0b4f0a13, 0x4c0e0114, 
    0x3f2d458e, 0x6a7f1329, 0x36450806, 0x265d477b, 0x54222b52, 0x22542d2d, 0x5d27522a, 0x233d1878, 0x01003d23, 0x47ff0500, 0x0e02db01, 0x54002800, 
    0x00003040, 0x13532407, 0x133f0909, 0x2a7b1301, 0x2a1f2a0f, 0x08032a2f, 0x071b1b1c, 0x480b0840, 0x06137e07, 0x1b572129, 0x05090e16, 0x7e000755, 
    0xcd280a13, 0xc6100132, 0x3311322b, 0x200db27b, 0x05c64c37, 0x030e1523, 0x05dd4d07, 0x022e2226, 0x031e3727, 0x0805d243, 0x7c012b47, 0x24252610, 
    0xa701ea0e, 0x2b28220c, 0x2e3f2416, 0x1c7c8d1b, 0x112f373a, 0x2b281021, 0x3f3e142b, 0xe636474c, 0x2d2e2d12, 0x10667c12, 0x1b342f2a, 0x4333230a, 
    0x066e6e2a, 0x77080f0b, 0x04080c07, 0x32342e34, 0x08c78200, 0x4e02212b, 0xf4026501, 0x1a001300, 0x07060a40, 0x140d0d0e, 0x0d070a00, 0xd6c02f00, 
    0x331101cd, 0xcddecd2f, 0x32133031, 0x011d021e, 0x05b14323, 0x34352328, 0x22c3023e, 0x83182b3c, 0x3b250aed, 0x2816f402, 0xed83183b, 0x0045080b, 
    0x14000200, 0xad014102, 0x03001f03, 0x41000700, 0x20041a40, 0x02400507, 0x00400120, 0x05200603, 0x01090805, 0x07030605, 0x06020400, 0xdd332f00, 
    0x1032cd32, 0x110132cd, 0x1a2f3912, 0xd618cd19, 0x181acd19, 0x220982dd, 0x8310181a, 0x30312506, 0x2f071701, 0x27260382, 0x43783501, 0x0382738c, 
    0xab1f0325, 0x82469833, 0x82002003, 0x021c2661, 0x03ea0050, 0x330982b5, 0x00230017, 0x04174036, 0x001e1870, 0x01010203, 0x241e700e, 0x13360883, 
    0x74211b74, 0xfd2f0009, 0xdddefdde, 0x01c57ddd, 0xedd41018, 0x6b822f33, 0x0382dd20, 0xedde1022, 0x0723e782, 0x4b133727, 0x3e520637, 0x021e2305, 
    0x4f183407, 0x2c0809a0, 0xa21fabe6, 0x251c112c, 0x1c241414, 0x241c1111, 0x1c251414, 0x0f183f11, 0x0e19190e, 0x6403180f, 0xfe543d40, 0x192518fe, 
    0x25190d0d, 0x23078718, 0x14151514, 0x99820382, 0x021e3808, 0x035a014a, 0x000b0034, 0x001b0017, 0x8f17402c, 0xaf199f19, 0x0c190319, 0x18a00012, 
    0x1c061801, 0x15091a18, 0x2f000f03, 0xde32dd33, 0xd61001cd, 0xdedd5dc4, 0x825dc4dd, 0x0a3f4899, 0x0b8a1720, 0x15212531, 0x1a269e21, 0x1b25251b, 
    0x26bc261a, 0x83261a1a, 0xdffe2b03, 0xfcfe0401, 0x221d8902, 0x038a1d22, 0x00508e22, 0x02260082, 0x4b023900, 0x87843d01, 0x18000f30, 0x000d0940, 
    0x0c10060c, 0x0003090e, 0x7583dd2f, 0xddccde23, 0x20718dcc, 0x20658227, 0x205c87fb, 0x205b84c2, 0x2057868a, 0x2853848d, 0x02230003, 0x03ac014e, 
    0x20e58270, 0x31db820f, 0x00164034, 0x01010303, 0x0a160202, 0x1c101604, 0x0a820003, 0x19071323, 0x26da820d, 0x2f3932cd, 0x8232cd33, 0x296d82dd, 
    0x2f3d3912, 0x332f1833, 0x7182332f, 0x27071728, 0x33363417, 0x5f5c1632, 0x8a252005, 0x77ad240b, 0x87ce873f, 0xf7fe21e7, 0x03258b87, 0x992faa70, 
    0x82e68ea3, 0x328f8fe3, 0x03174036, 0x02020000, 0x10040101, 0x1c0a0416, 0x82030300, 0x190d230b, 0x90871307, 0x91918182, 0x27070124, 0x6d410737, 
    0x8a05200a, 0x7101250b, 0x7f773f87, 0x01219287, 0x24928809, 0xaa2f9930, 0x209291e3, 0x3c938700, 0x000b005c, 0x001d0017, 0x1919403a, 0x1d1a0618, 
    0x1b12001d, 0x00120c1c, 0x1b1c1e06, 0x230e8218, 0x030f0915, 0x33249584, 0x32cdcd2f, 0x23052741, 0x1132c4dd, 0x22052a41, 0x4132c410, 0x938b0d9b, 
    0x17372526, 0xa3071737, 0xfe289491, 0x616031a9, 0x8d029332, 0x3c08978e, 0x49493a78, 0x0000803a, 0x021f0002, 0x0357014c, 0x001b0034, 0x403e001f, 
    0xbf1eaf24, 0x1b1e021e, 0x002f001f, 0x005f004f, 0x1fa00004, 0x1f021fb0, 0x1d200e0d, 0x1b0a001f, 0x0d180e13, 0x24a48205, 0x32dc32dd, 0x05aa42cd, 
    0x5dc63224, 0x04825dd5, 0x01303123, 0xddd4180e, 0x21273a13, 0x57012115, 0x21191305, 0x1a1b0f14, 0x16110e1a, 0x12043708, 0x0f14221b, 0x380d831a, 
    0x01e80817, 0x02fcfe04, 0x1a1f0dab, 0x090b0911, 0x0d2c0f16, 0x090f161d, 0x2209820c, 0x82005066, 0x00013900, 0x01180328, 0x00c20320, 0xb40f0003, 
    0x03040200, 0xcd2f0001, 0xcdd61001, 0x07317282, 0x20013727, 0x03d41eda, 0x6545455d, 0x00010000, 0x202b8231, 0x2f2b8257, 0x401d0005, 0x0104030b, 
    0x06022000, 0x03010205, 0xcd26b483, 0xd6101901, 0xb982cd1a, 0x3b833984, 0x672b572c, 0x03942b69, 0x3c3c3f57, 0x3f906b3f, 0x39820420, 0x0603202b, 
    0x00030204, 0xcddd2f00, 0x203f8232, 0x2e3f86d4, 0x17372713, 0x94c51737, 0x2b67692b, 0x836b1803, 0x26ab823f, 0x021e0003, 0x82a201dc, 0x05eb437f, 
    0x16403038, 0x0c1a181b, 0x00061a12, 0x1b1c1a19, 0x1a2f1918, 0x0f031a01, 0x8e831509, 0x71d43224, 0xc884ddcd, 0x82cdd621, 0xdd1021cd, 0x0743d083, 
    0x17372516, 0x22012707, 0x20080843, 0x077542fc, 0x327a8b25, 0x411b0383, 0xc4250edd, 0x00623b6f, 0x348b8f00, 0x18164035, 0x0c191b20, 0x40061912, 
    0x19201a00, 0x1a1b181c, 0x06744219, 0xd432dd22, 0x1a258a85, 0xd618cd19, 0x828e851a, 0x1972420b, 0x27072723, 0x08804437, 0x87040121, 0x8350238f, 
    0x8f907a32, 0x3b624223, 0x088f8f6f, 0x49001d24, 0x0f1b2440, 0x191c011c, 0x08011800, 0x0c201d18, 0x00061d12, 0x191b1e1d, 0x011d2f1a, 0x0f09401d, 
    0x9d891d48, 0x41712b21, 0xd625057e, 0x19cd18d6, 0x28048210, 0xcd10191a, 0xcd325d5e, 0x2016435d, 0xfe25a592, 0x4e4f2ac5, 0x26a8912c, 0x3d3d3456, 
    0x18006c34, 0x373983c0, 0x0026029c, 0x01000028, 0x00830007, 0x00aa002c, 0x0102b11a, 0x40f2ffb8, 0x1223c018, 0x00010029, 0x03f9ff14, 0x82b50201, 
    0x67430831, 0x010f4140, 0x012f011f, 0x1b150b03, 0x03152b15, 0x15011501, 0x2f461b24, 0x020d3f0d, 0x0f2a790d, 0x022a1f2a, 0x44240308, 0x08402725, 
    0x2927480b, 0x28482602, 0x08084a1e, 0x25022812, 0x4a181608, 0x4f081215, 0x2308052f, 0x2f39123f, 0x32ed10ed, 0x2bd61001, 0x5e32edd6, 0x5df6105d, 
    0x393911ed, 0x5d5d2f2f, 0x15013031, 0x033e1523, 0x09076318, 0x37272623, 0x055a4816, 0x22234b08, 0x1107020e, 0x35231123, 0x0ae55202, 0x0a1c1d1d, 
    0x20487151, 0x31554025, 0x05112a10, 0x3c331b13, 0x1a0a554a, 0x9c09191b, 0x85b502bd, 0x02030183, 0x553c1f02, 0x34513836, 0x74030319, 0x36372603, 
    0x02020130, 0x02d3fe01, 0x3f418530, 0x03292e07, 0x022602bf, 0x010000d3, 0x008f0007, 0x05bb60bc, 0x080e0129, 0x50030106, 0x63070201, 0x323308db, 
    0x8102f2ff, 0x2200c602, 0x38405d00, 0x09121111, 0x4a1a0808, 0x24080573, 0x01243024, 0x0f46120f, 0x02001f00, 0x1a237900, 0x0f1e4a15, 0x1f120f48, 
    0xbf123f12, 0x12080412, 0x1e1b0512, 0x084b1809, 0x333f210a, 0x5e21fe82, 0x0500415d, 0x3231f882, 0x2bce105d, 0x332f3232, 0x312f3911, 0x3e341330, 
    0x4e5e1802, 0x1521220a, 0x05015421, 0x08063a57, 0x36320241, 0x3c497e5e, 0x1c2e3978, 0x5c513c61, 0xfe1f010c, 0x515f0cde, 0x262f3821, 0x7339320e, 
    0x5f804845, 0x5d5b0137, 0x1b2c5989, 0x1d0e7a1e, 0x5184514b, 0x110f0a53, 0x1e1d7d06, 0xff885829, 0x822500ff, 0x021e26c7, 0x000602c5, 0x07434236, 
    0x02ec0023, 0x200f82b5, 0x260f832c, 0x0000e4ff, 0x18035d01, 0x272a8bc1, 0x0a00ffff, 0xcb01f2ff, 0x3d084384, 0x0000002d, 0xff140002, 0x023d04f2, 
    0x001d00b5, 0x405f002c, 0x44002a3a, 0x0e010e34, 0x4623170e, 0x073b072b, 0x2e790702, 0x0f012e1b, 0x0208012e, 0x171c440f, 0x480b0840, 0x48292d17, 
    0x00820110, 0x480f0a32, 0x4817021d, 0x4a1e0916, 0x00080a0d, 0x3fed333f, 0x12320182, 0xed5d2f39, 0x2bd61001, 0x5e5fedde, 0xf6105d5d, 0x1284ed5d, 
    0x30313224, 0x29421501, 0x06390805, 0x27262223, 0x050e2311, 0x013e2707, 0x35013e37, 0x023e3201, 0x022e3435, 0x1e15012b, 0x33c50201, 0x2c53794d, 
    0x73299ba7, 0x0903aa36, 0x704b2b17, 0x4e481151, 0x02151914, 0x846d1817, 0xf6b5220b, 0x846d1818, 0x43213007, 0x536f7e87, 0x08880332, 0xe8493b39, 
    0x18c9fd8e, 0x260b916d, 0xff500002, 0x820604f9, 0x164308e3, 0x60002500, 0x01223b40, 0x00000e44, 0x08020010, 0x1c110000, 0x2f081f44, 0x79080208, 
    0x10270027, 0x03272027, 0x12441114, 0x48102678, 0x48221515, 0x02010210, 0x02131202, 0x4a180812, 0x01080b0e, 0x833f0002, 0x843f20e5, 0x2f3321d0, 
    0xfe22e682, 0xe28432ed, 0x2f391123, 0x06d0685e, 0xe58c3320, 0x23112127, 0x21113311, 0x22e18b13, 0x899cf201, 0xfafe26e2, 0x06019c9c, 0x21d995da, 
    0x29761601, 0xd2fe2105, 0x0028d18b, 0x14000100, 0xdb020000, 0x2708d382, 0x40580019, 0x2f011f38, 0x03013f01, 0x440d0101, 0x0b08400c, 0x1b780c48, 
    0x1b1f1b0f, 0x14031b3f, 0x17004402, 0x19170801, 0x19301683, 0x4817011a, 0x064a1119, 0x02191606, 0x080c0816, 0xdf43ce82, 0x5ed5220b, 0x23ce845d, 
    0x2f39ed2b, 0x2107dc43, 0xb34b3301, 0x34352505, 0x06222326, 0x2c08d143, 0x4e153217, 0x9c1a3f69, 0x2e154538, 0x05c24312, 0x22050331, 0xc736583e, 
    0x043436c7, 0x02d5fe02, 0x43008530, 0xa22607b7, 0x2602bf03, 0xb6822e00, 0x8f000724, 0xb7430f01, 0x17242806, 0x50140715, 0x43160801, 0x837605b7, 
    0xd802210b, 0x43222b84, 0xef67eb00, 0xff012905, 0x130940fa, 0x50090011, 0x2a0c5372, 0x02f2ff14, 0x02990382, 0x83e30226, 0x9d03232f, 0x3f79a700, 
    0x12012905, 0x1d132f27, 0x22130150, 0x08081344, 0x47ff506d, 0xb5028a02, 0x48000b00, 0xff0d00b9, 0x082a40c0, 0x780d480b, 0x028f4403, 0x10020001, 
    0x03023002, 0x44060208, 0x07100700, 0x440b0702, 0x0a0c780a, 0x00050702, 0x03080848, 0x3f3f0002, 0x3fcd33ed, 0xfdf61001, 0xd4ed5dd4, 0xfd5d5d5e, 
    0x30312be6, 0x33112137, 0x23152311, 0x33112335, 0x9c0201ec, 0x9cd396d1, 0xfd310284, 0x82b9b94b, 0x2acf8268, 0x0200000a, 0x02b502c7, 0x41240006, 
    0xff23050b, 0x835d02f9, 0xe801210f, 0xf7240f86, 0xbd027302, 0x25211f82, 0x21c08200, 0x2f825000, 0x3a822920, 0x1f000530, 0x07031040, 0x00010720, 
    0x06780244, 0x82824805, 0x84830820, 0x39050f6e, 0x333031c6, 0x15211123, 0x019cec21, 0x02c3fed9, 0x020084b5, 0x47ff1400, 0x3b822203, 0x00102108, 
    0x404a0018, 0x2f44062d, 0x02113f11, 0x08441711, 0x1a0a440c, 0x1a1f1a0f, 0x08031a2f, 0x4000440f, 0x002df782, 0x010c0f19, 0x48091616, 0x4818080d, 
    0x24df8208, 0x32ed3fed, 0x054c4b11, 0x5eed2b33, 0xedd6105d, 0x5ddefdde, 0x373031ed, 0x3d033e33, 0x08e88401, 0x15213529, 0x030e0123, 0x14113307, 
    0x152a2564, 0x77ca0105, 0x961efe96, 0x0a026001, 0xf9192114, 0x827e4084, 0xfd1b4c8a, 0x82c3fecf, 0x36ea27ff, 0x2d696f72, 0x0342ad01, 0x833b2008, 
    0x280021f7, 0x0a24e784, 0xcd030000, 0x9b08ab82, 0x400e012f, 0x01318097, 0x2b013174, 0x311f0131, 0x270f0201, 0x01220b01, 0x4c222227, 0x21141e21, 
    0x13001e21, 0x01180b01, 0x4c181813, 0x19141e19, 0x1e1e1e19, 0x21801928, 0x27132101, 0x29442812, 0x00012a0f, 0x2a2a0110, 0x0b10102f, 0x04291111, 
    0x2f2a012f, 0x052a0500, 0x05004c2f, 0x05000014, 0x08010b04, 0x050a0b10, 0x4c0b0510, 0x0a14050a, 0x0505050a, 0x000f0a29, 0x002f001f, 0x2f300003, 
    0x051e1e08, 0x08291105, 0x08220828, 0x02190821, 0x02120218, 0x020b0211, 0x0800020a, 0x2005cb51, 0x2d00843f, 0x2f193912, 0x3f182f33, 0x5dd61001, 
    0x0c82c4c6, 0x1018872e, 0xc101102b, 0x107d0487, 0x5d5e01c4, 0x5d360e8c, 0x08103311, 0x00c408c4, 0x18015d5d, 0x7d32fd10, 0xd418c4c4, 0x4383c65d, 
    0x32842783, 0x5d005d24, 0x43820587, 0x31240c87, 0x5d5f0130, 0x332d0082, 0x2e37033e, 0x1e332703, 0x33111703, 0x270c8211, 0x07030e33, 0x2317011e, 
    0x11221482, 0x0c821123, 0x1d0a7f08, 0x25494542, 0x3e41482a, 0x351ebc20, 0x981e3433, 0x3434371e, 0x3f24bb1b, 0x51284340, 0x1fae3a86, 0x233a3636, 
    0x353a2498, 0x66331f36, 0x2b21535f, 0x2b515052, 0x4042462a, 0xfe160124, 0x424325ea, 0x522f2745, 0x4b2b4e4e, 0x502f67bb, 0xfe26474a, 0x2a3601ca, 
    0x2f4d4848, 0x19000100, 0x3502f2ff, 0x3400c402, 0x31405700, 0x18253434, 0x1d462e15, 0x15154606, 0x0b08401d, 0x0d361d48, 0x0883250d, 0x18352536, 
    0x342f4800, 0x10343401, 0x254a2b26, 0x090c0920, 0x03100d4a, 0x30052f48, 0x1232ed33, 0xed5d2f39, 0xc6100139, 0x102f322b, 0x240482ce, 0x11ed10ed, 
    0x05314739, 0x2307205b, 0x27070622, 0x2105a753, 0x6c181415, 0x9a50089d, 0x2e5b080a, 0x8e012b02, 0x232f1b69, 0x37313614, 0x28322552, 0x60384871, 
    0x2a292746, 0x121f2917, 0x45238c9d, 0x2e15373f, 0x3632290e, 0x1a51421b, 0x5e243d2d, 0x1408a701, 0x22221820, 0x197b1519, 0x4b31191f, 0x1a4b2632, 
    0x352a200c, 0x0a656f21, 0x7a0b140f, 0x0a0e0f06, 0x241d2f26, 0x43000713, 0xa42c086b, 0x0f00b502, 0x2e404600, 0x0a440b08, 0x2a08d983, 0x0011780a, 
    0x20111011, 0x04119011, 0x0144020f, 0x03641078, 0x03020374, 0x080b080f, 0x0c7b0c6b, 0x02080c02, 0x3f000202, 0x835d333f, 0x10012203, 0x062f45f6, 
    0x30313223, 0x06b14133, 0x23112108, 0x07010e11, 0x52249b50, 0x7f215053, 0x439c589a, 0x67feb502, 0x606d7536, 0x014bfd21, 0x77e867c6, 0x24081343, 
    0x029c03a4, 0x05eb4426, 0x009d0333, 0x009c00d0, 0x010b4010, 0x001d150c, 0x01015009, 0x0c174510, 0xb502a226, 0x2e000602, 0x1424bb84, 0xc502f2ff, 
    0x1224bb82, 0x2b404400, 0x2606c946, 0x080e0e44, 0x83104411, 0x781028c5, 0x70142014, 0x83080214, 0x13082e0c, 0x48120810, 0x4808020f, 0x3f000907, 
    0x230182ed, 0x2bc61001, 0x089d5e18, 0x315d5e24, 0x88470130, 0x82212009, 0x7f0121bd, 0x290c7447, 0x029cd901, 0x7e874331, 0x5f47546e, 0x8fe72e06, 
    0x31024bfd, 0x00ffff00, 0x0300003c, 0x20978445, 0x20d38830, 0x820f848e, 0x076f6a95, 0x82c50221, 0x883220b7, 0x838a201f, 0x4403201f, 0x61220917, 
    0x1f82bd02, 0x1f843320, 0xd7823220, 0x2f847420, 0x0f842620, 0x00001424, 0x4f845202, 0xf7883720, 0xf7828220, 0xca00212a, 0x00965740, 0x01002401, 
    0x7c08fd84, 0x0a011c18, 0x1c00011c, 0x1d4c1c19, 0x001d1400, 0x011d0f23, 0x1d5f1d2f, 0x1d9f1d6f, 0x1d051ddf, 0x010e0f19, 0x2b010e99, 0x0e0f010e, 
    0x17020e1f, 0x14060114, 0x140e0801, 0x134c1419, 0x0e13140e, 0x19301900, 0x19701960, 0x190519f0, 0x40c0ffb8, 0x4815122c, 0x09201319, 0x40130808, 
    0x13480b08, 0x0119b022, 0x13011924, 0x00190119, 0x1d050e0e, 0x14021c02, 0x09021302, 0x05084a0b, 0x05f64209, 0x3f3f3f2a, 0x33113912, 0x5d5d5d33, 
    0x2505f842, 0x10191a33, 0x9d542bcd, 0x1971260d, 0x715ddd10, 0x055e6518, 0x22059654, 0x54253031, 0x16230687, 0x43363233, 0x550807fc, 0x3337013e, 
    0xc101030e, 0x4644401d, 0x20492224, 0x1f30311c, 0x4b291a39, 0xad163943, 0x2d2c2710, 0x1b3a2015, 0x30321aa7, 0x5542cb2f, 0x0c0d1230, 0x2e1c127d, 
    0x79838740, 0x5f592732, 0xb8582d5f, 0x78864d5b, 0x0000006c, 0x2e00ffff, 0x38030000, 0x0602e202, 0x0f84b203, 0x00000a2a, 0xb5029902, 0x3b000602, 
    0x40082082, 0xff500001, 0x02020347, 0x000b00b5, 0x0a1f4036, 0x44030b44, 0x0d300d02, 0x0f020d80, 0x0708010d, 0x0c780644, 0x0206020b, 0x03480009, 
    0x3f000804, 0x3f32edcd, 0xf610013f, 0x5d5d5eed, 0xdcedd610, 0x27bf82e5, 0x35231133, 0x11331121, 0x02370382, 0xfd96788a, 0x02019ce4, 0xc3fe849c, 
    0xfdb502b9, 0x003102cf, 0x82280001, 0x82582073, 0x00172663, 0x09204037, 0xe76f180c, 0x0f193c07, 0x02197f19, 0x16441708, 0x05021618, 0x0a10104a, 
    0x020a080b, 0x123f3f00, 0x82ed2f39, 0x82de2065, 0xf6102e65, 0x3132ed2b, 0x1e141330, 0x36323302, 0x67668237, 0x2a08059f, 0x013d022e, 0x2514c433, 
    0x37181f34, 0x229c9c1d, 0x673f1d40, 0x019c2748, 0x1e3329e9, 0x0104040b, 0xe84bfd49, 0x3b170404, 0x43d44c63, 0x032108ef, 0x20e784ac, 0x05ff4739, 
    0x0b081d28, 0x0b780d48, 0xe4820a44, 0x7822f482, 0xe7820a0c, 0x09020227, 0x48040505, 0x24ea8201, 0x331132ed, 0x29ec853f, 0xfdd4edd4, 0x30312be6, 
    0x305f0129, 0x25058305, 0xa4fcac03, 0x0182c49c, 0xe984e585, 0xeb820020, 0x47ff5024, 0x67822404, 0x41000f2c, 0x440c11b3, 0xc0ffb80d, 0x6a831e40, 
    0x44090d38, 0x04440508, 0x78004401, 0x07070310, 0x0e0c480a, 0x05020908, 0x36580102, 0x83cd2005, 0x1001236f, 0x6c82edf6, 0x2f32ed25, 0x5fc6fd2b, 
    0xf7840b86, 0x84502121, 0x96782370, 0x7489c2fc, 0xfecffd2c, 0x0200b9c3, 0xf7ff1400, 0x7782d802, 0x2100102b, 0x28404200, 0x002f461d, 0x2b16823f, 
    0x230f2379, 0x0802231f, 0x07440a14, 0x2c050f44, 0x0e4a1122, 0x4807030e, 0x4a180209, 0x05124403, 0x2f391228, 0xd61001ed, 0x4e18dd2b, 0x25210905, 
    0x06a44b14, 0x1521352d, 0x32333236, 0x012a0516, 0x82161507, 0x05a94b09, 0xd8023d08, 0x6f2b9bac, 0x4901ad36, 0xa90b150d, 0x05a4fea5, 0x1c0b0812, 
    0x2c3a1f14, 0x45311a1a, 0x0c7775e3, 0x8421020d, 0x107401e6, 0x0a01cf01, 0x1f1e2818, 0x000a1828, 0x50000300, 0x4f03f7ff, 0x142da784, 0x4b002300, 
    0x46212c40, 0x140a0000, 0x05694344, 0x1b257822, 0x2b05ce63, 0x440a1802, 0x13247809, 0x15021208, 0x0525af82, 0x4a1c0209, 0x83ad8405, 0x059641ac, 
    0x5f4c3220, 0x632b2005, 0x2529062b, 0x23020e14, 0x11272622, 0x24b18533, 0x23113313, 0x34b58b01, 0x2d5c0226, 0x2a497753, 0x0b9c376b, 0xa4a30b13, 
    0xfe9c9c57, 0x28b78658, 0x5b172936, 0x3c583ae3, 0x20b7821e, 0x25b682a5, 0x4bfd5901, 0xbb864c01, 0x002c3d22, 0x02200082, 0x0221bb83, 0x08bb8266, 
    0x1f000e20, 0x1d403400, 0x003f461b, 0x21790001, 0x0801210f, 0x07440813, 0x4a0f2078, 0x07030c0c, 0x58411602, 0x05574106, 0x5541f620, 0x41a18611, 
    0x662d0f53, 0x6f2b9aac, 0x150d9c36, 0xfea4a90b, 0x0d5141a5, 0x86787421, 0x0c504199, 0x28000133, 0x7702f2ff, 0x2200c602, 0x33405500, 0x14081212, 
    0x07f94111, 0x240f2424, 0xf3411b01, 0x1a233605, 0x141e4a17, 0x1f110f48, 0x03113f11, 0x05111108, 0x09031e1b, 0x09be440e, 0x210be64e, 0xd24c2bc6, 
    0x11322105, 0x09837a18, 0x58272621, 0x37220533, 0x4a183521, 0x4a080888, 0x1e323301, 0x37770202, 0x4548805f, 0x0e323973, 0x20392f26, 0xfe0c6050, 
    0x0c1f01de, 0x623b505d, 0x79392e1c, 0x5e7e493b, 0x605b0136, 0x1e295888, 0x11067d1d, 0x51530a0f, 0x1d4c5084, 0x1b1e7a0e, 0x0089592c, 0xff500002, 
    0x820704f2, 0x1a3908bf, 0x52002600, 0x46241140, 0x110f0f16, 0x051f461e, 0x0502052f, 0xb8282879, 0x1d40c0ff, 0x14480c09, 0x78124411, 0x2f481527, 
    0x10100110, 0x12021312, 0x0a4a1b08, 0x004a2109, 0x05d54603, 0x2505934d, 0xedf61001, 0xa2502b32, 0x332f2505, 0x013031ed, 0xd95fa382, 0x022e2b05, 
    0x23112327, 0x33113311, 0x4c76033e, 0x0240080b, 0x5b7a44b8, 0x795c3536, 0x5a723f45, 0x9c7f083a, 0x3d0c829c, 0x533c6d58, 0x53535b5b, 0xc6025d5d, 
    0x59885b2f, 0x2e5b8759, 0x4c744e27, 0xb502d9fe, 0x6a45f6fe, 0xb4fd2448, 0x7a696978, 0x7869697a, 0x08051b42, 0x0000284d, 0xbc026102, 0x29000c00, 
    0x3f406700, 0x09011a04, 0x201a0120, 0x174c201b, 0x1717141a, 0x1b170b1a, 0x17080217, 0x1144120a, 0x480b0840, 0x202b7811, 0x1b30012b, 0x46051b01, 
    0x081b2a25, 0x0920081a, 0x0d171748, 0x00100811, 0x82020d4a, 0x833320d3, 0x33ed3bd1, 0x10013f3f, 0x5dc6edd6, 0x2bf6105d, 0x5e3232ed, 0x2b10875d, 
    0x01c47d87, 0xdc825d5d, 0x020e2235, 0x3b161415, 0x22263501, 0x17163227, 0x23352311, 0x6b27012a, 0x4b080682, 0x3435032e, 0x8801023e, 0x1a2a371e, 
    0x0c414a4b, 0x712a0e1c, 0x0d309c37, 0x4f211118, 0x2912a522, 0x1611282a, 0x2d15222b, 0x36027753, 0x1c251509, 0x01bb2835, 0xfd0c0a86, 0x2d02f95a, 
    0x50294787, 0x0a173d48, 0x293f2e21, 0x1d3a5639, 0xff2de382, 0xff2300ff, 0x02e801f5, 0x0006021c, 0x08108244, 0x2d000237, 0x2c02f2ff, 0x1f000803, 
    0x43003000, 0x29002740, 0x010f3f53, 0x30327b0f, 0x320f0132, 0x0802321f, 0x17532008, 0x2e20317b, 0x0a0a0857, 0x1f550014, 0x14572606, 0x2adb820b, 
    0x3912ed3f, 0x32ed332f, 0x64fe1001, 0xf6230577, 0x8239ed5d, 0x23b982cf, 0x3607030e, 0x21052550, 0x6318020e, 0x01240834, 0x010e0137, 0x3321e982, 
    0x064b6032, 0x02069d08, 0x23422511, 0x26333c1e, 0x303d4108, 0x28233d52, 0x8b345b45, 0x7c542a78, 0x23432152, 0x0102c9fe, 0x34313a31, 0x1a261a0c, 
    0x8902391a, 0x05060608, 0x27352314, 0x5f40201f, 0x4364443f, 0x6ca4a921, 0x113a6597, 0xfe080707, 0x0e240e5b, 0x404c5a58, 0x16242f19, 0x0003000c, 
    0x02f6ff46, 0x001a0229, 0x0015000a, 0x40550032, 0x26530e33, 0x53062926, 0x2e012e3f, 0x3430347b, 0x0f023480, 0x02341f34, 0x51001408, 0x29337a1b, 
    0x160a0a15, 0x01113f1c, 0x01215711, 0x0103301b, 0x0b165703, 0x5d25e182, 0x5ded3f33, 0x24e58233, 0x100139cd, 0x27e489f6, 0x31ed2f33, 0x011e3730, 
    0x2623c984, 0x8337012b, 0x23262bd1, 0x15070622, 0x022e2213, 0x4d531127, 0x05144b07, 0x020e5a08, 0x142f0edb, 0x31333832, 0x2e255457, 0x2d0e2a34, 
    0x401c4f0e, 0x1313373e, 0x1c403e37, 0x18375941, 0x1d0e1a22, 0x3c190f18, 0x03026e62, 0x19202119, 0x1e201364, 0x62020316, 0x0704b6fe, 0xf8010409, 
    0x03060704, 0x1a342a1a, 0x060d3a23, 0x1c2b1f16, 0x1c2e3c20, 0x00010000, 0x3d048246, 0x000e02bb, 0x40230005, 0x02070513, 0x1f030f51, 0x03080203, 
    0x55010679, 0x0a020004, 0xeb613f00, 0x31c63208, 0x11230130, 0x01211123, 0x0195e0bb, 0xfe940175, 0x2738826c, 0x14000200, 0x92026aff, 0x25080a82, 
    0x0017000f, 0x1217b763, 0x0a190651, 0xffb80b51, 0x081340c0, 0x100b480c, 0x2b081b51, 0x080f0208, 0x08020801, 0x17830601, 0x0b081b29, 0x0e060648, 
    0x82400f51, 0x180f3008, 0x10080f0b, 0x0d550110, 0x0655120a, 0x4e3f0000, 0x32300c85, 0xdc332b2f, 0x5d5d5e5f, 0xfd2bd5ed, 0x32ed10c6, 0x20058c4e, 
    0x098b4e35, 0x23112d08, 0x1407030e, 0x0d1f1c41, 0x599a0102, 0x7f80fe7f, 0x027a9001, 0x12160d05, 0x7165227a, 0x6cfe2c70, 0x9696f0fe, 0x1a011001, 
    0x46494b23, 0x2a06c342, 0x02f2ff2d, 0x021c021b, 0x4e480006, 0x4720088b, 0x2236c382, 0x6d40d700, 0x591a1a1c, 0x19141419, 0x100d1419, 0x14115910, 
    0x03821114, 0x111d1428, 0x1c1d1924, 0x02820c0d, 0x1d0c4708, 0x1f1f1e51, 0x070a0a22, 0x1f1e0b0b, 0x1f030022, 0x00592203, 0x00001403, 0x06070a03, 
    0x07030a03, 0x14030659, 0x03030606, 0x00061e03, 0x140a2223, 0x0b030314, 0x0a1d0a1e, 0x0a190a1a, 0x00100011, 0x000b000c, 0xed820007, 0x614e0a20, 
    0xccc62116, 0x210e604e, 0x6d4e0587, 0x065d4e0b, 0x10180122, 0x0bb0b518, 0xdc101823, 0x0c624ec6, 0x2f085e4e, 0x3e333031, 0x012e3701, 0x011e3327, 
    0x15333517, 0x332c0c82, 0x1e07010e, 0x26231703, 0x35231527, 0x86080b82, 0x3c6a320a, 0xae28673f, 0x913b491a, 0xac1a483d, 0x24436425, 0x192e3339, 
    0x91654ba6, 0x51215c33, 0x7d414088, 0x4a612537, 0x6349d0d0, 0x42793924, 0x47424326, 0xee7d7128, 0x327844ee, 0x01000000, 0xf2ff1e00, 0x1a02cc01, 
    0x59002f00, 0x24243340, 0x1e080b18, 0x53290e53, 0x0e2f0808, 0x317b0e01, 0x312f310f, 0x30180002, 0x242f250b, 0x2402243f, 0x1c190324, 0x0b131857, 
    0x012c3f2f, 0x0300572c, 0x333f0001, 0x82325ded, 0x12323004, 0xcd5d2f39, 0xde100139, 0xe6105dc6, 0x4e2f325d, 0x2d4e0a39, 0x4501200a, 0x372208d1, 
    0x5718011e, 0x352007f5, 0x08055243, 0x0622234f, 0x5c232d07, 0x3d4e2936, 0x2c212425, 0x5240262a, 0x35381a2c, 0x151b1330, 0x0e5a3757, 0x750f1e17, 
    0x211d2476, 0x184e2c2c, 0x100dfd01, 0x2b39230f, 0x13123727, 0x3d2d303e, 0x09051126, 0x0874080e, 0x15113216, 0x1d6a040c, 0x101f1313, 0x08df8307, 
    0x00004657, 0x0e022502, 0x6e001700, 0x174b4e40, 0x3a172a01, 0x02170217, 0x08400151, 0x7a01480b, 0x01193019, 0x0801190f, 0x15010c34, 0x020c250c, 
    0x0e510f0c, 0x000e187a, 0x14941474, 0x1b0314a4, 0x3b142b14, 0x0d140314, 0x7b0a010a, 0xab079b07, 0x07140307, 0x07340724, 0x275c8203, 0x5d323f00, 
    0x333f3f5d, 0x01230482, 0x82edf610, 0x455e200c, 0x460806ea, 0x30315d5d, 0x34231101, 0x0e35023e, 0x11230703, 0x020e1433, 0x37013e15, 0x02962502, 
    0x3a1d0302, 0x83122f35, 0x02020195, 0x0230653c, 0x32f2fd0e, 0x0f3f5463, 0x4a515429, 0x320e021f, 0x0f374a5b, 0x00398c58, 0x8400ffff, 0x000325bb, 
    0xf8022602, 0x0734ca82, 0x82009d03, 0x10000000, 0x02010b40, 0x000d251d, 0x18000150, 0x83082353, 0x8240202b, 0x001a24e7, 0x186940c0, 0x822487b8, 
    0x050b3252, 0x0002051b, 0x06590505, 0x0606140b, 0x010b3f0b, 0x2d02830b, 0x1c100617, 0x1c1f1c0f, 0x16031c2f, 0x02821a00, 0x51171a24, 0xb8187a18, 
    0x5d2a3089, 0xc6d61018, 0x2f193911, 0x3d515d5d, 0xc40e210c, 0x22058d72, 0x8287c4c4, 0x89b8180a, 0x312f0826, 0xb5102a2e, 0x43423b14, 0x41441e1e, 
    0x12aa153b, 0x1633322e, 0x56019595, 0x2e313215, 0x433e1512, 0x44171a42, 0x1b23504e, 0x1232393b, 0x820e02d3, 0x0a0025dd, 0x2d02f7ff, 0x183d0a82, 
    0x2e404800, 0x00100000, 0x51000802, 0x14011410, 0x51170b14, 0x0b084016, 0x1a7a1648, 0x2007831a, 0x2904840b, 0x000a1619, 0x0b001455, 0xe8460a55, 
    0x013f2e05, 0x2b2bc610, 0xed2bf610, 0x5d2f3911, 0x056f4fed, 0x0e070323, 0x05fb5603, 0x3d033808, 0x23112101, 0x01320111, 0x0a0d0803, 0x5139250c, 
    0x38331436, 0x060d0b0e, 0x958b0101, 0x411d9401, 0x201b3e41, 0x051d2c37, 0x1d250a7c, 0x4c494219, 0xf2fd3c23, 0x83009401, 0x003c249b, 0x82bd0200, 
    0x1e6a089b, 0x51408400, 0x0a01121b, 0x19120112, 0x20201051, 0x03203020, 0x3b132b20, 0x130a0213, 0x1302131a, 0x0c140f18, 0x010c0501, 0x4051050c, 
    0x0b340b24, 0x150b0502, 0x0f0b020b, 0x1f060106, 0x00130a18, 0x0f010f84, 0x011e0f20, 0x061e1e08, 0x001c1c0b, 0x06000b00, 0x3f3f000a, 0x322f1933, 
    0x3912112f, 0x5d5e2f18, 0x5dcd191a, 0xce823f18, 0x325dd626, 0xed1a5d5d, 0x19220482, 0x0582d4d4, 0x5dc61822, 0x31220c83, 0xd4821330, 0x033e2329, 
    0x011e3337, 0x82013e17, 0x17033006, 0x27012e23, 0x02da2307, 0x01030304, 0x82090291, 0x7c2d08d6, 0x2a28482b, 0x077e2050, 0x02080b0d, 0x03070294, 
    0x2f01676e, 0x4b535223, 0x8f8a371c, 0x96463688, 0x33a3605a, 0x8a8f8836, 0x489a4e37, 0x46e682f2, 0x022105ab, 0x27e7820b, 0x4045000b, 0x51010a2a, 
    0x3f05c354, 0x0d300d7a, 0x1f0d0f01, 0x0708020d, 0x7a055104, 0x08000b0c, 0x01032f55, 0x06050303, 0x000a0500, 0x154ac083, 0x47b48205, 0x2b350782, 
    0x303132ed, 0x23352321, 0x33112315, 0x33353315, 0x9b950b02, 0x25028295, 0x0e02d0d0, 0x6f82c4c4, 0x00ffff2e, 0x02f2ff2d, 0x021c0232, 0x00520006, 
    0x82074343, 0x0602237f, 0x5918c503, 0x2f220873, 0x1f821a02, 0xc7185320, 0x2f8409e7, 0x40824620, 0x14000126, 0xf9010000, 0x0736af82, 0x13402400, 
    0x51020009, 0x08400503, 0x0805480b, 0x06550401, 0x98830300, 0x2106505b, 0x5c47d6fd, 0x35233007, 0xa8f90121, 0xe501a895, 0x6cfe9401, 0x7a7a9401, 
    0x0e2008c7, 0x5c206782, 0x03205782, 0x45089782, 0x03ed0247, 0x00060008, 0x002b0011, 0x2d324055, 0x0f530c7b, 0x20260126, 0x512b1111, 0x0f00001f, 
    0x03140114, 0x1f190f53, 0x03192f19, 0x2c7b1908, 0x1106201f, 0x1e215700, 0x5706070f, 0x130a142b, 0x3f3f000e, 0x4318ed33, 0xdd250cb5, 0x3311325d, 
    0x250382fd, 0xe6ed5ddd, 0x68493031, 0x53172005, 0x2e2505a7, 0x23112702, 0x05484a35, 0x35375708, 0x031e1537, 0x020e1415, 0x3c440107, 0x913f4245, 
    0x17252e17, 0x172e2517, 0x46694591, 0x6a442123, 0x66389148, 0x4c2d2d4d, 0x8d013966, 0x42454005, 0x1f0e073e, 0x34272734, 0xfd010e1f, 0x2c05b7ba, 
    0x32345c46, 0x082d4558, 0x05ff19e6, 0x3f5d4024, 0x23405e40, 0x27570005, 0x02202106, 0x5b20e783, 0x2b08e782, 0xff460001, 0x0264026a, 0x000b000e, 
    0x0a33404e, 0xab0b9b51, 0x0b0b020b, 0x0d025103, 0x0d640d44, 0x0d940d84, 0x0df40de4, 0x2b0d1b06, 0x3205a650, 0x06510702, 0x000a0c7a, 0x08000006, 
    0x0a050355, 0x50c63f00, 0x5f2b07a7, 0x5d5d5d5e, 0x33edd610, 0x50ed5d2f, 0x333a0aab, 0x0b023311, 0x61fe7f59, 0x7a959b95, 0x0296f0fe, 0x016cfe0e, 
    0x01000094, 0x04822d00, 0x7b82f220, 0x00152e08, 0x0c294041, 0x40095108, 0x09480b08, 0x170f177a, 0x175f171f, 0x0f510003, 0x2f151f15, 0x15080315, 
    0x04001516, 0x090f0f57, 0x00090a0a, 0x08b45000, 0x5d5ed623, 0x05ab4bed, 0x13303122, 0x2305b24a, 0x11333537, 0x2d09b550, 0x092c31c2, 0x95950f26, 
    0x330c2f14, 0xf6823b53, 0x1e26aa2f, 0xfde90203, 0x0403adf2, 0x36492b13, 0x08f342ab, 0x82160321, 0x000b2287, 0x05af503c, 0x87821e20, 0x0a7a0d32, 
    0xc0094051, 0x05405106, 0x015102c0, 0x0500090c, 0x0823b282, 0x82005503, 0x27f283f3, 0xde10013f, 0x1adc1aed, 0xfd240383, 0x30312be6, 0xb350e882, 
    0x95462508, 0x95889589, 0xee83ea85, 0x82f2fd21, 0xff46243c, 0x826f036a, 0x0f250867, 0x22404000, 0x0e510f11, 0x40510b0e, 0x5107c00a, 0x03c00640, 
    0x107a0251, 0x0006000a, 0x080c0002, 0x0f550408, 0x055a4101, 0x20061851, 0x246987fe, 0xed2f32ed, 0x0d1e51c6, 0x23247482, 0x56fdf002, 0x59217284, 
    0x2474897f, 0xf0fe6cfe, 0x24508200, 0x02f5ff14, 0x0877825c, 0x23000e20, 0x2f404c00, 0x173b5303, 0x257b1701, 0x252b251b, 0x0f03255b, 0x02080125, 
    0x20510f0b, 0xf6824021, 0x08242130, 0x01123f57, 0x201c1212, 0x00002255, 0x5a451c57, 0x08695c05, 0x50eddd21, 0x5d24060a, 0x253031ed, 0x2308234c, 
    0x011e1507, 0x08086456, 0x23020e48, 0x11272622, 0x01213523, 0x102f2970, 0x0f15251c, 0x280c0924, 0x1d2d0e34, 0x223b5130, 0x33533c20, 0x7d396e42, 
    0x1f681201, 0x0f191223, 0x78020406, 0x04eb0202, 0x452d1605, 0x2b432e2e, 0x010e0d15, 0x03007a84, 0xb7824600, 0xb782f220, 0x1200032d, 0x4c002500, 
    0xff2700b9, 0x822c40c0, 0x272608a4, 0x0251037a, 0x0710511b, 0x07300720, 0x07040780, 0x24512510, 0x570c267a, 0x1601163f, 0x00242016, 0x0b205704, 
    0x96440002, 0x44ed2005, 0x01320598, 0x32fdfe10, 0xdefd5ddc, 0x312be6fd, 0x11232130, 0xbd9c0133, 0xf2023326, 0x33fe9595, 0x2e23bf8e, 0x86233c51, 
    0x029524bf, 0x985afe0e, 0x00fe22c0, 0x20bf8402, 0x3dbf8211, 0x0021000e, 0x2025403c, 0x7b230123, 0x03105117, 0x03300320, 0x03040380, 0x2051210c, 
    0x6f41227a, 0x086d4108, 0x85066c41, 0x5de621af, 0x221f6741, 0x8e250133, 0x512f22a5, 0x0765413c, 0x63419520, 0x00fe3619, 0x1d000100, 0xe601f4ff, 
    0x22001c02, 0x3f406600, 0x14081212, 0x33621811, 0x1a28080e, 0x08091b1b, 0x480b0840, 0x3f1a2308, 0x57170117, 0x0114501e, 0x3f112f14, 0xcf11bf11, 
    0x11110411, 0x011e1b05, 0x08570c09, 0x08ae8a18, 0xcd33be83, 0x5ded105d, 0xc6100132, 0x2f32322b, 0x105d5e33, 0x50ed5df6, 0x01280fe4, 0x023e3233, 
    0x33352337, 0x4205a368, 0x4308063e, 0x4728e601, 0x57323c63, 0x4e1d1c32, 0x252e1923, 0xc7c80419, 0x26334708, 0x2d1c213d, 0x643d2754, 0x0a012848, 
    0x25466843, 0x0a75130e, 0x27180a10, 0x2a386b1c, 0x10730a0d, 0x6647250e, 0x46000200, 0x3b03f2ff, 0x3608cf82, 0x0026001a, 0x2830404e, 0x3053247b, 
    0x70165016, 0x04169016, 0x0801160f, 0x0c531e16, 0x51070a05, 0x0b277a09, 0x01062f55, 0x1b000606, 0x09011157, 0x210a0800, 0x6d0b0057, 0xed2005c2, 
    0x2f098141, 0xdced32de, 0xed5d5d5e, 0x053031e6, 0x27022e22, 0x6106cc46, 0x03220988, 0x7a440622, 0x34353e05, 0x303f0226, 0x082b4154, 0x6e95956c, 
    0x51412c09, 0x445c362f, 0x5c442626, 0x36362e36, 0x0803822e, 0x391f0e24, 0x02d03353, 0x4e30c40e, 0x48271d37, 0x673f3f66, 0xaa012749, 0x53434351, 
    0x51434353, 0x02000000, 0x04821e00, 0x02022c08, 0x00150019, 0x40810022, 0x01030155, 0x0201070f, 0x07040703, 0x14030059, 0x002b0300, 0x004b003b, 
    0x01001c03, 0x0001000b, 0x53511422, 0x270805cc, 0x240f247a, 0x0402241f, 0x0a0f531c, 0x230a0801, 0x22012230, 0x00600755, 0x00b00070, 0x000400c0, 
    0x0a130d00, 0x0d125519, 0x08520a19, 0x16433320, 0x33260805, 0x10015ded, 0xed5d5ed6, 0xf6105dc6, 0xd632fd2b, 0x875d5d5d, 0xc47d872b, 0x5d5d5f01, 
    0x0e253031, 0x3e230701, 0xeb183701, 0x3d200b61, 0x0805056e, 0x1e14153e, 0x01013b02, 0x17322020, 0x1c3c1d99, 0x707f322a, 0x373c3d19, 0x2a0a9513, 
    0x1028370f, 0x4810201a, 0x2d5f2fbb, 0x16276c41, 0x5e583445, 0x05090804, 0xe8bb01fe, 0x1d250301, 0x060f1912, 0x3873d918, 0x02f2023b, 0x00480026, 
    0x00060100, 0x00001e83, 0x03104017, 0x3c2a0502, 0x03500700, 0x1bd91804, 0x0100370b, 0x47ff1200, 0x08031602, 0x70002900, 0x17184140, 0x26051705, 
    0x1252511e, 0x7a4e0805, 0x012b302b, 0x2b1f2b0f, 0x2a292902, 0x08080327, 0x27025126, 0x0a272a7a, 0x17571b18, 0x04010e14, 0x03070728, 0x00085722, 
    0x020b100b, 0x020f0b08, 0x3f000603, 0x5d5e3f33, 0x3912ed33, 0x32cd332f, 0x32ed333f, 0xf610013f, 0x1132ed32, 0x13821133, 0x4a5d5d21, 0x392e0578, 
    0x31332f2f, 0x35331330, 0x15331537, 0x4a4d1523, 0x18172005, 0x200cacbf, 0x07e97e3d, 0x11234208, 0x953e1223, 0x2f0f8f8f, 0x33543e16, 0x5b610117, 
    0x1418330e, 0x1d13150f, 0x14322518, 0x3e950e23, 0x183fb102, 0x05575d57, 0x553d2209, 0x67eafe34, 0x7908055f, 0x26260305, 0x073c48f7, 0x027ffe04, 
    0x06334954, 0x03bb013c, 0x0226021f, 0x010000f3, 0x7a8f0006, 0x40100000, 0x0808010b, 0x50000306, 0xad630401, 0x01270805, 0xf4ff2300, 0x1c02ec01, 
    0x68002200, 0x11af4140, 0x00111101, 0x1a080809, 0x240f241b, 0x242f241f, 0x53120f03, 0x751f000f, 0x233f0602, 0x1e57171a, 0x0f010f50, 0x123f122f, 
    0x12cf12bf, 0x05121204, 0x090b1e1b, 0x0c010c3f, 0x4e050857, 0xee430849, 0x08ee7407, 0x32c61022, 0x2005b563, 0x10b6635d, 0x23153327, 0x3233031e, 
    0x07b56336, 0x28234e08, 0x273d6448, 0x211c2d54, 0x4733263d, 0x04c8c708, 0x192e2519, 0x1c1d4e23, 0x3c335533, 0x01284763, 0x4766400a, 0x73100e25, 
    0x382a0d0a, 0x18261d6b, 0x750a100a, 0x46250e13, 0x00ffff68, 0x01f2ff27, 0x021c02bc, 0x00560006, 0x00ffff00, 0xd7c61837, 0xd0ff2b0d, 0x49010000, 
    0x2602f202, 0x09820c01, 0x83000627, 0x1a000081, 0x9fda18b1, 0xffff291a, 0x47ffb8ff, 0xfe02e900, 0x4d205382, 0x023f4d82, 0xf5ff0a00, 0x0e026303, 
    0x36002700, 0x37405d00, 0x511e7b38, 0x012b4040, 0x1534c02b, 0x4c002751, 0x132006a3, 0x33058f4c, 0x57283437, 0x57303323, 0x01193f16, 0x26141919, 
    0x57000b23, 0x280b9e4c, 0x2f391233, 0x32ed335d, 0x05914a10, 0x5efdde30, 0x32edde5d, 0x1a5ddc1a, 0x3031e6fd, 0xaa4c0e01, 0x063a420d, 0x23057f4f, 
    0x13112726, 0x4c0cae46, 0x0e2615c5, 0x502b1d2d, 0xa146253e, 0x46df2006, 0xde4c0a16, 0x04c52515, 0x42291305, 0x21087447, 0xcf46d4fe, 0x23fe820a, 
    0x46000200, 0x4120ff82, 0x1a36ff82, 0x5c002900, 0x7b2b3540, 0x30405108, 0xc01e011e, 0x40511a27, 0xe8823011, 0x17c02208, 0x7a155113, 0x12001a2a, 
    0x01173055, 0x57231717, 0x01033f00, 0x15140303, 0x1b0a1400, 0x0b0d1057, 0x08c86300, 0x33ed3329, 0x3fed5d2f, 0x84f61001, 0x1a3221f7, 0x2943fe8a, 
    0x4cee8705, 0xf78d0935, 0x8d0b0221, 0x959b25e3, 0x4a959b95, 0x4920e88b, 0xc025d38b, 0xc40e02d0, 0x0ca747c4, 0xff2dd782, 0x001200ff, 0x03160200, 
    0x01060208, 0x08774c02, 0x1f034026, 0xfa022602, 0x2d08f366, 0x40100000, 0x1d07010b, 0x5010181b, 0x57180501, 0xe74f0933, 0x202b8305, 0x342b84f8, 
    0x00800043, 0xb9130000, 0xd3ff0100, 0x191b0940, 0x0150000d, 0x6b5e1800, 0xff052a0a, 0x03190247, 0x00260200, 0x232f825c, 0x5a9d0306, 0x01235985, 
    0x830b2e26, 0x4f21252a, 0x00342b2b, 0x26058b4b, 0x000e020b, 0x4a51000b, 0x30200587, 0x0806874a, 0x900b803a, 0x0b7f020b, 0x300b2001, 0x030b400b, 
    0x0b1f0b0f, 0x0b0b0802, 0x03035102, 0x0c065107, 0x0006000b, 0x03045509, 0x3f000a01, 0x3fed33cd, 0xde10013f, 0xed2f33ed, 0x5d5e2f32, 0xed200082, 
    0x2305f048, 0x23352315, 0x28059f4a, 0x7fa50b02, 0x959b95a1, 0x088b4b96, 0x08055f56, 0x07033225, 0x35002a00, 0x35405900, 0x1110302d, 0x3f532b11, 
    0x7b210121, 0x01373037, 0x371f370f, 0x03531702, 0x44300606, 0x36350a23, 0x2d03031c, 0x5733102d, 0x55110b26, 0x3f000710, 0x12ed3fed, 0x28648339, 
    0x5ef61001, 0x2f39ed5d, 0x06de7539, 0x332f3935, 0x30313911, 0x37363437, 0x3435012e, 0x3a33023e, 0x44013e01, 0x06250506, 0x021e1415, 0x05ef4c17, 
    0x2e222327, 0x27342502, 0x0681560e, 0x512da008, 0x17272046, 0x1030482e, 0x1531302b, 0x115f3c0e, 0x2b1c2318, 0x35201732, 0x44241526, 0x5f3a3b5f, 
    0x6d012644, 0x38323370, 0xf4373333, 0x1a247b4e, 0x38212d41, 0x02011829, 0x01047401, 0x1d111a0d, 0x17101e1e, 0x2b453930, 0x2545633e, 0x48604223, 
    0x58154161, 0x48484535, 0x00020000, 0x02f7ff0f, 0x00e202be, 0x00270018, 0x10364058, 0x02292029, 0x44007929, 0x01256f40, 0x25012510, 0x121cc009, 
    0x0d440f11, 0x0901090f, 0x4819280b, 0x16601620, 0x16801670, 0x120a1604, 0x0e0c1048, 0x5b482006, 0xdd3b0527, 0xde32fd32, 0x1001ed5d, 0x325dddd6, 
    0x3333cdfd, 0x5ddc101a, 0xe6fd1a5d, 0x5b30315d, 0x2328082a, 0x33353335, 0x23153315, 0x2212e45b, 0x5bbe0226, 0xa32b062e, 0xbebe9ca3, 0xa30b130b, 
    0x5baffea4, 0x0725122f, 0x7b50507b, 0x09ea5b48, 0x822c3d21, 0xff0a27c7, 0x034f02f5, 0xa3430009, 0x34310805, 0x2b012b30, 0x4051107b, 0x1e701e40, 
    0xc0191e02, 0x04060727, 0x00190251, 0x0823262a, 0x08010b0f, 0x1b070b0b, 0x0b151857, 0x01073f19, 0x04015507, 0x06dc4600, 0x18543320, 0x39122405, 
    0x645d5e2f, 0xd782059f, 0xcb85cc86, 0x440ed546, 0x2320089a, 0x240d4a4b, 0xc0957a0a, 0x0da643c0, 0x59017a22, 0x260aa343, 0x19e20e02, 0x445e67fb, 
    0x97220c7c, 0x7c44c1fe, 0x0003380d, 0x02f2ff32, 0x00c502e4, 0x00230013, 0x40520034, 0x46162d31, 0x822f001f, 0x792508f1, 0x20361036, 0x271c0236, 
    0x010a0f46, 0x1c35790a, 0x1f011f30, 0x30162427, 0x2d140114, 0x19053030, 0x2a030f4a, 0x059c414a, 0x2805b047, 0x32dc325d, 0x01325dcd, 0x05596a10, 
    0x31290583, 0x0e140130, 0x2e222302, 0x08377202, 0x4a373221, 0x8b44058b, 0x22072b05, 0x011e0706, 0x37363233, 0x2683010e, 0x35e40228, 0x47497f5c, 
    0x61185e7e, 0xe93c088c, 0x5d0c251f, 0x0b5e4c4b, 0x2017331b, 0xb32a2c32, 0x0f1a2913, 0x5a47485a, 0x12261410, 0x81181083, 0x2e360d1e, 0x1134875c, 
    0x515f5d4e, 0x120e0f13, 0x0f0c510e, 0x47515247, 0x0b82080a, 0x00000024, 0x0b510003, 0x26ef8406, 0x40610035, 0x4b261c3d, 0x8143058c, 0x2e2b0808, 
    0x0a0f5316, 0x0a2f0a1f, 0x7b0a0803, 0x141f2436, 0x16262e31, 0xaf31041c, 0xef31df31, 0x311f0331, 0x2b05311f, 0x19010f57, 0x430b0557, 0x392a068d, 
    0x125d2f2f, 0xcd103917, 0x9443cd10, 0x6a322005, 0x32200528, 0x0521fe91, 0x28ee8c22, 0x2e373237, 0x06222303, 0x050d4107, 0x32022f08, 0x3b5f4424, 
    0x2142613f, 0x385f4527, 0x2241603f, 0x1315b4fe, 0x2d313b06, 0x2111083a, 0x1f22110b, 0x1615821e, 0x281a0e03, 0x09392d1c, 0x11841e0e, 0x3e080136, 
    0x2c284967, 0x3e39654c, 0x2d284866, 0x0b48644c, 0x363d483a, 0x1029f382, 0x150e260e, 0x3916222c, 0x3b0c8434, 0x00010000, 0x0300000a, 0x00bf022b, 
    0x409f001c, 0x1515165f, 0x14010036, 0x02002400, 0x4f081b83, 0x4c0d0c0d, 0x1c14001c, 0x9f1e0d00, 0x1c34011c, 0x011c1b01, 0x01390c1c, 0x2b011b01, 
    0x010f0201, 0x07010801, 0x064c070c, 0x01061401, 0x0c010c8f, 0x08400620, 0x1d06480b, 0x154a1916, 0x02070312, 0x0c840c24, 0x1c0c1c02, 0x0206010c, 
    0x08000801, 0x28058e69, 0x182f1939, 0x3f3f5d2f, 0x05914733, 0xcd191a22, 0x240b4562, 0x5ddd1019, 0x5176185d, 0x1833270e, 0x3031332f, 0x3a662321, 
    0x18132006, 0x080c8177, 0x96b20135, 0x46424023, 0x2c18a927, 0x851a2c2c, 0x3c261608, 0x2344282e, 0x121e0b3c, 0x4a081b14, 0x70bda698, 0x757a844c, 
    0x1677013d, 0x161c2b32, 0x0c0a681f, 0x82001316, 0x08fb8400, 0x025f022f, 0x001a0016, 0x140f40bb, 0x00601313, 0x00d00070, 0x00f000e0, 0xffb80005, 
    0x186840c0, 0x0094481b, 0x00d400a4, 0x32002203, 0x00000200, 0x08048210, 0x0b0a0b26, 0x14001a59, 0x1c0b001a, 0x1adf1a0f, 0x0a1a1a02, 0x013b012b, 
    0x1f010f02, 0x019b0201, 0x01db01ab, 0x3d012d03, 0x21081086, 0x0a050108, 0x01045905, 0x0a010414, 0x141b0420, 0x10135717, 0xf0000501, 0x0a1a010a, 
    0x04010a1a, 0xc9530100, 0x0d184108, 0xcd3d1a22, 0x260afa77, 0xc9107171, 0x18712f18, 0x270c6877, 0x1133712b, 0x21303133, 0x07472a19, 0x17413720, 
    0x5130080d, 0x2d6d317c, 0x1d1b0a9e, 0x0a4f0d1e, 0x212f2218, 0x1f1a3716, 0x1208150f, 0x0166091a, 0x5c26990f, 0xed22585e, 0x0f1d2c1d, 0x076d0b09, 
    0x00171203, 0x36080082, 0xff500002, 0x03140343, 0x0017009c, 0x40730029, 0x1e242544, 0x011da01e, 0x08011d1d, 0x0f0a4413, 0x1f0b0e0e, 0x8f0a2f0a, 
    0x2b0a030a, 0x2ba02b20, 0x44021702, 0x662a7801, 0x27080545, 0x0e0f0817, 0x6b08130a, 0x02147b14, 0x25020814, 0x1e241d1d, 0x02011821, 0xddde3f00, 
    0x113232ce, 0x5d333f33, 0x32c4cd3f, 0x012d0682, 0x32edf610, 0x5dd4105d, 0x332f32cd, 0x05526710, 0xce2f3323, 0x0a666632, 0x06163332, 0x013e2707, 
    0x0e112337, 0x22130701, 0x3727022e, 0x23051744, 0x50030e17, 0x3e067d66, 0x4542026e, 0x0b211b65, 0x439c5865, 0x303b20b3, 0x0867031f, 0x251a1925, 
    0x1f036608, 0x66023c2f, 0xcf3c0897, 0x4046ab50, 0x01213923, 0x77e867c6, 0x2513f202, 0x261b2235, 0x1b281d20, 0x13243522, 0x3508f785, 0x025aff32, 
    0x0000036c, 0x00330021, 0x295b408d, 0x02213921, 0x08510c21, 0x7b020707, 0x35010101, 0x353b352b, 0x356b355b, 0xab359b04, 0xdb35bb35, 0x35440435, 
    0x16821b01, 0x0f023608, 0x02080135, 0x00282e2f, 0x02271027, 0x27012760, 0x24161427, 0x19160216, 0x347a1851, 0x2f002111, 0x282e2727, 0x0018222b, 
    0x070a161e, 0x000a0c01, 0x3fc4cd3f, 0x09134133, 0x29050b41, 0x715d2f33, 0x5fcddedd, 0x00825d5e, 0xd4107132, 0x1132cd5d, 0x5d32ed33, 0x11013031, 
    0x020e1633, 0x59050b41, 0x2720102d, 0x2c0d1841, 0x015a1102, 0x1c2f2112, 0x0a1d185c, 0x0f465956, 0x21416d20, 0xfe0e2b11, 0x4b512a6c, 0x1d3a1941, 
    0x61591f30, 0x41482013, 0x02260e2a, 0xf9ff0a00, 0x6b6e6702, 0x63200806, 0x01013a40, 0x09461c02, 0x270f2779, 0x26111101, 0x44021623, 0x13261013, 
    0x02100216, 0x00034822, 0x22080682, 0x02700260, 0x10030004, 0x03032003, 0x02030208, 0x02140c03, 0x0c0f4a17, 0x333f0008, 0x39123fed, 0x822f2f39, 
    0xed1037f2, 0xcd103311, 0xd6100132, 0x3232ed32, 0x5d2f3912, 0x11edf610, 0x81712f39, 0x052f5f05, 0x52230621, 0x332305e0, 0x6e153335, 0x63210d6e, 
    0x066e6e74, 0x366b2a36, 0x3e955050, 0x1a2b381f, 0x28402c18, 0x021f0b2e, 0x18476e74, 0x2606466f, 0x416ef601, 0x6e0afe41, 0xcf830b69, 0x02f55808, 
    0x00220213, 0x0029001a, 0x064b407b, 0x531e0706, 0x1001103f, 0x2b0f2b7b, 0x1a022b1f, 0x04262a1a, 0x19015107, 0x048f012a, 0x19070401, 0x23602607, 
    0x080b2301, 0x0107800b, 0x0b200b10, 0x0b800b30, 0x070b0704, 0x571b030b, 0x0f0b1518, 0x2f031f03, 0x04039f03, 0x82000308, 0x84e382d8, 0x5d5d21e2, 
    0x5d21df83, 0x8c058532, 0x855d20e6, 0x831320e7, 0x09bc4ed6, 0x2318e647, 0x8f8f953e, 0x220de647, 0x471d013e, 0x01250ae6, 0x5d3b3be7, 0x0ce54741, 
    0xdefe7a22, 0x080be547, 0x5000023f, 0x6b020000, 0x1400bd02, 0x70002600, 0x1d093c40, 0x1e1e081e, 0x071f2006, 0x1f08071f, 0x44220e08, 0x0b084003, 
    0x287b0348, 0x0801280f, 0x10440e18, 0x08072778, 0x06481a1d, 0x200c0909, 0x3721821e, 0x000c0c1f, 0x4a15080e, 0x3f000200, 0x39123fed, 0x3912392f, 
    0x11333311, 0xed200182, 0x012ae382, 0xc0fdfe10, 0xfe105d5e, 0xfd82ed2b, 0x7d26f382, 0x01c4c487, 0x05821033, 0x30316708, 0x15163201, 0x17070614, 
    0x010e2707, 0x2315012b, 0x17033e11, 0x15070622, 0x37013a33, 0x36173727, 0x022e3435, 0xa69b2a01, 0x6836363f, 0x16291443, 0x3b199c42, 0x111f373a, 
    0x08340c2b, 0x6730070d, 0x27151b3c, 0x6dbd0238, 0x1c60487c, 0x0271395b, 0xab02e803, 0x02040705, 0xd2010285, 0x683a5301, 0x261d311b, 0x52180917, 
    0x393f084f, 0x18001a02, 0x76002800, 0x24063d40, 0x25052523, 0x25250524, 0x04262703, 0x26050426, 0x47190d05, 0x290805ec, 0x012a302a, 0x08012a0f, 
    0x0e510d20, 0x0504297a, 0x26052625, 0x14571c0d, 0x200e0d01, 0x030c5723, 0x3f000b09, 0x32ed3333, 0xd1853f3f, 0x60331121, 0xe4870bf5, 0x05c40e22, 
    0x002ae682, 0x10391211, 0xc4c40587, 0xed82c40e, 0x2323ea87, 0x84272622, 0x323321ec, 0x25072b7b, 0x011e1107, 0xf383013b, 0x39026c08, 0x5e362d2f, 
    0x0a13093c, 0x9519401f, 0x3e3d3714, 0x4666411b, 0x3d3e9825, 0x0e0b2c14, 0x39011737, 0x0110355d, 0x23764d07, 0x0169345d, 0xc60b0c02, 0x0b06b502, 
    0x47270508, 0x53454366, 0xe9fe0203, 0x35630c09, 0x0100235c, 0x00005000, 0x39032902, 0x20000700, 0x44041040, 0x44000905, 0x07087801, 0x02020448, 
    0x3f000800, 0x83edce3f, 0xd61039b9, 0x333031ed, 0x35211123, 0xec211133, 0x9643019c, 0xb502c3fe, 0x00f8fe84, 0x20093b61, 0x2d43858a, 0x09075106, 
    0x7a035102, 0x55010608, 0xdc590004, 0x88ce2005, 0x23013443, 0x33112311, 0xbb013335, 0x7ff695e0, 0x6cfe9401, 0x837c0e02, 0x823c2043, 0x66300887, 
    0x0d00b502, 0x00b94300, 0x40c0ff0c, 0x48120d24, 0x0f000f0c, 0x0f500f30, 0x01040f60, 0x09440400, 0x0e780507, 0x03480900, 0x0d050606, 0x05020a48, 
    0x3a63a083, 0xcef62e08, 0xcc32fd33, 0x2bc6105d, 0x33013031, 0x20688315, 0x37ae8323, 0x29012115, 0x519ca8a8, 0xfed90151, 0x6e9301c3, 0x2501dbfe, 
    0x8422016e, 0x0024ba82, 0x00320001, 0x82059b5a, 0x28402b77, 0x00600050, 0x00030070, 0x7682200f, 0x030f403a, 0x51060203, 0x7a07090b, 0x0b7f020e, 
    0x08050b01, 0x55010708, 0x0a07000c, 0x0c914d18, 0x5d207788, 0x23217782, 0x22798215, 0x82352315, 0x21353379, 0x85e0f901, 0x52529585, 0x94017501, 
    0xb6b65d81, 0x7385fb5d, 0x47ff5024, 0xeb827702, 0x00263608, 0x25284047, 0x10100725, 0x2f461821, 0x02073f07, 0x0f287907, 0x00080128, 0x78224421, 
    0x024a1d27, 0x48260c02, 0x08220223, 0x000c4a13, 0x3f3fed2f, 0x2f3911ed, 0x064a42ed, 0x5df61022, 0x11820e83, 0x13303123, 0x0a236436, 0x0805f846, 
    0x35023e4f, 0x23022e34, 0x11070622, 0x15211123, 0x3233ec21, 0x294d6d43, 0x446b4927, 0x030d1919, 0x29121108, 0x1b12263b, 0x11284330, 0x019c1020, 
    0x01cbfed1, 0x4e2906af, 0x75474871, 0x02022e54, 0x1e020177, 0x342a4935, 0x01102944, 0x02ccfe01, 0x062f41b5, 0x46ff463b, 0x0e021602, 0x46002600, 
    0x11112840, 0x18000023, 0x3f0a0f53, 0x0a08020a, 0x36bb837b, 0x24512301, 0x571d277a, 0x010f0505, 0x24002555, 0x0f57150a, 0x8c3f000e, 0x4e5d20bb, 
    0xba840678, 0x7f530120, 0x05c24407, 0x4518bc85, 0x23210822, 0x08bc8215, 0xf9d4013c, 0x34112b12, 0x23233e58, 0x1c34563f, 0x180c081e, 0x1232360b, 
    0x051d3022, 0x030d0f0f, 0x018e0195, 0x03035994, 0x4361401f, 0x1c3c5e42, 0x01017003, 0x382b3d47, 0x01010e22, 0xab82ca02, 0x01000036, 0x52ff0a00, 
    0xb502ea03, 0x01013300, 0x26778c40, 0x26262b01, 0x20065371, 0x0a4d7113, 0x8f2c2208, 0x217d0121, 0x7f212101, 0xaf198f19, 0x0419bf19, 0x44243519, 
    0x700122ff, 0x0222b022, 0x132b2c22, 0x3a028212, 0x2d442c12, 0x10332e2e, 0x11110b10, 0x00332e2d, 0x33052e05, 0x1405004c, 0x71050000, 0x2d330f5e, 
    0x3334000a, 0x1e082d08, 0x1105051e, 0x2124082c, 0x71082648, 0xed231658, 0x71123fc6, 0x3f230658, 0x71d61001, 0xf7621058, 0x5dd42a25, 0xc6c6ed5d, 
    0x5d2f335d, 0x604d835d, 0xff620724, 0x5d012308, 0x56713031, 0x11332317, 0x5a713523, 0x5b342526, 0x3596752a, 0x25275c71, 0xfe3e7030, 0x5f71aec3, 
    0xff0a3f10, 0x0255036f, 0x0024000e, 0x308440f7, 0xb01c401c, 0x1c1e031c, 0x1417591c, 0x17141714, 0x74641817, 0xbf1f340b, 0x11100111, 0x1a261101, 
    0x70184051, 0x1f180218, 0x820c0d1e, 0x1f0c3302, 0x21212051, 0x070a0a24, 0x21200b0b, 0x21030024, 0x81642403, 0x06202416, 0x64242500, 0x20270581, 
    0x190a1f0a, 0x641c5517, 0xed221782, 0x8c413fc4, 0x3b8b4108, 0xc6c6ed22, 0x260d8741, 0x18331101, 0x722b872f, 0x8b6405e8, 0x17012517, 0x35231133, 
    0x251b8f64, 0x5e1d402a, 0x8f64357f, 0x4c2d2516, 0x91f5fe27, 0x08089064, 0x19000120, 0x350223ff, 0x4b00c402, 0x40407500, 0x39322c2b, 0x20202236, 
    0x324b3225, 0x15183c4b, 0xd2724645, 0x0d4d3a0a, 0x08403c0d, 0x4c3c480b, 0x2f480018, 0x4b4b014b, 0x4a423d10, 0x3c2f2820, 0x0ed67239, 0xcddc3322, 
    0x7206874b, 0x392413da, 0x33cd2f2f, 0x08ed5d18, 0x3d5f1320, 0x7a651805, 0x15032610, 0x06070614, 0xf75c1807, 0x6b012017, 0x35210664, 0x1cfd7234, 
    0x096a7224, 0x5d182005, 0x0b241101, 0x26754007, 0x24251273, 0x100c6460, 0x3d5e180e, 0x1d0b250f, 0x1420030e, 0x08102773, 0x23ff1e27, 0x1a02cc01, 
    0x83004700, 0x201f4d40, 0x162a2d26, 0x3f191313, 0x8f264f26, 0x3c260326, 0x0b303c26, 0x0e533608, 0x07ed6541, 0x0f492508, 0x02492f49, 0x0b483000, 
    0x3f3c2f3d, 0xcf3cbf3c, 0x3c3c043c, 0x57343103, 0x30231c13, 0x470b132d, 0x4401443f, 0x410bf565, 0xf9650959, 0x2f392312, 0x59415d2f, 0x0f05660b, 
    0x010e0722, 0x201c4f41, 0x1e1e6601, 0x3b2c1926, 0x02080422, 0x24124f41, 0x592e060c, 0x1f346620, 0x26362427, 0x11080517, 0x134c4106, 0x660e1221, 
    0x3808104a, 0x50000100, 0xcd0247ff, 0x1800b502, 0x46408800, 0x4c0f0f0c, 0x10141310, 0x02071310, 0x13164c02, 0x13161614, 0x16081313, 0x10101716, 
    0x170f4400, 0x0802172f, 0x0c071a17, 0x3e02820b, 0x0944080b, 0x02101978, 0x020b020f, 0x0a091313, 0x08080902, 0x00481608, 0x3f000802, 0x433fedc6, 
    0x182005bf, 0x3506b170, 0x39110032, 0x037d1039, 0x18c4c405, 0x5d5ed610, 0x112f33ed, 0x20452f33, 0x30312214, 0x07044505, 0x68113321, 0x7d08071d, 
    0x11331701, 0x154e3702, 0x24484339, 0x7b3d9c9c, 0x8f47b935, 0x356e394f, 0x22b9b984, 0x1c494f4f, 0xb502dbfe, 0x8b40fafe, 0x4f9c543b, 0xfe487a30, 
    0x000000c3, 0xff460001, 0x024a026f, 0x001c000e, 0x1f354063, 0x13130113, 0x1b0f5111, 0x0b0d010b, 0x190b0b01, 0x050f0e0e, 0x1e0f0606, 0x1c011e0f, 
    0x7a1a5119, 0x181b001d, 0x1b1a0b0b, 0x110a1a00, 0x0a13550e, 0x00050006, 0x3f3f3f00, 0xcb85c6ed, 0x39123924, 0x074f1801, 0x32c62305, 0xbf86cd2f, 
    0x185d5d32, 0x2f32ed10, 0x1330315d, 0x3337033e, 0x1e07030e, 0x28063e44, 0x1527032e, 0xdb331123, 0x09e66516, 0x26522425, 0x65357f61, 0x1c2512e6, 
    0xf5fe3056, 0x0be76591, 0x00502208, 0x02060300, 0x002000b5, 0x743f4071, 0x0c0c010c, 0x07060f15, 0x01220f10, 0x1d181f15, 0x781b441a, 0x24128221, 
    0x1f011f79, 0x3de98278, 0x01010175, 0x18011876, 0x16011676, 0x15011579, 0x021c1b15, 0x0810081b, 0x0207080f, 0xd9690206, 0x05845a06, 0xdd5d332b, 
    0x335dcd5d, 0x3d39125d, 0x2ecf832f, 0x32de32fd, 0xd61032cd, 0x11c5d6c5, 0x7b193912, 0xca890568, 0xc6842320, 0x11233522, 0x3c08ca82, 0x01353311, 
    0x30321e7d, 0x21b91a30, 0x28443d3d, 0xb93b8151, 0x3b383111, 0x9c30611b, 0x3702309c, 0x3f3f228e, 0x51312844, 0x4729494b, 0x542277b8, 0x8f1a4b53, 
    0x02cefe93, 0x95edfeb5, 0x06376500, 0x0e02a022, 0x522ed382, 0x0f222940, 0x530f0505, 0x10040410, 0xd385530a, 0x7a1b5134, 0x180a0a21, 0x171f0120, 
    0x1b181815, 0x0a1b001c, 0x83410a0f, 0x823f2005, 0xc53324bb, 0x8bc532d5, 0x32dd27b5, 0x2f32ceed, 0x0382ed10, 0x3031c623, 0x054a6a01, 0x1e070322, 
    0x07409c18, 0x08081e59, 0x2b500137, 0x17b1224a, 0x17383b37, 0x333c411e, 0x260fab12, 0x4d172e2b, 0x28959528, 0x336fb701, 0x411e3261, 0x1d163a3f, 
    0x214d4d48, 0x3b3e3c18, 0xea767017, 0x78cf0e02, 0x26b38300, 0x02000009, 0x82e202ba, 0xb56708b3, 0x128b6340, 0x10120001, 0x170b0212, 0x1202171b, 
    0x184c1717, 0x1818141d, 0x1b000b1d, 0x05840200, 0x1f050f01, 0x05000205, 0x201d4c05, 0x1a201d14, 0x1d0b011d, 0x1d1d0801, 0x22201806, 0x050e1205, 
    0x0d110612, 0x4406100d, 0x7807090b, 0x18082021, 0x0c0d0d02, 0x0e081117, 0x1d0b1d0b, 0x07021707, 0x00080608, 0x823f0008, 0x2abc1800, 0x32cd3207, 
    0x2f32cc10, 0x10013f3f, 0xfd33cef6, 0x332f33cc, 0x311a8200, 0xc405037d, 0x1018c4c4, 0x3912c6d6, 0x5d5e2f19, 0x6f68875d, 0x1018210c, 0x2206de46, 
    0x185d5d00, 0x57086c9e, 0xda410958, 0xf3012109, 0x08054f43, 0x9c51514a, 0x48215656, 0xb91a4147, 0x544d4a27, 0x479b5331, 0x43474922, 0x02effe1c, 
    0x5050642e, 0x48209364, 0x3120484a, 0x2a505157, 0x0073aa45, 0x00020001, 0x02540200, 0x001e003b, 0x1550409a, 0x0f591a1a, 0x0f0f1414, 0x01080014, 
    0x08053a57, 0x0f0c5945, 0x0f0c0c14, 0x0c1b0f0f, 0x1401141f, 0x01200f20, 0x04081a08, 0x031b081a, 0x06070703, 0x011e511b, 0x0f1f7a1c, 0x0a1c010f, 
    0x0a150a1b, 0x000c0a14, 0x000b0302, 0x04551d07, 0x3f000001, 0x3f32ed33, 0x413f32ce, 0x19270508, 0x1018012f, 0x82ce32f6, 0x331123fd, 0xfe881100, 
    0x185d5e24, 0xc67ad610, 0x25fd8212, 0xc4107d05, 0xa04f3031, 0x3337230a, 0x1642010e, 0x11340809, 0x95460223, 0x69324b4b, 0x7b3eb12b, 0x40441e3d, 
    0x10ab1236, 0x1936342d, 0x0e024695, 0x90492d2d, 0x4d367231, 0x421d367f, 0x1a214745, 0x15323437, 0x00c501cc, 0x34080082, 0x00140001, 0x02130300, 
    0x001600b5, 0x74434084, 0x120d0112, 0x0c094c12, 0x0c090914, 0x0201027b, 0x064c0505, 0x06061409, 0x13090909, 0x16180c06, 0x02121714, 0x32028201, 
    0x14441301, 0x00090917, 0x08130814, 0x080c080d, 0x82050206, 0x4815262d, 0x3f000200, 0x44e584ed, 0xe782055f, 0x436dd620, 0x41eb820b, 0x454a07e3, 
    0x5d002107, 0xdf830983, 0x825d0021, 0x452120e1, 0x374a0a1f, 0x14232306, 0x1e454901, 0x9b532306, 0xe041b947, 0x45ad2005, 0x4523091c, 0x452273be, 
    0x31200630, 0x2608d387, 0x0e028702, 0x76001c00, 0x18133b40, 0x120d5918, 0x120d0d14, 0x59070702, 0x08140d08, 0x0d0d0d08, 0x1e120819, 0x82010218, 
    0x19013802, 0x1d1a0051, 0x1a000d0d, 0x130a190a, 0x080a120a, 0x01000700, 0x82551b00, 0x20cb904a, 0x0d106e39, 0x12c6d625, 0x4b2f3d39, 0xa741080f, 
    0x15212109, 0x43079242, 0x112007b8, 0x1228c582, 0x282c2f16, 0x3816b10f, 0x0ea7e318, 0x0e027d2c, 0x353518c5, 0x401b1330, 0xb3433d40, 0x3d1a2705, 
    0xe015383c, 0x8482a001, 0x00014b08, 0x0347ff50, 0x00b50213, 0x405e000f, 0x4400073c, 0x5f01010f, 0x40010101, 0x01480b08, 0x03440501, 0x80113011, 
    0xe011d011, 0x0511f011, 0x0801110f, 0x0b440a0d, 0x480e1078, 0x0901092f, 0x020c0b09, 0x0205080b, 0x01080748, 0xf9450002, 0x5d2f2107, 0x3807f14d, 
    0xedd6105d, 0x5d2b2f32, 0x3132ed71, 0x11330130, 0x35231133, 0x11211123, 0x3c098223, 0x9cf20121, 0xfe8b9685, 0x019c9cfa, 0xfdb50206, 0xb9c3fecf, 
    0xdafe2601, 0xf7feb502, 0x068b4600, 0x0e026722, 0x602a9782, 0x0e053d40, 0xab0f5b51, 0x7670020f, 0x030f3005, 0x74016451, 0x03018401, 0x111b1101, 
    0x8302112b, 0x37888297, 0x107a0951, 0x550c000f, 0x0701072f, 0x000a0907, 0x00030a09, 0x000a0555, 0x82069146, 0x05245e97, 0x5d5e5f22, 0x5d209982, 
    0x99839a84, 0x97842520, 0x2e08fd44, 0x5c0b0233, 0x959b727f, 0x7a959b95, 0x6a91f5fe, 0x26080858, 0x00500001, 0x023b0300, 0x000d00b5, 0x00254041, 
    0x02044405, 0x1f040f02, 0x0f040204, 0x0b010f00, 0x78094408, 0x83480c0e, 0x0902257a, 0x03080408, 0x7608b142, 0x5d260847, 0x395dc610, 0x7483102f, 
    0x15210124, 0x0c411123, 0x4901230a, 0x0c419cad, 0xfd842207, 0x090a41cf, 0x22060746, 0x820e0283, 0x43280877, 0x030c2740, 0x00000251, 0x0f0f0f02, 
    0x0fbf0f4f, 0x51060903, 0x010e7a07, 0x0a000c55, 0x01052f55, 0x08070505, 0x030a0700, 0x3f21f582, 0x2277823f, 0x413fed5d, 0x7a82058d, 0x77827987, 
    0x2123ec88, 0x82788302, 0x9b9527e8, 0xa0010d01, 0xec8760fe, 0xff23eb82, 0x82280447, 0x294108eb, 0x36405d00, 0x011a1111, 0x00442301, 0x02241024, 
    0x27242408, 0x092f461a, 0x2b790901, 0x2b202b00, 0x28462702, 0x1f222a78, 0x0404014a, 0x29482623, 0x23082802, 0x4a151208, 0x2f000e11, 0x3f32ed33, 
    0x092c743f, 0x5dedf622, 0x24060450, 0x32ed5d5e, 0x054e4f2f, 0xa35f1120, 0x1837200d, 0x410d33af, 0x02240622, 0x1d3d1e8a, 0x2c160e50, 0x9c152a15, 
    0x029cfefe, 0x04f8feb5, 0x14105004, 0xfe020227, 0xfd3102ce, 0x20ce82cf, 0x055b4200, 0x03463108, 0x000e0246, 0x404e0028, 0x1e17172d, 0x01510007, 
    0x531e0401, 0x1001102f, 0x2a202a7b, 0x012a0f01, 0x7a055104, 0x15571b29, 0x0b57230e, 0x5503000b, 0x2309926c, 0x2f3912ed, 0x20065541, 0x20cf875d, 
    0x058766ed, 0x82232121, 0x112322af, 0x0c666121, 0x260f2150, 0x9b950b02, 0x50c50195, 0x01261b21, 0x026efe92, 0x2250d30e, 0x08c38216, 0x32000251, 
    0xfd0247ff, 0x3300c502, 0x73004300, 0x3c283440, 0x23082f46, 0x34111919, 0x23292b46, 0x23022339, 0x45294579, 0x01451b01, 0x0101450d, 0x000f4611, 
    0x0802001f, 0x16447900, 0x2b2f4a3f, 0x372f2c48, 0xffb81e4a, 0x110e40c0, 0x1e1e4814, 0x18082f28, 0x290c3447, 0xed2b2f39, 0x10eddd10, 0xde5b32ed, 
    0x5d5f2105, 0x3220e984, 0x1225fa83, 0x32ed3339, 0x3b471831, 0x020e260d, 0x021e1415, 0x06855f17, 0x2d06b277, 0x17011e07, 0x27012e07, 0x3405032e, 
    0xea762326, 0x17e90805, 0x2832033e, 0x2569915a, 0x16252050, 0x553f1d3a, 0x17081633, 0x0305232a, 0x3b5b3d20, 0x19344f36, 0x3b543619, 0x14406423, 
    0x5d2ea786, 0x02204b7d, 0x0f1e2536, 0x040f181e, 0x21372a04, 0x435c010d, 0x113e6682, 0x0d0b7c0e, 0x385c4124, 0x25323e23, 0x1a31180a, 0x2645623c, 
    0x30533d22, 0x3748532b, 0x071c1d0f, 0x465f0d7e, 0x7a624006, 0x0d322f0f, 0x1c2b3821, 0x1b05142f, 0x02002f26, 0x6aff2d00, 0x1c025b02, 0x3b002d00, 
    0x4c407b00, 0x012e541d, 0x1803262e, 0x1201122b, 0x362b2912, 0x20533601, 0x1801183b, 0x403d3d7b, 0x0f480e09, 0x0c02013d, 0x1f290f53, 0x03292f29, 
    0x3c7b2908, 0x39262120, 0x15501540, 0x00151502, 0x500f4031, 0x570f020f, 0x040b261d, 0x01000307, 0xcd323f00, 0xed333f32, 0x3912325d, 0x10cd5d2f, 
    0x06185ddd, 0x2b5d5f28, 0x325df610, 0x16835ded, 0x3339122e, 0x31325dcd, 0x16320130, 0x012e0717, 0x67071341, 0x16240608, 0x020e1415, 0x21053441, 
    0x4a412703, 0x13850805, 0x3e171614, 0x26343503, 0x01062223, 0x1f42273b, 0x1d2e141d, 0x0f243b2c, 0x0203302c, 0x4f53595c, 0x2b3d2712, 0x12374918, 
    0x3042583b, 0x207e7d13, 0x02856643, 0x16282203, 0x1b131e07, 0x0d1c0220, 0x0b086f0e, 0x1e392d1b, 0x0e11513c, 0x676a0e1a, 0x3d1f4d56, 0x0f0c2a36, 
    0x03700615, 0x1d312617, 0x337d8a09, 0xfe304e63, 0x0e1c117f, 0x211f1805, 0x2c1c1d0e, 0xff000000, 0xff3200ff, 0x02740223, 0x000602c5, 0x260f84a2, 
    0x0123ff2d, 0x821c02d6, 0x82c2200f, 0x00013720, 0x0247ff14, 0x00b50252, 0x4030000b, 0x0644041a, 0x02000d02, 0xb3640944, 0x0a0c3c05, 0x020b4801, 
    0x08084804, 0x3f2f0005, 0xc0fd3fed, 0x2bd61001, 0xc6d5fdd5, 0x82edd510, 0x231527fe, 0x23113311, 0x03822335, 0xd152023b, 0xd182967c, 0xfe85b502, 
    0xb9c3fe54, 0x00853002, 0xff0a0001, 0x02ef016f, 0x085b820e, 0x20403821, 0x03010b0d, 0x10050051, 0x05080205, 0x0a085101, 0x480b0840, 0x09000c0a, 
    0x02000b55, 0x8e0a0755, 0x5d5e2561, 0xc6d510ed, 0x62896382, 0xef012126, 0x777f61a8, 0x2605996f, 0x91f5fee6, 0x827a9401, 0xffff29c2, 0x00000500, 
    0xb5029002, 0x3c20d382, 0x77831082, 0x1b02472f, 0x14000802, 0x33406200, 0x0a0f140f, 0x06995114, 0x090a0f38, 0x0a060f06, 0x14060959, 0x09060908, 
    0x16030002, 0x06510300, 0x23821509, 0x0f090f30, 0x06030e05, 0x0f000e04, 0x393f3f00, 0x00823f39, 0xed83ee82, 0x0e877d24, 0x038210c4, 0x18180521, 
    0x27083f56, 0x2b101887, 0xc4107d08, 0x3708a182, 0x1507010e, 0x012e3523, 0x031e3327, 0x37033e17, 0x5f2a1b02, 0x64339534, 0x190a9f28, 0x0d0e1d1d, 
    0x09191c1d, 0xeb8f0802, 0x69e2de69, 0x5d2c8ee8, 0x2424545a, 0x2c5d5a54, 0x0021aa82, 0x2ebb8701, 0x80001600, 0x0c0e4740, 0x0b09100c, 0x8204070b, 
    0x00243dba, 0x03000803, 0x4c031400, 0x04140704, 0x07041807, 0x14001044, 0x10001013, 0x10134c14, 0x10200882, 0x3205dd69, 0x13021417, 0x09080c02, 
    0x0707100e, 0x04080b04, 0x5e020302, 0x2f2305bf, 0x8532cd33, 0xc52b22c3, 0x26b88887, 0xfd101801, 0x8487c6d5, 0x5e002cbc, 0x3311015d, 0x11ce2f18, 
    0x82ce2f33, 0xfc5618c9, 0x22d08209, 0x84333523, 0x012508d3, 0x4c2a4e01, 0x7436ac20, 0x9c847740, 0x743f7483, 0x4a20b536, 0x8e479801, 0x65c86a48, 
    0x6eb0b06e, 0x486ac964, 0x0c77418e, 0x7b001a3f, 0x10154040, 0x59101a15, 0x0e140c0f, 0x0c0f0c0f, 0x001a1508, 0x1a031503, 0x14030059, 0x08d68202, 
    0x1c070321, 0x51070500, 0x1b0f080a, 0x0f100f1a, 0x6f030f0f, 0x020c7f0c, 0x080a0a0c, 0x050e070e, 0x830f000a, 0x3f3f23c4, 0xc3865dcd, 0xfdced429, 
    0x10c6d4ce, 0x417d10c4, 0xcf820d88, 0x90411388, 0x080c5709, 0x2a0b9641, 0x582d5124, 0x5d779573, 0x4123552d, 0x7c290c9a, 0xb95d5ed1, 0xd05e5db9, 
    0x0c9c417d, 0x08054742, 0xb502b87c, 0xe9001900, 0x020a9540, 0x01171f01, 0x20181017, 0x03183018, 0x11121518, 0x000e1508, 0x150f010f, 0x0c09100e, 
    0x000d0910, 0x1009100a, 0x08110607, 0x01030f11, 0x0d081103, 0x0110c400, 0x09011056, 0x08cb0110, 0x01085901, 0x10010806, 0x4c081108, 0x09141009, 
    0x13111009, 0x150e1514, 0x0d000d02, 0x560100c4, 0x00090100, 0x010ecb01, 0x06010e59, 0x0e08010e, 0x4c000d00, 0x21830e15, 0x401b1b27, 0x0d480b08, 
    0x33058309, 0x02111a09, 0x020e0210, 0x0809020d, 0x00150808, 0xcd3f0008, 0x2705494b, 0x2bd61001, 0xd4102bc6, 0x21059f6b, 0x00845d5e, 0x48191020, 
    0x013a28ab, 0x5dd51018, 0x30315dcd, 0x012e215d, 0x07030e27, 0x37013e23, 0x37173303, 0xd64f0333, 0x01300806, 0x2d451dde, 0x262b2b0e, 0x752cb209, 
    0x87bddf48, 0x30dcb284, 0x966b1f4c, 0x123e773a, 0x13424840, 0x0163b251, 0xfed9d94f, 0x32703eaf, 0x00b9c3fe, 0x0805ff43, 0x0237023a, 0x011f000e, 
    0x0bf14068, 0x142c011b, 0x01132b01, 0x08011217, 0x0c0a010d, 0x01030401, 0x0b010208, 0x141f0117, 0x0d02142f, 0x132e0114, 0x1b130b01, 0x100f0213, 
    0x010f2501, 0x7a084182, 0x3f010014, 0x30070107, 0x06090109, 0x1b011b19, 0x16010b1e, 0x01191817, 0x141b0116, 0x02121401, 0x100b0215, 0x102b101b, 
    0x0b1e1003, 0x0e0c1502, 0x0e0c0301, 0x0b1e1d1c, 0x1f04051e, 0x01031706, 0x02061f03, 0x26000615, 0x1f000200, 0xc9160106, 0x1f17011f, 0x010bc601, 
    0x0b180b08, 0x1e0b1f02, 0x1f06590b, 0x1f060614, 0x170115c9, 0x15050115, 0x0101c601, 0x0b010118, 0x82150101, 0x593b0863, 0x02141502, 0x01023415, 
    0x6b063b02, 0x8b067b06, 0x21060406, 0x1b012174, 0x3b212b21, 0x210f0321, 0x1e070201, 0x161e0801, 0x480b0840, 0x001f2016, 0x0a16001e, 0x06090a15, 
    0x82020a0b, 0x3f0025fd, 0xcecd3f3f, 0x2b064644, 0x5d5ec62b, 0x5d5d5d5f, 0xd65dd410, 0x8206446d, 0x1802820d, 0x270b8098, 0x0f5d000f, 0x0e875d01, 
    0x23075277, 0x5d5f01c4, 0x10201382, 0x01211183, 0x2006845d, 0x2b2082c4, 0x5dd5107c, 0x315dcd18, 0x715d0030, 0x44820182, 0x86015d21, 0x01712307, 
    0x88513337, 0x0e46080b, 0x3e230703, 0x012e3703, 0x17013327, 0x1fb39c66, 0x7f621838, 0x1d18083a, 0x1e0f1020, 0x9a0a1a1c, 0x3532290c, 0x2c592d1a, 
    0x9e7001a3, 0x244c27fd, 0x0f91f5fe, 0x1430312c, 0x2d2f2d13, 0x49441914, 0x813f2049, 0xcd82003f, 0xff143d08, 0x028d0347, 0x000f00b5, 0x5f2c4048, 
    0x7f116f11, 0x03110311, 0x440e0144, 0x0f2f0f0f, 0x00050f02, 0x02091009, 0x05440b09, 0x020f1008, 0x08480a07, 0x480d0102, 0x00030805, 0x32ed3f2f, 
    0x012d0283, 0xfddcd610, 0xd4105dcd, 0xedd6ed5d, 0x25be82c6, 0x23113325, 0x03832135, 0x1123153e, 0x03331121, 0xfd967815, 0x0202b3d0, 0x9c1601b3, 
    0xb9c3fe84, 0x85853002, 0x310254fe, 0x0a267f83, 0xa5026aff, 0x7f820e02, 0x23403e29, 0x03510211, 0x830e510f, 0x09203c72, 0x0b090803, 0x10070551, 
    0x070a000f, 0x01000955, 0x03550d01, 0x3f000a05, 0x8432edce, 0x2477827a, 0x5eddfdde, 0x2104825d, 0x7b74c6fd, 0x82798208, 0x11333a75, 0x594c0233, 
    0x694dfe7f, 0xaf696701, 0xf0fe7a95, 0x7b930196, 0x01e7fe7b, 0x24f38294, 0x0247ff32, 0x08f382b6, 0x4d001b39, 0x10093040, 0x440c0a44, 0x010aa00e, 
    0x401d780a, 0x801d701d, 0xd01db01d, 0x1d0f051d, 0x08021d2f, 0x1c1a441b, 0x4a05021a, 0x0e0a1414, 0x080f480c, 0x3f00020a, 0x18cded3f, 0x260a4145, 
    0x5df6105d, 0x1810edd5, 0x200e4545, 0x74fe8233, 0x332c0993, 0x342514ce, 0x1d37181f, 0x5a96549c, 0x124b4518, 0xc3fecf2b, 0x0404e8b9, 0x4c633b17, 
    0x089f82d4, 0x6fff1e3c, 0x0e024302, 0x51001900, 0x3b1b2bb7, 0x510b021b, 0xc0ffb80d, 0x0f082740, 0x08100d48, 0x3b092b51, 0x7a090209, 0x1f1b0f1b, 
    0x0208021b, 0x1a195100, 0x57040019, 0x0d091313, 0x2d750f0a, 0xcecd2105, 0x5f2da288, 0xf4105d5e, 0xd532ed5d, 0x3031ed2b, 0x0a33755d, 0xb32aa38d, 
    0x26092c31, 0x7f60950f, 0x39751476, 0x6cfe260d, 0xad91f5fe, 0x083c7503, 0x3200012f, 0x58020000, 0x1a00b502, 0x00b96a00, 0x3998821c, 0x480b083e, 
    0x44067a1c, 0x01053f08, 0x056f055f, 0x05df057f, 0x050505ef, 0xcd82700c, 0xef0d2408, 0x1aa0011a, 0x011a7f01, 0x1444151a, 0x0214401b, 0x19800001, 
    0x0d0e4048, 0x050b0b80, 0x02050807, 0x823f3f00, 0xcd1a24ad, 0x82fd1a33, 0x013f3404, 0xfdde101a, 0x5d5d5dde, 0x325ddd32, 0x32715dde, 0x532be6fd, 
    0x1120060f, 0x3808b383, 0x23150706, 0x3d032e35, 0x14153301, 0x01351716, 0x0d1f117f, 0x221b9c9c, 0x345c4861, 0x2f219c14, 0x0174d901, 0x49010204, 
    0x04e74bfd, 0x05767602, 0x375a4228, 0x3b33d4d4, 0x208d830a, 0x2dbb821e, 0x000e0200, 0xb964001b, 0xc0ff1d00, 0xbb820d40, 0x067a1d2a, 0x0d050851, 
    0xb81b0e00, 0x20081182, 0x481b1825, 0x1551161b, 0x0016401c, 0x041a801b, 0x0f405501, 0x0d08010d, 0x0f090c80, 0x0015070f, 0x084a5507, 0x332bb683, 
    0x5ecd1a33, 0x32fd1a5d, 0x86cd1a32, 0x322b24ba, 0x8ade32dd, 0x833520b5, 0x064e48b5, 0x2a08b689, 0x09160d3f, 0x160b9595, 0x4f334d0b, 0x1c951c36, 
    0x55760123, 0xe9020101, 0x02adf2fd, 0x53550102, 0x462d1502, 0x1faaab33, 0x5f54051e, 0x802c0657, 0x1700b502, 0x2f404c00, 0x40154417, 0x2708b682, 
    0x19f01915, 0x0119cf01, 0x19201910, 0x0c031990, 0x780b4409, 0x08081718, 0x100d4805, 0x08160b10, 0x020b020c, 0x0809080a, 0x25057247, 0x332f3912, 
    0x624f32ed, 0x5d5d2905, 0x2bd6105d, 0x253031ed, 0x2009d35d, 0x06154d33, 0x011d2808, 0x0de40123, 0x1a2b3721, 0x9c9c1539, 0x581f3b19, 0x9c184071, 
    0x1f2f20d4, 0xfe04040f, 0xe7b502b7, 0x43240304, 0x6dd43b5f, 0x34080843, 0x0208030c, 0x004b0006, 0x00020000, 0x03f1ff0a, 0x00c4023e, 0x003a0031, 
    0x0a29404e, 0x44320b0b, 0x3c792e31, 0x2446003a, 0x1d211e15, 0x1d1e3b1a, 0x15483224, 0x2bd3822f, 0x4a351000, 0x050a0329, 0x09100b4a, 0x20052653, 
    0x08a482ed, 0xfd335d2d, 0x0132cc32, 0xdd32d610, 0xed32dc32, 0x32f61032, 0x332f33ed, 0x1e013031, 0x3e323303, 0x0e173702, 0x2e222303, 0x032e2702, 
    0x82363435, 0x1501240d, 0x73171614, 0x0622079c, 0xb94b2707, 0x01072605, 0x311d056c, 0x25b81848, 0x284a3609, 0x2d57835a, 0x32462d04, 0x7605071a, 
    0x2c1c0203, 0x6a53380b, 0x32b8183e, 0x2a32080f, 0x132a4431, 0x060f0e0a, 0x1214077a, 0x7757320d, 0x27170646, 0x2d11293b, 0x170e1010, 0x08231505, 
    0x22446744, 0x5682572c, 0x800b290b, 0x29184f47, 0xf7851f36, 0x02f24808, 0x001c0297, 0x00340029, 0x15374061, 0x532a1616, 0x367b0b0e, 0x0f0136c0, 
    0x02364f36, 0x03530f34, 0x26002720, 0x12153523, 0x26271b57, 0x20340303, 0x0e3f0e2f, 0x080e0e02, 0x3f0b1b16, 0x572f012f, 0x3f000108, 0x703f5ded, 
    0xcd230532, 0x70cc1032, 0x08410635, 0x5d5d2106, 0x4c080a41, 0xfe180578, 0x16410f56, 0x41012006, 0x05210616, 0x0810822e, 0x07020e5a, 0x0a1f127f, 
    0x294f4231, 0x01028270, 0x4c05aefe, 0x194f2940, 0x31280c14, 0x64421c38, 0x55042645, 0x7105044b, 0x88010104, 0x23170b01, 0x1824191a, 0x8901030d, 
    0x34091e16, 0x891a344e, 0x0c1f0d85, 0x0b0f362e, 0x090c0679, 0x58412406, 0x504c0d34, 0x0e111f0c, 0x13521e0e, 0x08d27718, 0x4724ff85, 0xc4023e03, 
    0x2208fd82, 0x405c003d, 0x12121130, 0x0b0a3118, 0x3444350b, 0x3d3f7931, 0x18274600, 0x1d202421, 0x2720213e, 0x41184835, 0x382805fc, 0x0a032c4a, 
    0x12134a05, 0x2405fe41, 0x32ed33cd, 0x1a00423f, 0x39121124, 0x0542cd2f, 0x0507440c, 0x2a2c0742, 0x3d31250b, 0x593d9622, 0x4203203c, 0x062b2908, 
    0x030d1111, 0x3a0eb6ac, 0x423a6652, 0x5408210c, 0xff0a0002, 0x0297026a, 0x0028001c, 0x40790033, 0x26280045, 0x18032727, 0x29232322, 0x7b181b53, 
    0x0135c035, 0x354f350f, 0x531c3302, 0x0d0a0310, 0x22340609, 0x0a26571f, 0x33101009, 0x3f1b2f03, 0x1b1b021b, 0x10280015, 0x23280228, 0x3f0b2600, 
    0x572e012e, 0x06194215, 0x5dcd3327, 0x5d2f3912, 0x1a1c4233, 0x20821120, 0x31261f82, 0x012e0530, 0x0b422e27, 0x07224307, 0x7a181620, 0x15220e26, 
    0x25421323, 0x72012406, 0x4208615f, 0x3042060b, 0x4a122413, 0x42957f2b, 0x07230922, 0x42587e14, 0x0520080b, 0x25102e42, 0x8b04100a, 0x2242d201, 
    0xffff2707, 0x00005000, 0x5718ec00, 0x0035095b, 0x0300000a, 0x029903cd, 0x00d60226, 0x03070100, 0x0034019d, 0x054f7199, 0x0940ff2b, 0x21003d35, 
    0x300a0150, 0xdf86184f, 0x222f8308, 0x82000347, 0x85f6202f, 0xf100212f, 0x13245182, 0xff0100b9, 0x28272f82, 0x50190030, 0x86230601, 0x06075c2f, 
    0x028d3608, 0x002600b5, 0x1929404e, 0x0422440c, 0x1a150303, 0x17287922, 0x78164414, 0x021a1527, 0x1d180219, 0x14111113, 0x02160217, 0x08140815, 
    0x00030704, 0xcd322f00, 0x05a85732, 0x3405664d, 0xf6102f01, 0xe61032ed, 0x2f391132, 0x32ed1033, 0x22053031, 0x0d106326, 0x2311072a, 0x13113311, 
    0x07010e33, 0x2105cf70, 0x10636601, 0x273a0806, 0x2113273a, 0x1e284a37, 0xe89c9c1c, 0x427f38b9, 0x24405834, 0xb96b4825, 0x01770202, 0x3f301d02, 
    0x2a443121, 0xe5fe0313, 0xe6feb502, 0x98421a01, 0x49310b46, 0x6b3f3e64, 0xdb822d50, 0x00014008, 0x0246ff46, 0x000e0222, 0x405b0028, 0x53200936, 
    0x19191a12, 0x123f0a02, 0x2a7b1201, 0x2a1f2a0f, 0x2a4f2a3f, 0x08052a5f, 0x02510003, 0x1c1a297a, 0x0a0e1719, 0x03000900, 0x250f0400, 0x6b000225, 
    0x392107d9, 0x21d3852f, 0xc418cd33, 0xe62108ff, 0x20d0895d, 0x56be8233, 0x012008b2, 0x32123563, 0x95db0706, 0x2f2e1195, 0x10a10d2b, 0x1332332e, 
    0x6323604f, 0x14360a36, 0x091d3124, 0x0e020b1f, 0x3e3b13d3, 0x39131037, 0x0f163c3d, 0x38637076, 0x28320809, 0x01102338, 0x01000001, 0x43ff0a00, 
    0xb5022b03, 0x50001a00, 0x18153140, 0x10441a18, 0x501c1114, 0x1c0f011c, 0x1c2f1c1f, 0x10000003, 0x00080200, 0x7b7a0e44, 0x151b3105, 0x19481014, 
    0x0e481a08, 0x07480802, 0xed3f0009, 0xcc200183, 0xd62fc482, 0x5eedd62b, 0x105d5d5d, 0xeddd32d6, 0x18331133, 0x6b0e6351, 0x012109ba, 0x6b511875, 
    0x07b16b0e, 0x31026722, 0x0ed35818, 0x2007a36b, 0x05475802, 0xff0a3008, 0x028f025a, 0x0022000e, 0x1d48406e, 0x51222020, 0x24171c16, 0x246b240b, 
    0x9b0324db, 0x24540124, 0x3f022474, 0x241b0124, 0x0f02242b, 0x86020124, 0x7f5127bc, 0x14100114, 0x69511401, 0x1d232905, 0x2155161c, 0x1555000a, 
    0x0ab14218, 0xc285ed20, 0x5d5dde22, 0x5f21c482, 0x2000835d, 0x76c98b71, 0x7d6b0d12, 0xc642180a, 0x6b612016, 0x5c200872, 0x6b15f175, 0x01360a64, 
    0x00010094, 0x0245ff50, 0x00b5028e, 0x404b0017, 0x0f08092d, 0x4f584400, 0x782a0805, 0x20190019, 0x03197019, 0x14441512, 0x02141878, 0x102f4816, 
    0x00101001, 0x0c090812, 0x00050848, 0x2f3f0002, 0x3f32ed33, 0xac573912, 0x105d2608, 0x32fd2bf6, 0x054058cc, 0x23061422, 0x21071d43, 0x48583536, 
    0xe4b5180a, 0x58162009, 0x5c2b0850, 0x08056468, 0x2a030579, 0x58110128, 0x9b820756, 0x47ff4626, 0x0e021202, 0x59279b82, 0x10113740, 0x18071717, 
    0x3e072240, 0x80193019, 0x0319d019, 0x191f190f, 0x06020802, 0x187a0451, 0x01143011, 0x0e0d1014, 0x822f5506, 0x02002a3b, 0x00040009, 0x3f000a02, 
    0x20a2863f, 0x05fe7133, 0x1832ed21, 0x2007f545, 0x29a98310, 0x23152325, 0x33153311, 0xa2793335, 0x0135270c, 0x9595a27d, 0x917995a2, 0x056f570a, 
    0x66fffd23, 0x08ab8460, 0x00262647, 0x00010000, 0x0243ff50, 0x00b502ff, 0x40580013, 0x0a0a0734, 0x0244000b, 0xd0150306, 0x30020115, 0xb0158015, 
    0x0415c015, 0x0801150f, 0x1044110e, 0x02111478, 0x4812080e, 0x0c010c2f, 0x0607000c, 0x00080b03, 0x22a08202, 0x4132c4cd, 0x43180545, 0x5f20083c, 
    0x2005ce42, 0x05cf4232, 0x16210582, 0x05746d06, 0x200a4841, 0x06706e6f, 0x46416820, 0x07b64208, 0x2d0d9b59, 0x025f025a, 0x0015000e, 0x143a405f, 
    0xa282530b, 0x06002108, 0x17ab1701, 0x64174401, 0x94178417, 0x171b0417, 0x0f02172b, 0x02080117, 0x1053110e, 0x5512167a, 0x0b31a084, 0x0a100a15, 
    0x0a0e0a0f, 0x0a0b0106, 0xcccd3f00, 0x074a413f, 0xf6100124, 0x1d6e32ed, 0xd6102605, 0x1132d532, 0x059a5933, 0x58081a6e, 0x332308b2, 0x42530b02, 
    0x4e200891, 0x6d05a759, 0x504108e4, 0x01003605, 0x47ff2800, 0xb5025802, 0x43001b00, 0x440f2740, 0x09100c0c, 0x05334344, 0x0f1d7824, 0x7a4d7f1d, 
    0x480f230d, 0x7a4d0b0d, 0x57ce2005, 0x012e05dd, 0x5eedde10, 0x2bf6105d, 0x2f3232ed, 0x521831ed, 0x15280cbf, 0x35331123, 0x2223010e, 0x0dc35218, 
    0x79967f22, 0x2412794d, 0x1f01b94b, 0x07794d82, 0x97820020, 0x6fff2d39, 0x0e02f201, 0x58001900, 0x510e3940, 0x0b1f0b0f, 0x0b030b2f, 0x4208100b, 
    0x1b300787, 0x1b1f1b0f, 0x00031b5f, 0x1f190f51, 0x03192f19, 0x26087d4d, 0x08010e00, 0x4d0a0d0e, 0xcc230581, 0x4d5d5ecd, 0xd6200683, 0x07b24218, 
    0x5d2f3222, 0x4218ac83, 0xac8c0ab6, 0x824dc220, 0x7f782205, 0x08824d62, 0x1e26932b, 0xfdd20203, 0x060191f2, 0x05824d4f, 0x82009421, 0x013b0800, 
    0x43ff3c00, 0xb502af03, 0x6c003000, 0x00270f40, 0x1c2b442a, 0x1544190a, 0x11141818, 0xc0ffb832, 0x0b082840, 0x9f0b3248, 0x22100110, 0x2b300521, 
    0x2b023031, 0x21210508, 0x45082a0b, 0x0b340555, 0x1c020a02, 0x02002727, 0x11323f00, 0x3f3f3f33, 0x3f32cced, 0xc539af82, 0x10013f3f, 0xdc19cdde, 
    0x5ddc3232, 0x2bcccd18, 0x113332cd, 0x3232ed33, 0x22038210, 0x55013031, 0x3320050b, 0x65450682, 0x522e2008, 0x2e3b0559, 0x010e2703, 0x033e2307, 
    0x12080137, 0x1632332f, 0x2f333216, 0x0e088e12, 0x42040a0c, 0x290807b7, 0x0a0a035d, 0x282b2c12, 0x280e6d0e, 0x0a122c2b, 0x0498030a, 0x0a110d0b, 
    0x6121b502, 0x34347671, 0x21617176, 0x97928738, 0x30715049, 0x19652005, 0x08167064, 0x32000124, 0x10035aff, 0x28000e02, 0x59409400, 0x0a01121b, 
    0x23120112, 0x22221f51, 0x2a10191e, 0x2a302a20, 0x47182a03, 0x471815a0, 0x29250e9f, 0x40181e1f, 0xa3471823, 0x01282808, 0x06282808, 0x1826260b, 
    0x2a1ba347, 0x32cccd1a, 0x5dd61001, 0x185d5d32, 0x210aa647, 0x2a415dc4, 0x5d5d2106, 0x14ab4718, 0x25094571, 0x0727012e, 0x4718d023, 0x052512b4, 
    0x0308090a, 0x083c4362, 0x18025621, 0x2415be47, 0x6c6a6229, 0x08524333, 0x0cc74718, 0x02db003b, 0x000300b5, 0x050a4016, 0x0051027a, 0x0a02047a, 
    0x3f2f0000, 0xfdf61001, 0x2d9582e6, 0x46231133, 0xb5029595, 0xff004bfd, 0x1a8200ff, 0x03c70227, 0x00260299, 0x06534924, 0x8349ad20, 0xff022c05, 
    0x240940fb, 0x5013082c, 0x491f0d02, 0x23260983, 0xe801f5ff, 0x2f820003, 0xd37a4420, 0x005f2a05, 0x0b401000, 0x3f370f02, 0x212a821c, 0x2a83320f, 
    0x92205788, 0x00315787, 0x00560083, 0xb11a00a0, 0xffb80203, 0x210d40f9, 0x23588233, 0x4f2b0d03, 0x2b225c85, 0x33823434, 0x02215b84, 0x235b87f2, 
    0x00fe8300, 0x2205e77f, 0x82463404, 0x0f03245c, 0x84024f3e, 0x862e8260, 0xbf0328bb, 0x0602b502, 0x8300a100, 0xff23260f, 0x023d03f2, 0x200f821c, 
    0x240f84c1, 0x02000050, 0x20db843b, 0x20db8628, 0x28db8589, 0x40faff01, 0x00191109, 0x630d190a, 0x20db8412, 0x20db8548, 0x28db857a, 0x00352d0c, 
    0x04025007, 0x2adb8628, 0x02f2ff32, 0x02c502a8, 0x84f50106, 0x822d2067, 0x831b200f, 0x42022177, 0x1f840f84, 0xfb820320, 0x01211f83, 0x20fb8207, 
    0x2efb8851, 0x2f0d40f0, 0x50151e41, 0x4f381003, 0x182c1002, 0x830d1f92, 0x254383fb, 0x83000601, 0x2d410014, 0x40fc2d06, 0x073c2a0d, 0x17035000, 
    0x17024f34, 0xfe838383, 0xcd20ff87, 0x3f4b6783, 0x20678205, 0x2e6782e0, 0x02104017, 0x44320001, 0x02502100, 0x4b4f3c0a, 0x32840541, 0x47203387, 
    0xf6206784, 0x9b83e382, 0x00009d23, 0x2b338500, 0x19003927, 0x31060250, 0x2506014f, 0x0b038518, 0xdf821920, 0x9f033526, 0xd7022602, 0x0c223386, 
    0x9d82ad00, 0xb8010232, 0x0d40f1ff, 0x1c254937, 0x410f0250, 0x350f014f, 0x1e24cf88, 0xcc01f2ff, 0xf7206784, 0xcf823382, 0xcf83da20, 0x33263186, 
    0x500e1845, 0x9c820202, 0x85300221, 0x83002031, 0xff142a9b, 0x022f02f1, 0x020602b5, 0x260f841c, 0x0147ff05, 0x820e02db, 0x41b0200f, 0xa42208cf, 
    0x5b186e03, 0x002c07cf, 0x00d0008a, 0x40100099, 0x1012010b, 0x0cb86018, 0x00ffff29, 0x02000046, 0x82d50225, 0x84f8202b, 0x798a227f, 0x22298400, 
    0x7d191800, 0x934c09a6, 0xa4022305, 0x53889203, 0x7a008322, 0x2c074341, 0x0024120b, 0x01025009, 0x01014f1c, 0x0b0f4110, 0xf2205b85, 0x83215b88, 
    0x06414132, 0x2c1a0822, 0x02265c82, 0x014f2400, 0x31861800, 0x32246382, 0xe402f2ff, 0x00206383, 0x01232882, 0x82830007, 0x42a02001, 0x032b05d9, 
    0x141d3c2a, 0x34220350, 0x4122024f, 0x002008da, 0x2d203382, 0x32213382, 0x21638202, 0xbf845200, 0x84278321, 0x02032163, 0x09292b82, 0x0e035000, 
    0x0e024f2c, 0x20638620, 0x0b337b00, 0x21001a29, 0x30404a00, 0x7b461e18, 0x22080633, 0x20231023, 0x1f170223, 0x22790a46, 0x1701174f, 0x1e3f1e2f, 
    0x1ecf1eaf, 0x1e051edf, 0x4a14051e, 0x7b1b030f, 0x5d240a32, 0x10015dcd, 0x1a9dbe18, 0x0622252d, 0x012e2107, 0x37363203, 0x7b011e21, 0xfe30111a, 
    0x0c5d4ba7, 0x5d0c6801, 0x0c5c4b4b, 0x5d0c99fe, 0x2b100a7b, 0x4e4e5d88, 0x5a3ffe5d, 0x005a4e4e, 0x080eff7a, 0x23001a3e, 0x3a405800, 0x3f53171f, 
    0x7b000100, 0x01253025, 0x251f250f, 0x1e180802, 0x247b0a53, 0x1e401e30, 0x170f1e02, 0x174f173f, 0x7f176f03, 0x0317ff17, 0x3f051717, 0x571b011b, 
    0x5514010f, 0x2706fc7a, 0x2f39125d, 0x71cd715d, 0x0bfa5418, 0x8213f67a, 0x1e2323c2, 0xd0821301, 0x032e3323, 0x11e67a02, 0x392dfe2f, 0x3909dd08, 
    0x093a2d2d, 0x1a1004de, 0x10d47a26, 0x363bd52c, 0x3a013e33, 0x28143639, 0xca82141f, 0x230beb41, 0x00008503, 0x2e0beb41, 0x24030304, 0x50000936, 
    0x4f2e0e04, 0x42220e03, 0xeb410b4f, 0x86032108, 0x2d05eb41, 0x1a00001d, 0xb80304b1, 0x0d40f9ff, 0x34843826, 0x34823020, 0x2b432420, 0xff282a0a, 
    0x037702f2, 0x02260292, 0x263382ed, 0x00830007, 0x43a0002a, 0xe62e0693, 0x37250d40, 0x02500008, 0x014f2f1d, 0x9343231d, 0xff1d2a08, 0x02e601f4, 
    0x032602f2, 0x2067850d, 0x079343eb, 0x3193f520, 0x93430020, 0x02f22405, 0x826e0382, 0x84e32067, 0x008a2267, 0x06734396, 0x23220727, 0x01501d13, 
    0x20958313, 0x2a2b8434, 0x0247ff05, 0x02d50219, 0x845c0026, 0x5b8a215f, 0x20057343, 0x13881808, 0xffff230b, 0xbb821400, 0xbb848220, 0x83225385, 
    0x73434a00, 0x240a2207, 0x25548236, 0x4f2e1302, 0x23411301, 0x825b850c, 0x225b86bb, 0x44000483, 0x232206b5, 0xea820b35, 0x4f2d0025, 0x43210001, 
    0x63850973, 0xb787c120, 0x00650125, 0x85a2007e, 0x24262231, 0x20638426, 0x41638227, 0xbb41061c, 0x21638405, 0xbf871f03, 0x3b650122, 0x1f226386, 
    0x63842523, 0x63822620, 0xc7829587, 0x00002824, 0xc7845802, 0x4100e721, 0x362005eb, 0x012bc787, 0x0a142c1a, 0x24090250, 0x4409014f, 0x00250709, 
    0x00ffff00, 0x2129822d, 0xc78202f2, 0x82070321, 0x00062309, 0x63860583, 0x2a180128, 0x02500913, 0x63822200, 0xc7861620, 0x00010036, 0x0247ff50, 
    0x00b50229, 0x40330009, 0x300b031d, 0x4408010b, 0x0806664e, 0x44060020, 0x050a7802, 0x08020348, 0x08004807, 0xcded3f00, 0x1001ed3f, 0x2f32edfe, 
    0x5ded5d5e, 0x5e75c610, 0x21153205, 0x23113311, 0xd90183d3, 0x967dc3fe, 0xfe84b502, 0x094b6c53, 0x02bb0123, 0x365b820e, 0x0b09b438, 0xb8065104, 
    0x1940c0ff, 0x06480c08, 0x0f510206, 0x82071f07, 0x0a792a58, 0x00085501, 0x06550304, 0x2060870a, 0x235d82f6, 0xed2b2f32, 0x01206083, 0x2f07c35f, 
    0xe0bb0121, 0x01787f62, 0xfe940175, 0x91f5fee6, 0xef845682, 0xf7ff502a, 0x8e034f03, 0xeb022602, 0x0738ef82, 0xcb008300, 0x17009c00, 0x03041040, 
    0x08382607, 0x09045012, 0x09034f30, 0x2708da42, 0x00ffff00, 0x02f5ff46, 0x20052341, 0x2233860b, 0x85000096, 0x29052c33, 0x5000243b, 0x4f320204, 
    0x43260203, 0x68080843, 0x50000400, 0x4d040000, 0x0f00c402, 0x2f002300, 0x7d003300, 0x0d004e40, 0x1f0e0f44, 0x030e2f0e, 0x3040780e, 0x2a102a00, 
    0x00802a02, 0x301a201a, 0x1a08031a, 0x80243140, 0x40353510, 0x07480b08, 0x78064404, 0x2d303234, 0x031f2715, 0x020e080f, 0x037b020d, 0x02070301, 
    0x08050206, 0x0c740804, 0x08000c01, 0x5d323f00, 0x2000823f, 0x08058433, 0xcddccd2c, 0x1001cdde, 0x2b32edfe, 0xcd1ad610, 0x5edc1ac4, 0x5dcd1a5d, 
    0x5dfe1ac4, 0x303132ed, 0x27012e21, 0x33112311, 0x1117031e, 0x40181133, 0x3424106e, 0x06222326, 0x3a05014c, 0x21152107, 0x8f430d02, 0x217f9a51, 
    0x204b4e4c, 0x1dbd019b, 0x2a2a4834, 0x871d3448, 0x79470807, 0x26232427, 0x27242326, 0xfe5401f4, 0x67dd78ac, 0xb50244fe, 0x72695d21, 0xfd8f0136, 
    0x2b06024b, 0x1b1b3246, 0x2b2b4632, 0x1b1b3147, 0x262b4731, 0x25262e2e, 0x7bec2e2e, 0x00ffff00, 0x03ed0000, 0x026901e8, 0x82740006, 0x0158080b, 
    0xf2ff1700, 0xc5022102, 0x6c003300, 0x24233e40, 0x130f4402, 0x350f351a, 0x0802352f, 0x2a441d09, 0x23342c33, 0x60332720, 0x14130113, 0x5f0132a0, 
    0x02326f32, 0x2c6f1a32, 0x192d2c01, 0x27240c19, 0x053f080b, 0x0f090501, 0x030c010c, 0x335d3f00, 0x3f325dcd, 0x2f391233, 0xdc230883, 0x82325d5d, 
    0x05437b0f, 0xeddec029, 0x105d32c4, 0x82dcc0d6, 0x30312307, 0x21633601, 0x27073305, 0x3233013e, 0x06141516, 0x23153315, 0x3307010e, 0x09412115, 
    0x17372806, 0x2223010e, 0x18013d26, 0x0807fbb3, 0x0558014e, 0x3a2c2e31, 0x5d1e2d1a, 0x01756b40, 0x431c7436, 0xaefef21f, 0x3b3a3101, 0x192c1c4b, 
    0x777f5366, 0x3d185728, 0xe501cb1f, 0x22200f0d, 0x12760e16, 0x05616f1e, 0x17640407, 0x05641326, 0x1c2c2009, 0x2510770f, 0x640f606c, 0x64112619, 
    0x5808fe82, 0x0c000100, 0x2c020000, 0x1700b502, 0x61409800, 0x040c1514, 0x0c151113, 0x15101205, 0x0d0f080c, 0x090e0c15, 0x02070c15, 0x030f080b, 
    0x13040b02, 0x0a0f0f13, 0x090e0b02, 0x050b0206, 0x0ea01212, 0x0e020eb0, 0x0909050c, 0x020b0804, 0x0b00190b, 0x40170c44, 0x17480b08, 0x2b3c8218, 
    0x1309080e, 0x05050412, 0x040e0912, 0x16304082, 0x00480215, 0xfd3f0002, 0x123fc032, 0x33113917, 0x3f2e0185, 0x2bd61001, 0xc6dcfddc, 0xcc103311, 
    0x05823232, 0x325dce24, 0x08820f0f, 0x110f0f24, 0x00820f33, 0x01303128, 0x37152315, 0x03840717, 0x07352324, 0x03843727, 0x35232908, 0x51c22c02, 
    0x2b517a29, 0x2b499c7c, 0x74294b74, 0x7bb502c2, 0x39572661, 0x3a5b264e, 0x5b2269b2, 0x57234e36, 0x007baa36, 0x02260082, 0x00001f00, 0xe7821902, 
    0x0b00072e, 0x18402d00, 0x0301080d, 0x060a0444, 0x0632ae83, 0x4806010c, 0x08480a00, 0x00080302, 0xdefd3f3f, 0x958332ed, 0xfdd6c025, 0x84c6c0d6, 
    0x23113b7e, 0x25352311, 0x02352115, 0xae9cb019, 0x06fefa01, 0xfe7bf401, 0x7b790187, 0x5f867bc1, 0x5f821720, 0x021c3708, 0x001c00bd, 0x40510029, 
    0x1546252d, 0x2b0f2b0f, 0x08022b1f, 0x44181421, 0x02190105, 0x22032a1b, 0x12b00248, 0x301c1201, 0x48140114, 0x0818161b, 0x05481d20, 0xe759020a, 
    0x32de2705, 0xde325dfd, 0x7d84325d, 0xc0de3233, 0xc0c0fdc0, 0xd6105d5e, 0x3031edc4, 0x35233537, 0xa75b1833, 0x182b2009, 0x08095af6, 0x06220176, 
    0x32331507, 0x2e343536, 0x49496002, 0x2c2c270f, 0x4b673f14, 0x0b8f9029, 0x4992dfdf, 0x1d0b0b01, 0x3e4a0b08, 0xd4231d13, 0x1601754d, 0x03040703, 
    0x384e3016, 0x754d656b, 0x01755f5f, 0xa3010268, 0x1f162d2a, 0x01000812, 0x56020900, 0x00036301, 0x1e001100, 0x0c0d0c40, 0x06120506, 0x0d050c0c, 
    0x2f000009, 0x3232ccdd, 0x10013311, 0xcddeddd6, 0x22133031, 0x200cfa7f, 0x11c47eb6, 0xa47e5620, 0x0000210e, 0x149b6a18, 0x6a18f720, 0x7b4a098b, 
    0x02292606, 0x020602b5, 0x202f88d3, 0x210f83ab, 0xef4a9b01, 0xd3691808, 0xffff2708, 0x00002300, 0x1f834402, 0x883d0021, 0x848e201f, 0x002b220f, 
    0x0c034a00, 0x00274c08, 0x404a002b, 0x460a292e, 0x0b084014, 0x2d791448, 0x0f012d20, 0x0028012d, 0x2c791e46, 0x28012840, 0x0f012a1f, 0x022aaf2a, 
    0x0f052a2a, 0x0503234a, 0x0009194a, 0xed3fed3f, 0x5d2f3911, 0x015dcd71, 0xcefdfe10, 0xfe105d5d, 0x51cefd2b, 0x3e20075a, 0x2406fd79, 0x1405020e, 
    0x3f45180e, 0x3305360c, 0x19d32315, 0x2b2c442f, 0x19192f45, 0x2c2b452f, 0x02192f44, 0x35451811, 0x38fe3b0f, 0x5b01dfdf, 0x203b5233, 0x33523b20, 
    0x203b5333, 0x32533b21, 0x2e5b8759, 0x7e185b2e, 0x1a210886, 0x58db877c, 0x50200c2b, 0xa220fb82, 0x2e20eb84, 0x2908eb82, 0x000a0001, 0x02c80200, 
    0x001600b5, 0x126340ad, 0x16151413, 0x0e0f1611, 0x100b0c0d, 0x2b161b0b, 0x03163b16, 0x0601160f, 0x6f190110, 0x40080956, 0x08071110, 0x060b0a09, 
    0x0203040b, 0x14050001, 0x34002400, 0x00000300, 0x01060901, 0x0b060008, 0x00054c06, 0x06000514, 0x0b8f0518, 0x40110b01, 0x11480b08, 0x11021617, 
    0x0b080508, 0x3f000200, 0x06706532, 0x5dd51935, 0x00c618d5, 0x2b0587c1, 0x01c47d87, 0x5d5d5d5e, 0x82c40e87, 0x05c46100, 0x8310c421, 0x8418201a, 
    0x871a821b, 0x51228514, 0x2324053c, 0x0e27032e, 0x0805bd61, 0x29b40132, 0x173d484f, 0x312f14ac, 0x2f14132f, 0xa6142f30, 0x50483d16, 0x57b50229, 
    0x42a8b7bd, 0x7e8a8b3c, 0x8a7e2e2e, 0xa8423c8b, 0xff57bcb8, 0x003c00ff, 0x110f6818, 0xb502a427, 0x31000602, 0x081a8200, 0x0023003d, 0x020b0200, 
    0x000300b5, 0x000b0007, 0x062e4049, 0x50094002, 0x03096009, 0x0d4f0d09, 0x0d6f0d5f, 0x05040d9f, 0x3f0c0803, 0x48050105, 0x08000707, 0x0f080a44, 
    0x02021f02, 0x83440208, 0x5eed3fe6, 0x12ed3f5d, 0x5ded2f39, 0xc0de1001, 0xd6105dce, 0x31cec05d, 0x15211330, 0x21351321, 0x07820515, 0xe8012329, 
    0x012b18fe, 0x8343fe92, 0xb5022a08, 0x82f9fe85, 0x0085a482, 0x8f681800, 0x06b35e0f, 0x8f828a20, 0x3a000724, 0x61822540, 0x08402408, 0x7800480b, 
    0x01093f09, 0x4f010970, 0x09000109, 0x05020920, 0x08780744, 0x02074803, 0x08010805, 0x6d3f3f00, 0x5d26050f, 0x10715d5d, 0xef182bf6, 0xfd2112b7, 
    0x052a6c4b, 0x18064343, 0x8208df68, 0x821f206f, 0x822b20ff, 0x0017276f, 0x08334058, 0x6f831208, 0x0919122f, 0x116b115b, 0x1103117b, 0x460c1546, 
    0x23268224, 0x15050500, 0x152d1a83, 0x48111518, 0x0c0c0013, 0x05081307, 0x3d818209, 0x32ed3f00, 0x1939123f, 0x1018332f, 0x100132ed, 0x2f322bc6, 
    0xed5d2f33, 0x325ded10, 0x0c82ce10, 0x1330312f, 0x3527032e, 0x1e211521, 0x030e1701, 0x08088207, 0x013e3530, 0x363617f7, 0xfd011432, 0x5a2ad2fe, 
    0x3a350f26, 0x49011136, 0x7230f4fd, 0x421f5e01, 0x65173b3f, 0x336e3383, 0x3c3f3912, 0x396c8315, 0xb782007d, 0x00001422, 0x09776918, 0x0810e768, 
    0x2e00035d, 0x38030000, 0x0a00e202, 0x2f002400, 0x31407400, 0x17252f0d, 0x31200c18, 0x31023130, 0x1f460579, 0x1a0a0024, 0x0c440b19, 0x120f462a, 
    0x0802121f, 0x25307912, 0x171a480a, 0x30190018, 0x03194019, 0xc0ffb819, 0x130f1040, 0x080c1948, 0x2448002f, 0x0d010da0, 0x3f00080b, 0x82325ddd, 
    0x2b2f24e1, 0x82dd335d, 0x10012a08, 0xed5d5ef6, 0x7dc0fdd4, 0x250082c4, 0xe6edd418, 0x0b85105d, 0x25303126, 0x3435033e, 0x0d9e5818, 0x5a153321, 
    0x073b05de, 0x15030e03, 0x17021e14, 0x3b28ff01, 0x27131427, 0x5098283c, 0x26264d76, 0x8950764d, 0x28300808, 0x1413273c, 0xd4283b27, 0x372a1a03, 
    0x2b371f1f, 0xeefd041c, 0x4f320452, 0x64343563, 0x4e063651, 0x5136064e, 0x63353464, 0x0104324f, 0x2b1c04c0, 0x2a222483, 0x3b45031a, 0x43691807, 
    0x00412d0b, 0x020c0300, 0x001b00b5, 0x1d00b93b, 0x1d3cda82, 0x1d480b08, 0x00144415, 0x0e01440f, 0x1c084409, 0x020f0215, 0x100d0209, 0x00021b48, 
    0xdd82e783, 0x3f3f3f31, 0xfdde1001, 0x32fd32de, 0x2bc6fdde, 0x62213031, 0x38080a34, 0x3e113311, 0x33013d01, 0x020e1415, 0x93f00107, 0x22466b49, 
    0x97414297, 0x22974241, 0xa5496b46, 0x674b2c04, 0x5adef03e, 0x92010654, 0x54066efe, 0x3ef0de5a, 0x042c4b67, 0x08008200, 0x2800012d, 0xe7020000, 
    0x2500c502, 0x1c403600, 0x05070827, 0x1b0b1046, 0x211f4616, 0x1e1b261e, 0x0b081c48, 0x080a4808, 0x03004a13, 0x65ed3f00, 0x89820524, 0xfd32d638, 
    0xfdd6d6d6, 0x31c6d632, 0x1e320130, 0x07141502, 0x35211533, 0x1c49033e, 0x14152405, 0x8217021e, 0x3342080f, 0x3e343526, 0x48880102, 0x68335a7b, 
    0x1ad1fe77, 0x5e14232e, 0x145e5151, 0xfe1a2e22, 0x336777d1, 0xc5027b5a, 0x4f7b542b, 0x74816b90, 0x4c3f3516, 0x6666612d, 0x3f4c2d61, 0x81741635, 
    0x7b4f8f6c, 0xa3822b54, 0x00024d08, 0x02f5ff2d, 0x001a025b, 0x00260017, 0x1b354053, 0x0f511d03, 0xdf12cf12, 0x00120312, 0x28602817, 0x28902880, 
    0x28e028b0, 0x1f280f05, 0x03282f28, 0x09512408, 0x211e277b, 0x010e1157, 0x5718171b, 0x0b060003, 0x33333f00, 0x3f3232ed, 0x012b0482, 0x5eedfe10, 
    0xd6105d5d, 0x825dde32, 0x30312912, 0x27262205, 0x2223010e, 0x3324ae84, 0x11171632, 0x2527c083, 0x26373632, 0x822e013d, 0x06440818, 0x02161415, 
    0x184a3747, 0x70364d15, 0x64462579, 0x2973373f, 0x151e1208, 0x2a1ad0fe, 0x1a0d0611, 0x373f3917, 0x10181a0b, 0x3d819122, 0x12284965, 0x19cafe0c, 
    0x0208131f, 0x220b0e01, 0x0302c128, 0x49484553, 0x3708ca82, 0x46000200, 0x520246ff, 0x19000803, 0x47002f00, 0x31202740, 0x067b3101, 0x011f2053, 
    0x5300031f, 0x1a0e232a, 0x307a1051, 0x24245723, 0x2d0b0303, 0x0e061557, 0x0b571c0e, 0xed23bd82, 0x43ed3f3f, 0x2f3605ce, 0xf61001ed, 0xdcde32fd, 
    0x5dd432ed, 0x315de6fd, 0x06140130, 0xed5c1e07, 0x23153407, 0x023e3411, 0x021e3233, 0x32331601, 0x26343536, 0x7c35012b, 0x62080864, 0x28200215, 
    0x263d4c2f, 0x3f385f44, 0x3c1f9537, 0x573b3c5a, 0xbbfe1d3a, 0x40333b31, 0x0c13493b, 0x0f192213, 0x0261262a, 0x1a4d364a, 0x4043681e, 0x161b3a5a, 
    0x35d402c5, 0x1e223f58, 0x1cfe4533, 0x34383819, 0x160a7840, 0x32221b26, 0x0100006e, 0x47ff0800, 0x0e021902, 0x51001700, 0x0b142b40, 0x82050617, 
    0x5906210a, 0x36058246, 0x05000005, 0x0f511019, 0x11080111, 0x0b084005, 0x14180548, 0x8200110a, 0x000e2116, 0x2d077468, 0xed5d5ed4, 0x2f3912c6, 
    0x87c10010, 0x05842b05, 0xc4107d2a, 0x31323301, 0x032e1730, 0x2207b06c, 0x82020633, 0x175708e2, 0x312a0fc4, 0x0b9e1c36, 0x0a1a1c1b, 0x191f2310, 
    0x75249a08, 0x050e0943, 0xaeb966b9, 0x592154a6, 0x222b6362, 0x2862635b, 0x75fdfe9b, 0x00235c35, 0xff2d0002, 0x033202f2, 0x002a0008, 0x40560035, 
    0x01034b18, 0x2b062d03, 0x11171c53, 0x377b2110, 0x371f370f, 0x4e170802, 0x35080531, 0x480c0817, 0x00533006, 0x032d367b, 0x330b031c, 0x110b2657, 
    0x060b1014, 0xcd333f00, 0x12ed3f32, 0x10013917, 0x2bd4edfe, 0x105d5eed, 0x1232c4f6, 0x3911ed39, 0x50185d39, 0x32240c14, 0x0717021e, 0x18063142, 
    0x2f1c1350, 0x334c3219, 0x272a321f, 0x401e2014, 0x1c1d212f, 0x1f135018, 0x192c392b, 0x080e0905, 0x15130d71, 0x14501817, 0x014f081a, 0xf2ff2500, 
    0x1c02ea01, 0x66003200, 0x12123d40, 0x0105cf06, 0x34201f05, 0x0801340f, 0x192e530c, 0x337b2853, 0x11401130, 0x11031150, 0x9f138f55, 0x13600213, 
    0x13021370, 0x002b2b13, 0x20551c1f, 0x3f060b23, 0x55090109, 0x00010005, 0x18ed323f, 0x38076963, 0x18332f19, 0xed5d5d2f, 0xfe10015d, 0x5eedd4ed, 
    0x32d6105d, 0x32325dc6, 0x05ff432f, 0x3b22f38a, 0x6b701501, 0x18332006, 0x20092655, 0x36511835, 0x019d0808, 0x2f331822, 0x22180b25, 0x33261d4a, 
    0x0b19150d, 0x1e106765, 0x322e0e17, 0x20155c36, 0x26517117, 0x242e4553, 0x231f1d29, 0x1c02573e, 0x050b0905, 0x170a0e6f, 0x0a14111a, 0x0b046d03, 
    0x1a1d1215, 0x0b700814, 0x41250d19, 0x16412334, 0x28213411, 0x0015293d, 0x00010000, 0x0141ff3c, 0x000103f9, 0x405a0028, 0x220e0a2f, 0x22260a26, 
    0x140a0e59, 0x0e220a0e, 0x0411260e, 0x031a5307, 0x2a0f2a00, 0x531f0801, 0x7b111618, 0x55161a29, 0x1803260e, 0x0e030407, 0x3f333f00, 0xed393912, 
    0x21dd8232, 0xdd83c432, 0x0682d520, 0x12823220, 0x87c11026, 0x01102b04, 0x7d2d0582, 0x3031c410, 0x07061405, 0x35013e27, 0x06b16534, 0x37023e26, 
    0x15213523, 0x08064346, 0x01031e4a, 0x7e1820f9, 0x16081210, 0x4a2f1f26, 0x49311a33, 0x01d32152, 0x575e2091, 0x2d1b0b3e, 0x29443222, 0x4a292911, 
    0x271d2b23, 0x12150d13, 0x230d0810, 0x3f354b36, 0x21566674, 0x541d6e7c, 0x17417968, 0x0a181f25, 0x3329200f, 0xd382d282, 0xff462708, 0x020c0247, 
    0x0013001a, 0x0a224038, 0x08400851, 0x7a08480b, 0x01150f15, 0x151f150f, 0x51120802, 0x12147a00, 0xd418090a, 0x71271321, 0xed2bfe10, 0x18133031, 
    0x080d41d0, 0x11070624, 0x78264623, 0x34594342, 0x34269516, 0x950e2410, 0x130bfc01, 0x36584023, 0xd0011efe, 0x02033c48, 0x7c826afe, 0x30000334, 
    0x3702f2ff, 0x0b000803, 0x19001200, 0x28404300, 0xcb540f17, 0x1b200805, 0x0f011b30, 0x1608011b, 0x7b065310, 0x1f55161a, 0x020faf0f, 0x13030f0f, 
    0x0c060957, 0x000b0357, 0x0ad87918, 0xac5efe20, 0xed5d3106, 0x01303132, 0x22230614, 0x36343526, 0x01163233, 0x350bb254, 0x8a370201, 0x8b8b7979, 
    0xfe8a7979, 0x023536fd, 0x363702dc, 0x06823736, 0x7e013535, 0xc8c4c4c8, 0xfec3c3c7, 0x61616d2d, 0x6b16026d, 0x416b6161, 0x4426051b, 0x2101f5ff, 
    0x9f820e02, 0x14402534, 0x0d010dcf, 0x08010b00, 0x0651070b, 0x00070c7a, 0x1782550b, 0x2b088782, 0xfdf61001, 0xc65d5ede, 0x0530315d, 0x35022e22, 
    0x14113311, 0x0f011716, 0x122f4e3c, 0x0b2d1b95, 0x273f2d19, 0xa3fe6d01, 0x00032423, 0x25066b57, 0x020e023c, 0x53420106, 0x0b490805, 0x20020000, 
    0x26000803, 0x3b406800, 0x4901054b, 0x261e0100, 0x101e1000, 0x1e265900, 0x101e2614, 0x260f280b, 0x0b260801, 0x36171716, 0x510a010a, 0x0b08400b, 
    0x26270b48, 0x5713160a, 0x1a170a10, 0x0a0a0b06, 0x000a000a, 0x3000823f, 0xed391233, 0x10013f32, 0x5ded2bd6, 0x10332f33, 0x229782d4, 0x44873912, 
    0xa48209f1, 0x215d0022, 0x2706524b, 0x2e371236, 0x06222303, 0x08056750, 0x17021e4f, 0x0117051e, 0x1d1a0a81, 0x200e0d1c, 0x990a1c1f, 0x0c33692d, 
    0x17201815, 0x1a101a0d, 0x22233413, 0x12282f39, 0x272b2e17, 0x270a1c22, 0x245e6562, 0x62655e24, 0x0c019b27, 0x202f1f64, 0x78060410, 0x200e0b06, 
    0x71312635, 0x606d7675, 0x23eb8325, 0x0c025aff, 0x0021eb83, 0x08b34d90, 0x0f841c20, 0x0000592a, 0x31000100, 0xf40141ff, 0x4a08fb82, 0x407b003a, 
    0x05242543, 0x110d0239, 0x590d1139, 0x02143902, 0x11020d39, 0x1f301402, 0x3f052f05, 0x3c050305, 0x2b013c0f, 0x01190b53, 0x1c401908, 0x53361c01, 
    0x023b7b14, 0x552f0811, 0x19193030, 0x21572808, 0x0e080906, 0x46333f00, 0x122109c0, 0x054a4539, 0x5e325d29, 0x105ded5d, 0x43c45dd6, 0x012a0f6b, 
    0x32c41018, 0x1e253031, 0x73431503, 0x27262a07, 0x3435032e, 0x2e37023e, 0x21068301, 0xd8743233, 0x15062306, 0x75441614, 0x1e630808, 0x31440102, 
    0x20122944, 0x12107e18, 0x4c323b28, 0x24141a34, 0x2a331b30, 0x36593f22, 0x1c165636, 0x3b203820, 0x62334430, 0x3236135c, 0x2e1f1123, 0x28210e83, 
    0x492a2134, 0x271d2b23, 0x0f231a13, 0x4532230d, 0x2e3a252f, 0x541e0b21, 0x33492c34, 0x7508141c, 0x26350a0c, 0x057c2931, 0x1b252b15, 0x5b101824, 
    0x6318082b, 0x2c0808f7, 0x46000100, 0x0b020000, 0x07000e02, 0x20403400, 0x40005102, 0x00480b08, 0x0930097a, 0x1f090f01, 0x05080209, 0x087a0751, 
    0x0a020a05, 0x07907b04, 0xf6100126, 0x5d5d5eed, 0x3009194c, 0x11231123, 0x9b950b02, 0xfd0e0295, 0xfe9201f2, 0x204e826e, 0x08568200, 0xff460036, 
    0x02370247, 0x0012001a, 0x40370021, 0x0e531920, 0x2360237b, 0x0f022380, 0x13080123, 0x7a055104, 0x0b571c22, 0x130e0401, 0x00035716, 0x323f000b, 
    0x3f3f32ed, 0x84054255, 0x48ed2061, 0x1a4805e3, 0x15162707, 0x27020e14, 0x1e48011e, 0x233a0805, 0x15020e22, 0x36244901, 0x3e219514, 0x81803859, 
    0xa6583e20, 0x351a2a0e, 0x1334303d, 0x0a101a23, 0x01c80b0e, 0x405b37de, 0x3d809323, 0x91284864, 0x51430b08, 0x1d0e464d, 0xf782212e, 0xff2d3c08, 
    0x02d30141, 0x0029001c, 0x222d405a, 0x0e1e5325, 0x281e0d0d, 0x281b1801, 0x0159181b, 0x28011428, 0x1b010118, 0x2b1e2105, 0x7b055314, 0x22011b2a, 
    0x110e0e21, 0x010a0d57, 0x82333f00, 0x423320a6, 0x1025050a, 0x391132c6, 0x0c6e4539, 0x33110123, 0x06a76618, 0xf9413720, 0x0bf24105, 0x45065d47, 
    0x3c08088f, 0x304329e3, 0x6446251a, 0x21472a40, 0x1f311521, 0x170a4142, 0x41301d27, 0x18201127, 0x0712107e, 0x0c0e2415, 0x3c543b24, 0x2a49653b, 
    0x08770e0f, 0x1e434c0c, 0x0818212d, 0x3329200e, 0x06944520, 0x12150c24, 0x33480010, 0x026d3006, 0x0014000e, 0x403e0021, 0x53151825, 0x820f1112, 
    0x237b39eb, 0x0f012340, 0x2f231f23, 0x1c080323, 0x227b0a51, 0x55111818, 0x571f000f, 0x2106b059, 0x5b4a2f32, 0x5dfe2207, 0x055462ce, 0x280b6150, 
    0x1e231521, 0x26340701, 0x08355527, 0x2e023608, 0x3a5e4224, 0x26445f3a, 0x406a4b29, 0x20782201, 0x1d1c9619, 0x384b3b14, 0xf1353333, 0x26445d38, 
    0x3e654727, 0x23446440, 0x1e58227c, 0x43175031, 0x4e4c454c, 0x248b8200, 0x01f4ff0a, 0x33a382c5, 0xb93a0015, 0xc0ff1700, 0x0b081d40, 0x00151748, 
    0x510e0d00, 0x2b061a77, 0x550d0a16, 0x1215000b, 0x0b030057, 0x32056c41, 0x1001c0fd, 0xfddd2bd6, 0x332f32cd, 0x30312bce, 0x62010e25, 0x2321055a, 
    0x559b8235, 0x2b0805c8, 0x18b40137, 0x46392234, 0x01870e28, 0x25189fbb, 0x03131e13, 0x3a200807, 0x7cbe3353, 0x272fca7c, 0x00000403, 0x41000100, 
    0x1002f2ff, 0x11267f82, 0x1f403200, 0xa056510c, 0x137a3107, 0x131f130f, 0x51050802, 0x0e127a04, 0x09000400, 0x07946018, 0x2205ee42, 0x425df610, 
    0x8b45058c, 0x32332205, 0x3c088436, 0x74290106, 0x30239574, 0x73952230, 0x017d740e, 0x45e6fe2b, 0x01453d3d, 0x7dd5fe1a, 0x086f8274, 0x2d000340, 
    0xe90247ff, 0x16001c02, 0x24001d00, 0x30405000, 0x26012630, 0x4053177b, 0x05010550, 0x510b1bc0, 0x0c502140, 0x1ec00c01, 0x1f120f53, 0x03122f12, 
    0x257b1208, 0x211b0e0b, 0x1a0b0a55, 0xb1825522, 0x2005bd4c, 0x05294e3f, 0x5ddc1a26, 0x32fd1a32, 0x1a230682, 0x485de6ed, 0x152305c5, 0x6b020e14, 
    0x55080586, 0x023e3435, 0x27263401, 0x25013e11, 0x11171614, 0x8b01010e, 0x2e5a8254, 0x44684624, 0x46674491, 0x825a2e24, 0x413f1c01, 0x70fe3f41, 
    0x3f40403f, 0x4a291c02, 0x5d353c65, 0xb0083047, 0x473008b0, 0x653c355d, 0xecfe294a, 0xfe0a4b3d, 0x3e4c0ada, 0x010a4c3e, 0xa7600a26, 0x02202108, 
    0x09bf6618, 0xd7824120, 0x0e02ed26, 0x46001b00, 0x08050f4e, 0x0b082422, 0x047a1d48, 0xc0064051, 0x4051000d, 0x17c01b0e, 0x1c7a1551, 0x0e0d0015, 
    0x0f551a01, 0x00060b0c, 0x3f260082, 0xed333f3f, 0xcd823f32, 0x1aedfe23, 0x82ca85dc, 0x822b20c9, 0x0a0d4ec9, 0x080b5b70, 0xdf01112d, 0x1d933f3c, 
    0x914a6740, 0x1d40664a, 0x023c3e93, 0x0566fe0e, 0xfff84855, 0x314b5f36, 0x08afaf08, 0x365f4a32, 0x5548f8ff, 0x829a0105, 0x01360862, 0xf6ff3000, 
    0x1c021a03, 0x4e002c00, 0x2b152940, 0x5306092c, 0x012e2040, 0x0d0a7b2e, 0x40512cc0, 0x2421c02b, 0x7b1d2053, 0x2121092d, 0x01200a2c, 0x15572703, 
    0x694d1812, 0x333f2f06, 0x331133cc, 0x32fe1001, 0xdc1a32ed, 0xa482fd1a, 0x1a5de62b, 0x121132ed, 0x25303139, 0x069a4c14, 0x4c372721, 0x814d07b7, 
    0x022e2105, 0x0809066f, 0x36323342, 0x0133013d, 0x2a2d1bef, 0x7a2d2523, 0x3a203638, 0x473c304f, 0x3c471919, 0x203a4f30, 0x2d7a3836, 0x2d2a2325, 
    0x3df8941b, 0x3d454c49, 0x3d2a3d75, 0x64484c97, 0x27321c3e, 0x3e1c3227, 0x974c4864, 0x2d081282, 0x4c453d75, 0x00ac3d49, 0x00ffff00, 0x02000006, 
    0x02cd02c7, 0x00240026, 0x03060100, 0x00009de4, 0x0200b90d, 0x21b4f6fe, 0x5013081f, 0xf682342b, 0xffffff23, 0x282782fd, 0x00cd02c8, 0x00280027, 
    0x8212828d, 0x00942129, 0x03211785, 0x2017841b, 0x21178f2b, 0x17847901, 0x178c2c20, 0x6582e420, 0x99035d22, 0x2c206f82, 0x3605ff59, 0xa70095ff, 
    0x10401700, 0x06020102, 0x50010018, 0x4f100002, 0x59040001, 0x638308ff, 0x03f2ff23, 0x254b8247, 0x63320026, 0x79840000, 0x9383bb83, 0x84580321, 
    0x003c2263, 0x219389c8, 0xab820500, 0x63849020, 0x63853c20, 0x82380021, 0xb11a2a63, 0xffb80102, 0x130d40f9, 0x1e5b1925, 0x20c7860f, 0x234b823f, 
    0x58b50326, 0x002b638a, 0x02f5ff2d, 0x0233035b, 0x82b60326, 0x0306314b, 0x00006ee3, 0x020b4010, 0x08272917, 0x0d025017, 0x24073762, 0x01f2ff25, 
    0x202784ea, 0x202785ba, 0x29278445, 0x32342b01, 0x01502027, 0x5f623300, 0xff462406, 0x840c0247, 0x85bc2027, 0x855a2027, 0x191e2027, 0x270b5623, 
    0x4400ffff, 0x2201f5ff, 0xbe202784, 0xc6202785, 0x01282785, 0x0b040c0e, 0x0d060150, 0xff214f85, 0x222782da, 0x82f20253, 0x2327849f, 0x008b8300, 
    0x2406295e, 0x0e0d40e4, 0x262b8220, 0x4f180602, 0x820c0601, 0x342b282f, 0xff000034, 0x82bdffff, 0x03972233, 0x33338631, 0xffe50307, 0x00000076, 
    0x0203b221, 0xf8ffb801, 0x18111140, 0x03263682, 0x024f2506, 0x3a821a06, 0x3a830e20, 0x34203b82, 0x8308bb60, 0x05bb6097, 0x57e30322, 0x02299784, 
    0x09202215, 0x0e025000, 0x45978521, 0x9783060b, 0xbf83ca20, 0x1d830023, 0x05e54100, 0x2614002c, 0x02500e02, 0x014f1e04, 0xd35d1204, 0xff412409, 
    0x841002f2, 0x222f84ef, 0x8461e303, 0x26012357, 0x2e821214, 0x13040122, 0x2120578a, 0x2785bb84, 0xb982e520, 0x15401e22, 0x0b22ba82, 0x29821e17, 
    0x2b040326, 0x2004024f, 0x14205c82, 0xb783b688, 0xf6ff3024, 0x5f841a03, 0x8f82ce20, 0xe3030724, 0x3982c900, 0x0b40102c, 0x2d2f1101, 0x01500c1c, 
    0x08652e0a, 0x01290806, 0x46027f00, 0x33035c01, 0x0f000300, 0x040200b4, 0x2f000103, 0xde1001cd, 0x013031cd, 0x01372707, 0x7f4c915c, 0x38a5eb02, 
    0x274882b5, 0xd4016900, 0xcd021901, 0x19292b97, 0x0236614f, 0xe019d7ab, 0x23218200, 0x023d0247, 0x3508bb82, 0x17000b00, 0x3a001b00, 0x120c2140, 
    0x8f01180f, 0xaf189f18, 0x0418ff18, 0x06001a18, 0x191b181c, 0x800f0915, 0x02039003, 0x00191a03, 0x5dd6332f, 0x1032c532, 0x808232cd, 0xddd6dd25, 
    0x82d4715d, 0x4c132086, 0x05200a36, 0x27200b8a, 0xdb2e9e82, 0x2b1f1e2c, 0x2c1e1f2b, 0x1e2c4601, 0x03832c1e, 0x456d8a2d, 0x22a50257, 0x23222727, 
    0x86232727, 0xc83d2507, 0xffffd321, 0x2006df42, 0x06df423f, 0x96040737, 0x00008c00, 0x00b91300, 0x40fdff02, 0x08322709, 0x0d025017, 0x061a4136, 
    0xce202f92, 0xfa242f89, 0x36290940, 0x27202f84, 0x062d2f97, 0x0014a304, 0x10401700, 0x2b0b0203, 0x262b8228, 0x4f3a0d03, 0x42290d02, 0x6f430907, 
    0x238f8705, 0x0ab00406, 0x23072b65, 0x2d0d40e8, 0x2b203285, 0x9342328a, 0x02f52305, 0x3389035b, 0x863ca421, 0x2b142263, 0x20638827, 0x20639928, 
    0x219387b1, 0x2f852d03, 0x2f906083, 0x23419a20, 0x00a52308, 0xc1650082, 0x3c32210a, 0x4e206484, 0xf8839582, 0x8505ef66, 0x233387c7, 0x6ab20406, 
    0xe4223187, 0x31860d40, 0x31893d20, 0xc7830020, 0x00000e32, 0xcb02e402, 0x24002600, 0x0600001d, 0x8cb19604, 0x0b201784, 0xce20178e, 0xff251785, 
    0x030000fe, 0x242f82c0, 0x00240027, 0x259182f9, 0x93a30406, 0x0082ff8c, 0xa2201782, 0xdb201786, 0xb0211784, 0x8217839d, 0x70032123, 0xa9201786, 
    0xa4201784, 0x00211783, 0x202f8209, 0x2017868e, 0x201784c7, 0x202f84b1, 0x221782f8, 0x83260328, 0x8361208f, 0xd7a5218f, 0xff208f84, 0xb220178f, 
    0x67511785, 0x3f032805, 0xba032602, 0x82010000, 0x436420bf, 0x112805c3, 0x20273d32, 0x41000150, 0x4506c343, 0x2789052b, 0x855ece21, 0x34082227, 
    0x68278441, 0x27830767, 0x4f8afa20, 0x00efa322, 0x22054344, 0x82333622, 0x00022628, 0x00014f45, 0x09d74134, 0xb021578f, 0x212f86e7, 0x2f853801, 
    0x2f9d3620, 0x860aa421, 0x361f222f, 0x205f8832, 0x215f9933, 0x2f86ecb1, 0x85381721, 0x8a5f832f, 0x0004382f, 0x02dc0200, 0x002700cb, 0x00a10028, 
    0x04060000, 0xff8ca796, 0x820100ff, 0x86c82017, 0x848d2017, 0x84ce2017, 0x41082017, 0x282208cf, 0x17848501, 0x839da321, 0x2017832f, 0x212f85a1, 
    0x17846601, 0x83a6b021, 0x82032017, 0x8699202f, 0x845e2017, 0x84a42017, 0x20178347, 0x201786ab, 0x21178470, 0x2f8397b1, 0x27057b46, 0x0326023f, 
    0x010000bc, 0x6e328d82, 0xb9130000, 0xfaff0100, 0x1f140940, 0x01500700, 0xed822302, 0x82003421, 0x212b8fa3, 0xa34178ce, 0x16012205, 0x20288423, 
    0x0ccf4614, 0xa3225389, 0x7f4600ea, 0x40fc2406, 0x8215180d, 0x0202252b, 0x02014f27, 0x9208f662, 0xf0b0215b, 0xe9233387, 0x851a0d40, 0x9e182033, 
    0x1ea42133, 0x22067b41, 0x88141811, 0x41152064, 0xbf8f09ab, 0x86f9b121, 0x1a03212f, 0x60832f85, 0x9a202f90, 0x21081b41, 0x2f876ea5, 0x84291f21, 
    0x823b205f, 0x8f142090, 0x432f895f, 0x022605df, 0xffffb801, 0x32860d40, 0x328a2a20, 0xf7820020, 0x0000042a, 0xcb022f03, 0x2b002700, 0x210f0f42, 
    0x17861e03, 0x0f429020, 0x1304210d, 0x0f421785, 0x86f42010, 0x0f0f4217, 0x1786ec20, 0x200f0f42, 0x421786fe, 0xff210a0f, 0x228f82f8, 0x83260393, 
    0x0501218f, 0xa5247784, 0xffff8cd7, 0x91201784, 0x03201786, 0xb2201784, 0x00271783, 0x01f5ff37, 0x483f0321, 0x06230637, 0x42da9604, 0xdd2a063f, 
    0x170c0940, 0x01500b04, 0x3f421b06, 0x8e442007, 0xeece212b, 0xee242b86, 0x1b0e0940, 0x0c202b84, 0xff212b86, 0x202b82bf, 0x2457885f, 0xffa30407, 
    0x49758254, 0xdd2405af, 0x0d100d40, 0x02222e82, 0x8a481f06, 0x34342107, 0xcb20a382, 0x4a203382, 0xb022338a, 0x338869ff, 0x0d40d823, 0x20338512, 
    0x20338c10, 0x203382e1, 0x23338862, 0x85a40406, 0x20077742, 0x206582ef, 0x2065880c, 0x0a2b490d, 0x3382d820, 0x33886620, 0xb1040724, 0x67886cff, 
    0x6782ed20, 0x67833585, 0x9b823586, 0x3382f920, 0x9a033322, 0x21082741, 0x9349d8a5, 0x2117210a, 0x33206784, 0x8f0e9349, 0x92b22033, 0x8d222033, 
    0x04002d33, 0x89010000, 0x2700cb02, 0x9d002c00, 0x210d5f44, 0x17868b01, 0x4f429f20, 0x7102210d, 0x4f421785, 0x5202210f, 0x4f421786, 0x4a02210e, 
    0x4f421786, 0x5c02210e, 0x4f421786, 0xf101230e, 0x8f832603, 0x210f4f42, 0x1786ef01, 0x580b4f42, 0x3f240587, 0x52002602, 0x0724c982, 0x82009604, 
    0x29059349, 0x2b200702, 0x02500009, 0x87182f0e, 0x2b8d08c3, 0xce040624, 0xa548007c, 0x40ff2405, 0x842f2209, 0x8420202c, 0xffff212c, 0x8706df58, 
    0x04062457, 0x4800fba3, 0x06220573, 0x29822124, 0x330e0324, 0xa569024f, 0x212f9208, 0xab4702b0, 0x40f42307, 0x3285260d, 0x328a2420, 0x8909074b, 
    0x31a42163, 0x1e226386, 0x63882024, 0x8f0ab368, 0x46b120bf, 0x0323056b, 0x85260d02, 0x8a60832f, 0xff042b2f, 0x025103f2, 0x002600cb, 0x39466d32, 
    0x83002006, 0x82012077, 0x826f2017, 0x00272417, 0x418b0032, 0xff230bdb, 0x855504f2, 0x71012117, 0x200a3b46, 0x20178209, 0x20178637, 0x20178453, 
    0x052346b0, 0x14201782, 0x30201786, 0x200a3b46, 0x20178213, 0x2017863c, 0x20178458, 0x4b2f84b1, 0xef82059f, 0x00ca0327, 0x04060100, 0x060f4696, 
    0x1d120427, 0x01500e02, 0x0cf74b04, 0x27870320, 0xce040722, 0x2307d341, 0x21140b01, 0x12202984, 0x8f08d341, 0x08df4753, 0x13160122, 0x02222a82, 
    0xc64b2504, 0x34342107, 0x2f8ffb83, 0x43f7b021, 0xf0230757, 0x85180d40, 0x8a162032, 0x46339332, 0x12220837, 0x63881216, 0x874c1320, 0x8818200d, 
    0x040622bf, 0x076746b1, 0x85182821, 0x8e60832f, 0x0310242f, 0x4126029a, 0xa5220617, 0xa3480078, 0x1d0d2205, 0x205f8427, 0x13e74c39, 0xb2212f89, 
    0x202f866a, 0x202f8600, 0x202f8c28, 0x46e282ff, 0x3c210633, 0x06cb4300, 0xe3499d20, 0x02f72807, 0x002700cb, 0x4967013c, 0xff240ae3, 0x29040000, 
    0x99201786, 0xb1211784, 0x262f8393, 0x030000ee, 0x842603cd, 0x843d202f, 0xcdb22117, 0xcf501782, 0x20ef8405, 0x068343ce, 0x8343f020, 0x00012905, 
    0x0c1c382d, 0x3c0a0150, 0x4d08af41, 0x3f200543, 0x2b85eb82, 0x8300ce21, 0xb913292b, 0xfdff0100, 0x3c2f0940, 0x2d202e84, 0x8d09fb4b, 0x0406222f, 
    0x075347a3, 0x2e310422, 0x02262b82, 0x014f400a, 0x7b412f0a, 0x212f8f09, 0xdf416fb0, 0x40ec2307, 0x3285330d, 0x328a3120, 0x8909d74d, 0x00a42293, 
    0x27bf82aa, 0x02104017, 0x2d312101, 0x2e206588, 0x900a4f50, 0x00b122f3, 0x21338782, 0x33853310, 0x33926683, 0xfb889a20, 0xe600a522, 0x24080746, 
    0x380d40ff, 0x206a8442, 0x209d8254, 0x216a852d, 0x6786ffff, 0xb2223389, 0x6787ec00, 0x30860520, 0x30894320, 0x23481a82, 0x02542606, 0x032600cb, 
    0x0cf743b5, 0x00000324, 0x17827e03, 0xb5032724, 0xf7439700, 0x4aa92005, 0x0421061b, 0x21178562, 0xf7437b01, 0x0000230b, 0x17864204, 0x17845b20, 
    0x8206f743, 0x86092017, 0x43222017, 0x09200af7, 0x1c201782, 0x35201786, 0x230e034c, 0x002603c4, 0xdd207783, 0x8d0e2348, 0x05234817, 0x2005f74c, 
    0x082b4d15, 0xa600c222, 0x132c3582, 0xff0200b9, 0x2a0940f1, 0x50170828, 0x5205ef4d, 0x7f4e0557, 0x222f8906, 0x87a700cd, 0x40eb222f, 0x0b645109, 
    0x4b051f41, 0x2f8305e3, 0x2205634c, 0x4a0074c2, 0xfc2705c3, 0x33350940, 0x4c502027, 0x34230511, 0x4cffff00, 0x2b89068f, 0x897bcd21, 0x0b96512b, 
    0x8309ef4a, 0x051b4b2b, 0x867ec221, 0x18e4202b, 0x4a0e8dc9, 0x2b8708bf, 0xcd040724, 0x9c829900, 0x00b91327, 0x40f8ff01, 0x0bc85109, 0x2f821682, 
    0xf5ff0c25, 0x83032101, 0x00be262f, 0x04060100, 0x2d2d87c2, 0x0f0940dd, 0x500b040d, 0x4f0e0601, 0xb3842b2b, 0x2b8e0520, 0x2b87cd20, 0x0940d622, 
    0x460bfa51, 0x57820983, 0x22063f47, 0x43a000c2, 0x022605bb, 0x09212300, 0xe4465000, 0x59342005, 0x8383099b, 0xcd222b86, 0x2b87a800, 0x840bb951, 
    0x0567452b, 0x03215782, 0x20af82ca, 0x20af8207, 0x2a858780, 0x150940e7, 0x500e0213, 0x43140401, 0x2f8f09e7, 0xa100cd22, 0x01215b85, 0x0bbd5100, 
    0xe3435b84, 0x445b8305, 0xc2220543, 0x5b87f600, 0x0940e027, 0x0c1c2e30, 0x05134450, 0x8f061f42, 0x01cd222f, 0x205b8632, 0x0db75115, 0x00ffff25, 
    0x5024ff2d, 0x00250907, 0x00950427, 0x50bf84a0, 0x0c2905d3, 0x060203b7, 0x17082c3a, 0x06075350, 0xd3502f98, 0x212f8305, 0x2fa13c05, 0x2805d350, 
    0x0409400f, 0x3e0b0203, 0x205f853b, 0x059f4134, 0xd3508f93, 0xb2112105, 0xb8242e82, 0x40b4e8ff, 0x00203188, 0xa423339b, 0x8500003c, 0x3e142263, 
    0x2163a23a, 0x2f8714b1, 0x91400321, 0x0697502f, 0x04270029, 0x008200a5, 0x41070100, 0x0020052b, 0xfc239586, 0x903c32b4, 0x23338763, 0x6ab20426, 
    0xe4203190, 0xc784318a, 0xf5ff0c3a, 0xcb02f103, 0xbe032700, 0x0000d002, 0x24002600, 0x0600001b, 0x8caf9604, 0x0b241f84, 0x1004f5ff, 0xef201f86, 
    0x1d201f85, 0xdb501f83, 0x201f8208, 0x211f85ef, 0x1f82ce03, 0x8210e350, 0x86ce201f, 0x82ad201f, 0x04262a1f, 0x008c9db0, 0x00240007, 0x215f83db, 
    0x1f82f9ff, 0x1f869c20, 0x1f847b20, 0x1f86a420, 0x7f84a920, 0x1f820920, 0x1f86ba20, 0x5f869920, 0x820cfb50, 0x5056201f, 0x262308fb, 0x82d7a504, 
    0xbe03235d, 0x2b823503, 0xffff0024, 0x1f8ef8ff, 0x1f8db220, 0xff460026, 0x030c0224, 0x2506174f, 0x95042600, 0x714f0007, 0xb10f2b06, 0xffb80102, 
    0x3221b4be, 0x8a420700, 0x057f4405, 0xce232f93, 0x85000078, 0xb4c1232f, 0x2fa13621, 0x00eaa324, 0xc7551100, 0xb4fb2305, 0x30852821, 0x5f993420, 
    0x88f0b021, 0xb4e9222f, 0x212fa12d, 0x2f881ea4, 0x21b4fe23, 0x215fa027, 0x2f88f9b1, 0x2f93fa20, 0x6f4f9a20, 0x081f4105, 0x886ea521, 0xb4e5232f, 
    0x5f903c21, 0xb2212f8f, 0x202f8864, 0x232f8de0, 0x04f5ff04, 0x4f053351, 0x2623056b, 0x41a79604, 0x802105c1, 0x05474b00, 0xa004f523, 0x058b4f02, 
    0x00009f26, 0xce042600, 0x7f201f86, 0x08241f84, 0x9105f5ff, 0x01211f85, 0x211f848f, 0x3f849da3, 0x84700421, 0x8209201f, 0x8672201f, 0x8471201f, 
    0x85b0201f, 0x5104213f, 0x03201f84, 0x72201f8a, 0xa4201f84, 0x13201f8c, 0x95201f82, 0x94203f86, 0xb1201f84, 0x74201f86, 0xff213f83, 0x201f82f8, 
    0x0a9b4f05, 0x20098142, 0x201f88e4, 0x0aa34f04, 0x42042621, 0xe3200781, 0x30257f84, 0x1a0324ff, 0x06174903, 0x04270025, 0x491d0195, 0x0c280adf, 
    0x160102b7, 0x0c1c3240, 0x97080b45, 0x05e3492f, 0x14212f83, 0x492fa142, 0x0f2805e3, 0x02030940, 0x41440401, 0x34205f85, 0x9305a749, 0x0406238f, 
    0xc1416fb0, 0xb4ec2208, 0x9c318846, 0x05e349c3, 0x21226585, 0x65874044, 0xe349339c, 0x21338505, 0x33934610, 0xdb499a20, 0x27002905, 0xe600a504, 
    0x07010000, 0x43053341, 0xff23074f, 0x904238b4, 0x223389cf, 0x8aec00b2, 0x49678533, 0xcf1805e4, 0x042409c3, 0x9e04f5ff, 0x4208db49, 0x7d210991, 
    0x23008200, 0x0100ffff, 0xcf201f82, 0x27231f82, 0x4200b503, 0xae200d93, 0x20089342, 0x0aeb49ac, 0x42042621, 0x8b200793, 0x20089342, 0x201f868f, 
    0x0c93425d, 0x93426e20, 0x49552008, 0x26210afb, 0x07934204, 0x1f843420, 0xf5ff1324, 0x1f868a05, 0x93425820, 0x4269200c, 0x0e230873, 0x42002603, 
    0x114a058b, 0x03072407, 0x8eed03be, 0xd7b2221f, 0x08314a8c, 0xeb491f88, 0xfc022205, 0x064b5b02, 0x68610123, 0x05c34f00, 0x0940f124, 0x3958352b, 
    0x58ff200a, 0x02210697, 0x222b87d5, 0x89798a00, 0x4a27202b, 0xf7470b45, 0x06434a08, 0x220af747, 0x82a500c2, 0xb10f28c5, 0xffb80203, 0x473db4f0, 
    0x6b410668, 0xff2d2605, 0x025b0224, 0x08a74a1a, 0xa0009522, 0x0a241882, 0x340702b6, 0x9a05f247, 0x00cd2257, 0x20578aac, 0x065e473c, 0xf5205787, 
    0xe3875782, 0x97040724, 0x18828200, 0x00b91329, 0x40fbff02, 0x842b3509, 0x0a234de5, 0x2f868785, 0x3785bb8a, 0xfb23bb85, 0x473e48b4, 0x6385058e, 
    0x00000a26, 0xa303c702, 0x3006b35d, 0x00610107, 0x00a7009b, 0x020b4010, 0x082d2300, 0x09d47f13, 0x2008ab7f, 0x212b877c, 0xbb828a00, 0x1f212b86, 
    0x202b8420, 0x05c84921, 0x3905a76e, 0xca021c03, 0x24002600, 0x06000055, 0xabf14300, 0xffff0000, 0x00001200, 0x17850403, 0x17833d20, 0x85f88f21, 
    0xff0a2617, 0x02f303f5, 0x822f83b5, 0x03072498, 0x84d202be, 0x025d2a2f, 0x030d0146, 0x0406023f, 0x28178296, 0xff4b0001, 0xff0c0124, 0x3b4782cc, 
    0x1205b715, 0x0509130e, 0x10001412, 0x01cddede, 0xceddde10, 0x14173031, 0x1533021e, 0x08057761, 0x36343522, 0x0bc43337, 0x060f1b13, 0x331b0f1e, 
    0x02011828, 0x19164276, 0x0254040d, 0x321e0d04, 0x0b160426, 0x63865384, 0x000f002a, 0x000fb715, 0x0910060c, 0x2f300a82, 0x1001cc33, 0x32c6cddc, 
    0x3e133031, 0x012e3701, 0x91764d82, 0x5d073b05, 0x140e2518, 0x201f281a, 0x02394a2c, 0x14251471, 0x1d142308, 0x2d252725, 0x4f84265a, 0x56021b3a, 
    0xfc025f01, 0x18001300, 0x07060940, 0x00140e0d, 0x00070e0a, 0xc5d6332f, 0xab18a583, 0x6408157d, 0x2b3c22bd, 0x22036519, 0x03221818, 0x3b2b1965, 
    0x2816fc02, 0x2a08253b, 0x082a1d1d, 0x16283b25, 0x5d000300, 0xba015202, 0x0b009a03, 0x2d001700, 0x31405000, 0x229f228f, 0x06232202, 0x18901880, 
    0x8f2d1802, 0x020c9f0c, 0x008f120c, 0x0002009f, 0x06010690, 0x01288f2e, 0x232d1d28, 0x9f098f15, 0x0f090209, 0x27838203, 0xde325ddd, 0x5dcddc32, 
    0x5d298982, 0xddde5ddd, 0x5dc5d45d, 0x82038210, 0x0afd5be6, 0x0b8a1720, 0x2e274108, 0x0e222303, 0x3e230702, 0x1e323303, 0x28e21702, 0x26261c1b, 
    0xd8281b1c, 0x281b1b27, 0x271b1b28, 0x170f015f, 0x1b0e0d1c, 0x4d010f17, 0x382a1b02, 0x2a381e1e, 0x9402021b, 0x1e24241e, 0x1f24241f, 0x49320786, 
    0x08121c13, 0x131c1208, 0x12273b2a, 0x2a3b2712, 0xdb48ffff, 0x06ff4c06, 0x2208bb47, 0x48007ec2, 0xc82006ab, 0x21087a48, 0x7b480000, 0x1a022108, 
    0x2e085b57, 0x00000795, 0x0100b90d, 0x21b48aff, 0x60070019, 0x57960763, 0x876ecd21, 0x48bd2057, 0x57870842, 0x0c024724, 0x5788fc02, 0x00659722, 
    0x24050b4e, 0x220940f9, 0x22588218, 0x581a0201, 0x242009cf, 0xb3882b89, 0x5f493183, 0xb4e22305, 0x5f492b21, 0x2961820b, 0xca020303, 0x28002700, 
    0x0c82c800, 0x4300062c, 0xffffabec, 0x00000d00, 0x17860a03, 0x1784cf20, 0x83f38f21, 0x210a8217, 0x17845603, 0x2f902b20, 0x17865d20, 0x502a2f8b, 
    0x0104f5ff, 0x2600b502, 0x3a822b00, 0xbe030724, 0x0782e002, 0x00023908, 0x0246026b, 0x003f030b, 0x00130003, 0x02104026, 0x10030001, 0x140a0413, 
    0x010d0003, 0x00130402, 0x32c6332f, 0x0132c4dc, 0x32c6d410, 0xcd32dedd, 0x01303132, 0x07270717, 0x360eee42, 0x42799201, 0x2518d08e, 0x2618140e, 
    0x4725201f, 0xc03d0335, 0x428eb230, 0x2e2209f7, 0x6f842659, 0x46025c24, 0x6f86dd01, 0x0f402427, 0x02010003, 0x246e8210, 0x020d0300, 0x206e8601, 
    0x216e83d4, 0x6d87c6dc, 0x37270723, 0x256d8f05, 0x79428edd, 0x6e8ad6fe, 0xb2ff0225, 0x8fccc030, 0x0045086e, 0x02210002, 0x035b0144, 0x0015009a, 
    0x403e0027, 0x9f158f23, 0x0315af15, 0x22000015, 0x801c1627, 0xa00b900b, 0x0a0b030b, 0x8f281c0a, 0x05100110, 0x271f0a15, 0xd4d52f00, 0x5dcdde32, 
    0x32ce1001, 0x105dc52f, 0x82f482c6, 0x42f78207, 0x03410ee3, 0x020e240d, 0x420e0107, 0xea2f14e3, 0x130a1b0c, 0x171d1d0d, 0x26160826, 0x42fc021f, 
    0x26080fe1, 0x0b180a8e, 0x140e1c08, 0x0e1e1d20, 0x16241f1b, 0xffff0000, 0xf5fffbff, 0xfc023f01, 0xbe032602, 0x06010000, 0x42d06101, 0xeb24066b, 
    0x1a100940, 0x200dcf58, 0x222b82fc, 0x61d5023e, 0x8a210893, 0x202b89e1, 0x0def4f0c, 0x82a4ff21, 0x617e202b, 0x0423098b, 0x615dffc0, 0xdf20098b, 
    0x20088b61, 0x128b6126, 0x213bc761, 0x7782f3ff, 0xcf893720, 0xd8970422, 0xe324a386, 0x101a0940, 0xa855cf84, 0x20fb8205, 0x202b82ea, 0x0acf5847, 
    0x628d9821, 0xe620082d, 0x2420a188, 0x002ba190, 0xffffff00, 0x010000fe, 0x63a30342, 0x012307ef, 0x46d3ff61, 0x012605ab, 0x00120802, 0xea635001, 
    0x84342005, 0x82ff202b, 0x0341222b, 0x081b647c, 0xe4ff8a22, 0x04212b87, 0x202b8405, 0x0bab4606, 0x02cd012b, 0x002700ca, 0x00e1002c, 0x05ad4600, 
    0x2105ab46, 0x1786dd01, 0x1784f120, 0xabf88f2a, 0x62000200, 0xe1014602, 0x0806e742, 0x13402c29, 0x020d1304, 0x0d030001, 0x00031407, 0x01040a00, 
    0x00040202, 0x332f332f, 0x2f32c410, 0xde100133, 0xcd32dedd, 0x43c61032, 0x4946075d, 0x1e26080b, 0x68011701, 0x338e4279, 0x20254735, 0x1418261f, 
    0x0318250e, 0xb230c03d, 0x2d5b25b9, 0x1d252725, 0x14082314, 0x73821425, 0x73826c20, 0x7386fa20, 0x11402827, 0x02010003, 0x27718213, 0x0a030300, 
    0x01010204, 0xd622718c, 0xcd43d6dd, 0x27072306, 0x6f8f0737, 0x428efa24, 0x6f8abb79, 0xb2ff0225, 0x8ff7c030, 0x0b5b436f, 0x25404225, 0x43212716, 
    0x2121095e, 0x095c431b, 0x5c431b20, 0x271e2207, 0x20f58216, 0x0c5e43dd, 0x6443cd20, 0x125f4306, 0x47032e21, 0x1e22094f, 0x5e431701, 0x1f752d16, 
    0x26081626, 0x0d1d1d17, 0x0c1b0a13, 0x30115e43, 0x1f2416b8, 0x1d1e0e1b, 0x1c0e1420, 0x0a180b08, 0x09735200, 0x57fc0221, 0x012b0747, 0x00005b61, 
    0x010b4010, 0x58201600, 0xff210935, 0x065764ff, 0x2787d520, 0x6c8a0022, 0x12202786, 0x820a9652, 0xff3a2427, 0x641402f2, 0x04220927, 0xb342f3c0, 
    0x40ff2208, 0x062a6411, 0x2a642c20, 0x07335811, 0x3b891b20, 0xfae50324, 0x63640000, 0x64052005, 0x46261c63, 0x370247ff, 0x9b823f03, 0x0000c628, 
    0x96040701, 0xfb498400, 0x2d222b0a, 0x02500d05, 0x2b4f310a, 0xbf46342b, 0x242f8909, 0x7fce0406, 0x050f4b00, 0x0940f324, 0x2d843124, 0x2d842220, 
    0x1f41f788, 0x97042208, 0x28f7856d, 0x02162001, 0x0401500e, 0x0a1f6518, 0x210b8f58, 0xbb871d98, 0xbb860020, 0xf4912a20, 0x2705fb49, 0xa3039002, 
    0x3c002602, 0x0123bb83, 0x437d0061, 0x0028067b, 0x040d1f15, 0x11030150, 0x820b7b43, 0x877c202b, 0x8a00232b, 0x2b878e00, 0x84121121, 0x8813202b, 
    0x25e9822b, 0xca026c03, 0x57822700, 0x4747dc20, 0x868f200e, 0x47ff2017, 0x01260a47, 0x0a030000, 0x2f82cb02, 0xa9003322, 0x04231783, 0x658ca7ce, 
    0x1932163b, 0x9f198f01, 0xff19af19, 0x1b190419, 0x1b1c0600, 0x3b651a18, 0x1a192808, 0xd6332f00, 0x65cd325d, 0xd425073b, 0xd6715dd5, 0x0d3149c5, 
    0x220c3b65, 0x65270717, 0xf623123b, 0x656d4557, 0x6931103b, 0xffc821d3, 0x024700ff, 0x0321023d, 0x03060231, 0x28a982e5, 0x020c0001, 0x03120143, 
    0x2bad8215, 0x02094018, 0x04030001, 0x02010003, 0xc5278782, 0xd6100132, 0x8232c532, 0x2865827d, 0xd333c64c, 0x4f831503, 0x09174f6b, 0x4f060f55, 
    0x17550aa7, 0xb10f2805, 0xffb80102, 0x4f43b4f1, 0x3388087a, 0x4e1c0221, 0xa74e05af, 0xb60a2408, 0x853a2301, 0x4f9b8227, 0x579105cf, 0x2b01cd22, 
    0x0c25ab82, 0x0e0102b7, 0x06054f42, 0x53850020, 0x1a03f624, 0x5388fc02, 0xe8009722, 0x102c2782, 0x00010b40, 0x0c1c313b, 0x330a0150, 0x8408d341, 
    0x8a2b875b, 0x833385b3, 0x4e00225b, 0x052b4f44, 0x052c5b84, 0xbc03f2ff, 0x2700ca02, 0xd8003200, 0x820bab45, 0x86972017, 0x84b32017, 0xf88f2217, 
    0x058b42ab, 0x83c80321, 0xb5032117, 0x210fdb45, 0x17869903, 0x2f8ab220, 0xf5ff2828, 0xc5023304, 0x2f822600, 0x07000026, 0x1203be03, 0x01341d82, 
    0x43020500, 0x15030b01, 0x13000300, 0x040200b6, 0x01020300, 0x20078c41, 0x06cb67c5, 0xd30b2d08, 0xae02c633, 0x00834f6b, 0x5a000100, 0x0a014602, 
    0x0f003f03, 0x00b71500, 0x1003090f, 0x0000060f, 0x0133c42f, 0xc6d5d610, 0x13303132, 0x2f0e9645, 0x2c4a39dd, 0x1a281f20, 0x18250e14, 0x5a264602, 
    0x200bfd45, 0x32c78200, 0x0324ff0e, 0x00cb0202, 0x3b240026, 0x04270000, 0x820c0195, 0x0ad76597, 0x03551f96, 0x03242209, 0x243f82d4, 0x01240027, 
    0x8339820d, 0x65de2041, 0x3f820be7, 0x1f85b620, 0x86ef0021, 0x84c0201f, 0x9db0261f, 0xffffff8c, 0x201f82f9, 0x201f8698, 0x201f86d1, 0x0bf765a2, 
    0xa3201f82, 0xdc201f86, 0xad201f86, 0x820bfb59, 0x09ff651f, 0x32207d83, 0x07661d84, 0x661f9608, 0x0420070f, 0xef621f82, 0x2041830b, 0x0ba76086, 
    0x2d201f82, 0x2b227f84, 0x7f869f00, 0xd35e8420, 0x0424220c, 0x0a83531d, 0x02213f82, 0x0cdb5e74, 0xff032422, 0x71201f86, 0x02213f85, 0x0ce35e56, 
    0x00042422, 0x72201f86, 0x57201f86, 0x240af35a, 0x0424ff13, 0x0a835322, 0x79205f83, 0x2109f35e, 0x9f82f8ff, 0x83539320, 0x211f820a, 0x1f84ea01, 
    0x82062763, 0x0b27631f, 0xe8201f83, 0x830a2f63, 0x09cb5bff, 0x6c201d83, 0x96211d84, 0x050357a7, 0x3f820120, 0xef518620, 0x2021830a, 0x20ff8e9e, 
    0x211f8576, 0xbf868f01, 0xff8d8e20, 0x86580421, 0x20ff871f, 0x20ff8e70, 0x201f8645, 0x0983545e, 0x02950428, 0xff000060, 0xff8300ff, 0x1f867b20, 
    0x820a8354, 0x8396201f, 0x5bff841f, 0xf7510be3, 0x04072405, 0x8cdd0195, 0x057b541f, 0xd920bd83, 0x07236582, 0x8400b503, 0x0a002e1f, 0xc70224ff, 
    0x2602b502, 0x00002400, 0x21378201, 0x1f82d100, 0x02b60a2a, 0x08242c14, 0x342b5013, 0x50208382, 0x8e202382, 0x2b202384, 0xe5202386, 0x01252384, 
    0x07111921, 0x20238501, 0x24238228, 0x02c502e7, 0x85598226, 0x85ff2047, 0x33232423, 0x82081d2b, 0x004a0823, 0x002d0001, 0x02530200, 0x002600b5, 
    0x004140a0, 0x0c0f4424, 0x08090d0c, 0x07202628, 0x0e402527, 0x0d260e01, 0x401f070d, 0x14000114, 0x50144001, 0xf0146014, 0x30140414, 0x02204020, 
    0x7001202f, 0xc0208020, 0xe020d020, 0x06830520, 0xb820022f, 0x2940c0ff, 0xbf481c18, 0x20000120, 0x08258210, 0x0420702b, 0x1a072020, 0x09081908, 
    0x00010540, 0x05400105, 0x05600550, 0x050405f0, 0x3f000207, 0x72715dcd, 0x123f3f32, 0x5d5d2f39, 0x210b822b, 0x0482dd72, 0x11c5a408, 0xc5332f39, 
    0x10013272, 0x103232ce, 0x323232c6, 0x32ed332f, 0x2e013031, 0x35012b03, 0x16230721, 0x23073317, 0x1e07030e, 0x2e231703, 0x33352703, 0x21373632, 
    0x06520135, 0x13272119, 0x132602ab, 0x4e091f81, 0x310b4113, 0x192b5143, 0x16383a3a, 0x3b3919b4, 0x3b69193a, 0xe7fe175e, 0x1b160b02, 0x63630610, 
    0x2863281f, 0x06162738, 0x48453e18, 0x42462322, 0x1d65183c, 0x00006327, 0x1d000700, 0xf102f1ff, 0x1300c502, 0x2b001f00, 0x58003f00, 0x7f007300, 
    0x0a401400, 0x7a575d29, 0x030f0504, 0x82000905, 0x391721b4, 0x43189382, 0x22210ff5, 0x01931806, 0x18012008, 0x2c0ad248, 0x37363425, 0x07010e27, 
    0x1415011e, 0x2e058206, 0x012e3717, 0x33361737, 0x17021e32, 0x82012e33, 0x2223291a, 0x2e27022e, 0x03222301, 0xd1831e82, 0x33033e28, 0x3e171632, 
    0xea823701, 0x26222322, 0x0c3ba418, 0x38f17908, 0x4b4c8462, 0x39396284, 0x4c4b8462, 0xfd386284, 0x1c1c139e, 0x1d1d1413, 0x101f9001, 0x131d1b16, 
    0xc6fe1c14, 0x1e261d21, 0x0f0b0a2e, 0x2e0a0b0f, 0x211d261e, 0x201c2131, 0x1726311c, 0x21034602, 0x050a071b, 0x0c13170c, 0x0f1b1001, 0x15210b31, 
    0x1b0f192f, 0x130c0110, 0x0a050c17, 0x03211b07, 0x26170246, 0x1d111c31, 0x1a1f10ab, 0x1d1e1216, 0x844b5a01, 0x61393961, 0x7d086e82, 0x38386285, 
    0x1d1b8562, 0x1b1b1414, 0xfe1d1414, 0x1d1617fc, 0x1f1a1514, 0x143d25e7, 0x273f173c, 0x0f111c08, 0x3e26091c, 0x3d123e18, 0x140e3ce1, 0x261b2e23, 
    0x01011a46, 0x0c150f08, 0xabfe0305, 0x030a0b3a, 0x0f150d03, 0x1a010108, 0x301c2946, 0x01071423, 0x1116182d, 0x13181921, 0xffff001c, 0xf3ff0f00, 
    0x99019306, 0x6f012700, 0xd4fe0000, 0x11002700, 0x00006b01, 0x74012700, 0x0f836102, 0x036f0123, 0x240782cc, 0x056f0107, 0x28078237, 0x000e0000, 
    0x03000049, 0xe3431887, 0x000f2a08, 0x00170013, 0x001f001b, 0x083d8223, 0x2f002b28, 0x37003300, 0x8a40f906, 0x1b261b06, 0x1b461b36, 0x1b861b66, 
    0x1b073d06, 0x1a060901, 0x1a361a26, 0x1a661a46, 0x11821a86, 0x11821a20, 0x16136b08, 0x66132613, 0x12060413, 0x12261216, 0x19041266, 0x04190105, 
    0x59014901, 0x00490201, 0x09020059, 0x02176917, 0x14691409, 0x360e0602, 0x030e660e, 0x0d360d06, 0x09030d66, 0x020b390b, 0x08390809, 0x319a3d02, 
    0x690231aa, 0x89317931, 0x40310331, 0x0a480e0a, 0x2f310131, 0x483b3480, 0x8f287f2f, 0xb8280228, 0x2cb3c001, 0x0782482f, 0x23408032, 0x9a482b28, 
    0x0228aa28, 0x28792869, 0x28032889, 0x28233084, 0x83242801, 0x247f2530, 0x2402248f, 0x40392f82, 0x482f2b21, 0x241d240d, 0x0124fd02, 0x24aa249a, 
    0x79246902, 0x03248924, 0x282f8424, 0x36240124, 0x4080ffb8, 0x25648209, 0x36013607, 0x0d833235, 0x0d0c2308, 0x32174813, 0x32373227, 0xb82b3203, 
    0x124000fe, 0x3148312d, 0x2b20012b, 0x112b0101, 0x2bf1022b, 0x27882b01, 0x2b272b27, 0x2b032b37, 0x20278227, 0x822682b3, 0xb3402507, 0x27482c28, 
    0xff202083, 0x71084883, 0x37272727, 0x1c270327, 0x09012008, 0x152f2220, 0x0902158f, 0x8f3b0115, 0xff159f15, 0x155e0315, 0xed15bd01, 0x0315fd15, 
    0x4c01155b, 0x151b0115, 0xba15aa01, 0x15790215, 0x18150801, 0x150a0215, 0x3b011309, 0x3f0c0f13, 0x030c6f0c, 0x8f0c4f3d, 0xef0cbf0c, 0x0c1e040c, 
    0xed0cad01, 0x0c7b020c, 0x010c4c01, 0xaa010c0b, 0x020cda0c, 0x0c690c39, 0x0f830802, 0x082f0f09, 0x0902085f, 0xe93b0108, 0x088f0108, 0x1e0208bf, 
    0x08ed0108, 0x01087b01, 0xaa01084c, 0x0208da08, 0x08380808, 0x66080b02, 0x021a861a, 0x33011a07, 0x1700191a, 0x3d021760, 0x17801750, 0x17f01790, 
    0xf117e104, 0x17b20217, 0x01175301, 0x17441714, 0x0117b502, 0x17a61776, 0x17170702, 0x170a0217, 0x0f300f00, 0x3d030f60, 0x0fb00f80, 0x11030fe0, 
    0x020f410f, 0x72010fe1, 0x020fa20f, 0x0f440f04, 0x400fd402, 0x0fa5013d, 0x010f6601, 0x0f370f07, 0x000f0b02, 0x020a300a, 0xc00a903d, 0x0a21020a, 
    0x010af101, 0x54010a82, 0x0ae4010a, 0x010ab501, 0x17010a46, 0x000a010a, 0x03e63904, 0x10060301, 0xffb81f19, 0x34094080, 0x221f4845, 0x3538352c, 
    0x4000feb8, 0x483b3139, 0x40013561, 0x02355035, 0x35313521, 0x01351002, 0xe1013501, 0x0235f135, 0x35c235b2, 0x930335d2, 0x0235a335, 0x63013582, 
    0x02357335, 0x43013554, 0x35950135, 0xaf413501, 0x12300805, 0x17350748, 0x03352735, 0xffb82235, 0x18134000, 0x22b5481d, 0x22d522c5, 0x0122a603, 
    0x2cdd3322, 0x01b82c01, 0x200c4040, 0x2c4b4826, 0x3c022c5b, 0x24081084, 0x17164000, 0x2caa481c, 0x2cca2cba, 0x0e802c03, 0x402c4813, 0x2c480d0a, 
    0x0002b81f, 0x484532b7, 0x2631311f, 0x240b8234, 0x483b30b3, 0x06a44234, 0x36080782, 0x232d4080, 0x347c482b, 0x6b02348c, 0x345c0134, 0x01344b01, 
    0x130f8034, 0x0a403448, 0x1b34480e, 0x3b232b23, 0xc0230323, 0x23481a14, 0x2d082b29, 0xb380feb8, 0x82482724, 0xb3c02307, 0x0782231e, 0xb300ff24, 
    0x07831d1a, 0x11b34023, 0x30078319, 0x0b094080, 0x2d074810, 0x1e2d0a01, 0x4000feb8, 0x3f7c82aa, 0x0226241e, 0x19401920, 0x19601950, 0x19a01980, 
    0x01191706, 0x3b011900, 0x19e019c0, 0x0119b102, 0x51081585, 0x11190103, 0x41192119, 0x19e10419, 0xc219a201, 0x19830219, 0x01197201, 0x04011963, 
    0x44192419, 0x19a50319, 0x19d519c5, 0x360419e5, 0x66194619, 0x04198619, 0x19271907, 0x20190b02, 0x06070106, 0x06d63c01, 0x01068001, 0xe1010677, 
    0x06430106, 0x1584a501, 0x060c4d08, 0x17991769, 0x01170802, 0x101f1733, 0x103f102f, 0x0804107f, 0xaf3c0110, 0x0210ef10, 0x4f01109e, 0x02108f10, 
    0x1001100d, 0x406001b8, 0x4c492aff, 0x6c105c10, 0xec10ac10, 0x100b0510, 0x0110cb01, 0x10ba10aa, 0x29101902, 0x03106910, 0x48083882, 0x030f100b, 
    0x4102031f, 0x8f0103d8, 0x02039f03, 0xee0103fd, 0x034c0103, 0xbb02035c, 0x03aa0103, 0x19030901, 0x030f0203, 0x15011517, 0x180f0a15, 0x184f182f, 
    0x186f185f, 0x18af188f, 0x18bf3b07, 0x18ef18cf, 0x0118ae03, 0x0813844f, 0x180e03b7, 0x182e181e, 0xad188d03, 0xed18cd18, 0x184c0418, 0x187c186c, 
    0x2b180b03, 0x18db0218, 0x8a0218eb, 0xca18aa18, 0x18490318, 0x38021869, 0x18290118, 0x01180801, 0x070f180b, 0x07d93e01, 0x01078e01, 0xed010778, 
    0x074b0107, 0x0107aa01, 0x0c010708, 0x010d6607, 0x33010d07, 0x00080f0d, 0x20111011, 0x04116011, 0x9011803d, 0xe011a011, 0x11010411, 0xe1021141, 
    0x0211f111, 0x530111a2, 0x02116311, 0x11441104, 0xa5116502, 0xc511b511, 0x04113a40, 0x11271117, 0x01110602, 0x0200110b, 0x41020210, 0x02f002e0, 
    0x0102a702, 0x41010250, 0x02b20102, 0x0102a301, 0x241a8400, 0x70026001, 0x32008202, 0x080108af, 0x3f00020a, 0x5f3272cd, 0x5f715f5d, 0x82727171, 
    0x5d5e2700, 0x5d5d5e32, 0x0082715d, 0x5e727225, 0x82cd3f5d, 0x8411830d, 0x851c861d, 0x242d851f, 0x5d2f3912, 0x83318633, 0x820b8430, 0x852b203e, 
    0x8e5d201e, 0x845d893f, 0x20618250, 0x2163825d, 0x62822b32, 0x00832b20, 0x32cd3f27, 0x2b32712b, 0x207e822b, 0x820f8271, 0x2b33255d, 0x5d2b2b33, 
    0x2b291082, 0x5d32cd71, 0x5d322b5d, 0x849d842b, 0x276482a0, 0xde10012b, 0x2b32dc32, 0x72230483, 0x8232cdce, 0x83be8423, 0x83ca848c, 0x840c882d, 
    0x5d5e22d7, 0x83968910, 0x88e386f5, 0x413782f5, 0x2f840c05, 0x91825982, 0x31837e82, 0x10218683, 0x248d85cd, 0x2b72715d, 0x23978472, 0x722b2b5d, 
    0xa182cb82, 0x30315d23, 0x20558200, 0x2000825d, 0x82038201, 0x5d5e2102, 0x01240185, 0x03113311, 0x01230382, 0x84152135, 0x200b8203, 0x860b8315, 
    0x291b9817, 0x1d1d1d6a, 0x3401affe, 0x0382ccfe, 0x841daf21, 0x839b2004, 0x01ae2413, 0x82cbfe35, 0x1dae2103, 0x6b260485, 0xd6fe2a01, 0x0583b4fe, 
    0x1d790228, 0x1d68fd1d, 0x1384011d, 0x40821f20, 0x1683d320, 0xa04c0121, 0x00470822, 0xff14000e, 0x03930df4, 0x00150008, 0x00370028, 0x0065004d, 
    0x0093007d, 0x00b300a7, 0x00d100bf, 0x01f500e3, 0xb99b0101, 0xe0ff8a00, 0x100e1140, 0x08834c00, 0x4c001211, 0x100f205b, 0xb8544c00, 0x11b3f8ff, 
    0x86534d00, 0xb8442707, 0x10b3e0ff, 0x07824d00, 0x1440d82d, 0x4c000f0e, 0x0012103d, 0x82083d4d, 0x28312923, 0x2e4d000e, 0xb3e8ffb8, 0x07821182, 
    0x82b3d021, 0x831b200f, 0x000f230f, 0x38820c4d, 0x831a4021, 0x8305205e, 0x83052030, 0xc9ab3230, 0xbaf9b4c0, 0x9408d6f2, 0x01be929e, 0x007e0000, 
    0x2b058286, 0x017b0088, 0x6769b300, 0x0d415866, 0x56220e82, 0x05824e00, 0x4b006422, 0x4d220582, 0x05824000, 0x2f00422a, 0x1eb20101, 0x09412637, 
    0x28220d82, 0x05821300, 0x0b001522, 0x093a0582, 0x0c400201, 0xcee7e9b7, 0xdfc4d5f3, 0xa39909fc, 0x08011841, 0x04019200, 0x03828700, 0x03018c28, 
    0x06018100, 0x07826f00, 0x07827620, 0x69007d26, 0x66000201, 0x64241982, 0x58000901, 0x5e280382, 0x51b20301, 0x1d416350, 0x4e202182, 0x4c201782, 
    0x42200382, 0x46200382, 0x3b200f82, 0x28203182, 0x2c204d82, 0x23200b82, 0x34200b82, 0x19240782, 0x14000501, 0x0a201f82, 0x0e200382, 0x03200f82, 
    0x3f231782, 0x823f3fed, 0x88058203, 0xed3f2208, 0x2c1185cd, 0x3917cc3f, 0xfdd61001, 0xeddceddc, 0x860483c0, 0xc0cd2103, 0xdc221082, 0x1e82deed, 
    0x00303123, 0x20008e2b, 0x068e5c25, 0x1133113e, 0x32331614, 0x1137023e, 0x013e1733, 0x021e3233, 0x020e1415, 0x27262223, 0x1e113711, 0x36231082, 
    0x822e3435, 0x0706220f, 0x22329a01, 0x84112311, 0x020e2e25, 0x01231107, 0x15231533, 0x33021e14, 0x349b1832, 0x11352208, 0x203e9337, 0x1a964b25, 
    0x97831720, 0x26247c82, 0x27062223, 0x2206964b, 0x4b141516, 0x32260794, 0x26331716, 0xa8830627, 0x07262182, 0x22173617, 0xc9820727, 0xc4833720, 
    0x37361727, 0x37010e23, 0x083e8632, 0x16141532, 0x6920b801, 0x32523c45, 0x473c5d16, 0x161d200f, 0x11dd5d05, 0x57382d45, 0x44251f3c, 0x63423c60, 
    0x330e5d20, 0x105a4b26, 0x26283924, 0x66031140, 0x7a2c2d8f, 0x3e456a20, 0x5d143152, 0x25321e0d, 0x17384082, 0x75025d05, 0x180cc5c5, 0x332a1824, 
    0x460e120a, 0x2a45352d, 0xb4025d11, 0x5208388f, 0x3a22f501, 0x4e2d2d4f, 0x3a22223a, 0x4f2d2d4e, 0x96fe223a, 0x0b12120b, 0xb311110c, 0x100d0a12, 
    0x0f0e0a12, 0x16111481, 0x10061b13, 0x131b0610, 0x54141116, 0x29032f22, 0x05082303, 0x0f02180e, 0x14191e13, 0x10131310, 0x131e1914, 0x0e18020f, 
    0x82230805, 0x2f39081c, 0x0f120a28, 0x13120b0e, 0x2312080f, 0x01355740, 0x5ff0fe24, 0x03030252, 0x17b70102, 0x4828180b, 0x653f3c64, 0x09122646, 
    0xfd10e902, 0x63070449, 0x3346285b, 0xfe0e1a1d, 0x832f9175, 0x3f260842, 0xdcfe3558, 0x44301001, 0x0302132a, 0x49fe0104, 0xf04e0802, 0x0c1d3327, 
    0x074d0413, 0x4f361b15, 0x10d00134, 0x3c9166fd, 0xd98b2820, 0x1025e982, 0x110b0c11, 0x36dd8211, 0x130f0d9d, 0x130e0e0b, 0x0b241675, 0x17250e24, 
    0x0b14150a, 0x820e2417, 0x2d6a380c, 0x02213020, 0x0d040f13, 0x08a90823, 0x0f040d23, 0x30210213, 0x83b62d20, 0x0d0f2fd0, 0x0000120c, 0x010a0007, 
    0x03b90159, 0xdb4d0008, 0x003d3c05, 0x0061004f, 0x4018006d, 0x3a55230f, 0x355f1a29, 0x684b1442, 0x070f050b, 0x4dcc3f00, 0x48421fdf, 0x41b9204e, 
    0x02215ccf, 0x54504130, 0x00010035, 0x004e9e00, 0x60601a01, 0x3e0c0000, 0x01060040, 0x82eeffb3, 0xffb62205, 0x200582f6, 0x270582b8, 0xffb20107, 
    0x010700e2, 0x08200b83, 0xcb260b82, 0xb4010800, 0x05820b00, 0x0e00b522, 0xb8220582, 0x0582dbff, 0xf4ffba28, 0x24000900, 0x05821e00, 0xecff2622, 
    0x2a200582, 0x2d220584, 0x0b821400, 0x0b843220, 0x05843420, 0xb0ff3722, 0x39221182, 0x0582baff, 0xd8ff3a22, 0x3b220582, 0x05820a00, 0x9cff3c22, 
    0x44200582, 0x46202384, 0x47200584, 0x48200584, 0x4a200584, 0x52200584, 0x54200584, 0x59200584, 0x09227782, 0x9b825a00, 0x5b000922, 0x5c204184, 
    0x0a241182, 0xceff2400, 0x2d220d82, 0x0582a9ff, 0x11003922, 0x3a220582, 0x05821300, 0x94ffa126, 0xb5010a00, 0x01211d83, 0x22d782b6, 0x82b7010a, 
    0x010a2247, 0x221b82b8, 0x83b9010a, 0xc8022911, 0x0a00a1ff, 0xc6ffd002, 0xd4200582, 0xdb220584, 0x0b82c1ff, 0x4783e220, 0xffe40223, 0x220b82f1, 
    0x820c00e7, 0xfff02205, 0x220582f0, 0x82d6fff4, 0xfff52205, 0x220582e3, 0x82d3fffb, 0x84fc2005, 0x83fe2017, 0x01032911, 0x0a00e0ff, 0xd0ff0403, 
    0x0f220582, 0x0582edff, 0x0b001222, 0x14220582, 0x0582e7ff, 0x4d831520, 0x841b0321, 0x84462011, 0xff71222f, 0x2017829c, 0x23418372, 0xf4ff7603, 
    0x9e200b82, 0x03218383, 0x200584a1, 0x200584a8, 0x21ad83ab, 0x8f83b003, 0x84b20321, 0x84b62041, 0x83b9203b, 0xba0323cb, 0x3582efff, 0x4184bb20, 
    0x1784c420, 0xdeffc622, 0xc7201182, 0xc8200b84, 0xcb228f84, 0x1182dcff, 0xebffce22, 0x0b207982, 0x0b201782, 0x5020cf82, 0x0d200b82, 0x0b244182, 
    0xf6ff1000, 0x23220b82, 0x0582e2ff, 0x11842620, 0x05842a20, 0x05843220, 0x05843420, 0x19003722, 0x39221d82, 0x05821f00, 0x1a003a22, 0x3b200582, 
    0x3c220584, 0x0b822100, 0xa1823d20, 0x44000b22, 0x0b22e382, 0x47844600, 0x05844720, 0x05844820, 0xf3ff4922, 0x4a202382, 0x4c200b84, 0x0b247982, 
    0x55004d00, 0x51201182, 0x52208f84, 0x53201784, 0x54200b84, 0x55200b84, 0x56220b84, 0x2382eeff, 0x53845820, 0xa1845920, 0x05845a20, 0x1e005c22, 
    0xba201782, 0x0b22ef82, 0x2f83cb00, 0xffb10129, 0x010b00f1, 0x82f5ffb2, 0x00b42205, 0x2005820d, 0x23e383b5, 0xe6ffb701, 0xb8220b82, 0x05821700, 
    0x4d83b920, 0x35840120, 0xffc50229, 0x020b00f4, 0x821500d4, 0x84d62005, 0x83de2005, 0xe10221e3, 0x02217783, 0x23e983e2, 0x1100e302, 0xe4201d82, 
    0x02215f83, 0x21e983e5, 0x8983f002, 0x84f10221, 0xfff2223b, 0x201d82f2, 0x223b84f4, 0x82e9fff5, 0x84f8200b, 0x84fa2011, 0x83fc2005, 0xfd0221a7, 
    0xfe200b84, 0xff204184, 0x03210b83, 0x21298301, 0xbf830303, 0xff040327, 0x030b00dc, 0x21778307, 0x1d840803, 0x05840920, 0x05840e20, 0x12001222, 
    0x14201d82, 0x0321b383, 0x22058415, 0x820c0016, 0x00182211, 0x20058255, 0x201d841b, 0x2229841f, 0x82e0ff45, 0x83462011, 0x4b032365, 0x0b821800, 
    0xf0ff5a22, 0x71220582, 0x05820d00, 0x3b847220, 0xb3837520, 0xff760323, 0x201182ed, 0x2247847e, 0x820a00a3, 0x84a5200b, 0x83a9207d, 0xac0321ad, 
    0xb0200b84, 0x0323fb83, 0x822100b1, 0x84b2201d, 0x83b32011, 0xb60321fb, 0xb7203b84, 0xb8205984, 0xb9202f84, 0xba20cb84, 0xbc225984, 0x2f82ebff, 
    0x8f84bd20, 0xefffbe22, 0xbf200b82, 0xc0221184, 0x0b821300, 0x0b84c120, 0x3584c220, 0xf3ffc322, 0xc4201182, 0xc520ad84, 0xc7201784, 0xc8200b84, 
    0xca200584, 0xcb22ad84, 0x2382deff, 0xe3ffcd22, 0xce200582, 0xf7828382, 0x0c226b82, 0x83820d00, 0x10000c24, 0xc1821600, 0x47822320, 0x24000c22, 
    0x2d201d84, 0x37200b84, 0x39221d84, 0x1d82dfff, 0x11843a20, 0x1d843b20, 0xd8ff3c22, 0x3d221182, 0x0582f5ff, 0xa1825b20, 0xa1000c22, 0x01271783, 
    0x00eaff28, 0x84b2010c, 0xffb32205, 0x200b82e5, 0x211d83b4, 0xe382b601, 0xb8010c24, 0x1182e8ff, 0xb382b920, 0xc5020c28, 0x0c00f1ff, 0x5383c802, 
    0x83d00221, 0xd602213b, 0xd7201184, 0xe2200584, 0x02217783, 0x22cb82e3, 0x84e5020c, 0x84ed201d, 0x83ef200b, 0x05032159, 0x03215383, 0x22d78212, 
    0x834b030c, 0x7d03279b, 0x0c00efff, 0x05847e03, 0x2f839e20, 0x8f840320, 0x83a30321, 0xa80321a1, 0xb0201184, 0x03215383, 0x21b983b1, 0x1184b303, 
    0x1184b420, 0x4d84bb20, 0x0584c020, 0x9b83c620, 0x84cc0321, 0x82cd200b, 0x000d22b3, 0x2a238223, 0xff24000d, 0x000d00b0, 0x8298ff2d, 0x82302005, 
    0x000d2223, 0x2289823b, 0x843c000d, 0x8244200b, 0x000d2477, 0x82e2ff46, 0x8447201d, 0x84482005, 0x844a2005, 0x844d2005, 0x84522023, 0x8454200b, 
    0x84562005, 0x00592211, 0x202f8210, 0x2205845a, 0x820c005b, 0x845c200b, 0xffa1220b, 0x280b8275, 0x00d1ffcb, 0xff28010d, 0x220582f3, 0x82e1ffb5, 
    0x83b62005, 0xb701278f, 0x0d00f4ff, 0x8983c802, 0x83d00221, 0xd4022395, 0x1182b8ff, 0x8383d620, 0x83d70221, 0xdb022323, 0x1182b4ff, 0x6583dc20, 
    0x84e30221, 0x83e5202f, 0xed0223ad, 0x1782f1ff, 0x2984f020, 0xd3fff422, 0xf5200b82, 0xfb222f84, 0x0b82d2ff, 0x1d84fc20, 0xa183fe20, 0x83010321, 
    0x04032717, 0x0d00eeff, 0x9b830503, 0x830f0321, 0x14032147, 0x03215383, 0x20058415, 0x20058418, 0x22298446, 0x82b7ff71, 0xff722229, 0x200582f5, 
    0x21b38375, 0x0b847d03, 0xa1839e20, 0x84a10321, 0x84a82005, 0xffa92205, 0x202382f2, 0x203b84b1, 0x209583b3, 0x21d78403, 0xfb83b803, 0xffb90323, 
    0x221d82ec, 0x82e6ffbb, 0xffc02205, 0x200582eb, 0x201784c2, 0x21b383c3, 0x9b84c403, 0x3584c620, 0x0b84c720, 0x0584c820, 0x1d84cb20, 0xa784cc20, 
    0x7782ce20, 0x26001024, 0x37821400, 0x05842a20, 0xd7822d20, 0x32001022, 0x34200b84, 0x37220584, 0x1d82c9ff, 0x3b823920, 0x3b001024, 0x0b82e0ff, 
    0xbdff3c22, 0x3d200582, 0x10249582, 0x0f004400, 0x46200b82, 0x10224d82, 0x05844700, 0x05844820, 0x15004922, 0x4a201782, 0x52200b84, 0x54200584, 
    0x5a220584, 0x17820800, 0xb9825b20, 0xa1001024, 0x0b82d3ff, 0x1783cb20, 0x00280129, 0x01100012, 0x821e00b1, 0xffb22205, 0x220582de, 0x82edffb3, 
    0x82b52005, 0x0110249d, 0x822500b7, 0x83b8200b, 0xb901277d, 0x10001600, 0x7d83c502, 0x83c80221, 0xd60223ad, 0x1182e3ff, 0xad83de20, 0x84e10221, 
    0x83e2201d, 0xe30223b3, 0x1782e8ff, 0x1300e422, 0xe5200582, 0x02233b83, 0x82f0ffed, 0x83f0200b, 0xf10223b3, 0x0b821900, 0x0d00f222, 0xf5200582, 
    0xf6220b84, 0x0b82e9ff, 0x1184f820, 0x0584fa20, 0x0584fd20, 0xa183fe20, 0x83ff0221, 0x0003210b, 0x01200584, 0x03212f83, 0x20058404, 0x21cb8305, 
    0x7d830703, 0x84080321, 0x8409201d, 0x840e2005, 0x000f2605, 0x0310000b, 0x21d78314, 0x47831603, 0x84180321, 0x841f2005, 0x002a221d, 0x221d820e, 
    0x82150045, 0x84462005, 0xff4b224d, 0x200b82d3, 0x221d8458, 0x821b005a, 0x8375200b, 0x760323d1, 0x0b821800, 0xf1ff7d22, 0xa3200582, 0x0321fb83, 
    0x207184a5, 0x200584ac, 0x21d783af, 0xf583b003, 0xffb10323, 0x202382bd, 0x201784b2, 0x21f583b3, 0x7184b503, 0x0584b620, 0x5984b720, 0x0a00b922, 
    0xba202382, 0xbb220584, 0x0b821100, 0x1784bc20, 0x6b84bd20, 0x9584be20, 0x1184bf20, 0xdd84c020, 0x0b84c120, 0x5384c320, 0x4784c420, 0x1184c520, 
    0x0584c620, 0x1184c720, 0x0584c820, 0x1000ca22, 0xcb204d82, 0xcc200b84, 0xcd203b84, 0xce201184, 0x1124bf82, 0x1e002400, 0x26226d82, 0x0582d8ff, 
    0x05842a20, 0x28002d22, 0x32200b82, 0x34200b84, 0x36200584, 0x11245382, 0xafff3700, 0x38221782, 0x0582e2ff, 0xaeff3922, 0x3a220582, 0x0582d6ff, 
    0x19003b22, 0x3c220582, 0x0582a1ff, 0xad823d20, 0x44001122, 0x46202384, 0x47200584, 0x48200584, 0x4a200584, 0x52200584, 0x54200584, 0x59220584, 
    0x3582c7ff, 0xc9ff5a22, 0x5b200582, 0x1122cb82, 0x11845c00, 0x12005d22, 0xa1201182, 0xcb205984, 0x1122b382, 0x0584b101, 0xb1ffb228, 0xb3011100, 
    0x05820800, 0x1700b422, 0xb6220582, 0x05820f00, 0xf0ffb826, 0xc5021100, 0x0221a783, 0x21bf83c8, 0xd783d002, 0x00d40223, 0x2017821c, 0x22fb82d6, 
    0x83d70211, 0xdb022129, 0x02213583, 0x23d783de, 0xf1ffe102, 0xe2201d82, 0x0221d783, 0x201184e4, 0x237183e5, 0xb4ffe702, 0xf4221782, 0x05821b00, 
    0x3584f720, 0x0b84fb20, 0xb383fe20, 0xff020329, 0x031100db, 0x82e1ff03, 0x83052005, 0x070323b3, 0x0b82d4ff, 0xedff0a22, 0x0d200582, 0x03212f83, 
    0x23598322, 0xefff4503, 0x4b221182, 0x0582c0ff, 0xdfff4c22, 0x59220582, 0x0582adff, 0xd1ff5a22, 0x71220582, 0x05821d00, 0xf6ff7522, 0x7d200582, 
    0x0323b983, 0x82d7ff7e, 0x839e200b, 0xa10321b9, 0xa3220584, 0x11821600, 0x9b83a520, 0x84a80321, 0x84ab2011, 0x84ac2011, 0x84af2011, 0x83b0207d, 
    0xb10323bf, 0x2982a1ff, 0x1784b220, 0xc583b320, 0xffb40323, 0x221182b0, 0x821200b5, 0xffb62205, 0x220582ec, 0x82c7ffb8, 0x84b92005, 0x84bd2071, 
    0x84c02011, 0x84c2204d, 0x84c42017, 0x84c720dd, 0x84c82005, 0xffc92205, 0x202f82e3, 0x202984ca, 0x201184cb, 0x207184cc, 0x240b82cd, 0xff230012, 
    0x225b82dd, 0x82bfff24, 0xff262205, 0x200582e8, 0x2205842a, 0x82b9ff2d, 0x8432200b, 0x8434200b, 0x00372205, 0x2211822b, 0x82300039, 0x843a2005, 
    0x003b220b, 0x220b8221, 0x8232003c, 0x003d2205, 0x22058211, 0x82d9ff44, 0x84452005, 0xff46220b, 0x200b82c6, 0x20058447, 0x20058448, 0x2005844a, 
    0x221d844b, 0x8210004c, 0x004d221d, 0x2005820f, 0x2011844e, 0x2205844f, 0x82e0ff51, 0x84522011, 0x84532029, 0x8454200b, 0x8455200b, 0xff56220b, 
    0x221d82e1, 0x82edff58, 0xff5d2205, 0x220582f6, 0x8288ffa1, 0xffcb2605, 0x011200d1, 0x211183b1, 0x5383b301, 0x00b40123, 0x22118219, 0x82c2ffb5, 
    0x83b72005, 0xb8012395, 0x0b822800, 0xf1ffb926, 0xc8021200, 0x0221dd83, 0x23f583d0, 0xccffd402, 0xd6221182, 0x05821b00, 0xcbffdb22, 0xde200582, 
    0x0223ef83, 0x82eeffe1, 0x83e2200b, 0xe30223e9, 0x0b821600, 0x1184e420, 0xf583e520, 0x00e70223, 0x2011820d, 0x201184ef, 0x235f83f0, 0xf3fff102, 
    0xf2201182, 0xf4225f84, 0x0b82d2ff, 0xdffff522, 0xf8200582, 0xfa201184, 0xfb200584, 0xfc221784, 0x1782e4ff, 0x1184fd20, 0xdd83fe20, 0x83ff0221, 
    0x0003270b, 0x1200f0ff, 0x35830103, 0xff040323, 0x200b82dd, 0x20178408, 0x20058409, 0x235f830e, 0xe5ff0f03, 0x12221782, 0x05821800, 0x0b841420, 
    0xe1ff1522, 0x16220b82, 0x05821000, 0xfb831820, 0x841b0321, 0x841f201d, 0x83452035, 0x460321a1, 0x4b225384, 0x23821e00, 0xcaff7122, 0x72220582, 
    0x0582ebff, 0x1d847620, 0xf6ff7e22, 0x9e220b82, 0x0582bfff, 0x0584a120, 0x1100a322, 0xa5220b82, 0x0582e8ff, 0x1184a820, 0xecffa922, 0xab220b82, 
    0x05821400, 0x1784ac20, 0x0a00af22, 0xb0220b82, 0x05822b00, 0x3200b122, 0xb2200582, 0xb3221784, 0x0b822100, 0x2f84b520, 0xdd83b620, 0xffb90323, 
    0x221182e2, 0x82d8ffba, 0xffbc2205, 0x220582e0, 0x82f2ffbe, 0x84bf2005, 0x00c0220b, 0x200b8228, 0x200b84c1, 0x202f84c4, 0x220b84c5, 0x82c4ffc6, 
    0x84c72017, 0x84c82011, 0x84ca2005, 0x84cb2053, 0x84cd2017, 0xffce260b, 0x001d00ce, 0x22ad8224, 0x822d001d, 0x001d24f5, 0x82c2ff37, 0xff392211, 
    0x220582f3, 0x820f003b, 0xff3c2205, 0x220582da, 0x820c003d, 0x00592205, 0x2005820e, 0x2205845a, 0x820d005b, 0x845c200b, 0x825d200b, 0x001d22cb, 
    0x272f83a1, 0x0b00b101, 0xb4011d00, 0x1d22e982, 0x0b84b601, 0x6b82b820, 0xba011d22, 0x02212f83, 0x216583c8, 0x7183d002, 0x83e20221, 0xe502216b, 
    0x02213583, 0x214783fb, 0x23830503, 0x84220321, 0x842a200b, 0xff4b2505, 0x031d00ea, 0x03207784, 0x03217784, 0x21598371, 0x41839e03, 0x84a10321, 
    0x83a32005, 0xa803219b, 0xb0200b84, 0x03215383, 0x21b383b1, 0x5983b303, 0x84b80321, 0x84c22047, 0x84c92005, 0x82cc2005, 0x00232265, 0x26958224, 
    0xff2d0023, 0x822300ef, 0x82dc20f5, 0xff392205, 0x220582e3, 0x82f5ff3a, 0xff3b2205, 0x220582e7, 0x82d6ff3c, 0xff3d2205, 0x220582f4, 0x82f6ff5b, 
    0xffa12805, 0x012300c9, 0x82f0ff28, 0xffb22205, 0x200582f3, 0x212983b3, 0x2383b401, 0x84b60121, 0x82b82005, 0x022322b3, 0x214783c5, 0x5f83c802, 
    0x83d00221, 0xd602296b, 0x2300e0ff, 0xeeffd702, 0xe2210582, 0x237182ff, 0xe8ffe302, 0xe5200b82, 0x02234183, 0x82e6ffed, 0x83ef200b, 0x0503212f, 
    0x03276b83, 0x00f2ff12, 0x834b0323, 0x71032129, 0x7d221784, 0x1182edff, 0x4d839e20, 0x84a10321, 0x83a32005, 0xa8032171, 0xaf200b84, 0xb0200b84, 
    0xb1202f84, 0x0320b983, 0x03239b84, 0x82f1ffc0, 0x82cc2035, 0x00242853, 0x00cdff0a, 0x820b0024, 0x00242483, 0x82b0ff0d, 0x0011220b, 0x2205821e, 
    0x82180012, 0x001d2205, 0x20058213, 0x20a78222, 0x20078224, 0x20038225, 0x229b8226, 0x842a0024, 0x002d2205, 0x20118221, 0x200b8432, 0x20058434, 
    0x222f8436, 0x82aeff37, 0x82382017, 0x00242483, 0x82bfff39, 0xff3a220b, 0x210582d8, 0x4183003b, 0x9cff3c22, 0x3d200b82, 0x3f205f84, 0x40207184, 
    0x2424e982, 0xf5ff4400, 0x46201782, 0x47200584, 0x48200584, 0x4a200584, 0x52200584, 0x54200584, 0x56220584, 0x29820a00, 0xddff5922, 0x5a200582, 
    0x5b223b84, 0x0b821900, 0x11845c20, 0x10005d22, 0x5e200b82, 0x6322dd84, 0x0b822a00, 0xef826c20, 0x6e002424, 0x0b82b4ff, 0x8f846f20, 0x0c007822, 
    0xa1220b82, 0x05821400, 0xf2ffcb28, 0xd3012400, 0x0582edff, 0x0d00d422, 0xd6220582, 0x05821a00, 0x1784d720, 0xcfffd922, 0xda200b82, 0xdb201184, 
    0x01215383, 0x200b84dc, 0x27dd83dd, 0xeffff501, 0x01022400, 0x02215f83, 0x220b8416, 0x82eeff17, 0xff7d2211, 0x200582d4, 0x244182a4, 0xff0c0025, 
    0x22f782f3, 0x82f4ff0d, 0x00102205, 0x2205820b, 0x82e2ff12, 0x841d2005, 0x8222200b, 0x00252447, 0x82f6ff24, 0x82372011, 0x0025223b, 0x201d8439, 
    0x2211843a, 0x82eaff3b, 0xff3c2217, 0x200582de, 0x2229843f, 0x82e9ff40, 0x8459200b, 0xff5b221d, 0x200b82f8, 0x200b845c, 0x2005845d, 0x20058460, 
    0x22598463, 0x820a006c, 0x8478201d, 0xffa1260b, 0x012500e6, 0x215f83d9, 0x5383da01, 0xffdc0127, 0x022500f5, 0x28a1827d, 0x00090026, 0x00260008, 
    0x24a1820b, 0x000c0026, 0x200b820f, 0x2247820d, 0x82100026, 0x00262423, 0x82170011, 0x00122211, 0x2205820d, 0x8213001d, 0x00222205, 0x22058210, 
    0x821c0024, 0xff262205, 0x200582e7, 0x2205842a, 0x821f002d, 0x8432200b, 0x8434200b, 0x82362005, 0x0026243d, 0x82150037, 0x00392217, 0x20058214, 
    0x2241843a, 0x821a003b, 0x003c220b, 0x22058218, 0x8212003d, 0x843f2005, 0x8440201d, 0x82442017, 0x002622b9, 0x208f8446, 0x20058447, 0x20058448, 
    0x2005844a, 0x20058452, 0x22058454, 0x82060056, 0xff58223b, 0x200582f3, 0x204d845b, 0x229b845d, 0x82270063, 0xff6c2211, 0x200582e8, 0x2259846e, 
    0x8224006f, 0x0078220b, 0x2005820e, 0x206584a1, 0x27e383cb, 0xeeffd501, 0xd6012600, 0x0121f583, 0x237783d9, 0xedffdd01, 0x0c223d82, 0x0582ecff, 
    0x3b821020, 0x11002724, 0x0b82d8ff, 0xccff1222, 0x22200582, 0x24201d84, 0x2724dd82, 0xe9ff2d00, 0x37201182, 0x39200584, 0x3a201184, 0x27245382, 
    0xdaff3b00, 0x3c221782, 0x0582d3ff, 0x11843d20, 0x4d844020, 0xf0ff6022, 0x63201182, 0x2722b982, 0x6b826c00, 0x6f002722, 0xa1280584, 0x2700c4ff, 
    0xf1ffd401, 0xd6200582, 0x2722b382, 0x5383d901, 0xffda0123, 0x221182e3, 0x82efffdc, 0xffec2605, 0x022700f2, 0x2141830e, 0x0b841c02, 0xebff7d22, 
    0x95201182, 0x28221182, 0xfb822d00, 0x32002822, 0x2822cb82, 0x05843400, 0x0b003926, 0x3b002800, 0x2822bf82, 0x65823c00, 0x3d002822, 0x44201184, 
    0x28227d82, 0x05844600, 0x05844720, 0x05844820, 0x05844a20, 0x05845220, 0x05845420, 0x15005b22, 0x63204182, 0x28240382, 0x0d006e00, 0x6f220782, 
    0x05821200, 0x0b847820, 0x0b84a120, 0xdd82cb20, 0x28012822, 0x01215f83, 0x211783d6, 0x0584da01, 0x0582dc20, 0x09002922, 0x2922f582, 0xad820b00, 
    0x0c002922, 0x292a4d82, 0x0f001000, 0x11002900, 0x0582c2ff, 0xb2ff1222, 0x22200582, 0x23201784, 0x29244782, 0xd0ff2400, 0x26221182, 0x0582f8ff, 
    0x05842a20, 0xb5ff2d22, 0x30200b82, 0x32201d84, 0x34201184, 0x37200584, 0x39223584, 0x1d821a00, 0x0b843a20, 0x61823b20, 0xe9822920, 0x11821c20, 
    0x1e003f22, 0x40200582, 0x44221d84, 0x0b82e8ff, 0x41844620, 0x05844720, 0x05844820, 0x05844a20, 0xa1845120, 0x0b845220, 0x0b845320, 0x0b845420, 
    0x0b845520, 0xf3ff5622, 0x58203b82, 0x5b200b84, 0x5d201784, 0x63220b84, 0x1782c1ff, 0x28006e22, 0x6f220582, 0x05822500, 0xf5ff7822, 0xa1220582, 
    0x05828bff, 0x2983cb20, 0xffd60127, 0x012900de, 0x2fef83d9, 0xe3ffda01, 0x95022900, 0x2a00eeff, 0xe6ff0d00, 0x10220582, 0x05821100, 0x14001122, 
    0x1d220582, 0x05820a00, 0x35823720, 0x39002a22, 0x2a225f82, 0x05843a00, 0x05843c20, 0x59825920, 0x5c002a22, 0x63220584, 0x29821700, 0x29826e20, 
    0x12002b22, 0x2c200582, 0x2d200584, 0xe1260582, 0x24002d00, 0x0582edff, 0xb3822d20, 0x3f002d22, 0x2d225382, 0x7d826e00, 0x6f002d24, 0x17820e00, 
    0x11847820, 0xd8ffa124, 0x9b822d00, 0x0582ef20, 0x2f82da20, 0x09002e22, 0x2e226582, 0x0b840b00, 0x18000c24, 0xa1822e00, 0x0582d820, 0xceff1022, 
    0x11220582, 0x05821f00, 0x77821220, 0x83002e21, 0x002e24a7, 0x82f2ff23, 0x00242211, 0x22058219, 0x82c9ff26, 0x842a2005, 0x822d2005, 0x002e22cb, 
    0x200b8432, 0x20058434, 0x22358437, 0x82120039, 0x003a2223, 0x2205820d, 0x8224003b, 0x843c2005, 0x843d2011, 0x843f206b, 0x00402235, 0x2217821c, 
    0x82f6ff44, 0x82462005, 0x002e22a1, 0x20058447, 0x20058448, 0x2005844a, 0x20058452, 0x20058454, 0x22cb8256, 0x8457002e, 0xff58222f, 0x223582de, 
    0x82d2ff59, 0x845a2005, 0x005b2205, 0x200b8222, 0x220b845c, 0x8215005d, 0xff5e220b, 0x200582f3, 0x22cb8463, 0x82cdff6c, 0x00a1220b, 0x2205821a, 
    0x822b00ca, 0x83cb2005, 0x04012741, 0x2e002300, 0xe5820601, 0x08012e22, 0x01235f83, 0x82ebffd3, 0x83d42011, 0xd50123b9, 0x0b82cfff, 0x3583d620, 
    0xffd70123, 0x200b82e3, 0x21c583d9, 0x1184da01, 0x8983db20, 0x84dc0121, 0xffdd220b, 0x221d82c8, 0x82f4ffe1, 0xfff12205, 0x200582f0, 0x261d84f2, 
    0x00effff5, 0x8242022e, 0x002f2205, 0x225f8204, 0x8409002f, 0xff0a2805, 0x002f009f, 0x829aff0d, 0xff102205, 0x220582ec, 0x82280011, 0x00122205, 
    0x22058211, 0x8218001d, 0xff222205, 0x200582dc, 0x22bf8224, 0x8426002f, 0x842a2023, 0x842d2005, 0x84302011, 0x84322047, 0x84342011, 0x84362005, 
    0xff37223b, 0x203582b2, 0x247d8238, 0xff39002f, 0x220b82ab, 0x82ceff3a, 0x843b2005, 0xff3c2235, 0x200b829c, 0x24c5823d, 0xff3f002f, 0x220b82b0, 
    0x82e0ff40, 0x00442205, 0x2205820c, 0x82080056, 0xff592205, 0x200582d1, 0x24ef825a, 0x005b002f, 0x200b821d, 0x2211845c, 0x8210005d, 0x825e200b, 
    0x002f22dd, 0x22e98260, 0x8263002f, 0x002f240f, 0x82edff6c, 0xff6e2207, 0x220582c0, 0x82c9ff6f, 0x00782205, 0x20058215, 0x277183a1, 0xe7ffd501, 
    0xd6012f00, 0x01231183, 0x82c6ffd9, 0x84da200b, 0xffdb220b, 0x200b82f1, 0x220b84dc, 0x82e1ffdd, 0x00e1260b, 0x022f000b, 0x27ad837d, 0xf5ffa402, 
    0x0d003000, 0x3022c582, 0x05841200, 0x77822220, 0x37003022, 0x39200b84, 0x3c200584, 0x30204182, 0xec20c582, 0x6e212982, 0x200583ff, 0x8211836f, 
    0x00f42265, 0x22358431, 0x820c0032, 0x82322017, 0x001426b7, 0xff110032, 0x220582d8, 0x82ccff12, 0x82222005, 0x003222b3, 0x249b8224, 0xff2d0032, 
    0x201182e9, 0x20058437, 0x20118439, 0x245f823a, 0xff3b0032, 0x221782da, 0x82d3ff3c, 0x843d2005, 0x84402011, 0xff60224d, 0x221182f3, 0x82f4ff63, 
    0x006c2205, 0x2005820a, 0x2605846f, 0x00c4ffa1, 0x82d40132, 0x013224b9, 0x82e8ffd6, 0x83d9200b, 0xda012153, 0x01235383, 0x82efffdc, 0x84ec2011, 
    0xfff4281d, 0x023200ee, 0x82f0ff0e, 0x831c2005, 0x24f58211, 0x003300ea, 0x205f8209, 0x20b38233, 0x220b82f8, 0x8298ff11, 0xff122205, 0x220582b1, 
    0x820d001d, 0xff242205, 0x220582bc, 0x82a7ff2d, 0x84372005, 0xff3b2111, 0x3c203583, 0x33249b82, 0xf2ff3e00, 0x40201782, 0x33229b82, 0x47844400, 
    0xf1ff4622, 0x47201182, 0x48200584, 0x4a200584, 0x52200584, 0x54200584, 0x59220584, 0x23821400, 0x05845a20, 0x0c005b22, 0x5c200b82, 0x60200b84, 
    0x63225384, 0x1182a4ff, 0x0b846c20, 0x1d006e22, 0x6f200b82, 0x78200584, 0xa1227d84, 0x118283ff, 0xe382cb20, 0xf5823320, 0x3300ed22, 0xd620f582, 
    0xda220582, 0x0582e0ff, 0xe382dc20, 0xf1013322, 0x02228f83, 0x1d82ff0c, 0x831d0221, 0x950227a1, 0x3400ebff, 0xa1820c00, 0x10003422, 0x34246b82, 
    0xd8ff1100, 0x12221182, 0x0582ccff, 0x29822220, 0x24003424, 0x0b82e7ff, 0x59822d20, 0x37003422, 0x39200584, 0x3a201184, 0x34248982, 0xdaff3b00, 
    0x3c221d82, 0x0582d3ff, 0x11843d20, 0x4d844020, 0x0f004d22, 0x63221182, 0x0582f4ff, 0x0a006c22, 0x6f200582, 0xa1260584, 0x3400c4ff, 0x4783d901, 
    0xffec0129, 0x023400f5, 0x82f0ff0e, 0x821c2005, 0x0035220b, 0x2241820d, 0x82100035, 0x00352841, 0x00180011, 0x82120035, 0x82352001, 0x820c20e7, 
    0xff22220b, 0x200582f1, 0x22238423, 0x821f0024, 0x8226200b, 0x003522d7, 0x2205842a, 0x821a002d, 0x84322011, 0x8434200b, 0x84372005, 0xff382229, 
    0x201782f8, 0x203b8439, 0x24e3823b, 0xff3c0035, 0x201182df, 0x2059843d, 0x2023843f, 0x228f8240, 0x82440035, 0x003522d7, 0x20058446, 0x20058447, 
    0x20058448, 0x2005844a, 0x20058452, 0x20058454, 0x20358457, 0x20058458, 0x2047845b, 0x24dd825d, 0x00630035, 0x22598220, 0x82eaff6c, 0x006e2205, 
    0x2205820d, 0x820b006f, 0x84a12005, 0xffcb2877, 0x013500e4, 0x821500d6, 0xffd92205, 0x200582f3, 0x200b84da, 0x2a0582dc, 0xff0c0036, 0x003600f8, 
    0x82ddff0d, 0x00102205, 0x2005821c, 0x22538211, 0x82120036, 0x003622b9, 0x246b8222, 0xff370036, 0x201782ec, 0x200b8439, 0x2005843a, 0x2205843c, 
    0x820c0044, 0xff592217, 0x200582f0, 0x2459825a, 0xff5b0036, 0x200b82f5, 0x2011845c, 0x24a18263, 0x006c0036, 0x2011820f, 0x2041846e, 0x210583a1, 
    0x0584da01, 0xf4ffdc26, 0x09003700, 0x37240b82, 0xeeff0b00, 0x0c220b82, 0x05821900, 0xc9ff1022, 0x11220582, 0x0582afff, 0x9eff1222, 0x1d220582, 
    0x0582c3ff, 0x1a002222, 0x23220582, 0x0582dcff, 0xaeff2422, 0x26220582, 0x0582e9ff, 0x05842a20, 0xadff2d22, 0x30200b82, 0x37229582, 0x11843200, 
    0x05843420, 0x35843720, 0x1f003922, 0x3a201d82, 0x3b200b84, 0x3c220584, 0x11822200, 0xe9823d20, 0x3f003724, 0x0b822800, 0x1e004022, 0x44220582, 
    0x0582b5ff, 0x05844620, 0x05844720, 0x05844820, 0x05844a20, 0xbbff5122, 0x52201d82, 0x53200b84, 0x54200b84, 0x55200b84, 0x56220b84, 0x1d82b8ff, 
    0x0b845820, 0x17845920, 0x05845a20, 0x05845b20, 0x05845c20, 0xb9ff5d22, 0x5e202382, 0x6322ef84, 0x0b82cbff, 0x17846c20, 0x1c006e22, 0x6f220b82, 
    0x05821400, 0xbeff7822, 0xa1220582, 0x05828dff, 0xf7ffc722, 0xc9220582, 0x05821b00, 0x2e00ca22, 0xcb280582, 0x3700a4ff, 0x2c000401, 0x06220582, 
    0x05822000, 0x1d000822, 0x29220582, 0x0582c9ff, 0xd9ffd522, 0xd6220582, 0x0582c5ff, 0x1500d922, 0xda220582, 0x0582e8ff, 0xf1ffdb22, 0xdd220582, 
    0x0582e2ff, 0x0b00e12c, 0x42023700, 0x3800c3ff, 0x11821100, 0x12003824, 0x0b82caff, 0x0a001d22, 0x24220582, 0x0582ecff, 0xedff2d22, 0x3f200582, 
    0x6e221184, 0x0b820500, 0x17006f22, 0xa1200582, 0x38226582, 0xbf82d601, 0xda013822, 0x39222982, 0x41820900, 0x27823920, 0x39001226, 0xe1ff0b00, 
    0x0c200582, 0x39229582, 0x17841000, 0xb0ff1122, 0x12221182, 0x0582a2ff, 0xf4ff1d22, 0x22200582, 0x3924e982, 0xe3ff2300, 0x24220b82, 0x0582bfff, 
    0xe7ff2622, 0x2a200582, 0x2d220584, 0x0b82a9ff, 0xf6ff3022, 0x32200582, 0x34201184, 0x37200584, 0x39225384, 0x17822500, 0x0b843a20, 0x05843b20, 
    0x27003c22, 0x3d221182, 0x05821000, 0x28003f22, 0x40200582, 0x44222384, 0x0b82d7ff, 0xad824620, 0x47003922, 0x48200584, 0x4a200584, 0x51220584, 
    0x1d82e9ff, 0x0b845220, 0x0b845320, 0x0b845420, 0x0b845520, 0xdaff5622, 0x58221d82, 0x0582ebff, 0xb3845d20, 0xef825e20, 0x63003924, 0x1182c1ff, 
    0xd8ff6c22, 0x6e200582, 0x6f20c584, 0xa1226b84, 0x11826cff, 0x1400c722, 0xca220582, 0x05823300, 0xc3ffcb28, 0x04013900, 0x05822c00, 0x24000622, 
    0x08220582, 0x05822100, 0x47832920, 0xffd30123, 0x220b82ed, 0x820d00d4, 0xffd62205, 0x220582cf, 0x82efffd7, 0x00d92205, 0x2005821a, 0x221d84da, 
    0x82f5ffdb, 0x83dd200b, 0x42022183, 0x3a2a0582, 0xecff0900, 0x0a003a00, 0x05821300, 0x1d820b20, 0x0c003a22, 0x3a248382, 0xd4ff1100, 0x12221182, 
    0x0582c2ff, 0x19002222, 0x23200582, 0x24201d84, 0x3a24a782, 0xf6ff2600, 0x2a201182, 0x2d220584, 0x0b82d1ff, 0x0b843220, 0x05843420, 0x1b003722, 
    0x39221182, 0x05822000, 0x0b843a20, 0x05843b20, 0x23003c22, 0x3d221182, 0x05820b00, 0x28003f22, 0x40200582, 0x44222384, 0x0b82e4ff, 0xdfff4622, 
    0x47200582, 0x48200584, 0x4a200584, 0x51220584, 0x1782f1ff, 0x0b845220, 0x0b845320, 0x0b845420, 0x0b845520, 0xf0ff5622, 0x58221d82, 0x0582f2ff, 
    0xbb825920, 0x5a003a22, 0x5b200584, 0x3a22d382, 0x0b845c00, 0x95845e20, 0xe8ff6322, 0x6c202382, 0x6e202f84, 0x6f20e384, 0xa1228384, 0x1782cbff, 
    0x2e00ca22, 0xcb280582, 0x3a00dcff, 0x29000401, 0xd6200582, 0x01239583, 0x821500d9, 0x83da200b, 0xf101293b, 0x3b00f5ff, 0xecff0900, 0x0b220582, 
    0x0582edff, 0x1a000c22, 0x0d220582, 0x0582e6ff, 0xe0ff1022, 0x11220582, 0x05821900, 0x17001222, 0x1d220582, 0x05821100, 0x14002222, 0x23200582, 
    0x3b22a182, 0x01822400, 0x26003b24, 0x1182daff, 0x05842a20, 0x2f842d20, 0x0b843220, 0x05843420, 0x35843620, 0x59843720, 0x1f003922, 0x3a202982, 
    0x3d830b84, 0x3c003b24, 0x11822100, 0x18003d22, 0x3f220582, 0x05821e00, 0x23844020, 0xe2ff4422, 0x46200b82, 0x47200584, 0x48200584, 0x4a200584, 
    0x52200584, 0x54200584, 0x56220584, 0x29820a00, 0xd1825820, 0x59003b22, 0x5a200584, 0x5b200584, 0x5c205384, 0x5d220b84, 0x23820f00, 0xf3ff5e22, 
    0x63220582, 0x05822200, 0xdbff6c22, 0x6e200582, 0x6f223b84, 0x0b821000, 0xcb84a120, 0x2800ca22, 0xcb260b82, 0x3b00ebff, 0x0b830401, 0x83060121, 
    0x080121ef, 0x01232983, 0x82f0ffd3, 0x00d42217, 0x2205820d, 0x82e6ffd5, 0x83d62005, 0xd70123cb, 0x0b82f2ff, 0x1500d922, 0xda200582, 0xdb221184, 
    0x0b82f6ff, 0x0b84dc20, 0xdcffdd22, 0xf1200b82, 0x01277d83, 0x00f4fff5, 0x8242023b, 0x003c242f, 0x820b0004, 0xff0922ff, 0x220582ce, 0x82d9ff0b, 
    0x820c2005, 0x003c229b, 0x243b820d, 0xff10003c, 0x221182bd, 0x82a1ff11, 0xff122205, 0x2205829c, 0x82daff1d, 0x00222205, 0x2205821d, 0x82c5ff23, 
    0x84242005, 0xff262217, 0x200b82d3, 0x2205842a, 0x82acff2d, 0xff30220b, 0x200582f1, 0x20118432, 0x20058434, 0x20538436, 0x225f8437, 0x82270039, 
    0x843a201d, 0x843b200b, 0x003c2205, 0x22118229, 0x8212003d, 0x823f2005, 0x003c22f5, 0x22238440, 0x82b7ff44, 0xff462211, 0x200582a8, 0x20058447, 
    0x20058448, 0x2205844a, 0x82dbff51, 0x84522017, 0x8453200b, 0x8454200b, 0x8455200b, 0xff56220b, 0x221d82ba, 0x82deff58, 0x84592005, 0xff5b227d, 
    0x200b82ec, 0x220b845c, 0x82ddff5d, 0x845e200b, 0xff6322a7, 0x220b82be, 0x82b1ff6c, 0x006e2205, 0x22058219, 0x821f006f, 0xff782205, 0x220582e6, 
    0x8270ffa1, 0xffbf2205, 0x220582cb, 0x823500ca, 0xffcb2805, 0x013c00a6, 0x822d0004, 0x83062005, 0x080123a7, 0x0b821100, 0xe2ff2922, 0xd3220582, 
    0x0582edff, 0x0f00d422, 0xd5220582, 0x0582e8ff, 0xc1ffd622, 0xd7220582, 0x0582e5ff, 0x1d00d922, 0xda220582, 0x0582efff, 0xd0ffdd22, 0xf6200582, 
    0x02270b83, 0x00dfff42, 0x8209003d, 0x003d249b, 0x8210000c, 0x8210200b, 0x823d20ad, 0x821b2057, 0x841d200b, 0x82222011, 0x003d2253, 0x22238423, 
    0x821a0024, 0xff262217, 0x200582f4, 0x2005842a, 0x2011842d, 0x200b8432, 0x20058434, 0x22498236, 0x8437003d, 0x00392235, 0x20298215, 0x200b843a, 
    0x2229843b, 0x8217003c, 0x003d2211, 0x2205820d, 0x8214003f, 0x84402005, 0x00442223, 0x200b820b, 0x20658446, 0x20058447, 0x20058448, 0x2005844a, 
    0x20058452, 0x22058454, 0x8218005b, 0x845d2029, 0x0063222f, 0x220b822b, 0x82e1ff6c, 0x846e2005, 0x826f204d, 0x003d22e9, 0x20b98478, 0x227184a1, 
    0x820a00c9, 0x00ca281d, 0x013d0024, 0x82210004, 0x83062005, 0xd5012311, 0x0b82edff, 0x2983d620, 0x84d90121, 0x84da2011, 0x84dc200b, 0xffdd2805, 
    0x003e00ec, 0x82e4ff24, 0x84262005, 0x842a200b, 0x842d2005, 0x84322011, 0x8434200b, 0x00372205, 0x2223821e, 0x82230039, 0x843a2005, 0x843b200b, 
    0x003c2205, 0x22118226, 0x820e003d, 0x00402205, 0x2205825a, 0x82ddff44, 0xff462205, 0x200582dc, 0x20058447, 0x20058448, 0x2005844a, 0x2483824c, 
    0x004d003e, 0x221d825e, 0x82deff51, 0x84522005, 0x84532017, 0x8454200b, 0x8455200b, 0xff56220b, 0x201d82df, 0x224d8458, 0x82e2ff59, 0x845a200b, 
    0x845b2005, 0x845c2005, 0xff5d227d, 0x201782e1, 0x28ad84a1, 0x00d8ffcb, 0xffb1013e, 0x220582ea, 0x82eeffb2, 0x00b42205, 0x2205821b, 0x82daffb5, 
    0x83b72005, 0xb8012359, 0x0b821c00, 0xf1ffb928, 0xc5023e00, 0x0582f2ff, 0x3b83c820, 0x84d00221, 0x00d42205, 0x22118213, 0x821800d6, 0xffdb2205, 
    0x200582e5, 0x21fb83de, 0x7183e102, 0x83e20221, 0xe3022171, 0xe4202384, 0x02215383, 0x201184e5, 0x21a783ef, 0xa783f002, 0xfff10223, 0x223582eb, 
    0x82e6fff2, 0x84f42005, 0xfff52229, 0x200b82e0, 0x239583f6, 0xe7fff702, 0xf8200b82, 0xfa200b84, 0xfb200584, 0xfc200584, 0xfd206b84, 0xfe200b84, 
    0x0221a783, 0x210b83ff, 0x3b830103, 0x83020321, 0x03032135, 0x03216b83, 0x21778304, 0x8f830503, 0x83070321, 0x08032129, 0x09262984, 0x3e00f5ff, 
    0x29840a03, 0x05840d20, 0x17840e20, 0xd7830f20, 0x00120323, 0x201d8214, 0x21658314, 0xad831503, 0x00160323, 0x2211820a, 0x825e0018, 0x841b2005, 
    0x841f201d, 0xff222241, 0x221182ef, 0x82f0ff2a, 0xff452205, 0x200582db, 0x22658446, 0x821b004b, 0x844c200b, 0x845a2053, 0x84722005, 0x8476204d, 
    0x007e225f, 0x201d820c, 0x200b849e, 0x220584a1, 0x820e00a3, 0xffa52211, 0x200582ec, 0x201184a8, 0x202384ab, 0x201184ac, 0x22cb84b0, 0x822600b1, 
    0x84b2201d, 0x84b32011, 0xffb52211, 0x201182ee, 0x202f84b6, 0x20e384b8, 0x208f84b9, 0x22d184ba, 0x82deffbc, 0x84be201d, 0x84bf201d, 0x84c0200b, 
    0x84c120b9, 0x84c2200b, 0x84c4202f, 0x84c520ad, 0x84c72011, 0x84c8200b, 0x84c92005, 0x84ca2065, 0xffcb22b3, 0x204782da, 0x222f84cc, 0x82d7ffcd, 
    0xffce260b, 0x003f00e3, 0x224d8224, 0x8225003f, 0x003f2417, 0x82d8ff26, 0x84272011, 0x8428200b, 0x84292005, 0x842a2005, 0x842b2017, 0x842c200b, 
    0x002d2205, 0x2029820a, 0x200b842e, 0x2005842f, 0x20058430, 0x20058431, 0x202f8432, 0x200b8433, 0x200b8434, 0x220b8435, 0x82a6ff37, 0x84382035, 
    0xff392211, 0x220b8292, 0x82baff3a, 0x843b2005, 0x843c2083, 0x843d2011, 0x82442059, 0x003f22fb, 0x20058446, 0x20058447, 0x20058448, 0x2205844a, 
    0x828c004d, 0x84522035, 0x8454200b, 0xff572205, 0x201182f6, 0x22ef8258, 0x8459003f, 0x845a206b, 0x005c220b, 0x2017823c, 0x205f84a1, 0x271183cb, 
    0xd3ffb101, 0xb2013f00, 0x01217783, 0x216b83b4, 0x3b83b501, 0x83b70121, 0xb8012335, 0x1d82ceff, 0xf1ffb922, 0xba200582, 0x03211183, 0x213b839e, 
    0x0b849f03, 0x0584a020, 0x03214d84, 0x200b84a2, 0x214183a3, 0x0b84a403, 0xd783a520, 0x84a60321, 0x84a7200b, 0x84a82005, 0x84aa203b, 0x84ac200b, 
    0x84ad201d, 0x84ae200b, 0xffb02605, 0x033f00a6, 0x21f583b1, 0x1d84b203, 0x2f84b320, 0x1784b420, 0xd783b620, 0x84b80321, 0x84b92029, 0x84bb2005, 
    0x83bd2005, 0xc00321a1, 0xc2207784, 0xc3201184, 0x0321d783, 0x202f84c4, 0x200584c7, 0x200584c8, 0x202984c9, 0x201d84ca, 0x202984cb, 0x2a0582cd, 
    0x004d0040, 0x01400021, 0x82f2ffb2, 0xffb32205, 0x200582f0, 0x220b84b5, 0x82f6ffb7, 0xffb8260b, 0x024000f5, 0x210b83c5, 0x0584de02, 0x0584e120, 
    0x2983e420, 0xffed0223, 0x201d82f3, 0x210583ef, 0x11830403, 0x83180321, 0x4503274d, 0x4000eeff, 0x11844603, 0x2f837520, 0x837e0321, 0xa5032147, 
    0xac200b84, 0xb2200584, 0xb4201d84, 0xbb222984, 0x2f82eaff, 0x0b84c320, 0x1784c720, 0x0584cb20, 0x0582cd20, 0x0a00442a, 0x4400f1ff, 0xebff0c00, 
    0x0d200582, 0x4424b382, 0xdfff2200, 0x3f220b82, 0x0582d8ff, 0xdeff4022, 0x59200582, 0x44228382, 0x59825a00, 0x5c004422, 0x60220b84, 0x1782eeff, 
    0x0c006322, 0x6e200582, 0x44225f82, 0x05826f00, 0x4d824520, 0x4500ed22, 0xe7204d82, 0x4d830582, 0x10004522, 0x45222382, 0x59821100, 0x12004524, 
    0x1782e4ff, 0x05842220, 0xceff3f22, 0x40220b82, 0x0582dcff, 0xf2ff5922, 0x5a220582, 0x0582f4ff, 0x59825b20, 0x65824520, 0x5d201183, 0x45237182, 
    0x83ff6000, 0x006c2253, 0x221d820b, 0x82e6ff6e, 0xff6f2105, 0x02215f82, 0x22bf8295, 0x82100046, 0x00462223, 0x26018211, 0x001d0046, 0x8246000a, 
    0x82f320bf, 0x84232005, 0x225f8317, 0x82440046, 0x0046222f, 0x20058446, 0x20058447, 0x20058448, 0x2005844a, 0x20058452, 0x22058454, 0x82080059, 
    0x845a203b, 0x825b2047, 0x004622b9, 0x2211845c, 0x82180063, 0xff6c2217, 0x200582f1, 0x2489826e, 0x006f0046, 0x200b8219, 0x20d782cb, 0x24ef8247, 
    0x004700eb, 0x2041820d, 0x20ef8247, 0x220b8216, 0x82dbff22, 0xff3f2205, 0x220582c4, 0x82deff40, 0x82592005, 0x004722ad, 0x2095825a, 0x20dd8247, 
    0x201182f0, 0x24658263, 0x006e0047, 0x240b820d, 0x000e006f, 0x206f8249, 0x22058235, 0x8217000d, 0x82112005, 0x0049243b, 0x82c2ff12, 0x001d220b, 
    0x22058212, 0x821c0022, 0x003f2205, 0x22058250, 0x82340040, 0xff442205, 0x200582f8, 0x20058446, 0x20058447, 0x20058448, 0x2005844a, 0x224f824c, 
    0x824d0049, 0x004922ad, 0x20118452, 0x22058454, 0x821b0059, 0x845a2035, 0x005b2205, 0x200b8214, 0x220b845c, 0x821e0060, 0xff63220b, 0x200582c7, 
    0x20a7826c, 0x209b8249, 0x220b8226, 0x8237006f, 0x84782005, 0x84c72083, 0x84ca202f, 0xffcb287d, 0x014900ec, 0x822d0004, 0x00062205, 0x28058228, 
    0x002c0008, 0xff0c004a, 0x220582f3, 0x82e7ff0d, 0xff222205, 0x220582e9, 0x82e2ff3f, 0xff402205, 0x220582de, 0x821a004d, 0xff592205, 0x220582f0, 
    0x82f6ff5a, 0x845c2005, 0x0063220b, 0x200b820a, 0x2635846e, 0x00f1ff6f, 0x820a004b, 0x824b205f, 0x82eb204d, 0x820d200b, 0x004b2417, 0x82dbff22, 
    0xff3f220b, 0x830582c4, 0x004b214d, 0x4b214783, 0x21478300, 0x4783004b, 0x60004b24, 0x1d82eeff, 0xfb826320, 0x83004b21, 0x004b214d, 0x4c204d83, 
    0x0b230f82, 0x83004c00, 0x844c2047, 0x004c2147, 0x4c224783, 0x95824000, 0x47844c20, 0x47844c20, 0x47844c20, 0x83004c21, 0x844c208f, 0x854c2041, 
    0x95022541, 0x4d00f2ff, 0x0c204782, 0x47830582, 0x47844d20, 0x47844d20, 0x40004d22, 0x4d20bf82, 0x1e201982, 0x95830382, 0x4d844d20, 0x4d844d20, 
    0x4d844d20, 0x4d844d20, 0x4d844d20, 0x09004e22, 0x4e28dd82, 0xf4ff0b00, 0x0d004e00, 0x4e240182, 0xd4ff1000, 0x11200b82, 0x4e246182, 0x15001200, 
    0x1d200b82, 0x4e245382, 0xeaff2300, 0x40220b82, 0x0582e6ff, 0xf6ff4422, 0x46220582, 0x0582dcff, 0x05844720, 0x05844820, 0x05844a20, 0x05845220, 
    0x05845420, 0xf8ff5722, 0x58202382, 0x59222f84, 0x0b821400, 0x05845a20, 0x05845b20, 0x05845c20, 0x0f005d22, 0x5e221782, 0x0582f0ff, 0x16006322, 
    0x6c220582, 0x0582ddff, 0x83846e20, 0x18006f22, 0xcb280b82, 0x4e00e0ff, 0xeffff201, 0xf3200582, 0x4f2a8982, 0xebff0c00, 0x0d004f00, 0x0582e8ff, 
    0x23821120, 0x1d004f22, 0x4f244d82, 0xf2ff2200, 0x3f221182, 0x0582c4ff, 0xdeff4022, 0x44200582, 0x4f245f82, 0xf5ff5900, 0x5a200b82, 0x5b200584, 
    0x4f22d782, 0x0b845c00, 0x4f247d83, 0x1f006300, 0x6c201d82, 0x6e223b84, 0x0b82e7ff, 0xe9826f20, 0x78004f22, 0x51265382, 0xeeff0a00, 0x71845100, 
    0x71825120, 0x0b82e720, 0xdbff2222, 0x65830582, 0x83005121, 0x82512065, 0x82f0205f, 0xff5a2211, 0x200582f6, 0x22cb825c, 0x84600051, 0x82632035, 
    0x005121c5, 0x51265383, 0xf1ff6f00, 0x4d845200, 0x4d825220, 0x0b82e720, 0xe2ff0d22, 0x10200582, 0x52222382, 0x0b841100, 0xe4ff1222, 0x22201182, 
    0x3f220584, 0x0b82ceff, 0xdcff4022, 0x59200582, 0x52249b82, 0xf4ff5a00, 0x5b200b82, 0x52205982, 0xf220bf82, 0x5d200b82, 0x52207182, 0xe9206b82, 
    0x6c220b82, 0x05820b00, 0xb9826e20, 0x6b825220, 0x02215f82, 0x20298295, 0x22718253, 0x845300ed, 0x82532071, 0x82e220bf, 0x2071830b, 0x21718453, 
    0x71830053, 0x83005321, 0x00532171, 0x53207183, 0xdc20d182, 0x71832382, 0x71845320, 0x83005321, 0x84532071, 0x00532171, 0x53207183, 0x53837182, 
    0x53207183, 0xe620dd82, 0x6f242f82, 0x5300e7ff, 0xf0227182, 0x6b825400, 0x0582eb20, 0x11820d20, 0x12005424, 0x0b821500, 0xe9ff2222, 0x3f200582, 
    0x5420e382, 0xde205f82, 0x4d220b82, 0x05822a00, 0x83ff5921, 0x825a202f, 0x825420c5, 0x220b835f, 0x820a0063, 0x846e2017, 0xff6f283b, 0x005500f1, 
    0x82ecff09, 0x000d2205, 0x22058211, 0x82c4ff11, 0xff122205, 0x200582c8, 0x225b821d, 0x82220055, 0x0055222f, 0x2005843f, 0x22478240, 0x84440055, 
    0x84462005, 0x84472005, 0x84482005, 0x844a2005, 0x84522005, 0x84542005, 0x00592205, 0x2047821f, 0x2205845a, 0x8214005b, 0x845c200b, 0x845d200b, 
    0x8463204d, 0xff6c2265, 0x221782f2, 0x821c006e, 0x006f2205, 0x20058230, 0x20298478, 0x201782cb, 0x26e98256, 0x005600f3, 0x82f6ff0d, 0xff122205, 
    0x220582f5, 0x82dcff22, 0x20e98305, 0x24e98456, 0xff5d0056, 0x221182f8, 0x82eeff60, 0x00632c05, 0x0256000e, 0x00efff95, 0x82100057, 0x82572035, 
    0x821120d5, 0x821d200b, 0x00572271, 0x22ef8222, 0x823f0057, 0x825720ef, 0x82df203b, 0x84442017, 0x8446200b, 0x84472005, 0x84482005, 0x844a2005, 
    0x84522005, 0x84542005, 0x84592005, 0x845a2041, 0x005b2205, 0x203b8212, 0x220b845c, 0x82170063, 0xff6c220b, 0x220582ed, 0x8210006e, 0x82cb2005, 
    0x82582077, 0x00ec22b9, 0x20b98258, 0x220582e7, 0x82e9ff22, 0xff3f2205, 0x220582c4, 0x82e3ff40, 0xff592205, 0x200582f0, 0x2029845a, 0x200b845c, 
    0x234d8263, 0xff6e0058, 0x6f202f83, 0x5922a782, 0x1d820900, 0x0d005922, 0x592a5382, 0xc8ff1100, 0x12005900, 0x0582d8ff, 0x0f001d22, 0x47830582, 
    0x44005922, 0x46222384, 0x1182f2ff, 0x05844720, 0x05844820, 0x05844a20, 0x05845220, 0x05845420, 0x14005922, 0x5a202382, 0x5b220584, 0x0b821800, 
    0x0b845c20, 0x61825d20, 0x63005924, 0x1182d7ff, 0x15006e22, 0x6f220582, 0x05822700, 0x11007822, 0xcb200582, 0x5a20d782, 0x5a208984, 0x11222782, 
    0x8d825a00, 0x05820820, 0xcbff1122, 0x12220582, 0x0582deff, 0x13821d20, 0x40005a24, 0x0b82e4ff, 0x8f824420, 0x46005a24, 0x0b82f4ff, 0x05844720, 
    0x05844820, 0x05844a20, 0x05845220, 0x05845420, 0x5a208f83, 0x14202582, 0x5b200382, 0x5a218982, 0x248f8300, 0x005d005a, 0x2211820e, 0x82e5ff63, 
    0x826e2005, 0x005a24a7, 0x8228006f, 0x0078220b, 0x20058213, 0x20cb82cb, 0x248f825b, 0x005b00ec, 0x2047820b, 0x2095825b, 0x210b820d, 0x1183ff10, 
    0x23821120, 0x12005b22, 0x5b22c582, 0x47821d00, 0x23005b22, 0x5b208f82, 0xe3209b82, 0x44222382, 0x0582e8ff, 0x05844620, 0x05844720, 0x05844820, 
    0x05844a20, 0x05845220, 0x05845420, 0x77825920, 0x9b845b20, 0x31825b20, 0x03822020, 0x11845c20, 0x5f845d20, 0x77845e20, 0x65846320, 0xa7826c20, 
    0x6e005b24, 0x23820f00, 0x1c006f22, 0xcb280582, 0x5b00e9ff, 0xf3fff201, 0xf3220582, 0xd582eeff, 0x83820920, 0xa7825c20, 0x0b821020, 0xc8ff1122, 
    0x12220582, 0x0582d8ff, 0x35821d20, 0x9b845c20, 0x44005c22, 0x46202384, 0x5c22dd82, 0x05844700, 0x05844820, 0x05844a20, 0x05845220, 0x05845420, 
    0x14005922, 0x5a203b82, 0x5b200584, 0x5c209582, 0x11830d82, 0x61825d20, 0x63005c24, 0x0f82d7ff, 0x9b826e20, 0x6f005c24, 0x0b822000, 0x11007822, 
    0xcb240582, 0x5d00edff, 0x18200982, 0x12220582, 0x05820a00, 0x05841d20, 0xf5ff2222, 0x40220b82, 0x0582e4ff, 0xf1ff4422, 0x46200582, 0x47200584, 
    0x48200584, 0x4a200584, 0x52200584, 0x54200584, 0x59220584, 0x29821300, 0x05845a20, 0x16005b22, 0x5c200b82, 0x60220b84, 0x0b82f4ff, 0x1c006322, 
    0x6c220582, 0x0582f0ff, 0xe3826e20, 0x89825d20, 0x0b821a20, 0x71827820, 0x26005e22, 0x5e222382, 0x1d822a00, 0x32005e22, 0x34200584, 0x60280584, 
    0x5e005a00, 0xeaffb101, 0xb2220582, 0x0582eeff, 0x1b00b422, 0xb5220582, 0x0582daff, 0xdcffb722, 0xb8200582, 0x5e225982, 0x8382b901, 0xc5025e28, 
    0x5e00f2ff, 0x7782d402, 0xd6025e24, 0x0b821800, 0x1184db20, 0xe9ffde22, 0xe1200b82, 0xe2200584, 0xe3201d84, 0xe4220584, 0x1782e5ff, 0x0b84e520, 
    0xebffef22, 0xf0220b82, 0x0582efff, 0x3584f120, 0x8383f220, 0x84f40221, 0x84f5201d, 0x84f7201d, 0x84f82017, 0x84fa2017, 0x83fc2005, 0xfd022195, 
    0xfe200b84, 0xff202384, 0x03210b83, 0x210b8301, 0x2f830203, 0x83030321, 0x040329b3, 0x5e00e4ff, 0xe7ff0703, 0x08200582, 0x09222384, 0x0b82f5ff, 
    0x23840a20, 0x47830d20, 0x840e0321, 0x840f2017, 0x0012220b, 0x201d8214, 0x218f8314, 0x17841503, 0x40001822, 0x1b201182, 0x1f201784, 0x45223b84, 
    0x1182e3ff, 0x59844620, 0x65844b20, 0x2f847220, 0x41847620, 0x0c007e22, 0x9e201d82, 0xa1201d84, 0xa3220584, 0x11820e00, 0xecffa522, 0xa8200582, 
    0xab201184, 0xac202384, 0xb0221184, 0x17821e00, 0x2600b122, 0xb2200582, 0xb3201184, 0xb5221184, 0x1182f4ff, 0xd184b620, 0xe2ffb822, 0xb9200b82, 
    0xba206584, 0xbc22b984, 0x1182deff, 0x7184be20, 0x0b84bf20, 0xa184c020, 0x0b84c120, 0x2f84c220, 0xdcffc422, 0xc5202382, 0xc7201184, 0xc8200b84, 
    0xca200584, 0xcb206584, 0xcc208984, 0xcd202984, 0xce202384, 0x60284d82, 0xf3ff2d00, 0x37006000, 0x39200b84, 0x60227182, 0x11843b00, 0xf1ff3c22, 
    0xa1201782, 0x01210b83, 0x288382b2, 0xffb30160, 0x016000f0, 0x220b84b5, 0x82f6ffb7, 0xffb8260b, 0x026000f5, 0x211183c5, 0x2983c802, 0x83d00221, 
    0xd4022117, 0x02212983, 0x201184d6, 0x215383d7, 0x5f83db02, 0x84e20221, 0x82e32005, 0x026022e3, 0x201d84e5, 0x229b82ed, 0x83ef0260, 0xf402216b, 
    0xf6204d84, 0xfb201784, 0x03210583, 0x2947834b, 0x0c005a03, 0x7d036000, 0x0582eaff, 0x6b837e20, 0x839e0321, 0xa3032165, 0x03213583, 0x220b84a8, 
    0x82edffaf, 0x83b0201d, 0xb103215f, 0xb3203584, 0x632a4182, 0x15002400, 0x26006300, 0x0582dfff, 0x05842a20, 0x16002d22, 0x32200b82, 0x34200b84, 
    0x36220584, 0x11820a00, 0xb4ff3722, 0x38200582, 0x63248f82, 0x83ff3900, 0x3a200b82, 0x3b221184, 0x0b821700, 0x94ff3c22, 0x3d220582, 0x05821400, 
    0x2f844420, 0x05844520, 0x05844920, 0x05844b20, 0x05844c20, 0x1f004d22, 0x4e202382, 0x4f200b84, 0x51200584, 0x53200584, 0x55200584, 0x56220584, 
    0x23820b00, 0x0b845820, 0xd7ff5922, 0x5a220b82, 0x0582e3ff, 0xad845b20, 0x11845c20, 0x18005d22, 0xa1201182, 0x6c207d82, 0x0b26c582, 0x2d006c00, 
    0x05821100, 0xbdff3722, 0x39200582, 0x6c24f582, 0xe5ff3c00, 0x3d220b82, 0x05820c00, 0x1d845920, 0x05845a20, 0x05845c20, 0x08005d26, 0xb1016c00, 
    0x6c246582, 0x1000b401, 0xb8220b82, 0x0582ebff, 0x0e00ba26, 0xc8026c00, 0x02212383, 0x228982d0, 0x83e2026c, 0xfb022753, 0x6c000f00, 0x05842203, 
    0x05842a20, 0xedff4b22, 0x4c201182, 0x03212383, 0x20118459, 0x200b845a, 0x2005849e, 0x200584a1, 0x217d83a3, 0x0b84a803, 0x4783b020, 0x83b10321, 
    0xb8032195, 0x03215f83, 0x21a783b9, 0x0b84c203, 0x4184c920, 0x1184cb20, 0x0582ce20, 0x24006e2a, 0x6e00aeff, 0xe2ff2600, 0x2a200582, 0x2d220584, 
    0x0b82a1ff, 0xecff3022, 0x32200582, 0x34201184, 0x36200584, 0x6e24bf82, 0x13003700, 0x38221782, 0x05821200, 0x1c003922, 0x3a220582, 0x05822100, 
    0xd1823b20, 0x3c006e24, 0x0b821a00, 0x16003d22, 0x44220582, 0x0582e4ff, 0xe0ff4622, 0x47220582, 0x0582d6ff, 0x0b844820, 0x05844a20, 0x11845220, 
    0x0b845420, 0x6b845620, 0xc5825920, 0x5a006e22, 0x5c200584, 0xa1220584, 0x35823dff, 0xbaffcb26, 0xb4016e00, 0x01231183, 0x82beffb5, 0xffb7220b, 
    0x220582e7, 0x821800b8, 0x82ba2005, 0x026e22f5, 0x219b83c5, 0xb983c802, 0x83d00221, 0xd40227d1, 0x6e00c9ff, 0x3583d602, 0xffdb0223, 0x200b82c4, 
    0x216583dc, 0xcb83de02, 0x83e20221, 0xe40223c5, 0x1782f4ff, 0xb983e520, 0x84e70221, 0x83f02041, 0xf40223b3, 0x1782d5ff, 0x9b83f520, 0xfffb0223, 
    0x220b82d2, 0x82f2fffc, 0x83fe2005, 0x010329b3, 0x6e00e3ff, 0xcbff0403, 0x0f200582, 0x03215383, 0x23418312, 0xe9ff1403, 0x15201182, 0x1b201184, 
    0x46201184, 0x03234d83, 0x820f004b, 0xff712217, 0x2205829b, 0x82f0ff72, 0xff762205, 0x200582f6, 0x21a7839e, 0x0584a103, 0x1600a322, 0xa5201182, 
    0x03219b83, 0x221184a8, 0x820a00ab, 0x84ac2011, 0x83b02011, 0xb10323ad, 0x11821a00, 0x1184b220, 0x5f84b320, 0x0b84b520, 0xd8ffb622, 0xb8201782, 
    0x0321e983, 0x201184b9, 0x208384ba, 0x200584bb, 0x220584bd, 0x821e00c0, 0x84c22023, 0x84c32023, 0x84c42011, 0xffc622cb, 0x201782ce, 0x200b84c7, 
    0x200584c8, 0x227784c9, 0x82c4ffcb, 0x84cd2017, 0x82ce2029, 0x006f2a53, 0x009eff24, 0xff26006f, 0x200582db, 0x2205842a, 0x8297ff2d, 0x8432200b, 
    0x8434200b, 0x82362005, 0x006f242f, 0x82110037, 0x00382217, 0x2205820d, 0x821b0039, 0x003a2205, 0x2005821d, 0x22b3823b, 0x823c006f, 0x006f22e9, 
    0x2223843d, 0x82c1ff44, 0xff452217, 0x220582f6, 0x82b8ff46, 0x84472005, 0x84482005, 0xff492205, 0x201182ed, 0x200b844a, 0x2023844b, 0x2005844c, 
    0x2005844e, 0x2005844f, 0x22b38251, 0x8452006f, 0x84532023, 0x8454200b, 0x8455200b, 0xff56220b, 0x224182b3, 0x82dfff58, 0x84592005, 0x845a202f, 
    0x845c2005, 0x845d2005, 0xffa12217, 0x201d827f, 0x28b984ba, 0x00b7ffcb, 0xffb5016f, 0x200582b2, 0x232383b6, 0xdcffb701, 0xb8260b82, 0x6f001400, 
    0x2383c502, 0x83c80221, 0xd00223f5, 0x11829eff, 0xc2ffd422, 0xdb220582, 0x0582beff, 0xdbffde22, 0xe1220582, 0x0582eeff, 0xdd83e220, 0xffe40223, 
    0x200b82e7, 0x23f583e5, 0xf3ffef02, 0xf0200b82, 0x0223ef83, 0x82ebfff2, 0xfff4220b, 0x220582c6, 0x82cffff5, 0xfff72205, 0x200582f1, 0x201784f8, 
    0x200584fa, 0x225984fb, 0x82e1fffc, 0x84fd2017, 0x83fe2011, 0xff0221d7, 0x03270b83, 0x00e8ff00, 0x8301036f, 0x0403233b, 0x0b82bbff, 0x17840820, 
    0x05840920, 0xf2ff0d22, 0x0e201182, 0x03238983, 0x82daff0f, 0xff14220b, 0x220582d3, 0x82b3ff15, 0x841f2005, 0x84452023, 0x8446201d, 0x004b2241, 
    0x2217820c, 0x82f4ff5a, 0xff712205, 0x22058294, 0x82e2ff72, 0x84752005, 0xff762211, 0x220b82e5, 0x82efff7e, 0x839e2005, 0xa10321f5, 0xa3200584, 
    0x0321e383, 0x21f583a5, 0x1184a803, 0x0b84ac20, 0x1784b020, 0x1600b122, 0xb2202f82, 0xb3221184, 0x0b820e00, 0xf0ffb522, 0xb6220582, 0x0582a6ff, 
    0xecffb722, 0xb8220582, 0x0582f6ff, 0xceffb922, 0xba220582, 0x0582baff, 0xf5ffbb22, 0xbc220582, 0x0582d6ff, 0x8384bd20, 0x2984be20, 0x1184bf20, 
    0x1e00c022, 0xc1201782, 0xc2200b84, 0xc3223b84, 0x1182d8ff, 0xb8ffc422, 0xc5200582, 0xc6221784, 0x0b829cff, 0x1184c720, 0x9affc822, 0xca220b82, 
    0x0582edff, 0x92ffcb22, 0xcd200582, 0xce206b84, 0x78226b82, 0x8f822400, 0x26007828, 0x78000a00, 0x05842a00, 0x71822d20, 0x32007822, 0x34200b84, 
    0x36200584, 0x78247d82, 0xb5ff3700, 0x39222382, 0x0582d7ff, 0x4d823a20, 0x3b007824, 0x0b82daff, 0xb0ff3c22, 0x3d220582, 0x0582e8ff, 0x2f844420, 
    0x05844620, 0x05844720, 0x05844820, 0x05844a20, 0x05845220, 0x05845420, 0xe4ff5b22, 0x5d222f82, 0x0582efff, 0xd4ffa122, 0xcb200582, 0x01291783, 
    0x001100b1, 0xffb20178, 0x220582d2, 0x82ddffb3, 0x83b42005, 0xb5012359, 0x0b821300, 0x0e00b722, 0xb8220582, 0x0582c9ff, 0xfb82ba20, 0xc5027822, 
    0x02219b83, 0x21b383c8, 0xcb83d002, 0xffd40229, 0x027800f1, 0x82d3ffd6, 0x83d72005, 0xdb02233b, 0x0b82eeff, 0x5f83de20, 0x83e20221, 0xe30223c5, 
    0x1182dfff, 0xbf83e520, 0xffed0223, 0x200b82e1, 0x202984ef, 0x202984f4, 0x219b83f6, 0x4d84fb02, 0x3583fe20, 0x83050321, 0x0d032911, 0x7800f4ff, 
    0xc0ff4b03, 0x71220582, 0x0582e9ff, 0xe3ff7d22, 0x7e200582, 0x03213b83, 0x212f839e, 0x0584a103, 0x1184a320, 0x3b84a520, 0x1184a820, 0x0b84ac20, 
    0xe6ffaf22, 0xb0202f82, 0x03238383, 0x82b0ffb1, 0x84b2200b, 0x83b32017, 0xc4032189, 0xc7200b84, 0xc8200584, 0xcc200584, 0x7c287782, 0xc1ff3700, 
    0x39007c00, 0x7c22b382, 0xf5823a00, 0x3c007c2a, 0x7e00cfff, 0xf5ffb101, 0xb2200582, 0x7e225382, 0x9b82b301, 0xb7017e24, 0x1182efff, 0xf3ffba28, 
    0xb1018000, 0x05820d00, 0x1000b322, 0xb4220582, 0x05821d00, 0x5382b720, 0xb8018024, 0x0b822400, 0x0b84b920, 0x0582ba20, 0x29829220, 0x92002124, 
    0xd182b201, 0x47829220, 0x0b82d420, 0xeeffb422, 0xb5220582, 0x05820e00, 0x1b00b722, 0xb8220582, 0x0582d5ff, 0x5382ba20, 0x24009a2a, 0x9a00d6ff, 
    0xe1ff2500, 0x26220582, 0x0582d8ff, 0x0b842720, 0x05842820, 0x05842920, 0x17842a20, 0x0b842b20, 0x05842c20, 0xc9ff2d22, 0x2e202982, 0x2f200b84, 
    0x30220584, 0x1182ecff, 0x0b843120, 0x2f843220, 0x0b843320, 0x0b843420, 0x0b843520, 0xdeff3622, 0x37222382, 0x058297ff, 0xdfff3822, 0x39220582, 
    0x0582c2ff, 0x83843a20, 0x0b843b20, 0xb2ff3c22, 0x3d221182, 0x0582ceff, 0xd9ff4422, 0x45200582, 0x46202984, 0x47204784, 0x48200584, 0x49200584, 
    0x4a201784, 0x4b200b84, 0x4c200b84, 0x4d220584, 0x35824500, 0x0b844e20, 0x05844f20, 0x05845120, 0x29845220, 0x0b845320, 0x0b845420, 0x0b845520, 
    0xdbff5622, 0x57202f82, 0x58229b84, 0x0b82daff, 0xe9ff5922, 0x5a200582, 0x5b200584, 0x5c22b984, 0x11820f00, 0x2f845d20, 0xb8ffa122, 0xba200b82, 
    0xcb260b84, 0x9a00d5ff, 0x23822801, 0x0c00b928, 0xb900e8ff, 0x29821000, 0x1100b924, 0x0b82c8ff, 0xc3ff1222, 0x1d220582, 0x05820c00, 0xe5ff2222, 
    0x24220582, 0x0582e4ff, 0xd7ff2d22, 0x37220582, 0x0582ecff, 0xeaff3922, 0x3a220582, 0x0582f6ff, 0xddff3b22, 0x3c200582, 0xb9228382, 0x7d823d00, 
    0x3f00b922, 0x40202384, 0x44221784, 0x1d82f8ff, 0x11846020, 0x65846c20, 0xcbffa128, 0xd401b900, 0x0582edff, 0x7d83d620, 0xffd90123, 0x220b82ee, 
    0x82e0ffda, 0x83dc2005, 0xdd012159, 0x01277d83, 0x00ebffec, 0x830e02b9, 0x1c022111, 0x7d200b84, 0x02214783, 0x28058495, 0x00f5ff9e, 0xff0a00ba, 
    0x830582db, 0x00ba24c5, 0x82b6ff0d, 0x0010220b, 0x22058207, 0x82d3ff22, 0x843e2005, 0xff3f2223, 0x200b82ce, 0x22478240, 0x825900ba, 0x00ba2295, 
    0x22fb825a, 0x825b00ba, 0x00ba22bf, 0x2011845c, 0x221d8460, 0x82c1ff6e, 0xff6f2629, 0x02ba00c6, 0x24a1821f, 0xff7e02ba, 0x200b82e6, 0x20a78295, 
    0x249382cb, 0x00cb0010, 0x24078210, 0xff1100cb, 0x200b82e2, 0x241d8212, 0x002200cb, 0x220b8213, 0x8214003f, 0x00402205, 0x22058216, 0x820a0060, 
    0x846c2005, 0x846e2029, 0x826f2005, 0x82d9201d, 0x00e724ad, 0x820c00d9, 0x82d920cb, 0x82f120ad, 0x8412200b, 0xff22210b, 0x40201783, 0xd9205382, 
    0xf620a182, 0x5b221782, 0x0582f4ff, 0xa1825c20, 0x6000d922, 0xd9228982, 0xf5826e00, 0x6f00d928, 0xd900f0ff, 0x05829502, 0x6382ea20, 0xea001922, 
    0x3c205d82, 0x10200582, 0xea201d82, 0xe7209582, 0x1d220b82, 0x0582ffff, 0x23002222, 0x3f220582, 0x05825a00, 0x46004022, 0x44200582, 0xea244782, 
    0x11004500, 0x46220b82, 0x0582d9ff, 0x05844720, 0x05844820, 0x05844a20, 0x1b004b22, 0x4c221782, 0x05821200, 0x05844d20, 0x11844e20, 0x05844f20, 
    0x41845120, 0x29845220, 0x0b845320, 0x0b845420, 0x0b845520, 0xe3ff5622, 0x57223582, 0x05820800, 0xf2ff5822, 0x59220582, 0x05822000, 0x05845a20, 
    0x1f005b22, 0x5c220b82, 0x05822800, 0x18005d22, 0x60200582, 0x6e229584, 0x0b821400, 0x19006f22, 0xbf200582, 0xc7223b84, 0x0b822f00, 0x4700c922, 
    0xca280582, 0xea007600, 0x65000401, 0x06220582, 0x05825600, 0x5e00082e, 0x4d002801, 0x29011100, 0xe6ff0a00, 0x0d220582, 0x0582f0ff, 0xeeff2222, 
    0x6e220582, 0x0582ebff, 0xedff6f28, 0x0400b101, 0x05820f00, 0xf2ff0c22, 0x10220582, 0x05821e00, 0xecff1122, 0x12220582, 0x0582d3ff, 0x0c001d22, 
    0x3f200582, 0x40201184, 0xb1223582, 0x05846000, 0x59826c20, 0x6f00b124, 0x1d820a00, 0x05837820, 0xffb30129, 0x01b101f1, 0x82f6ffb4, 0x84b52005, 
    0xffb82611, 0x00b201f4, 0x22598206, 0x820800b2, 0x82b22077, 0x82e72089, 0x820b2011, 0x00b22241, 0x221d840c, 0x82e9ff0d, 0x84122011, 0x84232011, 
    0xff3e2223, 0x201182ea, 0x2205845e, 0x82f3ff6c, 0x827d200b, 0x00b22253, 0x2105838b, 0x2383b201, 0x17826b82, 0x84b50121, 0x84b6200b, 0x82b82017, 
    0x01b2287d, 0x01f5ffb9, 0x82ba01b2, 0x82b32011, 0x01f32277, 0x207182b3, 0x220582f6, 0x82efff0b, 0xff102205, 0x200582f0, 0x22b98211, 0x843e00b3, 
    0x843f2023, 0x82402005, 0x00b322a1, 0x200b845e, 0x200b8460, 0x2295826c, 0x827d00b3, 0x01b3265f, 0x011000b4, 0x206b82b3, 0x200982f6, 0x20b38208, 
    0x205382b4, 0x200b82e2, 0x204d820b, 0x20c582b4, 0x200b82e7, 0x8235820d, 0x16002127, 0x11220b82, 0x0582ecff, 0xddff1222, 0x3e200582, 0xb4229582, 
    0x11843f00, 0xe8ff4022, 0x5e201182, 0x60201184, 0x8b210b84, 0x824782ff, 0x825982d1, 0x01f123d1, 0xcb8301b4, 0xb801b422, 0xb4208982, 0xb526c584, 
    0xe7ff0800, 0x7184b501, 0x6b82b520, 0x0b82f420, 0xeaff0d22, 0x10220582, 0x05822600, 0x0d001122, 0xc5830582, 0x6c00b524, 0x0b821700, 0xad827d20, 
    0x8300b521, 0x01b52659, 0x010c00b1, 0x205f82b5, 0x820582ef, 0x220582a9, 0x821200b5, 0x84b72005, 0x82b92017, 0x82b6203b, 0x01f6225f, 0x835f82b6, 
    0x820b2005, 0x00b621c5, 0xb6245f83, 0x1a001000, 0x11201782, 0xb6228982, 0xad821200, 0x8300b621, 0x00b621cb, 0xb620bf83, 0x2f825f82, 0xec225982, 
    0x7382b601, 0xb7010822, 0xf4204782, 0x0a220582, 0x0582f6ff, 0x2f820d20, 0x4182b720, 0x0b822520, 0xefff1222, 0x3f200582, 0x6c221784, 0x0b821100, 
    0x05847d20, 0x11838b20, 0xf2224182, 0x4182b701, 0xb8010d24, 0x7d820600, 0x0800b824, 0x0b821600, 0x0a000a22, 0x0b220582, 0x0582e6ff, 0x11840c20, 
    0xdbff1022, 0x11220b82, 0x0582b4ff, 0x9dff1222, 0x1d220582, 0x0582edff, 0xd6ff2322, 0x3e220582, 0x0582f4ff, 0x28003f22, 0x40220582, 0x05821b00, 
    0x11845e20, 0x0b846020, 0xc6ff6c22, 0x6e221182, 0x05821c00, 0xd7826f20, 0x7800b824, 0x0b82eeff, 0xd2ff7d22, 0x8b260582, 0xb8011e00, 0x2f83b101, 
    0x00b30123, 0x220b820e, 0x821400b4, 0xffb52205, 0x200582c8, 0x239583b6, 0xddffb701, 0xb8250b82, 0xb9011300, 0x22e38300, 0x820c00b9, 0x82b9202f, 
    0x821c20e3, 0x00112211, 0x2205820c, 0x82f1ff12, 0x843f2005, 0x82402005, 0x00b922dd, 0x20058460, 0x24cb826c, 0x006e00b9, 0x201d820d, 0x2429846f, 
    0x0108007d, 0x22f582b9, 0x82ba010c, 0x820a20ef, 0x20538305, 0x205382ba, 0x200b82ea, 0x227d8210, 0x821100ba, 0x00ba24ef, 0x82ccff12, 0x823f2011, 
    0x00ba2447, 0x82edff40, 0x8460200b, 0x22538305, 0x826f00ba, 0x00ba2159, 0xba224d83, 0x8f82b401, 0xb601ba22, 0xd32a2982, 0x11002400, 0x2600d301, 
    0x0582f5ff, 0x05842a20, 0x95823220, 0x3400d322, 0x39200584, 0xd3228982, 0x23843b00, 0x0f003c22, 0xa1202382, 0x01270b83, 0x015000d4, 0x83d002d3, 
    0xd402230b, 0x0b821c00, 0x0b84d620, 0xeaffde22, 0xe1220b82, 0x0582eeff, 0xe0ffe422, 0xe5200582, 0x03291783, 0x01100025, 0xff4503d3, 0x200582e2, 
    0x2147834b, 0x17847103, 0x29837520, 0x849e0321, 0x2159840b, 0x4183a503, 0x84a80321, 0x84ac2011, 0x84b1200b, 0x83b2202f, 0xb303214d, 0xd4221782, 
    0xd7822400, 0x2d00d422, 0xd422c582, 0x0b843900, 0xf0ff3b22, 0x3c209382, 0xa1260b84, 0xd401ebff, 0x1d83c802, 0x83d00221, 0xd6022111, 0xd7221184, 
    0x1782f2ff, 0x7182e320, 0xe502d422, 0xed201184, 0xef201d84, 0x03210583, 0x20058425, 0x2005844b, 0x271d8371, 0xf1ff7d03, 0x9e03d401, 0xa1201184, 
    0x03233583, 0x82f3ffa3, 0x84a82011, 0xffaf220b, 0x200b82f5, 0x201d84b1, 0x202f84b3, 0x205f82b4, 0x269582d5, 0x00d501e2, 0x82d9ff37, 0x003a2205, 
    0x2205820c, 0x82e7ff3b, 0xff3c2205, 0x200582e9, 0x2023843d, 0x821183a1, 0x01e024a1, 0x82d402d5, 0x82d5203b, 0x82d220a1, 0xffdb220b, 0x200582e3, 
    0x200584e2, 0x221784e3, 0x82dfffe5, 0x84ea2011, 0xffed280b, 0x03d501ec, 0x82e2ff4b, 0x83712005, 0x20a18217, 0x200b82ef, 0x231d83a3, 0xe1ffaf03, 
    0xb0200b82, 0x03213b83, 0x202384b1, 0x282384b3, 0x011900b5, 0xff2400d6, 0x220582cf, 0x82e8ff26, 0x842a2005, 0xff2d2205, 0x200b82bb, 0x22c58230, 
    0x843200d6, 0x84342011, 0x00372205, 0x22178215, 0x821a0039, 0x843a2005, 0x843b200b, 0x003c2205, 0x2411821d, 0x01b4ffa1, 0x82b982d6, 0xd002233b, 
    0x0b82c8ff, 0xc5ffd422, 0xd6200582, 0x02236583, 0x82c3ffdb, 0x83dc200b, 0xde022153, 0x02214d83, 0x200584e1, 0x214183e2, 0x0584e302, 0xe9ffe422, 
    0xe5202382, 0xe7220b84, 0x0b820a00, 0x0b84ea20, 0x1783ef20, 0x00250327, 0x03d6011c, 0x21358345, 0x71834b03, 0x83710321, 0x9e032171, 0x03236b83, 
    0x82cdffa1, 0x84a5201d, 0x84a8201d, 0x83a92011, 0xab03236b, 0x17820d00, 0x1784ac20, 0x4d83b020, 0x84b10321, 0x84b2203b, 0x84b32053, 0xffb52811, 
    0x00d701ea, 0x82e7ff24, 0xff2d2205, 0x220582e4, 0x82ebff3b, 0xff3c2205, 0x240582f0, 0x01d1ffa1, 0x82d782d7, 0x20d78217, 0x200b82e6, 0x221d83d4, 
    0x83ffd602, 0xffd7220b, 0x201182ef, 0x213b83db, 0x1784e302, 0x4183e520, 0x83ed0221, 0x4b032153, 0x03254183, 0x01f6ff60, 0x82ad82d7, 0x7d032147, 
    0xd7209582, 0x3b82b382, 0xe820b382, 0xa8201782, 0x03214783, 0x201784af, 0x202f84b1, 0x284182b3, 0x002400d8, 0x00d8011f, 0x24598226, 0xff2a00d8, 
    0x220b82e3, 0x820c002d, 0x84322005, 0x8434200b, 0x82372005, 0x00d824d7, 0x82edff38, 0x84392017, 0x843a2005, 0x843b2011, 0x823c203b, 0x00d8249b, 
    0x8212003d, 0x83a1201d, 0xda012711, 0xd8015a00, 0x4783c802, 0x83d00221, 0xd4022311, 0x11821a00, 0x0b84d620, 0x2983db20, 0xffde0223, 0x221182dc, 
    0x82e0ffe1, 0x83e22005, 0xe402234d, 0x0b82dbff, 0x2384e520, 0xdeffe722, 0xea200b82, 0xef261784, 0xd8010f00, 0x77832503, 0xff450323, 0x200b82d9, 
    0x2171834b, 0x11845903, 0x2f837120, 0x83750321, 0x9e032147, 0x83840b84, 0x83a30321, 0xa5032165, 0x03216583, 0x201784a8, 0x201184ab, 0x221184ac, 
    0x821400af, 0x83b02047, 0xb103215f, 0xb2204d84, 0x03217d83, 0x222984b3, 0x82d2ffb4, 0x82b5201d, 0x00d92a77, 0x011c0024, 0xff2600d9, 0x220582ea, 
    0x82e9ff2a, 0x822d2005, 0x00d9223b, 0x223b8232, 0x843400d9, 0xff372205, 0x221782c5, 0x82eeff38, 0xff392205, 0x220582cf, 0x82e3ff3a, 0x843b2005, 
    0xff3c223b, 0x200b82c1, 0x204d843d, 0x211183a1, 0x4183c802, 0x84d00221, 0x00d4260b, 0x02d9012c, 0x220b84d6, 0x820b00d7, 0x00db220b, 0x20058210, 
    0x215983de, 0x7783e102, 0x83e20221, 0xe402235f, 0x1782e2ff, 0x2984e520, 0xd5ffe722, 0xea220b82, 0x0582cdff, 0x0c00ef28, 0x2503d901, 0x0582c8ff, 
    0x35834520, 0xff4b0323, 0x220b82ba, 0x82deff59, 0x83712005, 0x7503232f, 0x0b82ecff, 0x0d007d22, 0x9e200582, 0x89841184, 0x83a30321, 0xa5032195, 
    0xa8203584, 0xab201784, 0xac201184, 0xaf221184, 0x2f821100, 0x7d83b020, 0x84b10321, 0x83b22053, 0xb3032183, 0xb4222984, 0x1d82ccff, 0x7d82b520, 
    0x9b82da20, 0xda01f326, 0xf6ffed02, 0xef200582, 0x03290583, 0x01f1ff45, 0xffb203da, 0x280582f3, 0x01f2ffb4, 0x002400db, 0x2205821f, 0x82efff26, 
    0x842a2005, 0x822d2005, 0x00db223b, 0x200b8432, 0x20058434, 0x2223843b, 0x8212003d, 0x83a12023, 0xdc01270b, 0xdb015a00, 0x2983c802, 0x83d00221, 
    0xd4022311, 0x11821a00, 0x0b84d620, 0x2983db20, 0x82de0221, 0x02db22ad, 0x220584e1, 0x82e4ffe4, 0x84e5201d, 0x82ef201d, 0x82db20cb, 0x21118289, 
    0x11837103, 0x83750321, 0x9e032123, 0x5f840b84, 0x83a30321, 0xa5032141, 0xa8201784, 0xab201784, 0xac201184, 0xaf241184, 0xdb011400, 0x4183c582, 
    0x1d84b320, 0xecffb422, 0xb5201182, 0xdc225982, 0xe9822400, 0x2d00dc22, 0x37200584, 0xdc22ef82, 0x0b843900, 0x05843b20, 0x0583a120, 0x84c80221, 
    0x84d02005, 0x83d42005, 0xd6022123, 0xd7260b84, 0xdc01f3ff, 0x1184db02, 0x0584e220, 0xf0ffe322, 0xe5201182, 0xea201d84, 0xed281184, 0xdc01ebff, 
    0xf5ff2503, 0x59220582, 0x05820e00, 0x1d837120, 0xff7d0323, 0x200b82f2, 0x840b849e, 0xa3032165, 0xa8202384, 0xaf201184, 0x03214783, 0x214183b0, 
    0x1182b303, 0x3700dd28, 0xdd010b00, 0x0584d402, 0x0583e220, 0x00590327, 0x03dd0113, 0x200b82b0, 0x22c582e1, 0x82e101ec, 0x82d620c5, 0xff372205, 
    0x200582e1, 0x24e38239, 0xff3b00e1, 0x220b82dc, 0x82d0ff3c, 0xff3d2205, 0x240582ed, 0x01caffa1, 0x82d182e1, 0xd0022129, 0x02212383, 0x822f83d4, 
    0x232382d1, 0xe7ffd702, 0xdb221d82, 0x0582ddff, 0x1784e220, 0x0584e320, 0xd4ffe522, 0xea221182, 0x0582deff, 0xe0ffed24, 0xd182e101, 0x03217182, 
    0x2159834b, 0x53837103, 0xe520d182, 0x9e201782, 0x03235383, 0x82efffa1, 0xffa3220b, 0x200582e6, 0x201184a8, 0x828983af, 0x219b82d1, 0x3584b103, 
    0x5382b320, 0x2400e52a, 0xe5011700, 0xf2ff2600, 0x2a200582, 0x2d220584, 0x0b821a00, 0x0b843220, 0x05843420, 0x0c003622, 0x39221182, 0x0582f6ff, 
    0xf3ff3a22, 0x3b220582, 0x05821400, 0x11843c20, 0x0d003d22, 0xa1200b82, 0xe8261182, 0xf4ff3a00, 0xf582e801, 0xe901f324, 0x1d825b00, 0x0582f320, 
    0xf301f424, 0x0b821e02, 0x2a00f622, 0xf6281d82, 0xf1ff3200, 0x3400f601, 0x46200584, 0x47201184, 0xf6225382, 0x05844800, 0xf0ff4a22, 0x52201d82, 
    0xf6247782, 0xf5ff5400, 0x57200b82, 0x58203b84, 0xcb201184, 0x01270b83, 0x01edfff3, 0x83fb01f6, 0x0102212f, 0x02211183, 0x20058417, 0x221182a4, 
    0x823900fa, 0x82fa2053, 0x01f02683, 0xff3c00fa, 0x240582ea, 0x01efffa1, 0x20e382fb, 0x220582f0, 0x82eeff2a, 0x84322005, 0x84342005, 0xff372205, 
    0x201182cb, 0x205f8238, 0x203b82fb, 0x220b82d0, 0x82dfff3a, 0xff3c2205, 0x220582d2, 0x82deff59, 0xff5a2205, 0x240582e3, 0x01dcff5c, 0x827d82fb, 
    0x22778441, 0x821602fb, 0x82fb20c5, 0x01f1267d, 0xff7d02fb, 0x200582cd, 0x2929837e, 0xe9ffa402, 0x59000002, 0x0582f1ff, 0xf4ff5c2e, 0x7e020002, 
    0x0502f0ff, 0xedff2400, 0x2d220582, 0x0582eeff, 0xddffa124, 0x71820702, 0x0582ee20, 0xebff3c28, 0x4a000c02, 0x0582f6ff, 0x0221e382, 0x2c65820c, 
    0x020c02f4, 0x02efff95, 0xff2a000e, 0x200582f5, 0x20058432, 0x82058334, 0x02f3281d, 0x000f020e, 0x82160229, 0x82f02053, 0x822d2005, 0x0016266b, 
    0x02e2ffa1, 0x22358216, 0x821702f4, 0x82ee2017, 0x822d2005, 0x82172077, 0x82f22065, 0x823b200b, 0x0017244d, 0x82ecff3c, 0x2929830b, 0xff0e0217, 
    0x021702f3, 0x1d82ff1c, 0x0583bf82, 0xa1829520, 0xb9821c20, 0x1c02eb24, 0xa7825a00, 0x5b001c22, 0x5c200584, 0x1c22a182, 0x0b831f02, 0xe922cb82, 
    0x65821c02, 0x1d02e724, 0xb3822600, 0xa1821d20, 0x0b82f620, 0x47823220, 0x34001d22, 0x4a200584, 0x1d22a782, 0x05835800, 0xf224ad82, 0xfb011d02, 
    0x02212983, 0x2b118317, 0xf4ffa402, 0x1f021e02, 0x1f021a00, 0xeb224782, 0x95822002, 0x2302f622, 0x24205384, 0xf3247182, 0x00022402, 0x24222982, 
    0x05841e02, 0xe7ff9524, 0xd1825c02, 0x0582df20, 0xd3ff2d22, 0x3b200582, 0x3c201184, 0x5c224782, 0xfb824400, 0xa1005c26, 0x5c02c7ff, 0xf4203582, 
    0x1d200582, 0x5c20d782, 0xe9224d82, 0xfb827d02, 0x0582ef20, 0xeaff3c26, 0x28017d02, 0x7d224d82, 0x05828102, 0x17828120, 0x8102eb22, 0xe5227782, 
    0xc5829502, 0x0582ea20, 0x53822a20, 0x32009524, 0x0b82e6ff, 0x05843420, 0xc3ff3722, 0x38200b82, 0x9520f582, 0xc1202f82, 0x3a220b82, 0x0582d6ff, 
    0xbbff3c22, 0x52200582, 0x9522d182, 0x8f825900, 0x5a009528, 0x9502ddff, 0x59820102, 0x16029522, 0x95206b82, 0xee20e982, 0x1f221182, 0x05821600, 
    0xe9829520, 0xf5829520, 0x9702e522, 0x1620f582, 0x11830582, 0x37009d26, 0x9d02bdff, 0xc4205982, 0x3a220582, 0x0582e0ff, 0xb3ff3c22, 0x59220582, 
    0x0582e2ff, 0xe9ff5a22, 0x5c200582, 0x02291783, 0x02ceff7d, 0xff7e029d, 0x260582f0, 0x02f4ffa4, 0x8224009e, 0x009e2477, 0x82c9ff2d, 0x8244200b, 
    0x009e24a1, 0x82cdff46, 0x8447200b, 0x82482017, 0x009e242f, 0x82d2ff4a, 0x82512011, 0x009e2235, 0x22118452, 0x82f1ff53, 0x84542011, 0x8455200b, 
    0xff562235, 0x201182e1, 0x22cb8258, 0x82a1009e, 0x009e2aef, 0x02ecffcb, 0xff29019e, 0x260582f3, 0x02d7fff3, 0x8224029e, 0x00a02229, 0x20238244, 
    0x261d82a0, 0x00a402ee, 0x82f2ff24, 0xff2d2205, 0x260582e8, 0x02daffa1, 0x830e02a4, 0x1c022111, 0xb0283582, 0x20004d00, 0x0a00c502, 0xc5240b82, 
    0xf5ff0b00, 0x0c220b82, 0x0582f8ff, 0xddff0d22, 0x10220582, 0x05821c00, 0x0a001122, 0x12200582, 0xc5228f82, 0x59822200, 0x3e00c522, 0xc524a782, 
    0x0f006c00, 0x6e201782, 0xc5228382, 0x0584da01, 0xedffdc26, 0xe202c502, 0x02210b83, 0x214d83e7, 0x0584ed02, 0xeaffef22, 0xf0281782, 0xc5020c00, 
    0xe5ff0203, 0x03200582, 0x03211183, 0x231d8305, 0xe7ff0a03, 0x22201182, 0xc524b982, 0xe9ff4c03, 0x59200b82, 0x7e260b84, 0xc802d6ff, 0xf5821200, 
    0x6e00c822, 0xc8246b82, 0x0e006f00, 0x78201182, 0xc8268f82, 0xefffd601, 0x7782c802, 0x0582e520, 0x8f82dc20, 0xc802c822, 0xc822c582, 0x8382d002, 
    0xd182cb20, 0xcb02d726, 0xe6ff0d00, 0x10220582, 0x05821600, 0x14001122, 0x22200582, 0xcb243582, 0xe2ff4000, 0x60200b82, 0xcb248382, 0xdfff6e00, 
    0x6f260b82, 0xcb02e0ff, 0x5982d601, 0xd901cb24, 0x0b82dcff, 0x0b84da20, 0x0583dc20, 0xd422d182, 0xd182cb02, 0xcb02f426, 0xf1ff0203, 0x22200582, 
    0x4b200584, 0x03222983, 0x1783ff4c, 0x05845920, 0x18007122, 0x7e241d82, 0xd002e3ff, 0xc6208382, 0x0b200582, 0xd020cb82, 0xb0208982, 0x11220b82, 
    0x05821e00, 0x23821220, 0x1d00d024, 0x0b821300, 0x77822220, 0x8f82d020, 0x0b82e620, 0xf6ff5e22, 0x6c200582, 0xd0205982, 0xb4209582, 0x6f220b82, 
    0x0582bfff, 0x0c007826, 0xd301d002, 0xd024d782, 0x0d00d401, 0xd6220b82, 0x05821a00, 0xf2ffd722, 0xd9220582, 0x0582c8ff, 0x1184da20, 0x4183db20, 
    0x84dc0121, 0xffdd260b, 0x02d002ec, 0x236583c5, 0x2100c802, 0xd0220b82, 0x05822500, 0x1184d420, 0x8383d620, 0x83d70221, 0xdb022159, 0x02235383, 
    0x82e7ffde, 0x83e1201d, 0x20ef8265, 0x220b82ae, 0x82e4ffe4, 0x84e52005, 0xffe72235, 0x200b82d6, 0x203b84f4, 0x223b84f6, 0x821100fb, 0xfffe2811, 
    0x03d002f5, 0x82e5ff02, 0xff032205, 0x220582eb, 0x82190005, 0xff072205, 0x200582e8, 0x2383830a, 0x0e000d03, 0x0f200b82, 0x15220584, 0x0b820a00, 
    0xeeff2222, 0x45200582, 0x4b222f84, 0x0b82baff, 0xe9ff4c22, 0x59220582, 0x0582ddff, 0x1d845a20, 0x26007122, 0x75200b82, 0x7e200b84, 0xd1287d82, 
    0xf1ff0a00, 0x0c00d102, 0xd1227182, 0x71820d00, 0x1000d124, 0x11821600, 0xefff1222, 0x22220582, 0x0582f2ff, 0xf6ff3e26, 0xd401d102, 0xd1227782, 
    0x0b84d901, 0xdeffda22, 0xdc261182, 0xd102eaff, 0x4183c502, 0x2982dd82, 0x83e30221, 0xe502211d, 0x02213583, 0x220584e7, 0x82f4ffed, 0x84ef2023, 
    0x82f62029, 0x82d12077, 0x02f024d7, 0x830303d1, 0x0503211d, 0x0a210584, 0x841183ff, 0x4c03216b, 0x59221184, 0x2382f3ff, 0xb9827e20, 0x9b82d220, 
    0xd202f322, 0xf4209b82, 0x10220582, 0x05820b00, 0xe2ff1222, 0x1d200582, 0x22200b84, 0xd2229582, 0xe9824000, 0x6000d222, 0xd2245f82, 0x0a006c00, 
    0x78201d82, 0xb3821d83, 0xd202f122, 0xee20b382, 0xda200582, 0x01213583, 0x822383dc, 0x02f625b3, 0xffd002d2, 0xd6200583, 0xd2206b82, 0x2382bf82, 
    0xea20b982, 0xed221782, 0x0582f5ff, 0x2983ef20, 0xf824a182, 0x4b03d202, 0xd3226582, 0x11820b00, 0x0c00d32a, 0xd3021900, 0xc9ff1000, 0x11220582, 
    0x0582afff, 0x9eff1222, 0x1d220582, 0x0582c3ff, 0x1a002222, 0x23220582, 0x0582dcff, 0x59823e20, 0x4000d324, 0x0b821e00, 0xe5ff5e22, 0x6c220582, 
    0x0582b5ff, 0x1c006e22, 0x6f220582, 0x05821400, 0xbeff7826, 0xd301d302, 0x01232983, 0x82d8ffd5, 0xffd6220b, 0x220582ba, 0x82f4ffd7, 0x82d82005, 
    0x01d322a1, 0x24cb82d9, 0xffda01d3, 0x221182de, 0x82e8ffdb, 0xffdd2805, 0x02d302d4, 0x82adffc8, 0xffd02205, 0x220582ae, 0x82b7ffd4, 0xffdb2205, 
    0x200582b2, 0x233583dc, 0xe9ffde02, 0xe1200b82, 0x0221b383, 0x219583e2, 0x3b83e402, 0x84e50221, 0xffef220b, 0x201d82f2, 0x218f83f0, 0x2f84f102, 
    0xcefff222, 0xf4221182, 0x0582c1ff, 0xcb83f520, 0x84f70221, 0x84f82017, 0x84fa2017, 0xfffb2205, 0x221d82c0, 0x82bffffc, 0x84fd2005, 0x84fe2011, 
    0x83ff2041, 0x0003210b, 0x01200584, 0x03274183, 0x02b9ff04, 0x830503d3, 0x0703211d, 0x08201784, 0x09200584, 0x0d200584, 0x03214183, 0x220b840e, 
    0x82ccff0f, 0xff142229, 0x220582c8, 0x82b8ff15, 0x00172205, 0x20058226, 0x201d841f, 0x23bf8345, 0xc2ff4603, 0x4b221182, 0x05820c00, 0xacff5a22, 
    0x71220582, 0x058294ff, 0x5f847220, 0xcb837520, 0x83760321, 0x7e0327b3, 0xd402d0ff, 0x35820a00, 0x0c00d424, 0x0b821600, 0xdcff0d22, 0x11220582, 
    0x05821c00, 0x24001222, 0x22220582, 0x0582f4ff, 0x13004022, 0x5e200582, 0xd4223b82, 0x0b846000, 0x0b846c20, 0xf3ff6e22, 0x6f201782, 0x01292383, 
    0x021d00d4, 0x00d601d4, 0x2205822c, 0x82e8ffd9, 0x00da2205, 0x2205821a, 0x82f5ffdb, 0x84dc2005, 0xffdd220b, 0x260b82ea, 0x020b00e1, 0x83c802d4, 
    0xd0022147, 0xd4220584, 0x11820f00, 0x0b84d620, 0xb982d720, 0xdb02d422, 0xe2221184, 0x1782e5ff, 0xe3ffe422, 0xe5200582, 0xe7221d84, 0x0b82e2ff, 
    0x1d84f420, 0x1184f620, 0x0583fb20, 0x83030321, 0x050321bf, 0x07280b84, 0xd402ebff, 0x3c001803, 0x4b220582, 0x0582ecff, 0x77835920, 0x00710325, 
    0x82d50222, 0x820d20a1, 0x00da2105, 0xdc200583, 0x89820583, 0xd5021824, 0x7782d602, 0xde02d524, 0x0b82eeff, 0x0584e420, 0x1400e522, 0xfe200b82, 
    0xd520dd82, 0x15245982, 0x0703d502, 0x71220b84, 0x0b821b00, 0xe3827e20, 0x0b00d624, 0x3983edff, 0x82180021, 0xff0d2205, 0x220582d8, 0x82ceff10, 
    0x00112205, 0x2205821f, 0x82170012, 0x001d2205, 0x2005820a, 0x24f58222, 0xff2300d6, 0x220b82f2, 0x821c0040, 0xff5e2205, 0x200582f3, 0x28b98260, 
    0xff6c00d6, 0x01d602cd, 0x24a782d3, 0x00d401d6, 0x220b820e, 0x82d2ffd5, 0x82d62005, 0x01d6246b, 0x82e5ffd7, 0x83d9200b, 0xda012365, 0x0b821a00, 
    0xf6ffdb22, 0xdc200582, 0xdd240b84, 0xd602cbff, 0x1420c582, 0xd0220582, 0x05821900, 0x1300d422, 0xd6200582, 0xdb200b84, 0xd620e382, 0xc920d782, 
    0xe1221182, 0x0582deff, 0x9583e220, 0x00e30223, 0x220b8212, 0x82d4ffe4, 0x00e52205, 0x20058224, 0x215383f0, 0xd183f102, 0x84f40221, 0xfff52241, 
    0x201782ee, 0x224784f6, 0x821100fb, 0x83fe200b, 0x010321e3, 0x03211783, 0x21958302, 0xb3830303, 0xff040329, 0x03d602e8, 0x82220005, 0xff072205, 
    0x220582db, 0x82e7ff0a, 0x83122005, 0x14032365, 0x0b82f0ff, 0x0a001522, 0x1b200582, 0x22201184, 0x45204184, 0x03218f83, 0x200b8446, 0x2365834b, 
    0xe6ff4c03, 0x59222382, 0x0582f4ff, 0xd5ff5a22, 0x71220582, 0x05822600, 0x9b837520, 0xff760323, 0x280b82f2, 0x02d3ff7e, 0xff0c00d7, 0x200582f3, 
    0x2429820d, 0x001000d7, 0x220b820b, 0x82e2ff12, 0x841d2005, 0xff22220b, 0x220b82ec, 0x82e9ff40, 0x82602005, 0x00d7225f, 0x227d826c, 0x837800d7, 
    0xd401211d, 0x01273583, 0x02f1ffd9, 0x82da01d7, 0x01d722b9, 0x292383dc, 0xf5ffc502, 0xd002d702, 0x0582f6ff, 0x0584d620, 0x1784e220, 0xe382e520, 
    0xef02d722, 0xd728c582, 0xf8ff0503, 0x4b03d702, 0xda2a1782, 0xedff0b00, 0x0c00da02, 0x05821800, 0xd8ff0d22, 0x10220582, 0x0582ceff, 0x1f001122, 
    0x12220582, 0x05821700, 0x77821d20, 0x2300da22, 0xda24b982, 0x1c004000, 0x5e201182, 0x60220b84, 0x0b821100, 0xcdff6c28, 0xd301da02, 0x0582ebff, 
    0x0d00d422, 0xd5220582, 0x0582c8ff, 0x1a00d622, 0xd7220582, 0x0582e3ff, 0x1200d922, 0xda200582, 0xdb201184, 0xda229582, 0x0b84dc01, 0xc1ffdd22, 
    0xe1201782, 0xda2acb82, 0x1400c802, 0xd002da02, 0x05821900, 0x1300d422, 0xd6200582, 0x02219583, 0x235383db, 0xc9ffde02, 0xe1221182, 0x0582dcff, 
    0x9583e220, 0x00e30223, 0x220b820c, 0x82cbffe4, 0x00e52205, 0x20058224, 0x235983f0, 0xecfff102, 0xf4200b82, 0xf5204184, 0xf6200b84, 0xfb204784, 
    0x0221ad83, 0x21e383fe, 0x17830103, 0x84020321, 0x8303200b, 0x04032953, 0xda02e5ff, 0x22000503, 0x07200582, 0x0323d183, 0x82e7ff0a, 0x000d220b, 
    0x2005820e, 0x2005840f, 0x23898312, 0xeeff1403, 0x15221182, 0x05820a00, 0x11841b20, 0x11842220, 0x4d844520, 0x59844620, 0x7d834b20, 0xff4c0323, 
    0x222382d9, 0x82e8ff59, 0x835a2005, 0x710323a7, 0x0b822600, 0xefff7522, 0x76220582, 0x0582f1ff, 0xc6ff7e28, 0x0b00dc02, 0x0582f5ff, 0xf0ff0c22, 
    0x0d200582, 0xdc22c582, 0x0b842200, 0x0b843e20, 0xf3ff4022, 0x60201782, 0x6e200584, 0xdc225f82, 0x3b826f00, 0xd901dc28, 0xdc02f4ff, 0x2383e202, 
    0x83040321, 0x0703210b, 0x4b200584, 0xdd220582, 0x17821200, 0x0c00de22, 0xde282f82, 0x14001000, 0x1100de02, 0xde20a182, 0xcc201782, 0x22220b82, 
    0x0582edff, 0xde225f83, 0x23844000, 0xa7826020, 0x6c00de22, 0xde22d782, 0x05836f00, 0xffd40127, 0x01de02ea, 0x231783d6, 0xe9ffd901, 0xda220b82, 
    0x0582e0ff, 0xe7ffdc26, 0xc802de02, 0x02211183, 0x220b84d0, 0x82ddffd6, 0x83d72011, 0x828f8247, 0xe3022129, 0xe5221784, 0x1782daff, 0xe5ffed22, 
    0xef200582, 0xde28b382, 0xe1ff4b03, 0x7103de02, 0x03215983, 0x2059827d, 0x22a182e0, 0x82e002f8, 0x8298209b, 0xff122205, 0x220582b1, 0x820d001d, 
    0xff3e2205, 0x830582f2, 0x00e022fb, 0x22cb8260, 0x846c00e0, 0x006e2205, 0x2017821d, 0x2005846f, 0x82298378, 0x02ed22a7, 0x20a782e0, 0x830582d6, 
    0x01e026a1, 0x02eeffdc, 0x20a182e0, 0x220582a7, 0x82bcffd0, 0xffd42205, 0x220582c8, 0x82f0ffd6, 0xffd72205, 0x220582f4, 0x82c4ffdb, 0x83e22005, 
    0xe5022141, 0xe0228f82, 0x5f83ed02, 0x82f00221, 0x02e023c5, 0x4d82fff4, 0xfffb0223, 0x222382d5, 0x82f5fffc, 0x82fe2005, 0x03e02abf, 0x020b0003, 
    0x000503e0, 0x2005820c, 0x2005842a, 0x2011844c, 0x200b8459, 0x22538271, 0x820b00e1, 0x00e1285f, 0x020f000c, 0x820d00e1, 0x00e12253, 0x24418210, 
    0x001100e1, 0x20118217, 0x24718212, 0x001d00e1, 0x220b8213, 0x82100022, 0x00402205, 0x2005821a, 0x245f825e, 0x006000e1, 0x220b820e, 0x82e8ff6c, 
    0x006e2205, 0x22058214, 0x8224006f, 0x83782005, 0xd3012117, 0x01275983, 0x02e6ffd5, 0x83d601e1, 0x8301205f, 0x01e124cb, 0x820a00d9, 0x83db2011, 
    0xdd012965, 0xe102e5ff, 0x1100c502, 0xc8220582, 0x05821f00, 0x1c00d022, 0xd4200582, 0x02214183, 0x200584d6, 0x22ad82d7, 0x82db02e1, 0x02e124b9, 
    0x82e7ffde, 0xffe1221d, 0x220582ef, 0x821500e2, 0x84e42005, 0x83e52041, 0xf0022195, 0x02215983, 0x203584f4, 0x21b983f6, 0x7783fb02, 0x83fe0221, 
    0x05032789, 0xe1021800, 0x23831203, 0x00150323, 0x200b8206, 0x220b841b, 0x82eeff45, 0x834b200b, 0x5a03235f, 0x0b82ecff, 0x1b007122, 0x75220582, 
    0x0582f6ff, 0xf0ff7e28, 0x0a00e202, 0x05821200, 0x29820b20, 0x0c00e224, 0x0b821900, 0xc9ff1022, 0x11220582, 0x0582afff, 0x9eff1222, 0x1d220582, 
    0x0582c3ff, 0x89822220, 0x2300e224, 0x0b82dcff, 0x1e004022, 0x5e200582, 0x60223584, 0x0b821300, 0xb5ff6c22, 0x6e220582, 0x05821c00, 0x14006f22, 
    0x78260582, 0xe202beff, 0xd782d501, 0xd601e224, 0x0b82c5ff, 0xd782d920, 0xda01e224, 0x0b82e8ff, 0xf1ffdb22, 0xdd220582, 0x0582e2ff, 0xa182e120, 
    0xc802e22a, 0xe202adff, 0xaeffd002, 0xd4220582, 0x0582c2ff, 0x5983d620, 0x83db0221, 0xdc022147, 0xe224b382, 0xe9ffde02, 0xe2201782, 0x02238983, 
    0x820f00e3, 0xffe4220b, 0x200582f5, 0x201184e5, 0x238383f0, 0xd2fff402, 0xf5221182, 0x0582d1ff, 0xd0fffb22, 0xfc200582, 0xe222fb82, 0x1d83fe02, 
    0xff010329, 0x03e202cf, 0x82c8ff04, 0x84052005, 0x830f2011, 0x120323d1, 0x11821000, 0xd6ff1422, 0x15220582, 0x0582b8ff, 0x30001722, 0x1b200582, 
    0x46201784, 0x03234783, 0x8216004b, 0x00592211, 0x22058211, 0x82ceff71, 0xff722205, 0x220582f3, 0x82f2ff76, 0x820a208d, 0x00e324c5, 0x82e1ff0b, 
    0x000c220b, 0x20058220, 0x24dd8210, 0xff1100e3, 0x220b82b0, 0x82a2ff12, 0xff1d2205, 0x220582f4, 0x821c0022, 0xff232205, 0x220582e3, 0x82250040, 
    0xff5e2205, 0x220582ee, 0x82180060, 0xff6c2205, 0x200582d8, 0x2023846e, 0x291d836f, 0xedffd301, 0xd401e302, 0x05820d00, 0xc2ffd622, 0xd7220582, 
    0x0582efff, 0xf582d920, 0xda01e322, 0xdb221d84, 0x1182f5ff, 0xeaffdd28, 0xc802e302, 0x0582a9ff, 0xbfffd022, 0xd4220582, 0x0582c3ff, 0x5983d620, 
    0xffdb0223, 0x220b82be, 0x82f6ffdc, 0xffde2205, 0x220582e7, 0x82ebffe1, 0x83e22005, 0x207382ad, 0x200b8213, 0x204184e4, 0x221184e5, 0x82ecffef, 
    0xfff02211, 0x220582d7, 0x82f1fff1, 0x83f22005, 0xf4022377, 0x0b82c8ff, 0xdbfff522, 0xf8200582, 0xfa201184, 0xfb220584, 0x1182c7ff, 0xf583fc20, 
    0x84fd0221, 0xfffe2211, 0x201182c9, 0x210b83ff, 0xe3830003, 0xff010327, 0x03e302da, 0x21e38304, 0x17840803, 0x05840920, 0x5f830e20, 0xff0f0323, 
    0x221d82e1, 0x82140012, 0xff142205, 0x200582e0, 0x222f8415, 0x82350017, 0x841b200b, 0x841f2017, 0x8345202f, 0x460321b9, 0x03238383, 0x821b004b, 
    0xff71221d, 0x220582b1, 0x82e9ff72, 0x82762005, 0x00e42a1d, 0x02f3ff0a, 0xff0c00e4, 0x220582df, 0x82120010, 0xff112205, 0x200582d9, 0x22058412, 
    0x82e7ff22, 0x823e200b, 0x00e42277, 0x28478240, 0xff6000e4, 0x01e402e6, 0x247782d4, 0xffd601e4, 0x200b82e2, 0x214183d8, 0x5382d901, 0xda01e422, 
    0x01292383, 0x02e4ffdc, 0xffc802e4, 0x220582dd, 0x82e5ffd0, 0xffd42205, 0x220582e3, 0x82d5ffd6, 0x84d72005, 0x83db2011, 0xe2022371, 0x1182f6ff, 
    0x4d83e320, 0x83e50221, 0xed022371, 0x1182deff, 0xf4ffef22, 0xf4220582, 0x0582e8ff, 0x2f84fb20, 0x2983fc20, 0x84120321, 0x841b2005, 0x834b2005, 
    0x71032729, 0xe402dcff, 0x4d827d03, 0x0b00e52a, 0xe502edff, 0x1a000c00, 0x0d200582, 0xe522a782, 0x59821000, 0x1100e524, 0x11821900, 0x17001222, 
    0x1d220582, 0x05821100, 0x14002222, 0x23220582, 0x0582f2ff, 0x1f004022, 0x5e200582, 0x60220b84, 0x0b821300, 0xc5826c20, 0x6e00e524, 0x0b820a00, 
    0x10006f28, 0xd301e502, 0x0582ebff, 0x0d00d422, 0xd5200582, 0x01216b83, 0x216583d6, 0x1784d701, 0x1500d922, 0xda201782, 0xdb201184, 0xe5229b82, 
    0x0b84dc01, 0xd4ffdd26, 0xc502e502, 0x02217183, 0x238383c8, 0x2400d002, 0xd4201182, 0x02236583, 0x821800d6, 0x83d7200b, 0xdb022165, 0x02235983, 
    0x82daffde, 0x82e12011, 0x02e522ef, 0x234183e2, 0x0e00e302, 0xe4221182, 0x0582d8ff, 0x3b84e520, 0xeefff122, 0xf4200b82, 0xf5204184, 0xf6200b84, 
    0xfb204784, 0xfe286584, 0xe502e2ff, 0xefff0103, 0x02200582, 0x03219b83, 0x220b8403, 0x82eaff04, 0x83052011, 0x07032329, 0x0b82e0ff, 0x1d840a20, 
    0x0f001222, 0x14200b82, 0x0321fb83, 0x21898315, 0x11841b03, 0xf3ff2222, 0x45221782, 0x0582e1ff, 0x65834620, 0x834b0321, 0x4c0323e3, 0x1182edff, 
    0xdcff5a22, 0x71220582, 0x05822600, 0xf4ff7522, 0x76200582, 0x7e260584, 0xe602d9ff, 0x2f820a00, 0x0c00e624, 0x0b821600, 0x29820d20, 0x1100e624, 
    0x0b821c00, 0xbf821220, 0x2200e622, 0xe6222982, 0xbf824000, 0x5e00e622, 0xe6227782, 0x0b846000, 0x0b846c20, 0x77826e20, 0x6f00e622, 0x01292383, 
    0x021d00d4, 0x00d601e6, 0x2205822c, 0x82e8ffd9, 0x00da2205, 0x2205821a, 0x82f5ffdb, 0x84dc2005, 0x82dd200b, 0x01e628d7, 0x020b00e1, 0x83c802e6, 
    0xd0022147, 0xd4200584, 0xe622c582, 0x0b84d602, 0x0c00d722, 0xdb201d82, 0xe2221184, 0x0b82e5ff, 0xe3ffe422, 0xe5200582, 0xe7221d84, 0x0b82e2ff, 
    0x1d84f420, 0x1184f620, 0x0583fb20, 0x83030321, 0x050321bf, 0x07280b84, 0xe602ebff, 0x3c001803, 0x4b220582, 0x0582ecff, 0x77835920, 0x00710325, 
    0x82ec0222, 0x82c320ef, 0xff0c2205, 0x200582df, 0x22a7820d, 0x821000ec, 0x00ec243b, 0x82eeff12, 0xff222211, 0x220582de, 0x82f0ff3e, 0xff402205, 
    0x200582da, 0x24838260, 0xff6e00ec, 0x280b82c5, 0x02cdff6f, 0xffd401ec, 0x200582e7, 0x24fb82d8, 0xffd901ec, 0x220b82d2, 0x82dbffda, 0xffdc2605, 
    0x02ec02e9, 0x213b83c5, 0x4d83d602, 0xffe20223, 0x221182c0, 0x82f5ffe3, 0x84e52005, 0x84e72017, 0x83ed200b, 0xef02233b, 0x1782e6ff, 0xedfff626, 
    0x0203ec02, 0x03211783, 0x23178303, 0xf2ff0503, 0x0a201182, 0x22221184, 0x0b82f1ff, 0xb8ff4b22, 0x4c220582, 0x0582f4ff, 0xe2ff7e26, 0x0c00ed02, 
    0xed20d782, 0x1420b982, 0x11220b82, 0x0582d8ff, 0xccff1222, 0x22200582, 0xed244d82, 0xf6ff3e00, 0x40200b82, 0x60202384, 0xed249582, 0x0a006c00, 
    0x6f201182, 0xbf820583, 0xed02ea24, 0x1783d601, 0x0b83bf82, 0xe0ffda22, 0xdc261182, 0xed02e8ff, 0x1783c802, 0x82d00221, 0x82ed20e3, 0x82de20c5, 
    0x83d72011, 0x20cb8247, 0x200b82e9, 0x222384e3, 0x82daffe5, 0x84ed200b, 0x82ef200b, 0x03ed22a1, 0x2795834b, 0xebff7103, 0x7d03ed02, 0xf0224182, 
    0x1d820a00, 0xa782f020, 0xf002eb24, 0x1d820d00, 0xad82f020, 0x0b821020, 0xdfff2222, 0x40220582, 0x0582deff, 0xefff6022, 0x6e220582, 0x0582eaff, 
    0x05836f20, 0x827e0321, 0x82f1204d, 0x02ef222f, 0x202f82f1, 0x20058218, 0x20d18212, 0x2bd182f1, 0x02f102f5, 0x02f2fff6, 0xff0503f1, 0x29820b82, 
    0xf202f022, 0xec206582, 0x0c220582, 0x0582eeff, 0x83ff0d21, 0x84222011, 0xff40220b, 0x201182e4, 0x200b8460, 0x2417846e, 0x02f3ff6f, 0x263582f2, 
    0x00f302f3, 0x82c7ff11, 0x82122005, 0x00f324c5, 0x820f001d, 0x8240200b, 0x00f324e3, 0x8212006e, 0x006f220b, 0x20058216, 0x29178378, 0xe3fff402, 
    0xf602f302, 0x05821300, 0xe0fffb26, 0x0203f302, 0x03230b83, 0x82190003, 0x8305200b, 0x0a032129, 0x22201184, 0x2a201184, 0x4c200584, 0x5a200584, 
    0xf4200582, 0xeb24a182, 0x0c00f402, 0xf4202982, 0xea20d782, 0x11220b82, 0x05821b00, 0x21001222, 0x22220582, 0x0582f4ff, 0x41824020, 0x6000f422, 
    0x6c220584, 0x1182f6ff, 0xefff6e22, 0x6f240582, 0xf402f5ff, 0x0f200782, 0x83830582, 0xfb02f422, 0x03252383, 0x02f3ff02, 0x208382f4, 0x20058216, 
    0x20118405, 0x21478307, 0x3b830a03, 0x000d0323, 0x2417820a, 0x023b0018, 0x207d82f5, 0x220582e9, 0x82eaff0c, 0xff0d2205, 0x220582e2, 0x820d0010, 
    0x82112005, 0x00f522ef, 0x24358212, 0xff2200f5, 0x201182e8, 0x24dd8240, 0xff6000f5, 0x220b82ee, 0x820b006c, 0x826e2005, 0x00f5224d, 0x2711836f, 
    0xf1ff0503, 0x7e03f502, 0xf6221182, 0x35820b00, 0x0d00f622, 0xf62a4782, 0xd4ff1000, 0x1100f602, 0x05820c00, 0x15001222, 0x1d200582, 0xf6227d82, 
    0x71822300, 0x4000f624, 0x1182e6ff, 0xad825e20, 0x6c00f624, 0x0b82ddff, 0x29846e20, 0x18006f28, 0xf002f602, 0x0582f6ff, 0xbf82f420, 0xf502f624, 
    0x0b82f2ff, 0x1900f622, 0xf7200582, 0xe9822383, 0x0b821120, 0xdcfffe26, 0x0103f602, 0x03231d83, 0x820e0002, 0x8303200b, 0x0403232f, 0x0b82eeff, 
    0x14000522, 0x0a200582, 0x0d201784, 0x0f220584, 0x11820f00, 0x23842220, 0x89832a20, 0x84460321, 0x004c263b, 0x00f70212, 0x8289820a, 0xf5ff215d, 
    0x10200b82, 0xf7202f82, 0x0a20b982, 0x22200b82, 0x40221184, 0x0b82e8ff, 0x23836020, 0x0c227d82, 0xe984fa02, 0xe984fa20, 0xe984fa20, 0x2f82fa20, 
    0xe9831783, 0x1d00fa22, 0xfa205f82, 0xfa20e984, 0xfa22e984, 0x3b825e00, 0xe984fa20, 0x8300fa21, 0x00fa21e9, 0xfa20e983, 0xfa21e984, 0x20e98302, 
    0x23e982fa, 0x02fa02ee, 0xfa20e983, 0x4d826d82, 0xfa22e984, 0xe982fe02, 0xe982fa20, 0xfa02ee22, 0x1320e982, 0x03220582, 0x05821800, 0xebff0422, 
    0xe9830582, 0x0a03fa22, 0xfa22d782, 0xb9820d03, 0x8303fa21, 0x03fa24e9, 0x82f3ff14, 0x8422201d, 0x002a2129, 0xef824d82, 0x4c224183, 0x57821500, 
    0xfb820c20, 0x1000fb24, 0x0b820d00, 0x0b842220, 0xeaff4022, 0x60200b82, 0xfb223582, 0x11827e03, 0x0a00fc22, 0xfc280b82, 0xf4ff0c00, 0x0d00fc02, 
    0x22221184, 0x0b82f0ff, 0xe5ff4022, 0x60240582, 0xfc02eeff, 0xeb222982, 0x2382fd02, 0x0582f220, 0xfd244d83, 0xf1ff2200, 0x40220b82, 0x0582e9ff, 
    0x35826020, 0x4d84fd20, 0x4d82fe20, 0xfe02e322, 0xe7202982, 0x0d220582, 0x0582e2ff, 0x95821020, 0x1100fe22, 0x12220b84, 0x1182e4ff, 0x05842220, 
    0xef824020, 0x6000fe22, 0xfe24dd82, 0x0b006c00, 0x6e221782, 0x0582e6ff, 0x82ff6f21, 0xf602213b, 0xfe225382, 0x7d820503, 0x5984fe20, 0x7d84ff20, 
    0xcb84ff20, 0x7d84ff20, 0x8300ff21, 0x82ff207d, 0x02f22241, 0x212383ff, 0x7d830003, 0x0c220582, 0x0582e2ff, 0xf0ff0d22, 0x10220582, 0x05821900, 
    0xedff1222, 0x22200582, 0x3e200584, 0x7d821784, 0x60221182, 0x0582e4ff, 0xeaff6e22, 0x6f240582, 0x0003e8ff, 0xf1267782, 0x12030003, 0x0582f5ff, 
    0xf3ff7e28, 0x10000103, 0x0582f6ff, 0x11001122, 0x1d220582, 0x05820a00, 0x17842220, 0x17842320, 0x01204783, 0xee208382, 0x6c221782, 0x0582f1ff, 
    0x0b006e22, 0x6f200582, 0x01307782, 0x0f00f602, 0xfe020103, 0x0103e7ff, 0x0c000503, 0x22200582, 0x03214183, 0x2a05824c, 0xff110002, 0x000203db, 
    0x82d6ff12, 0xff402205, 0x220582e6, 0x82f2ff60, 0x006e2205, 0x2005820d, 0x2671826f, 0xfff40202, 0x820203e3, 0x820e2047, 0x82fb2005, 0x820220ad, 
    0x290b8219, 0x13000303, 0x04030203, 0x0582f7ff, 0x29830520, 0x000a0322, 0x22201783, 0x2a201784, 0x4c200584, 0x5a200584, 0x03200582, 0xe3206b82, 
    0x12223382, 0x0582dfff, 0xebff4022, 0x6e200582, 0x0326a782, 0x15006f00, 0x65820303, 0x0582e720, 0x2983f620, 0xfffb0224, 0x0c8203ec, 0x25820b83, 
    0x0b821820, 0xf5ff0422, 0x05220582, 0x05821600, 0x17840a20, 0x83002221, 0x002a2217, 0x20118214, 0x200b844c, 0x2ab3825a, 0xff0a0004, 0x000403d3, 
    0x82dcff0c, 0xff0d2205, 0x200582ee, 0x201d8210, 0x20e38204, 0x220b82ea, 0x82e2ff22, 0xff3e2205, 0x220582f0, 0x82daff40, 0x82602005, 0x000422d1, 
    0x2035846e, 0x2135836f, 0x9b82f602, 0xf7020422, 0x0422d782, 0x05840203, 0x7d820320, 0x0503042a, 0x0403f1ff, 0xfaff0703, 0x0f220582, 0x0582f8ff, 
    0x17841220, 0x05841b20, 0x6b827e20, 0x0b000528, 0x0503f4ff, 0x89820d00, 0x10000522, 0x0522c582, 0xad821100, 0x12000522, 0x0524e382, 0x0e001d00, 
    0x23221d82, 0x0582f6ff, 0xe3ff4022, 0x5e200582, 0x6c220b84, 0x0b82e5ff, 0x0f006e22, 0x6f260582, 0x05031c00, 0x3583f402, 0x82f50221, 0x02052259, 
    0x24bf82f6, 0x00f70205, 0x2217820c, 0x821100fb, 0xfffe2605, 0x030503e8, 0x231d8301, 0x10000203, 0x03220b82, 0x05821400, 0xa1820420, 0x43820520, 
    0x0b822020, 0x17840a20, 0x71830d20, 0x840f0321, 0x84222005, 0x832a2023, 0x46032147, 0x4c263b84, 0x06031200, 0xef820a00, 0x0c000624, 0x0b821600, 
    0xeaff0d22, 0x11220582, 0x05821b00, 0x21001222, 0x22200582, 0x0622d182, 0x8f824000, 0x60000622, 0x6c200584, 0x0624b382, 0xefff6e00, 0x6f201d82, 
    0x06204782, 0x0f22ad82, 0xa7820603, 0x05821320, 0x2383fb20, 0xff020327, 0x030603f3, 0x82538303, 0x2117828f, 0x47830703, 0x830a0321, 0x0d03233b, 
    0x1d820a00, 0x3b001828, 0x0c000803, 0x0582f2ff, 0x0d001022, 0x22200582, 0x0824bf82, 0xe9ff4000, 0x60200b82, 0x03211783, 0x2005827e, 0x22a1820a, 
    0x820a03b8, 0x82ea2029, 0xff0d2205, 0x220582cb, 0x820b0010, 0x82222005, 0x000a24ad, 0x82f5ff3e, 0xff40220b, 0x220582df, 0x82ecff60, 0xff6e2205, 
    0x260582c2, 0x03b9ff6f, 0x83fb020a, 0x248f8229, 0x030a03dc, 0x822f8303, 0x82e42083, 0xff22220b, 0x200582e8, 0x2211844c, 0x83d8ff7e, 0xe7ff2193, 
    0x0c200582, 0x0d220584, 0x0b82e2ff, 0x0c001022, 0x11200582, 0x12220b84, 0x0b82e4ff, 0x05842220, 0xdcff4022, 0x60220b82, 0x0582efff, 0x5f826c20, 
    0x6e000d24, 0x0b82e6ff, 0x3b836f20, 0xff050325, 0x820e03ee, 0x82e320b3, 0x214d8305, 0x4d83000e, 0x10000e22, 0x0e214d82, 0x214d8300, 0x4d83000e, 
    0x83000e21, 0x820e204d, 0x82dc20ef, 0xff602229, 0x830582eb, 0x840e204d, 0x000e214d, 0x0e264d83, 0xf1fff602, 0x53850e03, 0xff7e0329, 0x000f03f3, 
    0x82f2ff0c, 0x00102205, 0x2005820d, 0x201d8222, 0x2041820f, 0x830b82e6, 0x820f208f, 0x03f22223, 0x207d8212, 0x220582dc, 0x82f0ff0b, 0x820d2005, 
    0x821220e3, 0x8210207d, 0x8222200b, 0x82122065, 0x82dd205f, 0x826f200b, 0x031222b3, 0x26418212, 0x00180312, 0x8212031b, 0x03f5263b, 0x00110014, 
    0x2205820f, 0x82f6ff22, 0x82402005, 0x001422d1, 0x30d18260, 0xff6c0014, 0x021403f4, 0x030e00f6, 0xff040314, 0x200582f7, 0x200b8205, 0x228f8215, 
    0x821503f3, 0x82f620e3, 0xff122205, 0x220582f5, 0x82dcff22, 0xff402205, 0x830582de, 0x8215203b, 0x03f62659, 0x000c0016, 0x2005820b, 0x20b98210, 
    0x22a78416, 0x820b0018, 0x8218202f, 0x820c2017, 0x82102081, 0x00182617, 0x030a0040, 0x200d8218, 0x2005821e, 0x20e9827e, 0x20cb841b, 0x2029841b, 
    0x226b821b, 0x821b03f2, 0x82ea206b, 0x00102205, 0x83058210, 0x001b21d1, 0x1b206b83, 0xe520a782, 0x6e201182, 0x1b217782, 0x26dd8300, 0xff18031b, 
    0x821b03f6, 0x03ee226b, 0x213b841f, 0x6583001f, 0x22001f22, 0x1f20f582, 0xf5203582, 0x60211782, 0x840582ff, 0x8222208f, 0x03ce226b, 0x20298222, 
    0x220582e5, 0x82d2ff0d, 0xff222105, 0x3e220b83, 0x0b82f0ff, 0xdaff4022, 0x60220582, 0x0582e6ff, 0x1d846e20, 0xddff6f28, 0x02032203, 0x0582dfff, 
    0xe9ff0322, 0x07200582, 0x22247182, 0xeaff0a03, 0x0f200b82, 0x12200b84, 0x22225f82, 0x05841b03, 0xe0ff2222, 0x4c221782, 0x0582e7ff, 0xd4ff7e26, 
    0x04002503, 0x2524f582, 0x16000a00, 0x0b200b82, 0x25242382, 0x1b000c00, 0x10220b82, 0x0582cdff, 0x9eff1122, 0x12220582, 0x0582c2ff, 0x22002222, 
    0x23200582, 0x25248f82, 0x26004000, 0x60200b82, 0x6c220584, 0x0b82c5ff, 0x1d006e22, 0x6f200582, 0x01290583, 0x031400d4, 0xffd50125, 0x220582e2, 
    0x82c9ffd6, 0x00d92205, 0x28058224, 0x03dcffdd, 0xffc80225, 0x200582ae, 0x235383d0, 0xd1ffd402, 0xd6220b82, 0x05821e00, 0x3583d720, 0xffdb0223, 
    0x220b82cc, 0x82f4ffde, 0x84e12005, 0x83e22005, 0xe3022177, 0x02235983, 0x82f0ffe4, 0x83e52017, 0xe70223a1, 0x0b821900, 0x1500ed22, 0xf0220582, 
    0x0582eeff, 0xbf83f220, 0x83f40221, 0xf50221b9, 0xf8200584, 0xfa201184, 0xfb220584, 0x2382cbff, 0xe8fffc22, 0xfd200582, 0xfe201184, 0xff202384, 
    0x03270b83, 0x03f2ff00, 0x83010325, 0x04032323, 0x0b82c3ff, 0x17840820, 0x05840920, 0xd7ff0f22, 0x12201182, 0x0323c583, 0x82d2ff14, 0xff15220b, 
    0x200582e0, 0x2011841b, 0x2023841f, 0x21ad8345, 0xbf834603, 0x844b0321, 0x00592217, 0x2023820c, 0x221d845a, 0x82a4ff71, 0x8372200b, 0x760321a7, 
    0x7d200584, 0x262a1d82, 0x0f000a00, 0x0d002603, 0x05821200, 0x7d821120, 0x12002624, 0x0b82d6ff, 0x11841d20, 0x3b824020, 0x6e002624, 0x11821600, 
    0x20006f22, 0x78200582, 0x2620ef82, 0xeb26e382, 0xf6022603, 0x05821b00, 0x2983f720, 0xfffb0229, 0x032603e9, 0x821d0002, 0x00032205, 0x22058222, 
    0x821e0005, 0x83072005, 0x0a03211d, 0x65841784, 0x84220321, 0x832a201d, 0x4c03214d, 0x5a260b84, 0x32031900, 0x95820a00, 0x0b003222, 0x32227182, 
    0x0b840d00, 0x14001122, 0x22201782, 0x6e240b84, 0x3203f2ff, 0x0b207182, 0xfb200582, 0x3223b982, 0x82000503, 0x0703270b, 0x3203f0ff, 0xef821803, 
    0x41824420, 0x4403a322, 0x44204184, 0xb7204182, 0x41830b82, 0x22004424, 0x0b82edff, 0x59823e20, 0x6e004424, 0x0b82aeff, 0xa5ff6f24, 0x4d844403, 
    0x83024421, 0x0344264d, 0x03d5ff02, 0x20538444, 0x20538244, 0x220b82eb, 0x82e0ff0a, 0x23598405, 0xe2ff2203, 0x4c220b82, 0x0582dcff, 0xebff5a24, 
    0x6b824503, 0x0582df20, 0xf6ff0d22, 0x10200582, 0x4520dd82, 0x17836582, 0x45206583, 0xe0206582, 0x6f281782, 0x4503e9ff, 0x1300d601, 0xd9200582, 
    0x452a4d82, 0x0a00dd01, 0xc5024503, 0x0582efff, 0x1d83d620, 0xffe20223, 0x200b82d3, 0x22dd82e3, 0x83e50245, 0xed022159, 0x4522d182, 0xf582ef02, 
    0xf6024526, 0x4503f4ff, 0x2220dd82, 0x4b240582, 0x4603caff, 0xcd207782, 0x0d200582, 0x46244d82, 0x19001000, 0x12220b82, 0x05820f00, 0x4d822220, 
    0x77824620, 0x0b82d320, 0xd4ff6f28, 0x02034603, 0x0582eaff, 0x4d820a20, 0x41824620, 0x0b822a20, 0x65822220, 0x4c034622, 0x4b2a5382, 0xdfff0b00, 
    0x0c004b03, 0x05821800, 0x83821020, 0x11004b24, 0x0b82c0ff, 0xb6ff1222, 0x1d200582, 0x4b243b82, 0x11002200, 0x23220b82, 0x0582d2ff, 0x1b004022, 
    0x5e200582, 0x4b224d82, 0x0b846000, 0x2f846c20, 0x0b006f22, 0x78281782, 0x4b03ecff, 0xedffd301, 0xd4200582, 0x4b248f82, 0xe1ffd501, 0xd6220b82, 
    0x0582baff, 0xe5ffd722, 0xd9220582, 0x05821d00, 0xfb82da20, 0xdd014b2a, 0x4b03d0ff, 0xf5ffc502, 0xc8220582, 0x0582b7ff, 0x2983d020, 0xffd40223, 
    0x220b82c5, 0x821a00d6, 0xffdb2205, 0x200582c1, 0x21ad83dc, 0xef82de02, 0xe1024b22, 0xe2220584, 0x17821500, 0x0584e320, 0xddffe422, 0xe5200b82, 
    0xe7220b84, 0x0b820c00, 0x82ffef21, 0xf002236b, 0x0b82deff, 0xc583f120, 0x84f20221, 0xfff42211, 0x221182bd, 0x82c6fff5, 0xfff72205, 0x200582ee, 
    0x201784f8, 0x220584fa, 0x82bbfffb, 0xfffc2211, 0x200582d7, 0x201184fd, 0x202984fe, 0x270b83ff, 0xe2ff0003, 0x01034b03, 0x03219b83, 0x21958304, 
    0xc5830703, 0x84080321, 0x8409201d, 0x840d2005, 0xff0e2211, 0x222982e7, 0x82cfff0f, 0x00122205, 0x22058216, 0x82cbff14, 0xff152205, 0x200582d5, 
    0x2011841b, 0x202f841f, 0x21cb8345, 0x65834603, 0x004b0323, 0x221d821d, 0x82edff5a, 0xff712205, 0x200582c3, 0x27bf8372, 0xdfff7603, 0x11004c03, 
    0x12220584, 0x0b82e4ff, 0xd1824020, 0x6f004c22, 0x4c2a4782, 0x0a007800, 0xf4024c03, 0x0582e8ff, 0x1200f622, 0xfb280582, 0x4c03e9ff, 0x13000203, 
    0x03220582, 0x05821800, 0x14000522, 0x0a200582, 0x22221184, 0x0b821900, 0x3b832a20, 0x0b834982, 0x0d005a26, 0x0a005703, 0x57247182, 0xf2ff0b00, 
    0x0c220b82, 0x0582f4ff, 0x6b820d20, 0x10005724, 0x0b820f00, 0x0b001122, 0x22220582, 0x0582e2ff, 0xf1ff3e22, 0x40220582, 0x0582d6ff, 0xe1ff6022, 
    0x6e220582, 0x0582c4ff, 0xcdff6f26, 0xd3015703, 0x01233b83, 0x82f5ffd8, 0xffd9280b, 0x025703cc, 0x82c1ffe2, 0xffe72805, 0x035703ef, 0x82bbff4b, 
    0x83592005, 0x7103251d, 0x58030e00, 0xe0207782, 0x0b200582, 0x58221182, 0x7d820c00, 0x0d005824, 0x1182ebff, 0x10001022, 0x22200582, 0x40220b84, 
    0x0b82deff, 0xe5ff6022, 0x6e200582, 0x582a9582, 0xedff6f00, 0x18035803, 0x0582f6ff, 0x59827e20, 0x3b825920, 0x5903eb22, 0x0c20ad82, 0x12220582, 
    0x0582eeff, 0xa7822220, 0x3e005922, 0x59222382, 0x3b824000, 0x60005922, 0x59223582, 0x1d83d401, 0xffd90127, 0x015903ec, 0x213b83da, 0x0583dc01, 
    0x83e30221, 0xed022117, 0x59228382, 0x0583ef02, 0xe624ad82, 0x0b006003, 0x60201782, 0xdc209582, 0x3e200b82, 0xe3820b83, 0x6003ed26, 0xf5ffd701, 
    0xd8200582, 0x60226582, 0xf582db01, 0xdd016028, 0x6003e9ff, 0x4d82de02, 0xe1026024, 0x0b82f0ff, 0x1183e420, 0xff020327, 0x036003db, 0x24718207, 
    0xff0a0360, 0x220b82e2, 0x82100018, 0xff222105, 0x03215f82, 0x212f8345, 0x23844c03, 0xdfff5922, 0x5a201782, 0x03213b83, 0x20838275, 0x267d8261, 
    0x006103f5, 0x82120011, 0x826c2005, 0x00612acb, 0x030d006f, 0x00f60261, 0x2805820b, 0x030c00fb, 0x00020361, 0x2205820a, 0x820f0003, 0x83052005, 
    0x0a03211d, 0x18221184, 0x11822400, 0x17842220, 0x17824c20, 0x10006522, 0x22200584, 0x65285982, 0x19001803, 0x7e036503, 0x71200b82, 0x17245f82, 
    0xd6017103, 0x71221d82, 0x0584da01, 0x0583dc20, 0x84c80221, 0x84d02005, 0x211d8405, 0xad82e402, 0xe5027122, 0x03271183, 0x031b0071, 0x820a0072, 
    0x007224e3, 0x82eeff0c, 0xff0d220b, 0x220582f4, 0x82180010, 0x84222005, 0xff402211, 0x200b82e4, 0x200b8460, 0x2005846e, 0x8205836f, 0x03f62277, 
    0x20358275, 0x220582eb, 0x82150010, 0xff112205, 0x220582f1, 0x82e0ff12, 0x84222005, 0xff40220b, 0x280b82e5, 0x03ecff60, 0xffd40175, 0x220582ee, 
    0x82eaffd6, 0xffd92105, 0x01213582, 0x212983da, 0x0b83dc01, 0x82c80221, 0x02752a95, 0x03edffd0, 0xffd60275, 0x200582e1, 0x212f83d7, 0x1d84e302, 
    0x4783e520, 0xffed0223, 0x201782e8, 0x275983ef, 0xe3ff4b03, 0x71037503, 0x03212f83, 0x2a53827d, 0xff0d007d, 0x007d03f2, 0x82130010, 0x82122005, 
    0x017d2623, 0x03f5ffd3, 0x2065847d, 0x2665827d, 0x027d03e9, 0x82f3ffc5, 0x82ef2005, 0x027d2259, 0x212f83f6, 0x41820203, 0x03037d22, 0x03212f83, 
    0x212f8305, 0x1d830a03, 0xff220327, 0x037d03f6, 0x260b844c, 0x03dbff7e, 0x820b007e, 0x007e241d, 0x82110011, 0x24dd830b, 0xff5e007e, 0x200b82f4, 
    0x283b826c, 0x00f6027e, 0x037e030c, 0x21238304, 0x0b840503, 0x26001828, 0x0a009e03, 0x0582c6ff, 0x47820b20, 0xa1829e20, 0x0b82b020, 0x1e001122, 
    0x12220582, 0x05821800, 0xad821d20, 0x22009e24, 0x0b82e0ff, 0x83ff3f21, 0xff40221d, 0x200b82e6, 0x227d825e, 0x8460009e, 0x245f830b, 0xff6e009e, 
    0x221782b4, 0x82bfff6f, 0x82782005, 0x829e205f, 0x03ed26dd, 0x00d4019e, 0x2205820d, 0x821a00d6, 0x82d72005, 0x019e24d1, 0x82c8ffd9, 0x84da200b, 
    0x83db2011, 0xdc012147, 0xdd240b84, 0x9e03ecff, 0x25203d82, 0xa1210582, 0x20058300, 0x238383a3, 0xe7ffa503, 0xa8201182, 0xab221184, 0x0b821400, 
    0x1184ac20, 0x1200af22, 0xb0220b82, 0x0582aeff, 0x9cffb122, 0xb2200582, 0xb3201784, 0xb4222984, 0x1182ceff, 0x0a00b522, 0xb6200582, 0x03236583, 
    0x82ddffb8, 0x84bb200b, 0xffbd2223, 0x200b82ef, 0x204d84c0, 0x201784c2, 0x227d84c3, 0x82f5ffc4, 0x84c72017, 0x84c82005, 0xffc92205, 0x201182e2, 
    0x201d84ca, 0x224784cb, 0x821900cc, 0x82cd2011, 0x009f2a17, 0x03f3ff0c, 0xff0d009f, 0x220582f4, 0x820b0010, 0x84122005, 0x841d2017, 0x8222200b, 
    0x009f2235, 0x2205843f, 0x82e9ff40, 0x8460201d, 0x826c2005, 0x009f2295, 0x29238378, 0xf1ffd401, 0xd9019f03, 0x0582eeff, 0x3b83da20, 0x83dc0121, 
    0x9e03270b, 0x9f03f6ff, 0x0584a103, 0x0584a820, 0x1784b020, 0xdeffb122, 0xb3221782, 0x0582eaff, 0x5983b420, 0x2983d782, 0x2384c220, 0xf8ffcc28, 
    0x0a00a003, 0x05821500, 0xbf820b20, 0x0c00a022, 0xa024e382, 0xb0ff1000, 0x11221182, 0x0582a6ff, 0x88ff1222, 0x22220582, 0x05821200, 0x47822320, 
    0x3f00a024, 0x0b822800, 0x17004022, 0x5e200582, 0xa0228f82, 0x0b846000, 0xc9ff6c22, 0x6e201182, 0x6f224184, 0x0b823200, 0xd8ff7826, 0xd301a003, 
    0xa022f582, 0x0b84d501, 0xbaffd622, 0xd7221182, 0x0582f4ff, 0x8382d820, 0xd901a022, 0xa022d782, 0xa782da01, 0xdb01a024, 0x1782e8ff, 0xd4ffdd24, 
    0xd182a003, 0xd1827d82, 0xa5200583, 0xa022b982, 0x8f83a803, 0x00ab0323, 0x201d820f, 0x221184ac, 0x821a00b0, 0x00b1220b, 0x2005821e, 0x201184b2, 
    0x200b84b3, 0x215983b5, 0x2f84b603, 0xd5ffb822, 0xb9221d82, 0x0582c4ff, 0x1184ba20, 0xc583bb20, 0xffbc0323, 0x201182ce, 0x200584be, 0x220584bf, 
    0x820d00c0, 0x84c12011, 0xffc2220b, 0x220b82cc, 0x82b5ffc4, 0x84c52005, 0xffc62211, 0x220b8292, 0x82adffc7, 0xffc82205, 0x200582ab, 0x201784ca, 
    0x225384cb, 0x82e2ffcc, 0x84cd2011, 0xffce2211, 0x220b82b0, 0x822f00dc, 0x00dd2805, 0x04a0033d, 0x822a0014, 0x00152205, 0x22058214, 0x82150016, 
    0xff502205, 0x200582eb, 0x20058451, 0x23ad83a6, 0x5400a804, 0xa9221182, 0x05823e00, 0x0a00aa22, 0xab200582, 0xa12a2982, 0xc6ff0a00, 0x0b00a103, 
    0x0582eeff, 0x59820d20, 0x1100a122, 0xa124e382, 0x18001200, 0x1d221182, 0x05821300, 0xe0ff2222, 0x3f200582, 0x40221d84, 0x0b82e6ff, 0x05846020, 
    0xf1ff6c22, 0x6e220b82, 0x0582b4ff, 0xbfff6f22, 0x78260582, 0xa1030c00, 0x4d83d301, 0x82d40121, 0x01a124ef, 0x821a00d6, 0xffd72211, 0x220582f3, 
    0x82cdffd9, 0x84da2005, 0x82db2011, 0x01a12295, 0x200b84dc, 0x252f83dd, 0x25009e03, 0x4382a103, 0xa3200583, 0x03237d83, 0x82e7ffa5, 0x84a82011, 
    0x82ab2017, 0x03a122dd, 0x221184ac, 0x821200af, 0xffb02217, 0x220582ae, 0x829cffb1, 0x84b22005, 0x84b32017, 0xffb42229, 0x201182ce, 0x22e382b5, 
    0x83b603a1, 0xb8032365, 0x1182ddff, 0x2384bb20, 0xf0ffbd22, 0xc0200b82, 0xc2204d84, 0xc3221784, 0x1182ecff, 0xf5ffc422, 0xc7200582, 0xc8200584, 
    0xc9220584, 0x1182e2ff, 0x1d84ca20, 0x1900cc22, 0xcd200b82, 0xa2221182, 0x53820d00, 0x1100a228, 0xa2032200, 0x65821200, 0x1d00a224, 0x0b821000, 
    0x0b843f20, 0x0b004022, 0x60200b82, 0x6e220584, 0x0b820d00, 0xad826f20, 0x7800a222, 0x01210b83, 0x200584d6, 0x200584da, 0x820583dc, 0x031824f5, 
    0x839f03a2, 0xa003213b, 0xa1200584, 0xa220fb82, 0x0a203782, 0xa3201782, 0x03214783, 0x221784a4, 0x82eeffa5, 0x84a62011, 0x84a7200b, 0x84a82005, 
    0x84aa2029, 0x84ac200b, 0x84ad201d, 0x84ae200b, 0x00af2205, 0x202f8208, 0x200b84b1, 0x201d84b2, 0x22f582b3, 0x83b403a2, 0xc00323bf, 0x1d820c00, 
    0xf4ffc422, 0xc7200582, 0xc8200584, 0xcb200584, 0xa224ef82, 0x1500cc03, 0xcd201782, 0xdd280b84, 0xa2032700, 0x1f001404, 0x16220582, 0x05820600, 
    0x3f00a822, 0xa9260582, 0xa3033400, 0xfb820c00, 0x1000a322, 0xa3242982, 0x1b001100, 0x1d201182, 0x22221184, 0x0b820f00, 0x6b822320, 0x3f00a322, 
    0xa3227782, 0x53824000, 0x5e00a324, 0x1782f0ff, 0x0b846020, 0xe1ff6c22, 0x6e200b82, 0x6f221d84, 0x0b821d00, 0x3b837820, 0xffd50127, 0x01a303e6, 
    0x200b84d6, 0x22bf82d9, 0x84da01a3, 0x82db200b, 0x01a322a1, 0x280b84dc, 0x03e5ffdd, 0x009e03a3, 0x2005821a, 0x220584a1, 0x820d00a3, 0x83a5200b, 
    0xa8032123, 0xab201184, 0x03213b83, 0x201184ac, 0x238f83b0, 0x1700b103, 0xb2202382, 0xb3201184, 0xb6202384, 0x0321b983, 0x200584b9, 0x202f84c0, 
    0x21b383c3, 0x0584c403, 0x0584c720, 0x0584c820, 0x1800cc22, 0xdc223b82, 0x05822100, 0x2f00dd28, 0x1404a303, 0x05822a00, 0x0b001522, 0x16200582, 
    0x17220584, 0x0b820600, 0x4900a822, 0xa9260582, 0xa4033400, 0x3b821200, 0x8303a421, 0x03a42853, 0x031c00dd, 0x83a804a4, 0xa9042117, 0xa5220b82, 
    0x77820c00, 0x1000a52a, 0xa5031400, 0xd8ff1100, 0x12220582, 0x0582ccff, 0xedff2222, 0x3e200582, 0xa5223b82, 0x23844000, 0x05846020, 0xa1826c20, 
    0x6f00a522, 0x01290583, 0x03eaffd4, 0xffd601a5, 0x220582e8, 0x82e9ffd9, 0xffda2205, 0x260582e0, 0x03e7ffdc, 0x849e03a5, 0x84a12005, 0x83a32005, 
    0xa8032147, 0xa9220b84, 0x1d82f7ff, 0xeeffab22, 0xaf200582, 0xb0201784, 0x03233b83, 0x82d3ffb1, 0xffb32211, 0x200582da, 0x202384b4, 0x202384c0, 
    0x202382c6, 0x22b982a6, 0x82a60315, 0x821220ef, 0x20bf8305, 0x24bf82a6, 0x00a70315, 0x24a7820b, 0x000c00a7, 0x200b8218, 0x24bf820d, 0xff1000a7, 
    0x220b82ce, 0x821f0011, 0x00122205, 0x20058217, 0x24ad821d, 0xff2300a7, 0x200b82f2, 0x22e9823f, 0x824000a7, 0x00a724fb, 0x82f3ff5e, 0x84602011, 
    0xff6c280b, 0x01a703cd, 0x82ebffd3, 0x00d42205, 0x2205820d, 0x82c8ffd5, 0x00d62205, 0x2205821a, 0x82e3ffd7, 0x00d92205, 0x20058212, 0x201184da, 
    0x229582db, 0x84dc01a7, 0xffdd220b, 0x281782c1, 0x03f4ffe1, 0x009e03a7, 0x20058219, 0x200584a1, 0x239583a3, 0xc9ffa503, 0xa8201182, 0xab221184, 
    0x0b820c00, 0x1184ac20, 0x0e00af22, 0xb0200b82, 0x0321a183, 0x235983b1, 0xb5ffb203, 0xb3221182, 0x05822400, 0x5f83b420, 0x84b50321, 0x83b62035, 
    0xb80323d7, 0x1782d2ff, 0x0b84b920, 0xe2ffbb22, 0xbd200b82, 0xbe220b84, 0x0b82ecff, 0x1e00c022, 0xc2200582, 0xc3202384, 0xc4201d84, 0xc7201d84, 
    0xc8200584, 0xc9220584, 0x2382ceff, 0x0b84ca20, 0x0584cb20, 0x2200cc22, 0xcd201182, 0xce201784, 0xdc221184, 0x11822900, 0x3600dd28, 0x1404a703, 
    0x05822a00, 0x11831520, 0x00160423, 0x220b8215, 0x821f0017, 0x00a72205, 0x2205820a, 0x825300a8, 0x00a92205, 0x8305823f, 0x00a82ad7, 0x03c6ff0a, 
    0xff0b00a8, 0x220582ee, 0x82b0ff0d, 0x82112005, 0x00a82495, 0x82180012, 0x001d220b, 0x22058213, 0x82e0ff22, 0x843f2005, 0xff40221d, 0x200b82e6, 
    0x22e9825e, 0x846000a8, 0xff6c220b, 0x221182f1, 0x82b4ff6e, 0xff6f2205, 0x280582bf, 0x030c0078, 0xffd301a8, 0x220582ed, 0x820d00d4, 0x00d62205, 
    0x2205821a, 0x82f2ffd7, 0xffd92205, 0x200582c8, 0x201184da, 0x214783db, 0x0b84dc01, 0xebffdd28, 0x9e03a803, 0x05822500, 0x0584a120, 0x8383a320, 
    0xffa50323, 0x201182e7, 0x221184a8, 0x821400ab, 0x84ac200b, 0x00af2211, 0x220b8212, 0x82aeffb0, 0xffb12205, 0x2005829c, 0x201784b2, 0x222984b3, 
    0x82ceffb4, 0x82b52011, 0x03a822f5, 0x236583b6, 0xddffb803, 0xbb201182, 0xbd222384, 0x0b82efff, 0x4d84c020, 0x1784c220, 0xecffc322, 0xc4221182, 
    0x0582f5ff, 0x0584c720, 0x0584c820, 0xe2ffc922, 0xca201182, 0xcb201d84, 0xcc224784, 0x11821900, 0x1782cd20, 0x0c00a928, 0xa903f4ff, 0xd7820d00, 
    0x2200a922, 0xa9221d82, 0x1183d901, 0xf725b382, 0xac03a903, 0x220583ff, 0x82f8ffb0, 0x84b1200b, 0x82b22005, 0x03a92453, 0x82e9ffb4, 0x82bb2011, 
    0x00aa2235, 0x22358212, 0x83c303aa, 0x14042905, 0xaa030b00, 0x1f00a804, 0xa9200582, 0xab220b82, 0x05840a00, 0x16001126, 0x1200ab03, 0xab22ad82, 
    0x05843f00, 0x0c004022, 0x60201182, 0x6e200584, 0xab22e382, 0x17836f00, 0x00d60127, 0x01ab030d, 0x200584d9, 0x200584da, 0x210583dc, 0x1d839e03, 
    0x84a10321, 0xffa52605, 0x03ab03ee, 0x220b84a8, 0x820800ab, 0x84ac200b, 0x83b12011, 0xb2032147, 0xb3200b84, 0xc0200b84, 0x03217d83, 0x236583cc, 
    0x2400dc03, 0xdd242982, 0xab033200, 0x3d20a782, 0x15220582, 0x05822900, 0x15001622, 0x17200582, 0x04212f83, 0x822f83a7, 0x825420bf, 0x00a92211, 
    0x8205823f, 0x200582df, 0x286b82ab, 0xff0c00ac, 0x00ac03ec, 0x220b8410, 0x82d8ff11, 0xff12220b, 0x220582cc, 0x82edff22, 0xff3e2205, 0x200582f6, 
    0x20238440, 0x20058460, 0x2053826c, 0x26d782ac, 0x01ac030a, 0x82eaffd4, 0xffd62205, 0x220582e8, 0x82e9ffd9, 0xffda2205, 0x260582e0, 0x03e7ffdc, 
    0x849e03ac, 0x84a12005, 0x83a32005, 0xa8032147, 0xa9220b84, 0x1d82f7ff, 0xd182ab20, 0xaf03ac22, 0xb0201784, 0x03233b83, 0x82d3ffb1, 0xffb32217, 
    0x200582da, 0x202384b4, 0x202384c0, 0x222382c6, 0x831200ad, 0xc3032105, 0xdd200584, 0xad208382, 0x0b22ef82, 0xd782ad03, 0x05823420, 0x1c00a924, 
    0xcb82ae03, 0x0582f820, 0x98ff1122, 0x12220582, 0x0582b1ff, 0x0d001d22, 0x3e220582, 0x0582f2ff, 0xf3ff4022, 0x5e200582, 0x60200b84, 0x6c200b84, 
    0xae244d82, 0x1d006e00, 0x6f201782, 0x78200584, 0xd7822f83, 0xae03ed26, 0xd6ffd601, 0xd1830582, 0xdc01ae22, 0xae208982, 0xbc25d182, 0xa103ae03, 
    0x200583ff, 0x830584a8, 0x03ae22cb, 0x823583b0, 0x82f620bf, 0xffb3221d, 0x220582ea, 0x82ecffb6, 0x00b82205, 0x20058214, 0x210b84b9, 0x9b82ffba, 
    0x83bb0321, 0xc0032177, 0x03218383, 0x201d84c2, 0x221184c3, 0x82f1ffc4, 0xffc62229, 0x200582e2, 0x200b84c7, 0x220584c8, 0x820f00c9, 0xffcb2211, 
    0x220582e7, 0x820c00cc, 0x82ce2005, 0x00af284d, 0x03f5ff0b, 0x841000af, 0x0011220b, 0x200b820a, 0x214d823f, 0xdd8300af, 0x6c00af24, 0x1182e9ff, 
    0x0e006e22, 0x6f200582, 0x01211783, 0x22e982d3, 0x83d501af, 0xd601212f, 0x01212f83, 0x200584d9, 0x200584da, 0x214d83db, 0x0b84dc01, 0x6b82dd20, 
    0x9e03af22, 0x03210b83, 0x200584a1, 0x229582a5, 0x84a803af, 0x00ab260b, 0x03af0306, 0x201184ac, 0x215983b1, 0x0b84b203, 0x1d84b320, 0xaf22f583, 
    0x6583b903, 0x84c40321, 0x84c72005, 0x84c82005, 0x84c92005, 0x83ca2005, 0xcb032189, 0xcd200b84, 0xd1840584, 0x00dc0323, 0x28598221, 0x032f00dd, 
    0x001404af, 0x22058236, 0x821c0015, 0x84162005, 0x00a82205, 0x280b8253, 0x033b00a9, 0x000a00b0, 0x22058212, 0x82eeff0b, 0x000c2205, 0x22058219, 
    0x82c9ff10, 0xff112205, 0x220582af, 0x829eff12, 0xff1d2205, 0x220582c3, 0x821a0022, 0xff232205, 0x220582dc, 0x8228003f, 0x00402205, 0x2005821e, 
    0x203b845e, 0x220b8460, 0x82b5ff6c, 0x826e2011, 0x00b02265, 0x2ad1826f, 0xff7800b0, 0x01b003be, 0x82e7ffd5, 0xffd62205, 0x220582c5, 0x821500d9, 
    0xffda2205, 0x220582e8, 0x82f1ffdb, 0x82dd2005, 0x01b02af5, 0x030b00e1, 0xff9e03b0, 0x200582ae, 0x220584a1, 0x820a00a3, 0xffa5220b, 0x200582e9, 
    0x201184a8, 0x200b84ac, 0x238983b0, 0x2200b103, 0xb2201782, 0xb3201184, 0xb5221184, 0x1182f6ff, 0x9cffb622, 0xb8200582, 0x03238983, 0x82ecffb9, 
    0xffba220b, 0x200582b0, 0x220b84bb, 0x82bbffbc, 0x84bf200b, 0x84c12005, 0x84c22005, 0x84c42029, 0x84c52005, 0x84c62011, 0x84c72041, 0x84c82011, 
    0x84ca2005, 0x84cb2017, 0x84cc2017, 0x84cd2011, 0xffce2211, 0x224d82ba, 0x822c00dc, 0x00dd2805, 0x04b00339, 0x823e0014, 0x00152205, 0x22058234, 
    0x82290016, 0x84172005, 0x00a72205, 0x220b8212, 0x826800a8, 0x00a92205, 0x22058248, 0x822000aa, 0x00ab2205, 0x2205822a, 0x82d2ffb5, 0x82b62005, 
    0x00b12405, 0x820b0004, 0xff0b22db, 0x200582d9, 0x22e3820c, 0x820d00b1, 0x00b124d7, 0x82bdff10, 0xff112211, 0x200582a1, 0x24898212, 0xff1d00b1, 
    0x220b82da, 0x821d0022, 0xff232205, 0x220582c5, 0x8228003f, 0x00402205, 0x22058227, 0x82f0ff5e, 0x84602005, 0xff6c220b, 0x220b82b1, 0x8219006e, 
    0x006f2205, 0x2805821f, 0x03e6ff78, 0xffd301b1, 0x220582ed, 0x820f00d4, 0xffd52205, 0x200582e1, 0x24d182d6, 0xffd701b1, 0x200b82e5, 0x235983d9, 
    0xefffda01, 0xdd260b82, 0xb103d0ff, 0x77839e03, 0x84a10321, 0x82a32005, 0x03b124d1, 0x82d3ffa5, 0x84a82017, 0xffa92211, 0x220b82f8, 0x820a00ab, 
    0x84ac2005, 0x83b02017, 0x206d82bf, 0x20118229, 0x201184b2, 0x221184b3, 0x82e8ffb5, 0xffb62211, 0x200582a8, 0x21dd83b8, 0x7783b903, 0x84ba0321, 
    0xffbc2205, 0x201782db, 0x218383be, 0x0b84bf03, 0x1100c022, 0xc1201182, 0xc2200b84, 0xc4202f84, 0xc5203b84, 0xc6201184, 0xc7207d84, 0xc8201184, 
    0xca200584, 0xcb201784, 0xcc221784, 0x3b82ecff, 0x1184cd20, 0xc4ffce22, 0xdc220b82, 0x05823200, 0x5400dd28, 0x1404b103, 0x05823f00, 0x3e001522, 
    0x16220582, 0x05821f00, 0x2a001722, 0x50220582, 0x05821400, 0xcb835120, 0x00a60423, 0x200b8215, 0x221784a7, 0x827300a8, 0x00a9220b, 0x2005825e, 
    0x282f84aa, 0x033400ab, 0xff0a00b2, 0x200582f1, 0x226b820c, 0x821000b2, 0x00b2243b, 0x82d8ff11, 0xff122211, 0x220582cc, 0x82edff22, 0xff3e2205, 
    0x200582f0, 0x20238440, 0x20058460, 0x225f826c, 0x836f00b2, 0xd4012905, 0xb203e0ff, 0xe2ffd601, 0xd8220582, 0x0582f3ff, 0xe9ffd922, 0xda200582, 
    0xb22ab982, 0xe4ffdc01, 0x9e03b203, 0x0582e7ff, 0xf5ff9f22, 0xa0200582, 0xa1200584, 0xa2201184, 0xa3220b84, 0x1782f6ff, 0x0b84a720, 0x1784a820, 
    0x0b84a920, 0xeeffab22, 0xae201782, 0xaf200b84, 0xb0202384, 0x03235983, 0x82d3ffb1, 0xffb32217, 0x200582da, 0x219b83c0, 0x1d82c603, 0x0b00b322, 
    0xb32aad82, 0x1a000c00, 0x0d00b303, 0x0582e6ff, 0x9b821020, 0x1100b324, 0x0b821900, 0x17001222, 0x1d220582, 0x05821100, 0xe9822220, 0x2300b324, 
    0x0b82f2ff, 0x1e003f22, 0x40220582, 0x05821f00, 0x11845e20, 0x0b846020, 0xbf826c20, 0x6e00b322, 0xb320e382, 0x1026e982, 0xd301b303, 0x0582ebff, 
    0x0d00d422, 0xd5220582, 0x0582dfff, 0x6b83d620, 0x84d70121, 0x00d92217, 0x20118215, 0x201184da, 0x218f83db, 0x0b84dc01, 0xd4ffdd28, 0x9e03b303, 
    0x05822400, 0x0584a120, 0x1800a322, 0xa5200b82, 0xb322bf82, 0x1184a803, 0x6583ab20, 0x84ac0321, 0x84af2011, 0x83b0200b, 0xb103233b, 0x29822100, 
    0x1784b220, 0x2984b320, 0x5983b420, 0x84b50321, 0xffb62223, 0x221d82e2, 0x82e8ffb8, 0xffb92205, 0x220582f0, 0x82ecffbb, 0x84bd2005, 0x83c02017, 
    0xc20321d7, 0xc3201d84, 0xc4201784, 0xc7201784, 0xc8200584, 0xc9220584, 0x2f82d8ff, 0xeeffca22, 0xcb220582, 0x0582e9ff, 0x9b84cc20, 0xe5ffcd22, 
    0xce200b82, 0xdc223584, 0x0b822b00, 0x3900dd28, 0x1404b303, 0x05822500, 0x20001522, 0x16220582, 0x05820b00, 0xf5831720, 0x84a70421, 0x00a8220b, 
    0x2211825d, 0x823f00a9, 0x84aa2005, 0x00ab2811, 0x00b40312, 0x82edff0b, 0xff112205, 0x220582b0, 0x82a6ff12, 0xff232205, 0x200582f4, 0x2277823e, 
    0x826f00b4, 0x01b42acb, 0x03f2ffd3, 0xffd601b4, 0x200582cc, 0x220b84d8, 0x82d2ffda, 0x82dc200b, 0x03b42883, 0x03ceff9e, 0x839f03b4, 0xa0032135, 
    0xa1200584, 0xa2201184, 0xa5220b84, 0x1d82f7ff, 0x0b84a720, 0x1784a820, 0xf6ffa922, 0xac201182, 0xae201784, 0xb3201784, 0xb4221184, 0x1782f3ff, 
    0x1784b520, 0xe2ffb622, 0xb7220b82, 0x0582f5ff, 0xefffb922, 0xba200582, 0xbb226b84, 0x0b82eaff, 0x2f84bc20, 0x0584be20, 0x0584bf20, 0x0584c120, 
    0x1d84c320, 0x3b84c420, 0x1184c520, 0x3584c620, 0x1184c720, 0x0584c820, 0x1784ca20, 0x0b84cb20, 0x7184cd20, 0x2384ce20, 0x1500dc22, 0xdd285982, 
    0xb4032400, 0x1c001404, 0x15220582, 0x05820600, 0x3400a822, 0xa9280582, 0xb5032900, 0x0d001000, 0x11220582, 0x05821200, 0x35823f20, 0x4000b524, 
    0x0b82edff, 0xc5826020, 0xd601b528, 0xb5030a00, 0x8382d901, 0xda01b522, 0xdc200b84, 0x03210583, 0x2005849e, 0x200584a1, 0x200584a8, 0x288382b0, 
    0xffb103b5, 0x03b503e8, 0x201184b3, 0x22f582b4, 0x82c003b5, 0x00b62a0b, 0x03f0ff0a, 0xff0d00b6, 0x220582f1, 0x82180011, 0x001d2205, 0x2005820c, 
    0x22358222, 0x823f00b6, 0x82b620b9, 0x82ea2077, 0xff602211, 0x200582f5, 0x2005846e, 0x85238378, 0xca032141, 0x03272983, 0x030f00cc, 0x82ce03b6, 
    0x00b7220b, 0x204d820c, 0x225382b7, 0x82b703ec, 0x820820c5, 0x82122005, 0x00b72265, 0x8317843e, 0x03b722cb, 0x22d182b8, 0x84c203b7, 0x83cc2005, 
    0x83042035, 0x00b82aad, 0x0310000d, 0xff1100b8, 0x220582a0, 0x82d8ff12, 0x821d2005, 0x82b82059, 0x82e32083, 0xff60210b, 0x6e220583, 0x0b821500, 
    0x27006f22, 0x78260582, 0xb8031100, 0x4182b603, 0x0d82b820, 0x0b821420, 0x6582b920, 0xbb03b822, 0xc0200584, 0xb8235f82, 0x8300c203, 0xffc42217, 
    0x201d82f2, 0x201184c6, 0x200b84c7, 0x200584c8, 0x201d84c9, 0x222f84cb, 0x821800cc, 0xffce2823, 0x00b903f9, 0x82eaff0a, 0xff0d2205, 0x220582ee, 
    0x820a0010, 0x82112005, 0x00b92265, 0x24418212, 0xff2200b9, 0x201182ef, 0x2441823e, 0xff6e00b9, 0x200b82e1, 0x821d836f, 0x03f622d7, 0x83d782b9, 
    0x82cc2005, 0x82b92053, 0x030e24d7, 0x821000ba, 0x00ba2235, 0x20cb8211, 0x203b82ba, 0x201182f1, 0x202f823f, 0x20d782ba, 0x200b82e5, 0x244d8260, 
    0xff6c00ba, 0x200b82f3, 0x206b826f, 0x24d182ba, 0x03ba03ec, 0x823583b9, 0x82d820cb, 0x84bd200b, 0x83c0200b, 0xc3032141, 0x03233b83, 0x82e2ffc4, 
    0x84c72017, 0x84c82005, 0x84c92005, 0x84ca2017, 0x84cb2005, 0x84cc202f, 0x84cd202f, 0x82ce200b, 0x00bb2805, 0x031e000c, 0x820d00bb, 0x84bb2023, 
    0x82bb2095, 0x22118395, 0x82460012, 0x001d2217, 0x2205820e, 0x82120022, 0x003f2205, 0x22058232, 0x821f0040, 0x84602005, 0xff6c2205, 0x240b82d9, 
    0x0328006f, 0x20a184bb, 0x20ef84bb, 0x20a782bb, 0x201182f6, 0x215f83bb, 0xbf82bc03, 0xbd03bb22, 0x03215f83, 0x200b84bf, 0x214783c0, 0x0b84c103, 
    0x1784c220, 0xe7ffc422, 0xc5202f82, 0xc7201184, 0xc8200b84, 0xc9220584, 0x1782ebff, 0xdaffcb22, 0xcc200582, 0xcd206584, 0xbb22d782, 0x3584ce03, 
    0x2f00dc22, 0xdd281782, 0xbb035c00, 0x6900a804, 0xa9220582, 0x6f835d00, 0x82e5ff21, 0x820c2005, 0x82bc203b, 0x82e720d7, 0x0010220b, 0x20058210, 
    0x24fb8212, 0xff2200bc, 0x220b82db, 0x82c4ff3f, 0xff402205, 0x200582de, 0x20058460, 0x2671826e, 0xff6f00bc, 0x82bc03f1, 0x82f020c5, 0xffc22105, 
    0xcd200583, 0xbd2a6b82, 0xf3ff0c00, 0x1000bd03, 0x05821500, 0xd7821120, 0x1200bd24, 0x0b82d8ff, 0x08006f26, 0xba03bd03, 0x83820583, 0xbe031126, 
    0xf4ff0a00, 0x0d200582, 0xbe224782, 0x2f821100, 0x7182be20, 0x1182f320, 0x5f824020, 0x6000be22, 0xbe2e4782, 0x1400c003, 0xcc03be03, 0xbf030d00, 
    0x2f820b00, 0x0d00bf22, 0x10220b84, 0x1182d4ff, 0x0c001122, 0x12200582, 0xbf243b82, 0x0a001d00, 0x23220b82, 0x0582eaff, 0xe6ff4022, 0x5e220582, 
    0x0582f2ff, 0x0b846020, 0xddff6c22, 0x6e200b82, 0x6f262f84, 0xbf031800, 0x1183b603, 0x82b80321, 0x03bf245f, 0x82e2ffb9, 0xffba2211, 0x220582f6, 
    0x82ebffbb, 0x22778305, 0x84c203bf, 0xffc3221d, 0x221182ee, 0x82dcffc4, 0x84c62005, 0x84c72023, 0x84c8200b, 0x84c92005, 0x82cb2023, 0x82bf20e3, 
    0x821420a7, 0x82cd2023, 0x03bf24f5, 0x82e4ffce, 0xff0a22bd, 0x220582d5, 0x82d7ff0d, 0x00112205, 0x2205821b, 0x820f0012, 0x821d2005, 0x82c02089, 
    0x82f620ef, 0x823f200b, 0x00c0243b, 0x82edff40, 0xff6e220b, 0x280582d6, 0x03c4ff6f, 0xffb803c0, 0x220582f1, 0x821e00c0, 0x84c22005, 0x82c9200b, 
    0x03c02259, 0x208382cb, 0x226b84c0, 0x82cd03c0, 0x00c12a17, 0x03efff0c, 0x001000c1, 0x2205820d, 0x82f2ff22, 0x2a4d8305, 0xff6000c1, 0x03c103f0, 
    0x82f3ffbb, 0x000d22c9, 0x22058210, 0x82c8ff11, 0x82122005, 0x00c22271, 0x2089821d, 0x207782c2, 0x211182e3, 0x0583ff60, 0x15006e22, 0x6f220b82, 
    0x05822700, 0x11007826, 0xb603c203, 0xc2226b82, 0xe382b803, 0xb903c222, 0xc2206b82, 0xf2204d82, 0xc0201782, 0xc2208982, 0x14202582, 0xc3200b82, 
    0xc4202384, 0xc2227782, 0x1784c603, 0x0b84c720, 0x0584c820, 0x3b84c920, 0x3b84cb20, 0x1800cc22, 0xce262f82, 0xc303f9ff, 0x35820400, 0x0b00c324, 
    0x0b82deff, 0xeaff0d22, 0x10220582, 0x0582e2ff, 0x17841120, 0xe6ff2322, 0x3e220b82, 0x0582edff, 0xeeff5e22, 0x6c220582, 0x0582e7ff, 0xd1826e20, 
    0x7800c322, 0x9b820583, 0xc303ca24, 0x3583b803, 0xce209b82, 0xba200b82, 0xbb200b84, 0xc3248382, 0xe0ffbc03, 0xbd201182, 0xbe200b84, 0xc322ef82, 
    0x1184bf03, 0x0584c120, 0x2984c220, 0xbaffc322, 0xc4202382, 0xc5200584, 0xc6201784, 0xc322a782, 0x1184c703, 0x0584c820, 0x2984c920, 0x83ffca21, 
    0xffcb225f, 0x202f82c9, 0x204d84cd, 0x221184ce, 0x82efffdc, 0x00dd2811, 0x04c30319, 0x823500a8, 0x00a92805, 0x00c40320, 0x82e3ff0a, 0x820c2005, 
    0x00c422b3, 0x2441820d, 0x001000c4, 0x2011820c, 0x220b8411, 0x82e4ff12, 0x8422200b, 0x823f2005, 0x00c42447, 0x82dcff40, 0x84602011, 0x006c2205, 
    0x220b820b, 0x82e6ff6e, 0x836f2005, 0x25e38241, 0x03c403f2, 0x0583ffc2, 0xf8ffc922, 0xcc260b82, 0xc503eeff, 0x11820c00, 0x5982c520, 0x0b820d20, 
    0xb9822220, 0x4782c520, 0x0b82e920, 0x17826020, 0x8382c620, 0xc603e622, 0xe3202382, 0x0d220582, 0x0582f4ff, 0xc6248383, 0xecff1100, 0x83830b82, 
    0x2200c622, 0xc6244782, 0xf0ff3e00, 0x89831182, 0x4182c620, 0x0b82dc20, 0x9b826020, 0x6e00c624, 0x0b82ebff, 0xf6ff6f27, 0xc003c603, 0x213582ff, 
    0x0b82cc03, 0x0b00c722, 0xc7225f82, 0xa7820c00, 0x1000c722, 0xc7281782, 0x1e001200, 0x2300c703, 0xc7246582, 0x0d004000, 0x5e200b82, 0x60202384, 
    0x6c220b84, 0x1182e8ff, 0x19006f24, 0xad82c803, 0x05820c20, 0xd8ff1122, 0x12200582, 0xc824fb82, 0x14001d00, 0x40200b82, 0xc8244782, 0x12006e00, 
    0x6f220b82, 0x05823c00, 0x0f007826, 0xb803c803, 0xc8225982, 0x0584c203, 0x2983c920, 0x84cc0321, 0x82ce2005, 0x84c92089, 0x82c9207d, 0x03e626b3, 
    0xff6000c9, 0x200582f1, 0x261d826f, 0xffb603c9, 0x82c903f6, 0x820a203b, 0x00c22105, 0xc4200583, 0xc922e982, 0x0584c703, 0x0584c820, 0x0e00c922, 
    0xcc261d82, 0xca030c00, 0x11820c00, 0x9b82ca20, 0x0b820f20, 0x89821120, 0x1200ca22, 0x22200584, 0x3f201784, 0xca204d82, 0xe5206582, 0x60201d82, 
    0xcb261782, 0xddff0a00, 0x3582cb03, 0x0582df20, 0xefff0d22, 0x10200582, 0xcb244782, 0xe2ff1100, 0x3b830b82, 0x2200cb24, 0x0b82e6ff, 0xf0ff3e22, 
    0x3f200582, 0xcb20ef82, 0xda204182, 0x60220b82, 0x0582e4ff, 0xe8ff6e22, 0x6f200582, 0x78202f84, 0xcb285f82, 0xf1ffb803, 0xc003cb03, 0xc2200b84, 
    0xcc220b84, 0xed82e7ff, 0xf4ff0b22, 0x0d220582, 0x05820d00, 0x7d821020, 0x1100cc24, 0x0b821300, 0x15001222, 0x1d200582, 0xcc22c582, 0x35822300, 
    0x5f82cc20, 0x1182e320, 0x0b845e20, 0x83ff6021, 0xff6c220b, 0x221182e5, 0x820f006e, 0x006f2605, 0x03cc031c, 0x247182b6, 0x00b803cc, 0x200b8218, 
    0x215f83b9, 0x6b82bb03, 0xc003cc24, 0x11821400, 0x1784c220, 0x4183c320, 0x82c40321, 0x03cc22a1, 0x200584c7, 0x200584c8, 0x202384c9, 0x223584cb, 
    0x822000cc, 0x84cd202f, 0x82ce2029, 0x00cd22a1, 0x22e9820b, 0x820c00cd, 0x00cd2277, 0x22718210, 0x821100cd, 0x00cd226b, 0x26058412, 0x03edff22, 
    0x843e00cd, 0xff402223, 0x240b82d7, 0x03deff60, 0x20ef82cd, 0x280582f1, 0x03f3ffc6, 0xff0a00ce, 0x200582ea, 0x24e3820c, 0xff0d00ce, 0x220b82f5, 
    0x82170010, 0x82122005, 0x00ce2441, 0x82eeff22, 0x843f200b, 0x8440201d, 0x82602011, 0x00ce2253, 0x2017846e, 0x22c5826f, 0x827800ce, 0x03ce288f, 
    0x030800ba, 0x82cc03ce, 0x03dd2a95, 0x031f00b7, 0x00bb03dd, 0x2205822c, 0x820d00bd, 0x00c02205, 0x24058262, 0x041500c3, 0x201782a8, 0x2405820b, 
    0x044800c0, 0x822983a9, 0x00bb2205, 0x2205822a, 0x821200bd, 0x00c02205, 0x23058266, 0x001f00c3, 0x1a240083, 0x01003e01, 0x03820883, 0x18074922, 
    0x01240b86, 0x4a070600, 0x02240b86, 0x86070400, 0x03240b86, 0x70071f00, 0x04240b86, 0x7f070b00, 0x05240b86, 0x7d0a0c00, 0x06240b86, 0x720a0b00, 
    0x07240b86, 0x320a4000, 0x08240b86, 0x61070f00, 0x09200b86, 0x0a240b8a, 0x8f07a302, 0x0b241786, 0x890a1a00, 0x0c200b86, 0x03240b84, 0x09040100, 
    0x92209b82, 0x0b850382, 0x0c000125, 0x85006400, 0x0002240b, 0x86dc0008, 0x0003240b, 0x86b00040, 0x0004240b, 0x86ce0016, 0x0005240b, 0x86cc0618, 
    0x0006240b, 0x86b60616, 0x0007240b, 0x86360680, 0x0008240b, 0x8692001e, 0x8a09200b, 0x050a240b, 0x86f00046, 0x000b2417, 0x86e40634, 0x840c200b, 
    0x0043380b, 0x0070006f, 0x00720079, 0x00670069, 0x00740068, 0x00320020, 0x82310030, 0x00202601, 0x00610043, 0x2021826e, 0x201d826e, 0x200b8263, 
    0x201d826c, 0x2223824c, 0x822e0064, 0x00202209, 0x2017844c, 0x22238265, 0x82650073, 0x002022d1, 0x200b8275, 0x200b8264, 0x201f8272, 0x204f8274, 
    0x22078265, 0x84620055, 0x82742017, 0x00202205, 0x204f8446, 0x22498474, 0x82630069, 0x846e202b, 0x82202005, 0x822e2071, 0x84442079, 0x84742067, 
    0x00202225, 0x200d824d, 0x83998261, 0x8274206b, 0x871d8b61, 0x2091851b, 0x2069903a, 0x20438242, 0x2095846c, 0x22af8230, 0x82380030, 0x9e54205d, 
    0x82462093, 0x826d206f, 0x006c22d5, 0x224f8279, 0x82720061, 0x0020249f, 0x8269006c, 0x200b85c3, 0x22998466, 0x82730074, 0x8866201f, 0x826420ef, 
    0x8462200d, 0x19334133, 0x39842020, 0x49822020, 0x85826520, 0x55826120, 0x35826620, 0x83006f21, 0x152b4105, 0x7f827020, 0x6a006f22, 0x63228382, 
    0xc3827400, 0x87002021, 0x208587bf, 0x20df8220, 0x248b8265, 0x00670069, 0x204d826e, 0x22638277, 0x826b0072, 0x82612009, 0x8264200f, 0x84742007, 
    0x8268203d, 0x0069210d, 0x2407c341, 0x006d0069, 0x207f8270, 0x20078265, 0x20198265, 0x22f58274, 0x86690074, 0x8469209f, 0x826220db, 0x82692037, 
    0x8267201b, 0x09d54143, 0x6b202983, 0x6b831982, 0xaf41ef85, 0x822e2015, 0x22ab8735, 0x82790074, 0x8265206d, 0x416120e7, 0x618506e9, 0x75827320, 
    0x6b826e20, 0x03822d20, 0xe9826520, 0x21826920, 0x6d842c20, 0x61827320, 0x09827320, 0x37844f20, 0xf5826e20, 0x20204185, 0x65202182, 0x74223582, 
    0x2f827500, 0xa7846520, 0x5385e787, 0x53846d20, 0x05827520, 0xdf826c20, 0x43827920, 0xd7826820, 0x74006e22, 0x20069f42, 0x20e38266, 0x20158272, 
    0x201d8263, 0x20738461, 0x419d8274, 0x64200799, 0x73222582, 0x2d826b00, 0x70006f22, 0x200a4341, 0x2235826d, 0x82690062, 0x82652033, 0x82632015, 
    0x826d200d, 0x8275201f, 0x07214127, 0xd9827320, 0x3d827220, 0x24050b43, 0x000d002e, 0x4103840a, 0x1f830703, 0xcd846f20, 0xf1416b83, 0x091d4319, 
    0x830d8942, 0x82632067, 0x4175207f, 0x202006ef, 0x2020e186, 0x68208382, 0x2506a342, 0x006e0061, 0xfb830067, 0xc7846720, 0x0b822020, 0x41079743, 
    0x654205ab, 0x82762007, 0x8272203d, 0x846f20cf, 0x00202121, 0x200da143, 0x068f4175, 0xeb827320, 0x72006122, 0xff41ed82, 0x426b8905, 0x6c200565, 
    0x20218b82, 0x83998300, 0x20238319, 0x20318265, 0x22118277, 0x43680074, 0x27200e8d, 0x20205382, 0x6820ff82, 0x6c201d82, 0x73205182, 0x70200382, 
    0x79202582, 0x15833184, 0x33846320, 0xcf827320, 0x03826120, 0x8305db41, 0x82612047, 0x8220200d, 0x827620cf, 0x00722103, 0x75202f83, 0x20209f86, 
    0x68200782, 0x89859d84, 0x21826220, 0xd9822020, 0xa7416220, 0x82742006, 0x0703411b, 0x6920bb87, 0x3783cf82, 0x66006f22, 0x77205782, 0xd5432d82, 
    0x41c58705, 0xb341154b, 0x8343850d, 0x826f20af, 0x826320cd, 0x0bed4275, 0x200db343, 0x20218220, 0x24e38273, 0x006e006f, 0x208f8267, 0x20078469, 
    0x0a5b422c, 0xb5847720, 0x78006524, 0x09827000, 0xed846320, 0x6520f783, 0x66202382, 0x220c8d44, 0x82690077, 0x826c20d9, 0x83e98517, 0x82742033, 
    0x006e2233, 0x20058264, 0x85178264, 0x826320f1, 0x052d4167, 0x43002021, 0x6541050f, 0x82722005, 0x8274203f, 0x0065225f, 0x202b826e, 0x425b826c, 
    0x05410f2f, 0x8263200d, 0x826d2047, 0x22258333, 0x82790020, 0x00612663, 0x00730072, 0x0e2f422e, 0x44078143, 0x318313f9, 0x7220c983, 0x67203d82, 
    0x73204b82, 0x0d837f84, 0x7220af85, 0xbd838582, 0x7222a783, 0x5d826b00, 0x93076b41, 0x824c204d, 0x8e64203d, 0x002d217f, 0x2007e745, 0x83638256, 
    0x07c7449f, 0x29823020, 0x30003826, 0x74006800, 0x70240182, 0x2f003a00, 0x77210182, 0x22018300, 0x4664002e, 0x7d830a67, 0x67006122, 0xf3852f82, 
    0x432f3d08, 0x7279706f, 0x74686769, 0x31303220, 0x61432031, 0x696e6f6e, 0x206c6163, 0x2e64744c, 0x694c2020, 0x736e6563, 0x75206465, 0x7265646e, 
    0x65687420, 0x75625520, 0x2075746e, 0x746e6f46, 0x63301e85, 0x2e312065, 0x6c614430, 0x206e6f74, 0x6761614d, 0x0e853b83, 0x48820d83, 0x34873a20, 
    0x6c6f4229, 0x2e302064, 0x8e543038, 0x61462d48, 0x796c696d, 0x65726120, 0x62696c20, 0x66200582, 0x73225e82, 0x76836620, 0x62206423, 0x20988d79, 
    0x28688220, 0x61686562, 0x6f20666c, 0x28948b66, 0x6a6f7270, 0x2e746365, 0x835f8320, 0x64203442, 0x67697365, 0x6f77206e, 0x61206b72, 0x7420646e, 
    0x85686365, 0x6d692be0, 0x6d656c70, 0x61746e65, 0x4f826974, 0x20736927, 0x6e696562, 0x24e98567, 0x656b6174, 0x8a77836e, 0x255585d6, 0x65707974, 
    0xf3826166, 0x73353082, 0x2d736e61, 0x69726573, 0x75202c66, 0x20736573, 0x6e65704f, 0x28208254, 0x61656620, 0x65727574, 0x82738473, 0x616d2529, 
    0x6c61756e, 0x6831e182, 0x65746e69, 0x6f662064, 0x6c632072, 0x74697261, 0x82cc8379, 0x746b23a5, 0x2d84706f, 0x626f6d2c, 0x20656c69, 0x706d6f63, 
    0x90837475, 0x7263732b, 0x736e6565, 0x0d0a0d2e, 0x24d7830a, 0x706f6373, 0x24f88e65, 0x746e6f46, 0x06444120, 0x636e6924, 0x5182756c, 0x70822020, 
    0x6874202b, 0x616c2065, 0x6175676e, 0x828d8267, 0x836420a4, 0x201583d5, 0x227d8276, 0x4173756f, 0x1a82079a, 0xae827220, 0x756f7224, 0x3584646e, 
    0x726f7731, 0x6920646c, 0x7574206e, 0x7720656e, 0x86687469, 0x7327372a, 0x69687020, 0x6f736f6c, 0x20796870, 0x63696877, 0x74732068, 0x5f827461, 
    0x6168742a, 0x76652074, 0x20797265, 0x20244f83, 0x756f6873, 0x62294482, 0x62612065, 0x7420656c, 0x8316836f, 0x72692a5d, 0x666f7320, 0x72617774, 
    0x8a628465, 0x82d986a5, 0x68632521, 0x6563696f, 0x41057641, 0x203906d9, 0x6f207369, 0x696f676e, 0x202c676e, 0x20646e61, 0x65206577, 0x63657078, 
    0x20b38474, 0x05464266, 0x6c697724, 0x7482206c, 0x74786527, 0x65646e65, 0x21788364, 0x96826f63, 0x616d2023, 0x22b2826e, 0x82746972, 0x0a174118, 
    0x8282e583, 0x6d6f6322, 0x20265882, 0x72616579, 0xe7422e73, 0x43648306, 0xaf830915, 0x67657227, 0x65747369, 0x27578372, 0x65646172, 0x6b72616d, 
    0x66209582, 0x860da342, 0x2d26083f, 0x646c6f42, 0x73726556, 0x206e6f69, 0x30382e30, 0x70747468, 0x772f2f3a, 0x642e7777, 0x6f746c61, 0x61616d6e, 
    0x79822e67, 0x82002f21, 0x00022100, 0xff230084, 0x84780085, 0x07048e08, 0xf004f409, 0x02010000, 0x03000200, 0x05000400, 0x07000600, 0x09000800, 
    0x0b000a00, 0x0d000c00, 0x0f000e00, 0x11001000, 0x13001200, 0x15001400, 0x17001600, 0x19001800, 0x1b001a00, 0x1d001c00, 0x1f001e00, 0x21002000, 
    0x23002200, 0x25002400, 0x27002600, 0x29002800, 0x2b002a00, 0x2d002c00, 0x2f002e00, 0x31003000, 0x33003200, 0x35003400, 0x37003600, 0x39003800, 
    0x3b003a00, 0x3d003c00, 0x3f003e00, 0x41004000, 0x43004200, 0x45004400, 0x47004600, 0x49004800, 0x4b004a00, 0x4d004c00, 0x4f004e00, 0x51005000, 
    0x53005200, 0x55005400, 0x57005600, 0x59005800, 0x5b005a00, 0x5d005c00, 0x5f005e00, 0x61006000, 0xc4000301, 0xc500a600, 0x8200ab00, 0xd800c200, 
    0xe400c600, 0xb000be00, 0xb700b600, 0xb500b400, 0xb2008700, 0xd900b300, 0xe5008c00, 0xb100bf00, 0x0401bb00, 0x8400a300, 0xbd008500, 0xe8009600, 
    0x8e008600, 0x9d008b00, 0xa400a900, 0x8a000501, 0x83000601, 0xf2009300, 0x8d00f300, 0x88009700, 0xde000701, 0x9e00f100, 0xf500aa00, 0xf600f400, 
    0xad00a200, 0xc700c900, 0x6200ae00, 0x90006300, 0xcb006400, 0xc8006500, 0xcf00ca00, 0xcd00cc00, 0xe900ce00, 0xd3006600, 0xd100d000, 0x6700af00, 
    0x9100f000, 0xd400d600, 0x6800d500, 0xed00eb00, 0x6a008900, 0x6b006900, 0x6c006d00, 0xa0006e00, 0x71006f00, 0x72007000, 0x75007300, 0x76007400, 
    0xea007700, 0x7a007800, 0x7b007900, 0x7c007d00, 0xa100b800, 0x7e007f00, 0x81008000, 0xee00ec00, 0x0801ba00, 0x0a010901, 0x0c010b01, 0xfd000d01, 
    0x0e01fe00, 0x10010f01, 0xff001101, 0x12010001, 0x14011301, 0x16011501, 0x18011701, 0x1a011901, 0x1c011b01, 0x1e011d01, 0x20011f01, 0xf8002101, 
    0x2201f900, 0x24012301, 0x26012501, 0x28012701, 0x2a012901, 0x2c012b01, 0x2e012d01, 0x30012f01, 0x32013101, 0x3301d700, 0x35013401, 0x37013601, 
    0x39013801, 0x3b013a01, 0x3d013c01, 0x3f013e01, 0x41014001, 0x43014201, 0xe300e200, 0x45014401, 0x47014601, 0x49014801, 0x4b014a01, 0x4d014c01, 
    0x4f014e01, 0x51015001, 0x53015201, 0x55015401, 0x57015601, 0x59015801, 0x5b015a01, 0x5d015c01, 0xfc00fb00, 0x5f015e01, 0x61016001, 0x63016201, 
    0x65016401, 0x67016601, 0x69016801, 0x6b016a01, 0x6d016c01, 0x6f016e01, 0x71017001, 0x73017201, 0x75017401, 0x77017601, 0xe700e600, 0x79017801, 
    0x7b017a01, 0x7d017c01, 0xe1007e01, 0xdb007f01, 0xdd00dc00, 0xdf00e000, 0x81018001, 0x83018201, 0x85018401, 0x87018601, 0x8801bc00, 0x8a018901, 
    0x8c018b01, 0x8e018d01, 0x90018f01, 0x92019101, 0x94019301, 0x96019501, 0x98019701, 0x9a019901, 0x9c019b01, 0x9e019d01, 0xa0019f01, 0xa201a101, 
    0xa401a301, 0xa601a501, 0xa801a701, 0xaa01a901, 0xac01ab01, 0xae01ad01, 0xb001af01, 0xb201b101, 0xb3019800, 0x99009a00, 0xef00b401, 0xb601b501, 
    0x9200a500, 0xa7009c00, 0x94008f00, 0xb9009500, 0xc000b701, 0xc100b801, 0xba01b901, 0xbc01bb01, 0xbe01bd01, 0xc001bf01, 0xc201c101, 0xc401c301, 
    0xc601c501, 0xc801c701, 0xca01c901, 0xcc01cb01, 0xce01cd01, 0xd001cf01, 0xd201d101, 0xd401d301, 0xd601d501, 0xd801d701, 0xda01d901, 0xdc01db01, 
    0xde01dd01, 0xe001df01, 0xe201e101, 0xe401e301, 0xe601e501, 0xe801e701, 0xea01e901, 0xec01eb01, 0xee01ed01, 0xf001ef01, 0xf201f101, 0xf401f301, 
    0xf601f501, 0xf801f701, 0xfa01f901, 0xfc01fb01, 0xfe01fd01, 0x0002ff01, 0x02020102, 0x04020302, 0x06020502, 0x08020702, 0x0a020902, 0x0c020b02, 
    0x0e020d02, 0x10020f02, 0x12021102, 0x14021302, 0x16021502, 0x18021702, 0x1a021902, 0x1c021b02, 0x1e021d02, 0x20021f02, 0x22022102, 0x24022302, 
    0x26022502, 0x28022702, 0x2a022902, 0x2c022b02, 0x2e022d02, 0x30022f02, 0x32023102, 0x34023302, 0x36023502, 0x38023702, 0x3a023902, 0x3c023b02, 
    0x3e023d02, 0x40023f02, 0x42024102, 0x44024302, 0x46024502, 0x48024702, 0x4a024902, 0x4c024b02, 0x4e024d02, 0x50024f02, 0x52025102, 0x54025302, 
    0x56025502, 0x58025702, 0x5a025902, 0x5c025b02, 0x5e025d02, 0x60025f02, 0x62026102, 0x64026302, 0x66026502, 0x68026702, 0x6a026902, 0x6c026b02, 
    0x6e026d02, 0x70026f02, 0x72027102, 0x74027302, 0x76027502, 0x78027702, 0x7a027902, 0x7c027b02, 0x7e027d02, 0x80027f02, 0x82028102, 0x84028302, 
    0x86028502, 0x88028702, 0x8a028902, 0x8c028b02, 0x8e028d02, 0x90028f02, 0x92029102, 0x94029302, 0x96029502, 0x98029702, 0x9a029902, 0x9c029b02, 
    0x9e029d02, 0xa0029f02, 0xa202a102, 0xa402a302, 0xa602a502, 0xa802a702, 0xaa02a902, 0xac02ab02, 0xae02ad02, 0xb002af02, 0xb202b102, 0xb402b302, 
    0xb602b502, 0xb802b702, 0xba02b902, 0xbc02bb02, 0xbe02bd02, 0xc002bf02, 0xc202c102, 0xc402c302, 0xc602c502, 0xc802c702, 0xca02c902, 0xcc02cb02, 
    0xce02cd02, 0xd002cf02, 0xd202d102, 0xd402d302, 0xd602d502, 0xd802d702, 0xda02d902, 0xdc02db02, 0xde02dd02, 0xe002df02, 0xe202e102, 0xe402e302, 
    0xe602e502, 0xe802e702, 0xea02e902, 0xec02eb02, 0xee02ed02, 0xf002ef02, 0xf202f102, 0xf402f302, 0xf602f502, 0xf802f702, 0xfa02f902, 0xfc02fb02, 
    0xfe02fd02, 0x0003ff02, 0x02030103, 0x04030303, 0x06030503, 0x08030703, 0x0a030903, 0x0c030b03, 0x0e030d03, 0x10030f03, 0x12031103, 0x14031303, 
    0x16031503, 0x18031703, 0x1a031903, 0x1c031b03, 0x1e031d03, 0x20031f03, 0x22032103, 0x24032303, 0x26032503, 0x28032703, 0x2a032903, 0x2c032b03, 
    0x2e032d03, 0x30032f03, 0x32033103, 0x34033303, 0x36033503, 0x38033703, 0x3a033903, 0x3c033b03, 0x3e033d03, 0x40033f03, 0x42034103, 0x44034303, 
    0x46034503, 0x48034703, 0x4a034903, 0x4c034b03, 0x4e034d03, 0x50034f03, 0x52035103, 0x54035303, 0x56035503, 0x58035703, 0x5a035903, 0x5c035b03, 
    0x5e035d03, 0x60035f03, 0x62036103, 0x64036303, 0x66036503, 0x68036703, 0x6a036903, 0x6c036b03, 0x6e036d03, 0x70036f03, 0x72037103, 0x74037303, 
    0x76037503, 0x78037703, 0x7a037903, 0x7c037b03, 0x7e037d03, 0x80037f03, 0x82038103, 0x84038303, 0x86038503, 0x88038703, 0x8a038903, 0x8c038b03, 
    0x8e038d03, 0x90038f03, 0x92039103, 0x94039303, 0x96039503, 0x98039703, 0x9a039903, 0x9c039b03, 0x9e039d03, 0xa0039f03, 0xa203a103, 0xa403a303, 
    0xa603a503, 0xa803a703, 0xaa03a903, 0xac03ab03, 0xae03ad03, 0xb003af03, 0xb203b103, 0xb403b303, 0xb603b503, 0xb803b703, 0xba03b903, 0xbc03bb03, 
    0xbe03bd03, 0x9f00bf03, 0xc103c003, 0xc303c203, 0xc503c403, 0xc703c603, 0xc903c803, 0xcb03ca03, 0xcd03cc03, 0x9b00ce03, 0xd003cf03, 0xd203d103, 
    0xd403d303, 0xd603d503, 0xd803d703, 0xda03d903, 0xdc03db03, 0xde03dd03, 0xe003df03, 0xe203e103, 0xe403e303, 0xe603e503, 0xe803e703, 0xea03e903, 
    0xec03eb03, 0xee03ed03, 0xf003ef03, 0xf203f103, 0xf403f303, 0xf603f503, 0xf803f703, 0xfa03f903, 0xfc03fb03, 0xfe03fd03, 0x0004ff03, 0x02040104, 
    0x04040304, 0x06040504, 0x08040704, 0x0a040904, 0x0c040b04, 0x0e040d04, 0x10040f04, 0x12041104, 0x14041304, 0x16041504, 0x18041704, 0x1a041904, 
    0x1c041b04, 0x1e041d04, 0x20041f04, 0x22042104, 0x24042304, 0x26042504, 0x28042704, 0x2a042904, 0x2c042b04, 0x2e042d04, 0x30042f04, 0x32043104, 
    0x34043304, 0x36043504, 0x38043704, 0x3a043904, 0x3c043b04, 0x3e043d04, 0x40043f04, 0x42044104, 0x44044304, 0x46044504, 0x48044704, 0x4a044904, 
    0x4c044b04, 0x4e044d04, 0x50044f04, 0x52045104, 0x54045304, 0x56045504, 0x58045704, 0x5a045904, 0x5c045b04, 0x5e045d04, 0x60045f04, 0x62046104, 
    0x64046304, 0x66046504, 0x68046704, 0x6a046904, 0x6c046b04, 0x6e046d04, 0x70046f04, 0x72047104, 0x74047304, 0x76047504, 0x78047704, 0x7a047904, 
    0x7c047b04, 0x7e047d04, 0x80047f04, 0x82048104, 0x84048304, 0x86048504, 0x88048704, 0x8a048904, 0x8c048b04, 0x8e048d04, 0x90048f04, 0x92049104, 
    0x94049304, 0x96049504, 0x98049704, 0x9a049904, 0x9c049b04, 0x9e049d04, 0xa0049f04, 0xa204a104, 0xa404a304, 0xa604a504, 0xa804a704, 0xaa04a904, 
    0xac04ab04, 0xae04ad04, 0xb004af04, 0xb204b104, 0xb404b304, 0xb604b504, 0xb804b704, 0xba04b904, 0xbc04bb04, 0xbe04bd04, 0xc004bf04, 0xc204c104, 
    0xc404c304, 0xc604c504, 0xc804c704, 0xca04c904, 0xcc04cb04, 0xce04cd04, 0xd004cf04, 0xd204d104, 0xd404d304, 0xd604d504, 0xd804d704, 0xda04d904, 
    0xdc04db04, 0xde04dd04, 0xe004df04, 0xe204e104, 0xe404e304, 0xe604e504, 0xe804e704, 0xea04e904, 0xec04eb04, 0xee04ed04, 0xf004ef04, 0xf204f104, 
    0xf404f304, 0xf604f504, 0xf804f704, 0x756e2e05, 0x45046c6c, 0x076f7275, 0x30696e75, 0x86304130, 0x06443807, 0x7263616d, 0x700e6e6f, 0x6f697265, 
    0x6e656364, 0x65726574, 0x85410764, 0x61072116, 0x06280785, 0x65726241, 0x61066576, 0x07290684, 0x6f676f41, 0x076b656e, 0x2d078561, 0x6963430b, 
    0x6d756372, 0x78656c66, 0x0b89630b, 0x64430a26, 0x6361746f, 0x0a215483, 0x230a8863, 0x61634406, 0x06217182, 0x25068564, 0x6f726344, 0x0d827461, 
    0x07210683, 0x216f8545, 0x07856507, 0x84450621, 0x65062170, 0x0a210684, 0x21448845, 0x0a88650a, 0x85450721, 0x65072185, 0x06210785, 0x20588545, 
    0x21068465, 0x8f89470b, 0x89670b21, 0x470a210b, 0x67204b89, 0x0c260a88, 0x6d6f6347, 0xb385616d, 0x8a670c21, 0x480b210c, 0x0b213b89, 0x260b8968, 
    0x61624804, 0x82680472, 0x49062804, 0x646c6974, 0x84690665, 0x49072106, 0x0721c185, 0x21078569, 0xc2844906, 0x84690621, 0x49072106, 0x0721ab85, 
    0x21078569, 0x8288490a, 0x2e69062e, 0x6c636f6c, 0x024a4902, 0x4a0b6a69, 0x0b216989, 0x210b896a, 0x9a8a4b0c, 0x8a6b0c21, 0x6b11320c, 0x65657267, 
    0x6e616c6e, 0x2e636964, 0x65736163, 0x28118b0c, 0x63614c06, 0x06657475, 0x2106846c, 0x398a4c0c, 0x8a6c0c21, 0x4c06280c, 0x6f726163, 0x846c066e, 
    0x4c042106, 0x04219e82, 0x2104826c, 0x3f854e06, 0x3f856e20, 0x328a4e20, 0x8a6e0c21, 0x4e06210c, 0x06213884, 0x2b06846e, 0x70616e10, 0x7274736f, 
    0x6568706f, 0x0b209384, 0x0329108a, 0x03676e45, 0x07676e65, 0x0529414f, 0x856f0721, 0x4f062807, 0x76657262, 0x846f0665, 0x4f0d2f06, 0x676e7568, 
    0x6d757261, 0x7475616c, 0x0d8b6f0d, 0x84520621, 0x7206218d, 0x0c210684, 0x21878a52, 0x0c8a720c, 0x84520621, 0x7206218d, 0x53200685, 0x06212e84, 
    0x21068473, 0x5d41530b, 0x730b2109, 0x07270b89, 0x30696e75, 0x86323631, 0x06332207, 0x203c8554, 0x26068474, 0x61625404, 0x82740472, 0x55062804, 
    0x646c6974, 0x84750665, 0x55072106, 0x0721c385, 0x21078575, 0xc4845506, 0x84750621, 0x55052706, 0x676e6972, 0x05837505, 0x8c550d21, 0x8b7520d7, 
    0x5507210d, 0x21051d42, 0x07857507, 0x89570b21, 0x770b2197, 0x59200b8a, 0x79200b8a, 0x06210b89, 0x21da845a, 0x06847a06, 0x425a0a21, 0x0a210863, 
    0x270a887a, 0x6e6f6c05, 0x530c7367, 0x210a2641, 0x0c8a730c, 0x3222f784, 0x07864131, 0x82084221, 0x656c2539, 0x0a6a7373, 0x8509d241, 0x39432a1b, 
    0x72675706, 0x06657661, 0x20068577, 0x21768457, 0x06847706, 0x6457092b, 0x65726569, 0x09736973, 0x21098777, 0x28855906, 0x06847920, 0x657a0c31, 
    0x75736f72, 0x69726570, 0x660c726f, 0x8972756f, 0x7669220c, 0x230c8765, 0x7869730b, 0x0d250b87, 0x65766573, 0x240d886e, 0x68676965, 0x22348874, 
    0x886e696e, 0x225b8434, 0x84666e69, 0x6f0b235b, 0x0b88656e, 0x6f777422, 0x0d240b87, 0x65726874, 0x81841988, 0x0c211a87, 0x88818266, 0x88818233, 
    0x88818433, 0x8881840d, 0x87818334, 0x61093d0c, 0x36696966, 0x39383231, 0x74736509, 0x74616d69, 0x6f086465, 0x6874656e, 0x09647269, 0x08848582, 
    0x82097321, 0x21448412, 0x8d840c68, 0x73210b85, 0x867f830b, 0x840c200b, 0x830c8672, 0x69662442, 0x83687466, 0x21088442, 0x38840b73, 0x0a240b85, 
    0x72756f66, 0x29830a85, 0x7422b882, 0x4b830a68, 0x73210984, 0x846d820a, 0x6874224d, 0x8682820b, 0x4173200a, 0x0d870508, 0x43830c20, 0x69220c89, 
    0x0c876576, 0x45820b20, 0x08200b87, 0xef824a82, 0x08848885, 0x7c847320, 0x36820a87, 0x0b200a85, 0x0b863184, 0x0b85c584, 0x6544052d, 0x0761746c, 
    0x32696e75, 0x84363231, 0x31322207, 0x24078635, 0x5f660339, 0x20038266, 0x21038269, 0x0b82056c, 0x84695f21, 0x086c2a05, 0x6f72657a, 0x746c612e, 
    0x847f8207, 0x83c78207, 0x74092507, 0x65657268, 0x08200983, 0x0885bf83, 0x23848482, 0x2384b782, 0x09848a84, 0x24848884, 0x36848d82, 0x59840920, 
    0x70757323, 0x20da8373, 0x8308842e, 0x2008835b, 0x835c850a, 0x8409200a, 0x8309855d, 0x8327845e, 0x8527845f, 0x850a8460, 0x84288461, 0x85098462, 
    0x6e692263, 0x83638566, 0x82638408, 0x82638708, 0x8463860a, 0x82638409, 0x84082009, 0x20088263, 0x8363860a, 0x8263860a, 0x8509200a, 0x24098363, 
    0x6f726163, 0x20da836e, 0x0ad6430b, 0x65720e23, 0x200e8a76, 0x3024880f, 0x6f68732e, 0x50097472, 0x6e657261, 0x7466656c, 0x3c09840a, 0x68676972, 
    0x79480674, 0x6e656870, 0x616c5305, 0x41026873, 0x72420b74, 0x656b6361, 0x21268374, 0x0a824209, 0x18837320, 0x15860c20, 0x09203284, 0x65200c83, 
    0x09844784, 0x0d291484, 0x6c697547, 0x676e6973, 0x2218836c, 0x82754206, 0x06742407, 0x82646e45, 0x45062256, 0x2006836d, 0x8422880e, 0x450a2a31, 
    0x616c6378, 0x776f646d, 0x233c846e, 0x6f6d656c, 0x27847684, 0x27840d84, 0x75510c28, 0x69747365, 0x29836e6f, 0x6e750726, 0x38313069, 0x2205e948, 
    0x86313831, 0x06c9450f, 0x86333821, 0x8634200f, 0x86352007, 0x86362007, 0x86372007, 0x86382007, 0x86392007, 0x05094507, 0x42383122, 0x43200f86, 
    0x44200786, 0x45200786, 0x46200786, 0x39210785, 0x20078630, 0x86078631, 0x86392077, 0x86392077, 0x86392077, 0x86392077, 0x86392077, 0x86392077, 
    0x86392077, 0x86392077, 0x86392077, 0x86392077, 0x86392077, 0x46392977, 0x6f684f05, 0x6f056e72, 0x73850583, 0xf3864120, 0x7b864120, 0x7b864120, 
    0x7b864120, 0x7b864120, 0x7b864120, 0x7b864120, 0x7b864120, 0x7b864120, 0x7b864120, 0x7b864120, 0x7b864120, 0x05454123, 0x20738455, 0x21738975, 
    0x7b853142, 0x7b864220, 0x7b864220, 0x7b864220, 0x7b864220, 0x7b864220, 0x7b864220, 0x7b864220, 0x7b864220, 0x7b864220, 0x7b864220, 0x7b864220, 
    0x7b864220, 0xf7864220, 0x85464221, 0x3043216f, 0x31200786, 0x7f860786, 0x7f864320, 0x7f864320, 0x7f864320, 0x7f864320, 0x7f864320, 0x7f864320, 
    0x7f864320, 0x7f864320, 0x7f864320, 0x7f864320, 0x7f864320, 0x7f864320, 0x7f864320, 0x85304421, 0x31442177, 0x7f860786, 0x7f864420, 0x7f864420, 
    0x7f864420, 0x7f864420, 0x7f864420, 0x7f864420, 0x7f864420, 0x7f864420, 0x7f864420, 0x7f864420, 0x7f864420, 0x7f864420, 0x7f864420, 0x85304521, 
    0x31452177, 0x7f860786, 0x7f864520, 0x7f864520, 0x06354523, 0x05274b47, 0x06846720, 0x7d862d86, 0x7d864520, 0x7d864520, 0x7d864520, 0x7d864520, 
    0x86444521, 0x207d862f, 0x217d8645, 0x17853046, 0x86314621, 0x207d8607, 0x207d8646, 0x207d8646, 0x20fd8646, 0x20fd8646, 0x20fd8646, 0x2e7f8646, 
    0x410a3946, 0x676e6972, 0x74756361, 0x88610a65, 0x4107220a, 0x22128445, 0x84656107, 0x4f0b2607, 0x73616c73, 0x200b8568, 0x840b896f, 0x3032227d, 
    0x85078630, 0x3032218d, 0x32218d85, 0x218d8530, 0x8d853032, 0x85303221, 0x3032218d, 0x32218d85, 0x218d8530, 0x8d853032, 0x41303221, 0x3221050d, 
    0x050d4130, 0x41303221, 0x3221050d, 0x050d4130, 0x41303221, 0x3221050d, 0x050d4130, 0x41303221, 0x3222050d, 0x7f853031, 0x86313121, 0x207f8607, 
    0x207f8631, 0x467f8631, 0x302205e6, 0x7f863132, 0x7f863120, 0x5f863120, 0x5f863120, 0x5f863120, 0x5f863120, 0x5f863220, 0x5f863220, 0x5f863220, 
    0x5f863220, 0x5f863220, 0xdf863220, 0x22055647, 0x86323230, 0x8632205f, 0x863220df, 0x863220df, 0x863220df, 0x863220df, 0x8632207f, 0x8632207f, 
    0x8632207f, 0x3033217f, 0x3321d785, 0x86078631, 0x8633207f, 0x8633207f, 0x8633207f, 0x8633207f, 0x863320df, 0x86332077, 0x86332077, 0x86332077, 
    0x86332077, 0x86332077, 0x86332077, 0x86332077, 0x30342177, 0x34216f85, 0x86078631, 0x86342077, 0x86342077, 0x86342077, 0x86342077, 0x86342077, 
    0x863420f7, 0x8634207f, 0x8634207f, 0x8634207f, 0x8634207f, 0x8634207f, 0x8634207f, 0x8634207f, 0x3929087f, 0x72620e32, 0x5f657665, 0x65766e69, 
    0x64657472, 0x756f640c, 0x5f656c62, 0x76617267, 0x69720a65, 0x615f676e, 0x65747563, 0x07e94a0f, 0x064c5f20, 0x640a2305, 0x0a86746f, 0x1a880e20, 
    0x0e893484, 0x0e893884, 0x0c256884, 0x646c6974, 0x20398665, 0x24218409, 0x6373612e, 0x09ea4b0e, 0x09210e83, 0x05e94763, 0x12637322, 0x2e235c8d, 
    0x89706163, 0x8c3e8512, 0x83648412, 0x75073125, 0x3430696e, 0x61093030, 0x31696966, 0x33323030, 0x35210987, 0x20098831, 0x89098832, 0x8834201d, 
    0x88352013, 0x88362009, 0x88372009, 0x88382009, 0x87392009, 0x88362009, 0x3136216d, 0x44207f86, 0x6b871b88, 0x88343121, 0x88312057, 0x8831204d, 
    0x8831204d, 0x8932204d, 0x20b188bb, 0x20b18832, 0x20a78832, 0x204f8832, 0x20a78832, 0x20598832, 0x20598832, 0x20598832, 0x20598833, 0x20598833, 
    0x20598833, 0x080b4133, 0x63883320, 0x63883320, 0x63883320, 0x63883320, 0x63883320, 0x63883320, 0x63883420, 0x63883420, 0x63883420, 0x63883420, 
    0x63883420, 0x20091741, 0x20638834, 0x20638834, 0x20638834, 0x20638834, 0x20958836, 0x20318836, 0x20318836, 0x20318836, 0x20318836, 0x20958837, 
    0x208b8837, 0x208b8837, 0x208b8837, 0x20598837, 0x20598837, 0x20598837, 0x20598837, 0x20598837, 0x20598838, 0x20ef8838, 0x20638838, 0x20638838, 
    0x20638838, 0x20638838, 0x20638838, 0x20638838, 0x20638838, 0x20638838, 0x20638839, 0x20638839, 0x20638839, 0x20638839, 0x20638839, 0x20638839, 
    0x20638839, 0x053b4439, 0x88353421, 0x8937204d, 0x206b874d, 0x08394331, 0x87303121, 0x3031211d, 0x2008c342, 0x216b8730, 0x6b873031, 0x87303121, 
    0x3031216b, 0x31216b87, 0x21cf8730, 0xcf873031, 0x83463120, 0x35342106, 0x22071b43, 0x43303131, 0x31230625, 0x430e3339, 0x362606af, 0x6f6c2e36, 
    0x46436c63, 0x06b45005, 0x45363421, 0x34210516, 0x05264537, 0x87373421, 0x0526450f, 0x45373421, 0x34210526, 0x05064538, 0xda4a3420, 0x38342106, 
    0x21050645, 0x06453834, 0x38342105, 0x22050645, 0x43463834, 0x0c4108c4, 0x06ae4a08, 0x86393421, 0x86392063, 0x86392063, 0x86392063, 0x45392063, 
    0x3420058a, 0x88074e41, 0x058a4537, 0xe64a3420, 0x4a342006, 0x342006e6, 0x2006e64a, 0x06e64a34, 0x86393421, 0x45392083, 0x3420058a, 0x2206c854, 
    0x85314134, 0x06ea4af3, 0xea4a3420, 0x4a342006, 0x342006ea, 0x2006ea4a, 0x06ea4a34, 0xea4a3420, 0x4a342006, 0x342006ea, 0x2006ea4a, 0x06ea4a34, 
    0xea4a3420, 0x4a342006, 0x342006ea, 0x2106ea4a, 0x7f864134, 0x7f864120, 0x85304221, 0x86422077, 0x06ee4a7f, 0xee4a3420, 0x4a342006, 0x342106ee, 
    0x4aff8642, 0x342006ee, 0x2006ee4a, 0x06ee4a34, 0x86423421, 0x06ee4aff, 0xee4a3420, 0x4a342006, 0x342006ee, 0x2006ee4a, 0x06ee4a34, 0xee4a3420, 
    0x4a342006, 0x342106ee, 0x207f8643, 0x067f4143, 0x2006ee4a, 0x06ee4a34, 0xee4a3420, 0x4a342006, 0x342006ee, 0x2006ee4a, 0x06ee4a34, 0xee4a3420, 
    0x4a342006, 0x342006ee, 0x2006ee4a, 0x06ee4a34, 0xee4a3420, 0x4a342006, 0x342006ee, 0x2006ee4a, 0x06ee4a34, 0xee4a3420, 0x44342106, 0xee4a7f86, 
    0x4a342006, 0x342006ee, 0x2006ee4a, 0x06ee4a34, 0xee4a3420, 0x4a342006, 0x342006ee, 0x2006ee4a, 0x06ee4a34, 0xee4a3420, 0x4a342006, 0x342006ee, 
    0x2006ee4a, 0x06ee4a34, 0xee4a3420, 0x4a342006, 0x342006ee, 0x2106ee4a, 0x7f864534, 0x2006ee4a, 0x06ee4a34, 0x41453421, 0x4520067f, 0x20067f42, 
    0x06ce4345, 0x0a484520, 0x4a342005, 0x342006f0, 0x2006f04a, 0x06f04a34, 0xf04a3420, 0x4a342006, 0x342106f0, 0x06ff4145, 0x2006f04a, 0x06f04a34, 
    0x41463421, 0x4620067f, 0xf04a7f86, 0x4a342006, 0x342106f0, 0x4a7f8646, 0x342006f0, 0x2006f04a, 0x06f04a34, 0x44463421, 0x36230542, 0x44353331, 
    0x3021052e, 0x067e4a30, 0x42303221, 0x3a080543, 0x45413032, 0x6e657405, 0x72066567, 0x6c62756f, 0x726b0665, 0x616b7461, 0x706c4105, 0x42046168, 
    0x05617465, 0x6d6d6147, 0x6e750761, 0x39333069, 0x70450734, 0x6f6c6973, 0x825a046e, 0x4503211a, 0x54211e82, 0x22098268, 0x826f4904, 0x4b2f080a, 
    0x61707061, 0x6d614c06, 0x02616462, 0x4e02754d, 0x69580275, 0x696d4f07, 0x6e6f7263, 0x03695002, 0x056f6852, 0x6d676953, 0x61540361, 0x85550775, 
    0x5003254a, 0x43036968, 0x50240382, 0x61056973, 0x62207784, 0x05215282, 0x27778367, 0x6c656405, 0x65076174, 0x04212a85, 0x2018827a, 0x21038203, 
    0x75847405, 0x75836920, 0x75846b20, 0x75846c20, 0x4229a685, 0x756e0243, 0x07697802, 0x257a856f, 0x6f687203, 0x77837306, 0x84053121, 0x74032106, 
    0x75207e82, 0x03215385, 0x207a8270, 0x82038263, 0x6f05260e, 0x6167656d, 0x25fc840a, 0x6f6e6f74, 0xee860c73, 0x08200c84, 0x0884ee82, 0xed830920, 
    0x0c200984, 0x17490983, 0x860c2007, 0x201985e9, 0x845e8555, 0x860f200c, 0x2129870c, 0x67834f0a, 0x0a201a84, 0x6c85f184, 0x6c85e586, 0x6c85e582, 
    0x6c85e483, 0x42870983, 0x0c8b1120, 0xed861e85, 0x0f200c84, 0x9b88dd86, 0x1c840f86, 0x1c8e1420, 0x0a201484, 0x0a84fb84, 0x05840520, 0x05840920, 
    0x61632e24, 0x45870d70, 0x07251184, 0x31696e75, 0x05064d46, 0x31200782, 0x32200f86, 0x33200786, 0x34200786, 0x35200786, 0x36200786, 0x37200786, 
    0x38200786, 0x39200786, 0x41200786, 0x42200786, 0x43200786, 0x44200786, 0x45200786, 0x46200786, 0x064d0785, 0x46312105, 0x8205064d, 0x207f8607, 
    0x207f8631, 0x207f8631, 0x207f8631, 0x206f8631, 0x206f8631, 0x206f8631, 0x206f8631, 0x216f8631, 0x5f854431, 0x2105064d, 0x064d4631, 0x86078205, 
    0x05064d5f, 0x5f860f82, 0x8205064d, 0x4ddf860f, 0x0f820506, 0x064d6f86, 0x860f8205, 0x05064d6f, 0x6f860f82, 0x8205064d, 0x4ddf860f, 0x31210506, 
    0x05064d46, 0x31200782, 0x33208f85, 0x064d7f86, 0x20178205, 0x86178634, 0x05064ddf, 0x5f411782, 0x050e4d06, 0xef860f82, 0x7f863320, 0x82050e4d, 
    0x4d7f8617, 0x0f82050e, 0x0e4d7f86, 0x46312105, 0x82050e4d, 0x207f8607, 0x4d7f8634, 0x1782050e, 0x0e4d7f86, 0x860f8205, 0x05fe4cef, 0x6f860f82, 
    0x8205fe4c, 0x4c6f860f, 0x312305fe, 0x85303546, 0x863520bf, 0x8635205f, 0x4135205f, 0x352006bf, 0x35205f86, 0x3520df86, 0x20065f41, 0x20df8635, 
    0x20d78635, 0x06bf4135, 0xb7413520, 0x42352006, 0x3620061f, 0xfe4b5f86, 0x46312105, 0x8205b748, 0x205f8607, 0x205f8636, 0x205f8636, 0x205f8636, 
    0x205f8636, 0x20cf8636, 0x20678636, 0x20cf8636, 0x206f8636, 0x20cf8636, 0x20778636, 0x063f4136, 0x7f863620, 0x7f863720, 0x85313721, 0x052749e7, 
    0x49463121, 0x07820527, 0x27497f86, 0x860f8205, 0x8637207f, 0x8637207f, 0x8637207f, 0x8637207f, 0x8637207f, 0x8637207f, 0x8637207f, 0x8638207f, 
    0x0592546f, 0x38463122, 0x20064f41, 0x20ef8638, 0x206f8638, 0x20ef8638, 0x206f8638, 0x206f8638, 0x206f8638, 0x496f8638, 0x478205b7, 0xb7496f86, 
    0x870f8205, 0x20ef866f, 0x21ef8638, 0xe7853039, 0x86313921, 0x497f8607, 0x312205b3, 0x7f863946, 0x8205b349, 0x497f860f, 0x0f8205b3, 0x39207f86, 
    0xb3497f86, 0x86178205, 0x05b3497f, 0x7f860f82, 0x8205b349, 0x497f860f, 0x312105b3, 0x05b34946, 0x7f860782, 0x8205b349, 0x497f860f, 0x0f8205b3, 
    0xb3497f86, 0x860f8205, 0x05b3497f, 0x6f410f82, 0x05b34906, 0x6f410f82, 0x05b34906, 0xff860f82, 0x2105b349, 0xb3494631, 0x86078205, 0x05b349ff, 
    0x7f410f82, 0x056f4706, 0x77860f82, 0x8205ab49, 0x4977860f, 0x0f8205ab, 0xab497786, 0x860f8205, 0x05ab4977, 0x77860f82, 0x2105ab49, 0xab494631, 
    0x86078205, 0x05ab4977, 0x77860f82, 0x8205ab49, 0x4977860f, 0x0f8205a3, 0xa3497786, 0x860f8205, 0x05a34977, 0x77860f82, 0x8205a349, 0x4977860f, 
    0x312105a3, 0x05a34946, 0x77860782, 0x8205a349, 0x4977860f, 0x0f820593, 0x49065f42, 0x0f820593, 0x4906df41, 0x0f820593, 0x4906df41, 0x0f82058b, 
    0x8b496786, 0x46312105, 0x82058b49, 0x42312007, 0x8b490557, 0x860f8205, 0x058b4967, 0xd7420f82, 0x058b4906, 0x77860f82, 0x82058b49, 0x4977860f, 
    0x0f82058b, 0x8b497786, 0x420f8205, 0x8b490657, 0x420f8205, 0x7b490657, 0x46312105, 0x82057b49, 0x06474207, 0x82057349, 0x4967860f, 0x0f820573, 
    0x46206786, 0x20064f41, 0x20678646, 0x064f4146, 0x67864620, 0x0b45462d, 0x31696e75, 0x2e383846, 0x86746c61, 0x8a39200b, 0x8a41200b, 0x8a42200b, 
    0x8a43200b, 0x8a44200b, 0x8a45200b, 0x8946200b, 0x8a39200b, 0x8a39205f, 0x8a39205f, 0x8a39205f, 0x8a39205f, 0x8a39205f, 0x8a39205f, 0x8a39205f, 
    0x8a41205f, 0x8a41205f, 0x8a41205f, 0x8a41205f, 0x8a41205f, 0x8a41205f, 0x8a41205f, 0x8a41205f, 0x8a42205f, 0x8a43202f, 0x8446200b, 0x7507250b, 
    0x3032696e, 0x23053b43, 0x46463045, 0x45210f83, 0x05634146, 0x3030462a, 0x62750630, 0x75746e75, 0x46201683, 0x00201e82, 0x032e0084, 0x02000800, 
    0x01000b00, 0x0300ffff, 0x13820100, 0x42000a3a, 0x03008a00, 0x6c727963, 0x72671400, 0x20006b65, 0x6e74616c, 0x04002c00, 0x00201d82, 0x01202782, 
    0x0b890782, 0x178a0120, 0x03000228, 0x6e72656b, 0x05841400, 0x05842420, 0x2d823420, 0x03820620, 0x67820120, 0x06000324, 0x0f8c0700, 0x05000422, 
    0x08200f82, 0x1f6d1f88, 0x00122a09, 0x0022001a, 0x0032002a, 0x2091823a, 0x243d824a, 0x00010000, 0x21078540, 0x0785260c, 0x852e3321, 0xee752107, 
    0x7c210785, 0x21078578, 0x07852c9d, 0x850cae21, 0x74d02107, 0xbc20e182, 0x1c09a984, 0x010a0180, 0x0136011c, 0x0156014c, 0x017e0168, 0x01a60190, 
    0x01d201bc, 0x020602e8, 0x022a0218, 0x02620248, 0x0296027c, 0x02b602a0, 0x02da02c8, 0x030203ec, 0x0326031c, 0x033a0330, 0x03660350, 0x038e037c, 
    0x03c203a8, 0x03ea03d8, 0x040e04fc, 0x04360420, 0x0452044c, 0x045e0458, 0x046a0464, 0x04760470, 0x0482047c, 0x048e0488, 0x049a0494, 0x05e204cc, 
    0x05120504, 0x054e0524, 0x058a055c, 0x05ba059c, 0x062a06f0, 0x06720658, 0x067e0678, 0x06960690, 0x06be06a8, 0x06de06cc, 0x072a07f0, 0x077a0764, 
    0x07a60790, 0x07d207bc, 0x08fe07e8, 0x081a080c, 0x08360828, 0x08520844, 0x086e0860, 0x08920880, 0x08b608a4, 0x08da08c8, 0x09fe08ec, 0x09720938, 
    0x09e609ac, 0x0a120afc, 0x0a2e0a20, 0x0a4e0a38, 0x0a720a60, 0x0a960a84, 0x0b0a0bd0, 0x0b7e0b44, 0x0b9a0b8c, 0x0bb60ba8, 0x0bd20bc4, 0x000400e0, 
    0x012b00ca, 0x01230004, 0x011d0006, 0x000a0008, 0xffc70006, 0x00c900f7, 0x2019821b, 0x2019822e, 0x2019822c, 0x26198220, 0x0005001d, 0x821400c7, 
    0x86332015, 0x82242015, 0x00212215, 0x20278602, 0x204b8429, 0x201b8228, 0x20318228, 0x244b8414, 0xffbf0005, 0x201f82cb, 0x20158235, 0x2015822d, 
    0x20158227, 0x20278211, 0x226782c9, 0x822400ca, 0x82212015, 0x880a2015, 0x86342059, 0x82282027, 0x982c2027, 0x95539315, 0x00072469, 0x820800bf, 
    0x002f28b5, 0x004700c9, 0x827600ca, 0x8265205f, 0x82562071, 0x925e205f, 0x110d41fb, 0x2b41419d, 0x4119b319, 0xcd950949, 0xc5820420, 0xc5820a20, 
    0xa3093741, 0x07b54111, 0x990d5b41, 0x9385899f, 0x95999509, 0x152f4263, 0x99116341, 0x9519998b, 0x130f4187, 0x930fdf42, 0x118f4223, 0x25296342, 
    0x00170301, 0x05830026, 0x05843520, 0x30200b85, 0x178b1190, 0x35851d8b, 0x263c0585, 0xdc030c00, 0xdd032f00, 0x14043d00, 0x15042a00, 0x16041400, 
    0x50041500, 0x5104ebff, 0xa6340382, 0xa804f6ff, 0xa9045400, 0xaa043e00, 0xab040a00, 0x05001500, 0x27202d82, 0x1f202d82, 0x06202982, 0x3f201d82, 
    0x34221d82, 0x47820800, 0x19822120, 0x47862f20, 0x1d820b20, 0x17040b23, 0x20218300, 0x20218449, 0x201d8203, 0x202f821c, 0x220d8234, 0x8204001c, 
    0x8215200d, 0x8612202b, 0x00152211, 0x2041820a, 0x20158229, 0x20418636, 0x24898429, 0x041f0017, 0x227982a7, 0x825300a8, 0x823f2037, 0x000c2281, 
    0x20218203, 0x2037820b, 0x2211821f, 0x820b000b, 0x82242037, 0x82322037, 0x823d2015, 0x203787c1, 0x8337820a, 0x20bd8325, 0x20bd823f, 0x203b8212, 
    0x20778414, 0x853f860a, 0x8a072089, 0x823620b9, 0x821c203f, 0x821c2077, 0x226f835d, 0x820d003b, 0x822c201d, 0x8239205d, 0x823e2033, 0x8234201d, 
    0x8229201d, 0x822920d7, 0x20bb835d, 0x20838268, 0x205d8248, 0x2a5d8220, 0xffb5042a, 0xffb604d2, 0x820e00d2, 0x82322035, 0x82542035, 0x823f2035, 
    0x823e2035, 0x821f2035, 0x042a2635, 0x04140050, 0x22cf8251, 0x821500a6, 0x822a2041, 0x82732067, 0x825e2041, 0x821f2041, 0x84342041, 0x862b20cd, 
    0x8225206f, 0x41202039, 0x2d830647, 0x5d20cd83, 0xcd832d82, 0x2d820b20, 0x06001222, 0x15206782, 0x24202d82, 0x1c206782, 0x06202d82, 0x22064d41, 
    0x82010029, 0x840a2009, 0x820e2005, 0x05e341f3, 0x13825c20, 0x3f826920, 0x17845d20, 0x17831120, 0x03efff25, 0x821900dd, 0x82352017, 0x41202017, 
    0xb94116db, 0x11cb411f, 0x39b9ffb9, 0xb7030532, 0xbb031f00, 0xbd032c00, 0xc0030d00, 0xc3036200, 0x4218ad42, 0x15d715c3, 0xe10d3f41, 0x118f410d, 
    0xd34111fd, 0xad394039, 0x422b3f42, 0x02291b05, 0x0b00bb03, 0x4800c003, 0x07d34200, 0xbd032a24, 0x11821200, 0xc3036624, 0x3b451f00, 0x35df4112, 
    0xb9ad5d41, 0x1b6b41ad, 0x24081bd3, 0x00d2f402, 0xfa000004, 0x0036ff18, 0x00600034, 0xffebff00, 0xffdfffe2, 0xffdeffd8, 0xfff6fff3, 0xff0c00f3, 
    0x230182ea, 0x00eefff1, 0x21a40040, 0xbf82e7ff, 0xceffe42a, 0xf2ffdcff, 0xf2fff4ff, 0xe620d182, 0xed221382, 0xc982edff, 0xe4ffe22a, 0xf6ffeeff, 
    0xf0ff0b00, 0x219bcc40, 0xb582f3ff, 0x0800dc24, 0x03820a00, 0x0b001824, 0xad831900, 0x1120b782, 0x0c240782, 0xf1ff0000, 0x0a220782, 0xd782f6ff, 
    0x038ae720, 0x1582e220, 0x21800240, 0x9182ebff, 0xc4ffdb26, 0xf0ffdeff, 0xf020a182, 0x0d22c382, 0x96840e00, 0x05841620, 0x2a9f0440, 0x00170035, 
    0x0050001c, 0x831b0034, 0xc7ff2501, 0x37002600, 0x1e28b482, 0xc4ff0000, 0x1400c2ff, 0xf6200782, 0x12200f82, 0xf8210782, 0x25018bff, 0x000c00ec, 
    0x1782000b, 0x02f81d82, 0xfff3ff27, 0xffe9ffe7, 0x097f41e2, 0xf1200f82, 0x1a208ea8, 0x28d629a8, 0x20103f42, 0x21bf830c, 0x7f44ecff, 0x0b0021a7, 
    0x410fff42, 0xff21137f, 0x563e41f2, 0x0c2056c1, 0x0021bf85, 0x07bf430a, 0x6698bf93, 0x19981e20, 0x0d2018e9, 0xff236a83, 0x841400e6, 0x00162401, 
    0x8418000c, 0x82d42011, 0x82152009, 0xff0f2213, 0x260f82dd, 0xffeaff0a, 0x8adcfff6, 0x82e02001, 0x25028215, 0xf4ffecff, 0x1b82f8ff, 0x2182f020, 
    0x1082ef20, 0xff2b02ec, 0xffe8ffeb, 0xffc4fff2, 0x83f5ffde, 0x1f002301, 0xcb82e7ff, 0x18208385, 0x15240682, 0xf2ff0f00, 0x14200782, 0x0f200382, 
    0x028f0382, 0x138f1783, 0xbf430fea, 0x43ee2016, 0x3f48a7bf, 0xffee2216, 0x0c3f48e9, 0x96980d49, 0xa8ff48bf, 0x46ebff21, 0x15201cbf, 0x201eca42, 
    0xe31f9e2a, 0x0011281e, 0xff0a000a, 0x831f00f6, 0xc8ff2501, 0x30001c00, 0xff217685, 0x200d82c4, 0x201b8214, 0x240f82f2, 0xff000012, 0x46018cf6, 
    0x14220513, 0x1d82ecff, 0xff2102f8, 0x249382f3, 0xffe2ffdc, 0x498286de, 0x002005bb, 0x2105bf43, 0xb582f5ff, 0x0382f820, 0x86701745, 0x2706a48d, 
    0xecfff1ff, 0x0a00dfff, 0x17220184, 0x34851000, 0x20063f4b, 0x20bd8212, 0x201182ed, 0x2107820a, 0x018bffec, 0x1582f620, 0x82800240, 0xffe72691, 
    0xffc4ffe9, 0x347f47e3, 0x8280bf40, 0x82102080, 0xff002403, 0x831400e3, 0xd7ff2501, 0x27001500, 0x00291183, 0xffc8ff00, 0x001800d8, 0x200d840d, 
    0x220f820f, 0x8af2fff6, 0x84ed2001, 0xff112117, 0x207f8741, 0x21878311, 0xbf86e4ff, 0xb182e520, 0x11832820, 0xff080025, 0x82deffcb, 0x05114315, 
    0xff23e582, 0x8af4fff6, 0x05bf4301, 0xbf401320, 0x840d2080, 0x82e320bf, 0x821420b7, 0x00152403, 0x841c000f, 0x00ec2a11, 0x00150013, 0xff130020, 
    0x200f82e5, 0x21bd820e, 0x018bffe8, 0x1582e920, 0x8406ff48, 0xfff4242f, 0x83f3ffee, 0x4203ee09, 0x2020113f, 0x3f428185, 0xff0028a6, 0xff0000f5, 
    0x841300e4, 0x001c2401, 0x821a000f, 0x82f4200f, 0x001824c3, 0x8216000a, 0x82f0200b, 0x820a200b, 0xfff12107, 0x1382018a, 0x17820283, 0x03f70683, 
    0xffe8ff2f, 0xffd3ffb6, 0xffeaffce, 0xffe1ffdd, 0x28a582dd, 0xffc6ffc1, 0x00eaffdb, 0x42938307, 0xff2105dd, 0xa30b83e8, 0xf5ff2303, 0xbf4aedff, 
    0xbf30a308, 0x82102023, 0x00132340, 0x6d500014, 0x820c2009, 0x0000260d, 0xff0c000a, 0x208986e2, 0x4023820c, 0xff2b9602, 0xfff1ffeb, 0xff0000e7, 
    0x82f6ffe2, 0x26038305, 0xfff0ffec, 0x83edffe7, 0x201d82b0, 0x200784f4, 0x400583f0, 0xad829503, 0x820c1d4b, 0x6d0142b3, 0x203d1641, 0x263e823c, 
    0x005a0023, 0x82200046, 0x82282001, 0x0014220d, 0x24018219, 0xffecff46, 0x200d82e7, 0x064d4e1f, 0x0000ff26, 0xd9ffedff, 0x1b820189, 0xfd511220, 
    0x4f082008, 0x11200ee1, 0x20064d52, 0x203382e3, 0x05cb41ed, 0x02d42f82, 0xffb0ff23, 0x230382e0, 0xffddffe6, 0x00270382, 0xffb4ff2a, 0x84cdffbf, 
    0x821e206a, 0x001924bb, 0x82f1ff10, 0x8213200d, 0x4ef520bf, 0x05860563, 0x2005bf46, 0x2017820c, 0x211f82ee, 0x8747ff00, 0x079d4413, 0xe7ff2526, 
    0x2100e7ff, 0x13240584, 0xecffaeff, 0xd8246382, 0x9cff2500, 0x142a6182, 0xeffff1ff, 0xd4ffeeff, 0x0782f2ff, 0x1b82f220, 0xcfffed22, 0x0d224d82, 
    0x01841a00, 0x03985c83, 0xfff3ff23, 0x223182f4, 0x42e9ffec, 0x0b2006ff, 0xff222a85, 0x098200f6, 0xffe2ff23, 0x830982f8, 0x85178685, 0x97058a1d, 
    0x20228a17, 0x20db8e00, 0x82ef82ff, 0xfff62459, 0x82deffea, 0x85e6201b, 0x0bc1412a, 0x8205fd4a, 0xffea221b, 0x981d85f5, 0xff0f2605, 0x001000f6, 
    0x85e98214, 0x82272022, 0x8324200b, 0x2839820a, 0x000d0017, 0xff100018, 0x057f41e8, 0x480a0021, 0x6f410c3f, 0x000e2605, 0x00f4ff08, 0x16794700, 
    0x39820620, 0x1c260283, 0xe7ffe7ff, 0x05841f00, 0x15001122, 0x14241282, 0x1a001300, 0x12205d82, 0x14827988, 0xff200283, 0x8206ed4a, 0x840f200b, 
    0x0c9d430f, 0x038b1183, 0x00ecff24, 0x3182ff00, 0x8307854c, 0x0a00218b, 0xf0261382, 0xd8ff1400, 0x2b84ccff, 0x44ff0a21, 0xbb823e7f, 0xff204882, 
    0x82077148, 0x28c98207, 0xffdafff6, 0xfff6ffd3, 0x821a82c4, 0xebff2102, 0x02860482, 0x82e9ff21, 0xfff12681, 0xffe3ffe8, 0x220982ef, 0x41f2fff0, 
    0x24860b9d, 0x28220695, 0x95430d00, 0x20218308, 0x85048315, 0x0c7d4103, 0xef42f420, 0x850d2006, 0x2105a41b, 0xd750ff18, 0x820b2009, 0x00142231, 
    0x1c01560a, 0x8b820d20, 0xe9475f89, 0x229f8315, 0x411e0015, 0xff2507c5, 0x002800c1, 0x2e5b8225, 0xff0f0000, 0xffb2ffc2, 0x00ecfff6, 0x82eeff00, 
    0xfff62203, 0x0c3f4ee8, 0x2583f620, 0xfff5ff27, 0x00f2ffec, 0x15454e00, 0x82f3ff21, 0x82ec201d, 0xffd02203, 0x200182f8, 0x200382b5, 0x833582f8, 
    0x001a2673, 0x000c0015, 0x2039821c, 0x8f11828b, 0x830f2002, 0xdeff2310, 0x0783e3ff, 0x21440387, 0x47002014, 0x00230663, 0x8300f5ff, 0x88172003, 
    0x00112225, 0x82398714, 0x82fd9507, 0x8302b118, 0x20d38261, 0xb1f597ec, 0x95319751, 0x402d97f1, 0xbf409117, 0x0b1d42a8, 0x3f5a0f20, 0x00002406, 
    0x82e1ff00, 0x42029d04, 0xff212457, 0x454483ed, 0xff211563, 0x931b83d8, 0xefff2103, 0x2022b947, 0x243f8418, 0xff1c0014, 0x210183d2, 0x49871f00, 
    0x82ceff21, 0x0017260b, 0xff150022, 0x261382cd, 0xfff2ff0a, 0x8ad8fff6, 0x06715101, 0xffecff23, 0x201982ed, 0x419d83de, 0xdd8710af, 0xc9ff1926, 
    0x1400c9ff, 0x00220584, 0x4f821700, 0x0d001228, 0x12002400, 0xff451800, 0x26b1820b, 0xffc8ffe3, 0x471200eb, 0xff22097f, 0x008800cf, 0xffefff25, 
    0x88f4fff0, 0x3108840e, 0xdcff9aff, 0xe0ffb0ff, 0xe3ffd1ff, 0x2f00d1ff, 0x6582c0ff, 0xf4ff9f2e, 0x2800ecff, 0x1d001100, 0xedff1000, 0x18202882, 
    0x474b0382, 0x00152113, 0x2346a386, 0x00082114, 0x1f200085, 0xec21e582, 0x22058500, 0x82b2ff11, 0xffab22ef, 0x200f82ce, 0x41c1829c, 0xff210631, 
    0x056b47ce, 0x00e1ff27, 0xffc6ff00, 0x213882f1, 0x01820015, 0x82053b46, 0x8600200d, 0x860b2069, 0x82128407, 0x82f6202b, 0x86ec20d3, 0x2106820c, 
    0x3b84ecff, 0xf7470982, 0xc212840f, 0xf6ff2104, 0x69895987, 0x6341568d, 0xa91d8d0f, 0x100f420d, 0x29e63aa9, 0x20183f48, 0x0b3f48f3, 0x3f488cbf, 
    0x89ea2024, 0xe9ff2965, 0xf5ff0000, 0xe7ffe8ff, 0x20063f48, 0x0dc749f5, 0x1349ff20, 0xf8ff2108, 0xff203585, 0x0021af82, 0x22b38214, 0x821d00a4, 
    0xff002201, 0x244182f6, 0x00b1ff98, 0x2407820c, 0x00ebfff6, 0x2007820d, 0x0bbf4fec, 0x2006cd48, 0x0d79470d, 0x2115a748, 0x6583bcff, 0x83a7ff21, 
    0x48038205, 0xff210613, 0x206584ea, 0x92118283, 0xedff2502, 0xe0ffd6ff, 0x440f4759, 0x1d8207c3, 0x5384f220, 0x8216bf49, 0x0abf491b, 0x02950d82, 
    0x9213515a, 0x237f4129, 0x1b41368b, 0x22128606, 0x41fff0ff, 0x2b8c0e7f, 0xf1fff624, 0x3188f6ff, 0x0d002024, 0x1f830b00, 0x00ecff25, 0x82120018, 
    0xff0a2201, 0x200f82ea, 0x10ff600c, 0x1582e420, 0xff210286, 0x1e2943f6, 0xeeff1f26, 0x1a00eeff, 0x00200584, 0xf8222d82, 0x3a82f1ff, 0xdfff1422, 
    0x14205f82, 0x028e0982, 0x21066541, 0x01830015, 0x0e8d1b8e, 0xfff8ff23, 0x827b85dd, 0xfff324e5, 0x421200f0, 0x1c22080f, 0xd9820a00, 0xb75bf520, 
    0x133f450a, 0x02af1e82, 0xf1856183, 0x7f427983, 0x214b8d0d, 0x8944ecff, 0x82192020, 0x001a2631, 0xff1e0028, 0x220184b5, 0x491c00cb, 0xff2505b7, 
    0xffafffc9, 0x2813829e, 0x00b5ffb9, 0xffc3ff00, 0x851f84dc, 0x20058325, 0x223982a4, 0x82beff00, 0x00ee2463, 0x42bbff00, 0x1d840fa9, 0x1782b820, 
    0x0382bb20, 0xe9ffae22, 0xad200182, 0xe9200382, 0x00246f84, 0x1a001f00, 0x22240182, 0x8dff0a00, 0x028a1182, 0x82e2ff21, 0xff15280c, 0xff0000f1, 
    0x82e8ffc5, 0x82d92005, 0x8202840f, 0x82c320f3, 0x880b2008, 0x87c9200f, 0x0c114609, 0x17000522, 0xff231785, 0x85caffe2, 0x3f7f4a09, 0x48056341, 
    0xff20150d, 0x66828589, 0xff21028b, 0x1b9b41ee, 0x20202986, 0x1c200782, 0x3008f34b, 0x00c1ff00, 0x0025001c, 0xff000012, 0xffb0ffe2, 0x220782a2, 
    0x84d8fff4, 0xffe32405, 0x8ac9ffd7, 0x82c32001, 0x23028239, 0xe1ffe2ff, 0xeb201f82, 0x22147f41, 0x84e9ffda, 0xffbf2201, 0x200182e7, 0x200382a9, 
    0x833282e7, 0x00252273, 0x24018220, 0xff100027, 0x8811826c, 0xefff2302, 0xe782ebff, 0xf5ff1a26, 0xcfff0d00, 0xff21f18d, 0x0ba34df6, 0x84000021, 
    0x821c2071, 0x8219203a, 0x23029203, 0xc2ffd4ff, 0x81451689, 0x20178a0d, 0x8a1997ec, 0x82d82023, 0xfff6227b, 0x05f542d1, 0x821b0021, 0x82202019, 
    0x001b2205, 0x052b4423, 0x02b50f82, 0x10cf022e, 0x00000400, 0xcedf84dd, 0x7a004600, 0x28264482, 0xe4ff2000, 0x0186dfff, 0x0782f120, 0xf0240385, 
    0x0c00f2ff, 0x0a300182, 0xe8ff0c00, 0x1c00f0ff, 0xcbff2800, 0x1300dcff, 0xf5229382, 0x33821500, 0x3d82e820, 0x24b50240, 0xff1f001e, 0x230187e2, 
    0xe2ff0000, 0x00210385, 0x052f580a, 0xff18002f, 0xff2200e8, 0x000a00db, 0xff240010, 0x2c1d82eb, 0x00f3fff3, 0x001a0015, 0xffecff1a, 0x2c0582ed, 
    0x00e0ffe6, 0x00170019, 0xff140011, 0x252382f2, 0x00daffda, 0x0583ff19, 0x25821120, 0x03821f20, 0x2100242a, 0x0f001800, 0xf4fff2ff, 0xdc240382, 
    0xe6fff0ff, 0xf6213782, 0x2b7f4f00, 0x264b5d41, 0xff270028, 0x86a8ffb7, 0x82db2001, 0x22038507, 0x45deffba, 0xff250555, 0xffbefff6, 0x24d582b1, 
    0xff70ff1f, 0x20f382a6, 0x2a7e82f1, 0xffc1ff1d, 0xffceffef, 0x822200d9, 0xffbd241f, 0x829cffa1, 0xff1d22e9, 0x240782c5, 0xffd3ffd3, 0x200382ac, 
    0x243f82d3, 0x00270022, 0x26018222, 0xff120029, 0x82dfffdd, 0xffe5253d, 0xffedffd0, 0x29052342, 0xff0b000f, 0xffe6fff1, 0x575dffe2, 0x0014226d, 
    0x20798215, 0x82b982f6, 0x4a938203, 0xd98208c7, 0x18200283, 0x2b260482, 0x1400e1ff, 0x554c1d00, 0x000a250a, 0xff100010, 0x07822b82, 0xecff0024, 
    0x25821b00, 0x0f001022, 0x1a251182, 0xf4fff4ff, 0x22058500, 0x820f000c, 0x820f205d, 0x47172037, 0x618207c1, 0x0382ec20, 0x1000ed22, 0x02853182, 
    0x0f850989, 0xff2505e0, 0xffddffec, 0x2066a0f8, 0x2121830f, 0x0583cbff, 0xff250383, 0xffe8ffee, 0x200984e0, 0x2c0582e8, 0xffc8ff0f, 0xff0c00c3, 
    0xff0000e5, 0x220f82e4, 0x83d7ff00, 0x00002705, 0xeaffecff, 0x6182f6ff, 0xbf48da20, 0x00002208, 0x211b830c, 0xf984eaff, 0x03840a83, 0xeb202984, 
    0xec220582, 0x4545f5ff, 0x401e840d, 0x1120e304, 0xff21e4df, 0x08c544e7, 0x0982eb20, 0xee200385, 0xf6221582, 0x7b82f6ff, 0x200aab66, 0x0e3b6bff, 
    0x00e3ff25, 0x4aecff50, 0x1f830943, 0xec220f82, 0x05850000, 0x00190022, 0x2005af48, 0x0c694821, 0x029e5482, 0xf3ff5534, 0xf0ff0c00, 0xf5fff1ff, 
    0xe3ff0d00, 0x1700e6ff, 0x294feeff, 0xb3489e14, 0x0cd1561e, 0x438dcb82, 0x82e9ff21, 0x00ed22dd, 0x22158716, 0x84fff3ff, 0x0a614c23, 0x1383df20, 
    0x47d8ff21, 0x4387219f, 0xff21078d, 0x298185ea, 0xf6ffe8ff, 0xeaff0000, 0xf9c4e5ff, 0xddff5a22, 0x2008c567, 0x850982de, 0x82df2003, 0xffe22115, 
    0x00200182, 0x2108e741, 0xdb51e4ff, 0x82a98719, 0xffec2223, 0x820585ec, 0x001e2413, 0x821e0023, 0x00262201, 0x227b520e, 0x02863082, 0x07825e20, 
    0x83000a21, 0x00ee28e3, 0xffdaff1b, 0x501c00dc, 0x2982171b, 0x20c50240, 0x27c68721, 0x0000f2ff, 0xf6fff2ff, 0x41072742, 0x5c8744e5, 0xff2107c8, 
    0x219783f4, 0x9daef0ff, 0x80935a20, 0xffeaff22, 0x547ee741, 0xab9415cb, 0x1585f320, 0xffeeff27, 0xff0000ef, 0x399742f3, 0x2157e741, 0x7b4aefff, 
    0x48ff2011, 0x1022056f, 0x3d480c00, 0x75ff2309, 0xcb85d1ff, 0xff230597, 0x83b0ffed, 0x98ff211b, 0x03870583, 0x50eaff21, 0x1995191d, 0xff21158d, 
    0x07454fe1, 0x00f3ff23, 0x2e3f4200, 0x07b68487, 0xa194ff21, 0xceff2138, 0xff212383, 0x840583a9, 0x00112203, 0xba078413, 0xceff2504, 0x0a00ecff, 
    0x41070741, 0x56b70d0f, 0xffe4ff25, 0x82d6ffe0, 0x00e02403, 0x82d6ff00, 0x20078303, 0x224d82ec, 0x840c000c, 0x83048205, 0x3dff2302, 0x0783baff, 
    0xff23039b, 0x82e2ffae, 0x82a12001, 0x00e22203, 0x26ef8210, 0x0021001c, 0x461a000e, 0x3d8d09cf, 0x2622894f, 0xffbeff0c, 0x821800e7, 0x07615037, 
    0x2342db71, 0xb8ffc1ff, 0xd6200186, 0x03850782, 0xdfffb322, 0x8209bf51, 0x2302826f, 0xb7ff7fff, 0x029c0682, 0xff9eff23, 0x200182db, 0x26058497, 
    0x001100ec, 0x821d001b, 0x001624f3, 0x9cdfff11, 0x211c8e38, 0x7d82edff, 0x1485ec20, 0xffb2ff23, 0x05ef51dc, 0xff230f83, 0x4c0d00f6, 0xf141051d, 
    0x0611583c, 0x20051347, 0x2a0d8300, 0x000b000a, 0xffd7ff0a, 0x4b1500e3, 0x1d82073b, 0x8206a751, 0x22029909, 0x82dfff15, 0x841620dd, 0xff0a2e05, 
    0xff83ffb4, 0xff1700b4, 0x00140094, 0x90349918, 0x821f2019, 0x8e958985, 0xecff211e, 0x0a201d84, 0x1b8ea984, 0x11220ec0, 0x43821100, 0x422dfb4a, 
    0x3386057f, 0x41bdff21, 0xff26058b, 0x000c00e5, 0x00b10008, 0x32820a20, 0x03821020, 0xebff0022, 0x0e200582, 0x02c70382, 0x37410a20, 0x05e5410a, 
    0x274d5988, 0x210e8505, 0x5941d4ff, 0xf0ff2121, 0x0a222382, 0x0584e2ff, 0xb5ffec2c, 0xedffd7ff, 0xb0ffdaff, 0x234fe8ff, 0xff112e34, 0x00e8ffd2, 
    0xff0e0013, 0xff0000c9, 0x200382f6, 0xc08b85dd, 0x000f2205, 0x2001860c, 0x0db54400, 0x44080021, 0xff210b63, 0x9f1d84d3, 0x0014256e, 0x00f1ff14, 
    0xa1820582, 0xfd82c920, 0xe0ff0022, 0x9f07ef41, 0x201f8a3a, 0x220b8415, 0x82deff1e, 0x00262607, 0x00e0ff25, 0x20098216, 0x0dbd5312, 0x02b61182, 
    0x82141b52, 0xc7ff234b, 0xbf82c9ff, 0x0a82c720, 0x19200285, 0x26226545, 0xffd8ff1e, 0x842800d8, 0xff0d2a05, 0xffaeffaf, 0xff1900d6, 0x45b182a1, 
    0xff23326d, 0x55b1ffec, 0x954705ed, 0x00082208, 0x0fdd4d0f, 0x05c69c85, 0x0e000e24, 0xa15e0d00, 0x0f002109, 0xc94357a2, 0x06af4405, 0xffc2ff23, 
    0x243382f3, 0x00daff0f, 0x2117430c, 0x028f2982, 0x10820b20, 0x03821420, 0xecff0022, 0x3f530582, 0x05314405, 0x02bb0e82, 0x23095b7a, 0xe7ff0000, 
    0x05820385, 0xe2ffec22, 0x3c206984, 0xb3705b88, 0xff142623, 0x00d8ffd8, 0x2a05840a, 0xffa6ff00, 0x00baff92, 0x9792ff14, 0x16b341f1, 0x73858c20, 
    0x82d3ff21, 0xff0a223d, 0x228982f6, 0x87f1ffce, 0x09dd4d2b, 0x8c09a142, 0x13d16609, 0x05885085, 0xffd9ff23, 0x200186c6, 0x850782e0, 0x43e12003, 
    0xff211139, 0x207b4a88, 0xbfffdd24, 0x0182e8ff, 0x0382b920, 0x6082e820, 0x30002b29, 0x21002b00, 0x6e003200, 0x0f202de3, 0x2005af45, 0x26bd83ff, 
    0xffc2ff19, 0x4b2800d9, 0x6b4206b3, 0x00112105, 0x26820185, 0x057102b5, 0x00002209, 0x0a4563ff, 0xffdbff27, 0xff0a00e2, 0x2055acdb, 0x214d831e, 
    0x05841400, 0xb0ff0026, 0xd8ffbaff, 0x9c204382, 0x2c4043ac, 0xc1ff27bc, 0xf6ffdfff, 0x67610000, 0x85d0400b, 0xffd9ff23, 0x200186d8, 0x850782df, 
    0xffdb2103, 0x2005135a, 0x09b944e1, 0xffb8ff23, 0x21b19fd5, 0x4984d6ff, 0x0584c920, 0x97ffde24, 0x1182c2ff, 0xb2ffc224, 0x7b4aceff, 0x16094615, 
    0x57594520, 0x516d8f05, 0x1b85056b, 0xe1210584, 0x630193ff, 0x3d8f0631, 0xd34a0fa7, 0x19b55b0b, 0xc3854d89, 0x27077f48, 0xe3ffdcff, 0xe7fff5ff, 
    0xf420f782, 0x09ab2389, 0x4ef3ff21, 0xff210547, 0x213583ea, 0x4b82f0ff, 0x3f8349b6, 0x4ead0340, 0xee200849, 0x403c594c, 0x9f46a4f4, 0x227f4608, 
    0xa0a4d040, 0xf5ff21a4, 0x4305056a, 0xff23052b, 0x600000f3, 0x53a02077, 0x20a02040, 0x20a1820d, 0x2303821d, 0x0024000a, 0x5a053b4e, 0x7d8270dd, 
    0xff2902ee, 0x000b00cb, 0xff00000e, 0x76e341db, 0x2023494f, 0x056f6411, 0x49f1ff21, 0x0d240637, 0x11000000, 0x2016a94b, 0x401b8250, 0x2f5c9e02, 
    0x05b14a23, 0x83097543, 0xf0ff210f, 0x4011c74a, 0x9e889eea, 0x880af569, 0x45089513, 0xd920086d, 0x0c241f82, 0xe9ffe7ff, 0x820bf75a, 0xa8024013, 
    0xa1b4ff21, 0xcfff23aa, 0x0182e8ff, 0x634cbb20, 0x00152406, 0x8215001a, 0x971d2001, 0x37bb5b39, 0x17cf4f97, 0x831f554d, 0x050b426f, 0x230b5152, 
    0xebff0000, 0x8308f14f, 0xad034022, 0x8408236e, 0x14615ab6, 0xff1f0029, 0x00e3ffe7, 0x82e3ff0c, 0xff002605, 0xffedffe8, 0x201382e8, 0x0cdb72ef, 
    0x04b93e84, 0x206c1d44, 0x26a7a21c, 0xffeaff1c, 0x421400e9, 0xff2305db, 0x82cfffc5, 0xff1c22fb, 0x16b945c1, 0x229150a2, 0xf96bff20, 0xd01b9108, 
    0x0de74111, 0x1f265e95, 0xefffefff, 0x05840c00, 0x37832187, 0x420f0d53, 0x31871525, 0x4b880740, 0x238523dd, 0x2008114c, 0x094f6ff1, 0xdf88c640, 
    0x44af5388, 0x5f9ba4df, 0x980a596b, 0x063f4f26, 0x2085d620, 0x83e1ff21, 0xdcff230f, 0x7744d0ff, 0xc57c856c, 0xa2142005, 0xff172646, 0x00f2fff2, 
    0x2905841a, 0xff00000c, 0x00f3fff6, 0xe768ff14, 0x21b29279, 0x514aecff, 0x11002123, 0x335b3a82, 0x22df8214, 0x821e0000, 0x25e35845, 0x028c4682, 
    0x57870f20, 0xf37b8599, 0x08755f05, 0x29cf4e18, 0x02bb5a82, 0x21095561, 0xa551e7ff, 0x234d8505, 0xf4ffebff, 0x8505e167, 0x514546b3, 0x03845183, 
    0xf5fff122, 0x0022fd82, 0x4945f3ff, 0xfff22424, 0x70eaffee, 0x178217fd, 0x22774e18, 0x8d09b968, 0x06cb4f47, 0x4d00f021, 0x26412371, 0x4b059605, 
    0x576a1a8f, 0x95379605, 0xf3ff2516, 0xf6ff0000, 0x21178141, 0x4218ecff, 0x5f8329ab, 0x63e2ff21, 0xff230b0f, 0x82e7fff0, 0x821620ad, 0x3e2f5c45, 
    0xf5468597, 0x00f62108, 0x0382c582, 0xe741f120, 0x20278223, 0x59a783f4, 0x41a51525, 0x8505275b, 0x890583f3, 0xf4ff2503, 0x2600eaff, 0x2658896d, 
    0x00efff0c, 0x8212000c, 0xad002003, 0xe7ff2163, 0x1020a382, 0x1982f395, 0xff2102ac, 0x0ce741f6, 0x0000f226, 0x1a00eaff, 0xb56f1582, 0xecff2156, 
    0xad5f9e82, 0x41a78532, 0x159515d1, 0x008f0020, 0x9108af43, 0xe8ff232f, 0x4b182500, 0xff2159cd, 0x6f8a82f2, 0xff2132cf, 0x5b3782f4, 0x28221723, 
    0x1d821b00, 0xff25029e, 0x001c00c6, 0x2024841a, 0x0903510a, 0xe622e982, 0x05821600, 0xb4ffdb26, 0xedff9dff, 0x8b480982, 0xa6298406, 0x06694404, 
    0x6b848594, 0xc8ff1424, 0x7165ddff, 0x440e2008, 0x71881aed, 0x16242382, 0xd2fff4ff, 0x8809ab6a, 0x2008821a, 0x251344ff, 0x0d000a23, 0x056b6e00, 
    0x840e6756, 0x001c2295, 0x0bf1420c, 0x02b05682, 0x8a113f42, 0x37cb7642, 0x21161343, 0x154af6ff, 0x08656224, 0xff299b8f, 0x000000ea, 0xffdbff14, 
    0xba0782cc, 0x42859902, 0x60830b57, 0x1383818f, 0xb1830392, 0x0020f396, 0x2a9d0040, 0xffe9ff21, 0x000e00ee, 0x82d5ff1b, 0x000d24a8, 0x82d4ff00, 
    0xa0024007, 0x6bf4ff21, 0xcc40291b, 0x26494285, 0xd285ac40, 0x33e16585, 0x00f4ff25, 0x4bf0ff00, 0x98d20ba3, 0xff2052da, 0x44225f4a, 0xe94a058b, 
    0x409cda17, 0xfd858a5a, 0xf719294e, 0x29b343aa, 0x61d5bf41, 0xd3200c4b, 0x4123cd42, 0xff290fa9, 0x00e7ffea, 0xffe6ff00, 0x240582e6, 0xffc1ffc3, 
    0x200782d6, 0x98258fbb, 0xb95e180f, 0x2b794122, 0x82f5ff21, 0xffee238f, 0x0f7500e5, 0xf9799808, 0xb4f3a218, 0x49f3aa9c, 0x6fb40f05, 0x43843440, 
    0xff230fc1, 0x82f3fff4, 0x00f02401, 0x82f2ff00, 0x83f52003, 0x830983a4, 0x8f038b07, 0x891b8b37, 0xf4ff230b, 0x7f5e0000, 0xe8168908, 0x0c9f4309, 
    0x8b82f620, 0x1549f620, 0xedff2105, 0x23211d49, 0xe3ffdeff, 0xdc203182, 0xff23acad, 0x82eefff0, 0x84ee2035, 0xffcb2405, 0x82dfffd0, 0xa5d2200d, 
    0xcdff2143, 0x8d4127a3, 0x23379713, 0xf1fff6ff, 0xe9200182, 0x91841f83, 0x0cc94c18, 0x038d1583, 0x42052b4d, 0xf784c9dd, 0x0583f020, 0x13420389, 
    0x8b15890b, 0x8b21a109, 0x490bb32d, 0x67a733eb, 0xa5cdbd41, 0x06cd43f5, 0x208d0232, 0x00000400, 0xd4a264a2, 0x31001100, 0xf5ff0000, 0x00210183, 
    0xbb45a529, 0xf4ff2325, 0x936df0ff, 0x9749bb09, 0xedff233b, 0x6382eeff, 0xf3ffe224, 0x0184f2ff, 0x5d6aef20, 0xa0409716, 0x136d6217, 0x82ebff21, 
    0x84ee2075, 0xa0e92005, 0x21209840, 0xb183f6ff, 0x18881e98, 0x82f5ff21, 0x82f22001, 0xfff5222d, 0x528543f4, 0x4b443948, 0x0b417385, 0x13e9414f, 
    0xc4088441, 0x47619708, 0x4b181577, 0x8ec41b19, 0x20204485, 0x05a70685, 0xffe9ff26, 0xffd3ffdf, 0x6c08d973, 0x77451da9, 0xf1ff2105, 0x73a3e195, 
    0x00efff23, 0x25cb4f00, 0x21372f41, 0x6182ebff, 0x8ba3e520, 0xff2323b5, 0x82c4ffce, 0xffb32461, 0x82e9ffe2, 0x7ce02007, 0x99460d27, 0xbdff2211, 
    0xa12382ff, 0xd3ff256b, 0xc3ffc9ff, 0xff232797, 0x79f6ffd2, 0x26840a4f, 0x210bf54c, 0x3f82cdff, 0xf0ffce22, 0xf1209d82, 0xee260382, 0xecffe1ff, 
    0x218bf3ff, 0xf226a782, 0xdaffe8ff, 0xbd41f2ff, 0x8f768439, 0x86022e04, 0x000400b8, 0xa360a100, 0x00330044, 0x201e8252, 0x267b820a, 0x00ecfff6, 
    0x82210019, 0xff1a2205, 0x269782ed, 0xffe9fff6, 0x82ebfff4, 0xffef247d, 0x821300eb, 0x82f62009, 0x82e2209f, 0xffe22807, 0xffeeffe2, 0x45e3ffde, 
    0x89824feb, 0x2d670298, 0x209b8207, 0x5d5618d8, 0x13834a15, 0x83f0ff21, 0xecff212b, 0xed200182, 0xf620c982, 0x72982393, 0x0e2218b1, 0x6f83ecff, 
    0x001e0029, 0x00ecff26, 0x82e4ff1e, 0xffe2260d, 0xffe7ffef, 0x200982de, 0x240582e4, 0xffdeff14, 0x200b82e2, 0x2c0782dc, 0xffdcffdc, 0xffdaffe5, 
    0xffe3ffd7, 0x850183e4, 0xe2ff2570, 0xeeff0c00, 0x63595b41, 0xff2009d3, 0x850e854a, 0x4205857f, 0x21850589, 0x0b994118, 0x51189982, 0x2b850acd, 
    0x474105d0, 0x41eb200f, 0xf2220647, 0x0982deff, 0x4741ee20, 0xffec2612, 0xffdeffe4, 0x104741ee, 0x4c58c571, 0x8d840595, 0x5c18f020, 0x18411823, 
    0x13536514, 0x9419db58, 0x4214aa42, 0x738405f1, 0x82ffea21, 0x100021a9, 0x200c0b7b, 0x244a82eb, 0xffefff10, 0x20c382e2, 0x200584e2, 0x220982ef, 
    0x83b0fff5, 0x22098201, 0x7beaffe6, 0x4682242d, 0x112002be, 0xf1206d82, 0xe3200382, 0xff214783, 0x118d4cec, 0x1982ff20, 0xffe3ff23, 0x05ff4ee0, 
    0xffebff23, 0x820183c6, 0xfff0220d, 0x170f63de, 0x02c31782, 0xe2ff1622, 0xe22a6782, 0x1a001300, 0x0e00e2ff, 0x5482d8ff, 0x7b790c20, 0x064d4105, 
    0x11841e20, 0xd6ffec22, 0xd6202782, 0xc4200584, 0xe222c382, 0x0183aeff, 0xec221382, 0x2182ceff, 0x8205457d, 0x2202d208, 0x82dbff11, 0x00db2667, 
    0xff160011, 0x2aa382db, 0xffecffa6, 0xffcefff6, 0x83d6ffba, 0x209382a9, 0x2409821e, 0xffd8fff6, 0x260782b8, 0xff9affb8, 0x8492ffed, 0xff9e211f, 
    0x3b820182, 0x9cfff522, 0x15449783, 0xba1f831b, 0x06995c03, 0xffbdff22, 0x5e09ef47, 0xd562115d, 0x7b60180c, 0x000b2108, 0x7b0d9967, 0xaab223dd, 
    0x00e8ff23, 0x2836820a, 0xffb5ff0a, 0xff0a00b0, 0x970b82da, 0x84278402, 0x2121842d, 0x2745f0ff, 0xe4ff2109, 0x00221284, 0x0785e6ff, 0xff2305cd, 
    0x821400f6, 0xff142c51, 0x00bdffc9, 0x00e0ff14, 0x820d000c, 0x000a220f, 0x2607820a, 0x000e0016, 0x84ecff0d, 0x84142011, 0x820c2019, 0x84102005, 
    0x82182003, 0x20028525, 0x20238411, 0x20158200, 0x56ef4100, 0xd8ff162a, 0xd8ff0000, 0xa1ffafff, 0x19200982, 0x00229182, 0x334cc7ff, 0x06334305, 
    0x1f821620, 0x0382c720, 0x0383e220, 0xffe2ff23, 0x820382ec, 0x1e00210b, 0xff210183, 0x26a884b0, 0x00160014, 0x84e3ff12, 0xcc1084ef, 0x078f4204, 
    0xdaffc222, 0x51425782, 0x85411805, 0x20119111, 0x0ce77b00, 0x93055761, 0xc0548225, 0x410a2002, 0xa6220647, 0x098292ff, 0xe7ff1422, 0x83052d41, 
    0xceff2157, 0x00210583, 0x2011840a, 0x221984ec, 0x41e7ffe7, 0x14210847, 0x21018200, 0xa563a6ff, 0x7d2f8309, 0xe2200c85, 0x84067141, 0x2204ba46, 
    0x82e8ff11, 0x00e82a75, 0xff32002b, 0xff2100e8, 0x824b83c6, 0xffd8265b, 0xff0000e0, 0x200582f2, 0x05534b28, 0x2006c77d, 0x202d82c6, 0x220382c4, 
    0x83bfffce, 0x202d8401, 0x220582c4, 0x45ecff14, 0xb16857c9, 0xffdc2408, 0x4e0000d6, 0x93611309, 0x20a78217, 0x829784ec, 0x0823669a, 0x21565748, 
    0x9b82eaff, 0x00230382, 0x67e0ff0f, 0x777e2cdd, 0xa6da823e, 0x098b4c02, 0x82edff21, 0x196418ab, 0x23409f0a, 0xeeffedff, 0xf7680182, 0x5503730c, 
    0x23070d51, 0xe2ffe3ff, 0x4718a382, 0xc58e2c81, 0x60181920, 0x348e24e9, 0xff2b0ea5, 0xfff5ffe8, 0x001500e8, 0x82e9ff1d, 0x8234a505, 0xc8ff2525, 
    0xc8ffcdff, 0x02850882, 0x9d4f0d20, 0xb72c8525, 0xf0ff2305, 0xe5730000, 0x21499d0d, 0xdd82e6ff, 0x410efb46, 0x002355eb, 0x82dcff12, 0x82dc209b, 
    0xffef236f, 0xd77100db, 0x20ba8723, 0x222d821f, 0x86d2ff1f, 0x0012220e, 0x2009820f, 0xd1038214, 0xff0f2202, 0x27a382e8, 0xffc5ffe8, 0x00e2ffba, 
    0x87236f73, 0x821c2083, 0x651c202d, 0x0f220839, 0x48180c00, 0x308230b1, 0x6f5002af, 0x5e594f33, 0x1220c285, 0x83054741, 0xe4ff210c, 0x2032eb41, 
    0x61eb41ec, 0x4607e542, 0x2355054d, 0xf6ff212b, 0x840de56d, 0x83f020e5, 0x4b03d805, 0x66d80d51, 0x681858b3, 0xe12208bb, 0xdf66d0ff, 0xecff222d, 
    0x108558ff, 0x315dff20, 0x20b1a62e, 0x06734918, 0x9cffae22, 0x25200982, 0x0bcd4a18, 0x2006bf4e, 0x20bb8214, 0x209182dd, 0x220782f5, 0x82f5fff5, 
    0xfff62209, 0x215d82e2, 0x01820025, 0x83ceff21, 0x1900253f, 0x0a001400, 0x57761582, 0x3326820f, 0xeeffc6ff, 0x1e00b0ff, 0x13001800, 0xb0ffe0ff, 
    0xf6ffe6ff, 0xf12a0382, 0xbfffb4ff, 0x0d000c00, 0x01831a00, 0x82f2ff21, 0xffed2257, 0x1b6d42c8, 0xde204782, 0xea208382, 0x6d185482, 0x11950e73, 
    0x08137918, 0x1f84ec20, 0x1ea75918, 0x00f4ff27, 0x00e2ff00, 0x2287820b, 0x82e9ffec, 0x00e9220b, 0x8237830a, 0x82f12011, 0x52e2200d, 0x0982054d, 
    0x0382ee20, 0xc94df320, 0x2128820e, 0x1782ecff, 0xcb82ec20, 0xecff1e26, 0xa6ff1e00, 0xd5260d82, 0xa6ffc4ff, 0x0982ceff, 0x0582ce20, 0xceff0d24, 
    0x0b82ccff, 0x0782b520, 0xabffad22, 0x1b820582, 0x82b0ff21, 0x84a62021, 0xffea222d, 0x207f8292, 0x1801410f, 0xf5ff1522, 0xa6223d82, 0x6c8288ff, 
    0x28001226, 0xf1ff1700, 0xc9260382, 0x32001400, 0x1982d8ff, 0xdeffba22, 0xf4230582, 0x82ffd4ff, 0xe8ff239d, 0x5b821400, 0xd8ffea22, 0xeb414f8a, 
    0x05a5431b, 0x8210eb41, 0x3ceb4151, 0xe6213f82, 0x0feb41ff, 0xeefff322, 0xcd200182, 0x0b22e994, 0x3382eeff, 0x00230382, 0x4deeff0a, 0xf14c1433, 
    0x84f42007, 0x260583ed, 0x00ecffec, 0x83180000, 0x20538601, 0x830f8215, 0x18082002, 0x1808434e, 0x200b4d4e, 0x20258200, 0x20198222, 0x22228210, 
    0x820b000a, 0x24038305, 0x0012000d, 0x180b820d, 0x820d576d, 0x21029010, 0x7b84ff0d, 0x000f0023, 0x20098217, 0x187d841a, 0x200d236d, 0x2133830a, 
    0x6782f6ff, 0xe78a6b82, 0x83001a21, 0x831c8301, 0x202584af, 0x20009900, 0x201a821b, 0x24658210, 0xff150014, 0x250382f0, 0x001400e1, 0xb583001d, 
    0x05821020, 0xff210782, 0x202182e5, 0x2283820a, 0x82ecff10, 0x0ead486d, 0x02a01b82, 0xa0148341, 0xb9208b35, 0x27398341, 0x0000f7ff, 0xd3ffe9ff, 
    0xa7500582, 0x0d4b5812, 0xff217589, 0x830184e7, 0x82f6203b, 0x83ee2039, 0x23879919, 0xccffd8ff, 0x09877018, 0x00ecff22, 0x2805f550, 0xffeaff00, 
    0xffe0ffe8, 0x823d83e7, 0x82e9201f, 0x42ec2003, 0x4d880771, 0xc9ff1822, 0xc92a1782, 0x12001700, 0x2400b5ff, 0x0d82d8ff, 0x0583d220, 0xd8220782, 
    0x3b82ecff, 0x11841e20, 0x1984e220, 0x07114918, 0x0d82ce20, 0x82001921, 0x45ff2001, 0x2227052b, 0x19000c00, 0x4f00ceff, 0xff211461, 0x202d82ed, 
    0x8361821f, 0x00142497, 0x82f3ff1c, 0x82cd2003, 0x45028359, 0xe324071f, 0xebffc1ff, 0xf6268382, 0xceff1800, 0x3d4bf2ff, 0x06114e05, 0x201bd743, 
    0x834483ef, 0x45ff20d5, 0xeb2063c3, 0xc345cb82, 0xf7ff2716, 0xf7ff0000, 0x0182f8ff, 0x1ff57218, 0x048db284, 0x25774118, 0x4207c149, 0x5585190b, 
    0x8506bf43, 0x9f05b00c, 0xbb50a15d, 0x0c1f4541, 0x49134144, 0x14211711, 0x85018300, 0x000c239c, 0x00970008, 0x18840b20, 0x09431620, 0x18142006, 
    0x20088752, 0x4511860a, 0x8f730b1f, 0xa4d74314, 0x04a1e484, 0x853ba941, 0x2141bd5d, 0x4582f7ff, 0x43830d20, 0xffeaff23, 0x230b82ec, 0xffecff14, 
    0x2108c948, 0x1184f2ff, 0xf1fff324, 0x0f680000, 0xe7ff2105, 0xec220982, 0x0183bcff, 0xf3230982, 0x4700e2ff, 0x6b56052f, 0x98ff251a, 0x0d00b1ff, 
    0x00244982, 0xf2fff3ff, 0xf6220382, 0x01821d00, 0x6c180d20, 0x798e1123, 0x00203283, 0x08cf6518, 0x09821420, 0x0b470a20, 0x21258412, 0x1f490000, 
    0xecff2305, 0x0382f6ff, 0x5718ec20, 0x1d860815, 0x5d060021, 0x1e831511, 0x82f5ff21, 0x07e94205, 0x00001423, 0x23f582ff, 0x0e00e9ff, 0x47068f42, 
    0x002605d9, 0xf6ffe7ff, 0x2b830a00, 0x0b755018, 0x00203982, 0xe9201582, 0xe9253582, 0x22001a00, 0x210582ff, 0x0d829cff, 0x8582b520, 0xbbffb022, 
    0x05831f83, 0xffbbff23, 0x821584b5, 0xb5ff2107, 0x9c200d82, 0xba200382, 0x200afb58, 0x751f849c, 0x3d830e0b, 0x12220384, 0x3d82eeff, 0x9effaf24, 
    0x6582c3ff, 0x1e002822, 0x1e200f82, 0x1c243182, 0xbeff1400, 0xc5201982, 0x2105b179, 0x2d82e2ff, 0xf1ff1528, 0xc9ff1900, 0x7946dcff, 0x056f4306, 
    0xd3ff122a, 0xd3fff8ff, 0x29002200, 0xff210583, 0x223582a8, 0x82bafff6, 0x82db2001, 0xffe52609, 0xff1100db, 0x22e182db, 0x82a8ff00, 0x84a82007, 
    0x829c2005, 0xffc42209, 0x8201839c, 0x82002057, 0x82ec2007, 0x83e820eb, 0x2503930b, 0xf6ffd9ff, 0x2582a1ff, 0x1d00da28, 0x27002800, 0x0382f0ff, 
    0x1900b128, 0xe6ff1f00, 0x69820f00, 0x6984ef20, 0xedffd022, 0x00261f82, 0xbdff2200, 0x6018c5ff, 0xa58208a7, 0xf5207d84, 0x201caf47, 0x827793f0, 
    0xffe72131, 0x1b830182, 0xaf474384, 0x66ff2006, 0x16820545, 0x5582ff20, 0xff000023, 0x06714ef5, 0x2217af47, 0x82e2ffe0, 0x82e420f1, 0x20028230, 
    0x0aaf47ff, 0x58f3ff21, 0x24204201, 0x02a45482, 0xffedff31, 0x001900e6, 0x00110017, 0x001e0014, 0x82f2ff1f, 0x4adb2003, 0x4191064f, 0xe0ff1a22, 
    0x2e0c5950, 0x00c66602, 0x85000004, 0x004c87aa, 0x824d001c, 0x00242830, 0x00daff18, 0x820a0024, 0x000a2405, 0x8221001a, 0xff242207, 0x2a0f82f6, 
    0xffe8ffe2, 0xffecfff0, 0x821e00e2, 0x21078209, 0x0182e2ff, 0xeeffd822, 0x1822fd82, 0x1982e5ff, 0xd4ffeb22, 0x15223182, 0x05820d00, 0xebff1a24, 
    0x6f44dfff, 0x8a8d823d, 0xceff2502, 0xf7ff0000, 0x16870585, 0xfff6ff23, 0x241382f3, 0xff0000e2, 0x07b753ef, 0x84eaff21, 0x20138397, 0x20ab82f6, 
    0xed631800, 0x83cc2008, 0xd2ff2135, 0xf220a782, 0xed280984, 0xa6ffb0ff, 0xeefff4ff, 0xce20db82, 0x08317918, 0x0982f620, 0x2005574e, 0x054150f6, 
    0x33832f87, 0x0f440396, 0x20058505, 0x20358200, 0x222782e8, 0x82f7ff0a, 0x86028905, 0x8a10891d, 0x840a2009, 0x955b18bb, 0x09bb4e0b, 0x4283379b, 
    0x9f820d20, 0x7563ed20, 0xa61a8311, 0x21618c03, 0x3582f6ff, 0x4e000f21, 0x178212d3, 0x18200283, 0x03a50483, 0xffe2ff2f, 0xfff5ffea, 0x00f1fff0, 
    0xfff6ff0c, 0x06fd45f5, 0x515f3ca0, 0x85098909, 0x1d4f4234, 0x82f0ff21, 0x414118b7, 0x58082023, 0x6618087f, 0xad58082b, 0x85778517, 0xf6ff2305, 
    0xd9461400, 0x00ec2606, 0xff000014, 0x840183f2, 0x00f12209, 0x200f8218, 0x8f2785f9, 0xa0ff2105, 0x1805a34b, 0x8f072d86, 0x880f851f, 0xffe32293, 
    0x221182e3, 0x820f0010, 0x58152005, 0x194127b5, 0x0f234109, 0xff21d99b, 0x827583f6, 0x174b46c5, 0x02868282, 0x23062542, 0xeeffeaff, 0xef20e982, 
    0x86088b45, 0x8406971e, 0xffec225f, 0x820782d8, 0x216f82cf, 0x0183ffe2, 0x7984f620, 0x5aff0f21, 0x3f900809, 0x13842d82, 0x840c9d42, 0x82048e11, 
    0xfff62243, 0x061f52e5, 0x47620020, 0xdf851808, 0x82378420, 0xf6ff23ff, 0x03823200, 0xe7ff0022, 0xeb200184, 0xda22dd82, 0xa5822800, 0x22171341, 
    0x8446001e, 0x84282082, 0x4d048d05, 0xc94305cd, 0x22f38206, 0x821f0032, 0x82002001, 0x000e215f, 0x2205d343, 0x8dd9ff1e, 0x460d9332, 0x09890941, 
    0xdf412787, 0x8417870f, 0x830f2007, 0x1bf14105, 0x03821f83, 0xc4ff1024, 0x0182deff, 0xe7ffe526, 0xdbff0000, 0x7b5a0584, 0xac41822a, 0xecff2102, 
    0x21060143, 0x008f0008, 0x7e18118f, 0x00200ac5, 0x3f570086, 0x8614202e, 0x4c068936, 0x1e861419, 0x19866f92, 0xff270692, 0xfff3ffe7, 0x64f1fff4, 
    0xff272ba1, 0xff1400dd, 0x82ebffe2, 0x8214204e, 0xffee2209, 0x200183dc, 0x21a58200, 0x0f82d8ff, 0x075aec20, 0xf4ff2715, 0x15000c00, 0x3582eaff, 
    0x72107145, 0xd42010f1, 0xe6228f82, 0x2b82e6ff, 0x0a000d22, 0x0c200582, 0x00220382, 0xe947ddff, 0x9012830c, 0x08294203, 0x09881e20, 0xecff0024, 
    0xe9440000, 0x872e9005, 0x001b2110, 0x20056742, 0x991087c4, 0xd8ff2307, 0x4f82edff, 0xd7ffd527, 0xf6ff0c00, 0x954018ff, 0x2ef7412c, 0x19938499, 
    0x95820d20, 0x5d43ed20, 0x05294107, 0x91112365, 0x05194138, 0xff232f83, 0x821400ec, 0x270346d1, 0x0346c820, 0xcaff255f, 0xceffe2ff, 0x82055145, 
    0xffba2109, 0x13830185, 0xeb82c920, 0xdd60d820, 0x21d28e06, 0xd182deff, 0xe6ff0022, 0x82133167, 0xffe02445, 0x84e0ffd8, 0x82f12001, 0x4b6e1843, 
    0xd7591808, 0x82f02008, 0xffe72115, 0x20e95818, 0x8a098942, 0x83f82009, 0x1755538a, 0xe2201b84, 0x60051b43, 0x1f83135d, 0x0c20038a, 0xdc22f982, 
    0xa15edcff, 0xffe42606, 0xff0000e6, 0x111757e7, 0x0ae7318a, 0x89820d20, 0x0b52e920, 0x83f12008, 0x21974376, 0x03872583, 0x200f0349, 0x199b4900, 
    0xff233282, 0x82e4ffec, 0x44f02021, 0x16820b23, 0x33410293, 0xffe42405, 0x82f4ffe6, 0xffee2231, 0x760582eb, 0x46861e3b, 0x08776e18, 0x0ad54318, 
    0x82057545, 0x20799705, 0x078142ff, 0x45863c20, 0x0c200699, 0xec208982, 0x51821e86, 0x44120021, 0x1186056f, 0xff2106ce, 0x225082f2, 0x82f4ff1e, 
    0x82192005, 0x20029c03, 0x209583ff, 0x059f500d, 0x0b222888, 0xd141e8ff, 0xf6ff221f, 0x09c74800, 0xff210982, 0x550183ee, 0xed820681, 0x08974b88, 
    0x8e11d346, 0x21998329, 0xc545e6ff, 0xd01e8e09, 0x1ab9490e, 0x0f246b8f, 0xe5fff6ff, 0x4f08dd4a, 0x5218056f, 0xcb49249b, 0x8ff62008, 0x1b1144d7, 
    0x83e2ff21, 0xf0ff216b, 0x8f09a765, 0x300f8890, 0xffd8ff0c, 0xffe4ffda, 0x00efffdd, 0xffe6ff00, 0x62a982e8, 0x598222dd, 0xe7ff1822, 0x14229384, 
    0x33821800, 0x3982e820, 0x1400e822, 0xe7224382, 0x0f822000, 0x2714cd64, 0x1300f4ff, 0xf6ff1500, 0xb1607d82, 0x4cc18420, 0x0d220507, 0x88180e00, 
    0xe52008df, 0x82175b43, 0x41028e21, 0x1e8e0f31, 0xff230e8c, 0x82e2fff0, 0x20b968d3, 0x85f3ff21, 0xd7ff2389, 0x0982deff, 0x35460282, 0x3b871805, 
    0xae16820d, 0x1dbd4e02, 0x9205c741, 0x0f394acf, 0xecff1722, 0xed28c782, 0xf5ffeaff, 0xeeff0000, 0xf6200182, 0x2e083b45, 0x004e5602, 0x79000004, 
    0x009a7b50, 0x8264002c, 0x00f4241f, 0x82150015, 0x00eb2431, 0x82110019, 0xff1a2663, 0xfff4ffe7, 0x221382f2, 0x70f2ffe9, 0x4d8205db, 0xe9fff226, 
    0xdcff1e00, 0xe7472782, 0x82122005, 0x00ee2655, 0x0055000c, 0x20238212, 0x243782e0, 0x00f0ff18, 0x2215820d, 0x82edfff4, 0xef002017, 0xf1ff2100, 
    0x5546cb82, 0xffed2205, 0x0a3745eb, 0x7547889c, 0xdb621811, 0xefff230b, 0xf182f3ff, 0xebfff124, 0xe582eaff, 0x64b97918, 0x00f2ff25, 0x52180013, 
    0x0027055d, 0x00daff13, 0x82ddff1e, 0x82e6207f, 0x82e0200b, 0xffea2285, 0x200582e5, 0x200382dc, 0x211982e0, 0x0983ffda, 0xeafff524, 0x17821400, 
    0x0a00df24, 0x09825e00, 0xdbfff526, 0x1b00dcff, 0x002a1582, 0x0000e5ff, 0x0c00e4ff, 0x4148e4ff, 0xffdf2206, 0x831182e2, 0xffe72343, 0xe94dffea, 
    0x82e42005, 0x65f020e7, 0xa1434fed, 0x056d5d05, 0xf0207182, 0x4d1b8641, 0x002111db, 0x212f8321, 0x1989eeff, 0x03634f83, 0x4bf32008, 0x7a835c11, 
    0x8f410388, 0xffe92806, 0x001300e9, 0x82e5ff13, 0xffef2203, 0x249782f2, 0xffebff13, 0x200182f0, 0x830382ee, 0x00eb2609, 0xffe4ff1b, 0x200d82e7, 
    0x221d82f5, 0x84efff14, 0x00402abb, 0xfff5ff14, 0x00e4ffe3, 0x24d1841b, 0xff0000ef, 0x091f43ee, 0x84ebff21, 0x00f22315, 0x0384ff00, 0xee205982, 
    0x83119342, 0x8203bf23, 0x41f02059, 0xff200535, 0x5005e148, 0x3d670617, 0x47d5822f, 0x538208a7, 0xf6fff322, 0xec22e982, 0xc182f1ff, 0x5982ea20, 
    0x114ef320, 0x21d3b52b, 0xe350b8ff, 0x84f42008, 0x83ef2075, 0xd3ff2147, 0x08829982, 0xe2248984, 0xf0ff0000, 0x5d470382, 0x7d71180a, 0x222b860d, 
    0x41f5ffb7, 0x98240613, 0xf0ffb0ff, 0x00213b83, 0x2013820c, 0x204882b4, 0x07c16700, 0x5108e16b, 0x2c831707, 0xcd6c03b2, 0x22388205, 0x84000011, 
    0x82b182b5, 0x46d62009, 0xbf840545, 0x0f82e320, 0x0382e020, 0x2582d020, 0x0b200285, 0x20066f47, 0x05d34b00, 0x9c202b86, 0xf4202d84, 0xa1202982, 
    0x2f825588, 0x82c1ff21, 0xff002204, 0x210583d3, 0xd94c0000, 0x2369490a, 0x05a13485, 0xc9ff1026, 0xe2ff0c00, 0x13202882, 0xf4226382, 0x69440e00, 
    0x6dd52006, 0xf2200699, 0xd6201582, 0xcb830382, 0x086d7d18, 0xe9202582, 0x20069346, 0x2039820e, 0x24338200, 0xff00000f, 0x20c7849b, 0x20c784f6, 
    0x851783ae, 0xc4ff2103, 0x8f410783, 0x06114b08, 0x10203f82, 0x03c51783, 0xffecff2b, 0xff0000c2, 0x00eeffdb, 0x20078211, 0x20a182e7, 0x260782c1, 
    0xffc6ffeb, 0x82ebffcf, 0x82e12001, 0x82b82003, 0x82cf2003, 0x82bb2015, 0x20138303, 0x220782ee, 0x85b3ffd3, 0xebff2d81, 0xcfffeeff, 0xf4ff0c00, 
    0xe2ff94ff, 0xe5260582, 0x97ffefff, 0x1d839eff, 0x24066542, 0xff0000be, 0x826783f1, 0x72f22007, 0x54180b03, 0x3b83173b, 0xff2103b7, 0x8339b7bd, 
    0xedff2137, 0x200c354e, 0x830d8c11, 0x4c002020, 0x0f200a8b, 0x315b0b82, 0x85158b05, 0x2d05b625, 0xf1ffecff, 0x0a00d3ff, 0xb5ff0000, 0x8962dfff, 
    0x0c1d4509, 0x98094b4c, 0xc0ff2165, 0xe9203b82, 0xff251e85, 0xffe2ffe8, 0x200582f0, 0x240382e1, 0xffe3ffe4, 0x05234eee, 0xff201d83, 0x8314ab4a, 
    0x3703bd19, 0x0000f6ff, 0x1400e3ff, 0xc9ff1600, 0x1300e8ff, 0x0f00e0ff, 0x0d001900, 0x05835582, 0x0d220783, 0x0f820c00, 0x11841920, 0x09821420, 
    0x2005574d, 0x220f821e, 0x820c000c, 0x000d2605, 0xff190015, 0x054146d3, 0x00160023, 0x08e94818, 0x0982f020, 0x86057b45, 0x442d82e1, 0x0e200519, 
    0x00200984, 0xf5536784, 0xa226861b, 0x000d2a06, 0xff0c001c, 0xfff1ffd8, 0x217582af, 0x234e00d8, 0x25531807, 0xe2ff210a, 0xff234783, 0x180000e1, 
    0x21153750, 0x1982efff, 0xd1ffc024, 0x07821d00, 0x0382f620, 0x2800d726, 0x0f001e00, 0x00203583, 0x1720f983, 0x0f270982, 0xdbff1b00, 0x8200edff, 
    0xf1ff2115, 0xdf202382, 0xb4200382, 0xad200382, 0x02cc1b82, 0x42058743, 0x5dac0ac5, 0x5eeaff21, 0x378308eb, 0x9f581820, 0x096d4108, 0x20078341, 
    0x8b298200, 0xc22f830b, 0xccff2b03, 0xe8ff1b00, 0x2b00eeff, 0x05821600, 0xd9ff212a, 0xf1fff3ff, 0xdfffd2ff, 0xf1220582, 0x0582e4ff, 0x0382c620, 
    0x0000df24, 0x0382ddff, 0xf1fff12c, 0x1800f3ff, 0xe1ffe5ff, 0xf5821000, 0x0f821820, 0xdfffee24, 0x1b821e00, 0xebffca22, 0xee260582, 0xb9fff6ff, 
    0x9a83bfff, 0x06824f82, 0x84cbff21, 0x83d2200b, 0x00002105, 0x200a5b77, 0x0997490d, 0x05b91b85, 0x82f5ff21, 0x00e02159, 0xff230082, 0x73e8ffdc, 
    0x1c821541, 0x6750028e, 0xdcff2111, 0x0be55618, 0xffefff27, 0xffeeffec, 0x200782e6, 0x0af746f6, 0x0ece458e, 0x11001c22, 0x8405155a, 0xb11120d1, 
    0xe2ff215d, 0x0f203382, 0x3b820382, 0x85058141, 0xa505820b, 0x460f4702, 0x8205954a, 0x73ee20c5, 0xa48b2d89, 0x250dc573, 0xedfff4ff, 0x0382f2ff, 
    0x995ced20, 0x45b14123, 0x48ebff21, 0xff230531, 0x73ebffe3, 0xe97339ad, 0x06d3480d, 0xe983ec20, 0x4fefff21, 0x451821ef, 0xff2b433f, 0xff1900c5, 
    0x00e8ffe8, 0x73150015, 0xa5832dd1, 0x3b820383, 0x1d000022, 0x83054745, 0x2009820f, 0x06ab68bb, 0x0f83e920, 0x4218ff20, 0xff22146d, 0x5f4700f5, 
    0x821c2007, 0xbc28837b, 0xebff2103, 0x20087b6f, 0x2df573eb, 0xff25768b, 0xff0000f0, 0x231187d1, 0xe6ffe4ff, 0x2107f160, 0x0d53f5ff, 0x4b31881b, 
    0x1a2a41c5, 0xdcff1f00, 0xe8ffe0ff, 0x19740000, 0x2184862e, 0xab44d9ff, 0x821f2006, 0x84e02007, 0x000c2114, 0x20056174, 0x600d840f, 0x0e8409f5, 
    0xff250487, 0xff0000de, 0x4a0383ed, 0x2c28442f, 0xe8ff1c00, 0xc5ffeaff, 0x3d745182, 0x8390862d, 0xbaff2185, 0x1c200c82, 0x24086f51, 0x001c0014, 
    0x4811820b, 0x8f4405b7, 0xd5ff2116, 0xcb832f82, 0x4e18c820, 0x4f822505, 0x175002a6, 0x61ff2035, 0x3773162b, 0xb586a611, 0x001a2426, 0x41e8ff1f, 
    0x857405d9, 0x5d6f862e, 0x1f220841, 0x47850000, 0x57420020, 0xc63e8624, 0xf1ff2306, 0x4a83f6ff, 0xf0200782, 0x831da359, 0x55039b25, 0xff2109e5, 
    0x200182f6, 0x054d45f3, 0x41f2ff21, 0x4b8417af, 0xb3660e20, 0xb90f8409, 0x07d14c04, 0x49b90787, 0x831839b3, 0x748740cf, 0xffe1ff23, 0x820b83d0, 
    0x18994b07, 0x039d1f83, 0x68184383, 0xff250901, 0xffecffd6, 0x060d47e7, 0x5618e520, 0x2b821f0b, 0x3ec77718, 0x13249b82, 0x18001300, 0xed287382, 
    0x0000aeff, 0x2500e4ff, 0x02831382, 0x520a2741, 0xff2105cb, 0x08fd42eb, 0x00201f83, 0x2008c546, 0x24198400, 0x00eeffba, 0x20218226, 0x220382ee, 
    0x822100d6, 0x050d5147, 0x2c821920, 0x18000d22, 0x11290582, 0xecffe5ff, 0x0e000e00, 0x202383ff, 0x202784e9, 0x75e38900, 0xe6220e3b, 0x4b73f6ff, 
    0x0a33750b, 0x82095572, 0x42028754, 0x6d6409bb, 0x11c94a05, 0xd17c2988, 0x9315870c, 0x239b8707, 0xeafff4ff, 0x3d4a4f85, 0xf0ff2105, 0x5405a74b, 
    0x0021055b, 0x64078400, 0x8983080f, 0x46e5ff21, 0x858d0589, 0x22082d58, 0x82f6ff00, 0x82de201f, 0x00f52255, 0x098d4316, 0x0d838383, 0x86056d45, 
    0xbd47186b, 0x836b8936, 0x85002055, 0xfff52271, 0x09d56cee, 0x059d1785, 0x200a2776, 0x762982e9, 0x0d820a23, 0xff210282, 0x205982ee, 0x225582e2, 
    0x540b00f3, 0x0d820d17, 0x0382b720, 0xeeffe924, 0x07821a00, 0x1a00e82c, 0xf6ffb5ff, 0xc1ffceff, 0x0582c3ff, 0xbfffce22, 0xb5200582, 0xc1200382, 
    0xb9201d82, 0xce221184, 0x0b82ceff, 0xb8ffc822, 0x02825882, 0x82ceff21, 0x00c22657, 0xffacff0c, 0x203b8294, 0x243782f2, 0xffadffd0, 0x281a82ae, 
    0xfff2ff00, 0xff0000b5, 0x220382b2, 0x84c0fff6, 0x7bbf2011, 0xff230775, 0x600000f6, 0xaf6c0d8b, 0xff1e220c, 0x0aab6ce5, 0x76ffba21, 0xff210843, 
    0x244782de, 0xffc9ff19, 0x223f82f3, 0x41d8ffdc, 0x0f220897, 0x19821300, 0xe5ff0026, 0xe3ff0000, 0x4f4c0b85, 0x8a068206, 0x4b162002, 0x3c2012d5, 
    0xff211f87, 0x200982ec, 0x85038222, 0x82132002, 0x051f4347, 0x61855b83, 0x21109944, 0x4d18e2ff, 0xc5840bcb, 0x1c00dc24, 0x15822400, 0x1300f424, 
    0x0182f2ff, 0xf4fff322, 0x1d225082, 0x29852c00, 0xffe8ff25, 0x821a00f5, 0x828b8201, 0x45518717, 0x0c200769, 0x200ad777, 0x8e1f8214, 0x09ab5102, 
    0x228e0989, 0x1b200e85, 0xff230685, 0x851800e8, 0x64058209, 0x2f822ce7, 0xe54f0295, 0x00002109, 0x870f075f, 0x00132f31, 0xffc9ff19, 0x001700de, 
    0x00d4ff12, 0x894eff24, 0x87132005, 0x000023db, 0x0382d8ff, 0xeaffee24, 0x7f18e8ff, 0x12230881, 0x4200f0ff, 0x122005bd, 0xde201b82, 0x19242b82, 
    0x2600d5ff, 0xf6260b82, 0xd3fff2ff, 0x77511400, 0x82222008, 0x840d2066, 0xff11220d, 0x05f94ae5, 0x00202d82, 0x5208634b, 0xcb740acf, 0x000b240a, 
    0x49f3ff1c, 0x0e220875, 0x3b821b00, 0xeaffcb28, 0xf6ff1800, 0x01821a00, 0xceff1822, 0x16205782, 0xf54f6b82, 0x18f52007, 0x2008f99e, 0x201982ee, 
    0x832b8200, 0x8903b006, 0x183a85f5, 0x2008419b, 0xa50f85f8, 0x16e74305, 0xff25eb88, 0xff0000f1, 0x15e743e8, 0x82130021, 0xffc92ee5, 0x001700dc, 
    0x00cbff0c, 0xfff6ff24, 0x207582ec, 0x09814413, 0x82d8ff21, 0xffec243d, 0x41e5ffdc, 0x0d200821, 0x8f41b782, 0x820d2005, 0x82d8201b, 0x8213202b, 
    0x8226203b, 0xffef240b, 0x41c6fff1, 0x3f46108f, 0xffd82205, 0x083f46e7, 0x6382d920, 0xb14b0282, 0x0c5b760b, 0xf2ff1c22, 0x00226d89, 0x5376ff1a, 
    0x098f4109, 0x5b761120, 0x0ded4205, 0x820d8f45, 0x21029062, 0x318df4ff, 0x1999208b, 0x0b9d258b, 0x18f5ff21, 0x2008b744, 0x060b46f0, 0x9b49ec20, 
    0x083b590d, 0x5a18f020, 0x539d098f, 0x4f411df9, 0x479b9721, 0xff23057f, 0x56e7ffe9, 0x2b9709a7, 0xff211797, 0x0c4345e1, 0xff234b82, 0x42e5ffec, 
    0x339705cf, 0x57791793, 0xf1461807, 0x830a2008, 0x077d4257, 0x82e9ff21, 0xffe0220d, 0x201d82e7, 0x069f6f14, 0xff214488, 0x052d48c8, 0x830d0021, 
    0xeaff2112, 0x0ecb7118, 0xb951f520, 0x07a54508, 0x03942683, 0x8305af59, 0xa7ff271a, 0xf4ffbcff, 0x0b82f6ff, 0x00000c22, 0xff201785, 0x0b798218, 
    0x45000c21, 0x238208f3, 0xff74028a, 0xf3ff2107, 0xfb743782, 0x2122890a, 0x2548e0ff, 0x0eb56d05, 0x0e001124, 0xe1820e00, 0x1500ef22, 0xe5223982, 
    0x4f451a00, 0x09815506, 0xfb420020, 0x820a2012, 0x82062057, 0x83002003, 0xeeff212d, 0x0b200982, 0x1b20ff82, 0x00277b84, 0x1f00f0ff, 0x47001c00, 
    0x18200507, 0x00211b83, 0x1459470d, 0x028b1482, 0x1720f984, 0x132c2b82, 0x1a001000, 0xe8fff1ff, 0x24001400, 0x8205c762, 0x82e5201b, 0x4a0a2087, 
    0x002105b3, 0x2107840f, 0xbf45000e, 0x24098208, 0xff1300c2, 0x204f82e9, 0x221d841a, 0x82b5ff1a, 0xff00220b, 0x0afd50d2, 0xff231182, 0x510000cf, 
    0x1d8305cb, 0x00206782, 0x20069748, 0x220f8410, 0x48160000, 0x97480b65, 0x83138207, 0x86be203b, 0x21068c23, 0x0e84f6ff, 0x7509bf54, 0x1e220d47, 
    0x9748eeff, 0x8b298409, 0xff192204, 0x200e82c9, 0x17411813, 0x34022e08, 0x000400b2, 0x5ff65d00, 0x003f00a0, 0x38778260, 0xffecffd0, 0xffd6ffdc, 
    0xfff3ffd0, 0x000b00f2, 0xffe2ff15, 0xffc5ffe7, 0x0d3944e8, 0x02404582, 0xc7ff2194, 0xe128af82, 0xdbffe0ff, 0xebffe9ff, 0x1a22a282, 0xd582eaff, 
    0xedffc22a, 0x0b00f5ff, 0x2000e1ff, 0xb0321f82, 0xf4ffa2ff, 0xe3ff1c00, 0xeeff2500, 0xd8ff1800, 0x09821c00, 0xbfffa924, 0x0d82c3ff, 0xf6ffbe22, 
    0xeb26f182, 0x13002000, 0x2f82eaff, 0xd7ffec26, 0xdaffc9ff, 0x1b2c4d82, 0x1400b1ff, 0xf1ff1400, 0xc8ffefff, 0xef206182, 0x03830782, 0x1d82ee20, 
    0x0b84d820, 0xeffff124, 0xa8180d00, 0x9a8224a5, 0xff200293, 0x210e3b65, 0x2583e9ff, 0xdb24b382, 0xf3ff0000, 0xdf260382, 0xd9ff1200, 0x0982d9ff, 
    0x0382e720, 0x9142db20, 0xddff2109, 0xe3223b82, 0x2163d5ff, 0xf6ff2307, 0x1d82e0ff, 0x4d43d920, 0xdeff2309, 0xf161dcff, 0x19f17608, 0x37823582, 
    0x4d82f120, 0xdfffde24, 0xb550f3ff, 0xa1888308, 0x83112003, 0xf2ff2422, 0x4300eeff, 0x152205c7, 0x9182d4ff, 0x1a001a24, 0x1182f6ff, 0x0782ed20, 
    0x0b979e18, 0xf2ff1f34, 0xdbff1300, 0x10000a00, 0x24001900, 0x18001300, 0x27820d00, 0xe5ffda28, 0x0e001a00, 0x1382d8ff, 0xff2d5082, 0xff0a00e2, 
    0x001500e1, 0x000f0026, 0x825b830f, 0x0b3d6035, 0x82085575, 0xff0d242c, 0x82ebffeb, 0x05174807, 0x71820020, 0x1100e626, 0xf4ff1800, 0xef220382, 
    0x1d82edff, 0x0382e020, 0xdcfff322, 0x4b14e170, 0x0b240d3d, 0xeaffe8ff, 0x2c204b82, 0xf5204582, 0x16207784, 0x3b4b0d82, 0x82002007, 0x22bf8385, 
    0x82f3fff2, 0x0013225d, 0x839d8213, 0x82228203, 0x0de74bc3, 0xff221382, 0xb94b00ec, 0x05495409, 0x02901582, 0x11861d20, 0x8305cf44, 0x82dc20bf, 
    0x21978311, 0x7d830013, 0xb5560020, 0xe2ff2109, 0x1b4c9d82, 0x90258208, 0x05635702, 0xdb208d82, 0xc3200382, 0xdf200382, 0xc9834383, 0x82deff21, 
    0x86da200d, 0x48c520a7, 0xe38407e3, 0xff234584, 0x82f5ffc0, 0x18f0201d, 0x4409cb50, 0x1d8406b9, 0xeb4a0499, 0x82f02006, 0x83f3203b, 0xe9ff2703, 
    0xf0ffe8ff, 0x0b82f2ff, 0xf3ffed24, 0x5584f4ff, 0xf1fff522, 0xe2200f82, 0x8221dd62, 0x826a82df, 0x82e02043, 0x05434106, 0x40181420, 0xe9220e9b, 
    0x18820a00, 0xdf470a20, 0x08c95006, 0xe8200f82, 0xda206382, 0x7009b744, 0x2c8206dd, 0x7186029b, 0xecfff622, 0xe920b782, 0x9b0eab50, 0x211b9c38, 
    0x4982ecff, 0xf5fff328, 0x1c00f8ff, 0xfd840a00, 0x2009e956, 0x09e34a0f, 0x896a4489, 0x89551808, 0xf0ff2134, 0x08316518, 0xddffed22, 0xea240b88, 
    0xe5ffe9ff, 0xe7220d82, 0x0582eeff, 0x8f82d620, 0x2025e16a, 0x0a5d5cef, 0x5575a282, 0x000f2410, 0x5af3ff0e, 0x5e824517, 0xcb5c028c, 0x07e94322, 
    0x0c85378c, 0x2106e946, 0x2382000a, 0x7fd7ff21, 0xff220ba5, 0x877d00ef, 0x82ea2005, 0x53df2007, 0x1f84052b, 0x235f0486, 0x4e4b8211, 0x258609a7, 
    0x0a2006a2, 0x23094143, 0xf4ff0000, 0x83058f42, 0xe3ff2105, 0x851b014c, 0xe0ff2159, 0x2d50b983, 0x06d94505, 0x44061f44, 0x55820905, 0xb318e020, 
    0x39860bc9, 0xf2ffd322, 0xa6181982, 0x1f540a85, 0x9b218509, 0xf5ff2105, 0xf0203b82, 0xff212185, 0x05d165f6, 0x85094946, 0x44058617, 0x108209d3, 
    0xffbbff2b, 0xffcfffd7, 0xffc6ffcb, 0x26af84de, 0xffd0ff1d, 0x86baffe1, 0x00df3241, 0xffd3ff18, 0xffb6ffc0, 0xff1100ea, 0xff1b00d2, 0x200382f0, 
    0x223882c0, 0x82b7ff0b, 0x00c52825, 0xffc1ff1a, 0x82e0fff4, 0x001524f7, 0x82ddff15, 0x82e52003, 0xffc62249, 0x2c1182d5, 0x00c3ff1d, 0xff160016, 
    0xffe5ffea, 0x206182bd, 0x830782e5, 0xffe22203, 0x833582c5, 0xffe72409, 0x820f00e5, 0x82ed2015, 0x44028a51, 0x8b860d67, 0x0c202383, 0xff232483, 
    0x73eeffec, 0x0d521753, 0x26278407, 0xfff2ffc3, 0x4b0f00f4, 0xff250513, 0xff0000e2, 0x200382d6, 0x200382e1, 0x112959c4, 0x8305dd65, 0x23038737, 
    0x0e00bbff, 0x079d0b87, 0x23072542, 0xf5ff0000, 0x211b8b5b, 0xd98defff, 0x45445591, 0x85ef2008, 0xebff231b, 0x51820c00, 0x0382ee20, 0x0382f120, 
    0x0382e520, 0x850e2b41, 0x20058327, 0x212582ff, 0x7b540000, 0x0bc74209, 0x03951f83, 0xf6203586, 0x59413987, 0x913d9517, 0x08d94215, 0x1954f420, 
    0x872b910f, 0x69ff2011, 0x002005dd, 0x17833b87, 0xff2387a9, 0x52edfff5, 0xf12208e1, 0x43440000, 0x05074105, 0x82dbff21, 0xffec2401, 0x44e6ffe2, 
    0xff220597, 0x455b00df, 0x88738316, 0x0d835203, 0x17881720, 0x2385088b, 0x820c0d64, 0x640f8cb3, 0x358b0663, 0x418d0ba1, 0x218c2fa1, 0x21056544, 
    0x1f45eaff, 0x220f8207, 0x83f1ff15, 0x089f560d, 0x3085ec20, 0x4605f54a, 0x2b820b19, 0x234f0020, 0x20218605, 0x232146e3, 0x20087941, 0x057b49ee, 
    0x850be744, 0x4505b347, 0x13200adf, 0xa408294f, 0x09114948, 0x24842ea4, 0x250b9543, 0xf2ffe9ff, 0x1183f3ff, 0xf1240782, 0xedffeeff, 0xee227f82, 
    0x9349f6ff, 0x8a2e8405, 0xcbff2104, 0xd726f582, 0xccffd2ff, 0x7984eeff, 0xdcff2426, 0xc9ffe2ff, 0x16202284, 0x1b264582, 0x9effcdff, 0x0f82c2ff, 
    0xe5ff2224, 0x07822600, 0xc5ff2630, 0x1d001d00, 0xc2ffaeff, 0x1e00d1ff, 0x5982ccff, 0xf4fff424, 0x13822200, 0x1b00f022, 0xee200d82, 0xe0203382, 
    0x24241182, 0x2400a4ff, 0x00220182, 0x1182f5ff, 0xbc18cd20, 0xf220087b, 0xc3207582, 0x2b820d83, 0x1400f522, 0x02835382, 0x15001423, 0x1a896a00, 
    0x1920e384, 0x6742218a, 0xe8ff2120, 0xeb205f82, 0x21072f43, 0x0d82dfff, 0x0382de20, 0x0382ef20, 0xb754ea20, 0x9fa88337, 0x17617303, 0x9f09194a, 
    0x201f8c41, 0x1b334518, 0x0cba298c, 0x200c4142, 0x207182ef, 0x0b8945f5, 0x19495885, 0x86288522, 0xecff2105, 0x210b4145, 0x5946eeff, 0x54078405, 
    0x2886061f, 0xa79706ce, 0x91f3ff21, 0x0aa74368, 0x11861c91, 0xffc7ff23, 0x051768da, 0x2008374b, 0x05194d12, 0x06a22086, 0x8e211b64, 0x82162044, 
    0x0013220f, 0x4d018219, 0x09830589, 0x02841282, 0x05840f20, 0x19000022, 0x04822384, 0xff210295, 0x831782eb, 0x001b2647, 0xff000021, 0x222d86f4, 
    0x47f6ff13, 0x2b8221c7, 0x3f4e028d, 0x82278d19, 0xeaff210d, 0x220b3f4e, 0x53fff3ff, 0x148205f1, 0x3b200284, 0x434b0584, 0x821f841a, 0xe9ff2904, 
    0xeaff0000, 0xecff0d00, 0xff21bb83, 0x200d82e8, 0x220382e0, 0x820b00ee, 0x24474cc1, 0x02b24482, 0x45e2ff21, 0x115615b1, 0x82112014, 0x430f2060, 
    0x1582112b, 0xb7840282, 0x0c00d425, 0x55001500, 0xe6220577, 0x2b82f3ff, 0x1182dd20, 0x821ad94b, 0x82dc20dd, 0x20028d3c, 0x09174913, 0xf2204182, 
    0x201c2546, 0x203a820d, 0x26038214, 0x00130019, 0x820e0012, 0x4b0e2009, 0x098205d1, 0x0c200285, 0x137f1584, 0x8f148508, 0x20ab8405, 0x832982f5, 
    0xff002227, 0x207782f5, 0x61cf71e8, 0x0f9e858f, 0x1f821120, 0x68180f20, 0x13820fd1, 0x7f410284, 0x0a71424c, 0x48eeff21, 0x7f411c25, 0x00182309, 
    0xbf430015, 0x0def4105, 0x46057f41, 0xc1881aed, 0x4600f221, 0xff2506e7, 0xff0000f2, 0x7b7f41ea, 0x870b8142, 0x18079b9f, 0x210d0596, 0xbb82f0ff, 
    0x1146e520, 0xbb3b9b0b, 0x41a7971b, 0x70961cb3, 0x7f414b82, 0x82f12007, 0x43e920bb, 0x3e9617e9, 0xd79716cc, 0xff216497, 0x26ad82e3, 0xff0c00e7, 
    0x82e4ffe2, 0x20038309, 0x240782dc, 0xff0b00eb, 0x231b69e6, 0x179f5797, 0x41e2ff21, 0xaf8f05e5, 0x479f0f8f, 0x7f411f83, 0x00e222c0, 0x05bf4919, 
    0x82edff21, 0x41dc2007, 0xea200687, 0x830bff5d, 0x490397e7, 0x23970b97, 0xff211783, 0x490583f0, 0x6f4a0da7, 0x13ff480f, 0x059b3185, 0x00f6ff23, 
    0x221f8211, 0x46f3ff0a, 0xff210597, 0x205782ee, 0x0877600b, 0x02911a82, 0x20425d42, 0x0557470c, 0x820a0021, 0x48028307, 0x2d58162f, 0xdbff2323, 
    0x4283d6ff, 0xff000023, 0x200382e6, 0x200b82f2, 0x82d3840d, 0x4902a708, 0x4c180fbf, 0x46910ec5, 0x12821120, 0x13000e22, 0x0e200182, 0x08820988, 
    0x1320028c, 0x8c08276b, 0x210c8f16, 0x6359e3ff, 0x86eb2008, 0x000b211b, 0x412eb762, 0x57420f91, 0x82162020, 0x00132269, 0x46018218, 0x6f4d07bf, 
    0x06b94d11, 0x21179b65, 0xdf82d3ff, 0x4182dc20, 0x2005b746, 0x200d82e2, 0x200382da, 0x200382e4, 0x08115cd3, 0x029b6682, 0x27ed7118, 0x520cff42, 
    0xeb20076d, 0xff23e583, 0x85fafff7, 0x09334961, 0x200abd41, 0x201b8211, 0x2091820e, 0x900782f5, 0xf4ff2102, 0xec251982, 0x15001300, 0x24238300, 
    0xffe3fff6, 0x221182f6, 0x180f00e5, 0x431d5d61, 0x132012dd, 0x200c614d, 0x0f9b43f5, 0x0d207a8c, 0x20200d82, 0x18260382, 0x12001400, 0x09821000, 
    0x254f1020, 0x820c8208, 0x093f4802, 0x820d3f5a, 0x4b02891a, 0xc983bfff, 0x20a0ff45, 0x95a5830b, 0xb8ff2503, 0xeaff0000, 0x8405bd55, 0xff002209, 
    0x200782df, 0x220382ec, 0x95b9ffc2, 0x4215b733, 0x577b0c5d, 0xeaff2108, 0xdc200182, 0xe4226f82, 0x0582e8ff, 0x5dadd820, 0x48e7ff21, 0xef20143f, 
    0xad673f48, 0x482d91ad, 0x477080ff, 0x337f470e, 0x200eff42, 0x05bf52e6, 0x11e3eb91, 0x232fbf49, 0xf0ffdcff, 0x10209782, 0xcd180382, 0xdd200fdd, 
    0x4f25db57, 0x4c821587, 0xdb53029c, 0x06234317, 0x9c0aa17a, 0x201c8946, 0x250a830f, 0x0000f6ff, 0x0382e7ff, 0x975aee20, 0xa8248316, 0x0a814603, 
    0x35483395, 0xaa1b9505, 0x05734215, 0xff21f983, 0x06ff54dc, 0x3eaaee20, 0x27512ab4, 0xd56c1814, 0xa90a820a, 0x4e0b2002, 0x32a907ff, 0xff4229d7, 
    0x0000252f, 0x0c00f5ff, 0xc54abf8c, 0x8db1d716, 0x20bf8657, 0x99158d1e, 0xdcff230d, 0x3382f5ff, 0x210abf43, 0xd382deff, 0x0382e520, 0xbf43de20, 
    0x995d9927, 0x18bf4319, 0x1e436218, 0x3f455193, 0x49f5200e, 0x3b9317e9, 0x3f4213cf, 0x182f4317, 0x657dce20, 0xe5ff210b, 0x20063f4b, 0x200782e6, 
    0x097f72d2, 0x3f4ba59d, 0x06eb6d34, 0xe9266782, 0xdfffe7ff, 0x8f5bf6ff, 0x11a16005, 0x094b4118, 0x0f208594, 0xff251585, 0x00d6ffcb, 0x200b8312, 
    0x07654bff, 0x20001622, 0x03a90f83, 0x202cbb51, 0x20578212, 0x2203821e, 0x8222001b, 0x821d2001, 0x821d207b, 0x82192007, 0x20028511, 0x83118215, 
    0x53838323, 0xff211a83, 0x20af86ee, 0x45bb8414, 0xc9410a37, 0xc1278317, 0x83ff2003, 0x820b2069, 0x065b4a47, 0x820bdb4c, 0x035d1815, 0x20bf9b0d, 
    0x5fbf8ca3, 0xff230a77, 0x82a5ffae, 0x4a02ca49, 0xb7200c7f, 0x0b2abb86, 0xdcff0000, 0xebffd5ff, 0x0b65e0ff, 0x82bf8d0a, 0x6002972a, 0x192006e3, 
    0x0f201f82, 0x210d6942, 0x8b42d3ff, 0xc4278213, 0x0b135a02, 0xfff4ff23, 0x207b82ea, 0x0af141f0, 0x648b2a20, 0x8b0bf15f, 0x20238c17, 0x07a550df, 
    0x200ad944, 0xa1218b16, 0x12514e0b, 0x1420349d, 0x12221e82, 0x3f5a1800, 0x09bf4f0a, 0x1b820a20, 0x839e0283, 0x45e0ff21, 0xe42018ff, 0x8323595f, 
    0x4303b362, 0x516117eb, 0x0e2d4505, 0x451aff42, 0x122008eb, 0x4184858d, 0x8d11cd50, 0x830dbf24, 0x000b265f, 0x000d000f, 0x204a820a, 0x8209820a, 
    0x42028406, 0x2d8428ff, 0xff570020, 0xf611860b, 0x06034306, 0x200d5418, 0xff279e87, 0xff0000e9, 0x851800ee, 0x0cff5d0f, 0x56d54c18, 0x47186986, 
    0x394216bb, 0x9c2c850e, 0x06d54405, 0x24831120, 0x84f1ff21, 0x515b8205, 0x24831cbb, 0x2f4503a2, 0x202e940b, 0x4215820c, 0x262015db, 0x02871982, 
    0x00019508, 0x002e0080, 0x00390037, 0x003b003a, 0x003d003c, 0x00640049, 0x00b8007a, 0x011201ea, 0x011b0114, 0x013e013c, 0x014e0140, 0x01520150, 
    0x01560154, 0x015b0158, 0x01680166, 0x016c016a, 0x01f901aa, 0x021102fd, 0x02180213, 0x024d0229, 0x02850256, 0x02ae0293, 0x02ce02c3, 0x02e202d3, 
    0x032d03e3, 0x0341032f, 0x038b0349, 0x038f038d, 0x03a00393, 0x03a303a2, 0x03a603a4, 0x03aa03a7, 0x03ad03ab, 0x03b003af, 0x03b303b1, 0x03b703b4, 
    0x03bb03b9, 0x03c303bd, 0x07452619, 0xd603d526, 0xfc03dd03, 0x0afb2519, 0x0feb2519, 0x0fdb2519, 0x07b32519, 0x9f049e2b, 0xa104a004, 0xa904a804, 
    0xdb241904, 0xc5241907, 0x95241907, 0x0200210e, 0x2420ff82, 0x002eff82, 0x47004400, 0x49001700, 0x1b005d00, 0x01826400, 0x6b003022, 0x31220182, 
    0x01826d00, 0x77003222, 0x33340182, 0xb1009b00, 0xb3003400, 0x4b00b700, 0xc000ba00, 0xc2005000, 0x572e0182, 0xd100c700, 0xd3005800, 0x6300ed00, 
    0x0182ef00, 0xf1007e22, 0x7f220182, 0x0182f300, 0xf5008022, 0x52080182, 0x01f70081, 0x01820027, 0x004f0129, 0x015101b3, 0x01da0051, 0x00530153, 
    0x015501db, 0x01dc0055, 0x005d0157, 0x016601dd, 0x01e4006b, 0x006d016d, 0x01aa01ea, 0x01eb00b0, 0x00e701e7, 0x01ec01f2, 0x01f300ec, 0x00f001ef, 
    0x01f501f4, 0x01f600f5, 0x82f701f7, 0xf98c0851, 0xf800f901, 0xff01fd01, 0x0202f900, 0xfc000402, 0x0b020902, 0x1002ff00, 0x02011302, 0x1b021b02, 
    0x2a020601, 0x07014702, 0x52024902, 0x55022501, 0x2f015502, 0x5b025702, 0x5d023001, 0x35016102, 0x69026302, 0x6b023a01, 0x41016b02, 0x7c026d02, 
    0x7f024201, 0x52018002, 0x89028602, 0x8b025401, 0x58019202, 0x94029402, 0x98026001, 0x61019c02, 0x9f029f02, 0xa3026601, 0x6701a302, 0xa602a502, 
    0xac026801, 0x6a01ac02, 0xaf02af02, 0x0124bb82, 0x05006a00, 0x10892f19, 0x10000f2c, 0x12001100, 0x1e001d00, 0x6b422300, 0x003e2e08, 0x0040003f, 
    0x0060005e, 0x00650063, 0x08398266, 0x6e006c24, 0x70006f00, 0x73007100, 0x78007400, 0x7c007a00, 0x80007e00, 0x92008600, 0x9a009600, 0xb900b800, 
    0x8d422801, 0x425e200a, 0xa134088b, 0xb201b101, 0xb401b301, 0xb601b501, 0xb801b701, 0xba01b901, 0x0e8d2c19, 0x01db2a08, 0x01dd01dc, 0x01e001df, 
    0x01e301e1, 0x01e501e4, 0x01e901e8, 0x01f601f3, 0x02fb01fa, 0x02050200, 0x020c0207, 0x0218020e, 0x06cb4229, 0x9602952c, 0xa0029702, 0x0100ae02, 
    0x19821300, 0x17021623, 0x4f2c1902, 0x02233a09, 0x02530224, 0x025c0254, 0x0281027d, 0x029e029d, 0x00b002a4, 0x00210002, 0x24018205, 0x000a0000, 
    0x2037820d, 0x20f7820f, 0x20f98405, 0x24fb8209, 0x000b0023, 0x20f5823e, 0x22f7820c, 0x820f005e, 0x006022fb, 0x24fb8210, 0x00110066, 0x2201826c, 
    0x826e0012, 0x841320fd, 0x001722ff, 0x20018278, 0x24fd8219, 0x001a0086, 0x26018296, 0x015e011b, 0x821c005e, 0x00dd22d7, 0x22c9821d, 0x832800e1, 
    0x005508c9, 0x039e032b, 0x032d00a5, 0x00b303a7, 0x03cf0335, 0x034200d1, 0x00d603d4, 0x03ee0345, 0x034800f5, 0x000104fc, 0x040a0450, 0x04560011, 
    0x002d0428, 0x0436045e, 0x04640039, 0x0092048f, 0x049e0468, 0x046c00a1, 0x00bf04bb, 0x04c80470, 0x047500c9, 0x00de04cf, 0x08c98277, 0xb303127b, 
    0x0000ce03, 0xe203d703, 0xe6031c00, 0x2800ed03, 0xfb03f603, 0x02043000, 0x36000904, 0x19041204, 0x22043e00, 0x46002704, 0x35042e04, 0x3a044c00, 
    0x54008e04, 0x93049304, 0x9904a900, 0xaa009d04, 0xa204a204, 0xa604af00, 0xb000ab04, 0xba04b304, 0xc304b600, 0xbe00c704, 0xcc04ca04, 0xdf04c300, 
    0xc600e604, 0xe904e904, 0x0100ce00, 0x05006800, 0x0b000a00, 0x0d000c00, 0x0d334200, 0x42003e21, 0x66210529, 0x0f234200, 0x96008624, 0xe9415e01, 
    0x01da210e, 0x190eeb41, 0x260abd2c, 0x02c702c6, 0x19cd02cc, 0x2018b12c, 0xaf2c19dc, 0xe8f7080c, 0xee02eb02, 0x23032103, 0x2f032d03, 0x33033103, 
    0x37033503, 0x3b033903, 0x41033d03, 0x49034703, 0x5e035d03, 0x6d036c03, 0x73036f03, 0x7b037903, 0x81037f03, 0x85038303, 0x93038703, 0x02009503, 
    0xc5022600, 0x0000c502, 0xcb02c802, 0xce020100, 0x0500ce02, 0xe602e202, 0xe9020600, 0x0b00ea02, 0xed02ec02, 0xf0020d00, 0x0f00f702, 0x1c03fa02, 
    0x1e031700, 0x3a002003, 0x22032203, 0x24033d00, 0x3e002a03, 0x2c032c03, 0x2e034500, 0x46002e03, 0x30033003, 0x32034700, 0x48003203, 0x34033403, 
    0x36034900, 0x4a003603, 0x38033803, 0x3a034b00, 0x4c003a03, 0x3c033c03, 0x3e034d00, 0x4e004603, 0x54034803, 0x57035700, 0x64005903, 0x5b035b03, 
    0x5f036700, 0x68006103, 0x67036303, 0x69036b00, 0x70006b03, 0x6e036e03, 0x70037300, 0x74007203, 0x75037403, 0x82037700, 0x00340801, 0x037a0379, 
    0x037a007a, 0x007e037c, 0x0384037b, 0x037e0084, 0x00860386, 0x0388037f, 0x03800090, 0x00940394, 0x03960389, 0x008a0096, 0x02240001, 0x001d008c, 
    0x2b533319, 0x8b078546, 0x00012407, 0x82030002, 0x44042010, 0x13420e45, 0x420e2005, 0x13260815, 0x15001400, 0xa4181600, 0x33820993, 0x04000023, 
    0x20008b00, 0x200c822f, 0x8f038221, 0x8f102002, 0x200fb610, 0x87ef821d, 0x00212403, 0x8621001f, 0x00252101, 0x20240185, 0x2b002a00, 0x00200188, 
    0x31210982, 0x83018500, 0x83182070, 0x21038a04, 0x00870002, 0x85000721, 0x00192101, 0xc218f583, 0x12210b2d, 0x22018500, 0x821a0016, 0x821d20fb, 
    0x22038730, 0x8202001f, 0x26038981, 0x001c0020, 0x82030020, 0x90002091, 0x00232303, 0x038b0005, 0x06002423, 0x20038300, 0x8f778225, 0x00072403, 
    0x84080026, 0x00272303, 0x03830009, 0x0a002823, 0x20038500, 0x2007861c, 0x20e7820a, 0x22038c0b, 0x821b0000, 0x880c20ed, 0x002e2303, 0x0387000f, 
    0x10002f23, 0x23038700, 0x00110030, 0x31200387, 0x0393db82, 0x14003322, 0x1620e782, 0x17200382, 0x04200388, 0x39834184, 0x8f000821, 0x872f8300, 
    0x67002003, 0x4c8f2f67, 0x04220fba, 0x01820700, 0x0a000a22, 0x48ba0584, 0x1e203ab0, 0x2b203188, 0x20220984, 0x118c2000, 0x0d822220, 0x03823220, 
    0x27220283, 0xa1820900, 0x2a230983, 0x85000b00, 0x240d832f, 0x000d002c, 0x8408832e, 0x07a54103, 0x04880c84, 0x8715176e, 0x0017261e, 0x00260017, 
    0x85018208, 0x821d2005, 0x00252218, 0x21638207, 0xe741000c, 0x000c2113, 0x2007cb42, 0x42298221, 0x9f83079f, 0x42002b21, 0x59830549, 0x04820820, 
    0x1f835983, 0x0b821220, 0x3783b583, 0x27833383, 0x1383438b, 0x8707cf42, 0x07854243, 0x42828187, 0x00240023, 0x86068306, 0x84172003, 0x874f8787, 
    0x42078337, 0x0122094d, 0x25820d00, 0x02001f23, 0x20008300, 0x82048310, 0x821e2003, 0x001d2103, 0x08823983, 0x41410284, 0x00162a05, 0x02040001, 
    0x005b00ac, 0x2215840c, 0x82220000, 0x82232009, 0x00022515, 0x000f0000, 0x8205d544, 0x2202900a, 0x86150015, 0x00032413, 0x82340016, 0x8235200b, 
    0x20028303, 0x21048336, 0x05843700, 0x05825720, 0x03823820, 0x03823920, 0x0f9b3819, 0x04002924, 0xd9880500, 0x18002c26, 0x1a001900, 0x1b2c0f82, 
    0x1f002d00, 0x2e002000, 0x31002f00, 0x1c380182, 0x1d003200, 0x30003300, 0x25002400, 0x07000600, 0x08001100, 0x26001200, 0x0d202b82, 0x00220382, 
    0x2d820900, 0xad820920, 0x69840c84, 0x38001326, 0x0b000a00, 0x00200384, 0x0e20c582, 0x00281582, 0x21003000, 0x40001c00, 0x04910b84, 0x12911320, 
    0x3d41118c, 0x82342009, 0x220387ef, 0x8c350042, 0x200c8725, 0x85818238, 0x82002003, 0x003c2109, 0x7b850185, 0x8b001721, 0x82182001, 0x841a20f5, 
    0x821f2003, 0x200383f7, 0x20f5841e, 0x83ab821c, 0x82002003, 0x05b54507, 0x08002522, 0x08205e82, 0x17207d82, 0x35220388, 0x81821800, 0x3b6b0389, 
    0x82192005, 0x901a2027, 0x00362303, 0x038b001b, 0x2d000022, 0x03832382, 0x07821f20, 0x0d85038d, 0x20003722, 0x2b421982, 0x00002205, 0x8f0b822f, 
    0x82312003, 0x22038913, 0x825f0056, 0x881c20ed, 0x00002203, 0x851f8233, 0x003a2303, 0x03870030, 0x24003b23, 0x23038700, 0x0025003c, 0x3e2a0393, 
    0x40000700, 0x41000800, 0x03881200, 0x41840020, 0x20223983, 0x59820b00, 0x3e20028b, 0x03872f82, 0x1b8b3783, 0x28bd0b40, 0x004e004b, 0x004f0052, 
    0x28c68249, 0x0050004c, 0x0051004d, 0x240b824a, 0x00520052, 0x2007825a, 0x2005844a, 0x8309822c, 0x002c2802, 0x0055002c, 0x83180035, 0x5900290c, 
    0x27002800, 0x48005c00, 0x38220d84, 0x07843d00, 0x2e220483, 0x06822f00, 0x03824320, 0x38003122, 0x820ab141, 0x5d002110, 0x53200482, 0x24200382, 
    0x002a0382, 0x3c003b00, 0x44002500, 0x8f414500, 0x00542208, 0x5419825e, 0x0f820c2f, 0x19200287, 0x5d830884, 0x31000026, 0x17003400, 0x1f200f82, 
    0xe7416184, 0x42582013, 0x422008cb, 0x9f422982, 0x00002207, 0x2093882e, 0x203f8254, 0x23038220, 0x00190000, 0x0a841f83, 0x33835986, 0x1c003822, 
    0x00224388, 0x1e821a00, 0xc1420383, 0x831b8305, 0x07894203, 0x46228187, 0xfb422b00, 0x22ad8506, 0x84120041, 0x873f8343, 0x24078733, 0x00080040, 
    0x206f8214, 0x207f8214, 0x4125821d, 0x3020075b, 0x44823382, 0x47200282, 0x00201582, 0x0c827984, 0x40280286, 0x02000800, 0x05006100, 0x0d220182, 
    0x01820600, 0x07001c22, 0x1d200182, 0x08241782, 0x09002000, 0x18220182, 0x01820a00, 0x0b000d22, 0x06220182, 0x01820c00, 0x0d000722, 0x0c220182, 
    0x01820f00, 0x10001422, 0x13220182, 0x01821100, 0x6b821420, 0x1700122a, 0x1e001d00, 0x23001500, 0x1b220182, 0x01823b00, 0x3c000122, 0x02220182, 
    0x01823d00, 0x3e000322, 0x08220182, 0x01823f00, 0x40001622, 0x09220182, 0x01825e00, 0x60000a22, 0x0b220182, 0x01826300, 0x65001022, 0x10220182, 
    0x01826600, 0x6a001422, 0x20220182, 0x01826c00, 0x6e001122, 0x0e220182, 0x01826f00, 0x70000f22, 0x0e220182, 0x01827100, 0x73000f28, 0x13007400, 
    0x01827800, 0x7a001222, 0x02220182, 0x01827c00, 0x7e001922, 0x1e220182, 0x01828000, 0x86001f22, 0x11220182, 0x01829200, 0x96003722, 0x12220182, 
    0x01829a00, 0xb8001a22, 0x02220182, 0x0182b900, 0x28010436, 0x05002801, 0x50015001, 0x52010200, 0x03005201, 0x54015401, 0x56220582, 0x05825601, 
    0x5e015e28, 0x6c010f00, 0x1d826c01, 0x01a18008, 0x013700a1, 0x00b101b1, 0x01b2012d, 0x012e00b2, 0x00b301b3, 0x01b4012f, 0x013000b4, 0x00b501b5, 
    0x01b60131, 0x013200b6, 0x00b701b7, 0x01b80133, 0x013400b8, 0x00b901b9, 0x01ba0135, 0x013600ba, 0x00d301d3, 0x01d40121, 0x012200d4, 0x00d501d5, 
    0x01d60123, 0x012400d6, 0x00d701d7, 0x01d80125, 0x012600d8, 0x00d901d9, 0x01db0127, 0x012800db, 0x00dc01dc, 0x01dd0129, 0x012a00dd, 0x82e001df, 
    0x01e1282f, 0x012b00e1, 0x82e301e3, 0x01e42211, 0x080b82e4, 0xe501e555, 0xe8012c00, 0x3800e801, 0xe901e901, 0xf3013900, 0x4000f301, 0xf601f601, 
    0xfa014100, 0x3a00fa01, 0xfb01fb01, 0x00024200, 0x43000002, 0x05020502, 0x07023b00, 0x3c000702, 0x0c020c02, 0x0e024400, 0x45000e02, 0x18021802, 
    0x29020200, 0x03002902, 0x82025602, 0x850223fb, 0x0b828502, 0x93029322, 0x95341782, 0x3e009602, 0x97029702, 0xa0023f00, 0x3d00a002, 0xae02ae02, 
    0x01305082, 0xac020400, 0x19004000, 0x00006c00, 0x1f006d00, 0x20240982, 0x22002100, 0x24240d82, 0x24002300, 0x08274e18, 0x028a1082, 0x26002622, 
    0x2d080d86, 0x00280027, 0x00600029, 0x0061002a, 0x00630062, 0x0064002b, 0x002c0065, 0x00670066, 0x00680041, 0x0069002d, 0x006a002e, 0x0030002f, 
    0x4019005b, 0x6e22095b, 0x4d480100, 0x00003a06, 0x005c0003, 0x00050004, 0x004d0006, 0x005d0007, 0x004c004e, 0x005f005e, 0x20018208, 0x081f4f09, 
    0x4d006b21, 0x3622090d, 0x7f821a00, 0x03824520, 0x13000022, 0x13222d82, 0x0b842400, 0x2f22c383, 0x75821400, 0x16001523, 0x20038300, 0x20c58200, 
    0x261b8423, 0x0042000d, 0x84340009, 0x846f200b, 0x20048b05, 0x200c8814, 0x8b098870, 0x88422008, 0x8229200c, 0x200387ef, 0x20f78217, 0x83f78262, 
    0x82652003, 0x200383f7, 0x20f58461, 0x8383822d, 0x82002003, 0x825b2007, 0x830383f9, 0x824f207b, 0x8a0320ed, 0x82042003, 0x840620f5, 0x824e2003, 
    0x200383f7, 0x20f58418, 0x83ab8209, 0x82002003, 0x000e2107, 0x12200185, 0x12208382, 0x03207d82, 0x2a220388, 0x81820400, 0x61220389, 0x23820500, 
    0x91820520, 0x03900620, 0x07002b23, 0x23038b00, 0x005d0064, 0x65200383, 0x038f7782, 0xcb824e20, 0x2c004e28, 0x66004c00, 0x03825e00, 0x67000024, 
    0x03905f00, 0xa9826820, 0x5822038b, 0xed824300, 0x03880920, 0x0c006a23, 0x23038700, 0x000d002f, 0x30230387, 0x87006b00, 0x005b2303, 0x0393000e, 
    0x1000322a, 0x12003400, 0x36003500, 0x4d200388, 0x39834184, 0xe74c4c20, 0x872f8310, 0x20378303, 0x2100f600, 0x018b004d, 0x51005032, 0x52005900, 
    0x5a005300, 0x55005400, 0x57005600, 0x3b2897b0, 0x3c003f00, 0x39001d00, 0x1c283982, 0x3e001e00, 0x3a003d00, 0x3c220b82, 0x05823c00, 0x0b840020, 
    0x5c000022, 0x07830b84, 0x4b005c26, 0x04002a00, 0x1b200f84, 0x77200582, 0x38280382, 0x63004400, 0x31002d00, 0x78200b82, 0x66240382, 0x5f005e00, 
    0x71240782, 0x08006800, 0x2d211782, 0x05b54100, 0x02861282, 0x07824620, 0x03826b20, 0x3000002a, 0x0e005b00, 0x73007200, 0x20088f41, 0x22178247, 
    0x82750076, 0x26028f05, 0x00610061, 0x42670005, 0x67200629, 0x29265b82, 0x65000300, 0x63824e00, 0xe7410920, 0x42372014, 0x172008cb, 0x9f422982, 
    0x879f8307, 0x82472093, 0x824c2064, 0x22598357, 0x8207002b, 0x8400200d, 0x835983b5, 0x83278333, 0x2103830b, 0xf7420062, 0x07cf4205, 0x85424387, 
    0x07694207, 0x79004826, 0x5d006400, 0x05204b82, 0x00240382, 0x36003500, 0x3f838784, 0x07873387, 0x12003424, 0xc9824900, 0x05004924, 0x25820b00, 
    0x22055b41, 0x820d004a, 0x213c8433, 0x15827400, 0x0d853983, 0x34200585, 0x3c083582, 0x02120002, 0x00160216, 0x02170201, 0x02020017, 0x001c021c, 
    0x021d0203, 0x0204001d, 0x001e021e, 0x021f0205, 0x0206001f, 0x00200220, 0x02230207, 0x02080023, 0x00240224, 0x02530209, 0x08298253, 0x5402542e, 
    0x5c020a00, 0x0b005c02, 0x7d027d02, 0x81020c00, 0x0d008102, 0x9d029d02, 0x9e020e00, 0x0f009e02, 0xa402a402, 0xb0021000, 0x0a00b002, 0x20069352, 
    0x20808206, 0x8303821b, 0x83012002, 0x06334104, 0x02240a83, 0x03000000, 0x00220382, 0x05822300, 0x24000c26, 0x0e000d00, 0x028b0982, 0x0c821f20, 
    0x26002524, 0x07822700, 0x20058d4d, 0x2209821e, 0x19280000, 0x220c2b46, 0x52160000, 0x1e84089b, 0x2d850488, 0x08820e88, 0x91000221, 0x822d2000, 
    0x90292012, 0xae14827b, 0x053b4502, 0x08210585, 0x8df78700, 0x00022144, 0x00200187, 0x00200982, 0xf7850086, 0x1d4d1f20, 0x20078506, 0x20f58225, 
    0x86038427, 0x2e002124, 0xef45f584, 0x00002207, 0x20f78229, 0x45038416, 0x0620058d, 0x03873f82, 0x25001b22, 0x03898182, 0x26000022, 0x03834682, 
    0x07822720, 0x0123038d, 0x8b001500, 0x9e208203, 0x00072102, 0x8d115941, 0x82282032, 0x2203890e, 0x822f0022, 0x882920ed, 0x00002203, 0x871f822c, 
    0x07a34d03, 0x23002d22, 0x03871582, 0xd9820020, 0x24240393, 0x0e001000, 0x8208974a, 0x85028630, 0x8397913d, 0x9303872f, 0x403e8637, 0x1b20e606, 
    0x200a4549, 0x22f38817, 0x820c0002, 0x8218200b, 0x20028503, 0x2206841c, 0x41020028, 0x12840ab1, 0x09220482, 0x05820400, 0x23200283, 0x16200482, 
    0x19200382, 0x26088f41, 0x0020000a, 0x8413001d, 0x2004833d, 0x88048330, 0x07a74903, 0x28241083, 0x1f000600, 0x61840883, 0x2013e741, 0x20218400, 
    0x20258206, 0x42038208, 0x3283079f, 0x42000221, 0x0a200549, 0xef410c82, 0x00262105, 0x0e821f83, 0x59850282, 0x27833383, 0x21070f43, 0xf3420000, 
    0x82228207, 0x42438702, 0x16200989, 0x0b22cd84, 0x07821400, 0x21000023, 0x85ad8900, 0x422720a9, 0x3f830cc1, 0x12000e26, 0x28000500, 0x26220382, 
    0xad822b00, 0x20075b41, 0x0857412d, 0x15821a20, 0x12887985, 0x820e0021, 0x00022235, 0x20358250, 0x08a35405, 0x0c000c22, 0x0d22c182, 0x2f820d00, 
    0x0f000f22, 0x10220782, 0x13821000, 0x11001122, 0x12200b82, 0x10243182, 0x1e001d00, 0x23223b82, 0x13822300, 0x3e003e22, 0x3f228d82, 0x2b823f00, 
    0x40004026, 0x5e000300, 0x04220182, 0x01826000, 0x66000522, 0x0d220182, 0x01826c00, 0x6e000a22, 0x08220182, 0x01826f00, 0x70000922, 0x08220182, 
    0x01827100, 0x73000924, 0x5f827400, 0x78007826, 0x86000b00, 0x0a220182, 0x01829600, 0x010b4c08, 0x005e015e, 0x01d30109, 0x011200d3, 0x00d401d4, 
    0x01d50113, 0x011400d5, 0x00d601d6, 0x01d70115, 0x011600d7, 0x00d801d8, 0x01d90117, 0x011800d9, 0x00da01da, 0x01db0119, 0x011a00db, 0x00dc01dc, 
    0x01dd011b, 0x011c00dd, 0x82e001df, 0x01e12835, 0x011d00e1, 0x82e301e3, 0xe4860811, 0x1d00e401, 0x9e039e03, 0x9f031e00, 0x1f009f03, 0xa003a003, 
    0xa1032000, 0x2100a103, 0xa203a203, 0xa3032200, 0x2300a303, 0xa403a403, 0xa5032400, 0x2500a503, 0xa703a703, 0xa8032600, 0x2700a803, 0xa903a903, 
    0xaa032800, 0x2900aa03, 0xab03ab03, 0xac032a00, 0x2b00ac03, 0xad03ad03, 0xae032c00, 0x2d00ae03, 0xaf03af03, 0xb0032e00, 0x2f00b003, 0xb103b103, 
    0xb2033000, 0x3100b203, 0xb303b303, 0xcf033200, 0x7d82cf03, 0xd003d022, 0xd1226b82, 0x6582d103, 0xd403d422, 0xd5224182, 0x2982d603, 0xf503ee22, 
    0x20081d82, 0x000104fc, 0x040a0422, 0x04240011, 0x002d0428, 0x0436042b, 0x04300039, 0x0092048f, 0x049e041e, 0x221d829f, 0x82a104a0, 0x04bb221d, 
    0x281782be, 0x00bf04bf, 0x04c8042d, 0x222982c9, 0x82d604cf, 0x04d72a23, 0x002400de, 0x00850002, 0x22018204, 0x82050051, 0x00322201, 0x2201820a, 
    0x820b0032, 0x00332201, 0x2201820c, 0x820d004a, 0x00342201, 0x2201820f, 0x82100035, 0x004b2201, 0x22018211, 0x82120035, 0x00362801, 0x001e001d, 
    0x82220037, 0x00382201, 0x22018223, 0x823e004c, 0x004f2201, 0x2201823f, 0x82400039, 0x003a2201, 0x2201825e, 0x8260003b, 0x003c2201, 0x22018266, 
    0x826c0035, 0x003d2201, 0x2201826e, 0x826f003e, 0x003f2201, 0x22018270, 0x8271003e, 0x003f2801, 0x00740073, 0x8278004b, 0x00402201, 0x22018286, 
    0x8296003d, 0x404c0801, 0x5e015e01, 0xd3013f00, 0x4700d301, 0xd401d401, 0xd5014100, 0x4d00d501, 0xd601d601, 0xd7014200, 0x4500d701, 0xd801d801, 
    0xd9014e00, 0x4800d901, 0xda01da01, 0xdb014300, 0x4900db01, 0xdc01dc01, 0xdd014400, 0x4600dd01, 0xe001df01, 0xe1283582, 0x5000e101, 0xe301e301, 
    0xe4241182, 0x5000e401, 0x090af541, 0xa003291e, 0x2a00a003, 0xa103a103, 0xa2031f00, 0x2b00a203, 0xa303a303, 0xa4030100, 0x2c00a403, 0xa503a503, 
    0xa6030200, 0x2d00a603, 0xa703a703, 0xa8032e00, 0x2000a803, 0xa903a903, 0xaa030300, 0x2f00aa03, 0xab03ab03, 0xac032500, 0x0400ac03, 0xad03ad03, 
    0xae033000, 0x3100ae03, 0xaf03af03, 0xb0032800, 0x0500b003, 0xb103b103, 0xb2030600, 0x0700b203, 0xb303b303, 0xb4030800, 0x2100b403, 0xb503b503, 
    0xb6032600, 0x0900b603, 0xb703b703, 0xb8030a00, 0x0b00b803, 0xb903b903, 0xba030c00, 0x0d00ba03, 0xbb03bb03, 0xbc032200, 0x0e00bc03, 0xbd03bd03, 
    0xbe030f00, 0x1000be03, 0xbf03bf03, 0xc0031100, 0x1200c003, 0xc103c103, 0xc2031300, 0x1400c203, 0xc303c303, 0xc4031500, 0x1600c403, 0xc503c503, 
    0xc6031700, 0x2300c603, 0xc703c703, 0xc8031800, 0x1900c803, 0xc903c903, 0xca032700, 0x1a00ca03, 0xcb03cb03, 0xcc031b00, 0x2400cc03, 0xcd03cd03, 
    0xce031c00, 0x1d00ce03, 0xd303d303, 0xd622f582, 0xb982d603, 0xd803d822, 0xd922a182, 0x8f82d903, 0xda03da22, 0xdb228982, 0x8382dd03, 0xde03de22, 
    0xdf226582, 0x4782e103, 0xe203e222, 0xe6223582, 0x2982ed03, 0x03f62c08, 0x040d00fb, 0x00090402, 0x0412040e, 0x04100019, 0x00270422, 0x042e0416, 
    0x041a0035, 0x0041043a, 0x044a041d, 0x0409004b, 0x824d044c, 0x044e2229, 0x2229824f, 0x82510450, 0x04522229, 0x22298253, 0x82550454, 0x04562229, 
    0x22298257, 0x825f0458, 0x04682229, 0x2223826f, 0x827f0478, 0x04882211, 0x2811828e, 0x0090048f, 0x0499041e, 0x2217829d, 0x82ab04a6, 0x04ac283b, 
    0x042d00ad, 0x82b604b3, 0x04b7283b, 0x042300b8, 0x82ba04b9, 0x04bb2e0b, 0x040600bc, 0x00bf04bf, 0x04c30431, 0x224182c7, 0x82e704e7, 0xe842083b, 
    0x2c00e804, 0xe904e904, 0x02002600, 0xb4034500, 0x0100b403, 0xb503b503, 0xb6030200, 0x0300b603, 0xb703b703, 0xb8030400, 0x0500b803, 0xb903b903, 
    0xba030600, 0x0700ba03, 0xbb03bb03, 0xbc030800, 0xed82bc03, 0x03bd6e08, 0x030a00bd, 0x00be03be, 0x03bf030b, 0x030c00bf, 0x00c003c0, 0x03c1030d, 
    0x030e00c1, 0x00c203c2, 0x03c3030f, 0x031000c3, 0x00c403c4, 0x03c50311, 0x031200c5, 0x00c603c6, 0x03c70313, 0x031500c7, 0x00c803c8, 0x03c90314, 
    0x031600c9, 0x00ca03ca, 0x03cb0317, 0x031800cb, 0x00cc03cc, 0x03cd0319, 0x031a00cd, 0x00ce03ce, 0x03d7031b, 0x229b82d7, 0x82d803d8, 0x03d9229b, 
    0x228982d9, 0x82da03da, 0x03db2283, 0x227d82dd, 0x82de03de, 0x03df225f, 0x224182e1, 0x82e203e2, 0x03e6222f, 0x082982ed, 0xfb03f632, 0x02040700, 
    0x09000904, 0x19041204, 0x22040b00, 0x11002704, 0x35042e04, 0x3a041700, 0x1b004104, 0x49044204, 0x4a040200, 0x03004b04, 0x4d044c04, 0x4e222f82, 
    0x2f824f04, 0x51045022, 0x52222f82, 0x2f825304, 0x55045422, 0x56222f82, 0x2f825704, 0x5f045822, 0x60222982, 0x1d826704, 0x6f046822, 0x70222982, 
    0x0b827704, 0x7f047822, 0x80221d82, 0x0b828704, 0x8e048822, 0x93222382, 0x0b829304, 0x9d049922, 0xa2222382, 0x0b82a204, 0xab04a622, 0xb3220582, 
    0x4d82b604, 0xb804b728, 0xb9041300, 0x0b82ba04, 0xc704c322, 0xca223b82, 0x8982cb04, 0xcc04cc22, 0xdf222382, 0x0b82e604, 0xe904e924, 0x01820200, 
    0x04007c22, 0x4c220182, 0x01820500, 0x0a004322, 0x43220182, 0x01820b00, 0x0c002922, 0x49220182, 0x01820d00, 0x0f004422, 0x2a220182, 0x01821000, 
    0x11003f22, 0x2a220182, 0x01821200, 0x1d002b28, 0x45001e00, 0x01822200, 0x23004622, 0x2c220182, 0x01823e00, 0x3f002d22, 0x40210182, 0x22018300, 
    0x825e0041, 0x004b2201, 0x22018260, 0x82660042, 0x002a2201, 0x2201826c, 0x826e004a, 0x00472201, 0x2201826f, 0x8270002e, 0x00472201, 0x24018271, 
    0x0073002e, 0x263d8274, 0x00780078, 0x82860048, 0x004a2201, 0x08018296, 0x5e014837, 0x2e005e01, 0xd301d301, 0xd4012600, 0x2300d401, 0xd501d501, 
    0xd6012700, 0x2100d601, 0xd701d701, 0xd8011f00, 0x3e00d801, 0xd901d901, 0xda012200, 0x2400da01, 0x091d5301, 0xdd01252a, 0x2000dd01, 0xe001df01, 
    0xc4083582, 0x00e301e3, 0x039e0320, 0x032f009e, 0x009f039f, 0x03a00330, 0x033100a0, 0x00a103a1, 0x03a20301, 0x033200a2, 0x00a303a3, 0x03a50302, 
    0x030300a5, 0x00a703a7, 0x03a80333, 0x030400a8, 0x00a903a9, 0x03ab0334, 0x030500ab, 0x00ac03ac, 0x03ae0306, 0x033500ae, 0x00af03af, 0x03b00307, 
    0x030800b0, 0x00b103b1, 0x03b20309, 0x030a00b2, 0x00b303b3, 0x03b4030b, 0x030c00b4, 0x00b503b5, 0x03b6030d, 0x030e00b6, 0x00b703b7, 0x03b80336, 
    0x030f00b8, 0x00b903b9, 0x03ba0310, 0x033700ba, 0x00bb03bb, 0x03bc0311, 0x033800bc, 0x00bd03bd, 0x03be0312, 0x033900be, 0x00bf03bf, 0x03c0033a, 
    0x031300c0, 0x00c103c1, 0x169f443b, 0xc6033c38, 0x3d00c603, 0xc703c703, 0xc8031700, 0x1800c803, 0xc903c903, 0x9f441900, 0x031c3010, 0x00cd03cd, 
    0x03ce031d, 0x031e00ce, 0x82d603d6, 0x03d822b3, 0x229b82d8, 0x82d903d9, 0x03da2289, 0x228382da, 0x82dd03db, 0x0f99447d, 0xe6031e24, 0x2982ed03, 
    0xfb03f630, 0x02043700, 0x38000904, 0x19041204, 0x99443900, 0x041e2a10, 0x004b044a, 0x044c040e, 0x2229824d, 0x824f044e, 0x04502229, 0x44298251, 
    0x1e240f99, 0x5f045804, 0x68222982, 0x23826f04, 0x7f047828, 0x88041e00, 0x11828e04, 0x90048f28, 0x99042f00, 0x17829d04, 0xab04a622, 0x93443b82, 
    0x443d2009, 0x092a0a93, 0xbf04bf04, 0xc3043500, 0x3b82c704, 0xe704e722, 0xe9243582, 0x0d00e904, 0x2208c956, 0x820a0007, 0x00072101, 0x20219349, 
    0x0a93490f, 0x3e001022, 0x02210182, 0x578d4900, 0x01114008, 0x00d401d4, 0x01d50112, 0x011300d5, 0x00d601d6, 0x01d70114, 0x011500d7, 0x00d801d8, 
    0x01d90116, 0x011700d9, 0x00da01da, 0x01db0118, 0x011900db, 0x00dc01dc, 0x01dd011a, 0x011b00dd, 0x82e001df, 0x01e12835, 0x011c00e1, 0x82e301e3, 
    0xe42c0811, 0x1c00e401, 0xc102c002, 0xc2022200, 0x1e00c202, 0xc302c302, 0xc4022000, 0x2a00c402, 0xc702c602, 0xcc022700, 0x2500cc02, 0xcd02cd02, 
    0xcf220b82, 0x0582cf02, 0xd002d028, 0xd1021d00, 0x2f82d102, 0xd202d228, 0xd3021f00, 0x3582d302, 0xd402d428, 0xd5022100, 0x4d82d502, 0xd602d62e, 
    0xd7022300, 0x2400d702, 0xd902d802, 0xda223582, 0x4782da02, 0xdc02dc28, 0xdd022600, 0x1182dd02, 0xde02de28, 0xdf022800, 0x0b82df02, 0xe002e028, 
    0xe1022900, 0x7782e102, 0xe202e228, 0xe8022b00, 0x1782e802, 0xeb02eb22, 0xee2e0582, 0x2800ee02, 0x21032103, 0x23031e00, 0x0b822303, 0x2d032d28, 
    0x2f032000, 0x05822f03, 0x31033122, 0x33341782, 0x23003303, 0x35033503, 0x37032400, 0x25003703, 0x39033903, 0x3b220582, 0x05823b03, 0x3d033d22, 
    0x412e0582, 0x2b004103, 0x47034703, 0x49032a00, 0x0b824903, 0x5d035d28, 0x5e032700, 0x3b825e03, 0x6c036c22, 0x6d280b82, 0x1d006d03, 0x6f036f03, 
    0x73280582, 0x22007303, 0x79037903, 0x7b221d82, 0x59827b03, 0x7f037f22, 0x81222382, 0x05828103, 0x83038322, 0x85228982, 0x05828503, 0x87038722, 
    0x93220582, 0x8f829303, 0x9503952a, 0x02002700, 0x0500cc00, 0x46220182, 0x01820a00, 0x0b004622, 0x47220182, 0x01820c00, 0x0d005c22, 0x48220182, 
    0x01820f00, 0x10004922, 0x5d220182, 0x01821100, 0x12004922, 0x4a280182, 0x1e001d00, 0x22004b00, 0x4c220182, 0x01822300, 0x3e006022, 0x5e220182, 
    0x01824000, 0x5e004d22, 0x4e220182, 0x01826000, 0x66005f22, 0x49220182, 0x01826c00, 0x6e004f22, 0x50220182, 0x01826f00, 0x70005122, 0x50220182, 
    0x01827100, 0x73005128, 0x5d007400, 0x01827800, 0x86005222, 0x4f220182, 0x01829600, 0x01524c08, 0x005e015e, 0x01d30151, 0x015700d3, 0x00d401d4, 
    0x01d50153, 0x016100d5, 0x00d601d6, 0x01d70154, 0x015500d7, 0x00d801d8, 0x01d90162, 0x015800d9, 0x00da01da, 0x01db015a, 0x015900db, 0x00dc01dc, 
    0x01dd015b, 0x015600dd, 0x82e001df, 0x01e12835, 0x016300e1, 0x82e301e3, 0xe4260811, 0x6300e401, 0xc202c202, 0xc4020600, 0x0500c402, 0xc502c502, 
    0xc8020100, 0x2c00c802, 0xc902c902, 0xcb023300, 0x1d82cb02, 0x02ce2008, 0x020700ce, 0x00d002d0, 0x02d4022d, 0x020200d4, 0x00d602d6, 0x02d70203, 
    0x022e00d7, 0x82db02db, 0x02dc2e29, 0x023e00dc, 0x00de02de, 0x02e10204, 0x224d82e1, 0x82e202e2, 0x02e3223b, 0x083b82e3, 0xe402e46e, 0xe5020800, 
    0x0900e502, 0xe702e702, 0xea023f00, 0x4400ea02, 0xed02ed02, 0xef022f00, 0x3000ef02, 0xf002f002, 0xf1020a00, 0x0b00f102, 0xf202f202, 0xf3020c00, 
    0x1200f302, 0xf402f402, 0xf5020d00, 0x0e00f502, 0xf602f602, 0xf7023400, 0x3500f702, 0xf902f802, 0xfa020f00, 0x1000fa02, 0xfb02fb02, 0xfc023600, 
    0x1100fc02, 0xfd02fd02, 0xfe3d3582, 0x1300fe02, 0xff02ff02, 0x00031400, 0x40000003, 0x01030103, 0x02031500, 0x37000203, 0x08008203, 0x0316002f, 
    0x00040304, 0x03050317, 0x03310005, 0x00060306, 0x03070312, 0x03180007, 0x00080308, 0x03090319, 0x031a0009, 0x000a030a, 0x030b0338, 0x081d820c, 
    0x0d030d20, 0x0e033900, 0x1b000e03, 0x0f030f03, 0x10033a00, 0x0e001103, 0x12031203, 0x13031c00, 0x23821303, 0x03142008, 0x031d0014, 0x00150315, 
    0x0316031e, 0x031f0017, 0x00180318, 0x03190320, 0x03360019, 0x821a031a, 0x031b3423, 0x0321001b, 0x001c031c, 0x031d0310, 0x030f001d, 0x821e031e, 
    0x1f2c088f, 0x22001f03, 0x20032003, 0x21030b00, 0x06002103, 0x22032203, 0x23033b00, 0x04002303, 0x24032403, 0x25031300, 0x43002503, 0x26032603, 
    0x28222f82, 0x3b822803, 0x2a032a28, 0x2c033c00, 0xe3822c03, 0x2e032e22, 0x30225f82, 0x05823003, 0x32033222, 0x333a0582, 0x03003303, 0x34033403, 
    0x35033400, 0x2e003503, 0x36033603, 0x38033500, 0x7d823803, 0x3a033a22, 0x3c220582, 0x05823c03, 0x3e033e22, 0x40220582, 0x35824003, 0x42034222, 
    0x44220582, 0x05824403, 0x4503453a, 0x46032300, 0x24004603, 0x47034703, 0x48030500, 0x15004803, 0x49034903, 0x4a34a182, 0x37004a03, 0x4b034b03, 
    0x4c032500, 0x3d004c03, 0x4d034d03, 0x4e220b82, 0x0b824e03, 0x4f034f2e, 0x50030900, 0x31005003, 0x51035103, 0x52222f82, 0x2f825203, 0x5303532e, 
    0x54033f00, 0x18005403, 0x55035503, 0x56220b82, 0x0b825603, 0x58035834, 0x59034200, 0x41005903, 0x5a035a03, 0x5b032600, 0x0b825b03, 0x5c035c22, 
    0x5e220b82, 0xcb825e03, 0x5f035f22, 0x6028cb82, 0x45006003, 0x61036103, 0x622ea182, 0x33006203, 0x63036303, 0x65033600, 0x11826503, 0x67036722, 
    0x68220582, 0x59826803, 0x69036922, 0x6b345982, 0x11006b03, 0x6d036d03, 0x6e032d00, 0x0a006e03, 0x6f036f03, 0x70220b82, 0x0b827003, 0x03712008, 
    0x03270071, 0x00720372, 0x03740328, 0x030e0074, 0x00750375, 0x03760329, 0x032a0076, 0x82770377, 0x0378220b, 0x220b8278, 0x82790379, 0x037a2283, 
    0x0883827a, 0x7b037b20, 0x7c032e00, 0x35007c03, 0x7d037d03, 0x7e033200, 0x2b007e03, 0x80038003, 0x82030f00, 0x05828203, 0x8303832e, 0x84030400, 
    0x13008403, 0x85038503, 0x86220b82, 0x0b828603, 0x87038722, 0x88220b82, 0x0b828803, 0x89038928, 0x8a032f00, 0x47828a03, 0x8b038b2e, 0x8c030700, 
    0x16008c03, 0x8d038d03, 0x8e220b82, 0x0b828e03, 0x8f038f22, 0x90220b82, 0x0b829003, 0x91039122, 0x9222d782, 0xd7829203, 0x94039422, 0x962de982, 
    0x12009603, 0xc5020100, 0x0700d200, 0x22008300, 0x82050008, 0x83092001, 0x0100210a, 0x04a30584, 0x02000126, 0x04000300, 0x04202a84, 0x00203f82, 
    0x06200382, 0x47680d84, 0x00182109, 0x20051963, 0x1d5c1900, 0x001e281a, 0x00270028, 0x821e0029, 0x002a2603, 0x002c002b, 0x28018218, 0x0016002d, 
    0x002f002e, 0x20018230, 0x22198231, 0x82320029, 0x00002643, 0x00330024, 0x20658214, 0x20038234, 0x20c7821f, 0x22818235, 0x82050027, 0x00002221, 
    0x51138221, 0x002205ed, 0x0b823600, 0x20074b62, 0x890b821b, 0x82042003, 0x0000226d, 0x24338216, 0x000a0037, 0x201b8238, 0x24038222, 0x000b0023, 
    0x22038439, 0x84260003, 0x26278553, 0x000c0000, 0x820d003a, 0x82038321, 0x19002506, 0x3b000e00, 0x27240882, 0x3c000800, 0x00222984, 0x07861e00, 
    0x13000022, 0x13241982, 0x3d000f00, 0x18220782, 0x05821000, 0x00200383, 0x00263582, 0x11001a00, 0x11823e00, 0xb7620287, 0x82062009, 0x8201201b, 
    0x850387db, 0x82162021, 0x001e2606, 0x00c80002, 0x22018204, 0x8205005e, 0x000f2201, 0x2001820a, 0x22a9820f, 0x8210000b, 0x820c209b, 0x000d2653, 
    0x004b000d, 0x2001820f, 0x22138213, 0x82120010, 0x00112213, 0x23078213, 0x00140012, 0x2205775f, 0x82220022, 0x002324f3, 0x82170023, 0x003e2483, 
    0x82400045, 0x00182201, 0x2201825e, 0x82600019, 0x001a2201, 0x22018266, 0x826c0013, 0x001b2201, 0x2201826e, 0x826f001c, 0x001d2201, 0x22018270, 
    0x8271001c, 0x001d2401, 0x82740073, 0x00782657, 0x005b0078, 0x22018286, 0x8296001b, 0x5b4c0801, 0x5e015e01, 0xd3011d00, 0x4400d301, 0xd401d401, 
    0xd5014200, 0x0b00d501, 0xd601d601, 0xd7010c00, 0x4300d701, 0xd801d801, 0xd9014900, 0x0900d901, 0xda01da01, 0xdb010d00, 0x0e00db01, 0xdc01dc01, 
    0xdd014a00, 0x0a00dd01, 0xe001df01, 0xe1283582, 0x0800e101, 0xe301e301, 0x26081182, 0x00e401e4, 0x02c20208, 0x022600c2, 0x00c402c4, 0x02c50225, 
    0x024c00c5, 0x00c802c8, 0x02c9021e, 0x022200c9, 0x82cb02cb, 0x02ce221d, 0x06cb48ce, 0xd4021f36, 0x2000d402, 0xd602d602, 0xd7022100, 0x4600d702, 
    0xdb02db02, 0xdc2e2982, 0x2300dc02, 0xde02de02, 0xe1022400, 0x4d82e102, 0xe202e222, 0xe3223b82, 0x3b82e302, 0x02e46808, 0x022800e4, 0x00e502e5, 
    0x02e70229, 0x025800e7, 0x00ed02ed, 0x02ef0247, 0x022a00ef, 0x00f002f0, 0x02f1022b, 0x023300f1, 0x00f202f2, 0x02f30234, 0x023900f3, 0x00f402f4, 
    0x02f50235, 0x023600f5, 0x00f602f6, 0x02f7024f, 0x025c00f7, 0x00f902f8, 0x02fa0237, 0x023800fa, 0x00fb02fb, 0x02fc0201, 0x020200fc, 0x82fd02fd, 
    0x02fe3d35, 0x022c00fe, 0x00ff02ff, 0x0300033a, 0x033b0000, 0x00010301, 0x0302033c, 0x03520002, 0x2f080082, 0x04035000, 0x3d000403, 0x05030503, 
    0x06034d00, 0x39000603, 0x07030703, 0x08035300, 0x3e000803, 0x09030903, 0x0a033f00, 0x54000a03, 0x0c030b03, 0x20081d82, 0x000d030d, 0x030e035d, 
    0x0340000e, 0x000f030f, 0x03100303, 0x03360011, 0x00120312, 0x03130331, 0x3a238213, 0x00140314, 0x03150304, 0x032d0015, 0x00180318, 0x0319035a, 
    0x03010019, 0x821a031a, 0x031b341d, 0x0332001b, 0x001c031c, 0x031d0338, 0x0337001d, 0x821e031e, 0x031f3d89, 0x0341001f, 0x00200320, 0x03210333, 
    0x03260021, 0x00220322, 0x03230355, 0x03240023, 0x00250182, 0x0326032c, 0x22298226, 0x82280328, 0x032a2835, 0x035f002a, 0x822c032c, 0x032e22d7, 
    0x2259822e, 0x82300330, 0x03322205, 0x3a058232, 0x00330333, 0x03340321, 0x034f0034, 0x00350335, 0x03360346, 0x035c0036, 0x82380338, 0x033a2277, 
    0x2205823a, 0x823c033c, 0x033e2205, 0x2205823e, 0x82400340, 0x03422235, 0x22058242, 0x82440344, 0x03453a05, 0x032e0045, 0x00460346, 0x03470305, 
    0x03250047, 0x00480348, 0x0349033c, 0x349b8249, 0x004a034a, 0x034b0352, 0x032f004b, 0x004c034c, 0x034d0351, 0x220b824d, 0x824e034e, 0x034f2e0b, 
    0x0329004f, 0x00500350, 0x0351034d, 0x222f8251, 0x82520352, 0x03532e2f, 0x03580053, 0x00540354, 0x03550353, 0x220b8255, 0x82560356, 0x03592e0b, 
    0x03590059, 0x005a035a, 0x035b0356, 0x220b825b, 0x825c035c, 0x035e220b, 0x22c5825e, 0x825f035f, 0x036122c5, 0x2e958261, 0x00620362, 0x03630322, 
    0x03010063, 0x82650365, 0x03672211, 0x22058267, 0x82680368, 0x0369224d, 0x344d8269, 0x006b036b, 0x036d0302, 0x031f006d, 0x006e036e, 0x036f032b, 
    0x220b826f, 0x82700370, 0x7120080b, 0x30007103, 0x72037203, 0x74030600, 0x36007403, 0x75037503, 0x76034e00, 0x07007603, 0x77037703, 0x78220b82, 
    0x0b827803, 0x79037922, 0x7a227d82, 0x7d827a03, 0x037b2008, 0x0346007b, 0x007c037c, 0x037d035c, 0x0348007d, 0x007e037e, 0x03800357, 0x03370080, 
    0x82820382, 0x03832e05, 0x03240083, 0x00840384, 0x0385032c, 0x220b8285, 0x82860386, 0x0387220b, 0x220b8287, 0x82880388, 0x0389280b, 0x03470089, 
    0x828a038a, 0x038b2e47, 0x0327008b, 0x008c038c, 0x038d0350, 0x220b828d, 0x828e038e, 0x038f220b, 0x220b828f, 0x82900390, 0x0391220b, 0x22d78291, 
    0x82920392, 0x039422d7, 0x2fe98294, 0x00960396, 0x00010039, 0x010a0000, 0x005a0784, 0x0b9b3519, 0x6c922208, 0x006e7461, 0x001600b4, 0x52474203, 
    0x4d300020, 0x0020444b, 0x4252534a, 0x00640020, 0x00ffff00, 0x2637820a, 0x00140009, 0x822d001f, 0x00462645, 0x005e0053, 0x20198669, 0x2e1d8201, 
    0x00270015, 0x003a002e, 0x00540047, 0x866a005f, 0x00022219, 0x2c53820b, 0x002f0028, 0x0048003b, 0x00600055, 0x3419866b, 0x000c0003, 0x00290017, 
    0x003c0030, 0x00560049, 0x006c0061, 0x83638204, 0x820c206b, 0x0d360809, 0x20001800, 0x3d003100, 0x4a004400, 0x57005100, 0x6d006200, 0x05002200, 
    0x20455a41, 0x52434200, 0x5e002054, 0x204c4f4d, 0x4f527a00, 0x9200204d, 0x204b5254, 0x5d84aa00, 0x05000d3a, 0x19000e00, 0x32002100, 0x3e003800, 
    0x4b004500, 0x58005200, 0x6e006300, 0x0b261f84, 0x0f000600, 0x4d821a00, 0x33002a28, 0x4c003f00, 0xe5825900, 0x1b866f20, 0x10000734, 0x23001b00, 
    0x34002b00, 0x4d004000, 0x65005a00, 0x1b847000, 0x11000932, 0x24001c00, 0x41003500, 0x5b004e00, 0x71006600, 0x12301786, 0x25001d00, 0x42003600, 
    0x5c004f00, 0x72006700, 0x0b3e1784, 0x13000800, 0x26001e00, 0x37002c00, 0x50004300, 0x68005d00, 0x74007300, 0x65736163, 0x0584ba02, 0x0584c220, 
    0x0584ca20, 0x0584d220, 0x0584da20, 0x0584e220, 0x0584ea20, 0x0584f220, 0x6e64fa26, 0x02036d6f, 0x08200584, 0x0e200584, 0x14200584, 0x1a200584, 
    0x20200584, 0x26200584, 0x2c200584, 0x32200584, 0x38200584, 0x3e260584, 0x63617266, 0x05844403, 0x05845020, 0x05845c20, 0x05846820, 0x05847420, 
    0x05848020, 0x05848c20, 0x05849820, 0x0584a420, 0x0584b020, 0x696cbc26, 0xc8036167, 0xce200584, 0xd4200584, 0xda200584, 0xe0200584, 0xe6200584, 
    0xec200584, 0xf2260584, 0x6c636f6c, 0x0584f803, 0x0583fe20, 0x84040421, 0x840a2005, 0x84102005, 0x6e162605, 0x04726d75, 0x2005841c, 0x20058422, 
    0x20058428, 0x2005842e, 0x20058434, 0x2005843a, 0x20058440, 0x20058446, 0x2005844c, 0x27058452, 0x64726f58, 0x705e046e, 0x04210c82, 0x20058464, 
    0x2005846a, 0x20058470, 0x20058476, 0x2005847c, 0x20058482, 0x20058488, 0x2005848e, 0x20058494, 0x2605849a, 0x6c6173a0, 0x84a60474, 0x73b02605, 
    0x04666e69, 0x200584ba, 0x200584c0, 0x200584c6, 0x200584cc, 0x200584d2, 0x200584d8, 0x200584de, 0x200584e4, 0x200584ea, 0x260584f0, 0x307373f6, 
    0x83fc0431, 0x06052705, 0x73627573, 0x05841005, 0x05841620, 0x05841c20, 0x05842220, 0x05842820, 0x05842e20, 0x05843420, 0x05843a20, 0x05844020, 
    0x05844620, 0x75734c26, 0x52057370, 0x58200584, 0x5e200584, 0x64200584, 0x6a200584, 0x70200584, 0x76200584, 0x7c200584, 0x82200584, 0x88200584, 
    0x8e260584, 0x6d756e74, 0x05849405, 0x05849a20, 0x0584a020, 0x0584a620, 0x0584ac20, 0x0584b220, 0x0584b820, 0x0584be20, 0x0584c420, 0x0584ca20, 
    0x0000d028, 0x12000200, 0x07c21300, 0x0a000122, 0x05bb4582, 0x0e000422, 0x21068360, 0x0bf70000, 0x16000122, 0x1520c584, 0x14200584, 0x032005a2, 
    0x04202384, 0x05200584, 0x04820584, 0x00010027, 0x00000002, 0x83018201, 0x84082005, 0x2005bb0b, 0x20418409, 0x2605be06, 0x00170003, 0x82190018, 
    0x22098945, 0x840d0001, 0x9505b955, 0x840c2055, 0x2005bb55, 0xbb41840b, 0x84072005, 0x0805b741, 0x38001b36, 0x48004000, 0x58005000, 0x68006000, 
    0x78007000, 0x88008000, 0x98009000, 0xa800a000, 0xb800b000, 0xc800c000, 0xd800d000, 0xe800e000, 0xf800f000, 0x08010001, 0x2006f341, 0x200786d8, 
    0x200786d6, 0x200786d4, 0x200786d2, 0x200786d0, 0x200786ce, 0x200786cc, 0x200786ca, 0x210785c8, 0x07862a01, 0x07862c20, 0x07868e20, 0x0785f020, 
    0x86520221, 0x00b42207, 0x21ed8304, 0x0f85b602, 0x006c2923, 0x200f8306, 0x205f8629, 0x218f8629, 0x2785002a, 0x85fc2a21, 0x2a2b2107, 0x58200786, 
    0x2b213785, 0x20078686, 0x20078696, 0x820786a6, 0xc82b2757, 0x0100c100, 0x0584c22b, 0x0586bc20, 0x11822f20, 0x8300b621, 0x85b02005, 0x9e012105, 
    0xb4321182, 0x020062fe, 0x3200b82b, 0x94006f01, 0x8e008d00, 0x68197001, 0x13ce0a4d, 0x64266982, 0x85000200, 0x09829500, 0x73826220, 0x77017622, 
    0x0da96819, 0x847f0121, 0x0177220f, 0xbd681976, 0x93138209, 0x8213a627, 0x821a2069, 0x5f681969, 0x01bd2613, 0x01bc01be, 0x736819bb, 0xa627930c, 
    0x02002313, 0x6982d82a, 0x1901c521, 0x2211b568, 0x82c801c7, 0x01c52c15, 0x01ca01c9, 0x01cc01cb, 0x19ce01cd, 0x9314dd68, 0x8213923b, 0xe86e2069, 
    0x266c0869, 0x6e010200, 0x01006e01, 0x3000242a, 0x48026600, 0x2c043a03, 0xd405e204, 0x8c061206, 0xbc07ca06, 0x900aae08, 0x380c460b, 0xf00c760c, 
    0x100f2e0d, 0xf4100210, 0x9c12aa11, 0x5413da12, 0x74159213, 0x58176616, 0x00190e18, 0xb8193e19, 0xd81bf619, 0xbc1dca1c, 0x641f721e, 0x1c20a21f, 
    0x3c225a20, 0x20242e23, 0xc825d624, 0x80260626, 0x62086182, 0x006a0062, 0x007a0072, 0x008a0082, 0x009a0092, 0x00aa00a2, 0x00ba00b2, 0x00ca00c2, 
    0x00da00d2, 0x00ea00e2, 0x01fa00f2, 0x010a0102, 0x011a0112, 0x012a0122, 0x013a0132, 0x014a0142, 0x015a0152, 0x016a0162, 0x017a0172, 0x018a0182, 
    0x019a0192, 0x01aa01a2, 0x01ba01b2, 0x01ca01c2, 0x00da01d2, 0x82030098, 0x011522cd, 0x22078482, 0x84970016, 0x01172207, 0x22078488, 0x848c0118, 
    0x01192207, 0x2207848e, 0x8484011a, 0x011b2207, 0x20078494, 0x203f861c, 0x203f868d, 0x213f858e, 0x3f857001, 0x85710121, 0x8481823f, 0x7301213f, 
    0x01213f85, 0x213f8574, 0x3f857501, 0x85780121, 0x7901213f, 0x7a203f86, 0x7b203f86, 0x7c203f86, 0x01217f85, 0x203f867d, 0x203f867e, 0x203f867f, 
    0x203f86b3, 0x203f86b4, 0x203f86b5, 0x203f86b6, 0x203f86b7, 0x203f86b8, 0x203f86b9, 0x203f86ba, 0x203f86bd, 0x203f86be, 0x203f86bf, 0x203f86c0, 
    0x203f86c1, 0x203f86c2, 0x203f86c3, 0x203f86c4, 0x203f86c7, 0x203f86c8, 0x203f86c9, 0x203f86ca, 0x203f86cb, 0x203f86cc, 0x2f3f86cd, 0x001800ce, 
    0x003a0032, 0x004a0042, 0x005a0052, 0x2922ed41, 0x03008301, 0x16006e01, 0x07848901, 0x8f011822, 0x1a220784, 0x07849501, 0x1f861c20, 0x1f858e20, 
    0x85710121, 0x7301211f, 0x01211f85, 0x211f8575, 0x1f867901, 0x1f867b20, 0x1f867d20, 0x1f867f20, 0x1f86b420, 0x1f86b620, 0x1f86b820, 0x1f86ba20, 
    0x1f86be20, 0x1f86c020, 0x1f86c220, 0x1f86c420, 0x1f86c820, 0x1f86ca20, 0x1f86cc20, 0x0021f1b2, 0x22d98499, 0x848a0117, 0x01182207, 0x22078490, 
    0x8485011a, 0x851b2007, 0x7001211f, 0xf1821f85, 0xf1821f84, 0x01211f84, 0x201f8674, 0x201f867a, 0x213f857b, 0x3f857d01, 0x867e0121, 0x86b5201f, 
    0x86b6201f, 0x86b8201f, 0x86b9201f, 0x86bf201f, 0x86c0201f, 0x86c2201f, 0x86c3201f, 0x86c9201f, 0x86ca201f, 0x86cc201f, 0xcd28081f, 0x26001200, 
    0x36002e00, 0x46003e00, 0x56004e00, 0x66005e00, 0x76006e00, 0x86007e00, 0x96008e00, 0xa6009e00, 0x8b01ae00, 0x1822cd84, 0x07849101, 0x96011a22, 
    0x1c200784, 0xd5821785, 0xd5821784, 0x01211784, 0x20178675, 0x822f857b, 0x201785cd, 0x2017867f, 0x201786b6, 0x214785b8, 0x1786ba01, 0x1786c020, 
    0x1786c220, 0x1786c420, 0x1786ca20, 0x1786cc20, 0x2132a741, 0xb1848d01, 0x92011922, 0x1a220784, 0x07848601, 0x44011b21, 0x1c200553, 0x01211f85, 
    0x821f8572, 0x211f84c9, 0x1f857401, 0x3f84d182, 0x867c0121, 0x857d201f, 0x7e01213f, 0x7f201f86, 0xb7203f86, 0xb8201f86, 0xb9201f86, 0xba201f86, 
    0xc1201f86, 0xc2201f86, 0xc3201f86, 0xc4201f86, 0xcb201f86, 0xcc201f86, 0xcd201f86, 0xce281f86, 0x0e000600, 0x1e001600, 0x2105ad41, 0xbd849301, 
    0x07851a20, 0x0f84ad82, 0x867d0121, 0x86b8200f, 0x86c22007, 0x00cc2207, 0x06c94f0c, 0x2110cf43, 0x49848701, 0x45011b21, 0x1c20056b, 0xf7820f85, 
    0xf7820f84, 0xe7821f84, 0x7f200f85, 0xb9201f86, 0x01212f85, 0x200f86ba, 0x200f86c3, 0x200f86c4, 0x8f0f86cd, 0x849920b7, 0x011c216d, 0x5d820784, 
    0x7f200785, 0xba200f86, 0xc4200786, 0xe7410786, 0x81041033, 0x3020b101, 0x10235946, 0xbc014708, 0x02630610, 0x7f04109d, 0x0c10e101, 0x108104c7, 
    0x2b136306, 0xd4020222, 0x2466e368, 0x03010003, 0x24038230, 0x0000004c, 0x27038201, 0x0302001a, 0x01150050, 0x24b19019, 0x00360023, 0x272f822d, 
    0x007f004e, 0x00250024, 0x2f299419, 0x006bb208, 0x009b006d, 0x009d009c, 0x009f009e, 0x00a100a0, 0x00a300a2, 0x00a500a4, 0x00a700a6, 0x00a900a8, 
    0x00ab00aa, 0x00ad00ac, 0x00af00ae, 0x00b100b0, 0x00b400b3, 0x00b600b5, 0x00b800b7, 0x007a00b9, 0x00dd00db, 0x00e100df, 0x00e500e3, 0x00e900e7, 
    0x00ed00eb, 0x00f100ef, 0x00f500f3, 0x00f900f7, 0x00fd00fb, 0x010101ff, 0x01050103, 0x01090107, 0x010e010b, 0x01120110, 0x01160114, 0x011a0118, 
    0x011e011c, 0x01220120, 0x01260124, 0x012a0128, 0x012e012c, 0x01320130, 0x01360134, 0x013a0138, 0x013e013c, 0x01420140, 0x01460144, 0x014a0148, 
    0x6565184c, 0x1859200a, 0x3d09f367, 0x4c030100, 0x08000100, 0x0c000500, 0x1c001400, 0x28002200, 0x0300af01, 0x4c004900, 0x0784b001, 0xaa014f28, 
    0x49000200, 0x0582ac01, 0xae014c22, 0x4f200582, 0x16203582, 0x022135b3, 0x2635b2e0, 0x00b00202, 0x19cf0409, 0x240e8b8c, 0x020200e7, 0x181782a8, 
    0x210efd67, 0x1782e804, 0x1782a020, 0x0f9b8c19, 0x0200e926, 0x0a001c01, 0x8213f56a, 0x00012293, 0x2105834c, 0xdd82f102, 0x1300012e, 0x00001c00, 
    0x01000200, 0xba01b101, 0x03200984, 0x01231385, 0x827f0176, 0x01b12443, 0x821400ce, 0x0002282f, 0x00520044, 0x85050002, 0x8d00271d, 0x0a008e00, 
    0x01829400, 0x6f010c27, 0x0d007501, 0x22298501, 0x94060002, 0x847f2021, 0x00ba2421, 0x82c5011e, 0x98282051, 0x22278549, 0x841e00c4, 0x01122273, 
    0x202982a0, 0x20818208, 0x839b821b, 0x84082073, 0x010a3d73, 0x00740170, 0x0177010b, 0x0110007e, 0x00b901b2, 0x01bc0118, 0x012000c3, 0x00cd01c6, 
    0x042c5d83, 0x99009700, 0x6e010000, 0x03006e01, 0x042acb84, 0x99018201, 0x02000e00, 0xbd840300, 0x49840020, 0xbd840220, 0x6d820320, 0x0b00152b, 
    0x10000c00, 0x23001200, 0xdd671800, 0x006c3409, 0x00730072, 0x00780074, 0x0086007c, 0x019a0096, 0x825d0158, 0x197f202d, 0x08343597, 0x790077c9, 
    0xbc00bb00, 0xbe00bd00, 0xc000bf00, 0xc200c100, 0xc400c300, 0xc600c500, 0xc800c700, 0xca00c900, 0xcc00cb00, 0xce00cd00, 0xd000cf00, 0xd300d100, 
    0xd500d400, 0xd700d600, 0xd900d800, 0xdc00da00, 0xe000de00, 0xe400e200, 0xe800e600, 0xec00ea00, 0xf000ee00, 0xf400f200, 0xf800f600, 0xfc00fa00, 
    0x0001fe00, 0x04010201, 0x08010601, 0x0d010a01, 0x11010f01, 0x15011301, 0x19011701, 0x1d011b01, 0x21011f01, 0x25012301, 0x29012701, 0x2d012b01, 
    0x31012f01, 0x35013301, 0x39013701, 0x3d013b01, 0x41013f01, 0x45014301, 0x49014701, 0x4d014b01, 0x51014f01, 0x55015301, 0x5a015701, 0x67015c01, 
    0x6b016901, 0x82006d01, 0x49003164, 0x02000200, 0x67046004, 0x93040000, 0x08009304, 0x70280f84, 0x00007704, 0xa204a204, 0x80220f86, 0x0f828704, 
    0xcc04cc22, 0x00200f82, 0x01213784, 0x22078300, 0x821a1900, 0x82142007, 0x08028203, 0x3012192e, 0x060e1982, 0x48862a09, 0x010df786, 0x82a00207, 
    0x8230ff18, 0x0102fb18, 0x300b3101, 0x2b050609, 0x1a02030e, 0x61300005, 0x062b0a06, 0x8221de82, 0x25e48237, 0x513053a0, 0x118a2c30, 0x1ea21c26, 
    0x3c001c80, 0x4f2c0184, 0x73006200, 0x6c006f00, 0x74006500, 0x3e210382, 0x21018200, 0x4c8a2130, 0x14042c08, 0x76424fb9, 0xf3a00dc1, 0x25855d84, 
    0xe730ef6c, 0x8c3a2079, 0x821382a0, 0x56058230, 0x3e048230, 0x010203a0, 0x20020202, 0x880d3005, 0x0501219c, 0x81218682, 0x2c9684cf, 0x06045503, 
    0x53550213, 0x0e301031, 0x2d0c8206, 0x41071308, 0x6f7a6972, 0x1331616e, 0x11831130, 0x0a130730, 0x746f6353, 0x61647374, 0x2531656c, 0x14832330, 
    0x130a2208, 0x6174531c, 0x65696672, 0x5420646c, 0x6e686365, 0x676f6c6f, 0x2c736569, 0x636e4920, 0x303a312e, 0x37268338, 0x6831130b, 0x3a707474, 
    0x65632f2f, 0x66697472, 0x74616369, 0x732e7365, 0x74203a87, 0x2e333982, 0x2f6d6f63, 0x6f706572, 0x6f746973, 0x312f7972, 0x83343036, 0x1303223b, 
    0x2e62892d, 0x76726553, 0x73656369, 0x6f6f5220, 0x89432074, 0x4120364c, 0x6f687475, 0x79746972, 0x0d171e30, 0x35303131, 0x37303330, 0x20008230, 
    0x200e825a, 0x220e8a36, 0xdbc18130, 0x303322f1, 0x20f18531, 0x9ff18a2a, 0x302f22ea, 0x20ea852d, 0x28ea9226, 0x656d6954, 0x6d617473, 0x22e38a70, 
    0x41220182, 0x2d090bc8, 0x03000501, 0x000f0182, 0x0a018230, 0x01018202, 0x91b3f200, 0xd6d7baa5, 0x7df60d49, 0x902dc2d6, 0x60e9fbce, 0x15631a5a, 
    0x30b49c19, 0x78d49ba0, 0x3b4306ea, 0x28239ded, 0x325f2632, 0x8595e825, 0x804f3e0d, 0x9cb020b4, 0x513e5ea2, 0x2e93fa8f, 0xc6cab2bb, 0x5602113b, 
    0x418b2000, 0x2bb48429, 0xb0fb7935, 0x88f10769, 0xc0ad725d, 0x0e45cbe2, 0xb4c4af25, 0x65acd6c2, 0xe21a61b4, 0x0c122ddf, 0x19639776, 0xbb3c794c, 
    0xf566740c, 0x50591901, 0x5f9b0de2, 0x39fa2459, 0x89d3991f, 0xa6485570, 0xe00ba699, 0x2028a67b, 0x5dcb8ae5, 0x2850ad92, 0xcc2080ff, 0xbfd32f2a, 
    0x4aabb9f1, 0x7a973d5e, 0x15a10875, 0x5e5f0299, 0x40a7cced, 0x5d5581d6, 0xee2745e8, 0xf89dffbb, 0xf580c218, 0xb074ecb7, 0x3e3fc2ce, 0xc1eff733, 
    0x48d50b1c, 0x373265c9, 0xc9550b6d, 0x22cd4f55, 0xf19fbf1c, 0xab2b2f94, 0x7430a8a0, 0x8ae72c43, 0x220d204b, 0x517840ab, 0x010302cb, 0x82a30100, 
    0x82304601, 0x0c304201, 0x1d550306, 0xff010113, 0x00300204, 0x0d830e30, 0x0d830f20, 0x02030426, 0x1630c006, 0x25200f83, 0x0c2e0f83, 0x08060a30, 
    0x0501062b, 0x08030705, 0x17831d30, 0x16040e3a, 0x23ca1404, 0xb1b420a3, 0xba9f726b, 0x3e839a6f, 0xb1d8c90b, 0x1f30a7d8, 0x233c1e83, 0x16301804, 
    0xc6b41480, 0xcc431a7f, 0x2f5d759b, 0x8bf24bc4, 0xf1e91098, 0x3a301051, 0x01274b87, 0x302e0401, 0x872a302c, 0x0130230f, 0x1c421e86, 0x636f2306, 
    0x06437073, 0x39302112, 0x1f2c5c83, 0x30303204, 0x2ca02e30, 0x28862aa0, 0x63223086, 0x2f926c72, 0x73667327, 0x746f6f72, 0x211d822e, 0x3a835330, 
    0x4c042037, 0x48304a30, 0x86600b06, 0xfd860148, 0x1807016e, 0x30393002, 0x23828737, 0x2b160102, 0x73205183, 0x42069243, 0x34441ea0, 0x030c090e, 
    0x00010182, 0x747e5318, 0xa37aa7ac, 0x5978ea2b, 0xf9c23cd2, 0x5f25f7c2, 0x3c5b3742, 0xa61c6111, 0x6a34ff03, 0x22dabe68, 0x485a21a4, 0x4d559085, 
    0xcba6abce, 0xc6c0c634, 0x80b6baad, 0xc0790bbe, 0xa7dae4a7, 0x57cfe71a, 0xf939c81e, 0x3030dfef, 0xaf2aa0d0, 0x53258d5c, 0xf5f74c2d, 0x727bb46d, 
    0xb7a352ae, 0x8355eab9, 0x4b453a3e, 0x64961a94, 0x60e8d616, 0x8d35afe3, 0x5b4c2554, 0xd937d6f8, 0x36b8ab04, 0xfb894ae0, 0xcc6f690a, 0xdceae157, 
    0xc5b5b222, 0x63d71e41, 0xac649ee9, 0xbec7c3b2, 0x58e077da, 0x9901369d, 0x661786ae, 0x64bd1d38, 0x5e52c6f6, 0xd0602f10, 0xc4c3cbca, 0x85366f72, 
    0x9c402244, 0x335441c5, 0xa37b6c23, 0x8558d98e, 0x34b8aaf1, 0xaeb5bb7e, 0x20785468, 0x4d93520c, 0xf2014bb2, 0x954788c1, 0x53d26ccd, 0x18f04ca8, 
    0xa3338c3e, 0xcecf8ac4, 0x22499273, 0xc8bbed8f, 0xab637c9c, 0x00048230, 0xe8028230, 0x21055945, 0x23410001, 0x6330210e, 0x220d6544, 0x451f3021, 
    0x18320530, 0x20656854, 0x44206f47, 0x79646461, 0x6f724720, 0x2c457075, 0x30312206, 0x053a442f, 0x1e882820, 0x616c4326, 0x32207373, 0x220ae944, 
    0x446e6f69, 0x1e2a0a07, 0x34300d17, 0x39323630, 0x05823731, 0x175a3024, 0x0e8b330d, 0x822284e5, 0x8c442001, 0x0d130911, 0x01823000, 0x01820208, 
    0x9dde0001, 0x1857ead7, 0xeb5ba149, 0x86485fd7, 0xffddbeea, 0x1c67efe4, 0xb36865f4, 0x5ea07157, 0x9bedbb77, 0x8070e949, 0x6318563d, 0xf2da6f08, 
    0x7f3fd0cc, 0x54225402, 0x81b2d810, 0x3d75c0d4, 0x77c77f4b, 0xab783ec3, 0x20b5031a, 0x2b6a2f6b, 0x7e88c5b1, 0xb01ebbc4, 0x2745d8c1, 0x5837aa6f, 
    0xd72687f7, 0xa9f62dd8, 0x721fb717, 0x17a64e36, 0x9298653f, 0x5d6e2adb, 0xe088fea2, 0xe57fde0b, 0xebe1158d, 0xe2d53acb, 0x2d13a212, 0x5faf8ed8, 
    0x08a03d12, 0x5cb60805, 0x043865a5, 0xa31e9945, 0xc5746060, 0x6272a541, 0x1fc5621b, 0x421a5f6f, 0x655102be, 0x1823aea8, 0x0378fc6a, 0x807f4da9, 
    0x5aabfac3, 0xa440a1fc, 0xfe1619ca, 0x5eefc8b2, 0x77ee0d73, 0x79f69abd, 0x07b1bc98, 0x0d15a267, 0xc658a0dd, 0x3e0a7b44, 0xba5f2862, 0x58530741, 
    0x387e11cf, 0xfff8c574, 0x8f9069b5, 0x97ea7484, 0x0102af1b, 0xc081a303, 0x44bd8130, 0xd2360a52, 0x91d2b0c4, 0x71114cd4, 0x3dcb61b3, 0xa8ddfea1, 
    0x30e3d46a, 0x53448d81, 0x85812605, 0x80828130, 0x23239314, 0x65a467a1, 0x2264d541, 0x45000182, 0x04260637, 0x01033005, 0xdf42ff01, 0x030c090e, 
    0x00010182, 0xb2f34b32, 0xfc913eca, 0x07a1c612, 0xa0778e8c, 0x5c140633, 0xf7181e90, 0x0a3da608, 0x8087f919, 0xe4696e11, 0xff301796, 0x72639134, 
    0x1cccee38, 0x941da301, 0xf631a428, 0xd754c47a, 0x5831e5f6, 0xcecca203, 0x4594db62, 0x45bfb573, 0xd5b524c9, 0x23ad0282, 0xb88d6979, 0xcfce4db6, 
    0x2333ca4c, 0xaa881ce8, 0x6e418b9d, 0xe520c916, 0x3bcd9e89, 0x7ef770da, 0x14202699, 0x6eab2554, 0x9be68573, 0x6c0a9d21, 0xf8a80e82, 0x10fa0cc2, 
    0xef966c1e, 0x0fc40d87, 0xeead8b61, 0xf8952b83, 0x7284928e, 0xea20eb39, 0xcd83ed83, 0xbc086e97, 0xb6264eeb, 0xd3e42b73, 0x26fe4cf6, 0x1161e271, 
    0x57ff4a74, 0x750f871a, 0x51cf2e48, 0x02a01769, 0xd5956112, 0x10b240d1, 0xacc4ee4c, 0xa5a64310, 0x95d50a9e, 0xcf0d9a62, 0x32c58288, 0x9f2be40c, 
    0x9f0de645, 0xb9b19c28, 0xad575a2a, 0x1daf0f37, 0x9fbddb7f, 0xde048230, 0xc6038230, 0x22050344, 0x41010302, 0xa9410e24, 0x1e303364, 0x36300d17, 
    0x36313131, 0x34353130, 0x175a3733, 0x0e8b320d, 0xca813022, 0x490d8a44, 0x1a2226e2, 0xb1441830, 0x47112b05, 0x6461446f, 0x632e7964, 0xaa446d6f, 
    0x14e54806, 0x2208d749, 0x87646f67, 0x0ad1492f, 0x30303123, 0x05e5482e, 0xdf442720, 0x65532508, 0x65727563, 0x2317de44, 0x0f301131, 0x052b3183, 
    0x37300813, 0x32393639, 0x48303738, 0xff081ff9, 0x15d52dc4, 0x4c269c8c, 0xeb3532ec, 0x0159b85f, 0x8161a65a, 0x63703b59, 0x3ddce3ab, 0xc9b82ac7, 
    0xe479d333, 0x303ced3a, 0xb38e8423, 0xb2b61430, 0x953dc387, 0xdf9e0454, 0x250bdd99, 0x65de211e, 0xa8357e29, 0xf6eb54a9, 0xd43932f7, 0xad955526, 
    0x58fefbef, 0xf49ed786, 0x2a8c8d00, 0x0442bd0c, 0x043fa7ce, 0xf280eef6, 0xa152efaa, 0xbeda6669, 0xda5dad1a, 0x1aea662c, 0x1ae5bb6b, 0x2f004a51, 
    0x7598c748, 0xc829b9d8, 0x6d66f8ee, 0xf3b39c0a, 0xa27c78fc, 0xb5f2a3f8, 0x7ab9f3c3, 0xe6a7c191, 0xa89c2e25, 0x6e6512ed, 0x4412f66a, 0x95307053, 
    0x582b9cc3, 0x74083d2b, 0x51bef24a, 0xd087bfb0, 0x6b58274c, 0x9dc535b5, 0xf83117af, 0xadee8f0b, 0x89053681, 0x3acf9808, 0xc08725af, 0xfda7ea49, 
    0x8e45f767, 0x3914cc97, 0xb58536e2, 0xfd371a7e, 0x1171f616, 0x1630749a, 0xa39413fe, 0x4f0d843f, 0x2407f948, 0x01823032, 0x0a70442e, 0x61acfd33, 
    0x456c9332, 0x85eee2d6, 0xe7ba9a5f, 0xcc689976, 0x0cc348e7, 0x21136d44, 0x39491230, 0x30082a08, 0xff010106, 0x30000102, 0x07444833, 0x04010127, 
    0x30253027, 0x0ad74823, 0xa6481720, 0x636f2406, 0x422e7073, 0x30210a06, 0x05d04846, 0x3d303f2a, 0x39a03b30, 0x358637a0, 0x4213104c, 0x2f221538, 
    0xdd486467, 0x484b2008, 0x442e05dd, 0x40304230, 0x1d550406, 0x38300020, 0xd6483630, 0x0b764b0a, 0x4a1e9042, 0x01210d09, 0x0ebc4306, 0x82030c09, 
    0xd2000101, 0xbdecc086, 0x67b6a1f9, 0xa20b66ee, 0x50043a06, 0xac72158e, 0x5395744a, 0x44cb37cb, 0x9007ef49, 0x96d9336b, 0xa55694f0, 0x3c053013, 
    0x7b213285, 0xa80ac7c9, 0xde90a424, 0x2325d346, 0xc2670314, 0x0f6fd610, 0xcc7a7b5d, 0x2a58c59f, 0x219ec4c1, 0xacf35aa8, 0x9ef346a4, 0x2fcb63e4, 
    0x2929a490, 0x2c72d901, 0x0137df29, 0xee4fbc27, 0x8f21d368, 0xf5e4b3c0, 0x10d2ed09, 0xbeb453aa, 0x0b59ccf0, 0x1c963bd6, 0xdf492495, 0xa7fdecce, 
    0x45149148, 0x6f363a0e, 0x45b345da, 0xd4c941a2, 0x3e4e44d7, 0xd57674b9, 0x2c5513a2, 0xb5a387c6, 0x8406ac99, 0x06757f87, 0x4c14bffc, 0xc46ecc0e, 
    0x12b73ddf, 0xf1e8f471, 0x28224051, 0x4b1de049, 0xcc34a887, 0x12dda206, 0x3686d15a, 0x6f350364, 0xeb6e776f, 0x985085f2, 0x5303ab5e, 0x632391ad, 
    0xcd9c161f, 0x6305b2b9, 0x68f4e13a, 0x3505171b, 0x30ee5395, 0x303e0582, 0x44260482, 0x062605e1, 0xbff4ef0b, 0x28417b69, 0xcd60440e, 0x0d171e33, 
    0x39303930, 0x33313432, 0x33323434, 0x310d175a, 0x210e8a32, 0x4c456b30, 0x4247250a, 0x0d300f31, 0x26052f4f, 0x6e6f4c06, 0x876e6f64, 0x13072110, 
    0x1c221087, 0x47451a30, 0x19132005, 0x280ab8ab, 0x6d694c20, 0x64657469, 0x211d8631, 0x1d931303, 0x0820ed44, 0x5f04a2ff, 0xd2dbd8e6, 0x7ef3a2a1, 
    0x72e734c5, 0x95fbaed8, 0xeaa4eccf, 0x07001d0e, 0xf616db92, 0x351f53ac, 0x9c0194f1, 0x99908ea3, 0x05e04608, 0xb6912b0f, 0x1b0bffa6, 0x462bba0c, 
    0x89e6626e, 0xf5410ba7, 0xeac0e614, 0x1172556b, 0xdccf8e5d, 0xff893358, 0xdc7590e5, 0x602dccc3, 0xe903d63e, 0x3e54c6a9, 0x8aecbc94, 0xed7a3691, 
    0x3dd8fd55, 0x0946276b, 0xc1dbd45f, 0x88f7a25f, 0xfa7e88e4, 0x2fe082e3, 0x46516242, 0x7130c6bb, 0x8cccb27b, 0xe0ed7633, 0xc3ad99b5, 0x88e30d1d, 
    0x3c317877, 0x6c155254, 0x70ccdcde, 0x859b1c97, 0x05f738f4, 0xb0274b47, 0x663ca35d, 0x9728a522, 0x6794760a, 0x9f8fbbc1, 0x7c06f01a, 0x1a589180, 
    0x06202075, 0x710b5a94, 0xf2ed26ef, 0x9ad3825e, 0xb793e60b, 0xea411607, 0xd2d4d562, 0xf8aa938c, 0x8ad734c1, 0x4c458dfb, 0x7c8c6f6e, 0x668d01af, 
    0xaeeb31f4, 0x07ed441d, 0x82308626, 0x0f308201, 0x2708ad44, 0x01033005, 0x13300001, 0x25211083, 0x0bd74d04, 0xf5430320, 0x8007230d, 0x9a443230, 
    0x302b2a05, 0xa0273029, 0x8623a025, 0x0a6b4d21, 0x250b9144, 0x32736467, 0x644d302d, 0x016d2318, 0x644d1707, 0x0ff65014, 0x2216e544, 0x45808130, 
    0x74240a59, 0x24307230, 0x200a5945, 0x16594518, 0x4a302f22, 0x02222588, 0x55453e86, 0x695f2c2c, 0x7265746e, 0x6964656d, 0x82657461, 0x467420d7, 
    0x31460c10, 0x09144f14, 0x30666833, 0xa1556710, 0x37e9a1b3, 0x891175c6, 0xd785e333, 0x0e184413, 0x82031209, 0xbd000101, 0xb4093e56, 0xedfa7d13, 
    0xb645fed3, 0x4819dfdf, 0xd58ca3f8, 0xd48f5411, 0xc1134492, 0xc3a36971, 0x1d800630, 0xcaae37da, 0xb3d96847, 0x0c360925, 0xe23b04e9, 0x741051db, 
    0xc95e10fe, 0x240f3bde, 0x399eb103, 0x0fa0c396, 0xe7ca524c, 0x5a116642, 0x3a496875, 0x5e6b232d, 0xf143c406, 0x2fb1019e, 0x129ca50b, 0x183d3e1e, 
    0x95b05a6e, 0x4b2e3f74, 0x736d30e1, 0xaf6f9ec3, 0xfa470fe3, 0x646024dd, 0x00635ca7, 0x50b7a9dd, 0x28c76534, 0x5afe4905, 0x1cea187a, 0x9ab646c0, 
    0x6581d92a, 0x0cca91b2, 0xf0887bd6, 0x18e93eea, 0xcf873055, 0x1ea891af, 0x456b0823, 0xdc069990, 0xbf0d3791, 0x5f66ddd4, 0xf1f40055, 0x3460ede3, 
    0xa2973e95, 0x8d6acac2, 0x91304061, 0x0601a5c4, 0x6d60d05b, 0x7e1f344f, 0x5331099d, 0x9678e9e5, 0xaac483d0, 0xaa62e5bd, 0x23221c32, 0x7c2e124e, 
    0xdf9fb608, 0x3196235c, 0x30fe0482, 0x02fa0482, 0x81300101, 0xcc2b45d5, 0x0f460220, 0x09d65407, 0x8681a024, 0xc7541030, 0x310c3c0a, 0x30003002, 
    0x2b090614, 0x01040106, 0x01283782, 0x05030731, 0x00000300, 0x54193000, 0x09230889, 0x8a0c3103, 0x30042234, 0x230d8a1c, 0x300e310b, 0x15221d8b, 
    0x38892330, 0x16310438, 0x6ab71404, 0xb6f4399a, 0x13f6a808, 0x980198c5, 0x644d61f9, 0x8a42f0f6, 0x010e090b, 0x82040005, 0x9e630001, 0xc3a9877f, 
    0x796c8d47, 0x94f96cf6, 0x0f245e4c, 0xb216ae83, 0x619737bf, 0x1dba9bc2, 0x3802fd73, 0x85f5610f, 0xa2036f9d, 0x8d06ae94, 0xbaf31543, 0xb7263393, 
    0x36f45a57, 0xe1f6b6bc, 0x94b9ab75, 0xc620273e, 0x1bbf43ae, 0x98fc5a81, 0xc956670e, 0x147d8f7c, 0xda70be86, 0xa762a001, 0x5f8ca2b3, 0x36052adc, 
    0x5e47e411, 0x793e994f, 0x3649c960, 0x48734df1, 0x29b4ca3e, 0xf122d51b, 0x605182a4, 0x12048bd8, 0xa6e691c1, 0xa9ab5320, 0x45bbc647, 0x03670574, 
    0x40b07fa5, 0x5c2f99c6, 0xf8f8c874, 0x9136593f, 0xd730cd39, 0x323ff77f, 0xfd26b406, 0x65696177, 0x3edce0df, 0xc404f9ea, 0x3fc4549c, 0x77b0fce6, 
    0x9382a59a, 0x1f579827, 0x3944d597, 0x4c616e10, 0x8e16f64a, 0x0c5d261b, 0xfbc9280b, 0x14142330, 0x171defd5, 0xdab1bf91, 0xe40ef3df, 0xa0fd7fb0, 
    0xeeaa9a6e, 0x776139b9, 0x82a11f82, 0x82307402, 0x3d417002, 0x31062409, 0x82610282, 0x025d2712, 0x81300101, 0x0c5630d6, 0x12f156d0, 0x305da023, 
    0x09014118, 0x0b310322, 0x07230c88, 0x881c3001, 0x0509320c, 0x0d170f31, 0x39303131, 0x34313232, 0x39343535, 0x1077425a, 0xd4d2ac33, 0xf54571d3, 
    0xdbab1b9e, 0x3cc42fb3, 0x21e869e2, 0x127742a3, 0x134e0109, 0xc91a04b5, 0x26bc353c, 0x6b279142, 0x1fd6d3cf, 0x14f12e9e, 0xeb943ac4, 0x884999bf, 
    0x506c4012, 0x19c244ed, 0x35897d14, 0xe6b16a1a, 0x52256956, 0xaaa0f2db, 0x84ef95e4, 0x42026740, 0xffb23db3, 0x753bbea4, 0xa083f4ec, 0x30ab4a2d, 
    0x71ba317d, 0x3bea4878, 0xe483a100, 0x4f49820f, 0xccafc637, 0x239c7910, 0x159572a7, 0x92f143e7, 0x2f1dd5b5, 0x233130bd, 0x1cb3c8a0, 0xcf77d1b9, 
    0x61b305b7, 0xf72f2fa5, 0xd762debb, 0x9b1f6fab, 0x29cd5c84, 0x6ab5af27, 0xa60b7931, 0x0050dfb4, 0x88817662, 0x246b3acc, 0x069ded85, 0x8e1474be, 
    0xb1f1bf5e, 0xb83adead, 0xa506ea7d, 0xa6b5cccc, 0x0f4524f5, 0x4752a82f, 0x13c09b95, 0xa582a3cc, 0x78311fee, 0x2c82d56f, 0x5fdb4d12, 0x39776fbf, 
    0xa29c6c37, 0xb9027c50, 0x309efaa8, 0xd393a9c2, 0xb88c7629, 0xa8bb030b, 0x2b5e4673, 0xa01d88f8, 0x00008ac1, 0xe9d3fa05, 0x00003d95, 
};

